target,grouped,description,exist_value,slot,decrypted
01050002924,010-5000-2924,original,1.0000000004172072,0,1.8369349443135055e-11
01050002924,010-5000-2924,original,1.0000000004172072,1,-1.9402665678224764e-11
01050002924,010-5000-2924,original,1.0000000004172072,2,-2.739480552492334e-10
01050002924,010-5000-2924,original,1.0000000004172072,3,-3.465774915390875e-11
01050002924,010-5000-2924,original,1.0000000004172072,4,1.0391175059449736e-10
01050002924,010-5000-2924,original,1.0000000004172072,5,1.802476900031796e-12
01050002924,010-5000-2924,original,1.0000000004172072,6,-1.3150433180537712e-11
01050002924,010-5000-2924,original,1.0000000004172072,7,1.4094534889043991e-10
01050002924,010-5000-2924,original,1.0000000004172072,8,2.2495969967323652e-10
01050002924,010-5000-2924,original,1.0000000004172072,9,6.715916549109964e-11
01050002924,010-5000-2924,original,1.0000000004172072,10,-6.512916433753156e-11
01050002924,010-5000-2924,original,1.0000000004172072,11,2.2507408233515998e-10
01050002924,010-5000-2924,original,1.0000000004172072,12,-1.8280578565766967e-11
01050002924,010-5000-2924,original,1.0000000004172072,13,2.788427540382279e-10
01050002924,010-5000-2924,original,1.0000000004172072,14,-1.0637233499401141e-10
01050002924,010-5000-2924,original,1.0000000004172072,15,-4.119356926917083e-11
01050002924,010-5000-2924,original,1.0000000004172072,16,-2.495466647818492e-10
01050002924,010-5000-2924,original,1.0000000004172072,17,-6.9393033239489394e-12
01050002924,010-5000-2924,original,1.0000000004172072,18,1.1497613462211066e-11
01050002924,010-5000-2924,original,1.0000000004172072,19,-4.2424930403583557e-11
01050002924,010-5000-2924,original,1.0000000004172072,20,-1.0772986561829581e-10
01050002924,010-5000-2924,original,1.0000000004172072,21,-8.889124158433403e-11
01050002924,010-5000-2924,original,1.0000000004172072,22,1.8693785295494055e-10
01050002924,010-5000-2924,original,1.0000000004172072,23,8.3322378683322e-11
01050002924,010-5000-2924,original,1.0000000004172072,24,-5.176508260510567e-10
01050002924,010-5000-2924,original,1.0000000004172072,25,1.0103180882136686e-10
01050002924,010-5000-2924,original,1.0000000004172072,26,2.0306433325366732e-10
01050002924,010-5000-2924,original,1.0000000004172072,27,-6.743162056064894e-11
01050002924,010-5000-2924,original,1.0000000004172072,28,9.185049533601892e-11
01050002924,010-5000-2924,original,1.0000000004172072,29,8.550911596252379e-11
01050002924,010-5000-2924,original,1.0000000004172072,30,-3.275922828943696e-10
01050002924,010-5000-2924,original,1.0000000004172072,31,-2.019455089163047e-10
01050002924,010-5000-2924,original,1.0000000004172072,32,-1.1018496161933956e-10
01050002924,010-5000-2924,original,1.0000000004172072,33,-2.855508308875644e-10
01050002924,010-5000-2924,original,1.0000000004172072,34,1.435411953562982e-10
01050002924,010-5000-2924,original,1.0000000004172072,35,4.6423235412710205e-11
01050002924,010-5000-2924,original,1.0000000004172072,36,-1.2345914704278156e-10
01050002924,010-5000-2924,original,1.0000000004172072,37,-1.1505232592993407e-11
01050002924,010-5000-2924,original,1.0000000004172072,38,9.921406880930887e-11
01050002924,010-5000-2924,original,1.0000000004172072,39,4.354586495173257e-11
01050002924,010-5000-2924,original,1.0000000004172072,40,-6.337044547523399e-11
01050002924,010-5000-2924,original,1.0000000004172072,41,-1.0076460248330287e-11
01050002924,010-5000-2924,original,1.0000000004172072,42,1.988054617369699e-10
01050002924,010-5000-2924,original,1.0000000004172072,43,-1.715306808897297e-12
01050002924,010-5000-2924,original,1.0000000004172072,44,2.0606582437525335e-12
01050002924,010-5000-2924,original,1.0000000004172072,45,2.2869085485942916e-10
01050002924,010-5000-2924,original,1.0000000004172072,46,1.6310977399250783e-11
01050002924,010-5000-2924,original,1.0000000004172072,47,-1.2488560537045753e-10
01050002924,010-5000-2924,original,1.0000000004172072,48,-2.513052804887742e-11
01050002924,010-5000-2924,original,1.0000000004172072,49,2.0169135107547785e-11
01050002924,010-5000-2924,original,1.0000000004172072,50,3.915433494835679e-10
01050002924,010-5000-2924,original,1.0000000004172072,51,-6.103445278853111e-11
01050002924,010-5000-2924,original,1.0000000004172072,52,6.141533604760061e-11
01050002924,010-5000-2924,original,1.0000000004172072,53,-3.977382843462434e-11
01050002924,010-5000-2924,original,1.0000000004172072,54,6.557117431048791e-11
01050002924,010-5000-2924,original,1.0000000004172072,55,2.595854351719465e-12
01050002924,010-5000-2924,original,1.0000000004172072,56,9.646519906303404e-11
01050002924,010-5000-2924,original,1.0000000004172072,57,-3.7801680127010367e-11
01050002924,010-5000-2924,original,1.0000000004172072,58,5.1762723219056076e-11
01050002924,010-5000-2924,original,1.0000000004172072,59,1.4088075759109016e-10
01050002924,010-5000-2924,original,1.0000000004172072,60,7.164847284371802e-11
01050002924,010-5000-2924,original,1.0000000004172072,61,9.211950382630169e-11
01050002924,010-5000-2924,original,1.0000000004172072,62,-7.340682386277415e-11
01050002924,010-5000-2924,original,1.0000000004172072,63,4.712078601290796e-12
01050002924,010-5000-2924,original,1.0000000004172072,64,-1.2882695937512136e-10
01050002924,010-5000-2924,original,1.0000000004172072,65,1.356272482259763e-10
01050002924,010-5000-2924,original,1.0000000004172072,66,1.9506072729975633e-11
01050002924,010-5000-2924,original,1.0000000004172072,67,1.5539188726571774e-11
01050002924,010-5000-2924,original,1.0000000004172072,68,1.7006169134676125e-10
01050002924,010-5000-2924,original,1.0000000004172072,69,1.2119771517897646e-10
01050002924,010-5000-2924,original,1.0000000004172072,70,-3.4988585994070076e-11
01050002924,010-5000-2924,original,1.0000000004172072,71,3.7511626860302814e-11
01050002924,010-5000-2924,original,1.0000000004172072,72,1.0118239682709523e-11
01050002924,010-5000-2924,original,1.0000000004172072,73,-4.796311924888691e-11
01050002924,010-5000-2924,original,1.0000000004172072,74,1.2465368440396804e-10
01050002924,010-5000-2924,original,1.0000000004172072,75,-4.175080421720147e-11
01050002924,010-5000-2924,original,1.0000000004172072,76,-1.5546987721550447e-10
01050002924,010-5000-2924,original,1.0000000004172072,77,3.763366310292004e-12
01050002924,010-5000-2924,original,1.0000000004172072,78,4.75938246090254e-10
01050002924,010-5000-2924,original,1.0000000004172072,79,3.044329577153863e-10
01050002924,010-5000-2924,original,1.0000000004172072,80,-1.6765695578477266e-10
01050002924,010-5000-2924,original,1.0000000004172072,81,1.6189884402392486e-11
01050002924,010-5000-2924,original,1.0000000004172072,82,-3.1138856791521865e-11
01050002924,010-5000-2924,original,1.0000000004172072,83,3.6096290394563434e-11
01050002924,010-5000-2924,original,1.0000000004172072,84,1.6527845197932375e-11
01050002924,010-5000-2924,original,1.0000000004172072,85,5.0299667312207475e-11
01050002924,010-5000-2924,original,1.0000000004172072,86,2.1731184654179228e-10
01050002924,010-5000-2924,original,1.0000000004172072,87,-4.198090313752543e-11
01050002924,010-5000-2924,original,1.0000000004172072,88,-9.94964570675157e-11
01050002924,010-5000-2924,original,1.0000000004172072,89,1.5171282987467033e-11
01050002924,010-5000-2924,original,1.0000000004172072,90,-4.448584077694262e-11
01050002924,010-5000-2924,original,1.0000000004172072,91,1.1370723669088532e-10
01050002924,010-5000-2924,original,1.0000000004172072,92,1.9717651161615903e-10
01050002924,010-5000-2924,original,1.0000000004172072,93,2.149520067689475e-10
01050002924,010-5000-2924,original,1.0000000004172072,94,-3.459832839665197e-11
01050002924,010-5000-2924,original,1.0000000004172072,95,-1.9643470274174604e-10
01050002924,010-5000-2924,original,1.0000000004172072,96,1.1730927642926846e-10
01050002924,010-5000-2924,original,1.0000000004172072,97,-3.266745057391608e-10
01050002924,010-5000-2924,original,1.0000000004172072,98,-1.1619716870765202e-10
01050002924,010-5000-2924,original,1.0000000004172072,99,-7.276246093423002e-11
01050002924,010-5000-2924,original,1.0000000004172072,100,1.4244642094335362e-10
01050002924,010-5000-2924,original,1.0000000004172072,101,-2.4777903268948136e-11
01050002924,010-5000-2924,original,1.0000000004172072,102,4.803541428956694e-10
01050002924,010-5000-2924,original,1.0000000004172072,103,4.201461982772544e-10
01050002924,010-5000-2924,original,1.0000000004172072,104,4.681894224594278e-11
01050002924,010-5000-2924,original,1.0000000004172072,105,-3.838145633381966e-11
01050002924,010-5000-2924,original,1.0000000004172072,106,5.724968924310547e-12
01050002924,010-5000-2924,original,1.0000000004172072,107,5.118494387736607e-11
01050002924,010-5000-2924,original,1.0000000004172072,108,4.9368415180049906e-11
01050002924,010-5000-2924,original,1.0000000004172072,109,4.565224121624803e-11
01050002924,010-5000-2924,original,1.0000000004172072,110,-3.56085940414267e-11
01050002924,010-5000-2924,original,1.0000000004172072,111,-8.580597408731425e-11
01050002924,010-5000-2924,original,1.0000000004172072,112,6.207430543686538e-11
01050002924,010-5000-2924,original,1.0000000004172072,113,5.9897713618541725e-12
01050002924,010-5000-2924,original,1.0000000004172072,114,7.688583585219108e-11
01050002924,010-5000-2924,original,1.0000000004172072,115,-2.382006507433984e-11
01050002924,010-5000-2924,original,1.0000000004172072,116,7.095781357345785e-11
01050002924,010-5000-2924,original,1.0000000004172072,117,1.5213197008096072e-10
01050002924,010-5000-2924,original,1.0000000004172072,118,3.5673084114058594e-10
01050002924,010-5000-2924,original,1.0000000004172072,119,-3.133323410435507e-10
01050002924,010-5000-2924,original,1.0000000004172072,120,-1.2804884871696228e-10
01050002924,010-5000-2924,original,1.0000000004172072,121,-1.4001285254513225e-10
01050002924,010-5000-2924,original,1.0000000004172072,122,-1.7888703940116434e-10
01050002924,010-5000-2924,original,1.0000000004172072,123,2.2560866209434906e-11
01050002924,010-5000-2924,original,1.0000000004172072,124,-6.378905763637101e-11
01050002924,010-5000-2924,original,1.0000000004172072,125,1.24364845018395e-10
01050002924,010-5000-2924,original,1.0000000004172072,126,-6.324642731933897e-11
01050002924,010-5000-2924,original,1.0000000004172072,127,5.991082799900466e-11
01050002924,010-5000-2924,original,1.0000000004172072,128,1.4310627032397246e-10
01050002924,010-5000-2924,original,1.0000000004172072,129,-8.340489367791054e-11
01050002924,010-5000-2924,original,1.0000000004172072,130,2.463037012867631e-11
01050002924,010-5000-2924,original,1.0000000004172072,131,1.450997522391673e-10
01050002924,010-5000-2924,original,1.0000000004172072,132,2.87550734604902e-11
01050002924,010-5000-2924,original,1.0000000004172072,133,2.9427356161769917e-11
01050002924,010-5000-2924,original,1.0000000004172072,134,-3.3815680716147747e-10
01050002924,010-5000-2924,original,1.0000000004172072,135,3.710125988733815e-11
01050002924,010-5000-2924,original,1.0000000004172072,136,4.097176452201037e-11
01050002924,010-5000-2924,original,1.0000000004172072,137,-6.48316673296846e-11
01050002924,010-5000-2924,original,1.0000000004172072,138,-7.002570818690085e-11
01050002924,010-5000-2924,original,1.0000000004172072,139,-8.495162249212858e-11
01050002924,010-5000-2924,original,1.0000000004172072,140,1.0619917559644025e-10
01050002924,010-5000-2924,original,1.0000000004172072,141,2.1721585732993413e-10
01050002924,010-5000-2924,original,1.0000000004172072,142,0.9999997084876169
01050002924,010-5000-2924,original,1.0000000004172072,143,0.9999996891602227
01050002924,010-5000-2924,original,1.0000000004172072,144,0.9999996981998597
01050002924,010-5000-2924,original,1.0000000004172072,145,0.9999996809332954
01050002924,010-5000-2924,original,1.0000000004172072,146,0.9999996894679188
01050002924,010-5000-2924,original,1.0000000004172072,147,0.9999996382715524
01050002924,010-5000-2924,original,1.0000000004172072,148,0.9999996978790027
01050002924,010-5000-2924,original,1.0000000004172072,149,0.9999996911499467
01050002924,010-5000-2924,original,1.0000000004172072,150,-1.7254421452064782e-11
01050002924,010-5000-2924,original,1.0000000004172072,151,-3.740835213267852e-11
01050002924,010-5000-2924,original,1.0000000004172072,152,-1.2204727573156248e-10
01050002924,010-5000-2924,original,1.0000000004172072,153,-1.8527536729935162e-10
01050002924,010-5000-2924,original,1.0000000004172072,154,-1.997244803686799e-11
01050002924,010-5000-2924,original,1.0000000004172072,155,9.358017438237692e-11
01050002924,010-5000-2924,original,1.0000000004172072,156,0.9999996861417726
01050002924,010-5000-2924,original,1.0000000004172072,157,-5.386932726670674e-11
01050002924,010-5000-2924,original,1.0000000004172072,158,2.481242958647806e-10
01050002924,010-5000-2924,original,1.0000000004172072,159,1.6350570441879547e-11
01050002924,010-5000-2924,original,1.0000000004172072,160,0.9999996829086312
01050002924,010-5000-2924,original,1.0000000004172072,161,-5.8225298056470285e-12
01050002924,010-5000-2924,original,1.0000000004172072,162,3.2480051121313285e-11
01050002924,010-5000-2924,original,1.0000000004172072,163,0.99999969024652
01050002924,010-5000-2924,original,1.0000000004172072,164,0.9999996954750052
01050002924,010-5000-2924,original,1.0000000004172072,165,-4.172063861498237e-11
01050002924,010-5000-2924,original,1.0000000004172072,166,-6.823555215985235e-11
01050002924,010-5000-2924,original,1.0000000004172072,167,2.787059708309393e-10
01050002924,010-5000-2924,original,1.0000000004172072,168,3.6237822382932684e-12
01050002924,010-5000-2924,original,1.0000000004172072,169,-1.3795814280525478e-10
01050002924,010-5000-2924,original,1.0000000004172072,170,-2.2261052534689265e-10
01050002924,010-5000-2924,original,1.0000000004172072,171,-6.849633095722454e-11
01050002924,010-5000-2924,original,1.0000000004172072,172,5.4706776592250246e-11
01050002924,010-5000-2924,original,1.0000000004172072,173,8.225770984903147e-11
01050002924,010-5000-2924,original,1.0000000004172072,174,-4.904159957159881e-11
01050002924,010-5000-2924,original,1.0000000004172072,175,-3.8676824736615866e-10
01050002924,010-5000-2924,original,1.0000000004172072,176,-1.0173369243601532e-10
01050002924,010-5000-2924,original,1.0000000004172072,177,2.2096899869317807e-10
01050002924,010-5000-2924,original,1.0000000004172072,178,1.4256047889275572e-10
01050002924,010-5000-2924,original,1.0000000004172072,179,3.4896617917468373e-10
01050002924,010-5000-2924,original,1.0000000004172072,180,5.890766480085502e-11
01050002924,010-5000-2924,original,1.0000000004172072,181,9.41484352947685e-12
01050002924,010-5000-2924,original,1.0000000004172072,182,1.189658494576925e-11
01050002924,010-5000-2924,original,1.0000000004172072,183,2.5074014408119583e-10
01050002924,010-5000-2924,original,1.0000000004172072,184,-7.223379478024814e-12
01050002924,010-5000-2924,original,1.0000000004172072,185,2.484713806753214e-11
01050002924,010-5000-2924,original,1.0000000004172072,186,-4.9100083636562146e-11
01050002924,010-5000-2924,original,1.0000000004172072,187,-6.828493830220585e-11
01050002924,010-5000-2924,original,1.0000000004172072,188,6.713211123521377e-11
01050002924,010-5000-2924,original,1.0000000004172072,189,2.542683395174579e-10
01050002924,010-5000-2924,original,1.0000000004172072,190,8.735744698096022e-11
01050002924,010-5000-2924,original,1.0000000004172072,191,-6.85803437746096e-11
01050002924,010-5000-2924,original,1.0000000004172072,192,1.3439436033325822e-10
01050002924,010-5000-2924,original,1.0000000004172072,193,2.5281964816606474e-10
01050002924,010-5000-2924,original,1.0000000004172072,194,2.817808050637812e-11
01050002924,010-5000-2924,original,1.0000000004172072,195,1.6685821748937877e-11
01050002924,010-5000-2924,original,1.0000000004172072,196,-1.6870292238764213e-11
01050002924,010-5000-2924,original,1.0000000004172072,197,-2.8065861135113796e-10
01050002924,010-5000-2924,original,1.0000000004172072,198,8.605123156330096e-11
01050002924,010-5000-2924,original,1.0000000004172072,199,-2.0063374084487992e-10
01050002924,010-5000-2924,original,1.0000000004172072,200,6.995747557277108e-11
01050002924,010-5000-2924,original,1.0000000004172072,201,-7.622062316285148e-11
01050002924,010-5000-2924,original,1.0000000004172072,202,3.928338894291351e-10
01050002924,010-5000-2924,original,1.0000000004172072,203,-4.8941675513321455e-11
01050002925,010-5000-2925,"one digit, last group",-9.518927185601093e-11,0,7.936975126708948e-11
01050002925,010-5000-2925,"one digit, last group",-9.518927185601093e-11,1,-1.691114578556127e-11
01050002925,010-5000-2925,"one digit, last group",-9.518927185601093e-11,2,2.1855993833832118e-10
01050002925,010-5000-2925,"one digit, last group",-9.518927185601093e-11,3,-5.040475023276573e-11
01050002925,010-5000-2925,"one digit, last group",-9.518927185601093e-11,4,-7.628023840065407e-11
01050002925,010-5000-2925,"one digit, last group",-9.518927185601093e-11,5,4.749342072973694e-10
01050002925,010-5000-2925,"one digit, last group",-9.518927185601093e-11,6,1.383986061811086e-10
01050002925,010-5000-2925,"one digit, last group",-9.518927185601093e-11,7,1.6673669258807895e-10
01050002925,010-5000-2925,"one digit, last group",-9.518927185601093e-11,8,-5.282560759863959e-10
01050002925,010-5000-2925,"one digit, last group",-9.518927185601093e-11,9,5.689642249973395e-11
01050002925,010-5000-2925,"one digit, last group",-9.518927185601093e-11,10,2.954318041144104e-12
01050002925,010-5000-2925,"one digit, last group",-9.518927185601093e-11,11,3.6284485150334964e-10
01050002925,010-5000-2925,"one digit, last group",-9.518927185601093e-11,12,-3.760703065992219e-10
01050002925,010-5000-2925,"one digit, last group",-9.518927185601093e-11,13,-2.0381173570380039e-10
01050002925,010-5000-2925,"one digit, last group",-9.518927185601093e-11,14,-7.875088740126833e-11
01050002925,010-5000-2925,"one digit, last group",-9.518927185601093e-11,15,5.1162707701364386e-11
01050002925,010-5000-2925,"one digit, last group",-9.518927185601093e-11,16,1.0732821955693161e-10
01050002925,010-5000-2925,"one digit, last group",-9.518927185601093e-11,17,4.238295705773304e-10
01050002925,010-5000-2925,"one digit, last group",-9.518927185601093e-11,18,-3.178135994570326e-10
01050002925,010-5000-2925,"one digit, last group",-9.518927185601093e-11,19,-1.227225520888152e-10
01050002925,010-5000-2925,"one digit, last group",-9.518927185601093e-11,20,3.984631618239373e-11
01050002925,010-5000-2925,"one digit, last group",-9.518927185601093e-11,21,1.0439698238141492e-10
01050002925,010-5000-2925,"one digit, last group",-9.518927185601093e-11,22,-1.2053985312449437e-10
01050002925,010-5000-2925,"one digit, last group",-9.518927185601093e-11,23,-4.502112457305384e-11
01050002925,010-5000-2925,"one digit, last group",-9.518927185601093e-11,24,-1.775168305752042e-10
01050002925,010-5000-2925,"one digit, last group",-9.518927185601093e-11,25,-9.809317707269969e-11
01050002925,010-5000-2925,"one digit, last group",-9.518927185601093e-11,26,1.043098394120191e-10
01050002925,010-5000-2925,"one digit, last group",-9.518927185601093e-11,27,-1.794980214974074e-10
01050002925,010-5000-2925,"one digit, last group",-9.518927185601093e-11,28,-3.269891628523678e-11
01050002925,010-5000-2925,"one digit, last group",-9.518927185601093e-11,29,4.766589681867736e-11
01050002925,010-5000-2925,"one digit, last group",-9.518927185601093e-11,30,-7.388943165866422e-11
01050002925,010-5000-2925,"one digit, last group",-9.518927185601093e-11,31,2.1767353398241185e-11
01050002925,010-5000-2925,"one digit, last group",-9.518927185601093e-11,32,-1.98252339529977e-11
01050002925,010-5000-2925,"one digit, last group",-9.518927185601093e-11,33,3.9000960741407903e-10
01050002925,010-5000-2925,"one digit, last group",-9.518927185601093e-11,34,-7.291368574739841e-11
01050002925,010-5000-2925,"one digit, last group",-9.518927185601093e-11,35,3.433203974666213e-11
01050002925,010-5000-2925,"one digit, last group",-9.518927185601093e-11,36,3.5929133297958376e-11
01050002925,010-5000-2925,"one digit, last group",-9.518927185601093e-11,37,1.0555150490097846e-10
01050002925,010-5000-2925,"one digit, last group",-9.518927185601093e-11,38,2.567655310077256e-11
01050002925,010-5000-2925,"one digit, last group",-9.518927185601093e-11,39,5.3605406986787316e-11
01050002925,010-5000-2925,"one digit, last group",-9.518927185601093e-11,40,-1.263481231527894e-10
01050002925,010-5000-2925,"one digit, last group",-9.518927185601093e-11,41,-1.0036721224212752e-10
01050002925,010-5000-2925,"one digit, last group",-9.518927185601093e-11,42,1.033416442528994e-11
01050002925,010-5000-2925,"one digit, last group",-9.518927185601093e-11,43,-7.261863397639949e-12
01050002925,010-5000-2925,"one digit, last group",-9.518927185601093e-11,44,-1.2044222721889664e-11
01050002925,010-5000-2925,"one digit, last group",-9.518927185601093e-11,45,4.2634372481192177e-10
01050002925,010-5000-2925,"one digit, last group",-9.518927185601093e-11,46,-6.983593144221996e-11
01050002925,010-5000-2925,"one digit, last group",-9.518927185601093e-11,47,2.1713632919434028e-10
01050002925,010-5000-2925,"one digit, last group",-9.518927185601093e-11,48,2.448421015296163e-10
01050002925,010-5000-2925,"one digit, last group",-9.518927185601093e-11,49,-3.883215293097138e-11
01050002925,010-5000-2925,"one digit, last group",-9.518927185601093e-11,50,4.798261443262347e-11
01050002925,010-5000-2925,"one digit, last group",-9.518927185601093e-11,51,-2.7737372643178545e-11
01050002925,010-5000-2925,"one digit, last group",-9.518927185601093e-11,52,8.070897141068192e-11
01050002925,010-5000-2925,"one digit, last group",-9.518927185601093e-11,53,5.5415130075098456e-11
01050002925,010-5000-2925,"one digit, last group",-9.518927185601093e-11,54,-3.027145645719022e-11
01050002925,010-5000-2925,"one digit, last group",-9.518927185601093e-11,55,-5.927751777942555e-11
01050002925,010-5000-2925,"one digit, last group",-9.518927185601093e-11,56,-1.3139585803727339e-10
01050002925,010-5000-2925,"one digit, last group",-9.518927185601093e-11,57,-1.3629153674347858e-11
01050002925,010-5000-2925,"one digit, last group",-9.518927185601093e-11,58,6.587196388575943e-11
01050002925,010-5000-2925,"one digit, last group",-9.518927185601093e-11,59,2.449597203603021e-10
01050002925,010-5000-2925,"one digit, last group",-9.518927185601093e-11,60,-9.702031549991029e-11
01050002925,010-5000-2925,"one digit, last group",-9.518927185601093e-11,61,-1.1369143782046716e-11
01050002925,010-5000-2925,"one digit, last group",-9.518927185601093e-11,62,1.6290651300184167e-10
01050002925,010-5000-2925,"one digit, last group",-9.518927185601093e-11,63,3.1058280970638705e-10
01050002925,010-5000-2925,"one digit, last group",-9.518927185601093e-11,64,1.128733852264781e-10
01050002925,010-5000-2925,"one digit, last group",-9.518927185601093e-11,65,5.81780513695595e-12
01050002925,010-5000-2925,"one digit, last group",-9.518927185601093e-11,66,9.88253044546307e-11
01050002925,010-5000-2925,"one digit, last group",-9.518927185601093e-11,67,-1.9742163102823384e-10
01050002925,010-5000-2925,"one digit, last group",-9.518927185601093e-11,68,-5.128231513952071e-11
01050002925,010-5000-2925,"one digit, last group",-9.518927185601093e-11,69,-1.3620406813228989e-10
01050002925,010-5000-2925,"one digit, last group",-9.518927185601093e-11,70,1.2920938770720008e-10
01050002925,010-5000-2925,"one digit, last group",-9.518927185601093e-11,71,1.4080554031966026e-10
01050002925,010-5000-2925,"one digit, last group",-9.518927185601093e-11,72,-9.089159074614551e-12
01050002925,010-5000-2925,"one digit, last group",-9.518927185601093e-11,73,-3.1700938894547394e-11
01050002925,010-5000-2925,"one digit, last group",-9.518927185601093e-11,74,2.798150135967227e-10
01050002925,010-5000-2925,"one digit, last group",-9.518927185601093e-11,75,5.707352867872223e-11
01050002925,010-5000-2925,"one digit, last group",-9.518927185601093e-11,76,3.2350423301562336e-11
01050002925,010-5000-2925,"one digit, last group",-9.518927185601093e-11,77,-7.708012683820824e-13
01050002925,010-5000-2925,"one digit, last group",-9.518927185601093e-11,78,4.713227023795165e-10
01050002925,010-5000-2925,"one digit, last group",-9.518927185601093e-11,79,1.7700495359848355e-11
01050002925,010-5000-2925,"one digit, last group",-9.518927185601093e-11,80,7.937589609686202e-11
01050002925,010-5000-2925,"one digit, last group",-9.518927185601093e-11,81,-1.5611477010804265e-10
01050002925,010-5000-2925,"one digit, last group",-9.518927185601093e-11,82,-4.446988584658318e-10
01050002925,010-5000-2925,"one digit, last group",-9.518927185601093e-11,83,8.072802370154464e-12
01050002925,010-5000-2925,"one digit, last group",-9.518927185601093e-11,84,5.2188998696990455e-11
01050002925,010-5000-2925,"one digit, last group",-9.518927185601093e-11,85,1.498861847554335e-11
01050002925,010-5000-2925,"one digit, last group",-9.518927185601093e-11,86,4.984776881456248e-10
01050002925,010-5000-2925,"one digit, last group",-9.518927185601093e-11,87,-1.423316055596714e-10
01050002925,010-5000-2925,"one digit, last group",-9.518927185601093e-11,88,1.1727580487230007e-10
01050002925,010-5000-2925,"one digit, last group",-9.518927185601093e-11,89,1.1368704229128789e-10
01050002925,010-5000-2925,"one digit, last group",-9.518927185601093e-11,90,-6.598705567121546e-11
01050002925,010-5000-2925,"one digit, last group",-9.518927185601093e-11,91,-5.768054055128038e-11
01050002925,010-5000-2925,"one digit, last group",-9.518927185601093e-11,92,2.5132481841059627e-10
01050002925,010-5000-2925,"one digit, last group",-9.518927185601093e-11,93,2.0086827379309165e-12
01050002925,010-5000-2925,"one digit, last group",-9.518927185601093e-11,94,7.408970913491148e-11
01050002925,010-5000-2925,"one digit, last group",-9.518927185601093e-11,95,7.52713302577814e-11
01050002925,010-5000-2925,"one digit, last group",-9.518927185601093e-11,96,2.765299286563678e-10
01050002925,010-5000-2925,"one digit, last group",-9.518927185601093e-11,97,4.564223777912552e-11
01050002925,010-5000-2925,"one digit, last group",-9.518927185601093e-11,98,-4.8605439251464565e-11
01050002925,010-5000-2925,"one digit, last group",-9.518927185601093e-11,99,3.42611586751883e-11
01050002925,010-5000-2925,"one digit, last group",-9.518927185601093e-11,100,1.6358472929235494e-10
01050002925,010-5000-2925,"one digit, last group",-9.518927185601093e-11,101,-7.654381352671762e-11
01050002925,010-5000-2925,"one digit, last group",-9.518927185601093e-11,102,-1.570858984233909e-10
01050002925,010-5000-2925,"one digit, last group",-9.518927185601093e-11,103,-1.2149708155441507e-10
01050002925,010-5000-2925,"one digit, last group",-9.518927185601093e-11,104,3.2345837346728084e-10
01050002925,010-5000-2925,"one digit, last group",-9.518927185601093e-11,105,-3.498146755072022e-11
01050002925,010-5000-2925,"one digit, last group",-9.518927185601093e-11,106,1.3774673746414406e-10
01050002925,010-5000-2925,"one digit, last group",-9.518927185601093e-11,107,1.8713408740443005e-10
01050002925,010-5000-2925,"one digit, last group",-9.518927185601093e-11,108,1.5761880039125901e-10
01050002925,010-5000-2925,"one digit, last group",-9.518927185601093e-11,109,-1.1192903932163385e-10
01050002925,010-5000-2925,"one digit, last group",-9.518927185601093e-11,110,2.5560430782107567e-10
01050002925,010-5000-2925,"one digit, last group",-9.518927185601093e-11,111,1.7886792020786915e-11
01050002925,010-5000-2925,"one digit, last group",-9.518927185601093e-11,112,3.694596126806461e-11
01050002925,010-5000-2925,"one digit, last group",-9.518927185601093e-11,113,5.022605364579442e-12
01050002925,010-5000-2925,"one digit, last group",-9.518927185601093e-11,114,6.804932654532392e-11
01050002925,010-5000-2925,"one digit, last group",-9.518927185601093e-11,115,-3.179777938831645e-12
01050002925,010-5000-2925,"one digit, last group",-9.518927185601093e-11,116,-5.6876716566473814e-11
01050002925,010-5000-2925,"one digit, last group",-9.518927185601093e-11,117,-1.1965104874702904e-10
01050002925,010-5000-2925,"one digit, last group",-9.518927185601093e-11,118,1.7884694237772918e-11
01050002925,010-5000-2925,"one digit, last group",-9.518927185601093e-11,119,-3.0106211494068495e-12
01050002925,010-5000-2925,"one digit, last group",-9.518927185601093e-11,120,5.6363512112783244e-11
01050002925,010-5000-2925,"one digit, last group",-9.518927185601093e-11,121,9.227092056028293e-11
01050002925,010-5000-2925,"one digit, last group",-9.518927185601093e-11,122,3.305120925929452e-10
01050002925,010-5000-2925,"one digit, last group",-9.518927185601093e-11,123,-3.595923554483298e-12
01050002925,010-5000-2925,"one digit, last group",-9.518927185601093e-11,124,-4.941107668831313e-10
01050002925,010-5000-2925,"one digit, last group",-9.518927185601093e-11,125,-1.0369795088313091e-10
01050002925,010-5000-2925,"one digit, last group",-9.518927185601093e-11,126,-8.618879662869591e-11
01050002925,010-5000-2925,"one digit, last group",-9.518927185601093e-11,127,4.5722978539343226e-11
01050002925,010-5000-2925,"one digit, last group",-9.518927185601093e-11,128,-9.50944017476767e-11
01050002925,010-5000-2925,"one digit, last group",-9.518927185601093e-11,129,1.602014908244828e-10
01050002925,010-5000-2925,"one digit, last group",-9.518927185601093e-11,130,1.8787779338163685e-11
01050002925,010-5000-2925,"one digit, last group",-9.518927185601093e-11,131,-3.574513670690789e-11
01050002925,010-5000-2925,"one digit, last group",-9.518927185601093e-11,132,-2.6600649163475314e-11
01050002925,010-5000-2925,"one digit, last group",-9.518927185601093e-11,133,5.688780879632573e-11
01050002925,010-5000-2925,"one digit, last group",-9.518927185601093e-11,134,-1.1062523566541198e-10
01050002925,010-5000-2925,"one digit, last group",-9.518927185601093e-11,135,2.0391347782017169e-10
01050002925,010-5000-2925,"one digit, last group",-9.518927185601093e-11,136,3.2056200309791554e-11
01050002925,010-5000-2925,"one digit, last group",-9.518927185601093e-11,137,4.290720671901575e-11
01050002925,010-5000-2925,"one digit, last group",-9.518927185601093e-11,138,5.7565687670580485e-11
01050002925,010-5000-2925,"one digit, last group",-9.518927185601093e-11,139,-4.718595730359931e-13
01050002925,010-5000-2925,"one digit, last group",-9.518927185601093e-11,140,8.06278367693729e-11
01050002925,010-5000-2925,"one digit, last group",-9.518927185601093e-11,141,1.9518540300092374e-10
01050002925,010-5000-2925,"one digit, last group",-9.518927185601093e-11,142,-1.0811656386123179e-08
01050002925,010-5000-2925,"one digit, last group",-9.518927185601093e-11,143,-2.4102685224252197e-09
01050002925,010-5000-2925,"one digit, last group",-9.518927185601093e-11,144,-2.2464792749469025e-09
01050002925,010-5000-2925,"one digit, last group",-9.518927185601093e-11,145,-5.666403853409005e-10
01050002925,010-5000-2925,"one digit, last group",-9.518927185601093e-11,146,1.4029205717197786e-09
01050002925,010-5000-2925,"one digit, last group",-9.518927185601093e-11,147,2.709470283880142e-09
01050002925,010-5000-2925,"one digit, last group",-9.518927185601093e-11,148,-4.758298477295763e-09
01050002925,010-5000-2925,"one digit, last group",-9.518927185601093e-11,149,2.324794942097297e-09
01050002925,010-5000-2925,"one digit, last group",-9.518927185601093e-11,150,4.2930779588202986e-10
01050002925,010-5000-2925,"one digit, last group",-9.518927185601093e-11,151,4.470119196069105e-11
01050002925,010-5000-2925,"one digit, last group",-9.518927185601093e-11,152,-1.425346088441175e-10
01050002925,010-5000-2925,"one digit, last group",-9.518927185601093e-11,153,-1.9358187903431923e-10
01050002925,010-5000-2925,"one digit, last group",-9.518927185601093e-11,154,-3.9324728448867196e-11
01050002925,010-5000-2925,"one digit, last group",-9.518927185601093e-11,155,2.110122402953041e-11
01050002925,010-5000-2925,"one digit, last group",-9.518927185601093e-11,156,1.5854310015768514e-09
01050002925,010-5000-2925,"one digit, last group",-9.518927185601093e-11,157,3.4528192932613835e-11
01050002925,010-5000-2925,"one digit, last group",-9.518927185601093e-11,158,-1.984481755259828e-11
01050002925,010-5000-2925,"one digit, last group",-9.518927185601093e-11,159,1.6422012583220207e-11
01050002925,010-5000-2925,"one digit, last group",-9.518927185601093e-11,160,2.120830169995859e-09
01050002925,010-5000-2925,"one digit, last group",-9.518927185601093e-11,161,-1.769848457053217e-11
01050002925,010-5000-2925,"one digit, last group",-9.518927185601093e-11,162,6.54426821564567e-11
01050002925,010-5000-2925,"one digit, last group",-9.518927185601093e-11,163,-8.86565809768457e-10
01050002925,010-5000-2925,"one digit, last group",-9.518927185601093e-11,164,-2.8152441526846717e-09
01050002925,010-5000-2925,"one digit, last group",-9.518927185601093e-11,165,-1.7415844017843364e-10
01050002925,010-5000-2925,"one digit, last group",-9.518927185601093e-11,166,-7.026778807353502e-11
01050002925,010-5000-2925,"one digit, last group",-9.518927185601093e-11,167,4.3673911580847725e-10
01050002925,010-5000-2925,"one digit, last group",-9.518927185601093e-11,168,7.545489835254999e-11
01050002925,010-5000-2925,"one digit, last group",-9.518927185601093e-11,169,1.1661867371180524e-10
01050002925,010-5000-2925,"one digit, last group",-9.518927185601093e-11,170,-1.5418790075474654e-10
01050002925,010-5000-2925,"one digit, last group",-9.518927185601093e-11,171,-1.0111435510844174e-10
01050002925,010-5000-2925,"one digit, last group",-9.518927185601093e-11,172,-7.017850780543929e-11
01050002925,010-5000-2925,"one digit, last group",-9.518927185601093e-11,173,1.762077370331086e-10
01050002925,010-5000-2925,"one digit, last group",-9.518927185601093e-11,174,6.738508368004956e-11
01050002925,010-5000-2925,"one digit, last group",-9.518927185601093e-11,175,-3.00301758020242e-11
01050002925,010-5000-2925,"one digit, last group",-9.518927185601093e-11,176,2.7858156369397507e-11
01050002925,010-5000-2925,"one digit, last group",-9.518927185601093e-11,177,1.3286632574706288e-11
01050002925,010-5000-2925,"one digit, last group",-9.518927185601093e-11,178,2.997545985667144e-11
01050002925,010-5000-2925,"one digit, last group",-9.518927185601093e-11,179,-4.998947410518811e-11
01050002925,010-5000-2925,"one digit, last group",-9.518927185601093e-11,180,-2.2118920608023694e-10
01050002925,010-5000-2925,"one digit, last group",-9.518927185601093e-11,181,2.7491297096591207e-11
01050002925,010-5000-2925,"one digit, last group",-9.518927185601093e-11,182,-2.985146930977641e-10
01050002925,010-5000-2925,"one digit, last group",-9.518927185601093e-11,183,5.7047959407771443e-11
01050002925,010-5000-2925,"one digit, last group",-9.518927185601093e-11,184,3.2706356217830466e-11
01050002925,010-5000-2925,"one digit, last group",-9.518927185601093e-11,185,-6.204878655163581e-11
01050002925,010-5000-2925,"one digit, last group",-9.518927185601093e-11,186,6.436370477547193e-11
01050002925,010-5000-2925,"one digit, last group",-9.518927185601093e-11,187,-5.113537226804778e-11
01050002925,010-5000-2925,"one digit, last group",-9.518927185601093e-11,188,1.2600775939569474e-10
01050002925,010-5000-2925,"one digit, last group",-9.518927185601093e-11,189,5.966251308057902e-11
01050002925,010-5000-2925,"one digit, last group",-9.518927185601093e-11,190,8.852252833617699e-11
01050002925,010-5000-2925,"one digit, last group",-9.518927185601093e-11,191,8.463956377808824e-13
01050002925,010-5000-2925,"one digit, last group",-9.518927185601093e-11,192,6.021605662815832e-11
01050002925,010-5000-2925,"one digit, last group",-9.518927185601093e-11,193,1.3234800011737008e-10
01050002925,010-5000-2925,"one digit, last group",-9.518927185601093e-11,194,1.1550357910619976e-11
01050002925,010-5000-2925,"one digit, last group",-9.518927185601093e-11,195,2.959830548711484e-11
01050002925,010-5000-2925,"one digit, last group",-9.518927185601093e-11,196,8.768200109811282e-11
01050002925,010-5000-2925,"one digit, last group",-9.518927185601093e-11,197,2.405090234686994e-10
01050002925,010-5000-2925,"one digit, last group",-9.518927185601093e-11,198,5.546581287497242e-11
01050002925,010-5000-2925,"one digit, last group",-9.518927185601093e-11,199,6.407677463955588e-10
01050002925,010-5000-2925,"one digit, last group",-9.518927185601093e-11,200,2.805197701587152e-11
01050002925,010-5000-2925,"one digit, last group",-9.518927185601093e-11,201,-4.414727140226407e-11
01050002925,010-5000-2925,"one digit, last group",-9.518927185601093e-11,202,3.350309392651667e-10
01050002925,010-5000-2925,"one digit, last group",-9.518927185601093e-11,203,2.0740037791834267e-11
01051009080,010-5100-9080,original,0.9999999996715015,0,-1.9944828205882352e-12
01051009080,010-5100-9080,original,0.9999999996715015,1,-4.984210964305997e-11
01051009080,010-5100-9080,original,0.9999999996715015,2,-1.3051105534385636e-10
01051009080,010-5100-9080,original,0.9999999996715015,3,-4.8450376626074797e-11
01051009080,010-5100-9080,original,0.9999999996715015,4,6.56266866450515e-11
01051009080,010-5100-9080,original,0.9999999996715015,5,1.522862352320404e-10
01051009080,010-5100-9080,original,0.9999999996715015,6,9.046091407714355e-11
01051009080,010-5100-9080,original,0.9999999996715015,7,1.6119012077829326e-10
01051009080,010-5100-9080,original,0.9999999996715015,8,-1.720569274597473e-10
01051009080,010-5100-9080,original,0.9999999996715015,9,4.32744365053228e-11
01051009080,010-5100-9080,original,0.9999999996715015,10,-1.18513274690193e-10
01051009080,010-5100-9080,original,0.9999999996715015,11,4.283761241222859e-11
01051009080,010-5100-9080,original,0.9999999996715015,12,-5.32165228048942e-11
01051009080,010-5100-9080,original,0.9999999996715015,13,-2.5598904129934355e-10
01051009080,010-5100-9080,original,0.9999999996715015,14,-1.0464080864440295e-10
01051009080,010-5100-9080,original,0.9999999996715015,15,-3.350463630618769e-11
01051009080,010-5100-9080,original,0.9999999996715015,16,-1.4327279062076212e-11
01051009080,010-5100-9080,original,0.9999999996715015,17,1.5481571359520338e-10
01051009080,010-5100-9080,original,0.9999999996715015,18,-1.6315007424530664e-10
01051009080,010-5100-9080,original,0.9999999996715015,19,5.040750697690842e-11
01051009080,010-5100-9080,original,0.9999999996715015,20,-4.8329131353172684e-11
01051009080,010-5100-9080,original,0.9999999996715015,21,-8.509382296441473e-11
01051009080,010-5100-9080,original,0.9999999996715015,22,-2.3616407267284956e-10
01051009080,010-5100-9080,original,0.9999999996715015,23,-1.0320865992020265e-10
01051009080,010-5100-9080,original,0.9999999996715015,24,-1.9013246854718837e-10
01051009080,010-5100-9080,original,0.9999999996715015,25,1.648552329707895e-11
01051009080,010-5100-9080,original,0.9999999996715015,26,5.169651905537238e-10
01051009080,010-5100-9080,original,0.9999999996715015,27,4.588956008777867e-11
01051009080,010-5100-9080,original,0.9999999996715015,28,-4.913290520511953e-10
01051009080,010-5100-9080,original,0.9999999996715015,29,-1.2719764239864905e-11
01051009080,010-5100-9080,original,0.9999999996715015,30,-7.892436451174654e-11
01051009080,010-5100-9080,original,0.9999999996715015,31,7.531401904898809e-11
01051009080,010-5100-9080,original,0.9999999996715015,32,7.936670883466965e-11
01051009080,010-5100-9080,original,0.9999999996715015,33,-6.06155913365537e-10
01051009080,010-5100-9080,original,0.9999999996715015,34,1.3811462390241718e-10
01051009080,010-5100-9080,original,0.9999999996715015,35,7.65399255800845e-11
01051009080,010-5100-9080,original,0.9999999996715015,36,6.517904082947772e-11
01051009080,010-5100-9080,original,0.9999999996715015,37,-2.6355981039252034e-12
01051009080,010-5100-9080,original,0.9999999996715015,38,-5.638622192349068e-11
01051009080,010-5100-9080,original,0.9999999996715015,39,5.6951149395694336e-11
01051009080,010-5100-9080,original,0.9999999996715015,40,1.1567348184233655e-10
01051009080,010-5100-9080,original,0.9999999996715015,41,-4.3275944484309314e-11
01051009080,010-5100-9080,original,0.9999999996715015,42,-1.388287508456381e-10
01051009080,010-5100-9080,original,0.9999999996715015,43,-3.4278627085924794e-12
01051009080,010-5100-9080,original,0.9999999996715015,44,1.1194095246796355e-11
01051009080,010-5100-9080,original,0.9999999996715015,45,1.0625125981543697e-10
01051009080,010-5100-9080,original,0.9999999996715015,46,1.1709765289142665e-10
01051009080,010-5100-9080,original,0.9999999996715015,47,-4.939811540673767e-11
01051009080,010-5100-9080,original,0.9999999996715015,48,-1.4780126418777602e-11
01051009080,010-5100-9080,original,0.9999999996715015,49,1.5513383413647877e-10
01051009080,010-5100-9080,original,0.9999999996715015,50,1.8715944052627618e-10
01051009080,010-5100-9080,original,0.9999999996715015,51,-2.9805103936483395e-11
01051009080,010-5100-9080,original,0.9999999996715015,52,1.3453870886911835e-10
01051009080,010-5100-9080,original,0.9999999996715015,53,-3.5297777814546385e-11
01051009080,010-5100-9080,original,0.9999999996715015,54,-6.374800158223801e-11
01051009080,010-5100-9080,original,0.9999999996715015,55,-1.0520024308518771e-10
01051009080,010-5100-9080,original,0.9999999996715015,56,-2.882957060126441e-10
01051009080,010-5100-9080,original,0.9999999996715015,57,2.818131683524614e-11
01051009080,010-5100-9080,original,0.9999999996715015,58,3.724487999972228e-11
01051009080,010-5100-9080,original,0.9999999996715015,59,2.0489805422968054e-10
01051009080,010-5100-9080,original,0.9999999996715015,60,-1.1936609121376373e-10
01051009080,010-5100-9080,original,0.9999999996715015,61,-4.028078612959178e-11
01051009080,010-5100-9080,original,0.9999999996715015,62,3.065602834976627e-11
01051009080,010-5100-9080,original,0.9999999996715015,63,2.372681297681035e-10
01051009080,010-5100-9080,original,0.9999999996715015,64,-1.9846496643044077e-11
01051009080,010-5100-9080,original,0.9999999996715015,65,-6.464926035561685e-11
01051009080,010-5100-9080,original,0.9999999996715015,66,1.3447703733671472e-10
01051009080,010-5100-9080,original,0.9999999996715015,67,2.1087286690756373e-10
01051009080,010-5100-9080,original,0.9999999996715015,68,1.5748880561289373e-11
01051009080,010-5100-9080,original,0.9999999996715015,69,-1.5851027916483077e-11
01051009080,010-5100-9080,original,0.9999999996715015,70,-9.014305981090312e-11
01051009080,010-5100-9080,original,0.9999999996715015,71,2.2052931183535348e-11
01051009080,010-5100-9080,original,0.9999999996715015,72,1.4812534008021636e-11
01051009080,010-5100-9080,original,0.9999999996715015,73,6.567025019966332e-11
01051009080,010-5100-9080,original,0.9999999996715015,74,-2.938612408543848e-10
01051009080,010-5100-9080,original,0.9999999996715015,75,-4.534405326760575e-11
01051009080,010-5100-9080,original,0.9999999996715015,76,-9.959557134891549e-11
01051009080,010-5100-9080,original,0.9999999996715015,77,-6.662589489409352e-11
01051009080,010-5100-9080,original,0.9999999996715015,78,7.827008201996438e-12
01051009080,010-5100-9080,original,0.9999999996715015,79,-5.814526468878985e-11
01051009080,010-5100-9080,original,0.9999999996715015,80,-8.722651851110771e-11
01051009080,010-5100-9080,original,0.9999999996715015,81,-6.245665976714718e-11
01051009080,010-5100-9080,original,0.9999999996715015,82,5.380037986202632e-10
01051009080,010-5100-9080,original,0.9999999996715015,83,-1.9113732791126816e-11
01051009080,010-5100-9080,original,0.9999999996715015,84,-6.874596288866562e-11
01051009080,010-5100-9080,original,0.9999999996715015,85,-1.3206193230738224e-13
01051009080,010-5100-9080,original,0.9999999996715015,86,-1.8435912176774608e-10
01051009080,010-5100-9080,original,0.9999999996715015,87,1.5853844964596517e-10
01051009080,010-5100-9080,original,0.9999999996715015,88,-9.422134334933439e-11
01051009080,010-5100-9080,original,0.9999999996715015,89,1.630459656017778e-10
01051009080,010-5100-9080,original,0.9999999996715015,90,-1.3013860736988638e-10
01051009080,010-5100-9080,original,0.9999999996715015,91,5.7964813131215634e-11
01051009080,010-5100-9080,original,0.9999999996715015,92,-2.694348143882959e-10
01051009080,010-5100-9080,original,0.9999999996715015,93,-5.59100772175119e-11
01051009080,010-5100-9080,original,0.9999999996715015,94,-3.36030392474278e-11
01051009080,010-5100-9080,original,0.9999999996715015,95,-5.7532982958506214e-11
01051009080,010-5100-9080,original,0.9999999996715015,96,4.6191364063211384e-10
01051009080,010-5100-9080,original,0.9999999996715015,97,-7.262403057611134e-11
01051009080,010-5100-9080,original,0.9999999996715015,98,2.1631163825765092e-10
01051009080,010-5100-9080,original,0.9999999996715015,99,1.1051713484137548e-10
01051009080,010-5100-9080,original,0.9999999996715015,100,2.5230045264740195e-11
01051009080,010-5100-9080,original,0.9999999996715015,101,-1.1203536046856475e-10
01051009080,010-5100-9080,original,0.9999999996715015,102,5.229730830022765e-11
01051009080,010-5100-9080,original,0.9999999996715015,103,-2.3036912181219947e-10
01051009080,010-5100-9080,original,0.9999999996715015,104,-1.1253106586647466e-10
01051009080,010-5100-9080,original,0.9999999996715015,105,6.775611608981761e-11
01051009080,010-5100-9080,original,0.9999999996715015,106,1.2108079573745378e-10
01051009080,010-5100-9080,original,0.9999999996715015,107,1.1918187664873704e-10
01051009080,010-5100-9080,original,0.9999999996715015,108,-5.024632276715909e-11
01051009080,010-5100-9080,original,0.9999999996715015,109,1.993680215775401e-10
01051009080,010-5100-9080,original,0.9999999996715015,110,5.936522699387724e-11
01051009080,010-5100-9080,original,0.9999999996715015,111,7.66137702555012e-11
01051009080,010-5100-9080,original,0.9999999996715015,112,1.8074852956475383e-10
01051009080,010-5100-9080,original,0.9999999996715015,113,1.938711502985013e-11
01051009080,010-5100-9080,original,0.9999999996715015,114,5.508365276401056e-11
01051009080,010-5100-9080,original,0.9999999996715015,115,2.7151226649921315e-11
01051009080,010-5100-9080,original,0.9999999996715015,116,-9.269984192182356e-11
01051009080,010-5100-9080,original,0.9999999996715015,117,1.1577334136525593e-10
01051009080,010-5100-9080,original,0.9999999996715015,118,4.4237440817945094e-10
01051009080,010-5100-9080,original,0.9999999996715015,119,3.305547353049285e-11
01051009080,010-5100-9080,original,0.9999999996715015,120,4.792495777769781e-11
01051009080,010-5100-9080,original,0.9999999996715015,121,-1.9741316297536118e-11
01051009080,010-5100-9080,original,0.9999999996715015,122,-4.4276718295593296e-12
01051009080,010-5100-9080,original,0.9999999996715015,123,8.714145124345779e-11
01051009080,010-5100-9080,original,0.9999999996715015,124,-8.539100983097715e-11
01051009080,010-5100-9080,original,0.9999999996715015,125,1.9247294638407112e-10
01051009080,010-5100-9080,original,0.9999999996715015,126,1.4230601450994338e-11
01051009080,010-5100-9080,original,0.9999999996715015,127,3.547655563572095e-11
01051009080,010-5100-9080,original,0.9999999996715015,128,-7.477823301672605e-11
01051009080,010-5100-9080,original,0.9999999996715015,129,-7.068106352417133e-11
01051009080,010-5100-9080,original,0.9999999996715015,130,4.306719502486376e-11
01051009080,010-5100-9080,original,0.9999999996715015,131,1.2411167769486832e-10
01051009080,010-5100-9080,original,0.9999999996715015,132,-1.3139790636176778e-11
01051009080,010-5100-9080,original,0.9999999996715015,133,2.5251643171226257e-10
01051009080,010-5100-9080,original,0.9999999996715015,134,-7.559447135568484e-11
01051009080,010-5100-9080,original,0.9999999996715015,135,5.994984025775567e-11
01051009080,010-5100-9080,original,0.9999999996715015,136,3.591728371639501e-11
01051009080,010-5100-9080,original,0.9999999996715015,137,-7.354352180152775e-11
01051009080,010-5100-9080,original,0.9999999996715015,138,-8.630791603598654e-11
01051009080,010-5100-9080,original,0.9999999996715015,139,1.0147618555536495e-10
01051009080,010-5100-9080,original,0.9999999996715015,140,-2.2337175741021158e-10
01051009080,010-5100-9080,original,0.9999999996715015,141,-4.1296386925549936e-11
01051009080,010-5100-9080,original,0.9999999996715015,142,2.0886377838282902e-11
01051009080,010-5100-9080,original,0.9999999996715015,143,-2.428735229089601e-10
01051009080,010-5100-9080,original,0.9999999996715015,144,-2.6531832372366926e-10
01051009080,010-5100-9080,original,0.9999999996715015,145,-7.045696799699321e-11
01051009080,010-5100-9080,original,0.9999999996715015,146,1.5652326442695035e-11
01051009080,010-5100-9080,original,0.9999999996715015,147,-5.3024726831130344e-11
01051009080,010-5100-9080,original,0.9999999996715015,148,6.056785375726287e-12
01051009080,010-5100-9080,original,0.9999999996715015,149,-4.6291727476847507e-11
01051009080,010-5100-9080,original,0.9999999996715015,150,-5.457466316787096e-11
01051009080,010-5100-9080,original,0.9999999996715015,151,8.433129030601943e-11
01051009080,010-5100-9080,original,0.9999999996715015,152,-2.576936915900244e-10
01051009080,010-5100-9080,original,0.9999999996715015,153,-1.0177402860753371e-10
01051009080,010-5100-9080,original,0.9999999996715015,154,1.0830400703502065e-11
01051009080,010-5100-9080,original,0.9999999996715015,155,-1.2712919831326826e-10
01051009080,010-5100-9080,original,0.9999999996715015,156,6.344745205304543e-11
01051009080,010-5100-9080,original,0.9999999996715015,157,7.051782075843522e-11
01051009080,010-5100-9080,original,0.9999999996715015,158,-1.8803755893813824e-10
01051009080,010-5100-9080,original,0.9999999996715015,159,1.1830414575671333e-10
01051009080,010-5100-9080,original,0.9999999996715015,160,-2.631182659197406e-10
01051009080,010-5100-9080,original,0.9999999996715015,161,-2.3028175348234744e-11
01051009080,010-5100-9080,original,0.9999999996715015,162,-4.533980786803873e-11
01051009080,010-5100-9080,original,0.9999999996715015,163,-4.7577768328622116e-11
01051009080,010-5100-9080,original,0.9999999996715015,164,1.7313541490429193e-11
01051009080,010-5100-9080,original,0.9999999996715015,165,-5.581086939414011e-10
01051009080,010-5100-9080,original,0.9999999996715015,166,5.5586602471138814e-12
01051009080,010-5100-9080,original,0.9999999996715015,167,1.6265518208958646e-10
01051009080,010-5100-9080,original,0.9999999996715015,168,3.05375166898455e-10
01051009080,010-5100-9080,original,0.9999999996715015,169,-2.0711227846006147e-11
01051009080,010-5100-9080,original,0.9999999996715015,170,-1.1921758113674675e-10
01051009080,010-5100-9080,original,0.9999999996715015,171,-1.1789068086029324e-10
01051009080,010-5100-9080,original,0.9999999996715015,172,-6.248873630298148e-11
01051009080,010-5100-9080,original,0.9999999996715015,173,-2.0039620665212913e-11
01051009080,010-5100-9080,original,0.9999999996715015,174,6.609161250812364e-11
01051009080,010-5100-9080,original,0.9999999996715015,175,-4.4940048074431085e-11
01051009080,010-5100-9080,original,0.9999999996715015,176,-7.209353619407255e-11
01051009080,010-5100-9080,original,0.9999999996715015,177,-1.4933049511402258e-11
01051009080,010-5100-9080,original,0.9999999996715015,178,-5.641940271201434e-12
01051009080,010-5100-9080,original,0.9999999996715015,179,-1.0323215938960866e-10
01051009080,010-5100-9080,original,0.9999999996715015,180,1.329927235525438e-10
01051009080,010-5100-9080,original,0.9999999996715015,181,0.9999997244890818
01051009080,010-5100-9080,original,0.9999999996715015,182,0.9999996923812492
01051009080,010-5100-9080,original,0.9999999996715015,183,0.9999996855807065
01051009080,010-5100-9080,original,0.9999999996715015,184,-1.493800143010366e-11
01051009080,010-5100-9080,original,0.9999999996715015,185,-8.719398564975885e-11
01051009080,010-5100-9080,original,0.9999999996715015,186,-1.708408261328661e-10
01051009080,010-5100-9080,original,0.9999999996715015,187,-1.8054369685532305e-12
01051009080,010-5100-9080,original,0.9999999996715015,188,-1.4725594906376417e-10
01051009080,010-5100-9080,original,0.9999999996715015,189,2.446197264372176e-10
01051009080,010-5100-9080,original,0.9999999996715015,190,5.240688766230697e-13
01051009080,010-5100-9080,original,0.9999999996715015,191,-3.6505091467810575e-11
01051009080,010-5100-9080,original,0.9999999996715015,192,8.960394866974406e-11
01051009080,010-5100-9080,original,0.9999999996715015,193,-1.0950011123109184e-10
01051009080,010-5100-9080,original,0.9999999996715015,194,5.715437422395856e-11
01051009080,010-5100-9080,original,0.9999999996715015,195,2.3779745887298213e-10
01051009080,010-5100-9080,original,0.9999999996715015,196,1.2315282911164062e-10
01051009080,010-5100-9080,original,0.9999999996715015,197,-2.7762739224025424e-10
01051009080,010-5100-9080,original,0.9999999996715015,198,2.519310346498e-11
01051009080,010-5100-9080,original,0.9999999996715015,199,-4.1066798177959553e-10
01051009080,010-5100-9080,original,0.9999999996715015,200,6.953390293340116e-11
01051009080,010-5100-9080,original,0.9999999996715015,201,-4.277568602430472e-11
01051009080,010-5100-9080,original,0.9999999996715015,202,-1.0568511033104602e-10
01051009080,010-5100-9080,original,0.9999999996715015,203,-5.846767218159438e-12
01051009081,010-5100-9081,"one digit, last group",-1.777328298608127e-10,0,-5.5520442789311434e-11
01051009081,010-5100-9081,"one digit, last group",-1.777328298608127e-10,1,1.0425937346761601e-10
01051009081,010-5100-9081,"one digit, last group",-1.777328298608127e-10,2,-8.569465022536796e-11
01051009081,010-5100-9081,"one digit, last group",-1.777328298608127e-10,3,4.710704184540017e-11
01051009081,010-5100-9081,"one digit, last group",-1.777328298608127e-10,4,-2.682143163278887e-10
01051009081,010-5100-9081,"one digit, last group",-1.777328298608127e-10,5,-4.810148552968253e-10
01051009081,010-5100-9081,"one digit, last group",-1.777328298608127e-10,6,-7.8003818997932e-11
01051009081,010-5100-9081,"one digit, last group",-1.777328298608127e-10,7,-5.92547924448734e-11
01051009081,010-5100-9081,"one digit, last group",-1.777328298608127e-10,8,1.4998368956761846e-10
01051009081,010-5100-9081,"one digit, last group",-1.777328298608127e-10,9,9.225919275973977e-11
01051009081,010-5100-9081,"one digit, last group",-1.777328298608127e-10,10,-2.828544349465836e-11
01051009081,010-5100-9081,"one digit, last group",-1.777328298608127e-10,11,-7.046814710646952e-11
01051009081,010-5100-9081,"one digit, last group",-1.777328298608127e-10,12,1.246223377108271e-10
01051009081,010-5100-9081,"one digit, last group",-1.777328298608127e-10,13,1.0052288417739022e-10
01051009081,010-5100-9081,"one digit, last group",-1.777328298608127e-10,14,3.359187875545221e-12
01051009081,010-5100-9081,"one digit, last group",-1.777328298608127e-10,15,9.540060480839128e-11
01051009081,010-5100-9081,"one digit, last group",-1.777328298608127e-10,16,5.372728637525279e-12
01051009081,010-5100-9081,"one digit, last group",-1.777328298608127e-10,17,3.2902717407335925e-11
01051009081,010-5100-9081,"one digit, last group",-1.777328298608127e-10,18,-5.905147760470621e-11
01051009081,010-5100-9081,"one digit, last group",-1.777328298608127e-10,19,4.112931203643108e-11
01051009081,010-5100-9081,"one digit, last group",-1.777328298608127e-10,20,-4.1335800465880395e-11
01051009081,010-5100-9081,"one digit, last group",-1.777328298608127e-10,21,-2.144294943568367e-10
01051009081,010-5100-9081,"one digit, last group",-1.777328298608127e-10,22,-1.1661038998064093e-10
01051009081,010-5100-9081,"one digit, last group",-1.777328298608127e-10,23,-8.456309925401246e-11
01051009081,010-5100-9081,"one digit, last group",-1.777328298608127e-10,24,-4.829196337708009e-10
01051009081,010-5100-9081,"one digit, last group",-1.777328298608127e-10,25,-7.39676516318513e-11
01051009081,010-5100-9081,"one digit, last group",-1.777328298608127e-10,26,1.2252678299185907e-10
01051009081,010-5100-9081,"one digit, last group",-1.777328298608127e-10,27,2.1054465621456334e-10
01051009081,010-5100-9081,"one digit, last group",-1.777328298608127e-10,28,-1.6811041664835045e-10
01051009081,010-5100-9081,"one digit, last group",-1.777328298608127e-10,29,3.2788117281748996e-11
01051009081,010-5100-9081,"one digit, last group",-1.777328298608127e-10,30,-2.902060254415159e-10
01051009081,010-5100-9081,"one digit, last group",-1.777328298608127e-10,31,3.0840477646733146e-10
01051009081,010-5100-9081,"one digit, last group",-1.777328298608127e-10,32,2.351413763928324e-10
01051009081,010-5100-9081,"one digit, last group",-1.777328298608127e-10,33,-3.3310440235151933e-11
01051009081,010-5100-9081,"one digit, last group",-1.777328298608127e-10,34,1.1290566177940696e-10
01051009081,010-5100-9081,"one digit, last group",-1.777328298608127e-10,35,-5.7818444919030974e-11
01051009081,010-5100-9081,"one digit, last group",-1.777328298608127e-10,36,-9.984044964807125e-12
01051009081,010-5100-9081,"one digit, last group",-1.777328298608127e-10,37,-2.0260561462031926e-11
01051009081,010-5100-9081,"one digit, last group",-1.777328298608127e-10,38,-3.8079713773411335e-11
01051009081,010-5100-9081,"one digit, last group",-1.777328298608127e-10,39,-2.438116504455705e-10
01051009081,010-5100-9081,"one digit, last group",-1.777328298608127e-10,40,-1.2007006347765841e-11
01051009081,010-5100-9081,"one digit, last group",-1.777328298608127e-10,41,2.0331732577038004e-11
01051009081,010-5100-9081,"one digit, last group",-1.777328298608127e-10,42,-7.490705021880403e-11
01051009081,010-5100-9081,"one digit, last group",-1.777328298608127e-10,43,-6.094211397811677e-12
01051009081,010-5100-9081,"one digit, last group",-1.777328298608127e-10,44,1.163324324237698e-11
01051009081,010-5100-9081,"one digit, last group",-1.777328298608127e-10,45,2.38167842719053e-10
01051009081,010-5100-9081,"one digit, last group",-1.777328298608127e-10,46,-8.652994213070469e-12
01051009081,010-5100-9081,"one digit, last group",-1.777328298608127e-10,47,2.0190917591445453e-10
01051009081,010-5100-9081,"one digit, last group",-1.777328298608127e-10,48,1.9233046323919123e-10
01051009081,010-5100-9081,"one digit, last group",-1.777328298608127e-10,49,5.245318626731145e-11
01051009081,010-5100-9081,"one digit, last group",-1.777328298608127e-10,50,-4.74184615868776e-11
01051009081,010-5100-9081,"one digit, last group",-1.777328298608127e-10,51,-5.307799145407261e-11
01051009081,010-5100-9081,"one digit, last group",-1.777328298608127e-10,52,4.8936572546379e-10
01051009081,010-5100-9081,"one digit, last group",-1.777328298608127e-10,53,6.87634106350444e-11
01051009081,010-5100-9081,"one digit, last group",-1.777328298608127e-10,54,6.619188135765943e-11
01051009081,010-5100-9081,"one digit, last group",-1.777328298608127e-10,55,6.041821272639921e-11
01051009081,010-5100-9081,"one digit, last group",-1.777328298608127e-10,56,8.450800714626042e-11
01051009081,010-5100-9081,"one digit, last group",-1.777328298608127e-10,57,-2.4238943837349405e-11
01051009081,010-5100-9081,"one digit, last group",-1.777328298608127e-10,58,-5.855244984443894e-12
01051009081,010-5100-9081,"one digit, last group",-1.777328298608127e-10,59,-5.957692145192248e-11
01051009081,010-5100-9081,"one digit, last group",-1.777328298608127e-10,60,3.2349966343386677e-11
01051009081,010-5100-9081,"one digit, last group",-1.777328298608127e-10,61,-7.779270379902265e-11
01051009081,010-5100-9081,"one digit, last group",-1.777328298608127e-10,62,8.299188660149356e-11
01051009081,010-5100-9081,"one digit, last group",-1.777328298608127e-10,63,-1.4528503948890666e-10
01051009081,010-5100-9081,"one digit, last group",-1.777328298608127e-10,64,-1.4883120725051622e-10
01051009081,010-5100-9081,"one digit, last group",-1.777328298608127e-10,65,-1.2944507341359134e-10
01051009081,010-5100-9081,"one digit, last group",-1.777328298608127e-10,66,-1.3131245709370809e-10
01051009081,010-5100-9081,"one digit, last group",-1.777328298608127e-10,67,-3.225237658653188e-10
01051009081,010-5100-9081,"one digit, last group",-1.777328298608127e-10,68,7.740802470589024e-11
01051009081,010-5100-9081,"one digit, last group",-1.777328298608127e-10,69,2.9125390693235784e-10
01051009081,010-5100-9081,"one digit, last group",-1.777328298608127e-10,70,1.287668407136194e-10
01051009081,010-5100-9081,"one digit, last group",-1.777328298608127e-10,71,-1.3200887413112594e-10
01051009081,010-5100-9081,"one digit, last group",-1.777328298608127e-10,72,2.8015879785407245e-11
01051009081,010-5100-9081,"one digit, last group",-1.777328298608127e-10,73,-7.018320075471369e-12
01051009081,010-5100-9081,"one digit, last group",-1.777328298608127e-10,74,-3.7626260686057355e-10
01051009081,010-5100-9081,"one digit, last group",-1.777328298608127e-10,75,1.0976787112403658e-11
01051009081,010-5100-9081,"one digit, last group",-1.777328298608127e-10,76,-9.257579014212333e-12
01051009081,010-5100-9081,"one digit, last group",-1.777328298608127e-10,77,-8.98224610541829e-12
01051009081,010-5100-9081,"one digit, last group",-1.777328298608127e-10,78,-4.0973335290893885e-10
01051009081,010-5100-9081,"one digit, last group",-1.777328298608127e-10,79,-2.1436935777295222e-10
01051009081,010-5100-9081,"one digit, last group",-1.777328298608127e-10,80,-1.6773550651795373e-11
01051009081,010-5100-9081,"one digit, last group",-1.777328298608127e-10,81,1.0494697732064032e-10
01051009081,010-5100-9081,"one digit, last group",-1.777328298608127e-10,82,1.561298616118763e-10
01051009081,010-5100-9081,"one digit, last group",-1.777328298608127e-10,83,6.116091659531089e-11
01051009081,010-5100-9081,"one digit, last group",-1.777328298608127e-10,84,1.6190766682028316e-12
01051009081,010-5100-9081,"one digit, last group",-1.777328298608127e-10,85,3.136009134960051e-11
01051009081,010-5100-9081,"one digit, last group",-1.777328298608127e-10,86,-7.610167425392141e-11
01051009081,010-5100-9081,"one digit, last group",-1.777328298608127e-10,87,1.46065192840126e-10
01051009081,010-5100-9081,"one digit, last group",-1.777328298608127e-10,88,-1.7352808934686394e-10
01051009081,010-5100-9081,"one digit, last group",-1.777328298608127e-10,89,-3.552419548887312e-11
01051009081,010-5100-9081,"one digit, last group",-1.777328298608127e-10,90,5.889179045293033e-12
01051009081,010-5100-9081,"one digit, last group",-1.777328298608127e-10,91,5.422325615613404e-11
01051009081,010-5100-9081,"one digit, last group",-1.777328298608127e-10,92,-1.985135151209082e-10
01051009081,010-5100-9081,"one digit, last group",-1.777328298608127e-10,93,-2.5591016013758273e-11
01051009081,010-5100-9081,"one digit, last group",-1.777328298608127e-10,94,-6.190465598728117e-12
01051009081,010-5100-9081,"one digit, last group",-1.777328298608127e-10,95,8.595751767402684e-11
01051009081,010-5100-9081,"one digit, last group",-1.777328298608127e-10,96,1.185868491845839e-10
01051009081,010-5100-9081,"one digit, last group",-1.777328298608127e-10,97,-1.3370865357856363e-10
01051009081,010-5100-9081,"one digit, last group",-1.777328298608127e-10,98,2.2814539789953478e-10
01051009081,010-5100-9081,"one digit, last group",-1.777328298608127e-10,99,-7.479877319233636e-11
01051009081,010-5100-9081,"one digit, last group",-1.777328298608127e-10,100,2.9953215559768895e-10
01051009081,010-5100-9081,"one digit, last group",-1.777328298608127e-10,101,1.6140243430570975e-10
01051009081,010-5100-9081,"one digit, last group",-1.777328298608127e-10,102,-4.922623825311102e-10
01051009081,010-5100-9081,"one digit, last group",-1.777328298608127e-10,103,-8.79418561095758e-11
01051009081,010-5100-9081,"one digit, last group",-1.777328298608127e-10,104,8.033792224022164e-11
01051009081,010-5100-9081,"one digit, last group",-1.777328298608127e-10,105,-2.5142486729793127e-11
01051009081,010-5100-9081,"one digit, last group",-1.777328298608127e-10,106,-3.5927905406729655e-11
01051009081,010-5100-9081,"one digit, last group",-1.777328298608127e-10,107,1.6537884720441493e-10
01051009081,010-5100-9081,"one digit, last group",-1.777328298608127e-10,108,-5.53737361245121e-11
01051009081,010-5100-9081,"one digit, last group",-1.777328298608127e-10,109,1.3359117902165475e-10
01051009081,010-5100-9081,"one digit, last group",-1.777328298608127e-10,110,-1.894650242558438e-12
01051009081,010-5100-9081,"one digit, last group",-1.777328298608127e-10,111,-4.4637634137368635e-12
01051009081,010-5100-9081,"one digit, last group",-1.777328298608127e-10,112,5.008162131368453e-10
01051009081,010-5100-9081,"one digit, last group",-1.777328298608127e-10,113,-2.648551627577815e-11
01051009081,010-5100-9081,"one digit, last group",-1.777328298608127e-10,114,-3.352572166788852e-11
01051009081,010-5100-9081,"one digit, last group",-1.777328298608127e-10,115,2.5864005246745166e-11
01051009081,010-5100-9081,"one digit, last group",-1.777328298608127e-10,116,1.1670690258246736e-10
01051009081,010-5100-9081,"one digit, last group",-1.777328298608127e-10,117,1.433406158027233e-10
01051009081,010-5100-9081,"one digit, last group",-1.777328298608127e-10,118,3.83605905174048e-12
01051009081,010-5100-9081,"one digit, last group",-1.777328298608127e-10,119,-2.2411973263746407e-10
01051009081,010-5100-9081,"one digit, last group",-1.777328298608127e-10,120,6.460266423013085e-11
01051009081,010-5100-9081,"one digit, last group",-1.777328298608127e-10,121,-8.358457714319423e-11
01051009081,010-5100-9081,"one digit, last group",-1.777328298608127e-10,122,-1.5518836442737268e-10
01051009081,010-5100-9081,"one digit, last group",-1.777328298608127e-10,123,-4.124009250264114e-11
01051009081,010-5100-9081,"one digit, last group",-1.777328298608127e-10,124,1.6007426074143228e-10
01051009081,010-5100-9081,"one digit, last group",-1.777328298608127e-10,125,-1.223801105119693e-10
01051009081,010-5100-9081,"one digit, last group",-1.777328298608127e-10,126,6.8403188621955445e-12
01051009081,010-5100-9081,"one digit, last group",-1.777328298608127e-10,127,2.369851981684999e-12
01051009081,010-5100-9081,"one digit, last group",-1.777328298608127e-10,128,-3.002103294604355e-11
01051009081,010-5100-9081,"one digit, last group",-1.777328298608127e-10,129,3.340524960254729e-11
01051009081,010-5100-9081,"one digit, last group",-1.777328298608127e-10,130,-2.2795105782937784e-12
01051009081,010-5100-9081,"one digit, last group",-1.777328298608127e-10,131,-9.42913685693182e-11
01051009081,010-5100-9081,"one digit, last group",-1.777328298608127e-10,132,-4.264863513048793e-12
01051009081,010-5100-9081,"one digit, last group",-1.777328298608127e-10,133,5.732376742327319e-11
01051009081,010-5100-9081,"one digit, last group",-1.777328298608127e-10,134,3.517584642591572e-10
01051009081,010-5100-9081,"one digit, last group",-1.777328298608127e-10,135,-1.0405095680854686e-10
01051009081,010-5100-9081,"one digit, last group",-1.777328298608127e-10,136,4.4290299791920024e-11
01051009081,010-5100-9081,"one digit, last group",-1.777328298608127e-10,137,-4.935844800835461e-11
01051009081,010-5100-9081,"one digit, last group",-1.777328298608127e-10,138,2.793846736505931e-10
01051009081,010-5100-9081,"one digit, last group",-1.777328298608127e-10,139,-1.576107581110906e-10
01051009081,010-5100-9081,"one digit, last group",-1.777328298608127e-10,140,-1.5505247139255545e-10
01051009081,010-5100-9081,"one digit, last group",-1.777328298608127e-10,141,1.2302101700044949e-10
01051009081,010-5100-9081,"one digit, last group",-1.777328298608127e-10,142,1.1166300870617878e-11
01051009081,010-5100-9081,"one digit, last group",-1.777328298608127e-10,143,-1.0407719344342814e-10
01051009081,010-5100-9081,"one digit, last group",-1.777328298608127e-10,144,-4.470573432634925e-12
01051009081,010-5100-9081,"one digit, last group",-1.777328298608127e-10,145,1.4333059358079681e-11
01051009081,010-5100-9081,"one digit, last group",-1.777328298608127e-10,146,2.6860060103351174e-10
01051009081,010-5100-9081,"one digit, last group",-1.777328298608127e-10,147,-2.203865322916147e-10
01051009081,010-5100-9081,"one digit, last group",-1.777328298608127e-10,148,-8.357847692600076e-11
01051009081,010-5100-9081,"one digit, last group",-1.777328298608127e-10,149,-7.466936471984419e-11
01051009081,010-5100-9081,"one digit, last group",-1.777328298608127e-10,150,1.4053365475777577e-10
01051009081,010-5100-9081,"one digit, last group",-1.777328298608127e-10,151,-4.9378941880477764e-11
01051009081,010-5100-9081,"one digit, last group",-1.777328298608127e-10,152,-1.8077439176764607e-10
01051009081,010-5100-9081,"one digit, last group",-1.777328298608127e-10,153,-1.1365566698333324e-10
01051009081,010-5100-9081,"one digit, last group",-1.777328298608127e-10,154,5.640234011491705e-11
01051009081,010-5100-9081,"one digit, last group",-1.777328298608127e-10,155,-2.3263591603455405e-10
01051009081,010-5100-9081,"one digit, last group",-1.777328298608127e-10,156,-6.91916694826316e-11
01051009081,010-5100-9081,"one digit, last group",-1.777328298608127e-10,157,1.3855140384965096e-12
01051009081,010-5100-9081,"one digit, last group",-1.777328298608127e-10,158,-1.363757613317446e-10
01051009081,010-5100-9081,"one digit, last group",-1.777328298608127e-10,159,-3.64120280692592e-11
01051009081,010-5100-9081,"one digit, last group",-1.777328298608127e-10,160,2.3105677355227566e-10
01051009081,010-5100-9081,"one digit, last group",-1.777328298608127e-10,161,-5.6098829405187865e-11
01051009081,010-5100-9081,"one digit, last group",-1.777328298608127e-10,162,1.3484377477001286e-10
01051009081,010-5100-9081,"one digit, last group",-1.777328298608127e-10,163,5.2164925288023485e-11
01051009081,010-5100-9081,"one digit, last group",-1.777328298608127e-10,164,1.538795755435527e-10
01051009081,010-5100-9081,"one digit, last group",-1.777328298608127e-10,165,1.4576429464983211e-10
01051009081,010-5100-9081,"one digit, last group",-1.777328298608127e-10,166,5.549641414762983e-11
01051009081,010-5100-9081,"one digit, last group",-1.777328298608127e-10,167,4.911532473059616e-10
01051009081,010-5100-9081,"one digit, last group",-1.777328298608127e-10,168,1.6775923105217426e-10
01051009081,010-5100-9081,"one digit, last group",-1.777328298608127e-10,169,-1.4482100506844434e-10
01051009081,010-5100-9081,"one digit, last group",-1.777328298608127e-10,170,1.0330909478625832e-10
01051009081,010-5100-9081,"one digit, last group",-1.777328298608127e-10,171,9.82662171797168e-11
01051009081,010-5100-9081,"one digit, last group",-1.777328298608127e-10,172,2.972880815532957e-11
01051009081,010-5100-9081,"one digit, last group",-1.777328298608127e-10,173,4.33221954356677e-11
01051009081,010-5100-9081,"one digit, last group",-1.777328298608127e-10,174,6.9892172360334936e-12
01051009081,010-5100-9081,"one digit, last group",-1.777328298608127e-10,175,4.223834786495463e-10
01051009081,010-5100-9081,"one digit, last group",-1.777328298608127e-10,176,-3.043411648760693e-11
01051009081,010-5100-9081,"one digit, last group",-1.777328298608127e-10,177,-3.783084585715387e-11
01051009081,010-5100-9081,"one digit, last group",-1.777328298608127e-10,178,4.312761229313786e-11
01051009081,010-5100-9081,"one digit, last group",-1.777328298608127e-10,179,2.2042400752054444e-10
01051009081,010-5100-9081,"one digit, last group",-1.777328298608127e-10,180,4.375067260872014e-10
01051009081,010-5100-9081,"one digit, last group",-1.777328298608127e-10,181,-2.0312799681450976e-09
01051009081,010-5100-9081,"one digit, last group",-1.777328298608127e-10,182,-2.9167390861573526e-08
01051009081,010-5100-9081,"one digit, last group",-1.777328298608127e-10,183,1.283093294602463e-09
01051009081,010-5100-9081,"one digit, last group",-1.777328298608127e-10,184,-2.0827181921533966e-11
01051009081,010-5100-9081,"one digit, last group",-1.777328298608127e-10,185,6.1157809589600945e-12
01051009081,010-5100-9081,"one digit, last group",-1.777328298608127e-10,186,-5.2147139027210874e-11
01051009081,010-5100-9081,"one digit, last group",-1.777328298608127e-10,187,4.10650340628517e-11
01051009081,010-5100-9081,"one digit, last group",-1.777328298608127e-10,188,-1.4186465033169896e-10
01051009081,010-5100-9081,"one digit, last group",-1.777328298608127e-10,189,-6.563858907515112e-11
01051009081,010-5100-9081,"one digit, last group",-1.777328298608127e-10,190,-1.0557095285405612e-10
01051009081,010-5100-9081,"one digit, last group",-1.777328298608127e-10,191,5.1169097844066224e-11
01051009081,010-5100-9081,"one digit, last group",-1.777328298608127e-10,192,3.555291201007692e-11
01051009081,010-5100-9081,"one digit, last group",-1.777328298608127e-10,193,-3.8742635375015354e-10
01051009081,010-5100-9081,"one digit, last group",-1.777328298608127e-10,194,-3.9640742364399045e-11
01051009081,010-5100-9081,"one digit, last group",-1.777328298608127e-10,195,3.146401304036636e-11
01051009081,010-5100-9081,"one digit, last group",-1.777328298608127e-10,196,-1.1017343195331303e-10
01051009081,010-5100-9081,"one digit, last group",-1.777328298608127e-10,197,7.6208921928365e-12
01051009081,010-5100-9081,"one digit, last group",-1.777328298608127e-10,198,-2.804787041470561e-10
01051009081,010-5100-9081,"one digit, last group",-1.777328298608127e-10,199,4.829793638759068e-11
01051009081,010-5100-9081,"one digit, last group",-1.777328298608127e-10,200,-1.227459265221103e-10
01051009081,010-5100-9081,"one digit, last group",-1.777328298608127e-10,201,-4.929112785700621e-11
01051009081,010-5100-9081,"one digit, last group",-1.777328298608127e-10,202,1.8349194493209024e-10
01051009081,010-5100-9081,"one digit, last group",-1.777328298608127e-10,203,-3.46804096829561e-11
01052001582,010-5200-1582,original,1.0000000002039808,0,6.81248805830484e-11
01052001582,010-5200-1582,original,1.0000000002039808,1,-1.0428201565483283e-10
01052001582,010-5200-1582,original,1.0000000002039808,2,-2.0791511514803917e-10
01052001582,010-5200-1582,original,1.0000000002039808,3,-1.027202857008979e-11
01052001582,010-5200-1582,original,1.0000000002039808,4,-2.6621809154226404e-10
01052001582,010-5200-1582,original,1.0000000002039808,5,3.0254246963216313e-12
01052001582,010-5200-1582,original,1.0000000002039808,6,-5.081220162388389e-11
01052001582,010-5200-1582,original,1.0000000002039808,7,-7.608961822578987e-11
01052001582,010-5200-1582,original,1.0000000002039808,8,-6.752392508081352e-12
01052001582,010-5200-1582,original,1.0000000002039808,9,1.0492114245944215e-12
01052001582,010-5200-1582,original,1.0000000002039808,10,-1.0311365326976865e-11
01052001582,010-5200-1582,original,1.0000000002039808,11,2.1569985622466418e-10
01052001582,010-5200-1582,original,1.0000000002039808,12,1.470636882301394e-11
01052001582,010-5200-1582,original,1.0000000002039808,13,-3.1646603548471074e-10
01052001582,010-5200-1582,original,1.0000000002039808,14,7.453909279566877e-11
01052001582,010-5200-1582,original,1.0000000002039808,15,4.1527545729763115e-11
01052001582,010-5200-1582,original,1.0000000002039808,16,3.097168715123163e-10
01052001582,010-5200-1582,original,1.0000000002039808,17,2.646810421469994e-11
01052001582,010-5200-1582,original,1.0000000002039808,18,4.862575548942165e-11
01052001582,010-5200-1582,original,1.0000000002039808,19,-2.0936013766392544e-11
01052001582,010-5200-1582,original,1.0000000002039808,20,-1.0657280854350807e-10
01052001582,010-5200-1582,original,1.0000000002039808,21,-8.880790182192057e-11
01052001582,010-5200-1582,original,1.0000000002039808,22,-2.6830205100025977e-11
01052001582,010-5200-1582,original,1.0000000002039808,23,8.036105273850918e-11
01052001582,010-5200-1582,original,1.0000000002039808,24,6.910224958194994e-11
01052001582,010-5200-1582,original,1.0000000002039808,25,-3.880071701230163e-11
01052001582,010-5200-1582,original,1.0000000002039808,26,1.0177420153089754e-10
01052001582,010-5200-1582,original,1.0000000002039808,27,-5.355970966252837e-11
01052001582,010-5200-1582,original,1.0000000002039808,28,4.1144445395925994e-10
01052001582,010-5200-1582,original,1.0000000002039808,29,-4.127246634886475e-11
01052001582,010-5200-1582,original,1.0000000002039808,30,-3.697166543581882e-11
01052001582,010-5200-1582,original,1.0000000002039808,31,8.565548322324612e-11
01052001582,010-5200-1582,original,1.0000000002039808,32,5.048624439232639e-12
01052001582,010-5200-1582,original,1.0000000002039808,33,-4.097166692020693e-10
01052001582,010-5200-1582,original,1.0000000002039808,34,1.7375194543221407e-10
01052001582,010-5200-1582,original,1.0000000002039808,35,-5.192498175923898e-11
01052001582,010-5200-1582,original,1.0000000002039808,36,2.6474930911635788e-11
01052001582,010-5200-1582,original,1.0000000002039808,37,8.865411412371045e-11
01052001582,010-5200-1582,original,1.0000000002039808,38,7.740220256664261e-11
01052001582,010-5200-1582,original,1.0000000002039808,39,1.5612880907721786e-11
01052001582,010-5200-1582,original,1.0000000002039808,40,2.0205193938428715e-10
01052001582,010-5200-1582,original,1.0000000002039808,41,3.74324985749905e-11
01052001582,010-5200-1582,original,1.0000000002039808,42,-3.839578949153492e-11
01052001582,010-5200-1582,original,1.0000000002039808,43,1.8103843027427073e-11
01052001582,010-5200-1582,original,1.0000000002039808,44,5.0480020291320315e-11
01052001582,010-5200-1582,original,1.0000000002039808,45,-1.3863966136101163e-10
01052001582,010-5200-1582,original,1.0000000002039808,46,7.978053502867186e-11
01052001582,010-5200-1582,original,1.0000000002039808,47,1.372079675373606e-10
01052001582,010-5200-1582,original,1.0000000002039808,48,-2.2927833239476957e-10
01052001582,010-5200-1582,original,1.0000000002039808,49,-1.2631063973916649e-11
01052001582,010-5200-1582,original,1.0000000002039808,50,2.812273207114781e-10
01052001582,010-5200-1582,original,1.0000000002039808,51,-9.998093139842303e-12
01052001582,010-5200-1582,original,1.0000000002039808,52,5.901115015699643e-11
01052001582,010-5200-1582,original,1.0000000002039808,53,7.827459324524425e-11
01052001582,010-5200-1582,original,1.0000000002039808,54,1.725677836797036e-11
01052001582,010-5200-1582,original,1.0000000002039808,55,-2.1090693916397172e-10
01052001582,010-5200-1582,original,1.0000000002039808,56,-2.5391355419093244e-10
01052001582,010-5200-1582,original,1.0000000002039808,57,5.4421789368958474e-11
01052001582,010-5200-1582,original,1.0000000002039808,58,4.7856097692440154e-11
01052001582,010-5200-1582,original,1.0000000002039808,59,-4.8731034858057124e-11
01052001582,010-5200-1582,original,1.0000000002039808,60,-6.311816207272968e-11
01052001582,010-5200-1582,original,1.0000000002039808,61,-8.293672916224134e-11
01052001582,010-5200-1582,original,1.0000000002039808,62,9.849166664607556e-12
01052001582,010-5200-1582,original,1.0000000002039808,63,-1.9402183868378426e-10
01052001582,010-5200-1582,original,1.0000000002039808,64,1.1044433457121907e-10
01052001582,010-5200-1582,original,1.0000000002039808,65,1.0272178713289869e-10
01052001582,010-5200-1582,original,1.0000000002039808,66,4.75442658441621e-11
01052001582,010-5200-1582,original,1.0000000002039808,67,-7.353217144266163e-11
01052001582,010-5200-1582,original,1.0000000002039808,68,7.013651514185129e-11
01052001582,010-5200-1582,original,1.0000000002039808,69,2.637680249421558e-10
01052001582,010-5200-1582,original,1.0000000002039808,70,-3.5431041986823525e-11
01052001582,010-5200-1582,original,1.0000000002039808,71,7.422230953225761e-11
01052001582,010-5200-1582,original,1.0000000002039808,72,-2.598559610631602e-12
01052001582,010-5200-1582,original,1.0000000002039808,73,-3.03228721023442e-11
01052001582,010-5200-1582,original,1.0000000002039808,74,-2.5478584330288125e-10
01052001582,010-5200-1582,original,1.0000000002039808,75,7.161131874675458e-11
01052001582,010-5200-1582,original,1.0000000002039808,76,9.324366230164908e-11
01052001582,010-5200-1582,original,1.0000000002039808,77,-7.031738763310056e-11
01052001582,010-5200-1582,original,1.0000000002039808,78,-4.082720697454387e-10
01052001582,010-5200-1582,original,1.0000000002039808,79,-3.357224752911865e-10
01052001582,010-5200-1582,original,1.0000000002039808,80,1.5508307470821038e-10
01052001582,010-5200-1582,original,1.0000000002039808,81,-2.0377008483049932e-10
01052001582,010-5200-1582,original,1.0000000002039808,82,1.6517026009379125e-10
01052001582,010-5200-1582,original,1.0000000002039808,83,-5.50940848994069e-11
01052001582,010-5200-1582,original,1.0000000002039808,84,-6.554271299684275e-11
01052001582,010-5200-1582,original,1.0000000002039808,85,-2.872075645474699e-11
01052001582,010-5200-1582,original,1.0000000002039808,86,-4.715880244876406e-10
01052001582,010-5200-1582,original,1.0000000002039808,87,-3.4196503880686906e-11
01052001582,010-5200-1582,original,1.0000000002039808,88,-4.372315899347206e-11
01052001582,010-5200-1582,original,1.0000000002039808,89,5.3213441954294374e-11
01052001582,010-5200-1582,original,1.0000000002039808,90,1.6738802202116097e-10
01052001582,010-5200-1582,original,1.0000000002039808,91,-1.8640409717556805e-11
01052001582,010-5200-1582,original,1.0000000002039808,92,-1.7825821512663378e-10
01052001582,010-5200-1582,original,1.0000000002039808,93,-6.964545821111123e-12
01052001582,010-5200-1582,original,1.0000000002039808,94,8.767838630635543e-11
01052001582,010-5200-1582,original,1.0000000002039808,95,-3.434265566598022e-11
01052001582,010-5200-1582,original,1.0000000002039808,96,1.3109152768867953e-10
01052001582,010-5200-1582,original,1.0000000002039808,97,-1.1661545655258097e-10
01052001582,010-5200-1582,original,1.0000000002039808,98,6.419846379852751e-11
01052001582,010-5200-1582,original,1.0000000002039808,99,-1.32895520699919e-11
01052001582,010-5200-1582,original,1.0000000002039808,100,-1.892657851517569e-10
01052001582,010-5200-1582,original,1.0000000002039808,101,-4.977897165026664e-11
01052001582,010-5200-1582,original,1.0000000002039808,102,-3.791571385290155e-11
01052001582,010-5200-1582,original,1.0000000002039808,103,-1.6889071108379355e-11
01052001582,010-5200-1582,original,1.0000000002039808,104,-5.0186101116116255e-11
01052001582,010-5200-1582,original,1.0000000002039808,105,-1.0854713343760628e-10
01052001582,010-5200-1582,original,1.0000000002039808,106,3.8966919080123765e-11
01052001582,010-5200-1582,original,1.0000000002039808,107,-1.013434397924573e-11
01052001582,010-5200-1582,original,1.0000000002039808,108,4.909739772197336e-11
01052001582,010-5200-1582,original,1.0000000002039808,109,7.754497820561514e-11
01052001582,010-5200-1582,original,1.0000000002039808,110,1.6334772843936382e-10
01052001582,010-5200-1582,original,1.0000000002039808,111,-6.051348179371943e-11
01052001582,010-5200-1582,original,1.0000000002039808,112,1.689345146896186e-10
01052001582,010-5200-1582,original,1.0000000002039808,113,-5.979884836809091e-12
01052001582,010-5200-1582,original,1.0000000002039808,114,1.327677611838582e-10
01052001582,010-5200-1582,original,1.0000000002039808,115,-1.1726650311402623e-11
01052001582,010-5200-1582,original,1.0000000002039808,116,8.502486928981424e-11
01052001582,010-5200-1582,original,1.0000000002039808,117,-1.135796313860757e-10
01052001582,010-5200-1582,original,1.0000000002039808,118,2.0995656344460852e-10
01052001582,010-5200-1582,original,1.0000000002039808,119,1.640684197988891e-10
01052001582,010-5200-1582,original,1.0000000002039808,120,-4.3924025420932095e-11
01052001582,010-5200-1582,original,1.0000000002039808,121,-1.308800269192156e-10
01052001582,010-5200-1582,original,1.0000000002039808,122,-6.586106552402394e-13
01052001582,010-5200-1582,original,1.0000000002039808,123,8.090352840378475e-11
01052001582,010-5200-1582,original,1.0000000002039808,124,-2.207934384678939e-10
01052001582,010-5200-1582,original,1.0000000002039808,125,6.384425145086486e-11
01052001582,010-5200-1582,original,1.0000000002039808,126,-1.67663478772331e-10
01052001582,010-5200-1582,original,1.0000000002039808,127,-2.425263051845669e-10
01052001582,010-5200-1582,original,1.0000000002039808,128,8.709312292134172e-11
01052001582,010-5200-1582,original,1.0000000002039808,129,-2.6408717356599816e-11
01052001582,010-5200-1582,original,1.0000000002039808,130,-8.96989586782912e-11
01052001582,010-5200-1582,original,1.0000000002039808,131,-1.9170112267630296e-10
01052001582,010-5200-1582,original,1.0000000002039808,132,-4.1479253884309244e-11
01052001582,010-5200-1582,original,1.0000000002039808,133,-1.896392011611556e-10
01052001582,010-5200-1582,original,1.0000000002039808,134,2.6626157742573517e-10
01052001582,010-5200-1582,original,1.0000000002039808,135,3.2168989172634877e-10
01052001582,010-5200-1582,original,1.0000000002039808,136,1.0173200153491157e-11
01052001582,010-5200-1582,original,1.0000000002039808,137,6.24042662405977e-11
01052001582,010-5200-1582,original,1.0000000002039808,138,-9.517053624091296e-11
01052001582,010-5200-1582,original,1.0000000002039808,139,2.8766373624771056e-11
01052001582,010-5200-1582,original,1.0000000002039808,140,1.4559891616343946e-11
01052001582,010-5200-1582,original,1.0000000002039808,141,1.079534082954006e-10
01052001582,010-5200-1582,original,1.0000000002039808,142,-4.3711861236353563e-10
01052001582,010-5200-1582,original,1.0000000002039808,143,-2.0837973746690918e-10
01052001582,010-5200-1582,original,1.0000000002039808,144,4.409203492293901e-11
01052001582,010-5200-1582,original,1.0000000002039808,145,1.3106046099303052e-10
01052001582,010-5200-1582,original,1.0000000002039808,146,-1.4012759285857224e-10
01052001582,010-5200-1582,original,1.0000000002039808,147,1.092277908789516e-10
01052001582,010-5200-1582,original,1.0000000002039808,148,-1.2908962864481255e-10
01052001582,010-5200-1582,original,1.0000000002039808,149,-2.6306038363331087e-10
01052001582,010-5200-1582,original,1.0000000002039808,150,-2.83448615761834e-10
01052001582,010-5200-1582,original,1.0000000002039808,151,-9.348595060388629e-11
01052001582,010-5200-1582,original,1.0000000002039808,152,1.8893234566732195e-10
01052001582,010-5200-1582,original,1.0000000002039808,153,-8.912127150885899e-11
01052001582,010-5200-1582,original,1.0000000002039808,154,-7.286038640057897e-12
01052001582,010-5200-1582,original,1.0000000002039808,155,7.233958257029288e-11
01052001582,010-5200-1582,original,1.0000000002039808,156,-4.80706298294471e-12
01052001582,010-5200-1582,original,1.0000000002039808,157,-9.396224947984266e-11
01052001582,010-5200-1582,original,1.0000000002039808,158,-1.9445331275940204e-10
01052001582,010-5200-1582,original,1.0000000002039808,159,1.1690854106352475e-10
01052001582,010-5200-1582,original,1.0000000002039808,160,1.0286027323881642e-10
01052001582,010-5200-1582,original,1.0000000002039808,161,-9.194054482956663e-11
01052001582,010-5200-1582,original,1.0000000002039808,162,-6.515582970610351e-11
01052001582,010-5200-1582,original,1.0000000002039808,163,-2.659389268237575e-11
01052001582,010-5200-1582,original,1.0000000002039808,164,-1.7412355429453594e-10
01052001582,010-5200-1582,original,1.0000000002039808,165,6.764150467204494e-11
01052001582,010-5200-1582,original,1.0000000002039808,166,-7.171749878948925e-11
01052001582,010-5200-1582,original,1.0000000002039808,167,-3.6012006506604404e-10
01052001582,010-5200-1582,original,1.0000000002039808,168,4.631806326412656e-10
01052001582,010-5200-1582,original,1.0000000002039808,169,4.299759547506124e-11
01052001582,010-5200-1582,original,1.0000000002039808,170,-1.496980195830293e-10
01052001582,010-5200-1582,original,1.0000000002039808,171,0.999999683924973
01052001582,010-5200-1582,original,1.0000000002039808,172,0.9999996903152155
01052001582,010-5200-1582,original,1.0000000002039808,173,-1.979458254866644e-10
01052001582,010-5200-1582,original,1.0000000002039808,174,3.7351918258218155e-11
01052001582,010-5200-1582,original,1.0000000002039808,175,-4.598866725889343e-11
01052001582,010-5200-1582,original,1.0000000002039808,176,2.20880247612501e-12
01052001582,010-5200-1582,original,1.0000000002039808,177,-2.464662168554119e-11
01052001582,010-5200-1582,original,1.0000000002039808,178,-9.607237139747328e-11
01052001582,010-5200-1582,original,1.0000000002039808,179,-3.737294167588514e-10
01052001582,010-5200-1582,original,1.0000000002039808,180,1.9625015619385976e-10
01052001582,010-5200-1582,original,1.0000000002039808,181,-2.6051961827945244e-10
01052001582,010-5200-1582,original,1.0000000002039808,182,3.8789245999469714e-10
01052001582,010-5200-1582,original,1.0000000002039808,183,-1.3290223296620907e-10
01052001582,010-5200-1582,original,1.0000000002039808,184,5.1560692712206624e-11
01052001582,010-5200-1582,original,1.0000000002039808,185,1.1287610527208256e-10
01052001582,010-5200-1582,original,1.0000000002039808,186,-1.0105850826539786e-11
01052001582,010-5200-1582,original,1.0000000002039808,187,7.617246393597052e-11
01052001582,010-5200-1582,original,1.0000000002039808,188,-1.3366475428172585e-10
01052001582,010-5200-1582,original,1.0000000002039808,189,-1.637652364565049e-10
01052001582,010-5200-1582,original,1.0000000002039808,190,8.559094807384393e-11
01052001582,010-5200-1582,original,1.0000000002039808,191,-5.0759896954327507e-11
01052001582,010-5200-1582,original,1.0000000002039808,192,-1.8653706768132553e-11
01052001582,010-5200-1582,original,1.0000000002039808,193,4.3906802258239437e-10
01052001582,010-5200-1582,original,1.0000000002039808,194,-1.8088292051052872e-11
01052001582,010-5200-1582,original,1.0000000002039808,195,-8.2340561961329e-11
01052001582,010-5200-1582,original,1.0000000002039808,196,5.034731075324102e-11
01052001582,010-5200-1582,original,1.0000000002039808,197,1.8012654282469197e-10
01052001582,010-5200-1582,original,1.0000000002039808,198,-2.57479946237786e-11
01052001582,010-5200-1582,original,1.0000000002039808,199,2.962747082798173e-10
01052001582,010-5200-1582,original,1.0000000002039808,200,1.4227095004857462e-11
01052001582,010-5200-1582,original,1.0000000002039808,201,4.4821648880060726e-11
01052001582,010-5200-1582,original,1.0000000002039808,202,4.5561494494050787e-10
01052001582,010-5200-1582,original,1.0000000002039808,203,4.044999780476546e-11
01052001583,010-5200-1583,"one digit, last group",2.3070799123546666e-10,0,-6.561874373113778e-11
01052001583,010-5200-1583,"one digit, last group",2.3070799123546666e-10,1,2.0866705271819922e-10
01052001583,010-5200-1583,"one digit, last group",2.3070799123546666e-10,2,-4.0739978508067155e-10
01052001583,010-5200-1583,"one digit, last group",2.3070799123546666e-10,3,-9.570524502859484e-12
01052001583,010-5200-1583,"one digit, last group",2.3070799123546666e-10,4,-3.225049761245109e-11
01052001583,010-5200-1583,"one digit, last group",2.3070799123546666e-10,5,-2.5031736156126447e-10
01052001583,010-5200-1583,"one digit, last group",2.3070799123546666e-10,6,9.437219431478987e-11
01052001583,010-5200-1583,"one digit, last group",2.3070799123546666e-10,7,1.915971282040205e-11
01052001583,010-5200-1583,"one digit, last group",2.3070799123546666e-10,8,3.506928537709196e-11
01052001583,010-5200-1583,"one digit, last group",2.3070799123546666e-10,9,-1.576609469215423e-11
01052001583,010-5200-1583,"one digit, last group",2.3070799123546666e-10,10,-1.551314668416968e-12
01052001583,010-5200-1583,"one digit, last group",2.3070799123546666e-10,11,-4.834241918182657e-10
01052001583,010-5200-1583,"one digit, last group",2.3070799123546666e-10,12,-1.993004704937942e-10
01052001583,010-5200-1583,"one digit, last group",2.3070799123546666e-10,13,1.1360177379693828e-10
01052001583,010-5200-1583,"one digit, last group",2.3070799123546666e-10,14,6.074316551387112e-11
01052001583,010-5200-1583,"one digit, last group",2.3070799123546666e-10,15,1.2025373540587304e-10
01052001583,010-5200-1583,"one digit, last group",2.3070799123546666e-10,16,-2.190998077714777e-10
01052001583,010-5200-1583,"one digit, last group",2.3070799123546666e-10,17,-3.996149336575538e-10
01052001583,010-5200-1583,"one digit, last group",2.3070799123546666e-10,18,3.366117344997177e-11
01052001583,010-5200-1583,"one digit, last group",2.3070799123546666e-10,19,-2.0777541727048642e-11
01052001583,010-5200-1583,"one digit, last group",2.3070799123546666e-10,20,5.5543756481660905e-11
01052001583,010-5200-1583,"one digit, last group",2.3070799123546666e-10,21,-8.867507513529423e-11
01052001583,010-5200-1583,"one digit, last group",2.3070799123546666e-10,22,7.459795067468556e-11
01052001583,010-5200-1583,"one digit, last group",2.3070799123546666e-10,23,2.1768308967572259e-10
01052001583,010-5200-1583,"one digit, last group",2.3070799123546666e-10,24,1.181926727029731e-10
01052001583,010-5200-1583,"one digit, last group",2.3070799123546666e-10,25,-1.1262004279841766e-10
01052001583,010-5200-1583,"one digit, last group",2.3070799123546666e-10,26,1.9384631055043934e-10
01052001583,010-5200-1583,"one digit, last group",2.3070799123546666e-10,27,-1.4502167878105196e-10
01052001583,010-5200-1583,"one digit, last group",2.3070799123546666e-10,28,1.6857500880925808e-10
01052001583,010-5200-1583,"one digit, last group",2.3070799123546666e-10,29,-6.89138457572519e-11
01052001583,010-5200-1583,"one digit, last group",2.3070799123546666e-10,30,1.0768635574014601e-10
01052001583,010-5200-1583,"one digit, last group",2.3070799123546666e-10,31,-7.631431980708244e-11
01052001583,010-5200-1583,"one digit, last group",2.3070799123546666e-10,32,2.112867760487674e-10
01052001583,010-5200-1583,"one digit, last group",2.3070799123546666e-10,33,-3.8839237404438216e-11
01052001583,010-5200-1583,"one digit, last group",2.3070799123546666e-10,34,3.572605766088123e-11
01052001583,010-5200-1583,"one digit, last group",2.3070799123546666e-10,35,-7.21639181487907e-11
01052001583,010-5200-1583,"one digit, last group",2.3070799123546666e-10,36,-3.4651155151004476e-11
01052001583,010-5200-1583,"one digit, last group",2.3070799123546666e-10,37,-2.134507256807452e-10
01052001583,010-5200-1583,"one digit, last group",2.3070799123546666e-10,38,-7.885009312674325e-11
01052001583,010-5200-1583,"one digit, last group",2.3070799123546666e-10,39,-1.347353029415872e-10
01052001583,010-5200-1583,"one digit, last group",2.3070799123546666e-10,40,-6.107188054851394e-13
01052001583,010-5200-1583,"one digit, last group",2.3070799123546666e-10,41,-8.174947472235087e-11
01052001583,010-5200-1583,"one digit, last group",2.3070799123546666e-10,42,-1.1252919284843459e-10
01052001583,010-5200-1583,"one digit, last group",2.3070799123546666e-10,43,-9.122504572482064e-11
01052001583,010-5200-1583,"one digit, last group",2.3070799123546666e-10,44,-2.06542849160153e-11
01052001583,010-5200-1583,"one digit, last group",2.3070799123546666e-10,45,5.464901411857043e-11
01052001583,010-5200-1583,"one digit, last group",2.3070799123546666e-10,46,-7.374220469436941e-11
01052001583,010-5200-1583,"one digit, last group",2.3070799123546666e-10,47,-6.748798859341758e-11
01052001583,010-5200-1583,"one digit, last group",2.3070799123546666e-10,48,4.978740548068412e-11
01052001583,010-5200-1583,"one digit, last group",2.3070799123546666e-10,49,1.10564298857545e-10
01052001583,010-5200-1583,"one digit, last group",2.3070799123546666e-10,50,5.093703027628063e-10
01052001583,010-5200-1583,"one digit, last group",2.3070799123546666e-10,51,-5.981040294292141e-11
01052001583,010-5200-1583,"one digit, last group",2.3070799123546666e-10,52,-2.4839727857767614e-10
01052001583,010-5200-1583,"one digit, last group",2.3070799123546666e-10,53,-8.970243554791162e-14
01052001583,010-5200-1583,"one digit, last group",2.3070799123546666e-10,54,1.7456551599421048e-12
01052001583,010-5200-1583,"one digit, last group",2.3070799123546666e-10,55,-8.496386757721993e-11
01052001583,010-5200-1583,"one digit, last group",2.3070799123546666e-10,56,1.8602927312761206e-10
01052001583,010-5200-1583,"one digit, last group",2.3070799123546666e-10,57,1.0296908969715818e-11
01052001583,010-5200-1583,"one digit, last group",2.3070799123546666e-10,58,3.005696095660561e-11
01052001583,010-5200-1583,"one digit, last group",2.3070799123546666e-10,59,-2.2867417810139742e-10
01052001583,010-5200-1583,"one digit, last group",2.3070799123546666e-10,60,7.576061127391404e-11
01052001583,010-5200-1583,"one digit, last group",2.3070799123546666e-10,61,9.047438492774372e-12
01052001583,010-5200-1583,"one digit, last group",2.3070799123546666e-10,62,-1.70135001973807e-10
01052001583,010-5200-1583,"one digit, last group",2.3070799123546666e-10,63,-3.026025942566289e-11
01052001583,010-5200-1583,"one digit, last group",2.3070799123546666e-10,64,5.501860468626156e-12
01052001583,010-5200-1583,"one digit, last group",2.3070799123546666e-10,65,-2.5113963010057444e-10
01052001583,010-5200-1583,"one digit, last group",2.3070799123546666e-10,66,-1.2957809441398289e-10
01052001583,010-5200-1583,"one digit, last group",2.3070799123546666e-10,67,1.9167509329289125e-11
01052001583,010-5200-1583,"one digit, last group",2.3070799123546666e-10,68,2.5453009029370044e-10
01052001583,010-5200-1583,"one digit, last group",2.3070799123546666e-10,69,2.8902426560034814e-11
01052001583,010-5200-1583,"one digit, last group",2.3070799123546666e-10,70,4.955234101578247e-11
01052001583,010-5200-1583,"one digit, last group",2.3070799123546666e-10,71,4.016892512948137e-11
01052001583,010-5200-1583,"one digit, last group",2.3070799123546666e-10,72,-8.841827192636787e-12
01052001583,010-5200-1583,"one digit, last group",2.3070799123546666e-10,73,-1.1079179119805588e-10
01052001583,010-5200-1583,"one digit, last group",2.3070799123546666e-10,74,3.3142250546085486e-10
01052001583,010-5200-1583,"one digit, last group",2.3070799123546666e-10,75,-8.07503115466264e-11
01052001583,010-5200-1583,"one digit, last group",2.3070799123546666e-10,76,-5.464168107150167e-12
01052001583,010-5200-1583,"one digit, last group",2.3070799123546666e-10,77,-1.8515143071221413e-11
01052001583,010-5200-1583,"one digit, last group",2.3070799123546666e-10,78,1.4719597183728615e-10
01052001583,010-5200-1583,"one digit, last group",2.3070799123546666e-10,79,-1.5355457209072877e-10
01052001583,010-5200-1583,"one digit, last group",2.3070799123546666e-10,80,-9.136474858319914e-11
01052001583,010-5200-1583,"one digit, last group",2.3070799123546666e-10,81,3.874410960759346e-10
01052001583,010-5200-1583,"one digit, last group",2.3070799123546666e-10,82,9.834554517710774e-11
01052001583,010-5200-1583,"one digit, last group",2.3070799123546666e-10,83,-4.177385214214413e-11
01052001583,010-5200-1583,"one digit, last group",2.3070799123546666e-10,84,1.9308723780709795e-12
01052001583,010-5200-1583,"one digit, last group",2.3070799123546666e-10,85,-2.744321068586261e-11
01052001583,010-5200-1583,"one digit, last group",2.3070799123546666e-10,86,4.812426756606793e-10
01052001583,010-5200-1583,"one digit, last group",2.3070799123546666e-10,87,-4.737714420156317e-11
01052001583,010-5200-1583,"one digit, last group",2.3070799123546666e-10,88,1.699106479567941e-10
01052001583,010-5200-1583,"one digit, last group",2.3070799123546666e-10,89,-6.567319394569633e-11
01052001583,010-5200-1583,"one digit, last group",2.3070799123546666e-10,90,-1.5030927187433406e-10
01052001583,010-5200-1583,"one digit, last group",2.3070799123546666e-10,91,-3.938699766259691e-12
01052001583,010-5200-1583,"one digit, last group",2.3070799123546666e-10,92,1.9518646267702734e-10
01052001583,010-5200-1583,"one digit, last group",2.3070799123546666e-10,93,-9.282768310226443e-11
01052001583,010-5200-1583,"one digit, last group",2.3070799123546666e-10,94,-1.968730069260849e-10
01052001583,010-5200-1583,"one digit, last group",2.3070799123546666e-10,95,-1.7349384610243474e-10
01052001583,010-5200-1583,"one digit, last group",2.3070799123546666e-10,96,-4.493413918828537e-12
01052001583,010-5200-1583,"one digit, last group",2.3070799123546666e-10,97,-5.42097283469004e-10
01052001583,010-5200-1583,"one digit, last group",2.3070799123546666e-10,98,1.3295561525971882e-10
01052001583,010-5200-1583,"one digit, last group",2.3070799123546666e-10,99,-3.6882678255339205e-11
01052001583,010-5200-1583,"one digit, last group",2.3070799123546666e-10,100,8.59636455531133e-11
01052001583,010-5200-1583,"one digit, last group",2.3070799123546666e-10,101,-2.5587288499465796e-10
01052001583,010-5200-1583,"one digit, last group",2.3070799123546666e-10,102,2.390308843244833e-10
01052001583,010-5200-1583,"one digit, last group",2.3070799123546666e-10,103,2.1717222056039731e-10
01052001583,010-5200-1583,"one digit, last group",2.3070799123546666e-10,104,-3.693493061193448e-12
01052001583,010-5200-1583,"one digit, last group",2.3070799123546666e-10,105,7.322660542149801e-11
01052001583,010-5200-1583,"one digit, last group",2.3070799123546666e-10,106,-9.81886042056661e-11
01052001583,010-5200-1583,"one digit, last group",2.3070799123546666e-10,107,3.721373788901002e-11
01052001583,010-5200-1583,"one digit, last group",2.3070799123546666e-10,108,-2.5370616564869464e-11
01052001583,010-5200-1583,"one digit, last group",2.3070799123546666e-10,109,-1.84913674661127e-11
01052001583,010-5200-1583,"one digit, last group",2.3070799123546666e-10,110,1.3206209025633915e-10
01052001583,010-5200-1583,"one digit, last group",2.3070799123546666e-10,111,-6.8693930236442e-11
01052001583,010-5200-1583,"one digit, last group",2.3070799123546666e-10,112,-3.443351155730297e-10
01052001583,010-5200-1583,"one digit, last group",2.3070799123546666e-10,113,6.916576984732104e-12
01052001583,010-5200-1583,"one digit, last group",2.3070799123546666e-10,114,-2.53189446303288e-10
01052001583,010-5200-1583,"one digit, last group",2.3070799123546666e-10,115,-1.6121392079998053e-11
01052001583,010-5200-1583,"one digit, last group",2.3070799123546666e-10,116,1.2126446846593e-10
01052001583,010-5200-1583,"one digit, last group",2.3070799123546666e-10,117,-1.2524058416529866e-10
01052001583,010-5200-1583,"one digit, last group",2.3070799123546666e-10,118,4.3296266927360235e-12
01052001583,010-5200-1583,"one digit, last group",2.3070799123546666e-10,119,1.562797268408822e-10
01052001583,010-5200-1583,"one digit, last group",2.3070799123546666e-10,120,-8.546263397131403e-11
01052001583,010-5200-1583,"one digit, last group",2.3070799123546666e-10,121,-4.8629256057806097e-11
01052001583,010-5200-1583,"one digit, last group",2.3070799123546666e-10,122,2.959072646228957e-10
01052001583,010-5200-1583,"one digit, last group",2.3070799123546666e-10,123,8.931239703474957e-12
01052001583,010-5200-1583,"one digit, last group",2.3070799123546666e-10,124,2.8006806796986896e-10
01052001583,010-5200-1583,"one digit, last group",2.3070799123546666e-10,125,-5.920612915565245e-10
01052001583,010-5200-1583,"one digit, last group",2.3070799123546666e-10,126,2.7082735619241275e-11
01052001583,010-5200-1583,"one digit, last group",2.3070799123546666e-10,127,-1.7593270908892743e-10
01052001583,010-5200-1583,"one digit, last group",2.3070799123546666e-10,128,-2.389844713958603e-10
01052001583,010-5200-1583,"one digit, last group",2.3070799123546666e-10,129,6.097268778451945e-11
01052001583,010-5200-1583,"one digit, last group",2.3070799123546666e-10,130,-6.017969209535465e-11
01052001583,010-5200-1583,"one digit, last group",2.3070799123546666e-10,131,-7.713064825638598e-11
01052001583,010-5200-1583,"one digit, last group",2.3070799123546666e-10,132,7.162216219864856e-11
01052001583,010-5200-1583,"one digit, last group",2.3070799123546666e-10,133,-1.8075946608009824e-10
01052001583,010-5200-1583,"one digit, last group",2.3070799123546666e-10,134,-1.412532964894463e-10
01052001583,010-5200-1583,"one digit, last group",2.3070799123546666e-10,135,1.8772045561450354e-11
01052001583,010-5200-1583,"one digit, last group",2.3070799123546666e-10,136,-3.0536773897531707e-11
01052001583,010-5200-1583,"one digit, last group",2.3070799123546666e-10,137,-5.978768696234462e-11
01052001583,010-5200-1583,"one digit, last group",2.3070799123546666e-10,138,1.9115310192676226e-10
01052001583,010-5200-1583,"one digit, last group",2.3070799123546666e-10,139,1.993406721316761e-10
01052001583,010-5200-1583,"one digit, last group",2.3070799123546666e-10,140,3.058962099008586e-10
01052001583,010-5200-1583,"one digit, last group",2.3070799123546666e-10,141,4.252371521396829e-11
01052001583,010-5200-1583,"one digit, last group",2.3070799123546666e-10,142,1.773156176270938e-10
01052001583,010-5200-1583,"one digit, last group",2.3070799123546666e-10,143,1.151747348201454e-10
01052001583,010-5200-1583,"one digit, last group",2.3070799123546666e-10,144,-1.9249341981748483e-10
01052001583,010-5200-1583,"one digit, last group",2.3070799123546666e-10,145,7.939976875365051e-11
01052001583,010-5200-1583,"one digit, last group",2.3070799123546666e-10,146,6.028346725180508e-11
01052001583,010-5200-1583,"one digit, last group",2.3070799123546666e-10,147,1.4940978754435032e-11
01052001583,010-5200-1583,"one digit, last group",2.3070799123546666e-10,148,3.10393009065164e-11
01052001583,010-5200-1583,"one digit, last group",2.3070799123546666e-10,149,-2.277061976629779e-11
01052001583,010-5200-1583,"one digit, last group",2.3070799123546666e-10,150,-1.4770440439100515e-10
01052001583,010-5200-1583,"one digit, last group",2.3070799123546666e-10,151,3.3526731956789494e-11
01052001583,010-5200-1583,"one digit, last group",2.3070799123546666e-10,152,-2.453751160892184e-10
01052001583,010-5200-1583,"one digit, last group",2.3070799123546666e-10,153,1.6388944242355e-10
01052001583,010-5200-1583,"one digit, last group",2.3070799123546666e-10,154,4.607834531971441e-11
01052001583,010-5200-1583,"one digit, last group",2.3070799123546666e-10,155,-4.217769327206704e-10
01052001583,010-5200-1583,"one digit, last group",2.3070799123546666e-10,156,1.143083529129596e-11
01052001583,010-5200-1583,"one digit, last group",2.3070799123546666e-10,157,4.075161076567584e-11
01052001583,010-5200-1583,"one digit, last group",2.3070799123546666e-10,158,-1.5177639455762933e-10
01052001583,010-5200-1583,"one digit, last group",2.3070799123546666e-10,159,5.4108549947746456e-11
01052001583,010-5200-1583,"one digit, last group",2.3070799123546666e-10,160,-3.064198853606347e-10
01052001583,010-5200-1583,"one digit, last group",2.3070799123546666e-10,161,3.3721250354992346e-11
01052001583,010-5200-1583,"one digit, last group",2.3070799123546666e-10,162,-8.278300730295213e-11
01052001583,010-5200-1583,"one digit, last group",2.3070799123546666e-10,163,-1.8772189232065696e-11
01052001583,010-5200-1583,"one digit, last group",2.3070799123546666e-10,164,4.20433747302395e-11
01052001583,010-5200-1583,"one digit, last group",2.3070799123546666e-10,165,-9.519705106522425e-11
01052001583,010-5200-1583,"one digit, last group",2.3070799123546666e-10,166,-8.682743186805403e-11
01052001583,010-5200-1583,"one digit, last group",2.3070799123546666e-10,167,4.91232753943002e-10
01052001583,010-5200-1583,"one digit, last group",2.3070799123546666e-10,168,-9.856901003433042e-11
01052001583,010-5200-1583,"one digit, last group",2.3070799123546666e-10,169,-2.988875697114995e-10
01052001583,010-5200-1583,"one digit, last group",2.3070799123546666e-10,170,9.335124856323867e-11
01052001583,010-5200-1583,"one digit, last group",2.3070799123546666e-10,171,-2.0079617327586012e-09
01052001583,010-5200-1583,"one digit, last group",2.3070799123546666e-10,172,-1.337817213902283e-09
01052001583,010-5200-1583,"one digit, last group",2.3070799123546666e-10,173,3.652293806804552e-11
01052001583,010-5200-1583,"one digit, last group",2.3070799123546666e-10,174,8.136744687171025e-11
01052001583,010-5200-1583,"one digit, last group",2.3070799123546666e-10,175,2.340476653054231e-11
01052001583,010-5200-1583,"one digit, last group",2.3070799123546666e-10,176,6.191731723757116e-11
01052001583,010-5200-1583,"one digit, last group",2.3070799123546666e-10,177,2.561427687239322e-10
01052001583,010-5200-1583,"one digit, last group",2.3070799123546666e-10,178,8.24999385417023e-11
01052001583,010-5200-1583,"one digit, last group",2.3070799123546666e-10,179,3.910274745735491e-10
01052001583,010-5200-1583,"one digit, last group",2.3070799123546666e-10,180,8.65429266546746e-11
01052001583,010-5200-1583,"one digit, last group",2.3070799123546666e-10,181,4.099164627269869e-10
01052001583,010-5200-1583,"one digit, last group",2.3070799123546666e-10,182,-4.73848439314624e-10
01052001583,010-5200-1583,"one digit, last group",2.3070799123546666e-10,183,1.4926752970847482e-10
01052001583,010-5200-1583,"one digit, last group",2.3070799123546666e-10,184,-3.191861628201438e-11
01052001583,010-5200-1583,"one digit, last group",2.3070799123546666e-10,185,1.1146000198654642e-11
01052001583,010-5200-1583,"one digit, last group",2.3070799123546666e-10,186,2.4214650911929553e-10
01052001583,010-5200-1583,"one digit, last group",2.3070799123546666e-10,187,-2.271058612216686e-11
01052001583,010-5200-1583,"one digit, last group",2.3070799123546666e-10,188,-3.83526307766835e-11
01052001583,010-5200-1583,"one digit, last group",2.3070799123546666e-10,189,1.0314289993601183e-10
01052001583,010-5200-1583,"one digit, last group",2.3070799123546666e-10,190,1.1354228540275787e-10
01052001583,010-5200-1583,"one digit, last group",2.3070799123546666e-10,191,4.70373688388504e-11
01052001583,010-5200-1583,"one digit, last group",2.3070799123546666e-10,192,3.636189560511062e-11
01052001583,010-5200-1583,"one digit, last group",2.3070799123546666e-10,193,4.5354692157563553e-10
01052001583,010-5200-1583,"one digit, last group",2.3070799123546666e-10,194,7.963454439175902e-12
01052001583,010-5200-1583,"one digit, last group",2.3070799123546666e-10,195,1.259928715729545e-10
01052001583,010-5200-1583,"one digit, last group",2.3070799123546666e-10,196,6.346881560648315e-11
01052001583,010-5200-1583,"one digit, last group",2.3070799123546666e-10,197,-2.394643427072967e-10
01052001583,010-5200-1583,"one digit, last group",2.3070799123546666e-10,198,-1.5825372927284364e-10
01052001583,010-5200-1583,"one digit, last group",2.3070799123546666e-10,199,-2.1372675178055654e-10
01052001583,010-5200-1583,"one digit, last group",2.3070799123546666e-10,200,4.806559443120384e-11
01052001583,010-5200-1583,"one digit, last group",2.3070799123546666e-10,201,5.513344381652585e-11
01052001583,010-5200-1583,"one digit, last group",2.3070799123546666e-10,202,-5.988550881899663e-10
01052001583,010-5200-1583,"one digit, last group",2.3070799123546666e-10,203,1.1850939133396563e-11
00653004858,006-5300-4858,original,1.000000000151948,0,-1.0543200191223673e-10
00653004858,006-5300-4858,original,1.000000000151948,1,3.3191100415988166e-11
00653004858,006-5300-4858,original,1.000000000151948,2,2.1953642639018856e-10
00653004858,006-5300-4858,original,1.000000000151948,3,2.520588095150199e-11
00653004858,006-5300-4858,original,1.000000000151948,4,1.3748043108045169e-10
00653004858,006-5300-4858,original,1.000000000151948,5,1.0993363015611935e-10
00653004858,006-5300-4858,original,1.000000000151948,6,1.5876946063754207e-10
00653004858,006-5300-4858,original,1.000000000151948,7,1.644788290023705e-10
00653004858,006-5300-4858,original,1.000000000151948,8,-4.4595404665816406e-11
00653004858,006-5300-4858,original,1.000000000151948,9,4.1496899642793626e-11
00653004858,006-5300-4858,original,1.000000000151948,10,9.049680824630589e-12
00653004858,006-5300-4858,original,1.000000000151948,11,1.5626873755276547e-10
00653004858,006-5300-4858,original,1.000000000151948,12,1.1175919382016974e-10
00653004858,006-5300-4858,original,1.000000000151948,13,3.029533398100661e-11
00653004858,006-5300-4858,original,1.000000000151948,14,-6.217176954554912e-11
00653004858,006-5300-4858,original,1.000000000151948,15,4.170868526030551e-12
00653004858,006-5300-4858,original,1.000000000151948,16,1.8285823934863993e-10
00653004858,006-5300-4858,original,1.000000000151948,17,4.6014414828171147e-10
00653004858,006-5300-4858,original,1.000000000151948,18,-1.4384399899802315e-10
00653004858,006-5300-4858,original,1.000000000151948,19,5.530137670689243e-11
00653004858,006-5300-4858,original,1.000000000151948,20,-9.192806173048337e-12
00653004858,006-5300-4858,original,1.000000000151948,21,4.035416577661305e-11
00653004858,006-5300-4858,original,1.000000000151948,22,-1.7585841121177017e-10
00653004858,006-5300-4858,original,1.000000000151948,23,-1.660871702153788e-11
00653004858,006-5300-4858,original,1.000000000151948,24,-6.000317214543758e-11
00653004858,006-5300-4858,original,1.000000000151948,25,2.3279891784037358e-11
00653004858,006-5300-4858,original,1.000000000151948,26,-5.894776848090841e-10
00653004858,006-5300-4858,original,1.000000000151948,27,-1.279888993147274e-10
00653004858,006-5300-4858,original,1.000000000151948,28,-4.3238820665039165e-10
00653004858,006-5300-4858,original,1.000000000151948,29,5.0133271270201455e-11
00653004858,006-5300-4858,original,1.000000000151948,30,6.400736361879441e-11
00653004858,006-5300-4858,original,1.000000000151948,31,-2.3933997827589112e-11
00653004858,006-5300-4858,original,1.000000000151948,32,-3.946837086790579e-10
00653004858,006-5300-4858,original,1.000000000151948,33,1.4295778634203124e-10
00653004858,006-5300-4858,original,1.000000000151948,34,2.5072048110234773e-10
00653004858,006-5300-4858,original,1.000000000151948,35,2.4538849294955066e-12
00653004858,006-5300-4858,original,1.000000000151948,36,-1.6171765189309526e-11
00653004858,006-5300-4858,original,1.000000000151948,37,-1.3980491641574392e-10
00653004858,006-5300-4858,original,1.000000000151948,38,5.7895634792631e-11
00653004858,006-5300-4858,original,1.000000000151948,39,-8.990751895998874e-11
00653004858,006-5300-4858,original,1.000000000151948,40,-1.4918177790637388e-10
00653004858,006-5300-4858,original,1.000000000151948,41,-3.6409126934432934e-11
00653004858,006-5300-4858,original,1.000000000151948,42,1.1955853395579306e-10
00653004858,006-5300-4858,original,1.000000000151948,43,3.280016091934096e-11
00653004858,006-5300-4858,original,1.000000000151948,44,9.876610887597808e-11
00653004858,006-5300-4858,original,1.000000000151948,45,-7.343237906906386e-11
00653004858,006-5300-4858,original,1.000000000151948,46,-1.0535179563034862e-11
00653004858,006-5300-4858,original,1.000000000151948,47,-4.103808906473576e-11
00653004858,006-5300-4858,original,1.000000000151948,48,-1.84324150367418e-12
00653004858,006-5300-4858,original,1.000000000151948,49,-3.1478014800498416e-10
00653004858,006-5300-4858,original,1.000000000151948,50,1.9497743737487522e-10
00653004858,006-5300-4858,original,1.000000000151948,51,-1.2652364395408814e-11
00653004858,006-5300-4858,original,1.000000000151948,52,6.171573580598276e-11
00653004858,006-5300-4858,original,1.000000000151948,53,2.014108305083452e-11
00653004858,006-5300-4858,original,1.000000000151948,54,1.8019474873184365e-11
00653004858,006-5300-4858,original,1.000000000151948,55,1.842499188528e-10
00653004858,006-5300-4858,original,1.000000000151948,56,-1.8696400071824876e-10
00653004858,006-5300-4858,original,1.000000000151948,57,-2.1216416755648112e-11
00653004858,006-5300-4858,original,1.000000000151948,58,-2.7985749711787244e-12
00653004858,006-5300-4858,original,1.000000000151948,59,7.241887685860614e-11
00653004858,006-5300-4858,original,1.000000000151948,60,-1.354583436964257e-10
00653004858,006-5300-4858,original,1.000000000151948,61,-5.019618173140052e-11
00653004858,006-5300-4858,original,1.000000000151948,62,-9.5785994938e-11
00653004858,006-5300-4858,original,1.000000000151948,63,-6.624380165588654e-12
00653004858,006-5300-4858,original,1.000000000151948,64,-3.4311387343263425e-10
00653004858,006-5300-4858,original,1.000000000151948,65,2.0937969265737207e-10
00653004858,006-5300-4858,original,1.000000000151948,66,-3.5487190818728744e-11
00653004858,006-5300-4858,original,1.000000000151948,67,-7.45226322684064e-11
00653004858,006-5300-4858,original,1.000000000151948,68,1.1346957326987065e-10
00653004858,006-5300-4858,original,1.000000000151948,69,8.166638672079563e-13
00653004858,006-5300-4858,original,1.000000000151948,70,1.2907442470912226e-10
00653004858,006-5300-4858,original,1.000000000151948,71,-1.4538632879014898e-10
00653004858,006-5300-4858,original,1.000000000151948,72,-5.035456127682233e-12
00653004858,006-5300-4858,original,1.000000000151948,73,-8.940806359383377e-11
00653004858,006-5300-4858,original,1.000000000151948,74,-5.2165526598844605e-11
00653004858,006-5300-4858,original,1.000000000151948,75,4.8605797967791963e-11
00653004858,006-5300-4858,original,1.000000000151948,76,-2.5717803805648207e-10
00653004858,006-5300-4858,original,1.000000000151948,77,-2.5263587221231595e-11
00653004858,006-5300-4858,original,1.000000000151948,78,8.783195037837878e-11
00653004858,006-5300-4858,original,1.000000000151948,79,-6.446349007829237e-12
00653004858,006-5300-4858,original,1.000000000151948,80,-9.711393884259817e-12
00653004858,006-5300-4858,original,1.000000000151948,81,-6.616046836849951e-11
00653004858,006-5300-4858,original,1.000000000151948,82,2.814511187617759e-10
00653004858,006-5300-4858,original,1.000000000151948,83,-1.8466094008788764e-11
00653004858,006-5300-4858,original,1.000000000151948,84,5.533820586875258e-11
00653004858,006-5300-4858,original,1.000000000151948,85,-1.955572035305063e-11
00653004858,006-5300-4858,original,1.000000000151948,86,-6.528552516433389e-10
00653004858,006-5300-4858,original,1.000000000151948,87,-9.45275644026593e-12
00653004858,006-5300-4858,original,1.000000000151948,88,-8.443095091222247e-11
00653004858,006-5300-4858,original,1.000000000151948,89,3.556807858312971e-11
00653004858,006-5300-4858,original,1.000000000151948,90,3.846999470632917e-11
00653004858,006-5300-4858,original,1.000000000151948,91,-1.2182004142425932e-10
00653004858,006-5300-4858,original,1.000000000151948,92,2.409006140432468e-10
00653004858,006-5300-4858,original,1.000000000151948,93,-1.299252610210648e-10
00653004858,006-5300-4858,original,1.000000000151948,94,1.1314622874000557e-10
00653004858,006-5300-4858,original,1.000000000151948,95,1.0986826521968843e-10
00653004858,006-5300-4858,original,1.000000000151948,96,-7.380299578689952e-11
00653004858,006-5300-4858,original,1.000000000151948,97,1.6741590158149035e-10
00653004858,006-5300-4858,original,1.000000000151948,98,-6.075185010217806e-12
00653004858,006-5300-4858,original,1.000000000151948,99,-4.754624742640392e-11
00653004858,006-5300-4858,original,1.000000000151948,100,2.8611451307703675e-11
00653004858,006-5300-4858,original,1.000000000151948,101,3.86071893181054e-11
00653004858,006-5300-4858,original,1.000000000151948,102,2.389581814624163e-10
00653004858,006-5300-4858,original,1.000000000151948,103,7.554224173290296e-10
00653004858,006-5300-4858,original,1.000000000151948,104,-5.2821475973383955e-11
00653004858,006-5300-4858,original,1.000000000151948,105,-7.765560616798834e-11
00653004858,006-5300-4858,original,1.000000000151948,106,-5.1035258506852725e-12
00653004858,006-5300-4858,original,1.000000000151948,107,6.61399109288498e-11
00653004858,006-5300-4858,original,1.000000000151948,108,7.296961784886822e-11
00653004858,006-5300-4858,original,1.000000000151948,109,-2.1156194993485549e-10
00653004858,006-5300-4858,original,1.000000000151948,110,1.0938210873137856e-10
00653004858,006-5300-4858,original,1.000000000151948,111,2.419063802513581e-10
00653004858,006-5300-4858,original,1.000000000151948,112,7.870792763868611e-11
00653004858,006-5300-4858,original,1.000000000151948,113,-1.3796020626683787e-11
00653004858,006-5300-4858,original,1.000000000151948,114,-7.839734423185464e-11
00653004858,006-5300-4858,original,1.000000000151948,115,-1.0849085682009034e-11
00653004858,006-5300-4858,original,1.000000000151948,116,9.670100117696265e-11
00653004858,006-5300-4858,original,1.000000000151948,117,8.296213382858867e-12
00653004858,006-5300-4858,original,1.000000000151948,118,-1.9157457116757071e-10
00653004858,006-5300-4858,original,1.000000000151948,119,-2.601161167305874e-10
00653004858,006-5300-4858,original,1.000000000151948,120,-4.2140744427754054e-11
00653004858,006-5300-4858,original,1.000000000151948,121,-2.1272595522284995e-10
00653004858,006-5300-4858,original,1.000000000151948,122,-2.4050526038997245e-10
00653004858,006-5300-4858,original,1.000000000151948,123,6.317648385877064e-12
00653004858,006-5300-4858,original,1.000000000151948,124,-1.9554989549866455e-10
00653004858,006-5300-4858,original,1.000000000151948,125,-1.0376637933996726e-10
00653004858,006-5300-4858,original,1.000000000151948,126,6.183108731735184e-11
00653004858,006-5300-4858,original,1.000000000151948,127,1.5299261725101945e-10
00653004858,006-5300-4858,original,1.000000000151948,128,-5.444083664194834e-11
00653004858,006-5300-4858,original,1.000000000151948,129,6.605606084397663e-12
00653004858,006-5300-4858,original,1.000000000151948,130,1.2314950650134812e-11
00653004858,006-5300-4858,original,1.000000000151948,131,6.199718081854057e-12
00653004858,006-5300-4858,original,1.000000000151948,132,-5.471485594570965e-11
00653004858,006-5300-4858,original,1.000000000151948,133,-9.745866203427934e-11
00653004858,006-5300-4858,original,1.000000000151948,134,5.142242037080597e-11
00653004858,006-5300-4858,original,1.000000000151948,135,5.3196483372628297e-11
00653004858,006-5300-4858,original,1.000000000151948,136,3.156755450383546e-11
00653004858,006-5300-4858,original,1.000000000151948,137,-6.624635933260042e-11
00653004858,006-5300-4858,original,1.000000000151948,138,-2.327042336368602e-10
00653004858,006-5300-4858,original,1.000000000151948,139,7.469403829711447e-11
00653004858,006-5300-4858,original,1.000000000151948,140,-5.761436630146001e-11
00653004858,006-5300-4858,original,1.000000000151948,141,-1.0047683474513591e-10
00653004858,006-5300-4858,original,1.000000000151948,142,1.851394902398074e-10
00653004858,006-5300-4858,original,1.000000000151948,143,1.2833039048587154e-10
00653004858,006-5300-4858,original,1.000000000151948,144,1.1531104971768868e-11
00653004858,006-5300-4858,original,1.000000000151948,145,4.703046266766104e-11
00653004858,006-5300-4858,original,1.000000000151948,146,-2.92782368793437e-11
00653004858,006-5300-4858,original,1.000000000151948,147,-3.5071767788076183e-10
00653004858,006-5300-4858,original,1.000000000151948,148,-1.5668318979574139e-10
00653004858,006-5300-4858,original,1.000000000151948,149,1.1827372937032085e-10
00653004858,006-5300-4858,original,1.000000000151948,150,-5.6723176748703116e-11
00653004858,006-5300-4858,original,1.000000000151948,151,1.8495482124958508e-10
00653004858,006-5300-4858,original,1.000000000151948,152,-5.757332829395906e-11
00653004858,006-5300-4858,original,1.000000000151948,153,-8.328460315891443e-11
00653004858,006-5300-4858,original,1.000000000151948,154,3.1398661446215297e-12
00653004858,006-5300-4858,original,1.000000000151948,155,-2.053938881226315e-10
00653004858,006-5300-4858,original,1.000000000151948,156,7.952081952838493e-11
00653004858,006-5300-4858,original,1.000000000151948,157,8.158895869425962e-11
00653004858,006-5300-4858,original,1.000000000151948,158,-8.597151092978892e-12
00653004858,006-5300-4858,original,1.000000000151948,159,2.9437331357344126e-11
00653004858,006-5300-4858,original,1.000000000151948,160,-2.944788130692435e-10
00653004858,006-5300-4858,original,1.000000000151948,161,7.13367484047528e-11
00653004858,006-5300-4858,original,1.000000000151948,162,-1.258118125300475e-10
00653004858,006-5300-4858,original,1.000000000151948,163,3.292030310846613e-11
00653004858,006-5300-4858,original,1.000000000151948,164,-1.2392860570691142e-10
00653004858,006-5300-4858,original,1.000000000151948,165,4.1062904184037907e-10
00653004858,006-5300-4858,original,1.000000000151948,166,3.09018143859688e-11
00653004858,006-5300-4858,original,1.000000000151948,167,-2.147490788513869e-11
00653004858,006-5300-4858,original,1.000000000151948,168,-1.918451354288463e-10
00653004858,006-5300-4858,original,1.000000000151948,169,2.2681739967289318e-10
00653004858,006-5300-4858,original,1.000000000151948,170,-1.1518395558975544e-10
00653004858,006-5300-4858,original,1.000000000151948,171,2.9785564273627646e-10
00653004858,006-5300-4858,original,1.000000000151948,172,-6.659487689382967e-11
00653004858,006-5300-4858,original,1.000000000151948,173,1.8253536129270792e-11
00653004858,006-5300-4858,original,1.000000000151948,174,2.602488255592103e-11
00653004858,006-5300-4858,original,1.000000000151948,175,-9.802653700842037e-11
00653004858,006-5300-4858,original,1.000000000151948,176,-4.16619910318865e-11
00653004858,006-5300-4858,original,1.000000000151948,177,1.4125735260937657e-10
00653004858,006-5300-4858,original,1.000000000151948,178,-3.207316363673089e-11
00653004858,006-5300-4858,original,1.000000000151948,179,-1.1464319554609597e-10
00653004858,006-5300-4858,original,1.000000000151948,180,-2.0055418883427638e-11
00653004858,006-5300-4858,original,1.000000000151948,181,4.614686808637754e-10
00653004858,006-5300-4858,original,1.000000000151948,182,-2.638578998324232e-10
00653004858,006-5300-4858,original,1.000000000151948,183,1.5424793126441713e-10
00653004858,006-5300-4858,original,1.000000000151948,184,-3.3597167638182016e-11
00653004858,006-5300-4858,original,1.000000000151948,185,1.9682467827995285e-11
00653004858,006-5300-4858,original,1.000000000151948,186,4.599273464043935e-11
00653004858,006-5300-4858,original,1.000000000151948,187,0.9999996942648913
00653004858,006-5300-4858,original,1.000000000151948,188,0.9999996886861875
00653004858,006-5300-4858,original,1.000000000151948,189,1.1377905959603339e-11
00653004858,006-5300-4858,original,1.000000000151948,190,-2.268531095579082e-10
00653004858,006-5300-4858,original,1.000000000151948,191,6.391672576577927e-11
00653004858,006-5300-4858,original,1.000000000151948,192,-1.0750230517434936e-10
00653004858,006-5300-4858,original,1.000000000151948,193,-7.714179247880593e-11
00653004858,006-5300-4858,original,1.000000000151948,194,-2.3799663874223127e-11
00653004858,006-5300-4858,original,1.000000000151948,195,1.5808636895529186e-11
00653004858,006-5300-4858,original,1.000000000151948,196,5.430174248291623e-12
00653004858,006-5300-4858,original,1.000000000151948,197,-1.5170243198786594e-10
00653004858,006-5300-4858,original,1.000000000151948,198,-1.18611925563699e-10
00653004858,006-5300-4858,original,1.000000000151948,199,5.457275991902188e-10
00653004858,006-5300-4858,original,1.000000000151948,200,1.3192230717090864e-10
00653004858,006-5300-4858,original,1.000000000151948,201,-3.3450235176915514e-11
00653004858,006-5300-4858,original,1.000000000151948,202,9.35864575837792e-11
00653004858,006-5300-4858,original,1.000000000151948,203,2.637324635869705e-12
00653004859,006-5300-4859,"one digit, last group",-3.092988975372677e-10,0,-4.971267386583467e-11
00653004859,006-5300-4859,"one digit, last group",-3.092988975372677e-10,1,1.0251369907545414e-10
00653004859,006-5300-4859,"one digit, last group",-3.092988975372677e-10,2,1.6862739945242012e-10
00653004859,006-5300-4859,"one digit, last group",-3.092988975372677e-10,3,1.2269200819244859e-11
00653004859,006-5300-4859,"one digit, last group",-3.092988975372677e-10,4,-1.0953782360564776e-11
00653004859,006-5300-4859,"one digit, last group",-3.092988975372677e-10,5,-2.2459326523297497e-10
00653004859,006-5300-4859,"one digit, last group",-3.092988975372677e-10,6,-6.791168862894795e-11
00653004859,006-5300-4859,"one digit, last group",-3.092988975372677e-10,7,9.12830142322278e-11
00653004859,006-5300-4859,"one digit, last group",-3.092988975372677e-10,8,1.0848101706970683e-10
00653004859,006-5300-4859,"one digit, last group",-3.092988975372677e-10,9,2.581969251504055e-11
00653004859,006-5300-4859,"one digit, last group",-3.092988975372677e-10,10,-2.317968785925589e-11
00653004859,006-5300-4859,"one digit, last group",-3.092988975372677e-10,11,2.0111974070760944e-10
00653004859,006-5300-4859,"one digit, last group",-3.092988975372677e-10,12,1.0679171293325084e-10
00653004859,006-5300-4859,"one digit, last group",-3.092988975372677e-10,13,-6.000907855631242e-11
00653004859,006-5300-4859,"one digit, last group",-3.092988975372677e-10,14,-4.21180460561821e-11
00653004859,006-5300-4859,"one digit, last group",-3.092988975372677e-10,15,-9.16603655573605e-11
00653004859,006-5300-4859,"one digit, last group",-3.092988975372677e-10,16,1.3612027662491305e-10
00653004859,006-5300-4859,"one digit, last group",-3.092988975372677e-10,17,1.1129051917789775e-10
00653004859,006-5300-4859,"one digit, last group",-3.092988975372677e-10,18,1.42486434543263e-10
00653004859,006-5300-4859,"one digit, last group",-3.092988975372677e-10,19,5.055047653535912e-11
00653004859,006-5300-4859,"one digit, last group",-3.092988975372677e-10,20,-7.184923728329631e-11
00653004859,006-5300-4859,"one digit, last group",-3.092988975372677e-10,21,-1.662377287830184e-10
00653004859,006-5300-4859,"one digit, last group",-3.092988975372677e-10,22,1.4150681877880897e-10
00653004859,006-5300-4859,"one digit, last group",-3.092988975372677e-10,23,3.4064280498457226e-11
00653004859,006-5300-4859,"one digit, last group",-3.092988975372677e-10,24,-2.1515569350566846e-10
00653004859,006-5300-4859,"one digit, last group",-3.092988975372677e-10,25,3.6547365609018204e-11
00653004859,006-5300-4859,"one digit, last group",-3.092988975372677e-10,26,6.870084235230669e-11
00653004859,006-5300-4859,"one digit, last group",-3.092988975372677e-10,27,4.170362321476143e-11
00653004859,006-5300-4859,"one digit, last group",-3.092988975372677e-10,28,4.734812243733836e-11
00653004859,006-5300-4859,"one digit, last group",-3.092988975372677e-10,29,-6.212372009048118e-11
00653004859,006-5300-4859,"one digit, last group",-3.092988975372677e-10,30,1.2166173437814797e-10
00653004859,006-5300-4859,"one digit, last group",-3.092988975372677e-10,31,3.5167692524954833e-12
00653004859,006-5300-4859,"one digit, last group",-3.092988975372677e-10,32,-3.3064179386591893e-10
00653004859,006-5300-4859,"one digit, last group",-3.092988975372677e-10,33,-2.775338792934984e-10
00653004859,006-5300-4859,"one digit, last group",-3.092988975372677e-10,34,9.042291840888355e-11
00653004859,006-5300-4859,"one digit, last group",-3.092988975372677e-10,35,-1.1587106317546548e-10
00653004859,006-5300-4859,"one digit, last group",-3.092988975372677e-10,36,-7.522859562039821e-11
00653004859,006-5300-4859,"one digit, last group",-3.092988975372677e-10,37,-1.2316220354619954e-10
00653004859,006-5300-4859,"one digit, last group",-3.092988975372677e-10,38,2.391269002276168e-10
00653004859,006-5300-4859,"one digit, last group",-3.092988975372677e-10,39,1.1221974519487697e-10
00653004859,006-5300-4859,"one digit, last group",-3.092988975372677e-10,40,8.368949837519566e-11
00653004859,006-5300-4859,"one digit, last group",-3.092988975372677e-10,41,1.825850437718708e-10
00653004859,006-5300-4859,"one digit, last group",-3.092988975372677e-10,42,-7.530864862119096e-11
00653004859,006-5300-4859,"one digit, last group",-3.092988975372677e-10,43,-8.483748244293358e-11
00653004859,006-5300-4859,"one digit, last group",-3.092988975372677e-10,44,-5.6203232460133616e-11
00653004859,006-5300-4859,"one digit, last group",-3.092988975372677e-10,45,-9.903144936128224e-11
00653004859,006-5300-4859,"one digit, last group",-3.092988975372677e-10,46,5.6734403008154924e-11
00653004859,006-5300-4859,"one digit, last group",-3.092988975372677e-10,47,-2.340546809382858e-10
00653004859,006-5300-4859,"one digit, last group",-3.092988975372677e-10,48,8.152531790636527e-11
00653004859,006-5300-4859,"one digit, last group",-3.092988975372677e-10,49,1.3369088350512997e-10
00653004859,006-5300-4859,"one digit, last group",-3.092988975372677e-10,50,3.7037964427704377e-10
00653004859,006-5300-4859,"one digit, last group",-3.092988975372677e-10,51,-2.948003250412479e-11
00653004859,006-5300-4859,"one digit, last group",-3.092988975372677e-10,52,3.6364062802581725e-11
00653004859,006-5300-4859,"one digit, last group",-3.092988975372677e-10,53,3.5926970965992694e-11
00653004859,006-5300-4859,"one digit, last group",-3.092988975372677e-10,54,-4.356970404605335e-12
00653004859,006-5300-4859,"one digit, last group",-3.092988975372677e-10,55,1.3559086444035482e-10
00653004859,006-5300-4859,"one digit, last group",-3.092988975372677e-10,56,1.3863068204147896e-10
00653004859,006-5300-4859,"one digit, last group",-3.092988975372677e-10,57,2.4311461852234118e-11
00653004859,006-5300-4859,"one digit, last group",-3.092988975372677e-10,58,9.066448909802147e-11
00653004859,006-5300-4859,"one digit, last group",-3.092988975372677e-10,59,9.472864283834366e-11
00653004859,006-5300-4859,"one digit, last group",-3.092988975372677e-10,60,-1.054172400924068e-10
00653004859,006-5300-4859,"one digit, last group",-3.092988975372677e-10,61,-3.761504764569337e-11
00653004859,006-5300-4859,"one digit, last group",-3.092988975372677e-10,62,3.4584574241032257e-10
00653004859,006-5300-4859,"one digit, last group",-3.092988975372677e-10,63,-1.6160583976863621e-10
00653004859,006-5300-4859,"one digit, last group",-3.092988975372677e-10,64,1.0155864340133634e-11
00653004859,006-5300-4859,"one digit, last group",-3.092988975372677e-10,65,-1.8658961467438711e-10
00653004859,006-5300-4859,"one digit, last group",-3.092988975372677e-10,66,1.9069247215823848e-10
00653004859,006-5300-4859,"one digit, last group",-3.092988975372677e-10,67,-1.371053357096654e-10
00653004859,006-5300-4859,"one digit, last group",-3.092988975372677e-10,68,-3.9111747643650555e-11
00653004859,006-5300-4859,"one digit, last group",-3.092988975372677e-10,69,-1.1285388821901119e-10
00653004859,006-5300-4859,"one digit, last group",-3.092988975372677e-10,70,1.1718000772223622e-10
00653004859,006-5300-4859,"one digit, last group",-3.092988975372677e-10,71,-1.2850919607333745e-10
00653004859,006-5300-4859,"one digit, last group",-3.092988975372677e-10,72,-8.755086475750045e-12
00653004859,006-5300-4859,"one digit, last group",-3.092988975372677e-10,73,-5.545426872657651e-12
00653004859,006-5300-4859,"one digit, last group",-3.092988975372677e-10,74,-1.2384446764811802e-10
00653004859,006-5300-4859,"one digit, last group",-3.092988975372677e-10,75,-1.167710203394493e-10
00653004859,006-5300-4859,"one digit, last group",-3.092988975372677e-10,76,5.7337865220170206e-11
00653004859,006-5300-4859,"one digit, last group",-3.092988975372677e-10,77,-2.114764886624993e-11
00653004859,006-5300-4859,"one digit, last group",-3.092988975372677e-10,78,3.068940064619697e-10
00653004859,006-5300-4859,"one digit, last group",-3.092988975372677e-10,79,2.8088238629906574e-10
00653004859,006-5300-4859,"one digit, last group",-3.092988975372677e-10,80,1.0803718006010408e-10
00653004859,006-5300-4859,"one digit, last group",-3.092988975372677e-10,81,-2.5550227060007727e-10
00653004859,006-5300-4859,"one digit, last group",-3.092988975372677e-10,82,3.078579093587913e-10
00653004859,006-5300-4859,"one digit, last group",-3.092988975372677e-10,83,8.241952480676123e-11
00653004859,006-5300-4859,"one digit, last group",-3.092988975372677e-10,84,2.9897211399293505e-12
00653004859,006-5300-4859,"one digit, last group",-3.092988975372677e-10,85,1.6662576392487873e-11
00653004859,006-5300-4859,"one digit, last group",-3.092988975372677e-10,86,-3.1981390129622837e-10
00653004859,006-5300-4859,"one digit, last group",-3.092988975372677e-10,87,-6.839540461653284e-11
00653004859,006-5300-4859,"one digit, last group",-3.092988975372677e-10,88,4.60872877004862e-11
00653004859,006-5300-4859,"one digit, last group",-3.092988975372677e-10,89,-1.0235586415340265e-10
00653004859,006-5300-4859,"one digit, last group",-3.092988975372677e-10,90,-6.338195719827774e-11
00653004859,006-5300-4859,"one digit, last group",-3.092988975372677e-10,91,1.526419103452521e-11
00653004859,006-5300-4859,"one digit, last group",-3.092988975372677e-10,92,2.2165671093558254e-10
00653004859,006-5300-4859,"one digit, last group",-3.092988975372677e-10,93,1.0135512403830707e-10
00653004859,006-5300-4859,"one digit, last group",-3.092988975372677e-10,94,9.289804842545018e-11
00653004859,006-5300-4859,"one digit, last group",-3.092988975372677e-10,95,-2.6229812723009394e-11
00653004859,006-5300-4859,"one digit, last group",-3.092988975372677e-10,96,-1.6069540748562788e-10
00653004859,006-5300-4859,"one digit, last group",-3.092988975372677e-10,97,-1.3561950417967511e-11
00653004859,006-5300-4859,"one digit, last group",-3.092988975372677e-10,98,1.0244968557847954e-10
00653004859,006-5300-4859,"one digit, last group",-3.092988975372677e-10,99,4.415098814779954e-11
00653004859,006-5300-4859,"one digit, last group",-3.092988975372677e-10,100,1.6703323339594038e-10
00653004859,006-5300-4859,"one digit, last group",-3.092988975372677e-10,101,7.110137022897096e-11
00653004859,006-5300-4859,"one digit, last group",-3.092988975372677e-10,102,-2.563526694291304e-10
00653004859,006-5300-4859,"one digit, last group",-3.092988975372677e-10,103,-9.217953609482857e-11
00653004859,006-5300-4859,"one digit, last group",-3.092988975372677e-10,104,2.1201224300230456e-10
00653004859,006-5300-4859,"one digit, last group",-3.092988975372677e-10,105,1.124654190265494e-10
00653004859,006-5300-4859,"one digit, last group",-3.092988975372677e-10,106,1.1486754732457792e-10
00653004859,006-5300-4859,"one digit, last group",-3.092988975372677e-10,107,6.34427939246209e-11
00653004859,006-5300-4859,"one digit, last group",-3.092988975372677e-10,108,8.663650843616631e-11
00653004859,006-5300-4859,"one digit, last group",-3.092988975372677e-10,109,-1.2910346959526931e-10
00653004859,006-5300-4859,"one digit, last group",-3.092988975372677e-10,110,1.2567181469637197e-10
00653004859,006-5300-4859,"one digit, last group",-3.092988975372677e-10,111,6.835816107265564e-12
00653004859,006-5300-4859,"one digit, last group",-3.092988975372677e-10,112,-5.984346579164012e-10
00653004859,006-5300-4859,"one digit, last group",-3.092988975372677e-10,113,1.3783288988689945e-11
00653004859,006-5300-4859,"one digit, last group",-3.092988975372677e-10,114,9.220960991381586e-13
00653004859,006-5300-4859,"one digit, last group",-3.092988975372677e-10,115,1.2158197212246338e-11
00653004859,006-5300-4859,"one digit, last group",-3.092988975372677e-10,116,-6.157773143897201e-13
00653004859,006-5300-4859,"one digit, last group",-3.092988975372677e-10,117,-2.7025114841527464e-10
00653004859,006-5300-4859,"one digit, last group",-3.092988975372677e-10,118,2.487989135258317e-10
00653004859,006-5300-4859,"one digit, last group",-3.092988975372677e-10,119,8.043536418503926e-11
00653004859,006-5300-4859,"one digit, last group",-3.092988975372677e-10,120,-7.085651344384906e-11
00653004859,006-5300-4859,"one digit, last group",-3.092988975372677e-10,121,6.740864020762754e-11
00653004859,006-5300-4859,"one digit, last group",-3.092988975372677e-10,122,1.717817989873476e-10
00653004859,006-5300-4859,"one digit, last group",-3.092988975372677e-10,123,-4.4842814661288306e-11
00653004859,006-5300-4859,"one digit, last group",-3.092988975372677e-10,124,-2.3227072312066013e-11
00653004859,006-5300-4859,"one digit, last group",-3.092988975372677e-10,125,1.829570830918156e-10
00653004859,006-5300-4859,"one digit, last group",-3.092988975372677e-10,126,-7.957605290771119e-11
00653004859,006-5300-4859,"one digit, last group",-3.092988975372677e-10,127,1.3036043234100481e-10
00653004859,006-5300-4859,"one digit, last group",-3.092988975372677e-10,128,5.073171965516608e-12
00653004859,006-5300-4859,"one digit, last group",-3.092988975372677e-10,129,-1.9824233638582163e-11
00653004859,006-5300-4859,"one digit, last group",-3.092988975372677e-10,130,1.0141681671074497e-11
00653004859,006-5300-4859,"one digit, last group",-3.092988975372677e-10,131,3.1925619457674574e-10
00653004859,006-5300-4859,"one digit, last group",-3.092988975372677e-10,132,-8.505592361738856e-11
00653004859,006-5300-4859,"one digit, last group",-3.092988975372677e-10,133,9.961492454322643e-11
00653004859,006-5300-4859,"one digit, last group",-3.092988975372677e-10,134,2.0559924844666132e-10
00653004859,006-5300-4859,"one digit, last group",-3.092988975372677e-10,135,4.616189958659549e-11
00653004859,006-5300-4859,"one digit, last group",-3.092988975372677e-10,136,-5.5408192101530154e-11
00653004859,006-5300-4859,"one digit, last group",-3.092988975372677e-10,137,1.547298079655241e-11
00653004859,006-5300-4859,"one digit, last group",-3.092988975372677e-10,138,-1.879260709235449e-10
00653004859,006-5300-4859,"one digit, last group",-3.092988975372677e-10,139,4.9987195611047647e-11
00653004859,006-5300-4859,"one digit, last group",-3.092988975372677e-10,140,1.3851139250383884e-10
00653004859,006-5300-4859,"one digit, last group",-3.092988975372677e-10,141,2.2370701824974063e-12
00653004859,006-5300-4859,"one digit, last group",-3.092988975372677e-10,142,2.2624284387254258e-10
00653004859,006-5300-4859,"one digit, last group",-3.092988975372677e-10,143,1.0955658174944775e-10
00653004859,006-5300-4859,"one digit, last group",-3.092988975372677e-10,144,1.3654125921518567e-11
00653004859,006-5300-4859,"one digit, last group",-3.092988975372677e-10,145,-1.274198550069532e-10
00653004859,006-5300-4859,"one digit, last group",-3.092988975372677e-10,146,-3.672358416182057e-11
00653004859,006-5300-4859,"one digit, last group",-3.092988975372677e-10,147,3.802282676640094e-11
00653004859,006-5300-4859,"one digit, last group",-3.092988975372677e-10,148,-1.1432681977391985e-10
00653004859,006-5300-4859,"one digit, last group",-3.092988975372677e-10,149,1.5111727117271032e-10
00653004859,006-5300-4859,"one digit, last group",-3.092988975372677e-10,150,2.2461781413343254e-10
00653004859,006-5300-4859,"one digit, last group",-3.092988975372677e-10,151,-1.3700617670928242e-10
00653004859,006-5300-4859,"one digit, last group",-3.092988975372677e-10,152,5.423246944983857e-10
00653004859,006-5300-4859,"one digit, last group",-3.092988975372677e-10,153,-1.92848996990789e-10
00653004859,006-5300-4859,"one digit, last group",-3.092988975372677e-10,154,7.37507202500754e-11
00653004859,006-5300-4859,"one digit, last group",-3.092988975372677e-10,155,1.0885535597598128e-10
00653004859,006-5300-4859,"one digit, last group",-3.092988975372677e-10,156,1.5071994537122138e-11
00653004859,006-5300-4859,"one digit, last group",-3.092988975372677e-10,157,-3.220692928255256e-11
00653004859,006-5300-4859,"one digit, last group",-3.092988975372677e-10,158,-1.1982463006043222e-10
00653004859,006-5300-4859,"one digit, last group",-3.092988975372677e-10,159,-6.241871009248908e-11
00653004859,006-5300-4859,"one digit, last group",-3.092988975372677e-10,160,-3.3212072670211773e-10
00653004859,006-5300-4859,"one digit, last group",-3.092988975372677e-10,161,-8.177204760784459e-12
00653004859,006-5300-4859,"one digit, last group",-3.092988975372677e-10,162,-1.2853185433999059e-11
00653004859,006-5300-4859,"one digit, last group",-3.092988975372677e-10,163,4.83237626014246e-11
00653004859,006-5300-4859,"one digit, last group",-3.092988975372677e-10,164,-2.4401000886441576e-10
00653004859,006-5300-4859,"one digit, last group",-3.092988975372677e-10,165,2.458339769741413e-10
00653004859,006-5300-4859,"one digit, last group",-3.092988975372677e-10,166,-3.9897172023455e-11
00653004859,006-5300-4859,"one digit, last group",-3.092988975372677e-10,167,-3.576908706663006e-10
00653004859,006-5300-4859,"one digit, last group",-3.092988975372677e-10,168,-8.741755512951476e-11
00653004859,006-5300-4859,"one digit, last group",-3.092988975372677e-10,169,-1.564527576353728e-10
00653004859,006-5300-4859,"one digit, last group",-3.092988975372677e-10,170,-2.2177168753246216e-10
00653004859,006-5300-4859,"one digit, last group",-3.092988975372677e-10,171,-2.0941984228942205e-10
00653004859,006-5300-4859,"one digit, last group",-3.092988975372677e-10,172,6.332159190148396e-11
00653004859,006-5300-4859,"one digit, last group",-3.092988975372677e-10,173,-6.887011341033526e-11
00653004859,006-5300-4859,"one digit, last group",-3.092988975372677e-10,174,-3.0956141319931415e-12
00653004859,006-5300-4859,"one digit, last group",-3.092988975372677e-10,175,-1.4551829930736422e-10
00653004859,006-5300-4859,"one digit, last group",-3.092988975372677e-10,176,3.092011547670787e-11
00653004859,006-5300-4859,"one digit, last group",-3.092988975372677e-10,177,3.832536427219517e-11
00653004859,006-5300-4859,"one digit, last group",-3.092988975372677e-10,178,2.39755762423899e-10
00653004859,006-5300-4859,"one digit, last group",-3.092988975372677e-10,179,-1.1959065930812255e-11
00653004859,006-5300-4859,"one digit, last group",-3.092988975372677e-10,180,-2.3971058244168103e-11
00653004859,006-5300-4859,"one digit, last group",-3.092988975372677e-10,181,1.733838311726384e-10
00653004859,006-5300-4859,"one digit, last group",-3.092988975372677e-10,182,-3.200216940540518e-11
00653004859,006-5300-4859,"one digit, last group",-3.092988975372677e-10,183,-1.525248493725481e-10
00653004859,006-5300-4859,"one digit, last group",-3.092988975372677e-10,184,1.6556472864362857e-11
00653004859,006-5300-4859,"one digit, last group",-3.092988975372677e-10,185,1.9420049172546397e-11
00653004859,006-5300-4859,"one digit, last group",-3.092988975372677e-10,186,-9.757919726912495e-11
00653004859,006-5300-4859,"one digit, last group",-3.092988975372677e-10,187,-2.2726395617324738e-12
00653004859,006-5300-4859,"one digit, last group",-3.092988975372677e-10,188,-4.556970504642579e-09
00653004859,006-5300-4859,"one digit, last group",-3.092988975372677e-10,189,8.603039931743756e-12
00653004859,006-5300-4859,"one digit, last group",-3.092988975372677e-10,190,5.844220638783877e-11
00653004859,006-5300-4859,"one digit, last group",-3.092988975372677e-10,191,-1.1030449205389648e-10
00653004859,006-5300-4859,"one digit, last group",-3.092988975372677e-10,192,1.626008755683405e-10
00653004859,006-5300-4859,"one digit, last group",-3.092988975372677e-10,193,9.588213558734181e-11
00653004859,006-5300-4859,"one digit, last group",-3.092988975372677e-10,194,-1.2591380071846362e-11
00653004859,006-5300-4859,"one digit, last group",-3.092988975372677e-10,195,-1.8216303662003633e-10
00653004859,006-5300-4859,"one digit, last group",-3.092988975372677e-10,196,1.2596813125447557e-10
00653004859,006-5300-4859,"one digit, last group",-3.092988975372677e-10,197,-1.7997687844605593e-10
00653004859,006-5300-4859,"one digit, last group",-3.092988975372677e-10,198,-5.090908100670736e-12
00653004859,006-5300-4859,"one digit, last group",-3.092988975372677e-10,199,-2.958375027391465e-10
00653004859,006-5300-4859,"one digit, last group",-3.092988975372677e-10,200,1.7767302257760304e-11
00653004859,006-5300-4859,"one digit, last group",-3.092988975372677e-10,201,-1.6573113298436e-11
00653004859,006-5300-4859,"one digit, last group",-3.092988975372677e-10,202,2.9364031042703863e-10
00653004859,006-5300-4859,"one digit, last group",-3.092988975372677e-10,203,3.3460848615717516e-11
02050002924,020-5000-2924,"one digit, first group",-1.4762518857409222e-10,0,-5.928207033090261e-11
02050002924,020-5000-2924,"one digit, first group",-1.4762518857409222e-10,1,9.573544212251416e-11
02050002924,020-5000-2924,"one digit, first group",-1.4762518857409222e-10,2,-1.9961785323302732e-10
02050002924,020-5000-2924,"one digit, first group",-1.4762518857409222e-10,3,-1.871818085351214e-11
02050002924,020-5000-2924,"one digit, first group",-1.4762518857409222e-10,4,-1.6677460549748547e-10
02050002924,020-5000-2924,"one digit, first group",-1.4762518857409222e-10,5,2.8548189624828187e-10
02050002924,020-5000-2924,"one digit, first group",-1.4762518857409222e-10,6,1.858267083606707e-11
02050002924,020-5000-2924,"one digit, first group",-1.4762518857409222e-10,7,-1.0522984317221884e-10
02050002924,020-5000-2924,"one digit, first group",-1.4762518857409222e-10,8,2.260746074814833e-10
02050002924,020-5000-2924,"one digit, first group",-1.4762518857409222e-10,9,5.199811762189271e-11
02050002924,020-5000-2924,"one digit, first group",-1.4762518857409222e-10,10,2.7566846321422175e-11
02050002924,020-5000-2924,"one digit, first group",-1.4762518857409222e-10,11,3.2398324421648494e-11
02050002924,020-5000-2924,"one digit, first group",-1.4762518857409222e-10,12,2.335261752632779e-10
02050002924,020-5000-2924,"one digit, first group",-1.4762518857409222e-10,13,1.170237512856406e-10
02050002924,020-5000-2924,"one digit, first group",-1.4762518857409222e-10,14,-9.298469979105585e-11
02050002924,020-5000-2924,"one digit, first group",-1.4762518857409222e-10,15,2.2852345164978757e-11
02050002924,020-5000-2924,"one digit, first group",-1.4762518857409222e-10,16,-8.340127746916405e-12
02050002924,020-5000-2924,"one digit, first group",-1.4762518857409222e-10,17,-2.0164246893154727e-10
02050002924,020-5000-2924,"one digit, first group",-1.4762518857409222e-10,18,1.303156437241364e-10
02050002924,020-5000-2924,"one digit, first group",-1.4762518857409222e-10,19,6.158326611589635e-11
02050002924,020-5000-2924,"one digit, first group",-1.4762518857409222e-10,20,1.0673391210898908e-10
02050002924,020-5000-2924,"one digit, first group",-1.4762518857409222e-10,21,3.2982867296136714e-11
02050002924,020-5000-2924,"one digit, first group",-1.4762518857409222e-10,22,-1.144486451435967e-11
02050002924,020-5000-2924,"one digit, first group",-1.4762518857409222e-10,23,7.593718889499879e-11
02050002924,020-5000-2924,"one digit, first group",-1.4762518857409222e-10,24,-7.965292727350615e-11
02050002924,020-5000-2924,"one digit, first group",-1.4762518857409222e-10,25,1.2213477216285337e-10
02050002924,020-5000-2924,"one digit, first group",-1.4762518857409222e-10,26,1.2513563531424657e-10
02050002924,020-5000-2924,"one digit, first group",-1.4762518857409222e-10,27,2.8649012075469537e-10
02050002924,020-5000-2924,"one digit, first group",-1.4762518857409222e-10,28,1.861235048551152e-10
02050002924,020-5000-2924,"one digit, first group",-1.4762518857409222e-10,29,-9.102340091815042e-11
02050002924,020-5000-2924,"one digit, first group",-1.4762518857409222e-10,30,3.195916297879673e-10
02050002924,020-5000-2924,"one digit, first group",-1.4762518857409222e-10,31,-6.389975361392937e-12
02050002924,020-5000-2924,"one digit, first group",-1.4762518857409222e-10,32,-2.8975121545900063e-11
02050002924,020-5000-2924,"one digit, first group",-1.4762518857409222e-10,33,-3.473267018615703e-11
02050002924,020-5000-2924,"one digit, first group",-1.4762518857409222e-10,34,3.2522728331435716e-12
02050002924,020-5000-2924,"one digit, first group",-1.4762518857409222e-10,35,-5.1227557238570856e-11
02050002924,020-5000-2924,"one digit, first group",-1.4762518857409222e-10,36,1.6426220881077547e-11
02050002924,020-5000-2924,"one digit, first group",-1.4762518857409222e-10,37,6.523705287889135e-11
02050002924,020-5000-2924,"one digit, first group",-1.4762518857409222e-10,38,-2.3667640683706396e-11
02050002924,020-5000-2924,"one digit, first group",-1.4762518857409222e-10,39,-4.2688393748713607e-11
02050002924,020-5000-2924,"one digit, first group",-1.4762518857409222e-10,40,2.0999151135552087e-10
02050002924,020-5000-2924,"one digit, first group",-1.4762518857409222e-10,41,-5.5021288339015465e-11
02050002924,020-5000-2924,"one digit, first group",-1.4762518857409222e-10,42,-1.1596664828643869e-10
02050002924,020-5000-2924,"one digit, first group",-1.4762518857409222e-10,43,-3.989360321978851e-12
02050002924,020-5000-2924,"one digit, first group",-1.4762518857409222e-10,44,-1.5335025705441524e-11
02050002924,020-5000-2924,"one digit, first group",-1.4762518857409222e-10,45,-2.503349073225462e-10
02050002924,020-5000-2924,"one digit, first group",-1.4762518857409222e-10,46,-1.03478183661923e-11
02050002924,020-5000-2924,"one digit, first group",-1.4762518857409222e-10,47,-1.9045835323239314e-10
02050002924,020-5000-2924,"one digit, first group",-1.4762518857409222e-10,48,1.9457972204603358e-10
02050002924,020-5000-2924,"one digit, first group",-1.4762518857409222e-10,49,-1.5144684189479173e-10
02050002924,020-5000-2924,"one digit, first group",-1.4762518857409222e-10,50,7.709050841846253e-11
02050002924,020-5000-2924,"one digit, first group",-1.4762518857409222e-10,51,2.7450938561137528e-11
02050002924,020-5000-2924,"one digit, first group",-1.4762518857409222e-10,52,9.922823225597263e-12
02050002924,020-5000-2924,"one digit, first group",-1.4762518857409222e-10,53,1.2897598621300875e-11
02050002924,020-5000-2924,"one digit, first group",-1.4762518857409222e-10,54,7.714326229703954e-12
02050002924,020-5000-2924,"one digit, first group",-1.4762518857409222e-10,55,-8.388521962225904e-11
02050002924,020-5000-2924,"one digit, first group",-1.4762518857409222e-10,56,-2.1749928553682695e-10
02050002924,020-5000-2924,"one digit, first group",-1.4762518857409222e-10,57,-5.088903991532849e-11
02050002924,020-5000-2924,"one digit, first group",-1.4762518857409222e-10,58,8.231107998774219e-11
02050002924,020-5000-2924,"one digit, first group",-1.4762518857409222e-10,59,-3.122971121597841e-10
02050002924,020-5000-2924,"one digit, first group",-1.4762518857409222e-10,60,2.812466697742274e-11
02050002924,020-5000-2924,"one digit, first group",-1.4762518857409222e-10,61,-6.977587171827395e-11
02050002924,020-5000-2924,"one digit, first group",-1.4762518857409222e-10,62,1.5482382481454478e-12
02050002924,020-5000-2924,"one digit, first group",-1.4762518857409222e-10,63,-2.0412264451535427e-10
02050002924,020-5000-2924,"one digit, first group",-1.4762518857409222e-10,64,-2.0549979239160726e-10
02050002924,020-5000-2924,"one digit, first group",-1.4762518857409222e-10,65,-1.1674296552232653e-10
02050002924,020-5000-2924,"one digit, first group",-1.4762518857409222e-10,66,1.7854988407559596e-10
02050002924,020-5000-2924,"one digit, first group",-1.4762518857409222e-10,67,-1.5370189920417298e-10
02050002924,020-5000-2924,"one digit, first group",-1.4762518857409222e-10,68,-3.384769401060556e-10
02050002924,020-5000-2924,"one digit, first group",-1.4762518857409222e-10,69,2.2767794532971045e-10
02050002924,020-5000-2924,"one digit, first group",-1.4762518857409222e-10,70,-1.0513748114064947e-10
02050002924,020-5000-2924,"one digit, first group",-1.4762518857409222e-10,71,1.999324052591956e-10
02050002924,020-5000-2924,"one digit, first group",-1.4762518857409222e-10,72,1.5049801198961065e-11
02050002924,020-5000-2924,"one digit, first group",-1.4762518857409222e-10,73,-8.939922870034201e-11
02050002924,020-5000-2924,"one digit, first group",-1.4762518857409222e-10,74,-2.0473484322409864e-10
02050002924,020-5000-2924,"one digit, first group",-1.4762518857409222e-10,75,-3.794476616420552e-11
02050002924,020-5000-2924,"one digit, first group",-1.4762518857409222e-10,76,1.5873151941224537e-10
02050002924,020-5000-2924,"one digit, first group",-1.4762518857409222e-10,77,2.6620381000296112e-12
02050002924,020-5000-2924,"one digit, first group",-1.4762518857409222e-10,78,4.4829589659386764e-11
02050002924,020-5000-2924,"one digit, first group",-1.4762518857409222e-10,79,-1.7002086576987734e-10
02050002924,020-5000-2924,"one digit, first group",-1.4762518857409222e-10,80,-1.2796510848061682e-10
02050002924,020-5000-2924,"one digit, first group",-1.4762518857409222e-10,81,3.6399662252373254e-12
02050002924,020-5000-2924,"one digit, first group",-1.4762518857409222e-10,82,1.8905659033135824e-10
02050002924,020-5000-2924,"one digit, first group",-1.4762518857409222e-10,83,7.696879866210177e-11
02050002924,020-5000-2924,"one digit, first group",-1.4762518857409222e-10,84,-1.6757552473965765e-13
02050002924,020-5000-2924,"one digit, first group",-1.4762518857409222e-10,85,2.1901949692115506e-11
02050002924,020-5000-2924,"one digit, first group",-1.4762518857409222e-10,86,3.4882657141325643e-10
02050002924,020-5000-2924,"one digit, first group",-1.4762518857409222e-10,87,1.0736437555136046e-10
02050002924,020-5000-2924,"one digit, first group",-1.4762518857409222e-10,88,-4.445749025330759e-11
02050002924,020-5000-2924,"one digit, first group",-1.4762518857409222e-10,89,2.9194766275927474e-11
02050002924,020-5000-2924,"one digit, first group",-1.4762518857409222e-10,90,-1.9876919993871422e-10
02050002924,020-5000-2924,"one digit, first group",-1.4762518857409222e-10,91,-5.839984906693828e-11
02050002924,020-5000-2924,"one digit, first group",-1.4762518857409222e-10,92,-3.6747406729046414e-10
02050002924,020-5000-2924,"one digit, first group",-1.4762518857409222e-10,93,1.8229026001338194e-10
02050002924,020-5000-2924,"one digit, first group",-1.4762518857409222e-10,94,-5.333201499626292e-11
02050002924,020-5000-2924,"one digit, first group",-1.4762518857409222e-10,95,-3.840480105061715e-11
02050002924,020-5000-2924,"one digit, first group",-1.4762518857409222e-10,96,1.2453160637866133e-10
02050002924,020-5000-2924,"one digit, first group",-1.4762518857409222e-10,97,-3.758138311169461e-10
02050002924,020-5000-2924,"one digit, first group",-1.4762518857409222e-10,98,-7.718212477363736e-12
02050002924,020-5000-2924,"one digit, first group",-1.4762518857409222e-10,99,-3.873536808935028e-11
02050002924,020-5000-2924,"one digit, first group",-1.4762518857409222e-10,100,-1.720594630430854e-11
02050002924,020-5000-2924,"one digit, first group",-1.4762518857409222e-10,101,-9.041206659363607e-11
02050002924,020-5000-2924,"one digit, first group",-1.4762518857409222e-10,102,-1.7413369170535453e-10
02050002924,020-5000-2924,"one digit, first group",-1.4762518857409222e-10,103,2.444976208354795e-10
02050002924,020-5000-2924,"one digit, first group",-1.4762518857409222e-10,104,1.3504437298177637e-10
02050002924,020-5000-2924,"one digit, first group",-1.4762518857409222e-10,105,1.7719017303124794e-11
02050002924,020-5000-2924,"one digit, first group",-1.4762518857409222e-10,106,6.058301901368149e-11
02050002924,020-5000-2924,"one digit, first group",-1.4762518857409222e-10,107,3.292089005963481e-11
02050002924,020-5000-2924,"one digit, first group",-1.4762518857409222e-10,108,3.4296066934247495e-11
02050002924,020-5000-2924,"one digit, first group",-1.4762518857409222e-10,109,1.2917577888920227e-10
02050002924,020-5000-2924,"one digit, first group",-1.4762518857409222e-10,110,1.7635607650373173e-10
02050002924,020-5000-2924,"one digit, first group",-1.4762518857409222e-10,111,-1.2213263307793275e-10
02050002924,020-5000-2924,"one digit, first group",-1.4762518857409222e-10,112,-3.9536206672319513e-10
02050002924,020-5000-2924,"one digit, first group",-1.4762518857409222e-10,113,1.3978020665051207e-11
02050002924,020-5000-2924,"one digit, first group",-1.4762518857409222e-10,114,1.0998497474564587e-10
02050002924,020-5000-2924,"one digit, first group",-1.4762518857409222e-10,115,4.020620719851223e-11
02050002924,020-5000-2924,"one digit, first group",-1.4762518857409222e-10,116,-1.0075056342468e-11
02050002924,020-5000-2924,"one digit, first group",-1.4762518857409222e-10,117,-2.0792604320326827e-12
02050002924,020-5000-2924,"one digit, first group",-1.4762518857409222e-10,118,-3.4346444992675884e-10
02050002924,020-5000-2924,"one digit, first group",-1.4762518857409222e-10,119,4.1494883779085086e-11
02050002924,020-5000-2924,"one digit, first group",-1.4762518857409222e-10,120,-3.759035337995139e-11
02050002924,020-5000-2924,"one digit, first group",-1.4762518857409222e-10,121,1.214274863051742e-10
02050002924,020-5000-2924,"one digit, first group",-1.4762518857409222e-10,122,3.1124552354707913e-10
02050002924,020-5000-2924,"one digit, first group",-1.4762518857409222e-10,123,-1.639677636387501e-11
02050002924,020-5000-2924,"one digit, first group",-1.4762518857409222e-10,124,-9.219357817657264e-11
02050002924,020-5000-2924,"one digit, first group",-1.4762518857409222e-10,125,2.1511949976140973e-10
02050002924,020-5000-2924,"one digit, first group",-1.4762518857409222e-10,126,3.1729460127269455e-11
02050002924,020-5000-2924,"one digit, first group",-1.4762518857409222e-10,127,-4.3539726662697646e-10
02050002924,020-5000-2924,"one digit, first group",-1.4762518857409222e-10,128,1.342236234089095e-11
02050002924,020-5000-2924,"one digit, first group",-1.4762518857409222e-10,129,-4.320647511171388e-11
02050002924,020-5000-2924,"one digit, first group",-1.4762518857409222e-10,130,6.435166734571827e-11
02050002924,020-5000-2924,"one digit, first group",-1.4762518857409222e-10,131,1.2263075330838799e-11
02050002924,020-5000-2924,"one digit, first group",-1.4762518857409222e-10,132,4.1738312032968774e-11
02050002924,020-5000-2924,"one digit, first group",-1.4762518857409222e-10,133,1.3032987375089512e-10
02050002924,020-5000-2924,"one digit, first group",-1.4762518857409222e-10,134,2.0653545021329363e-10
02050002924,020-5000-2924,"one digit, first group",-1.4762518857409222e-10,135,2.925637123310111e-11
02050002924,020-5000-2924,"one digit, first group",-1.4762518857409222e-10,136,-6.352055786868632e-11
02050002924,020-5000-2924,"one digit, first group",-1.4762518857409222e-10,137,-8.998791862333418e-11
02050002924,020-5000-2924,"one digit, first group",-1.4762518857409222e-10,138,-2.414705636820635e-10
02050002924,020-5000-2924,"one digit, first group",-1.4762518857409222e-10,139,7.339639895129305e-11
02050002924,020-5000-2924,"one digit, first group",-1.4762518857409222e-10,140,2.1754741995115995e-10
02050002924,020-5000-2924,"one digit, first group",-1.4762518857409222e-10,141,-2.756423128443953e-10
02050002924,020-5000-2924,"one digit, first group",-1.4762518857409222e-10,142,1.0498054117277945e-08
02050002924,020-5000-2924,"one digit, first group",-1.4762518857409222e-10,143,7.368130577980115e-10
02050002924,020-5000-2924,"one digit, first group",-1.4762518857409222e-10,144,-1.8314221825188825e-09
02050002924,020-5000-2924,"one digit, first group",-1.4762518857409222e-10,145,6.468286135825868e-10
02050002924,020-5000-2924,"one digit, first group",-1.4762518857409222e-10,146,2.737670702002549e-09
02050002924,020-5000-2924,"one digit, first group",-1.4762518857409222e-10,147,1.5382303384066138e-09
02050002924,020-5000-2924,"one digit, first group",-1.4762518857409222e-10,148,-1.8963093413349334e-09
02050002924,020-5000-2924,"one digit, first group",-1.4762518857409222e-10,149,-1.172748178463801e-09
02050002924,020-5000-2924,"one digit, first group",-1.4762518857409222e-10,150,6.208717688393337e-11
02050002924,020-5000-2924,"one digit, first group",-1.4762518857409222e-10,151,9.25086044119954e-11
02050002924,020-5000-2924,"one digit, first group",-1.4762518857409222e-10,152,2.797076812616415e-10
02050002924,020-5000-2924,"one digit, first group",-1.4762518857409222e-10,153,5.460004004919424e-11
02050002924,020-5000-2924,"one digit, first group",-1.4762518857409222e-10,154,1.6386854998964032e-11
02050002924,020-5000-2924,"one digit, first group",-1.4762518857409222e-10,155,-7.360002731771769e-11
02050002924,020-5000-2924,"one digit, first group",-1.4762518857409222e-10,156,-4.296079251432288e-10
02050002924,020-5000-2924,"one digit, first group",-1.4762518857409222e-10,157,-8.302076038138504e-11
02050002924,020-5000-2924,"one digit, first group",-1.4762518857409222e-10,158,-1.3430802322964311e-11
02050002924,020-5000-2924,"one digit, first group",-1.4762518857409222e-10,159,-1.2648432799645572e-10
02050002924,020-5000-2924,"one digit, first group",-1.4762518857409222e-10,160,1.2574960234290817e-09
02050002924,020-5000-2924,"one digit, first group",-1.4762518857409222e-10,161,-7.825301421001349e-11
02050002924,020-5000-2924,"one digit, first group",-1.4762518857409222e-10,162,-2.509626151636047e-11
02050002924,020-5000-2924,"one digit, first group",-1.4762518857409222e-10,163,1.8049204464615146e-09
02050002924,020-5000-2924,"one digit, first group",-1.4762518857409222e-10,164,1.432813210842534e-09
02050002924,020-5000-2924,"one digit, first group",-1.4762518857409222e-10,165,-2.3315103374340263e-11
02050002924,020-5000-2924,"one digit, first group",-1.4762518857409222e-10,166,-3.175962433089266e-11
02050002924,020-5000-2924,"one digit, first group",-1.4762518857409222e-10,167,5.547092277011649e-10
02050002924,020-5000-2924,"one digit, first group",-1.4762518857409222e-10,168,-5.653689913338788e-10
02050002924,020-5000-2924,"one digit, first group",-1.4762518857409222e-10,169,1.7237631421468336e-10
02050002924,020-5000-2924,"one digit, first group",-1.4762518857409222e-10,170,-1.0484334086580458e-11
02050002924,020-5000-2924,"one digit, first group",-1.4762518857409222e-10,171,2.7381969847338758e-11
02050002924,020-5000-2924,"one digit, first group",-1.4762518857409222e-10,172,2.569086345846334e-11
02050002924,020-5000-2924,"one digit, first group",-1.4762518857409222e-10,173,-1.668533650606282e-11
02050002924,020-5000-2924,"one digit, first group",-1.4762518857409222e-10,174,-1.191592928338406e-10
02050002924,020-5000-2924,"one digit, first group",-1.4762518857409222e-10,175,-2.1732859026869296e-10
02050002924,020-5000-2924,"one digit, first group",-1.4762518857409222e-10,176,4.003432652096922e-11
02050002924,020-5000-2924,"one digit, first group",-1.4762518857409222e-10,177,-8.181352461734414e-11
02050002924,020-5000-2924,"one digit, first group",-1.4762518857409222e-10,178,2.6842705225985197e-10
02050002924,020-5000-2924,"one digit, first group",-1.4762518857409222e-10,179,1.3635981305172659e-11
02050002924,020-5000-2924,"one digit, first group",-1.4762518857409222e-10,180,-6.036701285274834e-11
02050002924,020-5000-2924,"one digit, first group",-1.4762518857409222e-10,181,7.619607792462806e-11
02050002924,020-5000-2924,"one digit, first group",-1.4762518857409222e-10,182,-1.1304815982987716e-10
02050002924,020-5000-2924,"one digit, first group",-1.4762518857409222e-10,183,7.762618827833622e-11
02050002924,020-5000-2924,"one digit, first group",-1.4762518857409222e-10,184,5.556433269266884e-11
02050002924,020-5000-2924,"one digit, first group",-1.4762518857409222e-10,185,7.335714142582089e-11
02050002924,020-5000-2924,"one digit, first group",-1.4762518857409222e-10,186,-2.4508259359903142e-11
02050002924,020-5000-2924,"one digit, first group",-1.4762518857409222e-10,187,1.0022440181375187e-10
02050002924,020-5000-2924,"one digit, first group",-1.4762518857409222e-10,188,-1.1654242527428135e-10
02050002924,020-5000-2924,"one digit, first group",-1.4762518857409222e-10,189,-1.372499820820334e-10
02050002924,020-5000-2924,"one digit, first group",-1.4762518857409222e-10,190,2.134212793027409e-12
02050002924,020-5000-2924,"one digit, first group",-1.4762518857409222e-10,191,-3.1004609787583684e-11
02050002924,020-5000-2924,"one digit, first group",-1.4762518857409222e-10,192,-1.0160607049880453e-11
02050002924,020-5000-2924,"one digit, first group",-1.4762518857409222e-10,193,-2.3696143679007133e-10
02050002924,020-5000-2924,"one digit, first group",-1.4762518857409222e-10,194,2.5995639706386197e-11
02050002924,020-5000-2924,"one digit, first group",-1.4762518857409222e-10,195,-8.599520182964476e-11
02050002924,020-5000-2924,"one digit, first group",-1.4762518857409222e-10,196,-2.7126471559799814e-11
02050002924,020-5000-2924,"one digit, first group",-1.4762518857409222e-10,197,-4.295380407822324e-11
02050002924,020-5000-2924,"one digit, first group",-1.4762518857409222e-10,198,3.7922305195112186e-11
02050002924,020-5000-2924,"one digit, first group",-1.4762518857409222e-10,199,-2.4449781223186885e-10
02050002924,020-5000-2924,"one digit, first group",-1.4762518857409222e-10,200,-7.748911083165938e-11
02050002924,020-5000-2924,"one digit, first group",-1.4762518857409222e-10,201,4.45978171264297e-11
02050002924,020-5000-2924,"one digit, first group",-1.4762518857409222e-10,202,3.7419465472779015e-10
02050002924,020-5000-2924,"one digit, first group",-1.4762518857409222e-10,203,-1.813485101373498e-13
01050102924,010-5010-2924,"one digit, middle group",-2.0227133138718405e-10,0,-4.208480953202094e-11
01050102924,010-5010-2924,"one digit, middle group",-2.0227133138718405e-10,1,-1.2051071939429731e-10
01050102924,010-5010-2924,"one digit, middle group",-2.0227133138718405e-10,2,2.5521059244800704e-10
01050102924,010-5010-2924,"one digit, middle group",-2.0227133138718405e-10,3,2.7189095455163106e-12
01050102924,010-5010-2924,"one digit, middle group",-2.0227133138718405e-10,4,-1.3200901333845285e-10
01050102924,010-5010-2924,"one digit, middle group",-2.0227133138718405e-10,5,-2.639083676850106e-10
01050102924,010-5010-2924,"one digit, middle group",-2.0227133138718405e-10,6,-2.1177818722708707e-10
01050102924,010-5010-2924,"one digit, middle group",-2.0227133138718405e-10,7,-8.417634933912742e-11
01050102924,010-5010-2924,"one digit, middle group",-2.0227133138718405e-10,8,-5.3143246799925176e-11
01050102924,010-5010-2924,"one digit, middle group",-2.0227133138718405e-10,9,4.4917375642952965e-11
01050102924,010-5010-2924,"one digit, middle group",-2.0227133138718405e-10,10,-1.8392064980638142e-11
01050102924,010-5010-2924,"one digit, middle group",-2.0227133138718405e-10,11,1.006450577351465e-10
01050102924,010-5010-2924,"one digit, middle group",-2.0227133138718405e-10,12,8.937092671246635e-11
01050102924,010-5010-2924,"one digit, middle group",-2.0227133138718405e-10,13,-8.809739181884735e-11
01050102924,010-5010-2924,"one digit, middle group",-2.0227133138718405e-10,14,-4.664038169346838e-11
01050102924,010-5010-2924,"one digit, middle group",-2.0227133138718405e-10,15,-4.204544189447093e-12
01050102924,010-5010-2924,"one digit, middle group",-2.0227133138718405e-10,16,-2.2375383115403517e-10
01050102924,010-5010-2924,"one digit, middle group",-2.0227133138718405e-10,17,8.289026210547568e-11
01050102924,010-5010-2924,"one digit, middle group",-2.0227133138718405e-10,18,-6.843576201954859e-11
01050102924,010-5010-2924,"one digit, middle group",-2.0227133138718405e-10,19,-6.449271788058922e-11
01050102924,010-5010-2924,"one digit, middle group",-2.0227133138718405e-10,20,-8.182305080018388e-11
01050102924,010-5010-2924,"one digit, middle group",-2.0227133138718405e-10,21,-2.8383137268056167e-11
01050102924,010-5010-2924,"one digit, middle group",-2.0227133138718405e-10,22,-2.53250046613228e-10
01050102924,010-5010-2924,"one digit, middle group",-2.0227133138718405e-10,23,3.5700091902270153e-11
01050102924,010-5010-2924,"one digit, middle group",-2.0227133138718405e-10,24,-2.0885155471127568e-11
01050102924,010-5010-2924,"one digit, middle group",-2.0227133138718405e-10,25,-1.3479311486673353e-10
01050102924,010-5010-2924,"one digit, middle group",-2.0227133138718405e-10,26,1.3480572448222754e-10
01050102924,010-5010-2924,"one digit, middle group",-2.0227133138718405e-10,27,-5.147684054170662e-11
01050102924,010-5010-2924,"one digit, middle group",-2.0227133138718405e-10,28,2.47724957487438e-11
01050102924,010-5010-2924,"one digit, middle group",-2.0227133138718405e-10,29,-7.058735629418354e-11
01050102924,010-5010-2924,"one digit, middle group",-2.0227133138718405e-10,30,-2.902837493313888e-10
01050102924,010-5010-2924,"one digit, middle group",-2.0227133138718405e-10,31,-1.4148800699378427e-10
01050102924,010-5010-2924,"one digit, middle group",-2.0227133138718405e-10,32,2.9978610727926725e-10
01050102924,010-5010-2924,"one digit, middle group",-2.0227133138718405e-10,33,2.013570483608603e-10
01050102924,010-5010-2924,"one digit, middle group",-2.0227133138718405e-10,34,-1.3303835235223017e-10
01050102924,010-5010-2924,"one digit, middle group",-2.0227133138718405e-10,35,6.037315513224732e-11
01050102924,010-5010-2924,"one digit, middle group",-2.0227133138718405e-10,36,-1.3052701407100845e-10
01050102924,010-5010-2924,"one digit, middle group",-2.0227133138718405e-10,37,-2.647672876818061e-11
01050102924,010-5010-2924,"one digit, middle group",-2.0227133138718405e-10,38,-7.11257188722532e-11
01050102924,010-5010-2924,"one digit, middle group",-2.0227133138718405e-10,39,-1.1866573746377564e-10
01050102924,010-5010-2924,"one digit, middle group",-2.0227133138718405e-10,40,-2.4742460218051595e-10
01050102924,010-5010-2924,"one digit, middle group",-2.0227133138718405e-10,41,1.5717152841834488e-11
01050102924,010-5010-2924,"one digit, middle group",-2.0227133138718405e-10,42,1.3306147720881523e-10
01050102924,010-5010-2924,"one digit, middle group",-2.0227133138718405e-10,43,1.7599781743681424e-11
01050102924,010-5010-2924,"one digit, middle group",-2.0227133138718405e-10,44,-1.2416179220008871e-11
01050102924,010-5010-2924,"one digit, middle group",-2.0227133138718405e-10,45,-8.252628919625844e-11
01050102924,010-5010-2924,"one digit, middle group",-2.0227133138718405e-10,46,7.700425343180743e-11
01050102924,010-5010-2924,"one digit, middle group",-2.0227133138718405e-10,47,-2.6084914057430724e-10
01050102924,010-5010-2924,"one digit, middle group",-2.0227133138718405e-10,48,-4.677473059629995e-11
01050102924,010-5010-2924,"one digit, middle group",-2.0227133138718405e-10,49,1.5075168175657718e-10
01050102924,010-5010-2924,"one digit, middle group",-2.0227133138718405e-10,50,-7.868189493227145e-11
01050102924,010-5010-2924,"one digit, middle group",-2.0227133138718405e-10,51,9.528904728982334e-12
01050102924,010-5010-2924,"one digit, middle group",-2.0227133138718405e-10,52,-7.185296482402547e-11
01050102924,010-5010-2924,"one digit, middle group",-2.0227133138718405e-10,53,6.631581089744787e-11
01050102924,010-5010-2924,"one digit, middle group",-2.0227133138718405e-10,54,-6.4635539831553e-11
01050102924,010-5010-2924,"one digit, middle group",-2.0227133138718405e-10,55,8.463962280712805e-11
01050102924,010-5010-2924,"one digit, middle group",-2.0227133138718405e-10,56,1.1415599573346713e-11
01050102924,010-5010-2924,"one digit, middle group",-2.0227133138718405e-10,57,-7.1020325894282736e-12
01050102924,010-5010-2924,"one digit, middle group",-2.0227133138718405e-10,58,-7.230040277190195e-11
01050102924,010-5010-2924,"one digit, middle group",-2.0227133138718405e-10,59,1.8288981011531705e-10
01050102924,010-5010-2924,"one digit, middle group",-2.0227133138718405e-10,60,2.5508216211035567e-10
01050102924,010-5010-2924,"one digit, middle group",-2.0227133138718405e-10,61,-4.3929953145381486e-11
01050102924,010-5010-2924,"one digit, middle group",-2.0227133138718405e-10,62,-1.7352831064554826e-11
01050102924,010-5010-2924,"one digit, middle group",-2.0227133138718405e-10,63,-6.364021263515099e-11
01050102924,010-5010-2924,"one digit, middle group",-2.0227133138718405e-10,64,-1.8648604832849088e-10
01050102924,010-5010-2924,"one digit, middle group",-2.0227133138718405e-10,65,4.4131242907244316e-11
01050102924,010-5010-2924,"one digit, middle group",-2.0227133138718405e-10,66,-2.1078172025154834e-10
01050102924,010-5010-2924,"one digit, middle group",-2.0227133138718405e-10,67,1.1454409732522867e-10
01050102924,010-5010-2924,"one digit, middle group",-2.0227133138718405e-10,68,-1.6964169573888813e-10
01050102924,010-5010-2924,"one digit, middle group",-2.0227133138718405e-10,69,-2.0275836516620526e-10
01050102924,010-5010-2924,"one digit, middle group",-2.0227133138718405e-10,70,7.410313288476946e-11
01050102924,010-5010-2924,"one digit, middle group",-2.0227133138718405e-10,71,-2.1492807808259576e-10
01050102924,010-5010-2924,"one digit, middle group",-2.0227133138718405e-10,72,1.559543630278917e-11
01050102924,010-5010-2924,"one digit, middle group",-2.0227133138718405e-10,73,-8.492242672687523e-11
01050102924,010-5010-2924,"one digit, middle group",-2.0227133138718405e-10,74,-2.5632370103015454e-10
01050102924,010-5010-2924,"one digit, middle group",-2.0227133138718405e-10,75,2.7602001136375198e-11
01050102924,010-5010-2924,"one digit, middle group",-2.0227133138718405e-10,76,-1.288523484759455e-11
01050102924,010-5010-2924,"one digit, middle group",-2.0227133138718405e-10,77,-3.398531659061231e-11
01050102924,010-5010-2924,"one digit, middle group",-2.0227133138718405e-10,78,1.3470337970445e-11
01050102924,010-5010-2924,"one digit, middle group",-2.0227133138718405e-10,79,3.718913489822671e-11
01050102924,010-5010-2924,"one digit, middle group",-2.0227133138718405e-10,80,2.19322781241266e-11
01050102924,010-5010-2924,"one digit, middle group",-2.0227133138718405e-10,81,-7.195165925640971e-11
01050102924,010-5010-2924,"one digit, middle group",-2.0227133138718405e-10,82,-1.5621400497707973e-10
01050102924,010-5010-2924,"one digit, middle group",-2.0227133138718405e-10,83,4.91461157785335e-11
01050102924,010-5010-2924,"one digit, middle group",-2.0227133138718405e-10,84,-1.392814373394429e-10
01050102924,010-5010-2924,"one digit, middle group",-2.0227133138718405e-10,85,-1.9802932227363996e-11
01050102924,010-5010-2924,"one digit, middle group",-2.0227133138718405e-10,86,2.7464197627567815e-10
01050102924,010-5010-2924,"one digit, middle group",-2.0227133138718405e-10,87,1.3423473439462633e-10
01050102924,010-5010-2924,"one digit, middle group",-2.0227133138718405e-10,88,-1.1438727241253593e-10
01050102924,010-5010-2924,"one digit, middle group",-2.0227133138718405e-10,89,-1.7902845261644807e-11
01050102924,010-5010-2924,"one digit, middle group",-2.0227133138718405e-10,90,-2.1265775878345603e-11
01050102924,010-5010-2924,"one digit, middle group",-2.0227133138718405e-10,91,-3.535022456855975e-11
01050102924,010-5010-2924,"one digit, middle group",-2.0227133138718405e-10,92,2.4901091186022825e-10
01050102924,010-5010-2924,"one digit, middle group",-2.0227133138718405e-10,93,-2.2634257713824084e-11
01050102924,010-5010-2924,"one digit, middle group",-2.0227133138718405e-10,94,-6.494492059827771e-11
01050102924,010-5010-2924,"one digit, middle group",-2.0227133138718405e-10,95,-1.0329832726074027e-11
01050102924,010-5010-2924,"one digit, middle group",-2.0227133138718405e-10,96,-1.0664533702712853e-10
01050102924,010-5010-2924,"one digit, middle group",-2.0227133138718405e-10,97,-1.1300566082353344e-10
01050102924,010-5010-2924,"one digit, middle group",-2.0227133138718405e-10,98,2.0619777370173583e-10
01050102924,010-5010-2924,"one digit, middle group",-2.0227133138718405e-10,99,-2.745703581258328e-12
01050102924,010-5010-2924,"one digit, middle group",-2.0227133138718405e-10,100,9.430676174233169e-11
01050102924,010-5010-2924,"one digit, middle group",-2.0227133138718405e-10,101,-3.6091892691922606e-11
01050102924,010-5010-2924,"one digit, middle group",-2.0227133138718405e-10,102,-2.739399606250757e-10
01050102924,010-5010-2924,"one digit, middle group",-2.0227133138718405e-10,103,1.7642500515838431e-10
01050102924,010-5010-2924,"one digit, middle group",-2.0227133138718405e-10,104,7.11377418992898e-11
01050102924,010-5010-2924,"one digit, middle group",-2.0227133138718405e-10,105,5.83020031236903e-11
01050102924,010-5010-2924,"one digit, middle group",-2.0227133138718405e-10,106,1.5052174515742902e-11
01050102924,010-5010-2924,"one digit, middle group",-2.0227133138718405e-10,107,1.51606051042483e-10
01050102924,010-5010-2924,"one digit, middle group",-2.0227133138718405e-10,108,3.0803163478075552e-12
01050102924,010-5010-2924,"one digit, middle group",-2.0227133138718405e-10,109,1.8987443666205064e-10
01050102924,010-5010-2924,"one digit, middle group",-2.0227133138718405e-10,110,2.4492781261210923e-11
01050102924,010-5010-2924,"one digit, middle group",-2.0227133138718405e-10,111,-3.2385386460872457e-10
01050102924,010-5010-2924,"one digit, middle group",-2.0227133138718405e-10,112,2.821021441372246e-10
01050102924,010-5010-2924,"one digit, middle group",-2.0227133138718405e-10,113,1.2528340246341746e-11
01050102924,010-5010-2924,"one digit, middle group",-2.0227133138718405e-10,114,-1.5117324433420766e-10
01050102924,010-5010-2924,"one digit, middle group",-2.0227133138718405e-10,115,-4.801247467777943e-11
01050102924,010-5010-2924,"one digit, middle group",-2.0227133138718405e-10,116,6.538828978931172e-11
01050102924,010-5010-2924,"one digit, middle group",-2.0227133138718405e-10,117,-2.5975796705721418e-11
01050102924,010-5010-2924,"one digit, middle group",-2.0227133138718405e-10,118,1.8283437190443752e-10
01050102924,010-5010-2924,"one digit, middle group",-2.0227133138718405e-10,119,-2.1832880298497243e-10
01050102924,010-5010-2924,"one digit, middle group",-2.0227133138718405e-10,120,5.487732595311218e-11
01050102924,010-5010-2924,"one digit, middle group",-2.0227133138718405e-10,121,2.2151767948090082e-10
01050102924,010-5010-2924,"one digit, middle group",-2.0227133138718405e-10,122,-1.4249199006967231e-11
01050102924,010-5010-2924,"one digit, middle group",-2.0227133138718405e-10,123,1.8873719946014966e-11
01050102924,010-5010-2924,"one digit, middle group",-2.0227133138718405e-10,124,-1.9847443025436633e-10
01050102924,010-5010-2924,"one digit, middle group",-2.0227133138718405e-10,125,-2.786722227015079e-10
01050102924,010-5010-2924,"one digit, middle group",-2.0227133138718405e-10,126,4.6028880288141653e-11
01050102924,010-5010-2924,"one digit, middle group",-2.0227133138718405e-10,127,-3.00798862743183e-10
01050102924,010-5010-2924,"one digit, middle group",-2.0227133138718405e-10,128,-3.682964124357687e-10
01050102924,010-5010-2924,"one digit, middle group",-2.0227133138718405e-10,129,-1.5883085041367915e-11
01050102924,010-5010-2924,"one digit, middle group",-2.0227133138718405e-10,130,7.360073263447623e-11
01050102924,010-5010-2924,"one digit, middle group",-2.0227133138718405e-10,131,-2.2755850961477405e-10
01050102924,010-5010-2924,"one digit, middle group",-2.0227133138718405e-10,132,-1.3425086299573016e-10
01050102924,010-5010-2924,"one digit, middle group",-2.0227133138718405e-10,133,-5.4366134965429357e-11
01050102924,010-5010-2924,"one digit, middle group",-2.0227133138718405e-10,134,1.0833585745902278e-10
01050102924,010-5010-2924,"one digit, middle group",-2.0227133138718405e-10,135,-1.053056688840417e-10
01050102924,010-5010-2924,"one digit, middle group",-2.0227133138718405e-10,136,2.4048857896888622e-11
01050102924,010-5010-2924,"one digit, middle group",-2.0227133138718405e-10,137,5.822290659535614e-11
01050102924,010-5010-2924,"one digit, middle group",-2.0227133138718405e-10,138,-5.1340258558371814e-11
01050102924,010-5010-2924,"one digit, middle group",-2.0227133138718405e-10,139,6.682465498807608e-11
01050102924,010-5010-2924,"one digit, middle group",-2.0227133138718405e-10,140,-1.7119110017398813e-10
01050102924,010-5010-2924,"one digit, middle group",-2.0227133138718405e-10,141,-2.368360993075275e-11
01050102924,010-5010-2924,"one digit, middle group",-2.0227133138718405e-10,142,8.196548501642672e-09
01050102924,010-5010-2924,"one digit, middle group",-2.0227133138718405e-10,143,5.915734890907281e-09
01050102924,010-5010-2924,"one digit, middle group",-2.0227133138718405e-10,144,5.808062939073364e-11
01050102924,010-5010-2924,"one digit, middle group",-2.0227133138718405e-10,145,9.32334455871216e-09
01050102924,010-5010-2924,"one digit, middle group",-2.0227133138718405e-10,146,4.8736792969522975e-09
01050102924,010-5010-2924,"one digit, middle group",-2.0227133138718405e-10,147,-8.368867541195599e-09
01050102924,010-5010-2924,"one digit, middle group",-2.0227133138718405e-10,148,2.661257862495833e-09
01050102924,010-5010-2924,"one digit, middle group",-2.0227133138718405e-10,149,9.457243278158392e-09
01050102924,010-5010-2924,"one digit, middle group",-2.0227133138718405e-10,150,2.4967640059932534e-10
01050102924,010-5010-2924,"one digit, middle group",-2.0227133138718405e-10,151,-9.7296967996167e-11
01050102924,010-5010-2924,"one digit, middle group",-2.0227133138718405e-10,152,3.7853426373685665e-10
01050102924,010-5010-2924,"one digit, middle group",-2.0227133138718405e-10,153,3.638945340493788e-10
01050102924,010-5010-2924,"one digit, middle group",-2.0227133138718405e-10,154,1.0594292555125379e-10
01050102924,010-5010-2924,"one digit, middle group",-2.0227133138718405e-10,155,-1.3227657536880223e-11
01050102924,010-5010-2924,"one digit, middle group",-2.0227133138718405e-10,156,2.6976194355400593e-09
01050102924,010-5010-2924,"one digit, middle group",-2.0227133138718405e-10,157,-6.482842319306598e-11
01050102924,010-5010-2924,"one digit, middle group",-2.0227133138718405e-10,158,2.1259676838852463e-10
01050102924,010-5010-2924,"one digit, middle group",-2.0227133138718405e-10,159,-7.704523874618434e-11
01050102924,010-5010-2924,"one digit, middle group",-2.0227133138718405e-10,160,4.686574925136766e-10
01050102924,010-5010-2924,"one digit, middle group",-2.0227133138718405e-10,161,4.845332031085728e-11
01050102924,010-5010-2924,"one digit, middle group",-2.0227133138718405e-10,162,4.5526677679671864e-11
01050102924,010-5010-2924,"one digit, middle group",-2.0227133138718405e-10,163,3.251296403257449e-11
01050102924,010-5010-2924,"one digit, middle group",-2.0227133138718405e-10,164,1.6308935979560916e-09
01050102924,010-5010-2924,"one digit, middle group",-2.0227133138718405e-10,165,2.576820700017024e-10
01050102924,010-5010-2924,"one digit, middle group",-2.0227133138718405e-10,166,-4.274817669051571e-11
01050102924,010-5010-2924,"one digit, middle group",-2.0227133138718405e-10,167,-7.785970351478308e-11
01050102924,010-5010-2924,"one digit, middle group",-2.0227133138718405e-10,168,1.3195968920614925e-10
01050102924,010-5010-2924,"one digit, middle group",-2.0227133138718405e-10,169,4.107143083576641e-10
01050102924,010-5010-2924,"one digit, middle group",-2.0227133138718405e-10,170,2.859616618673395e-10
01050102924,010-5010-2924,"one digit, middle group",-2.0227133138718405e-10,171,2.8859829503904765e-10
01050102924,010-5010-2924,"one digit, middle group",-2.0227133138718405e-10,172,-4.884009306698958e-11
01050102924,010-5010-2924,"one digit, middle group",-2.0227133138718405e-10,173,-3.494434590187489e-11
01050102924,010-5010-2924,"one digit, middle group",-2.0227133138718405e-10,174,1.0999639659232259e-10
01050102924,010-5010-2924,"one digit, middle group",-2.0227133138718405e-10,175,8.444416277055253e-12
01050102924,010-5010-2924,"one digit, middle group",-2.0227133138718405e-10,176,3.31079349392148e-11
01050102924,010-5010-2924,"one digit, middle group",-2.0227133138718405e-10,177,1.9720271617397308e-10
01050102924,010-5010-2924,"one digit, middle group",-2.0227133138718405e-10,178,-4.541438003455826e-11
01050102924,010-5010-2924,"one digit, middle group",-2.0227133138718405e-10,179,6.601171951987227e-10
01050102924,010-5010-2924,"one digit, middle group",-2.0227133138718405e-10,180,-8.251162132748576e-11
01050102924,010-5010-2924,"one digit, middle group",-2.0227133138718405e-10,181,-2.662458145508736e-10
01050102924,010-5010-2924,"one digit, middle group",-2.0227133138718405e-10,182,-4.427802957337111e-10
01050102924,010-5010-2924,"one digit, middle group",-2.0227133138718405e-10,183,1.1941782680828435e-10
01050102924,010-5010-2924,"one digit, middle group",-2.0227133138718405e-10,184,-2.080113105719154e-11
01050102924,010-5010-2924,"one digit, middle group",-2.0227133138718405e-10,185,2.2487234251810756e-10
01050102924,010-5010-2924,"one digit, middle group",-2.0227133138718405e-10,186,9.259995598466934e-11
01050102924,010-5010-2924,"one digit, middle group",-2.0227133138718405e-10,187,-2.464297211081395e-11
01050102924,010-5010-2924,"one digit, middle group",-2.0227133138718405e-10,188,-1.2171222551390805e-10
01050102924,010-5010-2924,"one digit, middle group",-2.0227133138718405e-10,189,3.0288652586147785e-11
01050102924,010-5010-2924,"one digit, middle group",-2.0227133138718405e-10,190,-1.560378477458317e-10
01050102924,010-5010-2924,"one digit, middle group",-2.0227133138718405e-10,191,6.151897390579268e-11
01050102924,010-5010-2924,"one digit, middle group",-2.0227133138718405e-10,192,4.694638561252497e-11
01050102924,010-5010-2924,"one digit, middle group",-2.0227133138718405e-10,193,3.200252076608291e-10
01050102924,010-5010-2924,"one digit, middle group",-2.0227133138718405e-10,194,2.7149006348274328e-12
01050102924,010-5010-2924,"one digit, middle group",-2.0227133138718405e-10,195,-1.4747559350665529e-10
01050102924,010-5010-2924,"one digit, middle group",-2.0227133138718405e-10,196,-6.663411099982638e-11
01050102924,010-5010-2924,"one digit, middle group",-2.0227133138718405e-10,197,1.5036444714079798e-10
01050102924,010-5010-2924,"one digit, middle group",-2.0227133138718405e-10,198,2.627268568004662e-11
01050102924,010-5010-2924,"one digit, middle group",-2.0227133138718405e-10,199,-5.670450457227319e-10
01050102924,010-5010-2924,"one digit, middle group",-2.0227133138718405e-10,200,-9.435017830078474e-11
01050102924,010-5010-2924,"one digit, middle group",-2.0227133138718405e-10,201,-2.1154243309985488e-11
01050102924,010-5010-2924,"one digit, middle group",-2.0227133138718405e-10,202,-2.1263407322725848e-10
01050102924,010-5010-2924,"one digit, middle group",-2.0227133138718405e-10,203,-3.465047827850945e-11
01011112222,010-1111-2222,not in the log,-2.263946907294257e-10,0,5.275869419294549e-11
01011112222,010-1111-2222,not in the log,-2.263946907294257e-10,1,-7.261808566271546e-11
01011112222,010-1111-2222,not in the log,-2.263946907294257e-10,2,-1.657323228553489e-10
01011112222,010-1111-2222,not in the log,-2.263946907294257e-10,3,2.6322832062551824e-11
01011112222,010-1111-2222,not in the log,-2.263946907294257e-10,4,-5.849575669941067e-10
01011112222,010-1111-2222,not in the log,-2.263946907294257e-10,5,-5.654715147828642e-10
01011112222,010-1111-2222,not in the log,-2.263946907294257e-10,6,-9.766061404579226e-11
01011112222,010-1111-2222,not in the log,-2.263946907294257e-10,7,3.321661392890037e-10
01011112222,010-1111-2222,not in the log,-2.263946907294257e-10,8,-6.867178085330737e-11
01011112222,010-1111-2222,not in the log,-2.263946907294257e-10,9,-2.673894409493367e-11
01011112222,010-1111-2222,not in the log,-2.263946907294257e-10,10,-5.620720798848063e-11
01011112222,010-1111-2222,not in the log,-2.263946907294257e-10,11,8.43165292440834e-12
01011112222,010-1111-2222,not in the log,-2.263946907294257e-10,12,-4.508875438918361e-11
01011112222,010-1111-2222,not in the log,-2.263946907294257e-10,13,-2.779350321670507e-10
01011112222,010-1111-2222,not in the log,-2.263946907294257e-10,14,6.657053782104911e-11
01011112222,010-1111-2222,not in the log,-2.263946907294257e-10,15,-1.162695973454373e-12
01011112222,010-1111-2222,not in the log,-2.263946907294257e-10,16,-3.9968282270966073e-10
01011112222,010-1111-2222,not in the log,-2.263946907294257e-10,17,-3.359989904452217e-10
01011112222,010-1111-2222,not in the log,-2.263946907294257e-10,18,1.4998957943563535e-10
01011112222,010-1111-2222,not in the log,-2.263946907294257e-10,19,1.545394480612396e-10
01011112222,010-1111-2222,not in the log,-2.263946907294257e-10,20,1.1454548421279569e-11
01011112222,010-1111-2222,not in the log,-2.263946907294257e-10,21,-1.4349803052603345e-10
01011112222,010-1111-2222,not in the log,-2.263946907294257e-10,22,-1.0955974378055057e-10
01011112222,010-1111-2222,not in the log,-2.263946907294257e-10,23,-1.4602457288507654e-10
01011112222,010-1111-2222,not in the log,-2.263946907294257e-10,24,6.534454995984822e-11
01011112222,010-1111-2222,not in the log,-2.263946907294257e-10,25,5.6458781866565227e-11
01011112222,010-1111-2222,not in the log,-2.263946907294257e-10,26,-1.1411131664940666e-10
01011112222,010-1111-2222,not in the log,-2.263946907294257e-10,27,-1.7364008198535685e-10
01011112222,010-1111-2222,not in the log,-2.263946907294257e-10,28,1.5446368161520049e-10
01011112222,010-1111-2222,not in the log,-2.263946907294257e-10,29,-1.0658210506598892e-10
01011112222,010-1111-2222,not in the log,-2.263946907294257e-10,30,9.78713586092584e-12
01011112222,010-1111-2222,not in the log,-2.263946907294257e-10,31,-3.8706949613432894e-11
01011112222,010-1111-2222,not in the log,-2.263946907294257e-10,32,-6.951238623097594e-12
01011112222,010-1111-2222,not in the log,-2.263946907294257e-10,33,1.1280784453304655e-11
01011112222,010-1111-2222,not in the log,-2.263946907294257e-10,34,1.0691662939036038e-10
01011112222,010-1111-2222,not in the log,-2.263946907294257e-10,35,-3.1149687741514768e-12
01011112222,010-1111-2222,not in the log,-2.263946907294257e-10,36,-2.074651961288229e-11
01011112222,010-1111-2222,not in the log,-2.263946907294257e-10,37,1.1595097475813215e-10
01011112222,010-1111-2222,not in the log,-2.263946907294257e-10,38,1.0928483375600493e-10
01011112222,010-1111-2222,not in the log,-2.263946907294257e-10,39,2.554943981738749e-11
01011112222,010-1111-2222,not in the log,-2.263946907294257e-10,40,-2.9794776607139066e-10
01011112222,010-1111-2222,not in the log,-2.263946907294257e-10,41,-4.4464425446231605e-11
01011112222,010-1111-2222,not in the log,-2.263946907294257e-10,42,-6.298247384595111e-11
01011112222,010-1111-2222,not in the log,-2.263946907294257e-10,43,-5.298923127808059e-11
01011112222,010-1111-2222,not in the log,-2.263946907294257e-10,44,1.7836360070181976e-11
01011112222,010-1111-2222,not in the log,-2.263946907294257e-10,45,-2.6422732795971836e-10
01011112222,010-1111-2222,not in the log,-2.263946907294257e-10,46,7.803405546935291e-11
01011112222,010-1111-2222,not in the log,-2.263946907294257e-10,47,-2.5264630666065393e-10
01011112222,010-1111-2222,not in the log,-2.263946907294257e-10,48,3.014873643287798e-11
01011112222,010-1111-2222,not in the log,-2.263946907294257e-10,49,-4.52508685578468e-11
01011112222,010-1111-2222,not in the log,-2.263946907294257e-10,50,-3.3800815711916415e-10
01011112222,010-1111-2222,not in the log,-2.263946907294257e-10,51,-9.124442893714551e-12
01011112222,010-1111-2222,not in the log,-2.263946907294257e-10,52,6.257046650642948e-12
01011112222,010-1111-2222,not in the log,-2.263946907294257e-10,53,-9.140226055976108e-13
01011112222,010-1111-2222,not in the log,-2.263946907294257e-10,54,5.0372889796811074e-11
01011112222,010-1111-2222,not in the log,-2.263946907294257e-10,55,-2.3941569840614935e-11
01011112222,010-1111-2222,not in the log,-2.263946907294257e-10,56,1.93623638974573e-10
01011112222,010-1111-2222,not in the log,-2.263946907294257e-10,57,-3.5447687826862614e-13
01011112222,010-1111-2222,not in the log,-2.263946907294257e-10,58,6.22246872353972e-11
01011112222,010-1111-2222,not in the log,-2.263946907294257e-10,59,-1.3218675141077322e-10
01011112222,010-1111-2222,not in the log,-2.263946907294257e-10,60,1.88373840147602e-10
01011112222,010-1111-2222,not in the log,-2.263946907294257e-10,61,-3.871977285047779e-11
01011112222,010-1111-2222,not in the log,-2.263946907294257e-10,62,5.181765870726327e-11
01011112222,010-1111-2222,not in the log,-2.263946907294257e-10,63,1.3896426164233886e-10
01011112222,010-1111-2222,not in the log,-2.263946907294257e-10,64,2.3012982539612406e-10
01011112222,010-1111-2222,not in the log,-2.263946907294257e-10,65,-7.264596443635141e-11
01011112222,010-1111-2222,not in the log,-2.263946907294257e-10,66,1.47263515088199e-10
01011112222,010-1111-2222,not in the log,-2.263946907294257e-10,67,8.299833563763716e-11
01011112222,010-1111-2222,not in the log,-2.263946907294257e-10,68,-2.1088371895688317e-11
01011112222,010-1111-2222,not in the log,-2.263946907294257e-10,69,-2.474119860096925e-10
01011112222,010-1111-2222,not in the log,-2.263946907294257e-10,70,7.713004920695528e-11
01011112222,010-1111-2222,not in the log,-2.263946907294257e-10,71,1.0542391888153518e-12
01011112222,010-1111-2222,not in the log,-2.263946907294257e-10,72,6.506254498533788e-12
01011112222,010-1111-2222,not in the log,-2.263946907294257e-10,73,1.3517020125221917e-11
01011112222,010-1111-2222,not in the log,-2.263946907294257e-10,74,-1.1485392620300113e-10
01011112222,010-1111-2222,not in the log,-2.263946907294257e-10,75,1.5651335251097002e-12
01011112222,010-1111-2222,not in the log,-2.263946907294257e-10,76,-1.8965614851410414e-12
01011112222,010-1111-2222,not in the log,-2.263946907294257e-10,77,-3.499348075114011e-11
01011112222,010-1111-2222,not in the log,-2.263946907294257e-10,78,-3.452893438799118e-10
01011112222,010-1111-2222,not in the log,-2.263946907294257e-10,79,7.311530573655262e-11
01011112222,010-1111-2222,not in the log,-2.263946907294257e-10,80,1.658171694569811e-11
01011112222,010-1111-2222,not in the log,-2.263946907294257e-10,81,2.1538373864539238e-11
01011112222,010-1111-2222,not in the log,-2.263946907294257e-10,82,3.188901362544034e-10
01011112222,010-1111-2222,not in the log,-2.263946907294257e-10,83,7.382739401222219e-11
01011112222,010-1111-2222,not in the log,-2.263946907294257e-10,84,7.840166975353795e-11
01011112222,010-1111-2222,not in the log,-2.263946907294257e-10,85,2.8626998726304965e-11
01011112222,010-1111-2222,not in the log,-2.263946907294257e-10,86,1.675981205429099e-10
01011112222,010-1111-2222,not in the log,-2.263946907294257e-10,87,5.4988092517336164e-11
01011112222,010-1111-2222,not in the log,-2.263946907294257e-10,88,-1.1726295677788441e-10
01011112222,010-1111-2222,not in the log,-2.263946907294257e-10,89,1.3087515923513686e-10
01011112222,010-1111-2222,not in the log,-2.263946907294257e-10,90,3.877584222862844e-13
01011112222,010-1111-2222,not in the log,-2.263946907294257e-10,91,-6.536622062142174e-11
01011112222,010-1111-2222,not in the log,-2.263946907294257e-10,92,8.630477646860978e-11
01011112222,010-1111-2222,not in the log,-2.263946907294257e-10,93,-1.7059387856355733e-10
01011112222,010-1111-2222,not in the log,-2.263946907294257e-10,94,-1.264440561440137e-10
01011112222,010-1111-2222,not in the log,-2.263946907294257e-10,95,7.984734922522285e-11
01011112222,010-1111-2222,not in the log,-2.263946907294257e-10,96,-5.930425664960316e-11
01011112222,010-1111-2222,not in the log,-2.263946907294257e-10,97,2.9396113794909077e-10
01011112222,010-1111-2222,not in the log,-2.263946907294257e-10,98,2.365701065271384e-10
01011112222,010-1111-2222,not in the log,-2.263946907294257e-10,99,1.768236443528413e-11
01011112222,010-1111-2222,not in the log,-2.263946907294257e-10,100,-1.1475526041215567e-10
01011112222,010-1111-2222,not in the log,-2.263946907294257e-10,101,4.89725571051513e-11
01011112222,010-1111-2222,not in the log,-2.263946907294257e-10,102,3.888928360948822e-11
01011112222,010-1111-2222,not in the log,-2.263946907294257e-10,103,-3.456364427119392e-10
01011112222,010-1111-2222,not in the log,-2.263946907294257e-10,104,1.0738765267263513e-10
01011112222,010-1111-2222,not in the log,-2.263946907294257e-10,105,-1.2051176872106044e-10
01011112222,010-1111-2222,not in the log,-2.263946907294257e-10,106,-1.7548341990403522e-11
01011112222,010-1111-2222,not in the log,-2.263946907294257e-10,107,-6.430156208146859e-11
01011112222,010-1111-2222,not in the log,-2.263946907294257e-10,108,2.3007261863451948e-11
01011112222,010-1111-2222,not in the log,-2.263946907294257e-10,109,-3.785556541005855e-12
01011112222,010-1111-2222,not in the log,-2.263946907294257e-10,110,2.7076211131865794e-11
01011112222,010-1111-2222,not in the log,-2.263946907294257e-10,111,-3.73590257345693e-11
01011112222,010-1111-2222,not in the log,-2.263946907294257e-10,112,8.61115290014222e-11
01011112222,010-1111-2222,not in the log,-2.263946907294257e-10,113,1.377995023817982e-11
01011112222,010-1111-2222,not in the log,-2.263946907294257e-10,114,-3.479841830355808e-10
01011112222,010-1111-2222,not in the log,-2.263946907294257e-10,115,-1.0299243289703791e-13
01011112222,010-1111-2222,not in the log,-2.263946907294257e-10,116,2.54275237851778e-10
01011112222,010-1111-2222,not in the log,-2.263946907294257e-10,117,-1.4529156582401203e-10
01011112222,010-1111-2222,not in the log,-2.263946907294257e-10,118,-6.538327636932228e-11
01011112222,010-1111-2222,not in the log,-2.263946907294257e-10,119,1.3262094966753925e-10
01011112222,010-1111-2222,not in the log,-2.263946907294257e-10,120,4.8453528815070074e-11
01011112222,010-1111-2222,not in the log,-2.263946907294257e-10,121,-8.783715188192169e-11
01011112222,010-1111-2222,not in the log,-2.263946907294257e-10,122,1.2245458657594368e-11
01011112222,010-1111-2222,not in the log,-2.263946907294257e-10,123,9.472448908796947e-11
01011112222,010-1111-2222,not in the log,-2.263946907294257e-10,124,-3.8279342487485816e-10
01011112222,010-1111-2222,not in the log,-2.263946907294257e-10,125,3.0184832021120946e-10
01011112222,010-1111-2222,not in the log,-2.263946907294257e-10,126,-8.387174015046503e-11
01011112222,010-1111-2222,not in the log,-2.263946907294257e-10,127,3.9695868027454e-11
01011112222,010-1111-2222,not in the log,-2.263946907294257e-10,128,9.307854168586033e-12
01011112222,010-1111-2222,not in the log,-2.263946907294257e-10,129,1.4728615693468537e-10
01011112222,010-1111-2222,not in the log,-2.263946907294257e-10,130,-4.136401361201091e-11
01011112222,010-1111-2222,not in the log,-2.263946907294257e-10,131,-1.773195933737339e-10
01011112222,010-1111-2222,not in the log,-2.263946907294257e-10,132,8.105113785026898e-11
01011112222,010-1111-2222,not in the log,-2.263946907294257e-10,133,2.229875832655828e-10
01011112222,010-1111-2222,not in the log,-2.263946907294257e-10,134,8.64860721179716e-11
01011112222,010-1111-2222,not in the log,-2.263946907294257e-10,135,1.757050885591036e-11
01011112222,010-1111-2222,not in the log,-2.263946907294257e-10,136,2.274276396931449e-11
01011112222,010-1111-2222,not in the log,-2.263946907294257e-10,137,-5.721880365186883e-12
01011112222,010-1111-2222,not in the log,-2.263946907294257e-10,138,-7.504011286340596e-11
01011112222,010-1111-2222,not in the log,-2.263946907294257e-10,139,-7.844709771063385e-11
01011112222,010-1111-2222,not in the log,-2.263946907294257e-10,140,-1.5214254668882973e-11
01011112222,010-1111-2222,not in the log,-2.263946907294257e-10,141,4.875601467220638e-11
01011112222,010-1111-2222,not in the log,-2.263946907294257e-10,142,1.6682167071949909e-10
01011112222,010-1111-2222,not in the log,-2.263946907294257e-10,143,7.510601185573909e-11
01011112222,010-1111-2222,not in the log,-2.263946907294257e-10,144,-1.3827526219708734e-10
01011112222,010-1111-2222,not in the log,-2.263946907294257e-10,145,2.1985354606614492e-11
01011112222,010-1111-2222,not in the log,-2.263946907294257e-10,146,1.585250236081109e-10
01011112222,010-1111-2222,not in the log,-2.263946907294257e-10,147,-1.5472894991941944e-10
01011112222,010-1111-2222,not in the log,-2.263946907294257e-10,148,-1.00646216139668e-10
01011112222,010-1111-2222,not in the log,-2.263946907294257e-10,149,-9.208181696498525e-11
01011112222,010-1111-2222,not in the log,-2.263946907294257e-10,150,-1.1544584225006699e-10
01011112222,010-1111-2222,not in the log,-2.263946907294257e-10,151,2.1210858026349407e-11
01011112222,010-1111-2222,not in the log,-2.263946907294257e-10,152,1.7926046166381473e-10
01011112222,010-1111-2222,not in the log,-2.263946907294257e-10,153,-5.4300573325383886e-11
01011112222,010-1111-2222,not in the log,-2.263946907294257e-10,154,7.276957995094336e-12
01011112222,010-1111-2222,not in the log,-2.263946907294257e-10,155,1.8049539250671314e-10
01011112222,010-1111-2222,not in the log,-2.263946907294257e-10,156,8.963040901871464e-11
01011112222,010-1111-2222,not in the log,-2.263946907294257e-10,157,-3.386248855371508e-11
01011112222,010-1111-2222,not in the log,-2.263946907294257e-10,158,7.804601930145247e-11
01011112222,010-1111-2222,not in the log,-2.263946907294257e-10,159,-1.2668068210697115e-11
01011112222,010-1111-2222,not in the log,-2.263946907294257e-10,160,9.243560557625165e-11
01011112222,010-1111-2222,not in the log,-2.263946907294257e-10,161,-7.945929234621687e-11
01011112222,010-1111-2222,not in the log,-2.263946907294257e-10,162,1.0384233962206465e-10
01011112222,010-1111-2222,not in the log,-2.263946907294257e-10,163,1.54101054048771e-11
01011112222,010-1111-2222,not in the log,-2.263946907294257e-10,164,-2.7641405993499857e-10
01011112222,010-1111-2222,not in the log,-2.263946907294257e-10,165,2.4025406354692065e-12
01011112222,010-1111-2222,not in the log,-2.263946907294257e-10,166,-1.0026075166600398e-11
01011112222,010-1111-2222,not in the log,-2.263946907294257e-10,167,-3.1921830281641607e-10
01011112222,010-1111-2222,not in the log,-2.263946907294257e-10,168,-1.4403403345918234e-10
01011112222,010-1111-2222,not in the log,-2.263946907294257e-10,169,3.3044264744680743e-10
01011112222,010-1111-2222,not in the log,-2.263946907294257e-10,170,-3.281594546586008e-10
01011112222,010-1111-2222,not in the log,-2.263946907294257e-10,171,-3.154973029919902e-11
01011112222,010-1111-2222,not in the log,-2.263946907294257e-10,172,-2.10188849444298e-11
01011112222,010-1111-2222,not in the log,-2.263946907294257e-10,173,1.359436271230748e-10
01011112222,010-1111-2222,not in the log,-2.263946907294257e-10,174,3.4312456546009674e-11
01011112222,010-1111-2222,not in the log,-2.263946907294257e-10,175,-9.355922946370414e-11
01011112222,010-1111-2222,not in the log,-2.263946907294257e-10,176,5.281920233237121e-11
01011112222,010-1111-2222,not in the log,-2.263946907294257e-10,177,1.7998740090687984e-10
01011112222,010-1111-2222,not in the log,-2.263946907294257e-10,178,-1.400907499959153e-10
01011112222,010-1111-2222,not in the log,-2.263946907294257e-10,179,1.5101796369909566e-10
01011112222,010-1111-2222,not in the log,-2.263946907294257e-10,180,1.1676552890449473e-10
01011112222,010-1111-2222,not in the log,-2.263946907294257e-10,181,-3.58534107174384e-10
01011112222,010-1111-2222,not in the log,-2.263946907294257e-10,182,2.640108366460303e-10
01011112222,010-1111-2222,not in the log,-2.263946907294257e-10,183,-2.860190921212427e-11
01011112222,010-1111-2222,not in the log,-2.263946907294257e-10,184,-3.708835676518238e-11
01011112222,010-1111-2222,not in the log,-2.263946907294257e-10,185,1.658277985677014e-11
01011112222,010-1111-2222,not in the log,-2.263946907294257e-10,186,-6.5001879474287975e-12
01011112222,010-1111-2222,not in the log,-2.263946907294257e-10,187,-7.114248161422314e-11
01011112222,010-1111-2222,not in the log,-2.263946907294257e-10,188,4.9447356855995145e-11
01011112222,010-1111-2222,not in the log,-2.263946907294257e-10,189,1.8732379971493464e-10
01011112222,010-1111-2222,not in the log,-2.263946907294257e-10,190,-9.576278315655763e-11
01011112222,010-1111-2222,not in the log,-2.263946907294257e-10,191,-1.3732199052478474e-11
01011112222,010-1111-2222,not in the log,-2.263946907294257e-10,192,3.847427059511509e-11
01011112222,010-1111-2222,not in the log,-2.263946907294257e-10,193,-3.487564586310657e-11
01011112222,010-1111-2222,not in the log,-2.263946907294257e-10,194,4.7136289666260684e-11
01011112222,010-1111-2222,not in the log,-2.263946907294257e-10,195,3.058302305461746e-11
01011112222,010-1111-2222,not in the log,-2.263946907294257e-10,196,1.3293724601084192e-10
01011112222,010-1111-2222,not in the log,-2.263946907294257e-10,197,9.223743359647789e-11
01011112222,010-1111-2222,not in the log,-2.263946907294257e-10,198,-9.7671543166582e-11
01011112222,010-1111-2222,not in the log,-2.263946907294257e-10,199,7.6508387357951e-10
01011112222,010-1111-2222,not in the log,-2.263946907294257e-10,200,-2.4838800367467097e-11
01011112222,010-1111-2222,not in the log,-2.263946907294257e-10,201,2.670597445872015e-11
01011112222,010-1111-2222,not in the log,-2.263946907294257e-10,202,-4.865969814002127e-10
01011112222,010-1111-2222,not in the log,-2.263946907294257e-10,203,6.29009139297017e-11
