target,grouped,description,exist_value,slot,decrypted
01050002924,010-5000-2924,original,1.0000000000797178,0,-6.252044342705142e-11
01050002924,010-5000-2924,original,1.0000000000797178,1,2.43477323065231e-11
01050002924,010-5000-2924,original,1.0000000000797178,2,-1.8216865196482668e-10
01050002924,010-5000-2924,original,1.0000000000797178,3,-3.6779949762482284e-11
01050002924,010-5000-2924,original,1.0000000000797178,4,-2.7595571259427473e-10
01050002924,010-5000-2924,original,1.0000000000797178,5,6.998324539057821e-11
01050002924,010-5000-2924,original,1.0000000000797178,6,1.0791713726107539e-11
01050002924,010-5000-2924,original,1.0000000000797178,7,-1.1462898887831462e-10
01050002924,010-5000-2924,original,1.0000000000797178,8,-1.3864689061137072e-10
01050002924,010-5000-2924,original,1.0000000000797178,9,-8.901298936495345e-11
01050002924,010-5000-2924,original,1.0000000000797178,10,-7.0583437815214634e-12
01050002924,010-5000-2924,original,1.0000000000797178,11,-4.76670312212809e-11
01050002924,010-5000-2924,original,1.0000000000797178,12,-2.762779136132276e-10
01050002924,010-5000-2924,original,1.0000000000797178,13,6.018194257987097e-11
01050002924,010-5000-2924,original,1.0000000000797178,14,-3.790001031343772e-11
01050002924,010-5000-2924,original,1.0000000000797178,15,1.0654996382941474e-10
01050002924,010-5000-2924,original,1.0000000000797178,16,-1.5769594561236663e-10
01050002924,010-5000-2924,original,1.0000000000797178,17,6.720255070416991e-10
01050002924,010-5000-2924,original,1.0000000000797178,18,5.526075383989621e-11
01050002924,010-5000-2924,original,1.0000000000797178,19,-2.0642620752912427e-11
01050002924,010-5000-2924,original,1.0000000000797178,20,-1.272061533881461e-10
01050002924,010-5000-2924,original,1.0000000000797178,21,-1.1468744407999844e-10
01050002924,010-5000-2924,original,1.0000000000797178,22,4.244367869623145e-11
01050002924,010-5000-2924,original,1.0000000000797178,23,-1.1103377015625348e-11
01050002924,010-5000-2924,original,1.0000000000797178,24,5.004294979325996e-11
01050002924,010-5000-2924,original,1.0000000000797178,25,8.96236280882359e-11
01050002924,010-5000-2924,original,1.0000000000797178,26,2.7136777762919324e-10
01050002924,010-5000-2924,original,1.0000000000797178,27,-3.430822005739795e-11
01050002924,010-5000-2924,original,1.0000000000797178,28,-1.911769241616918e-10
01050002924,010-5000-2924,original,1.0000000000797178,29,-1.0596168980362215e-11
01050002924,010-5000-2924,original,1.0000000000797178,30,-3.9907527196957396e-10
01050002924,010-5000-2924,original,1.0000000000797178,31,-3.494635795877813e-11
01050002924,010-5000-2924,original,1.0000000000797178,32,8.205760167742373e-11
01050002924,010-5000-2924,original,1.0000000000797178,33,-1.3142739487450769e-10
01050002924,010-5000-2924,original,1.0000000000797178,34,-1.586761416884086e-11
01050002924,010-5000-2924,original,1.0000000000797178,35,-1.300933413655187e-11
01050002924,010-5000-2924,original,1.0000000000797178,36,-2.227335696950965e-11
01050002924,010-5000-2924,original,1.0000000000797178,37,-6.280712852785543e-11
01050002924,010-5000-2924,original,1.0000000000797178,38,-7.520054147638468e-11
01050002924,010-5000-2924,original,1.0000000000797178,39,1.1885882980704792e-10
01050002924,010-5000-2924,original,1.0000000000797178,40,3.627814834234585e-11
01050002924,010-5000-2924,original,1.0000000000797178,41,7.549112419646681e-11
01050002924,010-5000-2924,original,1.0000000000797178,42,-1.680155732502255e-10
01050002924,010-5000-2924,original,1.0000000000797178,43,6.044039823027276e-11
01050002924,010-5000-2924,original,1.0000000000797178,44,5.314180982980094e-11
01050002924,010-5000-2924,original,1.0000000000797178,45,4.4532311348215246e-11
01050002924,010-5000-2924,original,1.0000000000797178,46,2.0001256730843396e-12
01050002924,010-5000-2924,original,1.0000000000797178,47,-1.8201656270322344e-10
01050002924,010-5000-2924,original,1.0000000000797178,48,6.276706279318194e-11
01050002924,010-5000-2924,original,1.0000000000797178,49,-1.6695048240408343e-10
01050002924,010-5000-2924,original,1.0000000000797178,50,-2.7489357153172255e-10
01050002924,010-5000-2924,original,1.0000000000797178,51,8.353929927459714e-12
01050002924,010-5000-2924,original,1.0000000000797178,52,6.849305271011983e-11
01050002924,010-5000-2924,original,1.0000000000797178,53,-5.638165373995268e-11
01050002924,010-5000-2924,original,1.0000000000797178,54,-2.525165069910076e-11
01050002924,010-5000-2924,original,1.0000000000797178,55,1.1788934627704855e-10
01050002924,010-5000-2924,original,1.0000000000797178,56,2.0418475911984756e-10
01050002924,010-5000-2924,original,1.0000000000797178,57,3.852962845193739e-12
01050002924,010-5000-2924,original,1.0000000000797178,58,1.7995349933113148e-11
01050002924,010-5000-2924,original,1.0000000000797178,59,5.972231404589289e-11
01050002924,010-5000-2924,original,1.0000000000797178,60,-1.1692169626554167e-10
01050002924,010-5000-2924,original,1.0000000000797178,61,-6.54135986885148e-11
01050002924,010-5000-2924,original,1.0000000000797178,62,-1.9616398478867465e-11
01050002924,010-5000-2924,original,1.0000000000797178,63,3.132819415471804e-11
01050002924,010-5000-2924,original,1.0000000000797178,64,-2.0440116332609773e-10
01050002924,010-5000-2924,original,1.0000000000797178,65,-6.354730195976452e-11
01050002924,010-5000-2924,original,1.0000000000797178,66,1.3804469751695377e-10
01050002924,010-5000-2924,original,1.0000000000797178,67,-1.5313714146916686e-10
01050002924,010-5000-2924,original,1.0000000000797178,68,3.81106761858561e-11
01050002924,010-5000-2924,original,1.0000000000797178,69,2.2074757720570385e-10
01050002924,010-5000-2924,original,1.0000000000797178,70,8.736275121877772e-11
01050002924,010-5000-2924,original,1.0000000000797178,71,6.842726244305176e-11
01050002924,010-5000-2924,original,1.0000000000797178,72,-3.069369833234845e-11
01050002924,010-5000-2924,original,1.0000000000797178,73,-7.739148812748927e-11
01050002924,010-5000-2924,original,1.0000000000797178,74,-1.477209824350711e-10
01050002924,010-5000-2924,original,1.0000000000797178,75,-1.52898397251517e-11
01050002924,010-5000-2924,original,1.0000000000797178,76,3.836854888853778e-11
01050002924,010-5000-2924,original,1.0000000000797178,77,-4.7682529478649254e-11
01050002924,010-5000-2924,original,1.0000000000797178,78,2.0521197596427884e-10
01050002924,010-5000-2924,original,1.0000000000797178,79,1.3242961583128988e-10
01050002924,010-5000-2924,original,1.0000000000797178,80,3.8647055248689114e-11
01050002924,010-5000-2924,original,1.0000000000797178,81,5.400126078394937e-12
01050002924,010-5000-2924,original,1.0000000000797178,82,-1.2556113628748467e-10
01050002924,010-5000-2924,original,1.0000000000797178,83,-2.948408554477815e-11
01050002924,010-5000-2924,original,1.0000000000797178,84,7.885571200618063e-11
01050002924,010-5000-2924,original,1.0000000000797178,85,-4.5056731301520766e-12
01050002924,010-5000-2924,original,1.0000000000797178,86,4.4521036582588946e-10
01050002924,010-5000-2924,original,1.0000000000797178,87,-1.2297517784089054e-10
01050002924,010-5000-2924,original,1.0000000000797178,88,-9.839984996751965e-12
01050002924,010-5000-2924,original,1.0000000000797178,89,-8.832779269661864e-11
01050002924,010-5000-2924,original,1.0000000000797178,90,-9.439302549317978e-11
01050002924,010-5000-2924,original,1.0000000000797178,91,1.0172533205407404e-10
01050002924,010-5000-2924,original,1.0000000000797178,92,2.4274014340037617e-10
01050002924,010-5000-2924,original,1.0000000000797178,93,9.03138135372666e-12
01050002924,010-5000-2924,original,1.0000000000797178,94,9.307124353800797e-11
01050002924,010-5000-2924,original,1.0000000000797178,95,-6.378722596605541e-11
01050002924,010-5000-2924,original,1.0000000000797178,96,1.6244309074685084e-11
01050002924,010-5000-2924,original,1.0000000000797178,97,1.0747801155541649e-10
01050002924,010-5000-2924,original,1.0000000000797178,98,-7.449749838422298e-11
01050002924,010-5000-2924,original,1.0000000000797178,99,-4.563606349518817e-11
01050002924,010-5000-2924,original,1.0000000000797178,100,-1.0530034031242374e-10
01050002924,010-5000-2924,original,1.0000000000797178,101,1.6415350659784478e-10
01050002924,010-5000-2924,original,1.0000000000797178,102,-1.4661242700012414e-10
01050002924,010-5000-2924,original,1.0000000000797178,103,-2.2235002131497388e-10
01050002924,010-5000-2924,original,1.0000000000797178,104,2.1717148901905293e-10
01050002924,010-5000-2924,original,1.0000000000797178,105,1.1145054324008594e-11
01050002924,010-5000-2924,original,1.0000000000797178,106,1.6948107456566045e-11
01050002924,010-5000-2924,original,1.0000000000797178,107,-1.252685921767737e-11
01050002924,010-5000-2924,original,1.0000000000797178,108,-6.379571726564035e-11
01050002924,010-5000-2924,original,1.0000000000797178,109,-2.0228109084394373e-11
01050002924,010-5000-2924,original,1.0000000000797178,110,9.772971849335956e-11
01050002924,010-5000-2924,original,1.0000000000797178,111,1.2662819799809062e-10
01050002924,010-5000-2924,original,1.0000000000797178,112,3.252799886830532e-11
01050002924,010-5000-2924,original,1.0000000000797178,113,1.8921455366778544e-11
01050002924,010-5000-2924,original,1.0000000000797178,114,-1.714901020765711e-10
01050002924,010-5000-2924,original,1.0000000000797178,115,-3.5823719049299726e-11
01050002924,010-5000-2924,original,1.0000000000797178,116,2.384440783028058e-10
01050002924,010-5000-2924,original,1.0000000000797178,117,-2.872477174251177e-10
01050002924,010-5000-2924,original,1.0000000000797178,118,-2.9779308580605e-11
01050002924,010-5000-2924,original,1.0000000000797178,119,1.545854066031242e-10
01050002924,010-5000-2924,original,1.0000000000797178,120,-8.977899027109174e-12
01050002924,010-5000-2924,original,1.0000000000797178,121,-5.647699495781339e-11
01050002924,010-5000-2924,original,1.0000000000797178,122,6.871048605055423e-11
01050002924,010-5000-2924,original,1.0000000000797178,123,4.1805359140580714e-11
01050002924,010-5000-2924,original,1.0000000000797178,124,2.298464050361895e-10
01050002924,010-5000-2924,original,1.0000000000797178,125,1.782526339004083e-10
01050002924,010-5000-2924,original,1.0000000000797178,126,-1.0904687325070575e-10
01050002924,010-5000-2924,original,1.0000000000797178,127,-7.528694390129689e-11
01050002924,010-5000-2924,original,1.0000000000797178,128,3.585447832232282e-10
01050002924,010-5000-2924,original,1.0000000000797178,129,-1.8071031530881937e-10
01050002924,010-5000-2924,original,1.0000000000797178,130,-1.9912186396227004e-11
01050002924,010-5000-2924,original,1.0000000000797178,131,3.5152493548915476e-10
01050002924,010-5000-2924,original,1.0000000000797178,132,-1.0439832747466344e-10
01050002924,010-5000-2924,original,1.0000000000797178,133,-1.7392689736951983e-10
01050002924,010-5000-2924,original,1.0000000000797178,134,-2.1593707648665483e-10
01050002924,010-5000-2924,original,1.0000000000797178,135,3.376051677898554e-11
01050002924,010-5000-2924,original,1.0000000000797178,136,4.657846655068614e-11
01050002924,010-5000-2924,original,1.0000000000797178,137,3.6053447106496506e-11
01050002924,010-5000-2924,original,1.0000000000797178,138,2.0679848209205516e-10
01050002924,010-5000-2924,original,1.0000000000797178,139,4.8595840093073336e-11
01050002924,010-5000-2924,original,1.0000000000797178,140,6.130643580609627e-11
01050002924,010-5000-2924,original,1.0000000000797178,141,2.769219741934106e-10
01050002924,010-5000-2924,original,1.0000000000797178,142,0.9999997043382198
01050002924,010-5000-2924,original,1.0000000000797178,143,0.9999996666956226
01050002924,010-5000-2924,original,1.0000000000797178,144,0.9999997068237211
01050002924,010-5000-2924,original,1.0000000000797178,145,0.9999996916370364
01050002924,010-5000-2924,original,1.0000000000797178,146,0.9999996865781275
01050002924,010-5000-2924,original,1.0000000000797178,147,0.9999996726190223
01050002924,010-5000-2924,original,1.0000000000797178,148,0.9999996969535647
01050002924,010-5000-2924,original,1.0000000000797178,149,0.9999996758611034
01050002924,010-5000-2924,original,1.0000000000797178,150,6.994598838879992e-11
01050002924,010-5000-2924,original,1.0000000000797178,151,9.96065193444229e-12
01050002924,010-5000-2924,original,1.0000000000797178,152,-3.2101384661244186e-10
01050002924,010-5000-2924,original,1.0000000000797178,153,1.0299300050083061e-10
01050002924,010-5000-2924,original,1.0000000000797178,154,-2.2959231204650125e-11
01050002924,010-5000-2924,original,1.0000000000797178,155,5.281195619276058e-10
01050002924,010-5000-2924,original,1.0000000000797178,156,0.9999997009536121
01050002924,010-5000-2924,original,1.0000000000797178,157,-6.999863981401226e-12
01050002924,010-5000-2924,original,1.0000000000797178,158,-1.4891541731442032e-10
01050002924,010-5000-2924,original,1.0000000000797178,159,-7.106352436075249e-11
01050002924,010-5000-2924,original,1.0000000000797178,160,0.9999996774580758
01050002924,010-5000-2924,original,1.0000000000797178,161,-8.277859161651117e-11
01050002924,010-5000-2924,original,1.0000000000797178,162,-1.3918511579877827e-10
01050002924,010-5000-2924,original,1.0000000000797178,163,0.9999996927717725
01050002924,010-5000-2924,original,1.0000000000797178,164,0.9999996953771073
01050002924,010-5000-2924,original,1.0000000000797178,165,-9.087887812245785e-11
01050002924,010-5000-2924,original,1.0000000000797178,166,5.5531593223593366e-11
01050002924,010-5000-2924,original,1.0000000000797178,167,1.6848660723948196e-10
01050002924,010-5000-2924,original,1.0000000000797178,168,-3.2289428085265917e-10
01050002924,010-5000-2924,original,1.0000000000797178,169,3.3599710330737175e-10
01050002924,010-5000-2924,original,1.0000000000797178,170,3.030832047867025e-11
01050002924,010-5000-2924,original,1.0000000000797178,171,4.5723335802715626e-11
01050002924,010-5000-2924,original,1.0000000000797178,172,1.8394271804885016e-11
01050002924,010-5000-2924,original,1.0000000000797178,173,-1.2156501192819174e-10
01050002924,010-5000-2924,original,1.0000000000797178,174,4.213089534271878e-11
01050002924,010-5000-2924,original,1.0000000000797178,175,3.0472696291984555e-10
01050002924,010-5000-2924,original,1.0000000000797178,176,-2.3065341118318897e-11
01050002924,010-5000-2924,original,1.0000000000797178,177,7.106057288945339e-11
01050002924,010-5000-2924,original,1.0000000000797178,178,2.030178609346228e-10
01050002924,010-5000-2924,original,1.0000000000797178,179,2.439098736223713e-10
01050002924,010-5000-2924,original,1.0000000000797178,180,5.381454224132621e-11
01050002924,010-5000-2924,original,1.0000000000797178,181,3.1264089229401203e-10
01050002924,010-5000-2924,original,1.0000000000797178,182,-9.890886242765472e-11
01050002924,010-5000-2924,original,1.0000000000797178,183,3.9410312811045757e-10
01050002924,010-5000-2924,original,1.0000000000797178,184,-3.231001192735908e-11
01050002924,010-5000-2924,original,1.0000000000797178,185,-4.1175995485897804e-11
01050002924,010-5000-2924,original,1.0000000000797178,186,-1.6846084161826027e-10
01050002924,010-5000-2924,original,1.0000000000797178,187,-2.4724011069485105e-11
01050002924,010-5000-2924,original,1.0000000000797178,188,-3.068999744070105e-12
01050002924,010-5000-2924,original,1.0000000000797178,189,-5.5460920774383506e-11
01050002924,010-5000-2924,original,1.0000000000797178,190,-1.4332648945689448e-12
01050002924,010-5000-2924,original,1.0000000000797178,191,2.4326789771992756e-11
01050002924,010-5000-2924,original,1.0000000000797178,192,7.739856115040222e-11
01050002924,010-5000-2924,original,1.0000000000797178,193,-5.289581407990933e-11
01050002924,010-5000-2924,original,1.0000000000797178,194,5.6665378688325064e-12
01050002924,010-5000-2924,original,1.0000000000797178,195,1.0499130038702052e-10
01050002924,010-5000-2924,original,1.0000000000797178,196,-9.529591972024971e-11
01050002924,010-5000-2924,original,1.0000000000797178,197,1.0796361046467663e-10
01050002924,010-5000-2924,original,1.0000000000797178,198,-6.430894114227694e-12
01050002924,010-5000-2924,original,1.0000000000797178,199,-4.5432465770836504e-10
01050002924,010-5000-2924,original,1.0000000000797178,200,-4.651477653498775e-11
01050002924,010-5000-2924,original,1.0000000000797178,201,-2.0502920763163366e-11
01050002924,010-5000-2924,original,1.0000000000797178,202,1.4694382462590032e-10
01050002924,010-5000-2924,original,1.0000000000797178,203,1.7905313648088767e-11
01050002925,010-5000-2925,"one digit, last group",-2.803312045597934e-10,0,-1.4673820271439532e-10
01050002925,010-5000-2925,"one digit, last group",-2.803312045597934e-10,1,2.0769501977657504e-10
01050002925,010-5000-2925,"one digit, last group",-2.803312045597934e-10,2,-6.40705806827558e-12
01050002925,010-5000-2925,"one digit, last group",-2.803312045597934e-10,3,-5.361945898323881e-11
01050002925,010-5000-2925,"one digit, last group",-2.803312045597934e-10,4,4.556189592200859e-11
01050002925,010-5000-2925,"one digit, last group",-2.803312045597934e-10,5,2.6191920884275567e-11
01050002925,010-5000-2925,"one digit, last group",-2.803312045597934e-10,6,-1.4776293221520347e-10
01050002925,010-5000-2925,"one digit, last group",-2.803312045597934e-10,7,-2.985823909544481e-10
01050002925,010-5000-2925,"one digit, last group",-2.803312045597934e-10,8,-1.7309793193713055e-10
01050002925,010-5000-2925,"one digit, last group",-2.803312045597934e-10,9,-7.749514053215711e-11
01050002925,010-5000-2925,"one digit, last group",-2.803312045597934e-10,10,-3.432899462643834e-11
01050002925,010-5000-2925,"one digit, last group",-2.803312045597934e-10,11,2.376702766054791e-11
01050002925,010-5000-2925,"one digit, last group",-2.803312045597934e-10,12,-1.3589503847371089e-11
01050002925,010-5000-2925,"one digit, last group",-2.803312045597934e-10,13,6.305247738922012e-11
01050002925,010-5000-2925,"one digit, last group",-2.803312045597934e-10,14,1.1663305063479782e-10
01050002925,010-5000-2925,"one digit, last group",-2.803312045597934e-10,15,6.477012762436929e-11
01050002925,010-5000-2925,"one digit, last group",-2.803312045597934e-10,16,-1.0865606449476458e-11
01050002925,010-5000-2925,"one digit, last group",-2.803312045597934e-10,17,-4.7323918732306846e-11
01050002925,010-5000-2925,"one digit, last group",-2.803312045597934e-10,18,-8.136850050210189e-11
01050002925,010-5000-2925,"one digit, last group",-2.803312045597934e-10,19,5.473793146330121e-11
01050002925,010-5000-2925,"one digit, last group",-2.803312045597934e-10,20,-9.724315933959713e-11
01050002925,010-5000-2925,"one digit, last group",-2.803312045597934e-10,21,-1.5348588279448187e-11
01050002925,010-5000-2925,"one digit, last group",-2.803312045597934e-10,22,3.121981339704067e-10
01050002925,010-5000-2925,"one digit, last group",-2.803312045597934e-10,23,7.525534827266008e-11
01050002925,010-5000-2925,"one digit, last group",-2.803312045597934e-10,24,-3.1667009082716954e-10
01050002925,010-5000-2925,"one digit, last group",-2.803312045597934e-10,25,-9.168514246387265e-11
01050002925,010-5000-2925,"one digit, last group",-2.803312045597934e-10,26,2.6344210006968037e-11
01050002925,010-5000-2925,"one digit, last group",-2.803312045597934e-10,27,-2.6632402079135096e-10
01050002925,010-5000-2925,"one digit, last group",-2.803312045597934e-10,28,-2.7258129770228603e-10
01050002925,010-5000-2925,"one digit, last group",-2.803312045597934e-10,29,5.031648895456772e-11
01050002925,010-5000-2925,"one digit, last group",-2.803312045597934e-10,30,-2.1904643040241138e-10
01050002925,010-5000-2925,"one digit, last group",-2.803312045597934e-10,31,-6.830089417179511e-11
01050002925,010-5000-2925,"one digit, last group",-2.803312045597934e-10,32,-9.911264741200684e-11
01050002925,010-5000-2925,"one digit, last group",-2.803312045597934e-10,33,2.5495030983990293e-10
01050002925,010-5000-2925,"one digit, last group",-2.803312045597934e-10,34,-2.8002759654012765e-11
01050002925,010-5000-2925,"one digit, last group",-2.803312045597934e-10,35,-6.018301244088128e-11
01050002925,010-5000-2925,"one digit, last group",-2.803312045597934e-10,36,-8.808327702051433e-11
01050002925,010-5000-2925,"one digit, last group",-2.803312045597934e-10,37,-2.320013606134288e-10
01050002925,010-5000-2925,"one digit, last group",-2.803312045597934e-10,38,-8.244140830310905e-11
01050002925,010-5000-2925,"one digit, last group",-2.803312045597934e-10,39,1.5572900763302407e-10
01050002925,010-5000-2925,"one digit, last group",-2.803312045597934e-10,40,-1.1424805958390924e-10
01050002925,010-5000-2925,"one digit, last group",-2.803312045597934e-10,41,6.82547371150611e-11
01050002925,010-5000-2925,"one digit, last group",-2.803312045597934e-10,42,-1.1570812799351431e-10
01050002925,010-5000-2925,"one digit, last group",-2.803312045597934e-10,43,-8.92342845911872e-11
01050002925,010-5000-2925,"one digit, last group",-2.803312045597934e-10,44,-3.111716414823098e-11
01050002925,010-5000-2925,"one digit, last group",-2.803312045597934e-10,45,2.94674351271852e-10
01050002925,010-5000-2925,"one digit, last group",-2.803312045597934e-10,46,5.516663094772572e-11
01050002925,010-5000-2925,"one digit, last group",-2.803312045597934e-10,47,7.672473541942583e-11
01050002925,010-5000-2925,"one digit, last group",-2.803312045597934e-10,48,1.692835332543234e-10
01050002925,010-5000-2925,"one digit, last group",-2.803312045597934e-10,49,7.445651136806079e-11
01050002925,010-5000-2925,"one digit, last group",-2.803312045597934e-10,50,-3.3122026142847897e-10
01050002925,010-5000-2925,"one digit, last group",-2.803312045597934e-10,51,1.2172143318687e-10
01050002925,010-5000-2925,"one digit, last group",-2.803312045597934e-10,52,1.7946661652134592e-10
01050002925,010-5000-2925,"one digit, last group",-2.803312045597934e-10,53,-2.8398348156743714e-11
01050002925,010-5000-2925,"one digit, last group",-2.803312045597934e-10,54,3.401031745706633e-11
01050002925,010-5000-2925,"one digit, last group",-2.803312045597934e-10,55,-1.8135390454109868e-10
01050002925,010-5000-2925,"one digit, last group",-2.803312045597934e-10,56,6.330656055682425e-11
01050002925,010-5000-2925,"one digit, last group",-2.803312045597934e-10,57,-3.680312845789415e-11
01050002925,010-5000-2925,"one digit, last group",-2.803312045597934e-10,58,-3.849011549976443e-11
01050002925,010-5000-2925,"one digit, last group",-2.803312045597934e-10,59,1.1579505303195105e-10
01050002925,010-5000-2925,"one digit, last group",-2.803312045597934e-10,60,3.9782071102362576e-10
01050002925,010-5000-2925,"one digit, last group",-2.803312045597934e-10,61,4.095445826723459e-11
01050002925,010-5000-2925,"one digit, last group",-2.803312045597934e-10,62,4.097822710719302e-12
01050002925,010-5000-2925,"one digit, last group",-2.803312045597934e-10,63,-2.712712644621942e-11
01050002925,010-5000-2925,"one digit, last group",-2.803312045597934e-10,64,1.552790369090268e-10
01050002925,010-5000-2925,"one digit, last group",-2.803312045597934e-10,65,-1.2631234219677779e-10
01050002925,010-5000-2925,"one digit, last group",-2.803312045597934e-10,66,1.2026778442708077e-10
01050002925,010-5000-2925,"one digit, last group",-2.803312045597934e-10,67,8.562049387925401e-11
01050002925,010-5000-2925,"one digit, last group",-2.803312045597934e-10,68,2.511102832102401e-11
01050002925,010-5000-2925,"one digit, last group",-2.803312045597934e-10,69,9.244497910589592e-11
01050002925,010-5000-2925,"one digit, last group",-2.803312045597934e-10,70,-5.492599983391674e-11
01050002925,010-5000-2925,"one digit, last group",-2.803312045597934e-10,71,-1.764147953954121e-10
01050002925,010-5000-2925,"one digit, last group",-2.803312045597934e-10,72,2.1358514958516127e-11
01050002925,010-5000-2925,"one digit, last group",-2.803312045597934e-10,73,1.4176468940236537e-11
01050002925,010-5000-2925,"one digit, last group",-2.803312045597934e-10,74,1.7030812625702745e-10
01050002925,010-5000-2925,"one digit, last group",-2.803312045597934e-10,75,-1.005423185758603e-10
01050002925,010-5000-2925,"one digit, last group",-2.803312045597934e-10,76,1.5674669823871527e-10
01050002925,010-5000-2925,"one digit, last group",-2.803312045597934e-10,77,9.478406545990072e-11
01050002925,010-5000-2925,"one digit, last group",-2.803312045597934e-10,78,-4.2487388137442554e-10
01050002925,010-5000-2925,"one digit, last group",-2.803312045597934e-10,79,5.841983285682e-11
01050002925,010-5000-2925,"one digit, last group",-2.803312045597934e-10,80,-4.303690388319722e-11
01050002925,010-5000-2925,"one digit, last group",-2.803312045597934e-10,81,-2.050978729088502e-10
01050002925,010-5000-2925,"one digit, last group",-2.803312045597934e-10,82,-1.8915882253755224e-10
01050002925,010-5000-2925,"one digit, last group",-2.803312045597934e-10,83,-5.283865983878924e-12
01050002925,010-5000-2925,"one digit, last group",-2.803312045597934e-10,84,-4.6348823607670723e-11
01050002925,010-5000-2925,"one digit, last group",-2.803312045597934e-10,85,1.7175830897256012e-11
01050002925,010-5000-2925,"one digit, last group",-2.803312045597934e-10,86,5.71895412633153e-10
01050002925,010-5000-2925,"one digit, last group",-2.803312045597934e-10,87,8.17610561810903e-11
01050002925,010-5000-2925,"one digit, last group",-2.803312045597934e-10,88,2.3911725597356053e-10
01050002925,010-5000-2925,"one digit, last group",-2.803312045597934e-10,89,1.0297876612391309e-10
01050002925,010-5000-2925,"one digit, last group",-2.803312045597934e-10,90,-3.6903046493483194e-13
01050002925,010-5000-2925,"one digit, last group",-2.803312045597934e-10,91,-1.5185442248292728e-10
01050002925,010-5000-2925,"one digit, last group",-2.803312045597934e-10,92,1.703723889925715e-10
01050002925,010-5000-2925,"one digit, last group",-2.803312045597934e-10,93,-2.2842194722168272e-10
01050002925,010-5000-2925,"one digit, last group",-2.803312045597934e-10,94,-5.321347024047905e-11
01050002925,010-5000-2925,"one digit, last group",-2.803312045597934e-10,95,-1.6562334287758295e-10
01050002925,010-5000-2925,"one digit, last group",-2.803312045597934e-10,96,-5.73799927250031e-10
01050002925,010-5000-2925,"one digit, last group",-2.803312045597934e-10,97,5.240462890973974e-11
01050002925,010-5000-2925,"one digit, last group",-2.803312045597934e-10,98,-5.295141297263422e-11
01050002925,010-5000-2925,"one digit, last group",-2.803312045597934e-10,99,-1.1480246854050672e-11
01050002925,010-5000-2925,"one digit, last group",-2.803312045597934e-10,100,-1.936499301879484e-12
01050002925,010-5000-2925,"one digit, last group",-2.803312045597934e-10,101,-2.223839755465478e-10
01050002925,010-5000-2925,"one digit, last group",-2.803312045597934e-10,102,-2.5764046967062555e-10
01050002925,010-5000-2925,"one digit, last group",-2.803312045597934e-10,103,-2.0227854361378672e-11
01050002925,010-5000-2925,"one digit, last group",-2.803312045597934e-10,104,2.468689378923304e-10
01050002925,010-5000-2925,"one digit, last group",-2.803312045597934e-10,105,8.764054215776433e-11
01050002925,010-5000-2925,"one digit, last group",-2.803312045597934e-10,106,-1.034453449086802e-10
01050002925,010-5000-2925,"one digit, last group",-2.803312045597934e-10,107,-1.8925896557066846e-10
01050002925,010-5000-2925,"one digit, last group",-2.803312045597934e-10,108,-1.5568237823657364e-10
01050002925,010-5000-2925,"one digit, last group",-2.803312045597934e-10,109,8.480660135844556e-11
01050002925,010-5000-2925,"one digit, last group",-2.803312045597934e-10,110,-4.888555869345628e-11
01050002925,010-5000-2925,"one digit, last group",-2.803312045597934e-10,111,1.0012408086572041e-10
01050002925,010-5000-2925,"one digit, last group",-2.803312045597934e-10,112,-3.247908862628931e-10
01050002925,010-5000-2925,"one digit, last group",-2.803312045597934e-10,113,-2.26173195425763e-11
01050002925,010-5000-2925,"one digit, last group",-2.803312045597934e-10,114,4.1291461687386524e-11
01050002925,010-5000-2925,"one digit, last group",-2.803312045597934e-10,115,-8.10899243704284e-12
01050002925,010-5000-2925,"one digit, last group",-2.803312045597934e-10,116,-1.0167257348701372e-10
01050002925,010-5000-2925,"one digit, last group",-2.803312045597934e-10,117,1.0902001203898303e-11
01050002925,010-5000-2925,"one digit, last group",-2.803312045597934e-10,118,1.61064760120992e-10
01050002925,010-5000-2925,"one digit, last group",-2.803312045597934e-10,119,-3.491369363411476e-11
01050002925,010-5000-2925,"one digit, last group",-2.803312045597934e-10,120,3.95407791852612e-11
01050002925,010-5000-2925,"one digit, last group",-2.803312045597934e-10,121,2.2744797239987142e-11
01050002925,010-5000-2925,"one digit, last group",-2.803312045597934e-10,122,5.263453115129945e-11
01050002925,010-5000-2925,"one digit, last group",-2.803312045597934e-10,123,-7.115967109144739e-12
01050002925,010-5000-2925,"one digit, last group",-2.803312045597934e-10,124,-3.6018115017527724e-11
01050002925,010-5000-2925,"one digit, last group",-2.803312045597934e-10,125,-1.710783877646906e-11
01050002925,010-5000-2925,"one digit, last group",-2.803312045597934e-10,126,-4.1678673624461755e-11
01050002925,010-5000-2925,"one digit, last group",-2.803312045597934e-10,127,-8.287931043681023e-11
01050002925,010-5000-2925,"one digit, last group",-2.803312045597934e-10,128,-2.1701858077124213e-10
01050002925,010-5000-2925,"one digit, last group",-2.803312045597934e-10,129,2.3952704754722925e-10
01050002925,010-5000-2925,"one digit, last group",-2.803312045597934e-10,130,3.380161243277901e-11
01050002925,010-5000-2925,"one digit, last group",-2.803312045597934e-10,131,2.9288793206284746e-10
01050002925,010-5000-2925,"one digit, last group",-2.803312045597934e-10,132,1.6962118274131164e-12
01050002925,010-5000-2925,"one digit, last group",-2.803312045597934e-10,133,-1.563148850959222e-10
01050002925,010-5000-2925,"one digit, last group",-2.803312045597934e-10,134,-1.7651580106021338e-11
01050002925,010-5000-2925,"one digit, last group",-2.803312045597934e-10,135,3.394887761335944e-11
01050002925,010-5000-2925,"one digit, last group",-2.803312045597934e-10,136,-1.8563630408567314e-12
01050002925,010-5000-2925,"one digit, last group",-2.803312045597934e-10,137,-2.7587387411385226e-11
01050002925,010-5000-2925,"one digit, last group",-2.803312045597934e-10,138,-2.0178807172255882e-12
01050002925,010-5000-2925,"one digit, last group",-2.803312045597934e-10,139,-1.1014256399924901e-10
01050002925,010-5000-2925,"one digit, last group",-2.803312045597934e-10,140,-8.382285794961507e-11
01050002925,010-5000-2925,"one digit, last group",-2.803312045597934e-10,141,1.959771212062004e-10
01050002925,010-5000-2925,"one digit, last group",-2.803312045597934e-10,142,-6.404019111270357e-09
01050002925,010-5000-2925,"one digit, last group",-2.803312045597934e-10,143,3.3199788928880955e-10
01050002925,010-5000-2925,"one digit, last group",-2.803312045597934e-10,144,3.5599406846671523e-10
01050002925,010-5000-2925,"one digit, last group",-2.803312045597934e-10,145,-4.1015834884527153e-10
01050002925,010-5000-2925,"one digit, last group",-2.803312045597934e-10,146,-1.213801782224705e-09
01050002925,010-5000-2925,"one digit, last group",-2.803312045597934e-10,147,1.5099637602976616e-09
01050002925,010-5000-2925,"one digit, last group",-2.803312045597934e-10,148,1.1533224301540828e-09
01050002925,010-5000-2925,"one digit, last group",-2.803312045597934e-10,149,-4.4039656262528e-10
01050002925,010-5000-2925,"one digit, last group",-2.803312045597934e-10,150,-1.6095391675499562e-10
01050002925,010-5000-2925,"one digit, last group",-2.803312045597934e-10,151,-3.1956708082195953e-11
01050002925,010-5000-2925,"one digit, last group",-2.803312045597934e-10,152,-4.895780060256559e-11
01050002925,010-5000-2925,"one digit, last group",-2.803312045597934e-10,153,-6.916098801304881e-12
01050002925,010-5000-2925,"one digit, last group",-2.803312045597934e-10,154,4.458767656324721e-12
01050002925,010-5000-2925,"one digit, last group",-2.803312045597934e-10,155,5.328988438683388e-10
01050002925,010-5000-2925,"one digit, last group",-2.803312045597934e-10,156,-8.841185720878076e-09
01050002925,010-5000-2925,"one digit, last group",-2.803312045597934e-10,157,-8.885768798323627e-11
01050002925,010-5000-2925,"one digit, last group",-2.803312045597934e-10,158,2.0718490700924656e-10
01050002925,010-5000-2925,"one digit, last group",-2.803312045597934e-10,159,-6.228270032355867e-11
01050002925,010-5000-2925,"one digit, last group",-2.803312045597934e-10,160,-1.3977686873251469e-09
01050002925,010-5000-2925,"one digit, last group",-2.803312045597934e-10,161,1.398757163533481e-10
01050002925,010-5000-2925,"one digit, last group",-2.803312045597934e-10,162,8.885360153550192e-11
01050002925,010-5000-2925,"one digit, last group",-2.803312045597934e-10,163,2.255842789561517e-09
01050002925,010-5000-2925,"one digit, last group",-2.803312045597934e-10,164,7.409687036414275e-10
01050002925,010-5000-2925,"one digit, last group",-2.803312045597934e-10,165,-1.0860795489826885e-10
01050002925,010-5000-2925,"one digit, last group",-2.803312045597934e-10,166,6.621434950865421e-11
01050002925,010-5000-2925,"one digit, last group",-2.803312045597934e-10,167,2.6625488913580063e-10
01050002925,010-5000-2925,"one digit, last group",-2.803312045597934e-10,168,8.006362698555876e-11
01050002925,010-5000-2925,"one digit, last group",-2.803312045597934e-10,169,2.4872087246570603e-10
01050002925,010-5000-2925,"one digit, last group",-2.803312045597934e-10,170,2.9485508963567947e-11
01050002925,010-5000-2925,"one digit, last group",-2.803312045597934e-10,171,3.474005085603235e-11
01050002925,010-5000-2925,"one digit, last group",-2.803312045597934e-10,172,7.68006471649454e-11
01050002925,010-5000-2925,"one digit, last group",-2.803312045597934e-10,173,-2.4020925173847576e-11
01050002925,010-5000-2925,"one digit, last group",-2.803312045597934e-10,174,-2.4579622865283946e-11
01050002925,010-5000-2925,"one digit, last group",-2.803312045597934e-10,175,-2.3486109354149723e-10
01050002925,010-5000-2925,"one digit, last group",-2.803312045597934e-10,176,-6.046523838232054e-11
01050002925,010-5000-2925,"one digit, last group",-2.803312045597934e-10,177,-6.46991273922565e-11
01050002925,010-5000-2925,"one digit, last group",-2.803312045597934e-10,178,-4.392296830840846e-11
01050002925,010-5000-2925,"one digit, last group",-2.803312045597934e-10,179,-2.5110691624655786e-10
01050002925,010-5000-2925,"one digit, last group",-2.803312045597934e-10,180,-1.2511110825647812e-10
01050002925,010-5000-2925,"one digit, last group",-2.803312045597934e-10,181,2.380291053968246e-10
01050002925,010-5000-2925,"one digit, last group",-2.803312045597934e-10,182,9.969110118889343e-11
01050002925,010-5000-2925,"one digit, last group",-2.803312045597934e-10,183,-1.2732051011594506e-11
01050002925,010-5000-2925,"one digit, last group",-2.803312045597934e-10,184,2.1173681086259456e-11
01050002925,010-5000-2925,"one digit, last group",-2.803312045597934e-10,185,4.866740487481231e-11
01050002925,010-5000-2925,"one digit, last group",-2.803312045597934e-10,186,1.565623643586132e-10
01050002925,010-5000-2925,"one digit, last group",-2.803312045597934e-10,187,-2.0032689326557085e-11
01050002925,010-5000-2925,"one digit, last group",-2.803312045597934e-10,188,8.01694322431523e-11
01050002925,010-5000-2925,"one digit, last group",-2.803312045597934e-10,189,-1.199211599447501e-10
01050002925,010-5000-2925,"one digit, last group",-2.803312045597934e-10,190,1.159969834674323e-10
01050002925,010-5000-2925,"one digit, last group",-2.803312045597934e-10,191,-3.333259803928238e-11
01050002925,010-5000-2925,"one digit, last group",-2.803312045597934e-10,192,2.952853095391592e-12
01050002925,010-5000-2925,"one digit, last group",-2.803312045597934e-10,193,-1.2561674519824924e-10
01050002925,010-5000-2925,"one digit, last group",-2.803312045597934e-10,194,1.0730268477229764e-11
01050002925,010-5000-2925,"one digit, last group",-2.803312045597934e-10,195,1.516758792897923e-10
01050002925,010-5000-2925,"one digit, last group",-2.803312045597934e-10,196,5.643659605336854e-11
01050002925,010-5000-2925,"one digit, last group",-2.803312045597934e-10,197,-6.99804807880179e-11
01050002925,010-5000-2925,"one digit, last group",-2.803312045597934e-10,198,1.3752614990911537e-10
01050002925,010-5000-2925,"one digit, last group",-2.803312045597934e-10,199,6.083396248033776e-10
01050002925,010-5000-2925,"one digit, last group",-2.803312045597934e-10,200,-1.297543319523199e-10
01050002925,010-5000-2925,"one digit, last group",-2.803312045597934e-10,201,-4.1067167266986934e-11
01050002925,010-5000-2925,"one digit, last group",-2.803312045597934e-10,202,1.47954943979851e-10
01050002925,010-5000-2925,"one digit, last group",-2.803312045597934e-10,203,-1.8543449777604795e-11
01051009080,010-5100-9080,original,1.0000000001631355,0,1.056046354180114e-10
01051009080,010-5100-9080,original,1.0000000001631355,1,1.670750699191433e-10
01051009080,010-5100-9080,original,1.0000000001631355,2,3.092332958906157e-10
01051009080,010-5100-9080,original,1.0000000001631355,3,5.895205532201574e-11
01051009080,010-5100-9080,original,1.0000000001631355,4,2.5075388771880673e-10
01051009080,010-5100-9080,original,1.0000000001631355,5,-1.087290771064102e-10
01051009080,010-5100-9080,original,1.0000000001631355,6,-2.1496734384440014e-11
01051009080,010-5100-9080,original,1.0000000001631355,7,3.803118281033247e-11
01051009080,010-5100-9080,original,1.0000000001631355,8,-1.3540955272527375e-10
01051009080,010-5100-9080,original,1.0000000001631355,9,9.729815959720348e-12
01051009080,010-5100-9080,original,1.0000000001631355,10,-3.430384736973904e-11
01051009080,010-5100-9080,original,1.0000000001631355,11,-1.5894846357167313e-10
01051009080,010-5100-9080,original,1.0000000001631355,12,-5.096286940128112e-10
01051009080,010-5100-9080,original,1.0000000001631355,13,-1.4211724367529408e-10
01051009080,010-5100-9080,original,1.0000000001631355,14,1.2325129090426306e-10
01051009080,010-5100-9080,original,1.0000000001631355,15,-1.5135650633534205e-11
01051009080,010-5100-9080,original,1.0000000001631355,16,5.007809622023609e-12
01051009080,010-5100-9080,original,1.0000000001631355,17,-4.0533081193954867e-10
01051009080,010-5100-9080,original,1.0000000001631355,18,-3.923184840143275e-11
01051009080,010-5100-9080,original,1.0000000001631355,19,1.0051008099442543e-10
01051009080,010-5100-9080,original,1.0000000001631355,20,4.450132132572126e-11
01051009080,010-5100-9080,original,1.0000000001631355,21,3.4070378680638055e-11
01051009080,010-5100-9080,original,1.0000000001631355,22,-1.0393485902712437e-10
01051009080,010-5100-9080,original,1.0000000001631355,23,1.8300905347277946e-10
01051009080,010-5100-9080,original,1.0000000001631355,24,2.9241883393798347e-10
01051009080,010-5100-9080,original,1.0000000001631355,25,9.792486434166085e-11
01051009080,010-5100-9080,original,1.0000000001631355,26,6.370244294737095e-10
01051009080,010-5100-9080,original,1.0000000001631355,27,4.606312656461614e-11
01051009080,010-5100-9080,original,1.0000000001631355,28,3.7904463219281673e-10
01051009080,010-5100-9080,original,1.0000000001631355,29,1.9429850751613794e-11
01051009080,010-5100-9080,original,1.0000000001631355,30,4.7946008748347724e-11
01051009080,010-5100-9080,original,1.0000000001631355,31,-5.267763128271777e-11
01051009080,010-5100-9080,original,1.0000000001631355,32,-1.9004142623213146e-11
01051009080,010-5100-9080,original,1.0000000001631355,33,2.845720697739305e-10
01051009080,010-5100-9080,original,1.0000000001631355,34,7.277546771271865e-11
01051009080,010-5100-9080,original,1.0000000001631355,35,5.890457797792977e-11
01051009080,010-5100-9080,original,1.0000000001631355,36,1.0700783099175547e-10
01051009080,010-5100-9080,original,1.0000000001631355,37,-1.323553528201975e-10
01051009080,010-5100-9080,original,1.0000000001631355,38,-1.5231418726199114e-11
01051009080,010-5100-9080,original,1.0000000001631355,39,1.4376756867270942e-10
01051009080,010-5100-9080,original,1.0000000001631355,40,-6.068566845998836e-11
01051009080,010-5100-9080,original,1.0000000001631355,41,4.8105137707797034e-11
01051009080,010-5100-9080,original,1.0000000001631355,42,3.38787202281204e-11
01051009080,010-5100-9080,original,1.0000000001631355,43,-1.523793882510389e-11
01051009080,010-5100-9080,original,1.0000000001631355,44,1.6199107276057514e-11
01051009080,010-5100-9080,original,1.0000000001631355,45,3.77733579894249e-10
01051009080,010-5100-9080,original,1.0000000001631355,46,-9.499509041737888e-11
01051009080,010-5100-9080,original,1.0000000001631355,47,-6.688310782721282e-11
01051009080,010-5100-9080,original,1.0000000001631355,48,4.491214912782891e-11
01051009080,010-5100-9080,original,1.0000000001631355,49,-1.2704936205298417e-10
01051009080,010-5100-9080,original,1.0000000001631355,50,-4.72605677224827e-10
01051009080,010-5100-9080,original,1.0000000001631355,51,7.28677854649222e-11
01051009080,010-5100-9080,original,1.0000000001631355,52,-2.6110493837108176e-10
01051009080,010-5100-9080,original,1.0000000001631355,53,-1.0563145607603593e-11
01051009080,010-5100-9080,original,1.0000000001631355,54,1.2994251455928851e-11
01051009080,010-5100-9080,original,1.0000000001631355,55,9.309717511341677e-11
01051009080,010-5100-9080,original,1.0000000001631355,56,-1.2538240566497905e-10
01051009080,010-5100-9080,original,1.0000000001631355,57,3.0698246150152006e-11
01051009080,010-5100-9080,original,1.0000000001631355,58,3.987782319356693e-11
01051009080,010-5100-9080,original,1.0000000001631355,59,1.2815625463288845e-10
01051009080,010-5100-9080,original,1.0000000001631355,60,2.816272187052287e-12
01051009080,010-5100-9080,original,1.0000000001631355,61,-1.9811034269035554e-10
01051009080,010-5100-9080,original,1.0000000001631355,62,-1.815764497168636e-10
01051009080,010-5100-9080,original,1.0000000001631355,63,-1.0717566169013679e-10
01051009080,010-5100-9080,original,1.0000000001631355,64,-9.455614318017807e-12
01051009080,010-5100-9080,original,1.0000000001631355,65,-7.181289357743407e-11
01051009080,010-5100-9080,original,1.0000000001631355,66,7.461144495871756e-11
01051009080,010-5100-9080,original,1.0000000001631355,67,-7.583091953170297e-12
01051009080,010-5100-9080,original,1.0000000001631355,68,-3.3173741838566627e-10
01051009080,010-5100-9080,original,1.0000000001631355,69,-5.739550569941494e-12
01051009080,010-5100-9080,original,1.0000000001631355,70,1.101924781197255e-12
01051009080,010-5100-9080,original,1.0000000001631355,71,1.7838967773881635e-11
01051009080,010-5100-9080,original,1.0000000001631355,72,-2.365355502905709e-12
01051009080,010-5100-9080,original,1.0000000001631355,73,1.3109011254267954e-10
01051009080,010-5100-9080,original,1.0000000001631355,74,-1.7297037511738132e-13
01051009080,010-5100-9080,original,1.0000000001631355,75,-1.045489863104883e-10
01051009080,010-5100-9080,original,1.0000000001631355,76,-2.036760285130005e-11
01051009080,010-5100-9080,original,1.0000000001631355,77,-7.594535512601817e-11
01051009080,010-5100-9080,original,1.0000000001631355,78,-3.38427659233404e-10
01051009080,010-5100-9080,original,1.0000000001631355,79,1.3835695738113478e-10
01051009080,010-5100-9080,original,1.0000000001631355,80,3.9337799506801754e-11
01051009080,010-5100-9080,original,1.0000000001631355,81,-1.5514407311588233e-10
01051009080,010-5100-9080,original,1.0000000001631355,82,-1.0716439477648568e-10
01051009080,010-5100-9080,original,1.0000000001631355,83,-7.111728162473734e-12
01051009080,010-5100-9080,original,1.0000000001631355,84,4.8979443137507555e-11
01051009080,010-5100-9080,original,1.0000000001631355,85,8.025565772024232e-11
01051009080,010-5100-9080,original,1.0000000001631355,86,2.55630242259779e-10
01051009080,010-5100-9080,original,1.0000000001631355,87,-6.233201196030681e-11
01051009080,010-5100-9080,original,1.0000000001631355,88,1.2170721077770259e-12
01051009080,010-5100-9080,original,1.0000000001631355,89,-7.301249943268429e-11
01051009080,010-5100-9080,original,1.0000000001631355,90,-1.1842265346209493e-10
01051009080,010-5100-9080,original,1.0000000001631355,91,-2.7083805837941836e-11
01051009080,010-5100-9080,original,1.0000000001631355,92,4.1552616943915103e-10
01051009080,010-5100-9080,original,1.0000000001631355,93,-2.0019446136825824e-10
01051009080,010-5100-9080,original,1.0000000001631355,94,-2.930852550069822e-11
01051009080,010-5100-9080,original,1.0000000001631355,95,-6.133293246549686e-11
01051009080,010-5100-9080,original,1.0000000001631355,96,9.035535225922164e-11
01051009080,010-5100-9080,original,1.0000000001631355,97,-3.997730553848764e-12
01051009080,010-5100-9080,original,1.0000000001631355,98,6.9011332070616715e-12
01051009080,010-5100-9080,original,1.0000000001631355,99,3.4260494705298355e-11
01051009080,010-5100-9080,original,1.0000000001631355,100,-1.5611761505105555e-10
01051009080,010-5100-9080,original,1.0000000001631355,101,2.6883961658803857e-10
01051009080,010-5100-9080,original,1.0000000001631355,102,2.7452522176505814e-10
01051009080,010-5100-9080,original,1.0000000001631355,103,2.2029345506924386e-10
01051009080,010-5100-9080,original,1.0000000001631355,104,-2.3006229139382448e-10
01051009080,010-5100-9080,original,1.0000000001631355,105,1.1771562574107815e-10
01051009080,010-5100-9080,original,1.0000000001631355,106,-8.26589480559711e-11
01051009080,010-5100-9080,original,1.0000000001631355,107,-7.122775148706395e-11
01051009080,010-5100-9080,original,1.0000000001631355,108,-5.206135516202532e-11
01051009080,010-5100-9080,original,1.0000000001631355,109,1.571957297017639e-11
01051009080,010-5100-9080,original,1.0000000001631355,110,4.358212510327145e-11
01051009080,010-5100-9080,original,1.0000000001631355,111,6.996641666612957e-11
01051009080,010-5100-9080,original,1.0000000001631355,112,1.007180490337968e-10
01051009080,010-5100-9080,original,1.0000000001631355,113,1.5966812869252187e-11
01051009080,010-5100-9080,original,1.0000000001631355,114,-8.095773316073807e-11
01051009080,010-5100-9080,original,1.0000000001631355,115,-5.391339359273489e-12
01051009080,010-5100-9080,original,1.0000000001631355,116,-2.12236322012554e-10
01051009080,010-5100-9080,original,1.0000000001631355,117,-4.8382298021303455e-11
01051009080,010-5100-9080,original,1.0000000001631355,118,-7.809747119917815e-11
01051009080,010-5100-9080,original,1.0000000001631355,119,-1.993371699937907e-10
01051009080,010-5100-9080,original,1.0000000001631355,120,1.1687966328043594e-11
01051009080,010-5100-9080,original,1.0000000001631355,121,-1.3335813633650462e-10
01051009080,010-5100-9080,original,1.0000000001631355,122,1.4754385242364985e-10
01051009080,010-5100-9080,original,1.0000000001631355,123,-2.779434495417554e-11
01051009080,010-5100-9080,original,1.0000000001631355,124,-8.898760542615318e-10
01051009080,010-5100-9080,original,1.0000000001631355,125,-3.3129175268589e-10
01051009080,010-5100-9080,original,1.0000000001631355,126,1.017029177192219e-11
01051009080,010-5100-9080,original,1.0000000001631355,127,2.9352771941278796e-11
01051009080,010-5100-9080,original,1.0000000001631355,128,-1.6218137559624308e-10
01051009080,010-5100-9080,original,1.0000000001631355,129,2.9053907407715753e-11
01051009080,010-5100-9080,original,1.0000000001631355,130,6.951029650308739e-11
01051009080,010-5100-9080,original,1.0000000001631355,131,7.400980068417556e-11
01051009080,010-5100-9080,original,1.0000000001631355,132,4.1491914576698416e-11
01051009080,010-5100-9080,original,1.0000000001631355,133,-1.3460039409350143e-10
01051009080,010-5100-9080,original,1.0000000001631355,134,-1.1550525560289628e-10
01051009080,010-5100-9080,original,1.0000000001631355,135,-2.203796565560117e-11
01051009080,010-5100-9080,original,1.0000000001631355,136,-3.1568495850060937e-13
01051009080,010-5100-9080,original,1.0000000001631355,137,1.460513528530711e-11
01051009080,010-5100-9080,original,1.0000000001631355,138,-7.91520917168348e-11
01051009080,010-5100-9080,original,1.0000000001631355,139,1.200853203426366e-10
01051009080,010-5100-9080,original,1.0000000001631355,140,3.308103969492839e-10
01051009080,010-5100-9080,original,1.0000000001631355,141,-1.324868347619241e-10
01051009080,010-5100-9080,original,1.0000000001631355,142,1.493695199962036e-10
01051009080,010-5100-9080,original,1.0000000001631355,143,4.958459216807878e-11
01051009080,010-5100-9080,original,1.0000000001631355,144,1.7016147139468017e-10
01051009080,010-5100-9080,original,1.0000000001631355,145,2.3534882464032655e-11
01051009080,010-5100-9080,original,1.0000000001631355,146,1.6824296647293475e-11
01051009080,010-5100-9080,original,1.0000000001631355,147,2.176024543142453e-10
01051009080,010-5100-9080,original,1.0000000001631355,148,2.0618672782774583e-11
01051009080,010-5100-9080,original,1.0000000001631355,149,-1.0848003408617335e-10
01051009080,010-5100-9080,original,1.0000000001631355,150,-2.6833178016036136e-11
01051009080,010-5100-9080,original,1.0000000001631355,151,-1.029360673327691e-11
01051009080,010-5100-9080,original,1.0000000001631355,152,1.5944734043965913e-10
01051009080,010-5100-9080,original,1.0000000001631355,153,-1.8756281864763538e-11
01051009080,010-5100-9080,original,1.0000000001631355,154,4.7322611871664136e-11
01051009080,010-5100-9080,original,1.0000000001631355,155,4.920333439164388e-11
01051009080,010-5100-9080,original,1.0000000001631355,156,-1.174962376062752e-10
01051009080,010-5100-9080,original,1.0000000001631355,157,3.2327990423368644e-11
01051009080,010-5100-9080,original,1.0000000001631355,158,2.1481364832895625e-10
01051009080,010-5100-9080,original,1.0000000001631355,159,3.3817320696364167e-11
01051009080,010-5100-9080,original,1.0000000001631355,160,2.74843074228143e-11
01051009080,010-5100-9080,original,1.0000000001631355,161,-6.7437196611813e-11
01051009080,010-5100-9080,original,1.0000000001631355,162,-1.1394918384003228e-10
01051009080,010-5100-9080,original,1.0000000001631355,163,-5.829500583934337e-11
01051009080,010-5100-9080,original,1.0000000001631355,164,-1.035672737137177e-10
01051009080,010-5100-9080,original,1.0000000001631355,165,3.757864626323339e-10
01051009080,010-5100-9080,original,1.0000000001631355,166,2.9506040715244075e-11
01051009080,010-5100-9080,original,1.0000000001631355,167,-7.865377758062838e-11
01051009080,010-5100-9080,original,1.0000000001631355,168,-2.6041710084236757e-10
01051009080,010-5100-9080,original,1.0000000001631355,169,-1.8232300848690157e-10
01051009080,010-5100-9080,original,1.0000000001631355,170,-9.36230580853737e-11
01051009080,010-5100-9080,original,1.0000000001631355,171,-1.1147901484075386e-10
01051009080,010-5100-9080,original,1.0000000001631355,172,3.621371028321451e-11
01051009080,010-5100-9080,original,1.0000000001631355,173,2.4407636701787845e-10
01051009080,010-5100-9080,original,1.0000000001631355,174,8.241514807590105e-11
01051009080,010-5100-9080,original,1.0000000001631355,175,-3.5799586201899807e-10
01051009080,010-5100-9080,original,1.0000000001631355,176,-2.9778225763522075e-11
01051009080,010-5100-9080,original,1.0000000001631355,177,-2.708791936609672e-10
01051009080,010-5100-9080,original,1.0000000001631355,178,1.5834614129148293e-10
01051009080,010-5100-9080,original,1.0000000001631355,179,6.025875795851817e-10
01051009080,010-5100-9080,original,1.0000000001631355,180,-3.383033494588796e-11
01051009080,010-5100-9080,original,1.0000000001631355,181,0.999999693041457
01051009080,010-5100-9080,original,1.0000000001631355,182,0.9999996426015921
01051009080,010-5100-9080,original,1.0000000001631355,183,0.9999996994702551
01051009080,010-5100-9080,original,1.0000000001631355,184,1.9604803806677813e-11
01051009080,010-5100-9080,original,1.0000000001631355,185,-1.1776989859840919e-11
01051009080,010-5100-9080,original,1.0000000001631355,186,8.065014491900598e-11
01051009080,010-5100-9080,original,1.0000000001631355,187,-1.1427639463862615e-10
01051009080,010-5100-9080,original,1.0000000001631355,188,8.274196048116244e-11
01051009080,010-5100-9080,original,1.0000000001631355,189,1.3814866650467683e-10
01051009080,010-5100-9080,original,1.0000000001631355,190,-1.5936495466177562e-11
01051009080,010-5100-9080,original,1.0000000001631355,191,1.9307214506443175e-11
01051009080,010-5100-9080,original,1.0000000001631355,192,2.696695496605111e-11
01051009080,010-5100-9080,original,1.0000000001631355,193,3.797091877123085e-11
01051009080,010-5100-9080,original,1.0000000001631355,194,5.673269528332657e-11
01051009080,010-5100-9080,original,1.0000000001631355,195,-7.153448262962867e-11
01051009080,010-5100-9080,original,1.0000000001631355,196,5.994477478240267e-11
01051009080,010-5100-9080,original,1.0000000001631355,197,2.163415664963047e-11
01051009080,010-5100-9080,original,1.0000000001631355,198,2.384487699593116e-12
01051009080,010-5100-9080,original,1.0000000001631355,199,-3.992663341710422e-10
01051009080,010-5100-9080,original,1.0000000001631355,200,-2.656157709353492e-11
01051009080,010-5100-9080,original,1.0000000001631355,201,3.0612856348757886e-11
01051009080,010-5100-9080,original,1.0000000001631355,202,4.0101563407170294e-10
01051009080,010-5100-9080,original,1.0000000001631355,203,-4.225093512022138e-11
01051009081,010-5100-9081,"one digit, last group",-4.838294154029471e-10,0,4.444315315755588e-12
01051009081,010-5100-9081,"one digit, last group",-4.838294154029471e-10,1,-4.0510690626186e-11
01051009081,010-5100-9081,"one digit, last group",-4.838294154029471e-10,2,2.405401704620723e-11
01051009081,010-5100-9081,"one digit, last group",-4.838294154029471e-10,3,-6.816527073200744e-12
01051009081,010-5100-9081,"one digit, last group",-4.838294154029471e-10,4,-1.122222424277691e-10
01051009081,010-5100-9081,"one digit, last group",-4.838294154029471e-10,5,3.8406900341723933e-10
01051009081,010-5100-9081,"one digit, last group",-4.838294154029471e-10,6,-6.377965908422405e-12
01051009081,010-5100-9081,"one digit, last group",-4.838294154029471e-10,7,-1.5633099588441858e-11
01051009081,010-5100-9081,"one digit, last group",-4.838294154029471e-10,8,-2.1963122451498466e-10
01051009081,010-5100-9081,"one digit, last group",-4.838294154029471e-10,9,-7.799988830208411e-12
01051009081,010-5100-9081,"one digit, last group",-4.838294154029471e-10,10,-5.143612719055698e-12
01051009081,010-5100-9081,"one digit, last group",-4.838294154029471e-10,11,-2.2643201328434613e-11
01051009081,010-5100-9081,"one digit, last group",-4.838294154029471e-10,12,1.2250247668556248e-10
01051009081,010-5100-9081,"one digit, last group",-4.838294154029471e-10,13,1.7156989027980298e-10
01051009081,010-5100-9081,"one digit, last group",-4.838294154029471e-10,14,-2.671753407176874e-11
01051009081,010-5100-9081,"one digit, last group",-4.838294154029471e-10,15,5.2459142001402253e-11
01051009081,010-5100-9081,"one digit, last group",-4.838294154029471e-10,16,9.854686528376881e-12
01051009081,010-5100-9081,"one digit, last group",-4.838294154029471e-10,17,5.842996751570469e-10
01051009081,010-5100-9081,"one digit, last group",-4.838294154029471e-10,18,-6.177087538069988e-11
01051009081,010-5100-9081,"one digit, last group",-4.838294154029471e-10,19,-6.036838010945841e-11
01051009081,010-5100-9081,"one digit, last group",-4.838294154029471e-10,20,4.1265760415889544e-11
01051009081,010-5100-9081,"one digit, last group",-4.838294154029471e-10,21,-9.767372602068169e-11
01051009081,010-5100-9081,"one digit, last group",-4.838294154029471e-10,22,-1.735409193562514e-10
01051009081,010-5100-9081,"one digit, last group",-4.838294154029471e-10,23,9.018656034739402e-11
01051009081,010-5100-9081,"one digit, last group",-4.838294154029471e-10,24,-1.2310006987336492e-10
01051009081,010-5100-9081,"one digit, last group",-4.838294154029471e-10,25,-6.057894155854729e-11
01051009081,010-5100-9081,"one digit, last group",-4.838294154029471e-10,26,-1.609086392977806e-10
01051009081,010-5100-9081,"one digit, last group",-4.838294154029471e-10,27,-1.3728711304051275e-11
01051009081,010-5100-9081,"one digit, last group",-4.838294154029471e-10,28,3.0875085443246836e-10
01051009081,010-5100-9081,"one digit, last group",-4.838294154029471e-10,29,-9.347572902608556e-12
01051009081,010-5100-9081,"one digit, last group",-4.838294154029471e-10,30,2.6841763293947257e-10
01051009081,010-5100-9081,"one digit, last group",-4.838294154029471e-10,31,9.9583346199671e-11
01051009081,010-5100-9081,"one digit, last group",-4.838294154029471e-10,32,7.326948818850608e-11
01051009081,010-5100-9081,"one digit, last group",-4.838294154029471e-10,33,-4.5715839121567593e-10
01051009081,010-5100-9081,"one digit, last group",-4.838294154029471e-10,34,-8.932487867259232e-11
01051009081,010-5100-9081,"one digit, last group",-4.838294154029471e-10,35,-9.320761180525683e-12
01051009081,010-5100-9081,"one digit, last group",-4.838294154029471e-10,36,1.186185249362903e-10
01051009081,010-5100-9081,"one digit, last group",-4.838294154029471e-10,37,-2.75488733212041e-10
01051009081,010-5100-9081,"one digit, last group",-4.838294154029471e-10,38,1.475612716111805e-11
01051009081,010-5100-9081,"one digit, last group",-4.838294154029471e-10,39,-3.319162857778204e-11
01051009081,010-5100-9081,"one digit, last group",-4.838294154029471e-10,40,2.6124352512810722e-11
01051009081,010-5100-9081,"one digit, last group",-4.838294154029471e-10,41,-2.699536995487689e-11
01051009081,010-5100-9081,"one digit, last group",-4.838294154029471e-10,42,2.13430883507553e-10
01051009081,010-5100-9081,"one digit, last group",-4.838294154029471e-10,43,5.439981736116782e-11
01051009081,010-5100-9081,"one digit, last group",-4.838294154029471e-10,44,8.491594197132379e-12
01051009081,010-5100-9081,"one digit, last group",-4.838294154029471e-10,45,-1.5982848591949043e-10
01051009081,010-5100-9081,"one digit, last group",-4.838294154029471e-10,46,3.993847701765247e-12
01051009081,010-5100-9081,"one digit, last group",-4.838294154029471e-10,47,-2.616302795197994e-10
01051009081,010-5100-9081,"one digit, last group",-4.838294154029471e-10,48,-3.437202866357672e-11
01051009081,010-5100-9081,"one digit, last group",-4.838294154029471e-10,49,-5.2841681581943226e-11
01051009081,010-5100-9081,"one digit, last group",-4.838294154029471e-10,50,-2.3151166598764562e-10
01051009081,010-5100-9081,"one digit, last group",-4.838294154029471e-10,51,-1.1868837014700425e-10
01051009081,010-5100-9081,"one digit, last group",-4.838294154029471e-10,52,2.3246239580103006e-10
01051009081,010-5100-9081,"one digit, last group",-4.838294154029471e-10,53,-5.776530232590473e-11
01051009081,010-5100-9081,"one digit, last group",-4.838294154029471e-10,54,4.500982114927728e-11
01051009081,010-5100-9081,"one digit, last group",-4.838294154029471e-10,55,-9.375584889390586e-11
01051009081,010-5100-9081,"one digit, last group",-4.838294154029471e-10,56,-8.254374844294565e-11
01051009081,010-5100-9081,"one digit, last group",-4.838294154029471e-10,57,-9.448090505024883e-12
01051009081,010-5100-9081,"one digit, last group",-4.838294154029471e-10,58,-4.0978095629474535e-11
01051009081,010-5100-9081,"one digit, last group",-4.838294154029471e-10,59,-8.744836487675097e-12
01051009081,010-5100-9081,"one digit, last group",-4.838294154029471e-10,60,2.7377744427702825e-11
01051009081,010-5100-9081,"one digit, last group",-4.838294154029471e-10,61,-6.430602971558662e-11
01051009081,010-5100-9081,"one digit, last group",-4.838294154029471e-10,62,-3.0858407442080153e-11
01051009081,010-5100-9081,"one digit, last group",-4.838294154029471e-10,63,8.076510605879634e-11
01051009081,010-5100-9081,"one digit, last group",-4.838294154029471e-10,64,1.1189177981490158e-10
01051009081,010-5100-9081,"one digit, last group",-4.838294154029471e-10,65,1.1123888664520166e-10
01051009081,010-5100-9081,"one digit, last group",-4.838294154029471e-10,66,-8.578355795485831e-11
01051009081,010-5100-9081,"one digit, last group",-4.838294154029471e-10,67,2.313092151059152e-10
01051009081,010-5100-9081,"one digit, last group",-4.838294154029471e-10,68,7.338771555133314e-11
01051009081,010-5100-9081,"one digit, last group",-4.838294154029471e-10,69,-9.197501095796292e-11
01051009081,010-5100-9081,"one digit, last group",-4.838294154029471e-10,70,3.9746382958355545e-11
01051009081,010-5100-9081,"one digit, last group",-4.838294154029471e-10,71,-8.612553996856943e-11
01051009081,010-5100-9081,"one digit, last group",-4.838294154029471e-10,72,2.4725523380771174e-11
01051009081,010-5100-9081,"one digit, last group",-4.838294154029471e-10,73,9.015968845926642e-11
01051009081,010-5100-9081,"one digit, last group",-4.838294154029471e-10,74,3.842902748918671e-10
01051009081,010-5100-9081,"one digit, last group",-4.838294154029471e-10,75,6.757848974265399e-11
01051009081,010-5100-9081,"one digit, last group",-4.838294154029471e-10,76,-1.1096536641057458e-10
01051009081,010-5100-9081,"one digit, last group",-4.838294154029471e-10,77,-6.7864298669755254e-12
01051009081,010-5100-9081,"one digit, last group",-4.838294154029471e-10,78,-3.788328777888052e-11
01051009081,010-5100-9081,"one digit, last group",-4.838294154029471e-10,79,8.203265606517331e-11
01051009081,010-5100-9081,"one digit, last group",-4.838294154029471e-10,80,2.5946587579895226e-11
01051009081,010-5100-9081,"one digit, last group",-4.838294154029471e-10,81,4.664854941457854e-12
01051009081,010-5100-9081,"one digit, last group",-4.838294154029471e-10,82,-5.742956449525936e-10
01051009081,010-5100-9081,"one digit, last group",-4.838294154029471e-10,83,-1.8758699420027872e-11
01051009081,010-5100-9081,"one digit, last group",-4.838294154029471e-10,84,2.660704636493898e-11
01051009081,010-5100-9081,"one digit, last group",-4.838294154029471e-10,85,8.55626526740805e-12
01051009081,010-5100-9081,"one digit, last group",-4.838294154029471e-10,86,2.8601833419703545e-10
01051009081,010-5100-9081,"one digit, last group",-4.838294154029471e-10,87,-3.1494678714160966e-11
01051009081,010-5100-9081,"one digit, last group",-4.838294154029471e-10,88,-5.2654083243103876e-11
01051009081,010-5100-9081,"one digit, last group",-4.838294154029471e-10,89,4.3168836420046585e-11
01051009081,010-5100-9081,"one digit, last group",-4.838294154029471e-10,90,4.4449561201922165e-11
01051009081,010-5100-9081,"one digit, last group",-4.838294154029471e-10,91,7.184428725969946e-11
01051009081,010-5100-9081,"one digit, last group",-4.838294154029471e-10,92,-1.193998009708177e-10
01051009081,010-5100-9081,"one digit, last group",-4.838294154029471e-10,93,1.8854872295754705e-11
01051009081,010-5100-9081,"one digit, last group",-4.838294154029471e-10,94,4.792441837410442e-11
01051009081,010-5100-9081,"one digit, last group",-4.838294154029471e-10,95,1.203543077447763e-10
01051009081,010-5100-9081,"one digit, last group",-4.838294154029471e-10,96,-2.310658958570626e-10
01051009081,010-5100-9081,"one digit, last group",-4.838294154029471e-10,97,-1.1723448790127105e-10
01051009081,010-5100-9081,"one digit, last group",-4.838294154029471e-10,98,2.7659091696696236e-10
01051009081,010-5100-9081,"one digit, last group",-4.838294154029471e-10,99,-3.50962912051339e-11
01051009081,010-5100-9081,"one digit, last group",-4.838294154029471e-10,100,1.6014873110493922e-10
01051009081,010-5100-9081,"one digit, last group",-4.838294154029471e-10,101,-1.669635542003454e-10
01051009081,010-5100-9081,"one digit, last group",-4.838294154029471e-10,102,3.2570265409459277e-10
01051009081,010-5100-9081,"one digit, last group",-4.838294154029471e-10,103,6.016114690467699e-10
01051009081,010-5100-9081,"one digit, last group",-4.838294154029471e-10,104,1.3077492348668012e-10
01051009081,010-5100-9081,"one digit, last group",-4.838294154029471e-10,105,2.6357106232300256e-11
01051009081,010-5100-9081,"one digit, last group",-4.838294154029471e-10,106,4.524742851847533e-11
01051009081,010-5100-9081,"one digit, last group",-4.838294154029471e-10,107,-4.40145189487014e-11
01051009081,010-5100-9081,"one digit, last group",-4.838294154029471e-10,108,2.007148025146055e-11
01051009081,010-5100-9081,"one digit, last group",-4.838294154029471e-10,109,1.4351700635760007e-11
01051009081,010-5100-9081,"one digit, last group",-4.838294154029471e-10,110,8.516019037515312e-11
01051009081,010-5100-9081,"one digit, last group",-4.838294154029471e-10,111,-8.300163731575078e-11
01051009081,010-5100-9081,"one digit, last group",-4.838294154029471e-10,112,2.3248813558403269e-10
01051009081,010-5100-9081,"one digit, last group",-4.838294154029471e-10,113,-2.6497072901310092e-11
01051009081,010-5100-9081,"one digit, last group",-4.838294154029471e-10,114,-8.91007697248154e-11
01051009081,010-5100-9081,"one digit, last group",-4.838294154029471e-10,115,-5.313234217871927e-11
01051009081,010-5100-9081,"one digit, last group",-4.838294154029471e-10,116,-3.349862508195565e-12
01051009081,010-5100-9081,"one digit, last group",-4.838294154029471e-10,117,-6.505839405878027e-11
01051009081,010-5100-9081,"one digit, last group",-4.838294154029471e-10,118,-2.977883506773341e-10
01051009081,010-5100-9081,"one digit, last group",-4.838294154029471e-10,119,-1.6747915483792775e-11
01051009081,010-5100-9081,"one digit, last group",-4.838294154029471e-10,120,-1.1838662177558834e-11
01051009081,010-5100-9081,"one digit, last group",-4.838294154029471e-10,121,3.598488385031096e-11
01051009081,010-5100-9081,"one digit, last group",-4.838294154029471e-10,122,4.7500644904514866e-11
01051009081,010-5100-9081,"one digit, last group",-4.838294154029471e-10,123,-1.4754449003013926e-11
01051009081,010-5100-9081,"one digit, last group",-4.838294154029471e-10,124,6.767302429897001e-11
01051009081,010-5100-9081,"one digit, last group",-4.838294154029471e-10,125,-6.537753762404299e-10
01051009081,010-5100-9081,"one digit, last group",-4.838294154029471e-10,126,-1.3272015798192386e-10
01051009081,010-5100-9081,"one digit, last group",-4.838294154029471e-10,127,-2.5510950493050404e-11
01051009081,010-5100-9081,"one digit, last group",-4.838294154029471e-10,128,1.9969003909857402e-10
01051009081,010-5100-9081,"one digit, last group",-4.838294154029471e-10,129,9.068438668672571e-11
01051009081,010-5100-9081,"one digit, last group",-4.838294154029471e-10,130,1.247857307753913e-11
01051009081,010-5100-9081,"one digit, last group",-4.838294154029471e-10,131,2.1976582666755374e-10
01051009081,010-5100-9081,"one digit, last group",-4.838294154029471e-10,132,5.505184339177435e-11
01051009081,010-5100-9081,"one digit, last group",-4.838294154029471e-10,133,-2.1259875674096177e-10
01051009081,010-5100-9081,"one digit, last group",-4.838294154029471e-10,134,-1.6725248139661774e-10
01051009081,010-5100-9081,"one digit, last group",-4.838294154029471e-10,135,-1.214057073351849e-10
01051009081,010-5100-9081,"one digit, last group",-4.838294154029471e-10,136,-5.7045423683452036e-11
01051009081,010-5100-9081,"one digit, last group",-4.838294154029471e-10,137,-7.353132928802955e-11
01051009081,010-5100-9081,"one digit, last group",-4.838294154029471e-10,138,1.307884613184816e-10
01051009081,010-5100-9081,"one digit, last group",-4.838294154029471e-10,139,6.003760949195206e-11
01051009081,010-5100-9081,"one digit, last group",-4.838294154029471e-10,140,-1.796284858374117e-10
01051009081,010-5100-9081,"one digit, last group",-4.838294154029471e-10,141,7.756594035607131e-11
01051009081,010-5100-9081,"one digit, last group",-4.838294154029471e-10,142,1.8513957965742262e-10
01051009081,010-5100-9081,"one digit, last group",-4.838294154029471e-10,143,1.4292066679227922e-10
01051009081,010-5100-9081,"one digit, last group",-4.838294154029471e-10,144,3.2502880072277775e-11
01051009081,010-5100-9081,"one digit, last group",-4.838294154029471e-10,145,-4.202930595187314e-11
01051009081,010-5100-9081,"one digit, last group",-4.838294154029471e-10,146,-1.549550072744665e-10
01051009081,010-5100-9081,"one digit, last group",-4.838294154029471e-10,147,-1.4214368864813287e-10
01051009081,010-5100-9081,"one digit, last group",-4.838294154029471e-10,148,-6.669294144165125e-11
01051009081,010-5100-9081,"one digit, last group",-4.838294154029471e-10,149,2.6664539277372702e-11
01051009081,010-5100-9081,"one digit, last group",-4.838294154029471e-10,150,4.882993140605356e-11
01051009081,010-5100-9081,"one digit, last group",-4.838294154029471e-10,151,8.220996688057601e-12
01051009081,010-5100-9081,"one digit, last group",-4.838294154029471e-10,152,-2.1863489185318144e-10
01051009081,010-5100-9081,"one digit, last group",-4.838294154029471e-10,153,-1.1227288591966014e-10
01051009081,010-5100-9081,"one digit, last group",-4.838294154029471e-10,154,-5.196735861324519e-11
01051009081,010-5100-9081,"one digit, last group",-4.838294154029471e-10,155,1.39820614505275e-10
01051009081,010-5100-9081,"one digit, last group",-4.838294154029471e-10,156,7.391967656148209e-11
01051009081,010-5100-9081,"one digit, last group",-4.838294154029471e-10,157,5.907027843398962e-11
01051009081,010-5100-9081,"one digit, last group",-4.838294154029471e-10,158,2.0532800493677364e-11
01051009081,010-5100-9081,"one digit, last group",-4.838294154029471e-10,159,-5.943212778977383e-11
01051009081,010-5100-9081,"one digit, last group",-4.838294154029471e-10,160,9.014803716761285e-11
01051009081,010-5100-9081,"one digit, last group",-4.838294154029471e-10,161,3.9091574873370095e-12
01051009081,010-5100-9081,"one digit, last group",-4.838294154029471e-10,162,-4.874577181019038e-11
01051009081,010-5100-9081,"one digit, last group",-4.838294154029471e-10,163,1.345270714826717e-11
01051009081,010-5100-9081,"one digit, last group",-4.838294154029471e-10,164,-1.4026936146473887e-10
01051009081,010-5100-9081,"one digit, last group",-4.838294154029471e-10,165,3.2730135271534244e-11
01051009081,010-5100-9081,"one digit, last group",-4.838294154029471e-10,166,-3.2464700571225336e-11
01051009081,010-5100-9081,"one digit, last group",-4.838294154029471e-10,167,-4.0039012876113864e-10
01051009081,010-5100-9081,"one digit, last group",-4.838294154029471e-10,168,3.588422248676238e-10
01051009081,010-5100-9081,"one digit, last group",-4.838294154029471e-10,169,1.2763399839810507e-10
01051009081,010-5100-9081,"one digit, last group",-4.838294154029471e-10,170,3.684598741497323e-11
01051009081,010-5100-9081,"one digit, last group",-4.838294154029471e-10,171,3.220658800146395e-11
01051009081,010-5100-9081,"one digit, last group",-4.838294154029471e-10,172,-1.2958531123923758e-11
01051009081,010-5100-9081,"one digit, last group",-4.838294154029471e-10,173,-3.338325409626991e-11
01051009081,010-5100-9081,"one digit, last group",-4.838294154029471e-10,174,7.341967373032377e-11
01051009081,010-5100-9081,"one digit, last group",-4.838294154029471e-10,175,-1.651705813048632e-10
01051009081,010-5100-9081,"one digit, last group",-4.838294154029471e-10,176,-4.675229662963728e-11
01051009081,010-5100-9081,"one digit, last group",-4.838294154029471e-10,177,1.9299765065251295e-10
01051009081,010-5100-9081,"one digit, last group",-4.838294154029471e-10,178,-2.5013680765496156e-11
01051009081,010-5100-9081,"one digit, last group",-4.838294154029471e-10,179,8.72981480432637e-10
01051009081,010-5100-9081,"one digit, last group",-4.838294154029471e-10,180,-1.8884841401720525e-10
01051009081,010-5100-9081,"one digit, last group",-4.838294154029471e-10,181,-8.54802171153477e-09
01051009081,010-5100-9081,"one digit, last group",-4.838294154029471e-10,182,3.909007923967852e-09
01051009081,010-5100-9081,"one digit, last group",-4.838294154029471e-10,183,-6.710641842929246e-09
01051009081,010-5100-9081,"one digit, last group",-4.838294154029471e-10,184,7.45374775751136e-12
01051009081,010-5100-9081,"one digit, last group",-4.838294154029471e-10,185,3.291472230428523e-11
01051009081,010-5100-9081,"one digit, last group",-4.838294154029471e-10,186,-2.3453988484993864e-11
01051009081,010-5100-9081,"one digit, last group",-4.838294154029471e-10,187,1.331496810712229e-10
01051009081,010-5100-9081,"one digit, last group",-4.838294154029471e-10,188,1.243794029200837e-10
01051009081,010-5100-9081,"one digit, last group",-4.838294154029471e-10,189,1.265781930258608e-10
01051009081,010-5100-9081,"one digit, last group",-4.838294154029471e-10,190,9.655051804780576e-12
01051009081,010-5100-9081,"one digit, last group",-4.838294154029471e-10,191,-1.2896952235409825e-11
01051009081,010-5100-9081,"one digit, last group",-4.838294154029471e-10,192,5.4577595010890836e-11
01051009081,010-5100-9081,"one digit, last group",-4.838294154029471e-10,193,6.779285337882122e-11
01051009081,010-5100-9081,"one digit, last group",-4.838294154029471e-10,194,-1.2024978138031931e-11
01051009081,010-5100-9081,"one digit, last group",-4.838294154029471e-10,195,-8.616896117582117e-11
01051009081,010-5100-9081,"one digit, last group",-4.838294154029471e-10,196,-1.0513152701477443e-10
01051009081,010-5100-9081,"one digit, last group",-4.838294154029471e-10,197,1.016474269645877e-11
01051009081,010-5100-9081,"one digit, last group",-4.838294154029471e-10,198,2.627972080903664e-11
01051009081,010-5100-9081,"one digit, last group",-4.838294154029471e-10,199,8.555380951027022e-11
01051009081,010-5100-9081,"one digit, last group",-4.838294154029471e-10,200,8.767168472690027e-11
01051009081,010-5100-9081,"one digit, last group",-4.838294154029471e-10,201,1.389708735282526e-11
01051009081,010-5100-9081,"one digit, last group",-4.838294154029471e-10,202,-1.5426973895538256e-10
01051009081,010-5100-9081,"one digit, last group",-4.838294154029471e-10,203,-1.1791838067166668e-11
01052001582,010-5200-1582,original,0.9999999994982024,0,1.1793061179828952e-10
01052001582,010-5200-1582,original,0.9999999994982024,1,-2.345931611986654e-10
01052001582,010-5200-1582,original,0.9999999994982024,2,1.6629951224112239e-10
01052001582,010-5200-1582,original,0.9999999994982024,3,2.8274586051630773e-11
01052001582,010-5200-1582,original,0.9999999994982024,4,3.263167068110552e-11
01052001582,010-5200-1582,original,0.9999999994982024,5,6.042551766859352e-11
01052001582,010-5200-1582,original,0.9999999994982024,6,4.202946272257315e-11
01052001582,010-5200-1582,original,0.9999999994982024,7,1.181372090055333e-10
01052001582,010-5200-1582,original,0.9999999994982024,8,3.178888468204394e-10
01052001582,010-5200-1582,original,0.9999999994982024,9,9.997482584636637e-12
01052001582,010-5200-1582,original,0.9999999994982024,10,-8.00839757290533e-12
01052001582,010-5200-1582,original,0.9999999994982024,11,2.3762372118358315e-10
01052001582,010-5200-1582,original,0.9999999994982024,12,-3.036119887506722e-10
01052001582,010-5200-1582,original,0.9999999994982024,13,-1.1507966389170259e-10
01052001582,010-5200-1582,original,0.9999999994982024,14,-1.1765610701742646e-11
01052001582,010-5200-1582,original,0.9999999994982024,15,-3.5262888442646605e-11
01052001582,010-5200-1582,original,0.9999999994982024,16,-3.096293303681383e-10
01052001582,010-5200-1582,original,0.9999999994982024,17,2.0843191633238983e-10
01052001582,010-5200-1582,original,0.9999999994982024,18,5.876377356120354e-11
01052001582,010-5200-1582,original,0.9999999994982024,19,-4.8499423116109e-11
01052001582,010-5200-1582,original,0.9999999994982024,20,-1.5164537560045978e-10
01052001582,010-5200-1582,original,0.9999999994982024,21,-1.1292010193590538e-10
01052001582,010-5200-1582,original,0.9999999994982024,22,-8.766267160319778e-11
01052001582,010-5200-1582,original,0.9999999994982024,23,7.842432528152563e-11
01052001582,010-5200-1582,original,0.9999999994982024,24,-9.014962839352087e-11
01052001582,010-5200-1582,original,0.9999999994982024,25,1.3619895058839958e-10
01052001582,010-5200-1582,original,0.9999999994982024,26,1.5374456893023341e-10
01052001582,010-5200-1582,original,0.9999999994982024,27,6.339888559127388e-11
01052001582,010-5200-1582,original,0.9999999994982024,28,-4.773390101860908e-11
01052001582,010-5200-1582,original,0.9999999994982024,29,5.961380725150731e-11
01052001582,010-5200-1582,original,0.9999999994982024,30,2.3437049435495186e-10
01052001582,010-5200-1582,original,0.9999999994982024,31,-2.4281331379062067e-11
01052001582,010-5200-1582,original,0.9999999994982024,32,-2.8223181356487704e-13
01052001582,010-5200-1582,original,0.9999999994982024,33,-6.411555859219069e-12
01052001582,010-5200-1582,original,0.9999999994982024,34,-3.356887169593553e-12
01052001582,010-5200-1582,original,0.9999999994982024,35,3.881380405757984e-11
01052001582,010-5200-1582,original,0.9999999994982024,36,-4.5974601793345394e-11
01052001582,010-5200-1582,original,0.9999999994982024,37,-1.9152297077311513e-10
01052001582,010-5200-1582,original,0.9999999994982024,38,1.437523780442232e-10
01052001582,010-5200-1582,original,0.9999999994982024,39,-7.304749133963333e-11
01052001582,010-5200-1582,original,0.9999999994982024,40,2.3123418533663626e-10
01052001582,010-5200-1582,original,0.9999999994982024,41,1.1910174101008134e-11
01052001582,010-5200-1582,original,0.9999999994982024,42,-1.6877518092756348e-12
01052001582,010-5200-1582,original,0.9999999994982024,43,4.1624159533201305e-11
01052001582,010-5200-1582,original,0.9999999994982024,44,-3.7928561256712e-11
01052001582,010-5200-1582,original,0.9999999994982024,45,-6.98749126729778e-11
01052001582,010-5200-1582,original,0.9999999994982024,46,-3.3869526183556295e-11
01052001582,010-5200-1582,original,0.9999999994982024,47,-3.216222757038982e-11
01052001582,010-5200-1582,original,0.9999999994982024,48,-4.715165650796018e-11
01052001582,010-5200-1582,original,0.9999999994982024,49,2.4337616231331956e-10
01052001582,010-5200-1582,original,0.9999999994982024,50,-9.717938876438852e-11
01052001582,010-5200-1582,original,0.9999999994982024,51,-2.887590105254447e-11
01052001582,010-5200-1582,original,0.9999999994982024,52,2.5170352362267858e-11
01052001582,010-5200-1582,original,0.9999999994982024,53,5.867645363438573e-12
01052001582,010-5200-1582,original,0.9999999994982024,54,-4.677156140541873e-11
01052001582,010-5200-1582,original,0.9999999994982024,55,9.574619113003571e-11
01052001582,010-5200-1582,original,0.9999999994982024,56,2.4504196717185625e-10
01052001582,010-5200-1582,original,0.9999999994982024,57,-5.879542552840234e-12
01052001582,010-5200-1582,original,0.9999999994982024,58,3.048185785596045e-11
01052001582,010-5200-1582,original,0.9999999994982024,59,1.068419323771977e-10
01052001582,010-5200-1582,original,0.9999999994982024,60,2.2944420772437534e-10
01052001582,010-5200-1582,original,0.9999999994982024,61,1.3314935965760464e-11
01052001582,010-5200-1582,original,0.9999999994982024,62,-1.3264621005618955e-10
01052001582,010-5200-1582,original,0.9999999994982024,63,2.052963246648711e-10
01052001582,010-5200-1582,original,0.9999999994982024,64,1.235907437482659e-10
01052001582,010-5200-1582,original,0.9999999994982024,65,1.6874893801360666e-10
01052001582,010-5200-1582,original,0.9999999994982024,66,3.4095618632055047e-10
01052001582,010-5200-1582,original,0.9999999994982024,67,1.0631314874321754e-10
01052001582,010-5200-1582,original,0.9999999994982024,68,-6.65671997292657e-11
01052001582,010-5200-1582,original,0.9999999994982024,69,5.0273536195375224e-11
01052001582,010-5200-1582,original,0.9999999994982024,70,3.286464231110459e-11
01052001582,010-5200-1582,original,0.9999999994982024,71,4.3995879303619793e-11
01052001582,010-5200-1582,original,0.9999999994982024,72,-2.6649286646951678e-12
01052001582,010-5200-1582,original,0.9999999994982024,73,-1.6727823229454948e-10
01052001582,010-5200-1582,original,0.9999999994982024,74,1.0905408974765227e-11
01052001582,010-5200-1582,original,0.9999999994982024,75,6.448934029483143e-11
01052001582,010-5200-1582,original,0.9999999994982024,76,1.624528219632165e-11
01052001582,010-5200-1582,original,0.9999999994982024,77,1.4855638539022078e-13
01052001582,010-5200-1582,original,0.9999999994982024,78,-1.7249578510530078e-10
01052001582,010-5200-1582,original,0.9999999994982024,79,-8.997742577041118e-12
01052001582,010-5200-1582,original,0.9999999994982024,80,3.874665413327968e-11
01052001582,010-5200-1582,original,0.9999999994982024,81,2.1081378827771204e-10
01052001582,010-5200-1582,original,0.9999999994982024,82,-3.0236439742006227e-10
01052001582,010-5200-1582,original,0.9999999994982024,83,6.636470066302475e-11
01052001582,010-5200-1582,original,0.9999999994982024,84,4.6487372958224867e-11
01052001582,010-5200-1582,original,0.9999999994982024,85,-1.5360938878408416e-11
01052001582,010-5200-1582,original,0.9999999994982024,86,-2.628057931206683e-10
01052001582,010-5200-1582,original,0.9999999994982024,87,4.255378474334091e-11
01052001582,010-5200-1582,original,0.9999999994982024,88,-3.5734433749547956e-11
01052001582,010-5200-1582,original,0.9999999994982024,89,-1.1287437225394932e-10
01052001582,010-5200-1582,original,0.9999999994982024,90,-8.786670044549946e-11
01052001582,010-5200-1582,original,0.9999999994982024,91,2.2253695764682986e-10
01052001582,010-5200-1582,original,0.9999999994982024,92,3.2226067393184657e-10
01052001582,010-5200-1582,original,0.9999999994982024,93,-8.734564717287367e-11
01052001582,010-5200-1582,original,0.9999999994982024,94,5.483013514040551e-11
01052001582,010-5200-1582,original,0.9999999994982024,95,-1.432005537162597e-10
01052001582,010-5200-1582,original,0.9999999994982024,96,1.407947961479473e-10
01052001582,010-5200-1582,original,0.9999999994982024,97,-1.5962194482867577e-10
01052001582,010-5200-1582,original,0.9999999994982024,98,4.83828491027479e-10
01052001582,010-5200-1582,original,0.9999999994982024,99,3.5056392262011906e-11
01052001582,010-5200-1582,original,0.9999999994982024,100,2.1202667315274746e-10
01052001582,010-5200-1582,original,0.9999999994982024,101,-2.1747919093998896e-10
01052001582,010-5200-1582,original,0.9999999994982024,102,4.105920423563234e-10
01052001582,010-5200-1582,original,0.9999999994982024,103,-1.6267552566946368e-11
01052001582,010-5200-1582,original,0.9999999994982024,104,1.6371296641699787e-10
01052001582,010-5200-1582,original,0.9999999994982024,105,-3.5969456997165055e-11
01052001582,010-5200-1582,original,0.9999999994982024,106,-4.148136625200419e-11
01052001582,010-5200-1582,original,0.9999999994982024,107,-4.983248846945651e-11
01052001582,010-5200-1582,original,0.9999999994982024,108,2.6641228517482355e-11
01052001582,010-5200-1582,original,0.9999999994982024,109,2.402482012872358e-11
01052001582,010-5200-1582,original,0.9999999994982024,110,1.0813801165969904e-11
01052001582,010-5200-1582,original,0.9999999994982024,111,-2.1157563363903328e-11
01052001582,010-5200-1582,original,0.9999999994982024,112,-1.940507731807866e-10
01052001582,010-5200-1582,original,0.9999999994982024,113,-1.3443332229097172e-11
01052001582,010-5200-1582,original,0.9999999994982024,114,4.1565287112343275e-11
01052001582,010-5200-1582,original,0.9999999994982024,115,1.8072290101430579e-12
01052001582,010-5200-1582,original,0.9999999994982024,116,8.125100622544504e-11
01052001582,010-5200-1582,original,0.9999999994982024,117,3.674582150381297e-10
01052001582,010-5200-1582,original,0.9999999994982024,118,-4.4330706143364827e-10
01052001582,010-5200-1582,original,0.9999999994982024,119,-1.6457445870056264e-10
01052001582,010-5200-1582,original,0.9999999994982024,120,-2.1164532298130074e-11
01052001582,010-5200-1582,original,0.9999999994982024,121,1.4354903300162442e-10
01052001582,010-5200-1582,original,0.9999999994982024,122,-1.0913709334133722e-10
01052001582,010-5200-1582,original,0.9999999994982024,123,6.622649602155812e-11
01052001582,010-5200-1582,original,0.9999999994982024,124,7.942461529842259e-10
01052001582,010-5200-1582,original,0.9999999994982024,125,2.3973640585827785e-10
01052001582,010-5200-1582,original,0.9999999994982024,126,-1.3610179362398733e-11
01052001582,010-5200-1582,original,0.9999999994982024,127,-3.065211807164856e-10
01052001582,010-5200-1582,original,0.9999999994982024,128,3.6635547046412365e-10
01052001582,010-5200-1582,original,0.9999999994982024,129,8.323194004325153e-11
01052001582,010-5200-1582,original,0.9999999994982024,130,2.08311200930049e-10
01052001582,010-5200-1582,original,0.9999999994982024,131,1.389924678905788e-10
01052001582,010-5200-1582,original,0.9999999994982024,132,-6.060673976234114e-11
01052001582,010-5200-1582,original,0.9999999994982024,133,-8.071497020844725e-11
01052001582,010-5200-1582,original,0.9999999994982024,134,2.0028541722502401e-10
01052001582,010-5200-1582,original,0.9999999994982024,135,-2.073435564490888e-11
01052001582,010-5200-1582,original,0.9999999994982024,136,4.961147407717909e-11
01052001582,010-5200-1582,original,0.9999999994982024,137,-4.3443189642690514e-11
01052001582,010-5200-1582,original,0.9999999994982024,138,3.9011462845250597e-10
01052001582,010-5200-1582,original,0.9999999994982024,139,-7.728047507968025e-11
01052001582,010-5200-1582,original,0.9999999994982024,140,2.1170378302596563e-10
01052001582,010-5200-1582,original,0.9999999994982024,141,1.6332823714910145e-10
01052001582,010-5200-1582,original,0.9999999994982024,142,2.943103923776218e-11
01052001582,010-5200-1582,original,0.9999999994982024,143,6.557721836804202e-11
01052001582,010-5200-1582,original,0.9999999994982024,144,-8.913015583907056e-11
01052001582,010-5200-1582,original,0.9999999994982024,145,-1.2447495064353704e-10
01052001582,010-5200-1582,original,0.9999999994982024,146,2.3449757378631725e-10
01052001582,010-5200-1582,original,0.9999999994982024,147,1.983743006652691e-10
01052001582,010-5200-1582,original,0.9999999994982024,148,5.859661962684007e-11
01052001582,010-5200-1582,original,0.9999999994982024,149,1.4693484067604004e-10
01052001582,010-5200-1582,original,0.9999999994982024,150,-2.1228464197812585e-11
01052001582,010-5200-1582,original,0.9999999994982024,151,7.253850732366322e-11
01052001582,010-5200-1582,original,0.9999999994982024,152,8.791419745449105e-11
01052001582,010-5200-1582,original,0.9999999994982024,153,3.51836808082997e-10
01052001582,010-5200-1582,original,0.9999999994982024,154,-1.3326490274615902e-11
01052001582,010-5200-1582,original,0.9999999994982024,155,2.2935786940978905e-10
01052001582,010-5200-1582,original,0.9999999994982024,156,7.323887168890122e-11
01052001582,010-5200-1582,original,0.9999999994982024,157,-6.319239586798924e-11
01052001582,010-5200-1582,original,0.9999999994982024,158,2.571449562688602e-10
01052001582,010-5200-1582,original,0.9999999994982024,159,-2.5582877809325684e-11
01052001582,010-5200-1582,original,0.9999999994982024,160,1.2691477825931614e-10
01052001582,010-5200-1582,original,0.9999999994982024,161,-8.908131094838941e-11
01052001582,010-5200-1582,original,0.9999999994982024,162,4.7644048286271584e-11
01052001582,010-5200-1582,original,0.9999999994982024,163,-2.8946369180474646e-11
01052001582,010-5200-1582,original,0.9999999994982024,164,1.9005427492441079e-10
01052001582,010-5200-1582,original,0.9999999994982024,165,2.881759329581472e-10
01052001582,010-5200-1582,original,0.9999999994982024,166,1.054082589598471e-10
01052001582,010-5200-1582,original,0.9999999994982024,167,-1.5144472913619235e-10
01052001582,010-5200-1582,original,0.9999999994982024,168,9.771842432096869e-12
01052001582,010-5200-1582,original,0.9999999994982024,169,-2.909053674647755e-10
01052001582,010-5200-1582,original,0.9999999994982024,170,-4.578148336332625e-11
01052001582,010-5200-1582,original,0.9999999994982024,171,0.9999996981199668
01052001582,010-5200-1582,original,0.9999999994982024,172,0.9999996875396995
01052001582,010-5200-1582,original,0.9999999994982024,173,8.074798925965329e-11
01052001582,010-5200-1582,original,0.9999999994982024,174,6.459770539216936e-12
01052001582,010-5200-1582,original,0.9999999994982024,175,9.761961571157815e-11
01052001582,010-5200-1582,original,0.9999999994982024,176,6.632958862849306e-12
01052001582,010-5200-1582,original,0.9999999994982024,177,-1.2145672709693015e-10
01052001582,010-5200-1582,original,0.9999999994982024,178,-3.014370218689509e-11
01052001582,010-5200-1582,original,0.9999999994982024,179,3.6031168977616844e-10
01052001582,010-5200-1582,original,0.9999999994982024,180,3.050133799894759e-10
01052001582,010-5200-1582,original,0.9999999994982024,181,1.4338864949581692e-10
01052001582,010-5200-1582,original,0.9999999994982024,182,4.13531986926546e-10
01052001582,010-5200-1582,original,0.9999999994982024,183,1.0462820823374636e-10
01052001582,010-5200-1582,original,0.9999999994982024,184,3.118758200956696e-11
01052001582,010-5200-1582,original,0.9999999994982024,185,-2.559285758518157e-11
01052001582,010-5200-1582,original,0.9999999994982024,186,-1.429606273168046e-10
01052001582,010-5200-1582,original,0.9999999994982024,187,-7.390635218678226e-11
01052001582,010-5200-1582,original,0.9999999994982024,188,-4.2987302959832806e-11
01052001582,010-5200-1582,original,0.9999999994982024,189,-1.448564032682851e-10
01052001582,010-5200-1582,original,0.9999999994982024,190,-5.09386259830695e-11
01052001582,010-5200-1582,original,0.9999999994982024,191,4.5735620391545937e-11
01052001582,010-5200-1582,original,0.9999999994982024,192,-1.1415365762510008e-11
01052001582,010-5200-1582,original,0.9999999994982024,193,1.7029215346197993e-11
01052001582,010-5200-1582,original,0.9999999994982024,194,2.5636656650364133e-11
01052001582,010-5200-1582,original,0.9999999994982024,195,-8.090927468046194e-11
01052001582,010-5200-1582,original,0.9999999994982024,196,1.4841699722620378e-11
01052001582,010-5200-1582,original,0.9999999994982024,197,6.397407372055427e-11
01052001582,010-5200-1582,original,0.9999999994982024,198,-2.0603216006821313e-10
01052001582,010-5200-1582,original,0.9999999994982024,199,8.061632193613871e-10
01052001582,010-5200-1582,original,0.9999999994982024,200,-2.2838764055552066e-11
01052001582,010-5200-1582,original,0.9999999994982024,201,-7.396402772028386e-12
01052001582,010-5200-1582,original,0.9999999994982024,202,-2.2696398494590518e-10
01052001582,010-5200-1582,original,0.9999999994982024,203,-2.157943351958136e-12
01052001583,010-5200-1583,"one digit, last group",3.097323808226706e-10,0,-1.403845084851262e-11
01052001583,010-5200-1583,"one digit, last group",3.097323808226706e-10,1,7.273406775628778e-11
01052001583,010-5200-1583,"one digit, last group",3.097323808226706e-10,2,-1.9651988363021916e-10
01052001583,010-5200-1583,"one digit, last group",3.097323808226706e-10,3,-2.879613775835052e-11
01052001583,010-5200-1583,"one digit, last group",3.097323808226706e-10,4,1.0779838192385722e-10
01052001583,010-5200-1583,"one digit, last group",3.097323808226706e-10,5,-2.367492534234213e-10
01052001583,010-5200-1583,"one digit, last group",3.097323808226706e-10,6,-1.779379947822912e-10
01052001583,010-5200-1583,"one digit, last group",3.097323808226706e-10,7,7.100473745976953e-11
01052001583,010-5200-1583,"one digit, last group",3.097323808226706e-10,8,-1.5267858511987311e-10
01052001583,010-5200-1583,"one digit, last group",3.097323808226706e-10,9,-5.6139159463023316e-11
01052001583,010-5200-1583,"one digit, last group",3.097323808226706e-10,10,6.7378498864154515e-12
01052001583,010-5200-1583,"one digit, last group",3.097323808226706e-10,11,-9.679238136042994e-11
01052001583,010-5200-1583,"one digit, last group",3.097323808226706e-10,12,-2.7118728190536345e-11
01052001583,010-5200-1583,"one digit, last group",3.097323808226706e-10,13,1.0797525812861155e-10
01052001583,010-5200-1583,"one digit, last group",3.097323808226706e-10,14,-9.149740400685204e-11
01052001583,010-5200-1583,"one digit, last group",3.097323808226706e-10,15,-1.4769640414573107e-11
01052001583,010-5200-1583,"one digit, last group",3.097323808226706e-10,16,2.495166922383938e-10
01052001583,010-5200-1583,"one digit, last group",3.097323808226706e-10,17,-1.3175097341553475e-10
01052001583,010-5200-1583,"one digit, last group",3.097323808226706e-10,18,1.6610129448400513e-10
01052001583,010-5200-1583,"one digit, last group",3.097323808226706e-10,19,2.748502580022494e-11
01052001583,010-5200-1583,"one digit, last group",3.097323808226706e-10,20,1.258926286972906e-10
01052001583,010-5200-1583,"one digit, last group",3.097323808226706e-10,21,-3.1308174831357486e-12
01052001583,010-5200-1583,"one digit, last group",3.097323808226706e-10,22,7.502561231642732e-11
01052001583,010-5200-1583,"one digit, last group",3.097323808226706e-10,23,6.622654217375078e-11
01052001583,010-5200-1583,"one digit, last group",3.097323808226706e-10,24,5.015199872105992e-10
01052001583,010-5200-1583,"one digit, last group",3.097323808226706e-10,25,1.0935692656055039e-10
01052001583,010-5200-1583,"one digit, last group",3.097323808226706e-10,26,1.679018894575154e-10
01052001583,010-5200-1583,"one digit, last group",3.097323808226706e-10,27,-1.5823637811484663e-11
01052001583,010-5200-1583,"one digit, last group",3.097323808226706e-10,28,-2.840451497025078e-10
01052001583,010-5200-1583,"one digit, last group",3.097323808226706e-10,29,1.7949514708670605e-11
01052001583,010-5200-1583,"one digit, last group",3.097323808226706e-10,30,-1.7824627928354196e-10
01052001583,010-5200-1583,"one digit, last group",3.097323808226706e-10,31,1.2780068833313706e-10
01052001583,010-5200-1583,"one digit, last group",3.097323808226706e-10,32,-1.0306523252848936e-10
01052001583,010-5200-1583,"one digit, last group",3.097323808226706e-10,33,-2.3908405670811854e-10
01052001583,010-5200-1583,"one digit, last group",3.097323808226706e-10,34,3.592030312816651e-10
01052001583,010-5200-1583,"one digit, last group",3.097323808226706e-10,35,-8.083015979912955e-11
01052001583,010-5200-1583,"one digit, last group",3.097323808226706e-10,36,1.1592445621242399e-10
01052001583,010-5200-1583,"one digit, last group",3.097323808226706e-10,37,-2.7310376714799975e-10
01052001583,010-5200-1583,"one digit, last group",3.097323808226706e-10,38,-8.797811879339587e-11
01052001583,010-5200-1583,"one digit, last group",3.097323808226706e-10,39,-3.946026291316064e-11
01052001583,010-5200-1583,"one digit, last group",3.097323808226706e-10,40,4.736138694233841e-11
01052001583,010-5200-1583,"one digit, last group",3.097323808226706e-10,41,-5.346658011082342e-12
01052001583,010-5200-1583,"one digit, last group",3.097323808226706e-10,42,6.411671301441827e-11
01052001583,010-5200-1583,"one digit, last group",3.097323808226706e-10,43,1.7825325776072813e-11
01052001583,010-5200-1583,"one digit, last group",3.097323808226706e-10,44,-2.3950764228282016e-11
01052001583,010-5200-1583,"one digit, last group",3.097323808226706e-10,45,-1.1137397174176894e-10
01052001583,010-5200-1583,"one digit, last group",3.097323808226706e-10,46,5.814491799021579e-11
01052001583,010-5200-1583,"one digit, last group",3.097323808226706e-10,47,1.3870524731964263e-10
01052001583,010-5200-1583,"one digit, last group",3.097323808226706e-10,48,-1.642639093481516e-10
01052001583,010-5200-1583,"one digit, last group",3.097323808226706e-10,49,6.731520132096143e-11
01052001583,010-5200-1583,"one digit, last group",3.097323808226706e-10,50,-3.491126713591464e-11
01052001583,010-5200-1583,"one digit, last group",3.097323808226706e-10,51,3.7080253461550465e-11
01052001583,010-5200-1583,"one digit, last group",3.097323808226706e-10,52,-5.315128878253946e-11
01052001583,010-5200-1583,"one digit, last group",3.097323808226706e-10,53,5.439268217155965e-12
01052001583,010-5200-1583,"one digit, last group",3.097323808226706e-10,54,-1.0332359901119163e-11
01052001583,010-5200-1583,"one digit, last group",3.097323808226706e-10,55,-2.507029610797766e-10
01052001583,010-5200-1583,"one digit, last group",3.097323808226706e-10,56,-5.580127331543148e-11
01052001583,010-5200-1583,"one digit, last group",3.097323808226706e-10,57,2.0781595694793394e-11
01052001583,010-5200-1583,"one digit, last group",3.097323808226706e-10,58,-7.57253019514905e-12
01052001583,010-5200-1583,"one digit, last group",3.097323808226706e-10,59,-4.949150597433688e-11
01052001583,010-5200-1583,"one digit, last group",3.097323808226706e-10,60,1.3753374092073676e-10
01052001583,010-5200-1583,"one digit, last group",3.097323808226706e-10,61,-1.0405362891502982e-11
01052001583,010-5200-1583,"one digit, last group",3.097323808226706e-10,62,3.62135045469752e-10
01052001583,010-5200-1583,"one digit, last group",3.097323808226706e-10,63,-1.3968481059792637e-10
01052001583,010-5200-1583,"one digit, last group",3.097323808226706e-10,64,-2.436766695188216e-10
01052001583,010-5200-1583,"one digit, last group",3.097323808226706e-10,65,-6.363638761297404e-11
01052001583,010-5200-1583,"one digit, last group",3.097323808226706e-10,66,3.106281974912467e-10
01052001583,010-5200-1583,"one digit, last group",3.097323808226706e-10,67,1.7457374853028643e-10
01052001583,010-5200-1583,"one digit, last group",3.097323808226706e-10,68,-1.8333842193964067e-10
01052001583,010-5200-1583,"one digit, last group",3.097323808226706e-10,69,-1.7931453704639966e-10
01052001583,010-5200-1583,"one digit, last group",3.097323808226706e-10,70,1.1611868770200607e-11
01052001583,010-5200-1583,"one digit, last group",3.097323808226706e-10,71,4.8554643641413646e-11
01052001583,010-5200-1583,"one digit, last group",3.097323808226706e-10,72,6.971902584832722e-12
01052001583,010-5200-1583,"one digit, last group",3.097323808226706e-10,73,6.889692278185156e-11
01052001583,010-5200-1583,"one digit, last group",3.097323808226706e-10,74,2.4490202417968494e-11
01052001583,010-5200-1583,"one digit, last group",3.097323808226706e-10,75,-1.1325429311510796e-10
01052001583,010-5200-1583,"one digit, last group",3.097323808226706e-10,76,1.6893097249033164e-11
01052001583,010-5200-1583,"one digit, last group",3.097323808226706e-10,77,5.4757793791084505e-11
01052001583,010-5200-1583,"one digit, last group",3.097323808226706e-10,78,2.785026080962475e-10
01052001583,010-5200-1583,"one digit, last group",3.097323808226706e-10,79,3.535239011185612e-10
01052001583,010-5200-1583,"one digit, last group",3.097323808226706e-10,80,1.1818009157086627e-10
01052001583,010-5200-1583,"one digit, last group",3.097323808226706e-10,81,-2.8329500389386294e-10
01052001583,010-5200-1583,"one digit, last group",3.097323808226706e-10,82,2.670289495774499e-10
01052001583,010-5200-1583,"one digit, last group",3.097323808226706e-10,83,1.4615126274029917e-10
01052001583,010-5200-1583,"one digit, last group",3.097323808226706e-10,84,6.485899511185378e-11
01052001583,010-5200-1583,"one digit, last group",3.097323808226706e-10,85,2.9111763597229533e-11
01052001583,010-5200-1583,"one digit, last group",3.097323808226706e-10,86,4.944524855934978e-10
01052001583,010-5200-1583,"one digit, last group",3.097323808226706e-10,87,-1.6331099617082477e-10
01052001583,010-5200-1583,"one digit, last group",3.097323808226706e-10,88,-6.743492196773316e-11
01052001583,010-5200-1583,"one digit, last group",3.097323808226706e-10,89,-1.9785753099035324e-11
01052001583,010-5200-1583,"one digit, last group",3.097323808226706e-10,90,-6.405640779685078e-11
01052001583,010-5200-1583,"one digit, last group",3.097323808226706e-10,91,-1.395906731876714e-10
01052001583,010-5200-1583,"one digit, last group",3.097323808226706e-10,92,-1.39181060415809e-10
01052001583,010-5200-1583,"one digit, last group",3.097323808226706e-10,93,2.3272477676970186e-10
01052001583,010-5200-1583,"one digit, last group",3.097323808226706e-10,94,-4.492920552029334e-11
01052001583,010-5200-1583,"one digit, last group",3.097323808226706e-10,95,1.355158539945741e-10
01052001583,010-5200-1583,"one digit, last group",3.097323808226706e-10,96,2.8461996536235344e-10
01052001583,010-5200-1583,"one digit, last group",3.097323808226706e-10,97,5.992751372581067e-10
01052001583,010-5200-1583,"one digit, last group",3.097323808226706e-10,98,-6.05339299914783e-11
01052001583,010-5200-1583,"one digit, last group",3.097323808226706e-10,99,3.8769964072359076e-11
01052001583,010-5200-1583,"one digit, last group",3.097323808226706e-10,100,-2.9475917190365756e-11
01052001583,010-5200-1583,"one digit, last group",3.097323808226706e-10,101,6.265644830363422e-11
01052001583,010-5200-1583,"one digit, last group",3.097323808226706e-10,102,2.4993873819058727e-10
01052001583,010-5200-1583,"one digit, last group",3.097323808226706e-10,103,6.046709624710553e-11
01052001583,010-5200-1583,"one digit, last group",3.097323808226706e-10,104,-8.785109999760234e-11
01052001583,010-5200-1583,"one digit, last group",3.097323808226706e-10,105,7.249552834878132e-11
01052001583,010-5200-1583,"one digit, last group",3.097323808226706e-10,106,4.29998184398567e-11
01052001583,010-5200-1583,"one digit, last group",3.097323808226706e-10,107,3.094069393926727e-11
01052001583,010-5200-1583,"one digit, last group",3.097323808226706e-10,108,6.747906082426029e-11
01052001583,010-5200-1583,"one digit, last group",3.097323808226706e-10,109,2.8439546719015287e-11
01052001583,010-5200-1583,"one digit, last group",3.097323808226706e-10,110,1.2927364333630517e-10
01052001583,010-5200-1583,"one digit, last group",3.097323808226706e-10,111,1.0990425976265388e-10
01052001583,010-5200-1583,"one digit, last group",3.097323808226706e-10,112,1.5446721907800904e-10
01052001583,010-5200-1583,"one digit, last group",3.097323808226706e-10,113,-1.1389099444950516e-11
01052001583,010-5200-1583,"one digit, last group",3.097323808226706e-10,114,-7.94003896506665e-11
01052001583,010-5200-1583,"one digit, last group",3.097323808226706e-10,115,3.3478029092916516e-11
01052001583,010-5200-1583,"one digit, last group",3.097323808226706e-10,116,6.433140120123247e-11
01052001583,010-5200-1583,"one digit, last group",3.097323808226706e-10,117,-4.115541563946437e-11
01052001583,010-5200-1583,"one digit, last group",3.097323808226706e-10,118,-3.9873312405064036e-10
01052001583,010-5200-1583,"one digit, last group",3.097323808226706e-10,119,8.379040781081093e-11
01052001583,010-5200-1583,"one digit, last group",3.097323808226706e-10,120,5.182956282124058e-11
01052001583,010-5200-1583,"one digit, last group",3.097323808226706e-10,121,-2.1935267005002078e-10
01052001583,010-5200-1583,"one digit, last group",3.097323808226706e-10,122,-2.533874206655058e-10
01052001583,010-5200-1583,"one digit, last group",3.097323808226706e-10,123,-4.2738126511079975e-11
01052001583,010-5200-1583,"one digit, last group",3.097323808226706e-10,124,7.062429319265109e-11
01052001583,010-5200-1583,"one digit, last group",3.097323808226706e-10,125,-7.824353721560776e-10
01052001583,010-5200-1583,"one digit, last group",3.097323808226706e-10,126,3.318416728984577e-11
01052001583,010-5200-1583,"one digit, last group",3.097323808226706e-10,127,9.5053241419418e-11
01052001583,010-5200-1583,"one digit, last group",3.097323808226706e-10,128,5.5870987717007255e-12
01052001583,010-5200-1583,"one digit, last group",3.097323808226706e-10,129,-1.286133310297909e-10
01052001583,010-5200-1583,"one digit, last group",3.097323808226706e-10,130,2.993439696652024e-11
01052001583,010-5200-1583,"one digit, last group",3.097323808226706e-10,131,-1.1622540652183756e-10
01052001583,010-5200-1583,"one digit, last group",3.097323808226706e-10,132,-9.192807503560671e-11
01052001583,010-5200-1583,"one digit, last group",3.097323808226706e-10,133,1.1135679491770363e-10
01052001583,010-5200-1583,"one digit, last group",3.097323808226706e-10,134,8.281173458085122e-11
01052001583,010-5200-1583,"one digit, last group",3.097323808226706e-10,135,2.1721339463761086e-11
01052001583,010-5200-1583,"one digit, last group",3.097323808226706e-10,136,-8.775294183719527e-12
01052001583,010-5200-1583,"one digit, last group",3.097323808226706e-10,137,7.207542615207215e-12
01052001583,010-5200-1583,"one digit, last group",3.097323808226706e-10,138,-1.2610004674894419e-10
01052001583,010-5200-1583,"one digit, last group",3.097323808226706e-10,139,9.094718933653394e-11
01052001583,010-5200-1583,"one digit, last group",3.097323808226706e-10,140,-7.838383151037996e-12
01052001583,010-5200-1583,"one digit, last group",3.097323808226706e-10,141,1.9373149747626815e-10
01052001583,010-5200-1583,"one digit, last group",3.097323808226706e-10,142,1.6686861915184397e-10
01052001583,010-5200-1583,"one digit, last group",3.097323808226706e-10,143,-7.570631830493576e-12
01052001583,010-5200-1583,"one digit, last group",3.097323808226706e-10,144,-7.552903952431049e-11
01052001583,010-5200-1583,"one digit, last group",3.097323808226706e-10,145,6.060730934834703e-11
01052001583,010-5200-1583,"one digit, last group",3.097323808226706e-10,146,-1.3391987086222097e-11
01052001583,010-5200-1583,"one digit, last group",3.097323808226706e-10,147,-2.0118543915574132e-10
01052001583,010-5200-1583,"one digit, last group",3.097323808226706e-10,148,1.6922257787164363e-11
01052001583,010-5200-1583,"one digit, last group",3.097323808226706e-10,149,-2.477758723076044e-10
01052001583,010-5200-1583,"one digit, last group",3.097323808226706e-10,150,1.7607968593917587e-11
01052001583,010-5200-1583,"one digit, last group",3.097323808226706e-10,151,-1.3519740937982969e-10
01052001583,010-5200-1583,"one digit, last group",3.097323808226706e-10,152,1.534174441206238e-10
01052001583,010-5200-1583,"one digit, last group",3.097323808226706e-10,153,-5.7267735931504235e-11
01052001583,010-5200-1583,"one digit, last group",3.097323808226706e-10,154,-4.094573219497432e-11
01052001583,010-5200-1583,"one digit, last group",3.097323808226706e-10,155,-1.2408325038647654e-11
01052001583,010-5200-1583,"one digit, last group",3.097323808226706e-10,156,2.7185510633421843e-11
01052001583,010-5200-1583,"one digit, last group",3.097323808226706e-10,157,2.1480066152114856e-11
01052001583,010-5200-1583,"one digit, last group",3.097323808226706e-10,158,-9.652165495013112e-11
01052001583,010-5200-1583,"one digit, last group",3.097323808226706e-10,159,-4.688003467251166e-11
01052001583,010-5200-1583,"one digit, last group",3.097323808226706e-10,160,-2.3666414782522974e-10
01052001583,010-5200-1583,"one digit, last group",3.097323808226706e-10,161,4.116236099608019e-11
01052001583,010-5200-1583,"one digit, last group",3.097323808226706e-10,162,3.1094380689691085e-11
01052001583,010-5200-1583,"one digit, last group",3.097323808226706e-10,163,-6.281152645517666e-11
01052001583,010-5200-1583,"one digit, last group",3.097323808226706e-10,164,7.594657565417079e-11
01052001583,010-5200-1583,"one digit, last group",3.097323808226706e-10,165,-3.668936234483694e-10
01052001583,010-5200-1583,"one digit, last group",3.097323808226706e-10,166,-7.395873789072877e-12
01052001583,010-5200-1583,"one digit, last group",3.097323808226706e-10,167,-2.0371010221069754e-10
01052001583,010-5200-1583,"one digit, last group",3.097323808226706e-10,168,-1.793546246807806e-10
01052001583,010-5200-1583,"one digit, last group",3.097323808226706e-10,169,-7.516774017027153e-13
01052001583,010-5200-1583,"one digit, last group",3.097323808226706e-10,170,1.364439263500178e-10
01052001583,010-5200-1583,"one digit, last group",3.097323808226706e-10,171,3.250153980421507e-09
01052001583,010-5200-1583,"one digit, last group",3.097323808226706e-10,172,-3.2443419759369384e-10
01052001583,010-5200-1583,"one digit, last group",3.097323808226706e-10,173,1.1183489610126117e-10
01052001583,010-5200-1583,"one digit, last group",3.097323808226706e-10,174,3.73029952545971e-11
01052001583,010-5200-1583,"one digit, last group",3.097323808226706e-10,175,-3.1161233886699454e-10
01052001583,010-5200-1583,"one digit, last group",3.097323808226706e-10,176,3.721558372196975e-11
01052001583,010-5200-1583,"one digit, last group",3.097323808226706e-10,177,-2.79561946689879e-10
01052001583,010-5200-1583,"one digit, last group",3.097323808226706e-10,178,1.3121882299117906e-10
01052001583,010-5200-1583,"one digit, last group",3.097323808226706e-10,179,1.420728118515444e-10
01052001583,010-5200-1583,"one digit, last group",3.097323808226706e-10,180,5.868911463633557e-11
01052001583,010-5200-1583,"one digit, last group",3.097323808226706e-10,181,3.314376857765864e-10
01052001583,010-5200-1583,"one digit, last group",3.097323808226706e-10,182,-1.9264873033525153e-10
01052001583,010-5200-1583,"one digit, last group",3.097323808226706e-10,183,5.184526763521463e-11
01052001583,010-5200-1583,"one digit, last group",3.097323808226706e-10,184,3.963498784850044e-11
01052001583,010-5200-1583,"one digit, last group",3.097323808226706e-10,185,-7.075219837804028e-11
01052001583,010-5200-1583,"one digit, last group",3.097323808226706e-10,186,4.3521232162941484e-11
01052001583,010-5200-1583,"one digit, last group",3.097323808226706e-10,187,-9.906302112232666e-11
01052001583,010-5200-1583,"one digit, last group",3.097323808226706e-10,188,1.0301284512483068e-10
01052001583,010-5200-1583,"one digit, last group",3.097323808226706e-10,189,3.861499052235393e-11
01052001583,010-5200-1583,"one digit, last group",3.097323808226706e-10,190,-6.864848749969146e-11
01052001583,010-5200-1583,"one digit, last group",3.097323808226706e-10,191,8.119035680864294e-12
01052001583,010-5200-1583,"one digit, last group",3.097323808226706e-10,192,5.739079951604814e-11
01052001583,010-5200-1583,"one digit, last group",3.097323808226706e-10,193,3.7684627509442003e-10
01052001583,010-5200-1583,"one digit, last group",3.097323808226706e-10,194,-3.586966379729298e-11
01052001583,010-5200-1583,"one digit, last group",3.097323808226706e-10,195,1.6901369575380472e-10
01052001583,010-5200-1583,"one digit, last group",3.097323808226706e-10,196,1.782764320724897e-10
01052001583,010-5200-1583,"one digit, last group",3.097323808226706e-10,197,2.0148031139460314e-10
01052001583,010-5200-1583,"one digit, last group",3.097323808226706e-10,198,1.2213574690545107e-11
01052001583,010-5200-1583,"one digit, last group",3.097323808226706e-10,199,-5.042311609761796e-10
01052001583,010-5200-1583,"one digit, last group",3.097323808226706e-10,200,-5.780940058754336e-11
01052001583,010-5200-1583,"one digit, last group",3.097323808226706e-10,201,-8.462720495442403e-11
01052001583,010-5200-1583,"one digit, last group",3.097323808226706e-10,202,5.167051905850894e-11
01052001583,010-5200-1583,"one digit, last group",3.097323808226706e-10,203,-4.2877192885337425e-12
00653004858,006-5300-4858,original,1.000000000249477,0,-9.675324439797713e-11
00653004858,006-5300-4858,original,1.000000000249477,1,5.128293932243126e-11
00653004858,006-5300-4858,original,1.000000000249477,2,6.974435796634152e-11
00653004858,006-5300-4858,original,1.000000000249477,3,-2.724026106158376e-11
00653004858,006-5300-4858,original,1.000000000249477,4,4.4992411070754684e-11
00653004858,006-5300-4858,original,1.000000000249477,5,-3.357240619981537e-10
00653004858,006-5300-4858,original,1.000000000249477,6,-2.776263889411973e-10
00653004858,006-5300-4858,original,1.000000000249477,7,3.111832929317893e-11
00653004858,006-5300-4858,original,1.000000000249477,8,5.457827833994292e-11
00653004858,006-5300-4858,original,1.000000000249477,9,1.9265456699224664e-10
00653004858,006-5300-4858,original,1.000000000249477,10,-1.7793161118949205e-12
00653004858,006-5300-4858,original,1.000000000249477,11,-6.532558453308239e-11
00653004858,006-5300-4858,original,1.000000000249477,12,5.634260007648545e-11
00653004858,006-5300-4858,original,1.000000000249477,13,-2.8673995627392265e-10
00653004858,006-5300-4858,original,1.000000000249477,14,3.87612833280909e-12
00653004858,006-5300-4858,original,1.000000000249477,15,-4.026790429497129e-11
00653004858,006-5300-4858,original,1.000000000249477,16,1.7242709583258417e-10
00653004858,006-5300-4858,original,1.000000000249477,17,4.3772182612702307e-10
00653004858,006-5300-4858,original,1.000000000249477,18,2.975185663671623e-10
00653004858,006-5300-4858,original,1.000000000249477,19,5.408114580563154e-11
00653004858,006-5300-4858,original,1.000000000249477,20,-5.998289441877366e-11
00653004858,006-5300-4858,original,1.000000000249477,21,2.8678429728724866e-10
00653004858,006-5300-4858,original,1.000000000249477,22,-1.2432014472429273e-10
00653004858,006-5300-4858,original,1.000000000249477,23,-1.1058376490584755e-10
00653004858,006-5300-4858,original,1.000000000249477,24,-4.17993015822674e-10
00653004858,006-5300-4858,original,1.000000000249477,25,1.739651843731405e-10
00653004858,006-5300-4858,original,1.000000000249477,26,-1.9518751314202875e-10
00653004858,006-5300-4858,original,1.000000000249477,27,7.849336775583739e-11
00653004858,006-5300-4858,original,1.000000000249477,28,9.294476683739502e-11
00653004858,006-5300-4858,original,1.000000000249477,29,9.272738772963355e-11
00653004858,006-5300-4858,original,1.000000000249477,30,-1.9895113735107096e-10
00653004858,006-5300-4858,original,1.000000000249477,31,6.984473448179674e-11
00653004858,006-5300-4858,original,1.000000000249477,32,-4.297868792369338e-11
00653004858,006-5300-4858,original,1.000000000249477,33,-2.844591765241666e-10
00653004858,006-5300-4858,original,1.000000000249477,34,6.661418821102063e-11
00653004858,006-5300-4858,original,1.000000000249477,35,4.579896204530217e-11
00653004858,006-5300-4858,original,1.000000000249477,36,-1.0872200931398295e-10
00653004858,006-5300-4858,original,1.000000000249477,37,1.561461203362041e-10
00653004858,006-5300-4858,original,1.000000000249477,38,-4.75015024312565e-11
00653004858,006-5300-4858,original,1.000000000249477,39,3.386541993435523e-11
00653004858,006-5300-4858,original,1.000000000249477,40,2.6608056899987834e-10
00653004858,006-5300-4858,original,1.000000000249477,41,-5.06595976921536e-11
00653004858,006-5300-4858,original,1.000000000249477,42,1.0414279056009221e-10
00653004858,006-5300-4858,original,1.000000000249477,43,1.2101394414400976e-11
00653004858,006-5300-4858,original,1.000000000249477,44,2.087441845840158e-12
00653004858,006-5300-4858,original,1.000000000249477,45,1.436082685751415e-10
00653004858,006-5300-4858,original,1.000000000249477,46,2.7954903914706168e-11
00653004858,006-5300-4858,original,1.000000000249477,47,1.4151975160485815e-11
00653004858,006-5300-4858,original,1.000000000249477,48,9.125207461365247e-11
00653004858,006-5300-4858,original,1.000000000249477,49,2.5882646037548724e-10
00653004858,006-5300-4858,original,1.000000000249477,50,-1.2584540147553922e-10
00653004858,006-5300-4858,original,1.000000000249477,51,2.7308682061956683e-11
00653004858,006-5300-4858,original,1.000000000249477,52,-4.2017570594692176e-10
00653004858,006-5300-4858,original,1.000000000249477,53,1.950543759460343e-11
00653004858,006-5300-4858,original,1.000000000249477,54,-1.7866675605208697e-12
00653004858,006-5300-4858,original,1.000000000249477,55,-1.254479198373676e-10
00653004858,006-5300-4858,original,1.000000000249477,56,1.7687974577186093e-12
00653004858,006-5300-4858,original,1.000000000249477,57,5.44061441098203e-12
00653004858,006-5300-4858,original,1.000000000249477,58,5.9421952408342055e-12
00653004858,006-5300-4858,original,1.000000000249477,59,-5.81528471529068e-12
00653004858,006-5300-4858,original,1.000000000249477,60,7.648713654675815e-11
00653004858,006-5300-4858,original,1.000000000249477,61,2.996504953073196e-11
00653004858,006-5300-4858,original,1.000000000249477,62,1.275786798144805e-10
00653004858,006-5300-4858,original,1.000000000249477,63,-9.805529832740907e-11
00653004858,006-5300-4858,original,1.000000000249477,64,3.619885254257122e-11
00653004858,006-5300-4858,original,1.000000000249477,65,2.299600614539812e-10
00653004858,006-5300-4858,original,1.000000000249477,66,-2.094945840397768e-10
00653004858,006-5300-4858,original,1.000000000249477,67,-1.6351470805039465e-11
00653004858,006-5300-4858,original,1.000000000249477,68,2.1766183894016476e-10
00653004858,006-5300-4858,original,1.000000000249477,69,1.3306844140494338e-10
00653004858,006-5300-4858,original,1.000000000249477,70,3.014435907097432e-11
00653004858,006-5300-4858,original,1.000000000249477,71,1.3798734482551397e-10
00653004858,006-5300-4858,original,1.000000000249477,72,-1.5011576900467174e-12
00653004858,006-5300-4858,original,1.000000000249477,73,4.496764759895733e-11
00653004858,006-5300-4858,original,1.000000000249477,74,-4.439185707062982e-11
00653004858,006-5300-4858,original,1.000000000249477,75,4.395418881839133e-11
00653004858,006-5300-4858,original,1.000000000249477,76,2.103603583995962e-11
00653004858,006-5300-4858,original,1.000000000249477,77,-8.981063338119052e-11
00653004858,006-5300-4858,original,1.000000000249477,78,2.855432384260027e-11
00653004858,006-5300-4858,original,1.000000000249477,79,4.2780417384183175e-10
00653004858,006-5300-4858,original,1.000000000249477,80,3.056592966362064e-11
00653004858,006-5300-4858,original,1.000000000249477,81,-3.563641247272288e-11
00653004858,006-5300-4858,original,1.000000000249477,82,6.20849632776962e-11
00653004858,006-5300-4858,original,1.000000000249477,83,6.939797233150784e-11
00653004858,006-5300-4858,original,1.000000000249477,84,7.058624263591079e-11
00653004858,006-5300-4858,original,1.000000000249477,85,4.138177768739624e-11
00653004858,006-5300-4858,original,1.000000000249477,86,3.775246298681901e-10
00653004858,006-5300-4858,original,1.000000000249477,87,5.4574965577279516e-12
00653004858,006-5300-4858,original,1.000000000249477,88,-3.48280875451065e-11
00653004858,006-5300-4858,original,1.000000000249477,89,-1.570119298690584e-10
00653004858,006-5300-4858,original,1.000000000249477,90,1.1832538808898715e-10
00653004858,006-5300-4858,original,1.000000000249477,91,-1.009837822387862e-11
00653004858,006-5300-4858,original,1.000000000249477,92,-8.633040390334737e-11
00653004858,006-5300-4858,original,1.000000000249477,93,-1.7966966290954186e-11
00653004858,006-5300-4858,original,1.000000000249477,94,-1.4303387187302386e-12
00653004858,006-5300-4858,original,1.000000000249477,95,-1.1908376607144207e-10
00653004858,006-5300-4858,original,1.000000000249477,96,-5.812561733589449e-10
00653004858,006-5300-4858,original,1.000000000249477,97,5.284932257777818e-10
00653004858,006-5300-4858,original,1.000000000249477,98,1.2760305310466603e-10
00653004858,006-5300-4858,original,1.000000000249477,99,2.5044171445519044e-11
00653004858,006-5300-4858,original,1.000000000249477,100,4.154737679178966e-11
00653004858,006-5300-4858,original,1.000000000249477,101,-2.1326189115181526e-10
00653004858,006-5300-4858,original,1.000000000249477,102,1.4162773194491723e-10
00653004858,006-5300-4858,original,1.000000000249477,103,1.6147000664331553e-10
00653004858,006-5300-4858,original,1.000000000249477,104,9.155298701732311e-12
00653004858,006-5300-4858,original,1.000000000249477,105,7.271251969398932e-11
00653004858,006-5300-4858,original,1.000000000249477,106,1.0364315389713335e-10
00653004858,006-5300-4858,original,1.000000000249477,107,4.4086250570115735e-11
00653004858,006-5300-4858,original,1.000000000249477,108,-9.705958623105637e-11
00653004858,006-5300-4858,original,1.000000000249477,109,1.18892370954233e-10
00653004858,006-5300-4858,original,1.000000000249477,110,-1.5930672179465655e-10
00653004858,006-5300-4858,original,1.000000000249477,111,1.1496197365381517e-12
00653004858,006-5300-4858,original,1.000000000249477,112,1.838159856021517e-10
00653004858,006-5300-4858,original,1.000000000249477,113,-4.3878864091712925e-12
00653004858,006-5300-4858,original,1.000000000249477,114,1.366157893349761e-10
00653004858,006-5300-4858,original,1.000000000249477,115,6.061525045422978e-11
00653004858,006-5300-4858,original,1.000000000249477,116,6.830713798740734e-11
00653004858,006-5300-4858,original,1.000000000249477,117,-1.6744775216962649e-10
00653004858,006-5300-4858,original,1.000000000249477,118,-1.877970501318282e-10
00653004858,006-5300-4858,original,1.000000000249477,119,-1.9629417791586588e-10
00653004858,006-5300-4858,original,1.000000000249477,120,-1.4076731752980168e-10
00653004858,006-5300-4858,original,1.000000000249477,121,1.9665711271441595e-10
00653004858,006-5300-4858,original,1.000000000249477,122,-1.166796484459831e-10
00653004858,006-5300-4858,original,1.000000000249477,123,-6.182476476501487e-11
00653004858,006-5300-4858,original,1.000000000249477,124,-1.592076473805151e-10
00653004858,006-5300-4858,original,1.000000000249477,125,3.5681803461510686e-10
00653004858,006-5300-4858,original,1.000000000249477,126,-3.097937378821823e-11
00653004858,006-5300-4858,original,1.000000000249477,127,1.3595377212406433e-10
00653004858,006-5300-4858,original,1.000000000249477,128,5.876874218885534e-11
00653004858,006-5300-4858,original,1.000000000249477,129,3.147177953686818e-11
00653004858,006-5300-4858,original,1.000000000249477,130,4.13748423626869e-11
00653004858,006-5300-4858,original,1.000000000249477,131,-3.9791399222295454e-10
00653004858,006-5300-4858,original,1.000000000249477,132,-9.875092704827533e-11
00653004858,006-5300-4858,original,1.000000000249477,133,1.0915432739136808e-10
00653004858,006-5300-4858,original,1.000000000249477,134,-5.172425455424448e-12
00653004858,006-5300-4858,original,1.000000000249477,135,-8.69780259691216e-11
00653004858,006-5300-4858,original,1.000000000249477,136,-1.138545252155972e-11
00653004858,006-5300-4858,original,1.000000000249477,137,8.613349097196212e-11
00653004858,006-5300-4858,original,1.000000000249477,138,1.339872058459694e-10
00653004858,006-5300-4858,original,1.000000000249477,139,-3.13902775101691e-10
00653004858,006-5300-4858,original,1.000000000249477,140,-1.978138193691233e-10
00653004858,006-5300-4858,original,1.000000000249477,141,-1.6999388515580933e-10
00653004858,006-5300-4858,original,1.000000000249477,142,-3.567538254936421e-10
00653004858,006-5300-4858,original,1.000000000249477,143,-7.740657092029214e-11
00653004858,006-5300-4858,original,1.000000000249477,144,1.213091789104746e-10
00653004858,006-5300-4858,original,1.000000000249477,145,-5.2093608844656354e-11
00653004858,006-5300-4858,original,1.000000000249477,146,-1.0025046976052094e-11
00653004858,006-5300-4858,original,1.000000000249477,147,1.2072946103364e-10
00653004858,006-5300-4858,original,1.000000000249477,148,1.6480022314941526e-11
00653004858,006-5300-4858,original,1.000000000249477,149,-5.3446878285862157e-11
00653004858,006-5300-4858,original,1.000000000249477,150,-2.533237956561753e-10
00653004858,006-5300-4858,original,1.000000000249477,151,-3.519881601527147e-11
00653004858,006-5300-4858,original,1.000000000249477,152,-1.5021513349902346e-10
00653004858,006-5300-4858,original,1.000000000249477,153,2.1879131590512935e-10
00653004858,006-5300-4858,original,1.000000000249477,154,7.901716730854425e-11
00653004858,006-5300-4858,original,1.000000000249477,155,-3.0572901994610817e-10
00653004858,006-5300-4858,original,1.000000000249477,156,-6.997063042734272e-11
00653004858,006-5300-4858,original,1.000000000249477,157,-1.2657979420783959e-10
00653004858,006-5300-4858,original,1.000000000249477,158,-2.6563190334706605e-11
00653004858,006-5300-4858,original,1.000000000249477,159,-9.125677276416815e-11
00653004858,006-5300-4858,original,1.000000000249477,160,-1.2602994258542613e-10
00653004858,006-5300-4858,original,1.000000000249477,161,-4.666310290800048e-11
00653004858,006-5300-4858,original,1.000000000249477,162,-1.427234906323758e-11
00653004858,006-5300-4858,original,1.000000000249477,163,-1.8128411563662906e-13
00653004858,006-5300-4858,original,1.000000000249477,164,-5.324226889295396e-11
00653004858,006-5300-4858,original,1.000000000249477,165,-1.4916803577499425e-10
00653004858,006-5300-4858,original,1.000000000249477,166,-4.41256975205276e-11
00653004858,006-5300-4858,original,1.000000000249477,167,-4.074732932983664e-10
00653004858,006-5300-4858,original,1.000000000249477,168,-5.4093315546473826e-11
00653004858,006-5300-4858,original,1.000000000249477,169,-1.8908096048374093e-10
00653004858,006-5300-4858,original,1.000000000249477,170,8.381852780357288e-11
00653004858,006-5300-4858,original,1.000000000249477,171,-3.195605316512449e-11
00653004858,006-5300-4858,original,1.000000000249477,172,6.005540073797875e-11
00653004858,006-5300-4858,original,1.000000000249477,173,-5.7465806516155195e-11
00653004858,006-5300-4858,original,1.000000000249477,174,1.0074558019374824e-10
00653004858,006-5300-4858,original,1.000000000249477,175,-1.6213320687046539e-10
00653004858,006-5300-4858,original,1.000000000249477,176,2.612315205757035e-11
00653004858,006-5300-4858,original,1.000000000249477,177,-1.6001026521939636e-10
00653004858,006-5300-4858,original,1.000000000249477,178,1.2099270190705638e-11
00653004858,006-5300-4858,original,1.000000000249477,179,-1.7207793375441468e-10
00653004858,006-5300-4858,original,1.000000000249477,180,-7.146512427956309e-11
00653004858,006-5300-4858,original,1.000000000249477,181,1.9405210675729753e-10
00653004858,006-5300-4858,original,1.000000000249477,182,-3.2382411417235095e-10
00653004858,006-5300-4858,original,1.000000000249477,183,-1.9935056343657645e-10
00653004858,006-5300-4858,original,1.000000000249477,184,-2.2915571100658865e-11
00653004858,006-5300-4858,original,1.000000000249477,185,-1.7547041605062906e-11
00653004858,006-5300-4858,original,1.000000000249477,186,-9.41144016668508e-11
00653004858,006-5300-4858,original,1.000000000249477,187,0.9999996924700023
00653004858,006-5300-4858,original,1.000000000249477,188,0.9999996822834081
00653004858,006-5300-4858,original,1.000000000249477,189,-6.931769409946918e-11
00653004858,006-5300-4858,original,1.000000000249477,190,1.550584161524708e-10
00653004858,006-5300-4858,original,1.000000000249477,191,1.820799969436606e-11
00653004858,006-5300-4858,original,1.000000000249477,192,2.8306425219674072e-12
00653004858,006-5300-4858,original,1.000000000249477,193,-1.853062343057284e-10
00653004858,006-5300-4858,original,1.000000000249477,194,-2.6499511788424475e-11
00653004858,006-5300-4858,original,1.000000000249477,195,-2.1514818398529507e-10
00653004858,006-5300-4858,original,1.000000000249477,196,4.87228089127704e-11
00653004858,006-5300-4858,original,1.000000000249477,197,6.42092022066148e-11
00653004858,006-5300-4858,original,1.000000000249477,198,-7.866085725389532e-11
00653004858,006-5300-4858,original,1.000000000249477,199,6.117210550524704e-10
00653004858,006-5300-4858,original,1.000000000249477,200,-7.151572634887157e-11
00653004858,006-5300-4858,original,1.000000000249477,201,-1.6738216252862427e-11
00653004858,006-5300-4858,original,1.000000000249477,202,-2.99914196743313e-10
00653004858,006-5300-4858,original,1.000000000249477,203,-1.3427704689064324e-11
00653004859,006-5300-4859,"one digit, last group",2.662259373983852e-10,0,-1.2731030375018855e-10
00653004859,006-5300-4859,"one digit, last group",2.662259373983852e-10,1,2.1390710640856804e-10
00653004859,006-5300-4859,"one digit, last group",2.662259373983852e-10,2,2.5719426865560363e-10
00653004859,006-5300-4859,"one digit, last group",2.662259373983852e-10,3,-1.022690508519929e-11
00653004859,006-5300-4859,"one digit, last group",2.662259373983852e-10,4,6.616619426808327e-11
00653004859,006-5300-4859,"one digit, last group",2.662259373983852e-10,5,-4.29945470593627e-10
00653004859,006-5300-4859,"one digit, last group",2.662259373983852e-10,6,8.125032561342563e-11
00653004859,006-5300-4859,"one digit, last group",2.662259373983852e-10,7,-8.982961175141845e-11
00653004859,006-5300-4859,"one digit, last group",2.662259373983852e-10,8,-2.0693884510257188e-10
00653004859,006-5300-4859,"one digit, last group",2.662259373983852e-10,9,6.344684846613317e-11
00653004859,006-5300-4859,"one digit, last group",2.662259373983852e-10,10,2.0596003031499666e-11
00653004859,006-5300-4859,"one digit, last group",2.662259373983852e-10,11,1.626070646694375e-10
00653004859,006-5300-4859,"one digit, last group",2.662259373983852e-10,12,-9.097712235599906e-11
00653004859,006-5300-4859,"one digit, last group",2.662259373983852e-10,13,-1.8525236112010388e-10
00653004859,006-5300-4859,"one digit, last group",2.662259373983852e-10,14,-4.282224052355262e-11
00653004859,006-5300-4859,"one digit, last group",2.662259373983852e-10,15,-4.881748883242075e-12
00653004859,006-5300-4859,"one digit, last group",2.662259373983852e-10,16,-3.071743746122579e-10
00653004859,006-5300-4859,"one digit, last group",2.662259373983852e-10,17,1.0172473880567852e-10
00653004859,006-5300-4859,"one digit, last group",2.662259373983852e-10,18,8.409249272667515e-11
00653004859,006-5300-4859,"one digit, last group",2.662259373983852e-10,19,-1.4408383992857712e-12
00653004859,006-5300-4859,"one digit, last group",2.662259373983852e-10,20,-5.50949230236453e-11
00653004859,006-5300-4859,"one digit, last group",2.662259373983852e-10,21,-2.196591790790342e-10
00653004859,006-5300-4859,"one digit, last group",2.662259373983852e-10,22,-5.6756627820110135e-11
00653004859,006-5300-4859,"one digit, last group",2.662259373983852e-10,23,1.1040159282766371e-10
00653004859,006-5300-4859,"one digit, last group",2.662259373983852e-10,24,1.607188556128967e-10
00653004859,006-5300-4859,"one digit, last group",2.662259373983852e-10,25,-4.413662572867386e-12
00653004859,006-5300-4859,"one digit, last group",2.662259373983852e-10,26,-7.604213062913546e-11
00653004859,006-5300-4859,"one digit, last group",2.662259373983852e-10,27,1.204896188637244e-10
00653004859,006-5300-4859,"one digit, last group",2.662259373983852e-10,28,-1.8863257552844743e-10
00653004859,006-5300-4859,"one digit, last group",2.662259373983852e-10,29,1.1885402085821138e-11
00653004859,006-5300-4859,"one digit, last group",2.662259373983852e-10,30,-4.939614622395144e-11
00653004859,006-5300-4859,"one digit, last group",2.662259373983852e-10,31,1.8681414623919308e-10
00653004859,006-5300-4859,"one digit, last group",2.662259373983852e-10,32,2.0169179439599268e-10
00653004859,006-5300-4859,"one digit, last group",2.662259373983852e-10,33,2.2327423042618446e-10
00653004859,006-5300-4859,"one digit, last group",2.662259373983852e-10,34,-1.1824470946396162e-10
00653004859,006-5300-4859,"one digit, last group",2.662259373983852e-10,35,-6.793857298859793e-12
00653004859,006-5300-4859,"one digit, last group",2.662259373983852e-10,36,7.478089519728098e-11
00653004859,006-5300-4859,"one digit, last group",2.662259373983852e-10,37,1.0371208217789688e-10
00653004859,006-5300-4859,"one digit, last group",2.662259373983852e-10,38,1.1917344036866342e-11
00653004859,006-5300-4859,"one digit, last group",2.662259373983852e-10,39,-1.063951062234684e-10
00653004859,006-5300-4859,"one digit, last group",2.662259373983852e-10,40,-2.9261441227389536e-11
00653004859,006-5300-4859,"one digit, last group",2.662259373983852e-10,41,-1.0400426421045405e-11
00653004859,006-5300-4859,"one digit, last group",2.662259373983852e-10,42,-9.84792032348506e-11
00653004859,006-5300-4859,"one digit, last group",2.662259373983852e-10,43,-1.855915182284658e-11
00653004859,006-5300-4859,"one digit, last group",2.662259373983852e-10,44,2.8956833216256022e-11
00653004859,006-5300-4859,"one digit, last group",2.662259373983852e-10,45,-2.7209026341727403e-11
00653004859,006-5300-4859,"one digit, last group",2.662259373983852e-10,46,1.95175043940718e-11
00653004859,006-5300-4859,"one digit, last group",2.662259373983852e-10,47,-1.3989577406259747e-10
00653004859,006-5300-4859,"one digit, last group",2.662259373983852e-10,48,-1.0668864909838178e-10
00653004859,006-5300-4859,"one digit, last group",2.662259373983852e-10,49,1.0910626983980508e-11
00653004859,006-5300-4859,"one digit, last group",2.662259373983852e-10,50,2.4386823439929033e-10
00653004859,006-5300-4859,"one digit, last group",2.662259373983852e-10,51,-1.0347322420688793e-10
00653004859,006-5300-4859,"one digit, last group",2.662259373983852e-10,52,-2.6109873106479226e-10
00653004859,006-5300-4859,"one digit, last group",2.662259373983852e-10,53,5.4206304055135464e-11
00653004859,006-5300-4859,"one digit, last group",2.662259373983852e-10,54,-2.244751363746678e-11
00653004859,006-5300-4859,"one digit, last group",2.662259373983852e-10,55,1.9953692629502253e-10
00653004859,006-5300-4859,"one digit, last group",2.662259373983852e-10,56,-2.007112868822367e-10
00653004859,006-5300-4859,"one digit, last group",2.662259373983852e-10,57,-2.7967588402289738e-11
00653004859,006-5300-4859,"one digit, last group",2.662259373983852e-10,58,4.818375804978531e-11
00653004859,006-5300-4859,"one digit, last group",2.662259373983852e-10,59,-4.258484721779655e-11
00653004859,006-5300-4859,"one digit, last group",2.662259373983852e-10,60,-5.121805618716045e-11
00653004859,006-5300-4859,"one digit, last group",2.662259373983852e-10,61,4.568729274397878e-11
00653004859,006-5300-4859,"one digit, last group",2.662259373983852e-10,62,6.787688245865518e-11
00653004859,006-5300-4859,"one digit, last group",2.662259373983852e-10,63,5.415686476037776e-11
00653004859,006-5300-4859,"one digit, last group",2.662259373983852e-10,64,-6.046628122071012e-11
00653004859,006-5300-4859,"one digit, last group",2.662259373983852e-10,65,-1.5032278368246375e-10
00653004859,006-5300-4859,"one digit, last group",2.662259373983852e-10,66,1.0215215872994426e-10
00653004859,006-5300-4859,"one digit, last group",2.662259373983852e-10,67,5.401313002332653e-12
00653004859,006-5300-4859,"one digit, last group",2.662259373983852e-10,68,7.89942130885207e-11
00653004859,006-5300-4859,"one digit, last group",2.662259373983852e-10,69,3.880977564833143e-10
00653004859,006-5300-4859,"one digit, last group",2.662259373983852e-10,70,2.1049842727521337e-11
00653004859,006-5300-4859,"one digit, last group",2.662259373983852e-10,71,1.9928571209110115e-10
00653004859,006-5300-4859,"one digit, last group",2.662259373983852e-10,72,-1.3276296957380818e-11
00653004859,006-5300-4859,"one digit, last group",2.662259373983852e-10,73,-3.3868107555042864e-11
00653004859,006-5300-4859,"one digit, last group",2.662259373983852e-10,74,3.217194336927075e-10
00653004859,006-5300-4859,"one digit, last group",2.662259373983852e-10,75,-1.1182317511696015e-11
00653004859,006-5300-4859,"one digit, last group",2.662259373983852e-10,76,7.64263076095396e-11
00653004859,006-5300-4859,"one digit, last group",2.662259373983852e-10,77,-6.718654291431267e-11
00653004859,006-5300-4859,"one digit, last group",2.662259373983852e-10,78,2.1936881166781683e-10
00653004859,006-5300-4859,"one digit, last group",2.662259373983852e-10,79,-1.4854440371711154e-10
00653004859,006-5300-4859,"one digit, last group",2.662259373983852e-10,80,1.415341010589683e-10
00653004859,006-5300-4859,"one digit, last group",2.662259373983852e-10,81,9.095350808215505e-12
00653004859,006-5300-4859,"one digit, last group",2.662259373983852e-10,82,-3.437420747163208e-10
00653004859,006-5300-4859,"one digit, last group",2.662259373983852e-10,83,3.88600517476712e-12
00653004859,006-5300-4859,"one digit, last group",2.662259373983852e-10,84,-9.683015010579195e-11
00653004859,006-5300-4859,"one digit, last group",2.662259373983852e-10,85,-4.74858830041337e-12
00653004859,006-5300-4859,"one digit, last group",2.662259373983852e-10,86,2.719908311986016e-10
00653004859,006-5300-4859,"one digit, last group",2.662259373983852e-10,87,-1.3033744868771084e-10
00653004859,006-5300-4859,"one digit, last group",2.662259373983852e-10,88,1.8520232444135802e-10
00653004859,006-5300-4859,"one digit, last group",2.662259373983852e-10,89,3.038522787960794e-11
00653004859,006-5300-4859,"one digit, last group",2.662259373983852e-10,90,1.0020502199409178e-10
00653004859,006-5300-4859,"one digit, last group",2.662259373983852e-10,91,8.007130929033181e-11
00653004859,006-5300-4859,"one digit, last group",2.662259373983852e-10,92,-1.8221932514746072e-10
00653004859,006-5300-4859,"one digit, last group",2.662259373983852e-10,93,1.0085977499233573e-10
00653004859,006-5300-4859,"one digit, last group",2.662259373983852e-10,94,1.5199890329095226e-11
00653004859,006-5300-4859,"one digit, last group",2.662259373983852e-10,95,-1.237943401454875e-10
00653004859,006-5300-4859,"one digit, last group",2.662259373983852e-10,96,1.9376611950789038e-10
00653004859,006-5300-4859,"one digit, last group",2.662259373983852e-10,97,2.537204885246054e-10
00653004859,006-5300-4859,"one digit, last group",2.662259373983852e-10,98,-1.8883366402196987e-10
00653004859,006-5300-4859,"one digit, last group",2.662259373983852e-10,99,-1.0942766146394978e-11
00653004859,006-5300-4859,"one digit, last group",2.662259373983852e-10,100,-1.0066780807198466e-10
00653004859,006-5300-4859,"one digit, last group",2.662259373983852e-10,101,1.1009734212359044e-10
00653004859,006-5300-4859,"one digit, last group",2.662259373983852e-10,102,-1.2753859747336139e-10
00653004859,006-5300-4859,"one digit, last group",2.662259373983852e-10,103,-5.75092526964872e-10
00653004859,006-5300-4859,"one digit, last group",2.662259373983852e-10,104,1.4489909269588922e-10
00653004859,006-5300-4859,"one digit, last group",2.662259373983852e-10,105,-8.091823006078045e-11
00653004859,006-5300-4859,"one digit, last group",2.662259373983852e-10,106,1.6324350241548182e-11
00653004859,006-5300-4859,"one digit, last group",2.662259373983852e-10,107,1.463364319011818e-11
00653004859,006-5300-4859,"one digit, last group",2.662259373983852e-10,108,-1.3301585013575258e-11
00653004859,006-5300-4859,"one digit, last group",2.662259373983852e-10,109,2.3222410392275776e-10
00653004859,006-5300-4859,"one digit, last group",2.662259373983852e-10,110,-1.077401553238414e-11
00653004859,006-5300-4859,"one digit, last group",2.662259373983852e-10,111,2.886340133788687e-10
00653004859,006-5300-4859,"one digit, last group",2.662259373983852e-10,112,1.265723857603731e-10
00653004859,006-5300-4859,"one digit, last group",2.662259373983852e-10,113,6.4041060325779724e-12
00653004859,006-5300-4859,"one digit, last group",2.662259373983852e-10,114,-1.5311680889535167e-10
00653004859,006-5300-4859,"one digit, last group",2.662259373983852e-10,115,8.877683741434617e-11
00653004859,006-5300-4859,"one digit, last group",2.662259373983852e-10,116,3.212805092528586e-11
00653004859,006-5300-4859,"one digit, last group",2.662259373983852e-10,117,7.876264196108581e-11
00653004859,006-5300-4859,"one digit, last group",2.662259373983852e-10,118,2.8129143236350593e-10
00653004859,006-5300-4859,"one digit, last group",2.662259373983852e-10,119,1.2361586836405152e-10
00653004859,006-5300-4859,"one digit, last group",2.662259373983852e-10,120,-1.226599375553283e-10
00653004859,006-5300-4859,"one digit, last group",2.662259373983852e-10,121,1.5234881334600877e-10
00653004859,006-5300-4859,"one digit, last group",2.662259373983852e-10,122,-3.3216171363495885e-10
00653004859,006-5300-4859,"one digit, last group",2.662259373983852e-10,123,2.9739624342640797e-12
00653004859,006-5300-4859,"one digit, last group",2.662259373983852e-10,124,-1.40907085205823e-10
00653004859,006-5300-4859,"one digit, last group",2.662259373983852e-10,125,-8.485509282371407e-11
00653004859,006-5300-4859,"one digit, last group",2.662259373983852e-10,126,-3.0163292982559126e-11
00653004859,006-5300-4859,"one digit, last group",2.662259373983852e-10,127,7.332370532970492e-12
00653004859,006-5300-4859,"one digit, last group",2.662259373983852e-10,128,1.1761059372223238e-10
00653004859,006-5300-4859,"one digit, last group",2.662259373983852e-10,129,-2.2929991133911177e-11
00653004859,006-5300-4859,"one digit, last group",2.662259373983852e-10,130,-6.998290802220191e-11
00653004859,006-5300-4859,"one digit, last group",2.662259373983852e-10,131,1.1171583667371214e-10
00653004859,006-5300-4859,"one digit, last group",2.662259373983852e-10,132,-3.1219775374702454e-11
00653004859,006-5300-4859,"one digit, last group",2.662259373983852e-10,133,-1.174201473195829e-10
00653004859,006-5300-4859,"one digit, last group",2.662259373983852e-10,134,-3.264539979592227e-11
00653004859,006-5300-4859,"one digit, last group",2.662259373983852e-10,135,2.6976463207697388e-11
00653004859,006-5300-4859,"one digit, last group",2.662259373983852e-10,136,1.5680639286429144e-11
00653004859,006-5300-4859,"one digit, last group",2.662259373983852e-10,137,1.3686117255597493e-10
00653004859,006-5300-4859,"one digit, last group",2.662259373983852e-10,138,-2.724747591948538e-10
00653004859,006-5300-4859,"one digit, last group",2.662259373983852e-10,139,1.2489245181723539e-11
00653004859,006-5300-4859,"one digit, last group",2.662259373983852e-10,140,-3.0600293871114326e-10
00653004859,006-5300-4859,"one digit, last group",2.662259373983852e-10,141,-1.858180011108777e-10
00653004859,006-5300-4859,"one digit, last group",2.662259373983852e-10,142,9.390669122630174e-11
00653004859,006-5300-4859,"one digit, last group",2.662259373983852e-10,143,-1.1897687869635973e-10
00653004859,006-5300-4859,"one digit, last group",2.662259373983852e-10,144,-3.0475755297816136e-10
00653004859,006-5300-4859,"one digit, last group",2.662259373983852e-10,145,-1.0015916966244003e-11
00653004859,006-5300-4859,"one digit, last group",2.662259373983852e-10,146,-1.5455594893610163e-10
00653004859,006-5300-4859,"one digit, last group",2.662259373983852e-10,147,2.293017842919217e-10
00653004859,006-5300-4859,"one digit, last group",2.662259373983852e-10,148,-1.1391444455565417e-10
00653004859,006-5300-4859,"one digit, last group",2.662259373983852e-10,149,-1.240289532817621e-10
00653004859,006-5300-4859,"one digit, last group",2.662259373983852e-10,150,1.6036564956590786e-10
00653004859,006-5300-4859,"one digit, last group",2.662259373983852e-10,151,-3.717940873853115e-11
00653004859,006-5300-4859,"one digit, last group",2.662259373983852e-10,152,-2.924891759494554e-10
00653004859,006-5300-4859,"one digit, last group",2.662259373983852e-10,153,1.7194214312212151e-10
00653004859,006-5300-4859,"one digit, last group",2.662259373983852e-10,154,-6.429044801036586e-11
00653004859,006-5300-4859,"one digit, last group",2.662259373983852e-10,155,-4.4855110782680333e-10
00653004859,006-5300-4859,"one digit, last group",2.662259373983852e-10,156,-1.353721281428668e-10
00653004859,006-5300-4859,"one digit, last group",2.662259373983852e-10,157,7.656856740657742e-11
00653004859,006-5300-4859,"one digit, last group",2.662259373983852e-10,158,-3.133059041166754e-11
00653004859,006-5300-4859,"one digit, last group",2.662259373983852e-10,159,1.0764684044520517e-10
00653004859,006-5300-4859,"one digit, last group",2.662259373983852e-10,160,2.344368551248081e-10
00653004859,006-5300-4859,"one digit, last group",2.662259373983852e-10,161,-7.320620940203618e-12
00653004859,006-5300-4859,"one digit, last group",2.662259373983852e-10,162,7.091467104363758e-11
00653004859,006-5300-4859,"one digit, last group",2.662259373983852e-10,163,-5.863899090501756e-11
00653004859,006-5300-4859,"one digit, last group",2.662259373983852e-10,164,-5.7276632452392925e-11
00653004859,006-5300-4859,"one digit, last group",2.662259373983852e-10,165,-3.6226566546057727e-10
00653004859,006-5300-4859,"one digit, last group",2.662259373983852e-10,166,8.905021468440009e-11
00653004859,006-5300-4859,"one digit, last group",2.662259373983852e-10,167,-2.3728632988033297e-10
00653004859,006-5300-4859,"one digit, last group",2.662259373983852e-10,168,-2.813453456131504e-10
00653004859,006-5300-4859,"one digit, last group",2.662259373983852e-10,169,1.437989802980727e-10
00653004859,006-5300-4859,"one digit, last group",2.662259373983852e-10,170,-3.2003752371932155e-10
00653004859,006-5300-4859,"one digit, last group",2.662259373983852e-10,171,1.4945098599859826e-10
00653004859,006-5300-4859,"one digit, last group",2.662259373983852e-10,172,6.362816323339149e-11
00653004859,006-5300-4859,"one digit, last group",2.662259373983852e-10,173,9.635216335270343e-11
00653004859,006-5300-4859,"one digit, last group",2.662259373983852e-10,174,1.1638014899376935e-11
00653004859,006-5300-4859,"one digit, last group",2.662259373983852e-10,175,-2.5277435820161126e-10
00653004859,006-5300-4859,"one digit, last group",2.662259373983852e-10,176,1.3532313430017895e-11
00653004859,006-5300-4859,"one digit, last group",2.662259373983852e-10,177,-2.39115496685569e-10
00653004859,006-5300-4859,"one digit, last group",2.662259373983852e-10,178,9.408167155216996e-11
00653004859,006-5300-4859,"one digit, last group",2.662259373983852e-10,179,3.257857568395995e-10
00653004859,006-5300-4859,"one digit, last group",2.662259373983852e-10,180,-2.686264677674213e-11
00653004859,006-5300-4859,"one digit, last group",2.662259373983852e-10,181,-9.159496810208024e-11
00653004859,006-5300-4859,"one digit, last group",2.662259373983852e-10,182,5.47326129879953e-10
00653004859,006-5300-4859,"one digit, last group",2.662259373983852e-10,183,4.390523505314539e-10
00653004859,006-5300-4859,"one digit, last group",2.662259373983852e-10,184,6.89422134654487e-12
00653004859,006-5300-4859,"one digit, last group",2.662259373983852e-10,185,5.3319310228064635e-11
00653004859,006-5300-4859,"one digit, last group",2.662259373983852e-10,186,-1.4330217221940045e-10
00653004859,006-5300-4859,"one digit, last group",2.662259373983852e-10,187,1.0039519594998023e-09
00653004859,006-5300-4859,"one digit, last group",2.662259373983852e-10,188,-5.132696290059686e-09
00653004859,006-5300-4859,"one digit, last group",2.662259373983852e-10,189,1.214023254248424e-10
00653004859,006-5300-4859,"one digit, last group",2.662259373983852e-10,190,-1.7264041180561278e-10
00653004859,006-5300-4859,"one digit, last group",2.662259373983852e-10,191,-2.7471222993652524e-11
00653004859,006-5300-4859,"one digit, last group",2.662259373983852e-10,192,-1.784612170347926e-10
00653004859,006-5300-4859,"one digit, last group",2.662259373983852e-10,193,-6.661608361874579e-10
00653004859,006-5300-4859,"one digit, last group",2.662259373983852e-10,194,-1.3402239943787404e-11
00653004859,006-5300-4859,"one digit, last group",2.662259373983852e-10,195,2.432796771866079e-10
00653004859,006-5300-4859,"one digit, last group",2.662259373983852e-10,196,4.6807273468394085e-11
00653004859,006-5300-4859,"one digit, last group",2.662259373983852e-10,197,2.296576640450817e-10
00653004859,006-5300-4859,"one digit, last group",2.662259373983852e-10,198,1.7336338807607117e-10
00653004859,006-5300-4859,"one digit, last group",2.662259373983852e-10,199,-2.866720150275819e-10
00653004859,006-5300-4859,"one digit, last group",2.662259373983852e-10,200,-2.572707376819011e-11
00653004859,006-5300-4859,"one digit, last group",2.662259373983852e-10,201,-1.1413521713267987e-11
00653004859,006-5300-4859,"one digit, last group",2.662259373983852e-10,202,3.6938342742914426e-10
00653004859,006-5300-4859,"one digit, last group",2.662259373983852e-10,203,2.2076279038695125e-11
02050002924,020-5000-2924,"one digit, first group",-2.818519766753315e-10,0,-1.7477462118149232e-10
02050002924,020-5000-2924,"one digit, first group",-2.818519766753315e-10,1,1.2867245143619724e-10
02050002924,020-5000-2924,"one digit, first group",-2.818519766753315e-10,2,1.452000909266372e-10
02050002924,020-5000-2924,"one digit, first group",-2.818519766753315e-10,3,3.791025427534112e-11
02050002924,020-5000-2924,"one digit, first group",-2.818519766753315e-10,4,4.0544215352910876e-10
02050002924,020-5000-2924,"one digit, first group",-2.818519766753315e-10,5,-8.252350140051297e-11
02050002924,020-5000-2924,"one digit, first group",-2.818519766753315e-10,6,-1.1508784449279482e-10
02050002924,020-5000-2924,"one digit, first group",-2.818519766753315e-10,7,-5.990015055749788e-11
02050002924,020-5000-2924,"one digit, first group",-2.818519766753315e-10,8,7.313221050970542e-11
02050002924,020-5000-2924,"one digit, first group",-2.818519766753315e-10,9,-6.029641308849662e-11
02050002924,020-5000-2924,"one digit, first group",-2.818519766753315e-10,10,-2.169521645067477e-11
02050002924,020-5000-2924,"one digit, first group",-2.818519766753315e-10,11,-1.8193199568405464e-11
02050002924,020-5000-2924,"one digit, first group",-2.818519766753315e-10,12,2.6413759297504466e-10
02050002924,020-5000-2924,"one digit, first group",-2.818519766753315e-10,13,1.1990042403198248e-10
02050002924,020-5000-2924,"one digit, first group",-2.818519766753315e-10,14,6.41674144197867e-11
02050002924,020-5000-2924,"one digit, first group",-2.818519766753315e-10,15,-7.361801957920916e-12
02050002924,020-5000-2924,"one digit, first group",-2.818519766753315e-10,16,-4.6090230420028055e-10
02050002924,020-5000-2924,"one digit, first group",-2.818519766753315e-10,17,5.200312296149646e-10
02050002924,020-5000-2924,"one digit, first group",-2.818519766753315e-10,18,1.5922337330704587e-10
02050002924,020-5000-2924,"one digit, first group",-2.818519766753315e-10,19,-2.0333967632810635e-11
02050002924,020-5000-2924,"one digit, first group",-2.818519766753315e-10,20,1.2625153747564734e-10
02050002924,020-5000-2924,"one digit, first group",-2.818519766753315e-10,21,-9.552654389901013e-13
02050002924,020-5000-2924,"one digit, first group",-2.818519766753315e-10,22,1.3581180950617722e-10
02050002924,020-5000-2924,"one digit, first group",-2.818519766753315e-10,23,-1.0171668329637945e-11
02050002924,020-5000-2924,"one digit, first group",-2.818519766753315e-10,24,-3.630599638487977e-10
02050002924,020-5000-2924,"one digit, first group",-2.818519766753315e-10,25,1.4894307440284286e-10
02050002924,020-5000-2924,"one digit, first group",-2.818519766753315e-10,26,-4.2318426020416444e-10
02050002924,020-5000-2924,"one digit, first group",-2.818519766753315e-10,27,-1.1938217483698178e-10
02050002924,020-5000-2924,"one digit, first group",-2.818519766753315e-10,28,-7.580822031023225e-11
02050002924,020-5000-2924,"one digit, first group",-2.818519766753315e-10,29,2.939202664028694e-12
02050002924,020-5000-2924,"one digit, first group",-2.818519766753315e-10,30,8.615478171356816e-11
02050002924,020-5000-2924,"one digit, first group",-2.818519766753315e-10,31,-4.4542332093043845e-11
02050002924,020-5000-2924,"one digit, first group",-2.818519766753315e-10,32,-4.218521504159911e-10
02050002924,020-5000-2924,"one digit, first group",-2.818519766753315e-10,33,-4.4259260341267664e-10
02050002924,020-5000-2924,"one digit, first group",-2.818519766753315e-10,34,-3.60614133374063e-11
02050002924,020-5000-2924,"one digit, first group",-2.818519766753315e-10,35,-5.0080310124015875e-11
02050002924,020-5000-2924,"one digit, first group",-2.818519766753315e-10,36,4.096991863111385e-11
02050002924,020-5000-2924,"one digit, first group",-2.818519766753315e-10,37,1.385739157707268e-10
02050002924,020-5000-2924,"one digit, first group",-2.818519766753315e-10,38,3.494101307561085e-11
02050002924,020-5000-2924,"one digit, first group",-2.818519766753315e-10,39,2.5166633153991976e-10
02050002924,020-5000-2924,"one digit, first group",-2.818519766753315e-10,40,-1.6537196421380103e-10
02050002924,020-5000-2924,"one digit, first group",-2.818519766753315e-10,41,4.7968488147489137e-11
02050002924,020-5000-2924,"one digit, first group",-2.818519766753315e-10,42,-7.1219491227591e-11
02050002924,020-5000-2924,"one digit, first group",-2.818519766753315e-10,43,-7.329300061560835e-11
02050002924,020-5000-2924,"one digit, first group",-2.818519766753315e-10,44,-1.2196860667675573e-11
02050002924,020-5000-2924,"one digit, first group",-2.818519766753315e-10,45,2.6292814683111535e-10
02050002924,020-5000-2924,"one digit, first group",-2.818519766753315e-10,46,-5.5186017482133885e-11
02050002924,020-5000-2924,"one digit, first group",-2.818519766753315e-10,47,-1.8046581632124967e-10
02050002924,020-5000-2924,"one digit, first group",-2.818519766753315e-10,48,-2.336372151758502e-11
02050002924,020-5000-2924,"one digit, first group",-2.818519766753315e-10,49,-2.7268767145444736e-11
02050002924,020-5000-2924,"one digit, first group",-2.818519766753315e-10,50,-6.083246468064075e-11
02050002924,020-5000-2924,"one digit, first group",-2.818519766753315e-10,51,4.788162453644152e-11
02050002924,020-5000-2924,"one digit, first group",-2.818519766753315e-10,52,9.594806202854861e-11
02050002924,020-5000-2924,"one digit, first group",-2.818519766753315e-10,53,3.0420300373151316e-11
02050002924,020-5000-2924,"one digit, first group",-2.818519766753315e-10,54,-3.960946381478929e-11
02050002924,020-5000-2924,"one digit, first group",-2.818519766753315e-10,55,-1.5493021894907148e-10
02050002924,020-5000-2924,"one digit, first group",-2.818519766753315e-10,56,2.827439192358789e-10
02050002924,020-5000-2924,"one digit, first group",-2.818519766753315e-10,57,-4.989987296419873e-11
02050002924,020-5000-2924,"one digit, first group",-2.818519766753315e-10,58,-1.0994504345337053e-10
02050002924,020-5000-2924,"one digit, first group",-2.818519766753315e-10,59,-1.1522186329465148e-10
02050002924,020-5000-2924,"one digit, first group",-2.818519766753315e-10,60,9.181269838785456e-11
02050002924,020-5000-2924,"one digit, first group",-2.818519766753315e-10,61,9.561155585563004e-11
02050002924,020-5000-2924,"one digit, first group",-2.818519766753315e-10,62,6.988234323693941e-11
02050002924,020-5000-2924,"one digit, first group",-2.818519766753315e-10,63,1.8603096238731967e-10
02050002924,020-5000-2924,"one digit, first group",-2.818519766753315e-10,64,-1.9547525078285807e-10
02050002924,020-5000-2924,"one digit, first group",-2.818519766753315e-10,65,4.585131674134409e-12
02050002924,020-5000-2924,"one digit, first group",-2.818519766753315e-10,66,8.093540974259303e-11
02050002924,020-5000-2924,"one digit, first group",-2.818519766753315e-10,67,6.59288343186447e-11
02050002924,020-5000-2924,"one digit, first group",-2.818519766753315e-10,68,1.4061695843220476e-10
02050002924,020-5000-2924,"one digit, first group",-2.818519766753315e-10,69,-1.7486224966833736e-11
02050002924,020-5000-2924,"one digit, first group",-2.818519766753315e-10,70,-1.8901821873032893e-11
02050002924,020-5000-2924,"one digit, first group",-2.818519766753315e-10,71,3.698405728230511e-10
02050002924,020-5000-2924,"one digit, first group",-2.818519766753315e-10,72,-7.275431998310974e-12
02050002924,020-5000-2924,"one digit, first group",-2.818519766753315e-10,73,-4.837790555141547e-12
02050002924,020-5000-2924,"one digit, first group",-2.818519766753315e-10,74,4.55254256139849e-11
02050002924,020-5000-2924,"one digit, first group",-2.818519766753315e-10,75,2.5284225709197152e-11
02050002924,020-5000-2924,"one digit, first group",-2.818519766753315e-10,76,1.1470336724449201e-10
02050002924,020-5000-2924,"one digit, first group",-2.818519766753315e-10,77,2.369600423252419e-11
02050002924,020-5000-2924,"one digit, first group",-2.818519766753315e-10,78,5.229728896937252e-11
02050002924,020-5000-2924,"one digit, first group",-2.818519766753315e-10,79,-4.56999683971338e-11
02050002924,020-5000-2924,"one digit, first group",-2.818519766753315e-10,80,-4.717411331002826e-11
02050002924,020-5000-2924,"one digit, first group",-2.818519766753315e-10,81,1.8301085543061594e-10
02050002924,020-5000-2924,"one digit, first group",-2.818519766753315e-10,82,3.117618267918421e-10
02050002924,020-5000-2924,"one digit, first group",-2.818519766753315e-10,83,1.529002204403231e-11
02050002924,020-5000-2924,"one digit, first group",-2.818519766753315e-10,84,-4.681628484265986e-11
02050002924,020-5000-2924,"one digit, first group",-2.818519766753315e-10,85,-3.858617371243712e-11
02050002924,020-5000-2924,"one digit, first group",-2.818519766753315e-10,86,8.478390570850217e-11
02050002924,020-5000-2924,"one digit, first group",-2.818519766753315e-10,87,-5.4602019260973454e-11
02050002924,020-5000-2924,"one digit, first group",-2.818519766753315e-10,88,7.854618238357949e-11
02050002924,020-5000-2924,"one digit, first group",-2.818519766753315e-10,89,5.388313154904439e-11
02050002924,020-5000-2924,"one digit, first group",-2.818519766753315e-10,90,-2.3206251323403e-12
02050002924,020-5000-2924,"one digit, first group",-2.818519766753315e-10,91,-2.5764638165345953e-10
02050002924,020-5000-2924,"one digit, first group",-2.818519766753315e-10,92,-4.2019541041401194e-10
02050002924,020-5000-2924,"one digit, first group",-2.818519766753315e-10,93,-2.445952930636293e-10
02050002924,020-5000-2924,"one digit, first group",-2.818519766753315e-10,94,2.7320071313103024e-11
02050002924,020-5000-2924,"one digit, first group",-2.818519766753315e-10,95,1.2577350928094988e-10
02050002924,020-5000-2924,"one digit, first group",-2.818519766753315e-10,96,-4.5188867084852947e-10
02050002924,020-5000-2924,"one digit, first group",-2.818519766753315e-10,97,1.2698839066650575e-10
02050002924,020-5000-2924,"one digit, first group",-2.818519766753315e-10,98,7.305995624747369e-11
02050002924,020-5000-2924,"one digit, first group",-2.818519766753315e-10,99,-1.7575090309941566e-11
02050002924,020-5000-2924,"one digit, first group",-2.818519766753315e-10,100,2.6842259235988383e-10
02050002924,020-5000-2924,"one digit, first group",-2.818519766753315e-10,101,1.8730693065582017e-10
02050002924,020-5000-2924,"one digit, first group",-2.818519766753315e-10,102,3.659524116477679e-10
02050002924,020-5000-2924,"one digit, first group",-2.818519766753315e-10,103,-1.808460279151728e-10
02050002924,020-5000-2924,"one digit, first group",-2.818519766753315e-10,104,-1.6015089576058967e-10
02050002924,020-5000-2924,"one digit, first group",-2.818519766753315e-10,105,-3.097328592485747e-10
02050002924,020-5000-2924,"one digit, first group",-2.818519766753315e-10,106,-1.326982329155319e-10
02050002924,020-5000-2924,"one digit, first group",-2.818519766753315e-10,107,3.7198638615261787e-11
02050002924,020-5000-2924,"one digit, first group",-2.818519766753315e-10,108,-7.94993590209007e-11
02050002924,020-5000-2924,"one digit, first group",-2.818519766753315e-10,109,-4.1160919430562925e-12
02050002924,020-5000-2924,"one digit, first group",-2.818519766753315e-10,110,7.792779225089621e-11
02050002924,020-5000-2924,"one digit, first group",-2.818519766753315e-10,111,-3.8393015756344476e-11
02050002924,020-5000-2924,"one digit, first group",-2.818519766753315e-10,112,9.14948098029224e-11
02050002924,020-5000-2924,"one digit, first group",-2.818519766753315e-10,113,-8.68131475241129e-12
02050002924,020-5000-2924,"one digit, first group",-2.818519766753315e-10,114,1.7010293480879576e-10
02050002924,020-5000-2924,"one digit, first group",-2.818519766753315e-10,115,4.8536718673677294e-12
02050002924,020-5000-2924,"one digit, first group",-2.818519766753315e-10,116,-3.171607664954487e-11
02050002924,020-5000-2924,"one digit, first group",-2.818519766753315e-10,117,-1.2605979945747567e-10
02050002924,020-5000-2924,"one digit, first group",-2.818519766753315e-10,118,-2.686774887582822e-10
02050002924,020-5000-2924,"one digit, first group",-2.818519766753315e-10,119,7.415108777617035e-11
02050002924,020-5000-2924,"one digit, first group",-2.818519766753315e-10,120,2.6470470316843456e-11
02050002924,020-5000-2924,"one digit, first group",-2.818519766753315e-10,121,-5.401626228871276e-12
02050002924,020-5000-2924,"one digit, first group",-2.818519766753315e-10,122,-1.3207969944507061e-10
02050002924,020-5000-2924,"one digit, first group",-2.818519766753315e-10,123,-3.162986711965689e-11
02050002924,020-5000-2924,"one digit, first group",-2.818519766753315e-10,124,7.133743824388985e-11
02050002924,020-5000-2924,"one digit, first group",-2.818519766753315e-10,125,1.5624589205386707e-10
02050002924,020-5000-2924,"one digit, first group",-2.818519766753315e-10,126,-1.951559948008273e-11
02050002924,020-5000-2924,"one digit, first group",-2.818519766753315e-10,127,1.4575631759616702e-10
02050002924,020-5000-2924,"one digit, first group",-2.818519766753315e-10,128,9.194330535541006e-11
02050002924,020-5000-2924,"one digit, first group",-2.818519766753315e-10,129,-1.7515110425367644e-10
02050002924,020-5000-2924,"one digit, first group",-2.818519766753315e-10,130,-1.431136750887993e-11
02050002924,020-5000-2924,"one digit, first group",-2.818519766753315e-10,131,-2.664631307056117e-10
02050002924,020-5000-2924,"one digit, first group",-2.818519766753315e-10,132,-9.12656996298409e-11
02050002924,020-5000-2924,"one digit, first group",-2.818519766753315e-10,133,1.497269996111479e-10
02050002924,020-5000-2924,"one digit, first group",-2.818519766753315e-10,134,-8.821176282866646e-12
02050002924,020-5000-2924,"one digit, first group",-2.818519766753315e-10,135,1.6890889503046682e-10
02050002924,020-5000-2924,"one digit, first group",-2.818519766753315e-10,136,-9.515649707286882e-12
02050002924,020-5000-2924,"one digit, first group",-2.818519766753315e-10,137,-3.847421483991247e-12
02050002924,020-5000-2924,"one digit, first group",-2.818519766753315e-10,138,-1.1991812295052761e-10
02050002924,020-5000-2924,"one digit, first group",-2.818519766753315e-10,139,3.300090451627464e-11
02050002924,020-5000-2924,"one digit, first group",-2.818519766753315e-10,140,-5.5512220667017533e-11
02050002924,020-5000-2924,"one digit, first group",-2.818519766753315e-10,141,6.554861600963417e-11
02050002924,020-5000-2924,"one digit, first group",-2.818519766753315e-10,142,3.2462903273264116e-09
02050002924,020-5000-2924,"one digit, first group",-2.818519766753315e-10,143,-1.1559180759641428e-09
02050002924,020-5000-2924,"one digit, first group",-2.818519766753315e-10,144,-1.9437749067837948e-09
02050002924,020-5000-2924,"one digit, first group",-2.818519766753315e-10,145,-3.6705017112139385e-09
02050002924,020-5000-2924,"one digit, first group",-2.818519766753315e-10,146,-2.229339610143431e-09
02050002924,020-5000-2924,"one digit, first group",-2.818519766753315e-10,147,1.127534901140095e-08
02050002924,020-5000-2924,"one digit, first group",-2.818519766753315e-10,148,1.02180345300526e-09
02050002924,020-5000-2924,"one digit, first group",-2.818519766753315e-10,149,-7.039708788514705e-09
02050002924,020-5000-2924,"one digit, first group",-2.818519766753315e-10,150,-1.852480503161826e-10
02050002924,020-5000-2924,"one digit, first group",-2.818519766753315e-10,151,-4.931218322909738e-11
02050002924,020-5000-2924,"one digit, first group",-2.818519766753315e-10,152,-7.527808571702789e-11
02050002924,020-5000-2924,"one digit, first group",-2.818519766753315e-10,153,8.883313477318332e-12
02050002924,020-5000-2924,"one digit, first group",-2.818519766753315e-10,154,-3.315654344142075e-11
02050002924,020-5000-2924,"one digit, first group",-2.818519766753315e-10,155,-2.434547723192593e-10
02050002924,020-5000-2924,"one digit, first group",-2.818519766753315e-10,156,-1.4933904915443016e-10
02050002924,020-5000-2924,"one digit, first group",-2.818519766753315e-10,157,5.175686485478646e-12
02050002924,020-5000-2924,"one digit, first group",-2.818519766753315e-10,158,7.910768894714268e-11
02050002924,020-5000-2924,"one digit, first group",-2.818519766753315e-10,159,-8.75649232916572e-11
02050002924,020-5000-2924,"one digit, first group",-2.818519766753315e-10,160,-1.0477195620137827e-09
02050002924,020-5000-2924,"one digit, first group",-2.818519766753315e-10,161,-6.845207562016814e-11
02050002924,020-5000-2924,"one digit, first group",-2.818519766753315e-10,162,-1.4452699804749232e-11
02050002924,020-5000-2924,"one digit, first group",-2.818519766753315e-10,163,2.272573632741345e-09
02050002924,020-5000-2924,"one digit, first group",-2.818519766753315e-10,164,-5.536478069768472e-10
02050002924,020-5000-2924,"one digit, first group",-2.818519766753315e-10,165,1.5894031708085266e-10
02050002924,020-5000-2924,"one digit, first group",-2.818519766753315e-10,166,1.180763682644682e-10
02050002924,020-5000-2924,"one digit, first group",-2.818519766753315e-10,167,2.1447407011397315e-10
02050002924,020-5000-2924,"one digit, first group",-2.818519766753315e-10,168,-3.476451554368597e-11
02050002924,020-5000-2924,"one digit, first group",-2.818519766753315e-10,169,7.941988118845974e-11
02050002924,020-5000-2924,"one digit, first group",-2.818519766753315e-10,170,1.9694176481817722e-10
02050002924,020-5000-2924,"one digit, first group",-2.818519766753315e-10,171,1.7536073932354192e-10
02050002924,020-5000-2924,"one digit, first group",-2.818519766753315e-10,172,6.569221994349125e-13
02050002924,020-5000-2924,"one digit, first group",-2.818519766753315e-10,173,3.894927143940623e-11
02050002924,020-5000-2924,"one digit, first group",-2.818519766753315e-10,174,5.637674606576082e-11
02050002924,020-5000-2924,"one digit, first group",-2.818519766753315e-10,175,-4.919463833196953e-11
02050002924,020-5000-2924,"one digit, first group",-2.818519766753315e-10,176,-8.36129695481745e-12
02050002924,020-5000-2924,"one digit, first group",-2.818519766753315e-10,177,2.7015582835203906e-11
02050002924,020-5000-2924,"one digit, first group",-2.818519766753315e-10,178,4.443064068953187e-11
02050002924,020-5000-2924,"one digit, first group",-2.818519766753315e-10,179,1.4912778153249032e-10
02050002924,020-5000-2924,"one digit, first group",-2.818519766753315e-10,180,-4.775981599859359e-11
02050002924,020-5000-2924,"one digit, first group",-2.818519766753315e-10,181,-3.9921186666348383e-10
02050002924,020-5000-2924,"one digit, first group",-2.818519766753315e-10,182,-3.705693640540439e-10
02050002924,020-5000-2924,"one digit, first group",-2.818519766753315e-10,183,2.448440837424472e-10
02050002924,020-5000-2924,"one digit, first group",-2.818519766753315e-10,184,-6.491627544491788e-11
02050002924,020-5000-2924,"one digit, first group",-2.818519766753315e-10,185,1.4674325731779919e-10
02050002924,020-5000-2924,"one digit, first group",-2.818519766753315e-10,186,2.814815015914485e-11
02050002924,020-5000-2924,"one digit, first group",-2.818519766753315e-10,187,1.276694564188287e-10
02050002924,020-5000-2924,"one digit, first group",-2.818519766753315e-10,188,-3.154342180778693e-11
02050002924,020-5000-2924,"one digit, first group",-2.818519766753315e-10,189,2.377974022776853e-10
02050002924,020-5000-2924,"one digit, first group",-2.818519766753315e-10,190,-1.3562730579553203e-11
02050002924,020-5000-2924,"one digit, first group",-2.818519766753315e-10,191,7.436544612540492e-11
02050002924,020-5000-2924,"one digit, first group",-2.818519766753315e-10,192,7.049729894412633e-11
02050002924,020-5000-2924,"one digit, first group",-2.818519766753315e-10,193,-6.92725630184842e-11
02050002924,020-5000-2924,"one digit, first group",-2.818519766753315e-10,194,7.911549869210756e-12
02050002924,020-5000-2924,"one digit, first group",-2.818519766753315e-10,195,-1.0031096376320646e-10
02050002924,020-5000-2924,"one digit, first group",-2.818519766753315e-10,196,-9.050423749825217e-12
02050002924,020-5000-2924,"one digit, first group",-2.818519766753315e-10,197,1.7661368212921276e-10
02050002924,020-5000-2924,"one digit, first group",-2.818519766753315e-10,198,-2.695928440448456e-10
02050002924,020-5000-2924,"one digit, first group",-2.818519766753315e-10,199,-6.661308731870981e-10
02050002924,020-5000-2924,"one digit, first group",-2.818519766753315e-10,200,5.2072992757868864e-11
02050002924,020-5000-2924,"one digit, first group",-2.818519766753315e-10,201,5.719516545766762e-11
02050002924,020-5000-2924,"one digit, first group",-2.818519766753315e-10,202,-2.1668165194934544e-10
02050002924,020-5000-2924,"one digit, first group",-2.818519766753315e-10,203,-2.1536304957417637e-11
01050102924,010-5010-2924,"one digit, middle group",2.4395059207927927e-10,0,-3.4918507128703634e-11
01050102924,010-5010-2924,"one digit, middle group",2.4395059207927927e-10,1,1.6617598752607643e-10
01050102924,010-5010-2924,"one digit, middle group",2.4395059207927927e-10,2,-3.379102446754482e-10
01050102924,010-5010-2924,"one digit, middle group",2.4395059207927927e-10,3,5.808689626977785e-11
01050102924,010-5010-2924,"one digit, middle group",2.4395059207927927e-10,4,-1.7721772959878194e-10
01050102924,010-5010-2924,"one digit, middle group",2.4395059207927927e-10,5,-1.9826807435102628e-10
01050102924,010-5010-2924,"one digit, middle group",2.4395059207927927e-10,6,8.064801353632337e-11
01050102924,010-5010-2924,"one digit, middle group",2.4395059207927927e-10,7,2.0183522201095866e-10
01050102924,010-5010-2924,"one digit, middle group",2.4395059207927927e-10,8,2.0707858647196304e-10
01050102924,010-5010-2924,"one digit, middle group",2.4395059207927927e-10,9,-1.4462670774282343e-10
01050102924,010-5010-2924,"one digit, middle group",2.4395059207927927e-10,10,3.503222231317351e-11
01050102924,010-5010-2924,"one digit, middle group",2.4395059207927927e-10,11,5.850967786474787e-11
01050102924,010-5010-2924,"one digit, middle group",2.4395059207927927e-10,12,-4.709609454016997e-11
01050102924,010-5010-2924,"one digit, middle group",2.4395059207927927e-10,13,-8.819988966914729e-11
01050102924,010-5010-2924,"one digit, middle group",2.4395059207927927e-10,14,-3.765161423491915e-11
01050102924,010-5010-2924,"one digit, middle group",2.4395059207927927e-10,15,-8.874747447696808e-11
01050102924,010-5010-2924,"one digit, middle group",2.4395059207927927e-10,16,1.0733994995987754e-10
01050102924,010-5010-2924,"one digit, middle group",2.4395059207927927e-10,17,-1.7023906194701292e-10
01050102924,010-5010-2924,"one digit, middle group",2.4395059207927927e-10,18,3.32569608566019e-11
01050102924,010-5010-2924,"one digit, middle group",2.4395059207927927e-10,19,-3.1350806738732245e-11
01050102924,010-5010-2924,"one digit, middle group",2.4395059207927927e-10,20,1.0972816450381086e-10
01050102924,010-5010-2924,"one digit, middle group",2.4395059207927927e-10,21,-1.2121442144051832e-10
01050102924,010-5010-2924,"one digit, middle group",2.4395059207927927e-10,22,-3.7139164382209836e-11
01050102924,010-5010-2924,"one digit, middle group",2.4395059207927927e-10,23,1.5649531439689317e-10
01050102924,010-5010-2924,"one digit, middle group",2.4395059207927927e-10,24,4.3161822818477167e-10
01050102924,010-5010-2924,"one digit, middle group",2.4395059207927927e-10,25,1.527669176783516e-10
01050102924,010-5010-2924,"one digit, middle group",2.4395059207927927e-10,26,4.47316698155621e-10
01050102924,010-5010-2924,"one digit, middle group",2.4395059207927927e-10,27,1.3663882745021531e-11
01050102924,010-5010-2924,"one digit, middle group",2.4395059207927927e-10,28,7.659955734596602e-11
01050102924,010-5010-2924,"one digit, middle group",2.4395059207927927e-10,29,-6.83584327230232e-11
01050102924,010-5010-2924,"one digit, middle group",2.4395059207927927e-10,30,6.543400408375179e-11
01050102924,010-5010-2924,"one digit, middle group",2.4395059207927927e-10,31,1.4795893757857706e-10
01050102924,010-5010-2924,"one digit, middle group",2.4395059207927927e-10,32,-1.4429362934399228e-10
01050102924,010-5010-2924,"one digit, middle group",2.4395059207927927e-10,33,4.0259806732734464e-11
01050102924,010-5010-2924,"one digit, middle group",2.4395059207927927e-10,34,-2.931955943659988e-11
01050102924,010-5010-2924,"one digit, middle group",2.4395059207927927e-10,35,2.1995394834527416e-12
01050102924,010-5010-2924,"one digit, middle group",2.4395059207927927e-10,36,-2.907830140287962e-11
01050102924,010-5010-2924,"one digit, middle group",2.4395059207927927e-10,37,7.407628505386433e-11
01050102924,010-5010-2924,"one digit, middle group",2.4395059207927927e-10,38,-9.957413954925357e-11
01050102924,010-5010-2924,"one digit, middle group",2.4395059207927927e-10,39,1.5041061248824296e-10
01050102924,010-5010-2924,"one digit, middle group",2.4395059207927927e-10,40,2.0479348417873465e-10
01050102924,010-5010-2924,"one digit, middle group",2.4395059207927927e-10,41,1.1284559901661816e-11
01050102924,010-5010-2924,"one digit, middle group",2.4395059207927927e-10,42,-3.602217951217097e-11
01050102924,010-5010-2924,"one digit, middle group",2.4395059207927927e-10,43,1.3870943618983486e-11
01050102924,010-5010-2924,"one digit, middle group",2.4395059207927927e-10,44,-3.8252754916931975e-11
01050102924,010-5010-2924,"one digit, middle group",2.4395059207927927e-10,45,-1.1826147876955952e-10
01050102924,010-5010-2924,"one digit, middle group",2.4395059207927927e-10,46,8.423324869037932e-11
01050102924,010-5010-2924,"one digit, middle group",2.4395059207927927e-10,47,-4.3451108089433975e-12
01050102924,010-5010-2924,"one digit, middle group",2.4395059207927927e-10,48,-2.8633585047198823e-11
01050102924,010-5010-2924,"one digit, middle group",2.4395059207927927e-10,49,1.5999607551303774e-10
01050102924,010-5010-2924,"one digit, middle group",2.4395059207927927e-10,50,-1.7604950387577112e-10
01050102924,010-5010-2924,"one digit, middle group",2.4395059207927927e-10,51,-1.7412767304909264e-11
01050102924,010-5010-2924,"one digit, middle group",2.4395059207927927e-10,52,1.666802174773528e-10
01050102924,010-5010-2924,"one digit, middle group",2.4395059207927927e-10,53,9.44540089210329e-11
01050102924,010-5010-2924,"one digit, middle group",2.4395059207927927e-10,54,6.53686767878737e-11
01050102924,010-5010-2924,"one digit, middle group",2.4395059207927927e-10,55,9.598045278876512e-11
01050102924,010-5010-2924,"one digit, middle group",2.4395059207927927e-10,56,-7.776331417721115e-11
01050102924,010-5010-2924,"one digit, middle group",2.4395059207927927e-10,57,-1.9265317743139676e-11
01050102924,010-5010-2924,"one digit, middle group",2.4395059207927927e-10,58,-5.538331378823705e-11
01050102924,010-5010-2924,"one digit, middle group",2.4395059207927927e-10,59,-9.212764939754219e-11
01050102924,010-5010-2924,"one digit, middle group",2.4395059207927927e-10,60,-7.88302008011847e-11
01050102924,010-5010-2924,"one digit, middle group",2.4395059207927927e-10,61,-1.2576553488176982e-10
01050102924,010-5010-2924,"one digit, middle group",2.4395059207927927e-10,62,4.5226949969800254e-10
01050102924,010-5010-2924,"one digit, middle group",2.4395059207927927e-10,63,-3.3549023363409292e-12
01050102924,010-5010-2924,"one digit, middle group",2.4395059207927927e-10,64,1.2338703508502843e-10
01050102924,010-5010-2924,"one digit, middle group",2.4395059207927927e-10,65,1.907403853928359e-10
01050102924,010-5010-2924,"one digit, middle group",2.4395059207927927e-10,66,-6.20585646228004e-10
01050102924,010-5010-2924,"one digit, middle group",2.4395059207927927e-10,67,1.855177610605385e-10
01050102924,010-5010-2924,"one digit, middle group",2.4395059207927927e-10,68,2.0890885378522894e-11
01050102924,010-5010-2924,"one digit, middle group",2.4395059207927927e-10,69,1.8167741993777413e-11
01050102924,010-5010-2924,"one digit, middle group",2.4395059207927927e-10,70,1.4472969291678622e-11
01050102924,010-5010-2924,"one digit, middle group",2.4395059207927927e-10,71,1.0822627691619191e-10
01050102924,010-5010-2924,"one digit, middle group",2.4395059207927927e-10,72,3.392073145995777e-11
01050102924,010-5010-2924,"one digit, middle group",2.4395059207927927e-10,73,1.855927657815064e-11
01050102924,010-5010-2924,"one digit, middle group",2.4395059207927927e-10,74,-2.2539226349326996e-10
01050102924,010-5010-2924,"one digit, middle group",2.4395059207927927e-10,75,1.8739678651927678e-11
01050102924,010-5010-2924,"one digit, middle group",2.4395059207927927e-10,76,-1.880007910478565e-10
01050102924,010-5010-2924,"one digit, middle group",2.4395059207927927e-10,77,-3.359478528136108e-11
01050102924,010-5010-2924,"one digit, middle group",2.4395059207927927e-10,78,3.3144807629428085e-10
01050102924,010-5010-2924,"one digit, middle group",2.4395059207927927e-10,79,-1.6480790379615688e-10
01050102924,010-5010-2924,"one digit, middle group",2.4395059207927927e-10,80,4.3267166611811424e-11
01050102924,010-5010-2924,"one digit, middle group",2.4395059207927927e-10,81,1.4043119362542714e-10
01050102924,010-5010-2924,"one digit, middle group",2.4395059207927927e-10,82,-6.62648381001555e-10
01050102924,010-5010-2924,"one digit, middle group",2.4395059207927927e-10,83,-3.8642122490605945e-12
01050102924,010-5010-2924,"one digit, middle group",2.4395059207927927e-10,84,6.756145163796579e-11
01050102924,010-5010-2924,"one digit, middle group",2.4395059207927927e-10,85,-1.4505886202544272e-11
01050102924,010-5010-2924,"one digit, middle group",2.4395059207927927e-10,86,-4.817261369330342e-10
01050102924,010-5010-2924,"one digit, middle group",2.4395059207927927e-10,87,-3.021154456746744e-11
01050102924,010-5010-2924,"one digit, middle group",2.4395059207927927e-10,88,7.675600046172305e-11
01050102924,010-5010-2924,"one digit, middle group",2.4395059207927927e-10,89,-2.1639935224785328e-10
01050102924,010-5010-2924,"one digit, middle group",2.4395059207927927e-10,90,7.235749482619747e-11
01050102924,010-5010-2924,"one digit, middle group",2.4395059207927927e-10,91,-2.2281944862058003e-10
01050102924,010-5010-2924,"one digit, middle group",2.4395059207927927e-10,92,-1.4677806017636227e-10
01050102924,010-5010-2924,"one digit, middle group",2.4395059207927927e-10,93,1.258682487621157e-11
01050102924,010-5010-2924,"one digit, middle group",2.4395059207927927e-10,94,4.275207968280319e-11
01050102924,010-5010-2924,"one digit, middle group",2.4395059207927927e-10,95,1.9215544912431828e-10
01050102924,010-5010-2924,"one digit, middle group",2.4395059207927927e-10,96,-2.420752525582961e-10
01050102924,010-5010-2924,"one digit, middle group",2.4395059207927927e-10,97,-1.15898179293678e-10
01050102924,010-5010-2924,"one digit, middle group",2.4395059207927927e-10,98,2.1764745127114471e-10
01050102924,010-5010-2924,"one digit, middle group",2.4395059207927927e-10,99,3.8469814083325696e-11
01050102924,010-5010-2924,"one digit, middle group",2.4395059207927927e-10,100,-1.5361221060784682e-10
01050102924,010-5010-2924,"one digit, middle group",2.4395059207927927e-10,101,-9.583992533207368e-12
01050102924,010-5010-2924,"one digit, middle group",2.4395059207927927e-10,102,-5.4769167951866625e-11
01050102924,010-5010-2924,"one digit, middle group",2.4395059207927927e-10,103,1.0095211885875285e-10
01050102924,010-5010-2924,"one digit, middle group",2.4395059207927927e-10,104,7.035478735644778e-11
01050102924,010-5010-2924,"one digit, middle group",2.4395059207927927e-10,105,-7.893304139297555e-11
01050102924,010-5010-2924,"one digit, middle group",2.4395059207927927e-10,106,4.886594547508846e-11
01050102924,010-5010-2924,"one digit, middle group",2.4395059207927927e-10,107,7.243965773242587e-11
01050102924,010-5010-2924,"one digit, middle group",2.4395059207927927e-10,108,-9.57542283052546e-11
01050102924,010-5010-2924,"one digit, middle group",2.4395059207927927e-10,109,5.7115406141661947e-11
01050102924,010-5010-2924,"one digit, middle group",2.4395059207927927e-10,110,1.7845241470274763e-10
01050102924,010-5010-2924,"one digit, middle group",2.4395059207927927e-10,111,-6.552609119810625e-11
01050102924,010-5010-2924,"one digit, middle group",2.4395059207927927e-10,112,-1.2749601224829628e-10
01050102924,010-5010-2924,"one digit, middle group",2.4395059207927927e-10,113,1.6291128488813725e-11
01050102924,010-5010-2924,"one digit, middle group",2.4395059207927927e-10,114,-1.4971867383918365e-10
01050102924,010-5010-2924,"one digit, middle group",2.4395059207927927e-10,115,6.053314366656085e-12
01050102924,010-5010-2924,"one digit, middle group",2.4395059207927927e-10,116,-3.0491763163100817e-11
01050102924,010-5010-2924,"one digit, middle group",2.4395059207927927e-10,117,1.330242441760623e-10
01050102924,010-5010-2924,"one digit, middle group",2.4395059207927927e-10,118,1.4918141751648194e-10
01050102924,010-5010-2924,"one digit, middle group",2.4395059207927927e-10,119,3.8879615844891625e-11
01050102924,010-5010-2924,"one digit, middle group",2.4395059207927927e-10,120,2.4242115115135965e-11
01050102924,010-5010-2924,"one digit, middle group",2.4395059207927927e-10,121,-9.696824834995854e-11
01050102924,010-5010-2924,"one digit, middle group",2.4395059207927927e-10,122,-2.2551807073233647e-10
01050102924,010-5010-2924,"one digit, middle group",2.4395059207927927e-10,123,6.013343485787126e-11
01050102924,010-5010-2924,"one digit, middle group",2.4395059207927927e-10,124,-3.117406546261405e-10
01050102924,010-5010-2924,"one digit, middle group",2.4395059207927927e-10,125,2.0741138813982479e-10
01050102924,010-5010-2924,"one digit, middle group",2.4395059207927927e-10,126,8.531993716120391e-11
01050102924,010-5010-2924,"one digit, middle group",2.4395059207927927e-10,127,-1.4880216703790778e-10
01050102924,010-5010-2924,"one digit, middle group",2.4395059207927927e-10,128,7.612877219233617e-11
01050102924,010-5010-2924,"one digit, middle group",2.4395059207927927e-10,129,-3.336570326175014e-10
01050102924,010-5010-2924,"one digit, middle group",2.4395059207927927e-10,130,6.81592706138548e-11
01050102924,010-5010-2924,"one digit, middle group",2.4395059207927927e-10,131,1.6898506136745174e-10
01050102924,010-5010-2924,"one digit, middle group",2.4395059207927927e-10,132,-1.0563860666668544e-10
01050102924,010-5010-2924,"one digit, middle group",2.4395059207927927e-10,133,-2.3358898414981575e-10
01050102924,010-5010-2924,"one digit, middle group",2.4395059207927927e-10,134,2.3304670628717224e-11
01050102924,010-5010-2924,"one digit, middle group",2.4395059207927927e-10,135,1.2022567523430617e-10
01050102924,010-5010-2924,"one digit, middle group",2.4395059207927927e-10,136,-4.0347819256246126e-11
01050102924,010-5010-2924,"one digit, middle group",2.4395059207927927e-10,137,-1.0343712671877446e-10
01050102924,010-5010-2924,"one digit, middle group",2.4395059207927927e-10,138,-2.3579609716330357e-10
01050102924,010-5010-2924,"one digit, middle group",2.4395059207927927e-10,139,-6.504428048507556e-11
01050102924,010-5010-2924,"one digit, middle group",2.4395059207927927e-10,140,-2.6035365934516196e-10
01050102924,010-5010-2924,"one digit, middle group",2.4395059207927927e-10,141,2.238147095240181e-11
01050102924,010-5010-2924,"one digit, middle group",2.4395059207927927e-10,142,1.0778376464784936e-09
01050102924,010-5010-2924,"one digit, middle group",2.4395059207927927e-10,143,4.584884147779015e-09
01050102924,010-5010-2924,"one digit, middle group",2.4395059207927927e-10,144,4.0856334487532154e-09
01050102924,010-5010-2924,"one digit, middle group",2.4395059207927927e-10,145,2.633522962659143e-09
01050102924,010-5010-2924,"one digit, middle group",2.4395059207927927e-10,146,-3.5650666329471854e-10
01050102924,010-5010-2924,"one digit, middle group",2.4395059207927927e-10,147,-1.4440922991424354e-09
01050102924,010-5010-2924,"one digit, middle group",2.4395059207927927e-10,148,2.01236047449231e-09
01050102924,010-5010-2924,"one digit, middle group",2.4395059207927927e-10,149,-2.058735455576986e-09
01050102924,010-5010-2924,"one digit, middle group",2.4395059207927927e-10,150,1.68522737834707e-10
01050102924,010-5010-2924,"one digit, middle group",2.4395059207927927e-10,151,7.21207872304694e-12
01050102924,010-5010-2924,"one digit, middle group",2.4395059207927927e-10,152,2.6955591664358585e-10
01050102924,010-5010-2924,"one digit, middle group",2.4395059207927927e-10,153,-2.5725624125541367e-10
01050102924,010-5010-2924,"one digit, middle group",2.4395059207927927e-10,154,3.15504495946542e-11
01050102924,010-5010-2924,"one digit, middle group",2.4395059207927927e-10,155,1.3664603027491413e-10
01050102924,010-5010-2924,"one digit, middle group",2.4395059207927927e-10,156,-2.8454611842599228e-09
01050102924,010-5010-2924,"one digit, middle group",2.4395059207927927e-10,157,1.0249227720285442e-10
01050102924,010-5010-2924,"one digit, middle group",2.4395059207927927e-10,158,-2.548526250843773e-11
01050102924,010-5010-2924,"one digit, middle group",2.4395059207927927e-10,159,6.031928286180207e-11
01050102924,010-5010-2924,"one digit, middle group",2.4395059207927927e-10,160,-1.451606701864235e-09
01050102924,010-5010-2924,"one digit, middle group",2.4395059207927927e-10,161,3.895918722718873e-11
01050102924,010-5010-2924,"one digit, middle group",2.4395059207927927e-10,162,-1.2551581265139187e-11
01050102924,010-5010-2924,"one digit, middle group",2.4395059207927927e-10,163,-1.0447275111153646e-09
01050102924,010-5010-2924,"one digit, middle group",2.4395059207927927e-10,164,2.099620750414771e-09
01050102924,010-5010-2924,"one digit, middle group",2.4395059207927927e-10,165,-2.795722522267793e-11
01050102924,010-5010-2924,"one digit, middle group",2.4395059207927927e-10,166,-1.33975714229388e-10
01050102924,010-5010-2924,"one digit, middle group",2.4395059207927927e-10,167,-8.394957372085103e-11
01050102924,010-5010-2924,"one digit, middle group",2.4395059207927927e-10,168,4.047963353157153e-11
01050102924,010-5010-2924,"one digit, middle group",2.4395059207927927e-10,169,1.2153056178504646e-10
01050102924,010-5010-2924,"one digit, middle group",2.4395059207927927e-10,170,-4.5410549927740574e-11
01050102924,010-5010-2924,"one digit, middle group",2.4395059207927927e-10,171,9.063112854114008e-11
01050102924,010-5010-2924,"one digit, middle group",2.4395059207927927e-10,172,6.740716944874792e-11
01050102924,010-5010-2924,"one digit, middle group",2.4395059207927927e-10,173,9.08028549054429e-11
01050102924,010-5010-2924,"one digit, middle group",2.4395059207927927e-10,174,1.7295858092378737e-10
01050102924,010-5010-2924,"one digit, middle group",2.4395059207927927e-10,175,-2.606248788566568e-10
01050102924,010-5010-2924,"one digit, middle group",2.4395059207927927e-10,176,1.0131247834075995e-10
01050102924,010-5010-2924,"one digit, middle group",2.4395059207927927e-10,177,1.986494038201251e-11
01050102924,010-5010-2924,"one digit, middle group",2.4395059207927927e-10,178,4.776880095482223e-11
01050102924,010-5010-2924,"one digit, middle group",2.4395059207927927e-10,179,-6.426595498764522e-11
01050102924,010-5010-2924,"one digit, middle group",2.4395059207927927e-10,180,-3.15932698032096e-11
01050102924,010-5010-2924,"one digit, middle group",2.4395059207927927e-10,181,8.766938534724452e-11
01050102924,010-5010-2924,"one digit, middle group",2.4395059207927927e-10,182,6.924105827573062e-11
01050102924,010-5010-2924,"one digit, middle group",2.4395059207927927e-10,183,-9.034624346189546e-11
01050102924,010-5010-2924,"one digit, middle group",2.4395059207927927e-10,184,-3.0005650988885974e-11
01050102924,010-5010-2924,"one digit, middle group",2.4395059207927927e-10,185,4.7693944946320025e-11
01050102924,010-5010-2924,"one digit, middle group",2.4395059207927927e-10,186,2.618823080308766e-10
01050102924,010-5010-2924,"one digit, middle group",2.4395059207927927e-10,187,2.6816460960785235e-11
01050102924,010-5010-2924,"one digit, middle group",2.4395059207927927e-10,188,-3.9650621548989513e-11
01050102924,010-5010-2924,"one digit, middle group",2.4395059207927927e-10,189,1.7357048252804267e-10
01050102924,010-5010-2924,"one digit, middle group",2.4395059207927927e-10,190,-8.160958039150697e-11
01050102924,010-5010-2924,"one digit, middle group",2.4395059207927927e-10,191,-1.8583572056103818e-11
01050102924,010-5010-2924,"one digit, middle group",2.4395059207927927e-10,192,-7.929763358587032e-12
01050102924,010-5010-2924,"one digit, middle group",2.4395059207927927e-10,193,1.8120613875254123e-10
01050102924,010-5010-2924,"one digit, middle group",2.4395059207927927e-10,194,1.0087031134551004e-11
01050102924,010-5010-2924,"one digit, middle group",2.4395059207927927e-10,195,-1.1292554248188026e-10
01050102924,010-5010-2924,"one digit, middle group",2.4395059207927927e-10,196,-1.16689030383316e-10
01050102924,010-5010-2924,"one digit, middle group",2.4395059207927927e-10,197,1.684450132545951e-10
01050102924,010-5010-2924,"one digit, middle group",2.4395059207927927e-10,198,1.8490087766845945e-10
01050102924,010-5010-2924,"one digit, middle group",2.4395059207927927e-10,199,-3.2934229334358e-10
01050102924,010-5010-2924,"one digit, middle group",2.4395059207927927e-10,200,5.2646278376362316e-11
01050102924,010-5010-2924,"one digit, middle group",2.4395059207927927e-10,201,2.3727985376811373e-12
01050102924,010-5010-2924,"one digit, middle group",2.4395059207927927e-10,202,-1.6070536671592315e-10
01050102924,010-5010-2924,"one digit, middle group",2.4395059207927927e-10,203,1.3847591294905651e-11
01011112222,010-1111-2222,not in the log,-1.566595460110658e-10,0,1.5983922410842298e-11
01011112222,010-1111-2222,not in the log,-1.566595460110658e-10,1,-8.279160286788445e-12
01011112222,010-1111-2222,not in the log,-1.566595460110658e-10,2,1.497940387516845e-10
01011112222,010-1111-2222,not in the log,-1.566595460110658e-10,3,3.522039396385408e-11
01011112222,010-1111-2222,not in the log,-1.566595460110658e-10,4,-4.1879282980731003e-10
01011112222,010-1111-2222,not in the log,-1.566595460110658e-10,5,-8.631775544551186e-12
01011112222,010-1111-2222,not in the log,-1.566595460110658e-10,6,-2.1089047496992067e-10
01011112222,010-1111-2222,not in the log,-1.566595460110658e-10,7,-7.554575692796022e-11
01011112222,010-1111-2222,not in the log,-1.566595460110658e-10,8,-1.5814474594272606e-10
01011112222,010-1111-2222,not in the log,-1.566595460110658e-10,9,1.1179068306748364e-10
01011112222,010-1111-2222,not in the log,-1.566595460110658e-10,10,5.851520955203037e-11
01011112222,010-1111-2222,not in the log,-1.566595460110658e-10,11,-1.5499858055572745e-10
01011112222,010-1111-2222,not in the log,-1.566595460110658e-10,12,-2.5682388069966774e-10
01011112222,010-1111-2222,not in the log,-1.566595460110658e-10,13,-3.061045180022731e-11
01011112222,010-1111-2222,not in the log,-1.566595460110658e-10,14,8.720445135922746e-12
01011112222,010-1111-2222,not in the log,-1.566595460110658e-10,15,-6.000604123986825e-11
01011112222,010-1111-2222,not in the log,-1.566595460110658e-10,16,-2.6726820343430025e-10
01011112222,010-1111-2222,not in the log,-1.566595460110658e-10,17,-4.5986881379919233e-10
01011112222,010-1111-2222,not in the log,-1.566595460110658e-10,18,-5.971865789899643e-11
01011112222,010-1111-2222,not in the log,-1.566595460110658e-10,19,-5.973636736698476e-11
01011112222,010-1111-2222,not in the log,-1.566595460110658e-10,20,7.497917279780297e-12
01011112222,010-1111-2222,not in the log,-1.566595460110658e-10,21,-9.186373553364316e-13
01011112222,010-1111-2222,not in the log,-1.566595460110658e-10,22,-1.457663574871209e-10
01011112222,010-1111-2222,not in the log,-1.566595460110658e-10,23,2.389353249608144e-11
01011112222,010-1111-2222,not in the log,-1.566595460110658e-10,24,-2.467487507916273e-10
01011112222,010-1111-2222,not in the log,-1.566595460110658e-10,25,-1.2064506653729917e-10
01011112222,010-1111-2222,not in the log,-1.566595460110658e-10,26,3.0637099651745263e-10
01011112222,010-1111-2222,not in the log,-1.566595460110658e-10,27,-8.987105998534694e-11
01011112222,010-1111-2222,not in the log,-1.566595460110658e-10,28,-2.9887075165690403e-10
01011112222,010-1111-2222,not in the log,-1.566595460110658e-10,29,8.37701406991038e-12
01011112222,010-1111-2222,not in the log,-1.566595460110658e-10,30,-5.28505220736217e-10
01011112222,010-1111-2222,not in the log,-1.566595460110658e-10,31,1.3637317825096536e-10
01011112222,010-1111-2222,not in the log,-1.566595460110658e-10,32,7.71758840434805e-11
01011112222,010-1111-2222,not in the log,-1.566595460110658e-10,33,6.434911409325564e-10
01011112222,010-1111-2222,not in the log,-1.566595460110658e-10,34,-2.5443467582781812e-11
01011112222,010-1111-2222,not in the log,-1.566595460110658e-10,35,-6.36131121582916e-13
01011112222,010-1111-2222,not in the log,-1.566595460110658e-10,36,-2.096288305671034e-11
01011112222,010-1111-2222,not in the log,-1.566595460110658e-10,37,-1.1582709503019123e-10
01011112222,010-1111-2222,not in the log,-1.566595460110658e-10,38,-2.1810483837262213e-11
01011112222,010-1111-2222,not in the log,-1.566595460110658e-10,39,-2.842582329805749e-10
01011112222,010-1111-2222,not in the log,-1.566595460110658e-10,40,-1.3243282403289522e-11
01011112222,010-1111-2222,not in the log,-1.566595460110658e-10,41,-6.53931912655344e-11
01011112222,010-1111-2222,not in the log,-1.566595460110658e-10,42,-1.1557167012590599e-10
01011112222,010-1111-2222,not in the log,-1.566595460110658e-10,43,5.230744446075522e-12
01011112222,010-1111-2222,not in the log,-1.566595460110658e-10,44,3.579726893017183e-11
01011112222,010-1111-2222,not in the log,-1.566595460110658e-10,45,-1.2755612438058446e-10
01011112222,010-1111-2222,not in the log,-1.566595460110658e-10,46,1.256484882312966e-10
01011112222,010-1111-2222,not in the log,-1.566595460110658e-10,47,-1.090459635181076e-10
01011112222,010-1111-2222,not in the log,-1.566595460110658e-10,48,6.733942702902218e-11
01011112222,010-1111-2222,not in the log,-1.566595460110658e-10,49,-5.673862930947947e-11
01011112222,010-1111-2222,not in the log,-1.566595460110658e-10,50,-5.7604111113677624e-11
01011112222,010-1111-2222,not in the log,-1.566595460110658e-10,51,1.5157034516524723e-11
01011112222,010-1111-2222,not in the log,-1.566595460110658e-10,52,5.071502549583094e-11
01011112222,010-1111-2222,not in the log,-1.566595460110658e-10,53,1.3478926270613063e-11
01011112222,010-1111-2222,not in the log,-1.566595460110658e-10,54,-5.5100806980152567e-11
01011112222,010-1111-2222,not in the log,-1.566595460110658e-10,55,3.4576710210144394e-11
01011112222,010-1111-2222,not in the log,-1.566595460110658e-10,56,-7.058783569690389e-11
01011112222,010-1111-2222,not in the log,-1.566595460110658e-10,57,-1.785694764206342e-11
01011112222,010-1111-2222,not in the log,-1.566595460110658e-10,58,7.436290061531187e-11
01011112222,010-1111-2222,not in the log,-1.566595460110658e-10,59,-1.2025743880813676e-10
01011112222,010-1111-2222,not in the log,-1.566595460110658e-10,60,7.354241137367313e-11
01011112222,010-1111-2222,not in the log,-1.566595460110658e-10,61,-3.1905392573956987e-11
01011112222,010-1111-2222,not in the log,-1.566595460110658e-10,62,2.09309831987888e-10
01011112222,010-1111-2222,not in the log,-1.566595460110658e-10,63,1.4789282557483158e-10
01011112222,010-1111-2222,not in the log,-1.566595460110658e-10,64,-7.443229499488687e-11
01011112222,010-1111-2222,not in the log,-1.566595460110658e-10,65,5.5430966354841184e-11
01011112222,010-1111-2222,not in the log,-1.566595460110658e-10,66,-4.1026234566806197e-10
01011112222,010-1111-2222,not in the log,-1.566595460110658e-10,67,-4.63222740495299e-12
01011112222,010-1111-2222,not in the log,-1.566595460110658e-10,68,-1.4092865893846358e-10
01011112222,010-1111-2222,not in the log,-1.566595460110658e-10,69,-6.271064279173474e-11
01011112222,010-1111-2222,not in the log,-1.566595460110658e-10,70,-6.540255430325664e-11
01011112222,010-1111-2222,not in the log,-1.566595460110658e-10,71,1.251277237299782e-10
01011112222,010-1111-2222,not in the log,-1.566595460110658e-10,72,3.014960634876104e-11
01011112222,010-1111-2222,not in the log,-1.566595460110658e-10,73,-9.51716819886753e-11
01011112222,010-1111-2222,not in the log,-1.566595460110658e-10,74,6.431434797492674e-11
01011112222,010-1111-2222,not in the log,-1.566595460110658e-10,75,1.5123863723906134e-10
01011112222,010-1111-2222,not in the log,-1.566595460110658e-10,76,-9.053189302180236e-11
01011112222,010-1111-2222,not in the log,-1.566595460110658e-10,77,8.736134405755839e-11
01011112222,010-1111-2222,not in the log,-1.566595460110658e-10,78,-2.3299368833915746e-11
01011112222,010-1111-2222,not in the log,-1.566595460110658e-10,79,-7.425609911831653e-11
01011112222,010-1111-2222,not in the log,-1.566595460110658e-10,80,4.3432157441610613e-11
01011112222,010-1111-2222,not in the log,-1.566595460110658e-10,81,7.451654672300737e-11
01011112222,010-1111-2222,not in the log,-1.566595460110658e-10,82,2.56686096531862e-10
01011112222,010-1111-2222,not in the log,-1.566595460110658e-10,83,-6.829400699182187e-12
01011112222,010-1111-2222,not in the log,-1.566595460110658e-10,84,1.01613654852292e-10
01011112222,010-1111-2222,not in the log,-1.566595460110658e-10,85,1.1974783200170742e-11
01011112222,010-1111-2222,not in the log,-1.566595460110658e-10,86,1.2509524712459254e-10
01011112222,010-1111-2222,not in the log,-1.566595460110658e-10,87,-1.3532886497138942e-10
01011112222,010-1111-2222,not in the log,-1.566595460110658e-10,88,1.1223519128757058e-10
01011112222,010-1111-2222,not in the log,-1.566595460110658e-10,89,1.2743545831984148e-10
01011112222,010-1111-2222,not in the log,-1.566595460110658e-10,90,-1.7562748804806342e-10
01011112222,010-1111-2222,not in the log,-1.566595460110658e-10,91,1.8969600164913863e-11
01011112222,010-1111-2222,not in the log,-1.566595460110658e-10,92,5.858150585513388e-10
01011112222,010-1111-2222,not in the log,-1.566595460110658e-10,93,1.9130469633725604e-11
01011112222,010-1111-2222,not in the log,-1.566595460110658e-10,94,2.354753739246649e-11
01011112222,010-1111-2222,not in the log,-1.566595460110658e-10,95,-4.282880184350649e-11
01011112222,010-1111-2222,not in the log,-1.566595460110658e-10,96,-2.2856777922013603e-10
01011112222,010-1111-2222,not in the log,-1.566595460110658e-10,97,-3.14798693899321e-10
01011112222,010-1111-2222,not in the log,-1.566595460110658e-10,98,-1.1616917963160497e-10
01011112222,010-1111-2222,not in the log,-1.566595460110658e-10,99,-3.872721513086842e-11
01011112222,010-1111-2222,not in the log,-1.566595460110658e-10,100,-1.1866364102166925e-10
01011112222,010-1111-2222,not in the log,-1.566595460110658e-10,101,2.6449487930195273e-10
01011112222,010-1111-2222,not in the log,-1.566595460110658e-10,102,4.400502062146682e-11
01011112222,010-1111-2222,not in the log,-1.566595460110658e-10,103,3.2934977271552907e-10
01011112222,010-1111-2222,not in the log,-1.566595460110658e-10,104,-9.850158583938323e-11
01011112222,010-1111-2222,not in the log,-1.566595460110658e-10,105,-1.2901445759241014e-10
01011112222,010-1111-2222,not in the log,-1.566595460110658e-10,106,6.357685647516586e-11
01011112222,010-1111-2222,not in the log,-1.566595460110658e-10,107,1.0497405652726742e-11
01011112222,010-1111-2222,not in the log,-1.566595460110658e-10,108,-1.6201507803142316e-10
01011112222,010-1111-2222,not in the log,-1.566595460110658e-10,109,-1.3858367303366088e-11
01011112222,010-1111-2222,not in the log,-1.566595460110658e-10,110,2.0842911964459315e-10
01011112222,010-1111-2222,not in the log,-1.566595460110658e-10,111,-3.3790563107916105e-11
01011112222,010-1111-2222,not in the log,-1.566595460110658e-10,112,-1.0719694843393143e-10
01011112222,010-1111-2222,not in the log,-1.566595460110658e-10,113,-4.521443902211995e-13
01011112222,010-1111-2222,not in the log,-1.566595460110658e-10,114,-1.6051696251547807e-10
01011112222,010-1111-2222,not in the log,-1.566595460110658e-10,115,4.9410260212871165e-11
01011112222,010-1111-2222,not in the log,-1.566595460110658e-10,116,-1.2891795042477769e-11
01011112222,010-1111-2222,not in the log,-1.566595460110658e-10,117,7.457534508482774e-11
01011112222,010-1111-2222,not in the log,-1.566595460110658e-10,118,-4.837736696834873e-10
01011112222,010-1111-2222,not in the log,-1.566595460110658e-10,119,2.1760226504582155e-10
01011112222,010-1111-2222,not in the log,-1.566595460110658e-10,120,-1.3878675866517548e-11
01011112222,010-1111-2222,not in the log,-1.566595460110658e-10,121,6.16298470623776e-11
01011112222,010-1111-2222,not in the log,-1.566595460110658e-10,122,-1.8625401996320039e-10
01011112222,010-1111-2222,not in the log,-1.566595460110658e-10,123,-7.065167771344527e-12
01011112222,010-1111-2222,not in the log,-1.566595460110658e-10,124,4.856976753812315e-11
01011112222,010-1111-2222,not in the log,-1.566595460110658e-10,125,-3.474667358120799e-10
01011112222,010-1111-2222,not in the log,-1.566595460110658e-10,126,2.6538048435384044e-11
01011112222,010-1111-2222,not in the log,-1.566595460110658e-10,127,6.589592461839791e-11
01011112222,010-1111-2222,not in the log,-1.566595460110658e-10,128,2.074222963139717e-11
01011112222,010-1111-2222,not in the log,-1.566595460110658e-10,129,-5.522614956290141e-11
01011112222,010-1111-2222,not in the log,-1.566595460110658e-10,130,-1.0170739883370857e-10
01011112222,010-1111-2222,not in the log,-1.566595460110658e-10,131,4.472880177869106e-11
01011112222,010-1111-2222,not in the log,-1.566595460110658e-10,132,3.4410864549788556e-11
01011112222,010-1111-2222,not in the log,-1.566595460110658e-10,133,-5.992925219201136e-11
01011112222,010-1111-2222,not in the log,-1.566595460110658e-10,134,-2.1036357707289697e-12
01011112222,010-1111-2222,not in the log,-1.566595460110658e-10,135,7.31976610530106e-11
01011112222,010-1111-2222,not in the log,-1.566595460110658e-10,136,-2.8014941023905308e-11
01011112222,010-1111-2222,not in the log,-1.566595460110658e-10,137,1.5897752156867045e-10
01011112222,010-1111-2222,not in the log,-1.566595460110658e-10,138,3.206319216035895e-10
01011112222,010-1111-2222,not in the log,-1.566595460110658e-10,139,5.775262601029686e-11
01011112222,010-1111-2222,not in the log,-1.566595460110658e-10,140,6.176590572765801e-11
01011112222,010-1111-2222,not in the log,-1.566595460110658e-10,141,-6.817916125715086e-11
01011112222,010-1111-2222,not in the log,-1.566595460110658e-10,142,-1.747537115918631e-10
01011112222,010-1111-2222,not in the log,-1.566595460110658e-10,143,-6.541662999361644e-12
01011112222,010-1111-2222,not in the log,-1.566595460110658e-10,144,2.693955839733021e-10
01011112222,010-1111-2222,not in the log,-1.566595460110658e-10,145,-1.2714544611872186e-10
01011112222,010-1111-2222,not in the log,-1.566595460110658e-10,146,-1.1231132986280455e-10
01011112222,010-1111-2222,not in the log,-1.566595460110658e-10,147,-1.350367718893202e-10
01011112222,010-1111-2222,not in the log,-1.566595460110658e-10,148,-1.1886347871224647e-11
01011112222,010-1111-2222,not in the log,-1.566595460110658e-10,149,3.8690632994593555e-11
01011112222,010-1111-2222,not in the log,-1.566595460110658e-10,150,1.5619154122645288e-10
01011112222,010-1111-2222,not in the log,-1.566595460110658e-10,151,-8.549314143366043e-12
01011112222,010-1111-2222,not in the log,-1.566595460110658e-10,152,-1.0315486204494217e-10
01011112222,010-1111-2222,not in the log,-1.566595460110658e-10,153,-2.002275272196973e-10
01011112222,010-1111-2222,not in the log,-1.566595460110658e-10,154,2.7195928812316114e-11
01011112222,010-1111-2222,not in the log,-1.566595460110658e-10,155,4.854098970691396e-11
01011112222,010-1111-2222,not in the log,-1.566595460110658e-10,156,-5.460621033903924e-11
01011112222,010-1111-2222,not in the log,-1.566595460110658e-10,157,2.7964319204260967e-11
01011112222,010-1111-2222,not in the log,-1.566595460110658e-10,158,-9.69632400012714e-11
01011112222,010-1111-2222,not in the log,-1.566595460110658e-10,159,-3.9220270135034064e-11
01011112222,010-1111-2222,not in the log,-1.566595460110658e-10,160,3.496380688780145e-10
01011112222,010-1111-2222,not in the log,-1.566595460110658e-10,161,-1.0929789393014456e-10
01011112222,010-1111-2222,not in the log,-1.566595460110658e-10,162,6.079751285540293e-11
01011112222,010-1111-2222,not in the log,-1.566595460110658e-10,163,-5.402280080222302e-12
01011112222,010-1111-2222,not in the log,-1.566595460110658e-10,164,-1.7396894226783518e-10
01011112222,010-1111-2222,not in the log,-1.566595460110658e-10,165,-5.149470860393635e-11
01011112222,010-1111-2222,not in the log,-1.566595460110658e-10,166,-5.3646761566746184e-11
01011112222,010-1111-2222,not in the log,-1.566595460110658e-10,167,1.890157313171764e-10
01011112222,010-1111-2222,not in the log,-1.566595460110658e-10,168,4.1733411752576733e-10
01011112222,010-1111-2222,not in the log,-1.566595460110658e-10,169,-4.15410661636908e-10
01011112222,010-1111-2222,not in the log,-1.566595460110658e-10,170,1.1790758898969874e-10
01011112222,010-1111-2222,not in the log,-1.566595460110658e-10,171,7.520344231181986e-11
01011112222,010-1111-2222,not in the log,-1.566595460110658e-10,172,-5.606432804945734e-11
01011112222,010-1111-2222,not in the log,-1.566595460110658e-10,173,-5.183137770217101e-11
01011112222,010-1111-2222,not in the log,-1.566595460110658e-10,174,-7.981832299525766e-12
01011112222,010-1111-2222,not in the log,-1.566595460110658e-10,175,1.2723155977819183e-10
01011112222,010-1111-2222,not in the log,-1.566595460110658e-10,176,9.766721489082846e-11
01011112222,010-1111-2222,not in the log,-1.566595460110658e-10,177,-1.4011193930917153e-10
01011112222,010-1111-2222,not in the log,-1.566595460110658e-10,178,-1.2383457178919695e-11
01011112222,010-1111-2222,not in the log,-1.566595460110658e-10,179,-1.609202735767115e-10
01011112222,010-1111-2222,not in the log,-1.566595460110658e-10,180,-5.560345193305349e-11
01011112222,010-1111-2222,not in the log,-1.566595460110658e-10,181,-1.4982995664402932e-10
01011112222,010-1111-2222,not in the log,-1.566595460110658e-10,182,-3.941578768909402e-10
01011112222,010-1111-2222,not in the log,-1.566595460110658e-10,183,-1.3827093421633003e-10
01011112222,010-1111-2222,not in the log,-1.566595460110658e-10,184,4.035524919483591e-11
01011112222,010-1111-2222,not in the log,-1.566595460110658e-10,185,-4.137089570668608e-11
01011112222,010-1111-2222,not in the log,-1.566595460110658e-10,186,1.1559873026982779e-10
01011112222,010-1111-2222,not in the log,-1.566595460110658e-10,187,7.70403633327147e-13
01011112222,010-1111-2222,not in the log,-1.566595460110658e-10,188,8.140529699484648e-11
01011112222,010-1111-2222,not in the log,-1.566595460110658e-10,189,7.390311174730378e-11
01011112222,010-1111-2222,not in the log,-1.566595460110658e-10,190,-2.8938415383160624e-10
01011112222,010-1111-2222,not in the log,-1.566595460110658e-10,191,-4.825564187408349e-11
01011112222,010-1111-2222,not in the log,-1.566595460110658e-10,192,2.4576026014095966e-11
01011112222,010-1111-2222,not in the log,-1.566595460110658e-10,193,9.027123103219717e-11
01011112222,010-1111-2222,not in the log,-1.566595460110658e-10,194,-3.853251089561144e-11
01011112222,010-1111-2222,not in the log,-1.566595460110658e-10,195,-1.3710849566435789e-10
01011112222,010-1111-2222,not in the log,-1.566595460110658e-10,196,2.8885531501091903e-11
01011112222,010-1111-2222,not in the log,-1.566595460110658e-10,197,-3.4583447745173455e-10
01011112222,010-1111-2222,not in the log,-1.566595460110658e-10,198,7.282391198229453e-11
01011112222,010-1111-2222,not in the log,-1.566595460110658e-10,199,4.4723918920327076e-10
01011112222,010-1111-2222,not in the log,-1.566595460110658e-10,200,-3.892590242538004e-11
01011112222,010-1111-2222,not in the log,-1.566595460110658e-10,201,3.3027979552604565e-11
01011112222,010-1111-2222,not in the log,-1.566595460110658e-10,202,2.9651329312184613e-10
01011112222,010-1111-2222,not in the log,-1.566595460110658e-10,203,-5.076572894534504e-11
