target,grouped,description,exist_value,slot,decrypted
01050002924,010-5000-2924,original,1.000000000370513,0,-7.52864831162614e-11
01050002924,010-5000-2924,original,1.000000000370513,1,7.71766642351033e-11
01050002924,010-5000-2924,original,1.000000000370513,2,1.2425196506431787e-10
01050002924,010-5000-2924,original,1.000000000370513,3,2.3699754263306937e-11
01050002924,010-5000-2924,original,1.000000000370513,4,-7.45132234859255e-11
01050002924,010-5000-2924,original,1.000000000370513,5,-1.1433341236687902e-10
01050002924,010-5000-2924,original,1.000000000370513,6,7.159863469900951e-11
01050002924,010-5000-2924,original,1.000000000370513,7,2.1750807252223684e-10
01050002924,010-5000-2924,original,1.000000000370513,8,1.0737303785801893e-10
01050002924,010-5000-2924,original,1.000000000370513,9,6.616490544706937e-11
01050002924,010-5000-2924,original,1.000000000370513,10,1.5361695424837528e-11
01050002924,010-5000-2924,original,1.000000000370513,11,1.4669148481460554e-10
01050002924,010-5000-2924,original,1.000000000370513,12,1.5388271806687465e-10
01050002924,010-5000-2924,original,1.000000000370513,13,-2.4322416994527485e-10
01050002924,010-5000-2924,original,1.000000000370513,14,2.733148491571444e-11
01050002924,010-5000-2924,original,1.000000000370513,15,-8.474223959986191e-12
01050002924,010-5000-2924,original,1.000000000370513,16,-2.2902242823033015e-10
01050002924,010-5000-2924,original,1.000000000370513,17,-3.394367762900401e-11
01050002924,010-5000-2924,original,1.000000000370513,18,-1.945574902342807e-10
01050002924,010-5000-2924,original,1.000000000370513,19,5.336050631852759e-11
01050002924,010-5000-2924,original,1.000000000370513,20,-2.7160337459021e-12
01050002924,010-5000-2924,original,1.000000000370513,21,-1.1970826776314299e-10
01050002924,010-5000-2924,original,1.000000000370513,22,2.1835267342567843e-10
01050002924,010-5000-2924,original,1.000000000370513,23,7.196961743741775e-12
01050002924,010-5000-2924,original,1.000000000370513,24,1.888589955484191e-10
01050002924,010-5000-2924,original,1.000000000370513,25,2.6841640769868607e-11
01050002924,010-5000-2924,original,1.000000000370513,26,8.987026338777793e-11
01050002924,010-5000-2924,original,1.000000000370513,27,1.2365983046881727e-11
01050002924,010-5000-2924,original,1.000000000370513,28,-2.0068957683997453e-10
01050002924,010-5000-2924,original,1.000000000370513,29,9.90356942385939e-11
01050002924,010-5000-2924,original,1.000000000370513,30,1.7270226079786763e-10
01050002924,010-5000-2924,original,1.000000000370513,31,-2.3176432247834323e-11
01050002924,010-5000-2924,original,1.000000000370513,32,2.2248989134773504e-10
01050002924,010-5000-2924,original,1.000000000370513,33,8.043549203765881e-12
01050002924,010-5000-2924,original,1.000000000370513,34,6.525357911675884e-11
01050002924,010-5000-2924,original,1.000000000370513,35,4.560532147568995e-11
01050002924,010-5000-2924,original,1.000000000370513,36,9.282777568678573e-11
01050002924,010-5000-2924,original,1.000000000370513,37,-1.306138836388152e-10
01050002924,010-5000-2924,original,1.000000000370513,38,3.686679677333584e-11
01050002924,010-5000-2924,original,1.000000000370513,39,-1.2799417310899665e-10
01050002924,010-5000-2924,original,1.000000000370513,40,4.3770847511769897e-10
01050002924,010-5000-2924,original,1.000000000370513,41,3.2264363138782934e-11
01050002924,010-5000-2924,original,1.000000000370513,42,-3.359846242570594e-11
01050002924,010-5000-2924,original,1.000000000370513,43,5.64519197765616e-11
01050002924,010-5000-2924,original,1.000000000370513,44,2.586042294038753e-11
01050002924,010-5000-2924,original,1.000000000370513,45,4.3609127429315726e-11
01050002924,010-5000-2924,original,1.000000000370513,46,-7.365566383023779e-11
01050002924,010-5000-2924,original,1.000000000370513,47,-4.063696401934009e-10
01050002924,010-5000-2924,original,1.000000000370513,48,1.169458059309481e-10
01050002924,010-5000-2924,original,1.000000000370513,49,1.1508803869812157e-10
01050002924,010-5000-2924,original,1.000000000370513,50,-4.41856452293411e-11
01050002924,010-5000-2924,original,1.000000000370513,51,7.976384097283598e-12
01050002924,010-5000-2924,original,1.000000000370513,52,1.9781483253563875e-10
01050002924,010-5000-2924,original,1.000000000370513,53,-3.871331208517717e-11
01050002924,010-5000-2924,original,1.000000000370513,54,6.677798070347177e-11
01050002924,010-5000-2924,original,1.000000000370513,55,-4.873333338435686e-11
01050002924,010-5000-2924,original,1.000000000370513,56,-1.8598795415195224e-10
01050002924,010-5000-2924,original,1.000000000370513,57,5.643831559985753e-12
01050002924,010-5000-2924,original,1.000000000370513,58,3.053870749661603e-11
01050002924,010-5000-2924,original,1.000000000370513,59,1.3896230012797775e-10
01050002924,010-5000-2924,original,1.000000000370513,60,-3.441038957363869e-10
01050002924,010-5000-2924,original,1.000000000370513,61,-7.660371195177224e-11
01050002924,010-5000-2924,original,1.000000000370513,62,-1.854322472106559e-10
01050002924,010-5000-2924,original,1.000000000370513,63,7.802709257001757e-11
01050002924,010-5000-2924,original,1.000000000370513,64,3.6129182848821166e-10
01050002924,010-5000-2924,original,1.000000000370513,65,-7.425288882053161e-11
01050002924,010-5000-2924,original,1.000000000370513,66,1.4834202056630184e-10
01050002924,010-5000-2924,original,1.000000000370513,67,-3.1785834685378126e-12
01050002924,010-5000-2924,original,1.000000000370513,68,2.5273540157579766e-10
01050002924,010-5000-2924,original,1.000000000370513,69,-4.768157410504879e-11
01050002924,010-5000-2924,original,1.000000000370513,70,2.8834166241027758e-11
01050002924,010-5000-2924,original,1.000000000370513,71,-4.298532270914384e-11
01050002924,010-5000-2924,original,1.000000000370513,72,3.0151391059557084e-11
01050002924,010-5000-2924,original,1.000000000370513,73,-7.556662482842407e-11
01050002924,010-5000-2924,original,1.000000000370513,74,2.728967017171882e-10
01050002924,010-5000-2924,original,1.000000000370513,75,7.222347159341346e-12
01050002924,010-5000-2924,original,1.000000000370513,76,2.3675294446939334e-11
01050002924,010-5000-2924,original,1.000000000370513,77,6.043037272886205e-11
01050002924,010-5000-2924,original,1.000000000370513,78,3.7004824250760495e-10
01050002924,010-5000-2924,original,1.000000000370513,79,1.9469390193043702e-10
01050002924,010-5000-2924,original,1.000000000370513,80,-4.0684697462222425e-11
01050002924,010-5000-2924,original,1.000000000370513,81,1.0757840411509147e-10
01050002924,010-5000-2924,original,1.000000000370513,82,4.041333861925643e-10
01050002924,010-5000-2924,original,1.000000000370513,83,-3.765460652617356e-11
01050002924,010-5000-2924,original,1.000000000370513,84,3.238642094453278e-11
01050002924,010-5000-2924,original,1.000000000370513,85,-1.6126366926729834e-11
01050002924,010-5000-2924,original,1.000000000370513,86,6.338255815807774e-11
01050002924,010-5000-2924,original,1.000000000370513,87,-5.862010505689577e-11
01050002924,010-5000-2924,original,1.000000000370513,88,-2.4927528833587355e-11
01050002924,010-5000-2924,original,1.000000000370513,89,9.702760162840503e-11
01050002924,010-5000-2924,original,1.000000000370513,90,1.2931350437834529e-11
01050002924,010-5000-2924,original,1.000000000370513,91,7.821445246775387e-11
01050002924,010-5000-2924,original,1.000000000370513,92,-7.561916957423303e-11
01050002924,010-5000-2924,original,1.000000000370513,93,1.4456275683307027e-10
01050002924,010-5000-2924,original,1.000000000370513,94,-5.888207292852152e-11
01050002924,010-5000-2924,original,1.000000000370513,95,1.4056472751085964e-10
01050002924,010-5000-2924,original,1.000000000370513,96,3.8053029560727764e-10
01050002924,010-5000-2924,original,1.000000000370513,97,2.1312049834184526e-10
01050002924,010-5000-2924,original,1.000000000370513,98,-2.2008075255621372e-10
01050002924,010-5000-2924,original,1.000000000370513,99,1.457018030748422e-10
01050002924,010-5000-2924,original,1.000000000370513,100,-6.183242126432192e-11
01050002924,010-5000-2924,original,1.000000000370513,101,7.091442235053766e-11
01050002924,010-5000-2924,original,1.000000000370513,102,-2.3296082207452537e-10
01050002924,010-5000-2924,original,1.000000000370513,103,-2.4702170128401196e-10
01050002924,010-5000-2924,original,1.000000000370513,104,-4.364602755259155e-10
01050002924,010-5000-2924,original,1.000000000370513,105,-3.4614713547742843e-12
01050002924,010-5000-2924,original,1.000000000370513,106,-1.341247623071077e-11
01050002924,010-5000-2924,original,1.000000000370513,107,2.8052110208399728e-11
01050002924,010-5000-2924,original,1.000000000370513,108,-5.408883524560781e-12
01050002924,010-5000-2924,original,1.000000000370513,109,-6.626540676279267e-11
01050002924,010-5000-2924,original,1.000000000370513,110,-8.734286623272328e-11
01050002924,010-5000-2924,original,1.000000000370513,111,-1.557886462513024e-10
01050002924,010-5000-2924,original,1.000000000370513,112,-2.3448303635231907e-11
01050002924,010-5000-2924,original,1.000000000370513,113,-5.947837585320984e-12
01050002924,010-5000-2924,original,1.000000000370513,114,-5.571141943756948e-11
01050002924,010-5000-2924,original,1.000000000370513,115,4.7239018886346746e-11
01050002924,010-5000-2924,original,1.000000000370513,116,1.5837250659773015e-10
01050002924,010-5000-2924,original,1.000000000370513,117,2.501943607020239e-10
01050002924,010-5000-2924,original,1.000000000370513,118,-2.4644262845741875e-10
01050002924,010-5000-2924,original,1.000000000370513,119,3.4933612632367113e-13
01050002924,010-5000-2924,original,1.000000000370513,120,-1.1681051304232426e-11
01050002924,010-5000-2924,original,1.000000000370513,121,1.5635096688122514e-10
01050002924,010-5000-2924,original,1.000000000370513,122,3.696495997619019e-11
01050002924,010-5000-2924,original,1.000000000370513,123,1.1389813902277982e-11
01050002924,010-5000-2924,original,1.000000000370513,124,-3.8916553922986067e-10
01050002924,010-5000-2924,original,1.000000000370513,125,2.425390388413288e-10
01050002924,010-5000-2924,original,1.000000000370513,126,-5.538690369655993e-11
01050002924,010-5000-2924,original,1.000000000370513,127,2.3792936586479995e-10
01050002924,010-5000-2924,original,1.000000000370513,128,-1.3865037085151247e-10
01050002924,010-5000-2924,original,1.000000000370513,129,-1.2026946382258453e-10
01050002924,010-5000-2924,original,1.000000000370513,130,7.641479341631025e-11
01050002924,010-5000-2924,original,1.000000000370513,131,-3.2647637619379896e-11
01050002924,010-5000-2924,original,1.000000000370513,132,3.690685027170282e-12
01050002924,010-5000-2924,original,1.000000000370513,133,-1.710873045719146e-10
01050002924,010-5000-2924,original,1.000000000370513,134,-8.376364720465522e-11
01050002924,010-5000-2924,original,1.000000000370513,135,-2.6714014792205795e-10
01050002924,010-5000-2924,original,1.000000000370513,136,5.2763809141984546e-11
01050002924,010-5000-2924,original,1.000000000370513,137,3.1926388303709956e-11
01050002924,010-5000-2924,original,1.000000000370513,138,3.807374379946418e-10
01050002924,010-5000-2924,original,1.000000000370513,139,-1.7377529046950984e-10
01050002924,010-5000-2924,original,1.000000000370513,140,-8.736455804105683e-11
01050002924,010-5000-2924,original,1.000000000370513,141,-6.024066541553969e-11
01050002924,010-5000-2924,original,1.000000000370513,142,0.9999996796285288
01050002924,010-5000-2924,original,1.000000000370513,143,0.9999997131180949
01050002924,010-5000-2924,original,1.000000000370513,144,0.9999996874872885
01050002924,010-5000-2924,original,1.000000000370513,145,0.9999997013558197
01050002924,010-5000-2924,original,1.000000000370513,146,0.999999698341503
01050002924,010-5000-2924,original,1.000000000370513,147,0.9999996825473355
01050002924,010-5000-2924,original,1.000000000370513,148,0.9999996852337613
01050002924,010-5000-2924,original,1.000000000370513,149,0.9999997088407953
01050002924,010-5000-2924,original,1.000000000370513,150,3.0534552572692184e-11
01050002924,010-5000-2924,original,1.000000000370513,151,6.559858453298275e-11
01050002924,010-5000-2924,original,1.000000000370513,152,2.7435338109537707e-10
01050002924,010-5000-2924,original,1.000000000370513,153,-6.824849979119928e-11
01050002924,010-5000-2924,original,1.000000000370513,154,-6.016675209549937e-11
01050002924,010-5000-2924,original,1.000000000370513,155,-1.964894015693393e-10
01050002924,010-5000-2924,original,1.000000000370513,156,0.9999996929998862
01050002924,010-5000-2924,original,1.000000000370513,157,-2.3756662410228466e-11
01050002924,010-5000-2924,original,1.000000000370513,158,-1.5556243649768437e-10
01050002924,010-5000-2924,original,1.000000000370513,159,-2.8582521232903808e-11
01050002924,010-5000-2924,original,1.000000000370513,160,0.9999996849636248
01050002924,010-5000-2924,original,1.000000000370513,161,5.930392544693039e-11
01050002924,010-5000-2924,original,1.000000000370513,162,-2.8837504012807943e-11
01050002924,010-5000-2924,original,1.000000000370513,163,0.9999996880048545
01050002924,010-5000-2924,original,1.000000000370513,164,0.9999997141296159
01050002924,010-5000-2924,original,1.000000000370513,165,-2.6168445934650554e-10
01050002924,010-5000-2924,original,1.000000000370513,166,8.257050486136717e-11
01050002924,010-5000-2924,original,1.000000000370513,167,2.902773040322949e-10
01050002924,010-5000-2924,original,1.000000000370513,168,2.882346951342094e-12
01050002924,010-5000-2924,original,1.000000000370513,169,7.164429256089097e-11
01050002924,010-5000-2924,original,1.000000000370513,170,1.309357842125811e-10
01050002924,010-5000-2924,original,1.000000000370513,171,-1.3172181252892552e-10
01050002924,010-5000-2924,original,1.000000000370513,172,-1.6493147111709362e-11
01050002924,010-5000-2924,original,1.000000000370513,173,-2.3751468925230544e-10
01050002924,010-5000-2924,original,1.000000000370513,174,7.501594405518691e-11
01050002924,010-5000-2924,original,1.000000000370513,175,-4.176701546403958e-11
01050002924,010-5000-2924,original,1.000000000370513,176,1.088937199557435e-10
01050002924,010-5000-2924,original,1.000000000370513,177,-1.9368204473786066e-10
01050002924,010-5000-2924,original,1.000000000370513,178,-2.6039815132077477e-10
01050002924,010-5000-2924,original,1.000000000370513,179,-5.108830068607473e-11
01050002924,010-5000-2924,original,1.000000000370513,180,2.6991874459022334e-12
01050002924,010-5000-2924,original,1.000000000370513,181,2.0807199304171538e-10
01050002924,010-5000-2924,original,1.000000000370513,182,-1.505929282674299e-10
01050002924,010-5000-2924,original,1.000000000370513,183,6.405778229821947e-11
01050002924,010-5000-2924,original,1.000000000370513,184,-9.339062434120055e-14
01050002924,010-5000-2924,original,1.000000000370513,185,6.4040810956219e-11
01050002924,010-5000-2924,original,1.000000000370513,186,-5.321880542355221e-11
01050002924,010-5000-2924,original,1.000000000370513,187,5.890609899789158e-12
01050002924,010-5000-2924,original,1.000000000370513,188,2.4280006998360648e-11
01050002924,010-5000-2924,original,1.000000000370513,189,9.279302597968755e-11
01050002924,010-5000-2924,original,1.000000000370513,190,8.408123210808714e-11
01050002924,010-5000-2924,original,1.000000000370513,191,5.6476945608880136e-12
01050002924,010-5000-2924,original,1.000000000370513,192,-1.0268633845109538e-10
01050002924,010-5000-2924,original,1.000000000370513,193,3.651664909340176e-12
01050002924,010-5000-2924,original,1.000000000370513,194,-3.0042741770227333e-11
01050002924,010-5000-2924,original,1.000000000370513,195,1.6349802137302477e-10
01050002924,010-5000-2924,original,1.000000000370513,196,-6.886892195374155e-11
01050002924,010-5000-2924,original,1.000000000370513,197,1.9096639455631633e-10
01050002924,010-5000-2924,original,1.000000000370513,198,-2.9726844101989976e-10
01050002924,010-5000-2924,original,1.000000000370513,199,3.555193236425746e-10
01050002924,010-5000-2924,original,1.000000000370513,200,-5.238835750445612e-12
01050002924,010-5000-2924,original,1.000000000370513,201,-1.5492759211860587e-11
01050002924,010-5000-2924,original,1.000000000370513,202,-2.2236704529197356e-10
01050002924,010-5000-2924,original,1.000000000370513,203,7.639621959833254e-12
01050002925,010-5000-2925,"one digit, last group",-7.05918318456768e-10,0,9.964287177647833e-11
01050002925,010-5000-2925,"one digit, last group",-7.05918318456768e-10,1,1.746092241373878e-11
01050002925,010-5000-2925,"one digit, last group",-7.05918318456768e-10,2,-8.084255668607023e-11
01050002925,010-5000-2925,"one digit, last group",-7.05918318456768e-10,3,-4.478378061963584e-11
01050002925,010-5000-2925,"one digit, last group",-7.05918318456768e-10,4,-1.4993311065746517e-10
01050002925,010-5000-2925,"one digit, last group",-7.05918318456768e-10,5,-2.53478475728622e-11
01050002925,010-5000-2925,"one digit, last group",-7.05918318456768e-10,6,1.0769278671426328e-10
01050002925,010-5000-2925,"one digit, last group",-7.05918318456768e-10,7,-2.9391090743462464e-10
01050002925,010-5000-2925,"one digit, last group",-7.05918318456768e-10,8,-8.138293905637916e-11
01050002925,010-5000-2925,"one digit, last group",-7.05918318456768e-10,9,-9.128942423920288e-11
01050002925,010-5000-2925,"one digit, last group",-7.05918318456768e-10,10,4.1405405568323454e-11
01050002925,010-5000-2925,"one digit, last group",-7.05918318456768e-10,11,-9.659483434699097e-12
01050002925,010-5000-2925,"one digit, last group",-7.05918318456768e-10,12,-4.3176893044614466e-10
01050002925,010-5000-2925,"one digit, last group",-7.05918318456768e-10,13,-1.4702622228162115e-10
01050002925,010-5000-2925,"one digit, last group",-7.05918318456768e-10,14,-1.5315115538596738e-11
01050002925,010-5000-2925,"one digit, last group",-7.05918318456768e-10,15,-4.539643840262363e-12
01050002925,010-5000-2925,"one digit, last group",-7.05918318456768e-10,16,-7.656033575373115e-11
01050002925,010-5000-2925,"one digit, last group",-7.05918318456768e-10,17,3.7407177798875956e-10
01050002925,010-5000-2925,"one digit, last group",-7.05918318456768e-10,18,2.0714485400624528e-10
01050002925,010-5000-2925,"one digit, last group",-7.05918318456768e-10,19,-9.563672278001355e-11
01050002925,010-5000-2925,"one digit, last group",-7.05918318456768e-10,20,2.0325459067551483e-11
01050002925,010-5000-2925,"one digit, last group",-7.05918318456768e-10,21,-6.226211186282422e-11
01050002925,010-5000-2925,"one digit, last group",-7.05918318456768e-10,22,1.4421032369498689e-10
01050002925,010-5000-2925,"one digit, last group",-7.05918318456768e-10,23,4.4156958003901676e-11
01050002925,010-5000-2925,"one digit, last group",-7.05918318456768e-10,24,1.7358424269162943e-10
01050002925,010-5000-2925,"one digit, last group",-7.05918318456768e-10,25,-7.244020431347207e-11
01050002925,010-5000-2925,"one digit, last group",-7.05918318456768e-10,26,-2.2082375692351708e-11
01050002925,010-5000-2925,"one digit, last group",-7.05918318456768e-10,27,7.30452592137789e-12
01050002925,010-5000-2925,"one digit, last group",-7.05918318456768e-10,28,3.735616345185552e-10
01050002925,010-5000-2925,"one digit, last group",-7.05918318456768e-10,29,7.270065420152647e-11
01050002925,010-5000-2925,"one digit, last group",-7.05918318456768e-10,30,2.7815592204904965e-10
01050002925,010-5000-2925,"one digit, last group",-7.05918318456768e-10,31,-5.338888256359319e-11
01050002925,010-5000-2925,"one digit, last group",-7.05918318456768e-10,32,-1.9454049912894256e-10
01050002925,010-5000-2925,"one digit, last group",-7.05918318456768e-10,33,9.482394066759361e-11
01050002925,010-5000-2925,"one digit, last group",-7.05918318456768e-10,34,-2.3331213021181125e-10
01050002925,010-5000-2925,"one digit, last group",-7.05918318456768e-10,35,3.4239845520832835e-11
01050002925,010-5000-2925,"one digit, last group",-7.05918318456768e-10,36,-2.0568612884628577e-12
01050002925,010-5000-2925,"one digit, last group",-7.05918318456768e-10,37,-2.4922541940447385e-10
01050002925,010-5000-2925,"one digit, last group",-7.05918318456768e-10,38,-8.540711819072293e-11
01050002925,010-5000-2925,"one digit, last group",-7.05918318456768e-10,39,9.075992989287811e-11
01050002925,010-5000-2925,"one digit, last group",-7.05918318456768e-10,40,8.104803320776014e-11
01050002925,010-5000-2925,"one digit, last group",-7.05918318456768e-10,41,-1.0937400559474287e-10
01050002925,010-5000-2925,"one digit, last group",-7.05918318456768e-10,42,-1.3828016404861318e-10
01050002925,010-5000-2925,"one digit, last group",-7.05918318456768e-10,43,-2.1918226902319047e-11
01050002925,010-5000-2925,"one digit, last group",-7.05918318456768e-10,44,1.2824280533857362e-11
01050002925,010-5000-2925,"one digit, last group",-7.05918318456768e-10,45,-1.0817173024722127e-10
01050002925,010-5000-2925,"one digit, last group",-7.05918318456768e-10,46,1.2449527634625845e-10
01050002925,010-5000-2925,"one digit, last group",-7.05918318456768e-10,47,-1.8311337353897125e-10
01050002925,010-5000-2925,"one digit, last group",-7.05918318456768e-10,48,2.8022712093712376e-12
01050002925,010-5000-2925,"one digit, last group",-7.05918318456768e-10,49,-8.277345332022457e-11
01050002925,010-5000-2925,"one digit, last group",-7.05918318456768e-10,50,3.174531644102277e-10
01050002925,010-5000-2925,"one digit, last group",-7.05918318456768e-10,51,5.258429896739246e-11
01050002925,010-5000-2925,"one digit, last group",-7.05918318456768e-10,52,1.7428290844271993e-11
01050002925,010-5000-2925,"one digit, last group",-7.05918318456768e-10,53,-2.585798150038079e-11
01050002925,010-5000-2925,"one digit, last group",-7.05918318456768e-10,54,-8.615638433383426e-11
01050002925,010-5000-2925,"one digit, last group",-7.05918318456768e-10,55,7.464717910646502e-11
01050002925,010-5000-2925,"one digit, last group",-7.05918318456768e-10,56,1.370496155086499e-10
01050002925,010-5000-2925,"one digit, last group",-7.05918318456768e-10,57,-1.4459804026933318e-11
01050002925,010-5000-2925,"one digit, last group",-7.05918318456768e-10,58,-1.939378958781636e-11
01050002925,010-5000-2925,"one digit, last group",-7.05918318456768e-10,59,-6.36612991264766e-11
01050002925,010-5000-2925,"one digit, last group",-7.05918318456768e-10,60,-2.1554551216971985e-10
01050002925,010-5000-2925,"one digit, last group",-7.05918318456768e-10,61,-2.1077448653010888e-11
01050002925,010-5000-2925,"one digit, last group",-7.05918318456768e-10,62,-2.384956083437187e-10
01050002925,010-5000-2925,"one digit, last group",-7.05918318456768e-10,63,2.541404633640049e-11
01050002925,010-5000-2925,"one digit, last group",-7.05918318456768e-10,64,-1.2876929740016352e-10
01050002925,010-5000-2925,"one digit, last group",-7.05918318456768e-10,65,4.6946676835662494e-11
01050002925,010-5000-2925,"one digit, last group",-7.05918318456768e-10,66,1.8441899354929011e-10
01050002925,010-5000-2925,"one digit, last group",-7.05918318456768e-10,67,1.058261405069233e-11
01050002925,010-5000-2925,"one digit, last group",-7.05918318456768e-10,68,-5.36062369295899e-11
01050002925,010-5000-2925,"one digit, last group",-7.05918318456768e-10,69,-1.2949168082178083e-11
01050002925,010-5000-2925,"one digit, last group",-7.05918318456768e-10,70,2.404792865484628e-11
01050002925,010-5000-2925,"one digit, last group",-7.05918318456768e-10,71,-9.417336564801755e-11
01050002925,010-5000-2925,"one digit, last group",-7.05918318456768e-10,72,1.0083015876947961e-11
01050002925,010-5000-2925,"one digit, last group",-7.05918318456768e-10,73,2.8095930123486376e-11
01050002925,010-5000-2925,"one digit, last group",-7.05918318456768e-10,74,1.7173219723621777e-10
01050002925,010-5000-2925,"one digit, last group",-7.05918318456768e-10,75,9.088736522860526e-11
01050002925,010-5000-2925,"one digit, last group",-7.05918318456768e-10,76,-1.0067488072664178e-10
01050002925,010-5000-2925,"one digit, last group",-7.05918318456768e-10,77,-6.315761291815102e-11
01050002925,010-5000-2925,"one digit, last group",-7.05918318456768e-10,78,-3.235063609764502e-10
01050002925,010-5000-2925,"one digit, last group",-7.05918318456768e-10,79,-2.3991950022474226e-10
01050002925,010-5000-2925,"one digit, last group",-7.05918318456768e-10,80,-1.5145036191136066e-10
01050002925,010-5000-2925,"one digit, last group",-7.05918318456768e-10,81,-6.391969819318761e-11
01050002925,010-5000-2925,"one digit, last group",-7.05918318456768e-10,82,1.986223341689628e-10
01050002925,010-5000-2925,"one digit, last group",-7.05918318456768e-10,83,6.674070498999152e-11
01050002925,010-5000-2925,"one digit, last group",-7.05918318456768e-10,84,-4.372378385808279e-11
01050002925,010-5000-2925,"one digit, last group",-7.05918318456768e-10,85,-6.991977718332566e-12
01050002925,010-5000-2925,"one digit, last group",-7.05918318456768e-10,86,-2.627877456197993e-11
01050002925,010-5000-2925,"one digit, last group",-7.05918318456768e-10,87,-1.273499243936163e-10
01050002925,010-5000-2925,"one digit, last group",-7.05918318456768e-10,88,6.295151615623079e-11
01050002925,010-5000-2925,"one digit, last group",-7.05918318456768e-10,89,6.846203943630578e-11
01050002925,010-5000-2925,"one digit, last group",-7.05918318456768e-10,90,-1.8505134779263065e-11
01050002925,010-5000-2925,"one digit, last group",-7.05918318456768e-10,91,7.290200978049441e-11
01050002925,010-5000-2925,"one digit, last group",-7.05918318456768e-10,92,1.657460555742474e-10
01050002925,010-5000-2925,"one digit, last group",-7.05918318456768e-10,93,7.753871186474923e-11
01050002925,010-5000-2925,"one digit, last group",-7.05918318456768e-10,94,-1.7643439321977928e-10
01050002925,010-5000-2925,"one digit, last group",-7.05918318456768e-10,95,1.2588063072856026e-10
01050002925,010-5000-2925,"one digit, last group",-7.05918318456768e-10,96,1.566029595186909e-11
01050002925,010-5000-2925,"one digit, last group",-7.05918318456768e-10,97,-2.942353100610636e-11
01050002925,010-5000-2925,"one digit, last group",-7.05918318456768e-10,98,-6.6044923327617875e-12
01050002925,010-5000-2925,"one digit, last group",-7.05918318456768e-10,99,-1.3610112012098543e-11
01050002925,010-5000-2925,"one digit, last group",-7.05918318456768e-10,100,7.287184346336312e-11
01050002925,010-5000-2925,"one digit, last group",-7.05918318456768e-10,101,6.224060924825256e-11
01050002925,010-5000-2925,"one digit, last group",-7.05918318456768e-10,102,5.410366253897615e-11
01050002925,010-5000-2925,"one digit, last group",-7.05918318456768e-10,103,-4.068188546882761e-11
01050002925,010-5000-2925,"one digit, last group",-7.05918318456768e-10,104,-9.346574253574968e-11
01050002925,010-5000-2925,"one digit, last group",-7.05918318456768e-10,105,-1.3843140005566668e-10
01050002925,010-5000-2925,"one digit, last group",-7.05918318456768e-10,106,1.480768141187165e-11
01050002925,010-5000-2925,"one digit, last group",-7.05918318456768e-10,107,-8.384033477216283e-11
01050002925,010-5000-2925,"one digit, last group",-7.05918318456768e-10,108,-5.963044578102817e-11
01050002925,010-5000-2925,"one digit, last group",-7.05918318456768e-10,109,7.609179653866278e-11
01050002925,010-5000-2925,"one digit, last group",-7.05918318456768e-10,110,-4.43996442899466e-11
01050002925,010-5000-2925,"one digit, last group",-7.05918318456768e-10,111,-1.394127039780457e-10
01050002925,010-5000-2925,"one digit, last group",-7.05918318456768e-10,112,-1.196723664433046e-11
01050002925,010-5000-2925,"one digit, last group",-7.05918318456768e-10,113,3.102359034704067e-12
01050002925,010-5000-2925,"one digit, last group",-7.05918318456768e-10,114,-7.379856693316165e-11
01050002925,010-5000-2925,"one digit, last group",-7.05918318456768e-10,115,-3.4955815426235955e-12
01050002925,010-5000-2925,"one digit, last group",-7.05918318456768e-10,116,1.2165797984968538e-11
01050002925,010-5000-2925,"one digit, last group",-7.05918318456768e-10,117,-2.094739377160747e-10
01050002925,010-5000-2925,"one digit, last group",-7.05918318456768e-10,118,-3.6297547086917265e-10
01050002925,010-5000-2925,"one digit, last group",-7.05918318456768e-10,119,-1.1416266858666332e-11
01050002925,010-5000-2925,"one digit, last group",-7.05918318456768e-10,120,6.073006731001513e-11
01050002925,010-5000-2925,"one digit, last group",-7.05918318456768e-10,121,5.308512255392754e-11
01050002925,010-5000-2925,"one digit, last group",-7.05918318456768e-10,122,-3.1996672606097874e-10
01050002925,010-5000-2925,"one digit, last group",-7.05918318456768e-10,123,1.197143871088677e-10
01050002925,010-5000-2925,"one digit, last group",-7.05918318456768e-10,124,3.945056576178519e-11
01050002925,010-5000-2925,"one digit, last group",-7.05918318456768e-10,125,1.1696362252854698e-11
01050002925,010-5000-2925,"one digit, last group",-7.05918318456768e-10,126,-5.7796096360501743e-11
01050002925,010-5000-2925,"one digit, last group",-7.05918318456768e-10,127,-3.674615226297317e-10
01050002925,010-5000-2925,"one digit, last group",-7.05918318456768e-10,128,1.5247826616533962e-11
01050002925,010-5000-2925,"one digit, last group",-7.05918318456768e-10,129,8.567081769824413e-11
01050002925,010-5000-2925,"one digit, last group",-7.05918318456768e-10,130,-1.4144608788142276e-11
01050002925,010-5000-2925,"one digit, last group",-7.05918318456768e-10,131,-4.043073653989925e-10
01050002925,010-5000-2925,"one digit, last group",-7.05918318456768e-10,132,-2.0948281777563456e-11
01050002925,010-5000-2925,"one digit, last group",-7.05918318456768e-10,133,-8.696881481247558e-11
01050002925,010-5000-2925,"one digit, last group",-7.05918318456768e-10,134,1.6668111405467969e-10
01050002925,010-5000-2925,"one digit, last group",-7.05918318456768e-10,135,3.618003218780155e-11
01050002925,010-5000-2925,"one digit, last group",-7.05918318456768e-10,136,-2.4837981365364345e-11
01050002925,010-5000-2925,"one digit, last group",-7.05918318456768e-10,137,-6.135426626377746e-11
01050002925,010-5000-2925,"one digit, last group",-7.05918318456768e-10,138,4.7594858702506826e-11
01050002925,010-5000-2925,"one digit, last group",-7.05918318456768e-10,139,-5.2183673063286285e-11
01050002925,010-5000-2925,"one digit, last group",-7.05918318456768e-10,140,7.837830456636268e-12
01050002925,010-5000-2925,"one digit, last group",-7.05918318456768e-10,141,-2.0848106579987905e-10
01050002925,010-5000-2925,"one digit, last group",-7.05918318456768e-10,142,-1.0047885465874428e-10
01050002925,010-5000-2925,"one digit, last group",-7.05918318456768e-10,143,3.2676627854252413e-09
01050002925,010-5000-2925,"one digit, last group",-7.05918318456768e-10,144,2.8440866175872495e-09
01050002925,010-5000-2925,"one digit, last group",-7.05918318456768e-10,145,1.4493201348343017e-09
01050002925,010-5000-2925,"one digit, last group",-7.05918318456768e-10,146,-1.053112440227951e-10
01050002925,010-5000-2925,"one digit, last group",-7.05918318456768e-10,147,1.54812289340592e-08
01050002925,010-5000-2925,"one digit, last group",-7.05918318456768e-10,148,-3.529035413259439e-10
01050002925,010-5000-2925,"one digit, last group",-7.05918318456768e-10,149,7.639392967385654e-09
01050002925,010-5000-2925,"one digit, last group",-7.05918318456768e-10,150,1.9380609497052854e-10
01050002925,010-5000-2925,"one digit, last group",-7.05918318456768e-10,151,6.250098529381424e-11
01050002925,010-5000-2925,"one digit, last group",-7.05918318456768e-10,152,2.6812551003665996e-10
01050002925,010-5000-2925,"one digit, last group",-7.05918318456768e-10,153,-1.3768330194407813e-10
01050002925,010-5000-2925,"one digit, last group",-7.05918318456768e-10,154,-3.8651143092975086e-11
01050002925,010-5000-2925,"one digit, last group",-7.05918318456768e-10,155,1.1712773805694262e-11
01050002925,010-5000-2925,"one digit, last group",-7.05918318456768e-10,156,6.955574894235945e-10
01050002925,010-5000-2925,"one digit, last group",-7.05918318456768e-10,157,4.450662456368178e-11
01050002925,010-5000-2925,"one digit, last group",-7.05918318456768e-10,158,-1.867212409497195e-11
01050002925,010-5000-2925,"one digit, last group",-7.05918318456768e-10,159,1.6587365806152494e-11
01050002925,010-5000-2925,"one digit, last group",-7.05918318456768e-10,160,-1.8538495276876223e-09
01050002925,010-5000-2925,"one digit, last group",-7.05918318456768e-10,161,-9.123298377949461e-11
01050002925,010-5000-2925,"one digit, last group",-7.05918318456768e-10,162,-3.919434107113663e-11
01050002925,010-5000-2925,"one digit, last group",-7.05918318456768e-10,163,5.900169873603251e-10
01050002925,010-5000-2925,"one digit, last group",-7.05918318456768e-10,164,-1.7471894689851616e-09
01050002925,010-5000-2925,"one digit, last group",-7.05918318456768e-10,165,-5.441126325600538e-11
01050002925,010-5000-2925,"one digit, last group",-7.05918318456768e-10,166,-5.124799988201372e-11
01050002925,010-5000-2925,"one digit, last group",-7.05918318456768e-10,167,4.5180948855281124e-10
01050002925,010-5000-2925,"one digit, last group",-7.05918318456768e-10,168,4.660543418510031e-10
01050002925,010-5000-2925,"one digit, last group",-7.05918318456768e-10,169,-3.055833943280638e-10
01050002925,010-5000-2925,"one digit, last group",-7.05918318456768e-10,170,-1.0183560721366587e-10
01050002925,010-5000-2925,"one digit, last group",-7.05918318456768e-10,171,-1.424336094368621e-10
01050002925,010-5000-2925,"one digit, last group",-7.05918318456768e-10,172,-1.701734810421437e-11
01050002925,010-5000-2925,"one digit, last group",-7.05918318456768e-10,173,-7.85885049019898e-11
01050002925,010-5000-2925,"one digit, last group",-7.05918318456768e-10,174,8.389540733925356e-11
01050002925,010-5000-2925,"one digit, last group",-7.05918318456768e-10,175,-4.804221159702612e-10
01050002925,010-5000-2925,"one digit, last group",-7.05918318456768e-10,176,4.03306324732559e-12
01050002925,010-5000-2925,"one digit, last group",-7.05918318456768e-10,177,7.662665554491788e-11
01050002925,010-5000-2925,"one digit, last group",-7.05918318456768e-10,178,-8.266706715089854e-11
01050002925,010-5000-2925,"one digit, last group",-7.05918318456768e-10,179,4.797377547671932e-10
01050002925,010-5000-2925,"one digit, last group",-7.05918318456768e-10,180,2.7109396665356964e-10
01050002925,010-5000-2925,"one digit, last group",-7.05918318456768e-10,181,-5.82178739284404e-11
01050002925,010-5000-2925,"one digit, last group",-7.05918318456768e-10,182,1.8280662642659784e-10
01050002925,010-5000-2925,"one digit, last group",-7.05918318456768e-10,183,-3.3395423752925653e-10
01050002925,010-5000-2925,"one digit, last group",-7.05918318456768e-10,184,1.2398937892078364e-11
01050002925,010-5000-2925,"one digit, last group",-7.05918318456768e-10,185,2.9809416833142915e-11
01050002925,010-5000-2925,"one digit, last group",-7.05918318456768e-10,186,-2.0420211120386214e-10
01050002925,010-5000-2925,"one digit, last group",-7.05918318456768e-10,187,3.4526600899093806e-11
01050002925,010-5000-2925,"one digit, last group",-7.05918318456768e-10,188,1.2162811521546005e-10
01050002925,010-5000-2925,"one digit, last group",-7.05918318456768e-10,189,-9.595290924591423e-11
01050002925,010-5000-2925,"one digit, last group",-7.05918318456768e-10,190,-2.75522179127756e-11
01050002925,010-5000-2925,"one digit, last group",-7.05918318456768e-10,191,-1.4698118246547967e-10
01050002925,010-5000-2925,"one digit, last group",-7.05918318456768e-10,192,3.490237792556947e-11
01050002925,010-5000-2925,"one digit, last group",-7.05918318456768e-10,193,4.252993797706564e-10
01050002925,010-5000-2925,"one digit, last group",-7.05918318456768e-10,194,1.9191072098972573e-11
01050002925,010-5000-2925,"one digit, last group",-7.05918318456768e-10,195,3.537391701321551e-11
01050002925,010-5000-2925,"one digit, last group",-7.05918318456768e-10,196,-7.613343889069018e-11
01050002925,010-5000-2925,"one digit, last group",-7.05918318456768e-10,197,-1.7658273550801975e-10
01050002925,010-5000-2925,"one digit, last group",-7.05918318456768e-10,198,-2.3740194301262517e-10
01050002925,010-5000-2925,"one digit, last group",-7.05918318456768e-10,199,6.892712367908319e-11
01050002925,010-5000-2925,"one digit, last group",-7.05918318456768e-10,200,8.861376625782445e-11
01050002925,010-5000-2925,"one digit, last group",-7.05918318456768e-10,201,-7.043486795985731e-11
01050002925,010-5000-2925,"one digit, last group",-7.05918318456768e-10,202,-9.569918939371084e-11
01050002925,010-5000-2925,"one digit, last group",-7.05918318456768e-10,203,-1.902372003173487e-11
01051009080,010-5100-9080,original,1.0000000001928484,0,4.8655334870383944e-11
01051009080,010-5100-9080,original,1.0000000001928484,1,-1.6787029005200403e-10
01051009080,010-5100-9080,original,1.0000000001928484,2,-1.6388991415438383e-10
01051009080,010-5100-9080,original,1.0000000001928484,3,-8.79754910103914e-11
01051009080,010-5100-9080,original,1.0000000001928484,4,-1.4983952398412974e-10
01051009080,010-5100-9080,original,1.0000000001928484,5,-7.27608428000714e-11
01051009080,010-5100-9080,original,1.0000000001928484,6,4.336073492901666e-12
01051009080,010-5100-9080,original,1.0000000001928484,7,1.2436209652801556e-10
01051009080,010-5100-9080,original,1.0000000001928484,8,-3.887496472319289e-11
01051009080,010-5100-9080,original,1.0000000001928484,9,2.7900638684471854e-11
01051009080,010-5100-9080,original,1.0000000001928484,10,6.235040875504351e-11
01051009080,010-5100-9080,original,1.0000000001928484,11,1.4531716699388056e-10
01051009080,010-5100-9080,original,1.0000000001928484,12,-8.984117537851045e-11
01051009080,010-5100-9080,original,1.0000000001928484,13,-1.4862881377452433e-10
01051009080,010-5100-9080,original,1.0000000001928484,14,-7.401298602817151e-11
01051009080,010-5100-9080,original,1.0000000001928484,15,-5.0844790339213756e-12
01051009080,010-5100-9080,original,1.0000000001928484,16,4.3561457704249005e-10
01051009080,010-5100-9080,original,1.0000000001928484,17,-5.308895436353616e-10
01051009080,010-5100-9080,original,1.0000000001928484,18,1.3434162986488855e-10
01051009080,010-5100-9080,original,1.0000000001928484,19,-7.331269235292452e-11
01051009080,010-5100-9080,original,1.0000000001928484,20,3.373598176560184e-11
01051009080,010-5100-9080,original,1.0000000001928484,21,-4.416154221895978e-10
01051009080,010-5100-9080,original,1.0000000001928484,22,-9.083314152824407e-11
01051009080,010-5100-9080,original,1.0000000001928484,23,4.8948725097985673e-11
01051009080,010-5100-9080,original,1.0000000001928484,24,-2.48003114523084e-10
01051009080,010-5100-9080,original,1.0000000001928484,25,-5.868268006140227e-11
01051009080,010-5100-9080,original,1.0000000001928484,26,1.4512098186173885e-10
01051009080,010-5100-9080,original,1.0000000001928484,27,-1.241750008004548e-10
01051009080,010-5100-9080,original,1.0000000001928484,28,3.0886741158592747e-10
01051009080,010-5100-9080,original,1.0000000001928484,29,3.803518565142108e-11
01051009080,010-5100-9080,original,1.0000000001928484,30,-4.938953623155572e-10
01051009080,010-5100-9080,original,1.0000000001928484,31,-1.2638186924126518e-10
01051009080,010-5100-9080,original,1.0000000001928484,32,-1.4151262714889645e-11
01051009080,010-5100-9080,original,1.0000000001928484,33,5.847760706527432e-11
01051009080,010-5100-9080,original,1.0000000001928484,34,-1.3065045475020019e-10
01051009080,010-5100-9080,original,1.0000000001928484,35,5.0417121551734475e-11
01051009080,010-5100-9080,original,1.0000000001928484,36,5.5673454111147603e-11
01051009080,010-5100-9080,original,1.0000000001928484,37,-2.2261685255479616e-10
01051009080,010-5100-9080,original,1.0000000001928484,38,9.025078149464647e-11
01051009080,010-5100-9080,original,1.0000000001928484,39,4.1384501781864683e-11
01051009080,010-5100-9080,original,1.0000000001928484,40,3.369787755623895e-10
01051009080,010-5100-9080,original,1.0000000001928484,41,-9.852227277235342e-11
01051009080,010-5100-9080,original,1.0000000001928484,42,-1.3192078558026594e-11
01051009080,010-5100-9080,original,1.0000000001928484,43,2.2132368096385504e-11
01051009080,010-5100-9080,original,1.0000000001928484,44,2.138256348246047e-11
01051009080,010-5100-9080,original,1.0000000001928484,45,2.2621642707006546e-12
01051009080,010-5100-9080,original,1.0000000001928484,46,5.3225286034691696e-12
01051009080,010-5100-9080,original,1.0000000001928484,47,-5.6898284639178056e-11
01051009080,010-5100-9080,original,1.0000000001928484,48,1.2693310899964426e-10
01051009080,010-5100-9080,original,1.0000000001928484,49,-3.9391747342598564e-11
01051009080,010-5100-9080,original,1.0000000001928484,50,2.6452719064045566e-10
01051009080,010-5100-9080,original,1.0000000001928484,51,6.774873716417923e-11
01051009080,010-5100-9080,original,1.0000000001928484,52,-2.3847167055936893e-11
01051009080,010-5100-9080,original,1.0000000001928484,53,-6.103350289541298e-11
01051009080,010-5100-9080,original,1.0000000001928484,54,-2.3594479007452897e-11
01051009080,010-5100-9080,original,1.0000000001928484,55,2.455264027430727e-10
01051009080,010-5100-9080,original,1.0000000001928484,56,2.3888419365339962e-11
01051009080,010-5100-9080,original,1.0000000001928484,57,2.3283648956766548e-11
01051009080,010-5100-9080,original,1.0000000001928484,58,1.1838080577947858e-10
01051009080,010-5100-9080,original,1.0000000001928484,59,8.015341409610424e-11
01051009080,010-5100-9080,original,1.0000000001928484,60,-8.805813657975577e-11
01051009080,010-5100-9080,original,1.0000000001928484,61,1.2055816991139206e-11
01051009080,010-5100-9080,original,1.0000000001928484,62,1.4759053147746843e-10
01051009080,010-5100-9080,original,1.0000000001928484,63,1.0103729008852862e-10
01051009080,010-5100-9080,original,1.0000000001928484,64,1.0009661893125048e-10
01051009080,010-5100-9080,original,1.0000000001928484,65,-6.307930327779492e-11
01051009080,010-5100-9080,original,1.0000000001928484,66,1.18026144201531e-10
01051009080,010-5100-9080,original,1.0000000001928484,67,-6.0953892877514855e-12
01051009080,010-5100-9080,original,1.0000000001928484,68,1.5803965475801303e-10
01051009080,010-5100-9080,original,1.0000000001928484,69,1.2566234581530771e-10
01051009080,010-5100-9080,original,1.0000000001928484,70,4.8684997332521814e-11
01051009080,010-5100-9080,original,1.0000000001928484,71,-1.524790594921825e-10
01051009080,010-5100-9080,original,1.0000000001928484,72,-2.046794574371508e-11
01051009080,010-5100-9080,original,1.0000000001928484,73,2.806202060574866e-11
01051009080,010-5100-9080,original,1.0000000001928484,74,-1.919500162256155e-11
01051009080,010-5100-9080,original,1.0000000001928484,75,-7.88657796906033e-12
01051009080,010-5100-9080,original,1.0000000001928484,76,8.175370677362935e-11
01051009080,010-5100-9080,original,1.0000000001928484,77,-2.822005429019397e-11
01051009080,010-5100-9080,original,1.0000000001928484,78,1.4963792405450984e-10
01051009080,010-5100-9080,original,1.0000000001928484,79,4.385257708222035e-11
01051009080,010-5100-9080,original,1.0000000001928484,80,6.931467892771094e-12
01051009080,010-5100-9080,original,1.0000000001928484,81,-6.430229340479934e-11
01051009080,010-5100-9080,original,1.0000000001928484,82,1.8591823728647136e-10
01051009080,010-5100-9080,original,1.0000000001928484,83,7.695309208845679e-11
01051009080,010-5100-9080,original,1.0000000001928484,84,2.51327197846751e-11
01051009080,010-5100-9080,original,1.0000000001928484,85,-1.1547326605492679e-11
01051009080,010-5100-9080,original,1.0000000001928484,86,-2.696678288010631e-10
01051009080,010-5100-9080,original,1.0000000001928484,87,5.604134246048476e-11
01051009080,010-5100-9080,original,1.0000000001928484,88,-8.921492388902614e-11
01051009080,010-5100-9080,original,1.0000000001928484,89,-1.854549862778384e-10
01051009080,010-5100-9080,original,1.0000000001928484,90,3.0298003304076096e-11
01051009080,010-5100-9080,original,1.0000000001928484,91,1.6466562220987997e-12
01051009080,010-5100-9080,original,1.0000000001928484,92,-1.5134728720806388e-10
01051009080,010-5100-9080,original,1.0000000001928484,93,-8.103259067680683e-11
01051009080,010-5100-9080,original,1.0000000001928484,94,1.1050084934344725e-10
01051009080,010-5100-9080,original,1.0000000001928484,95,-2.3686284022566726e-11
01051009080,010-5100-9080,original,1.0000000001928484,96,7.83085773496388e-11
01051009080,010-5100-9080,original,1.0000000001928484,97,-2.925463236732649e-10
01051009080,010-5100-9080,original,1.0000000001928484,98,-1.0244507120077078e-10
01051009080,010-5100-9080,original,1.0000000001928484,99,-1.1828444494147765e-11
01051009080,010-5100-9080,original,1.0000000001928484,100,3.8881577404434733e-11
01051009080,010-5100-9080,original,1.0000000001928484,101,-5.172727083741077e-11
01051009080,010-5100-9080,original,1.0000000001928484,102,-3.3232749926312353e-10
01051009080,010-5100-9080,original,1.0000000001928484,103,-5.021394995167106e-10
01051009080,010-5100-9080,original,1.0000000001928484,104,1.6262051071958367e-10
01051009080,010-5100-9080,original,1.0000000001928484,105,7.265738694283182e-11
01051009080,010-5100-9080,original,1.0000000001928484,106,-4.497087543532965e-11
01051009080,010-5100-9080,original,1.0000000001928484,107,4.789205930538697e-11
01051009080,010-5100-9080,original,1.0000000001928484,108,-4.441952624586933e-11
01051009080,010-5100-9080,original,1.0000000001928484,109,-1.1651511360091698e-10
01051009080,010-5100-9080,original,1.0000000001928484,110,5.487966353700042e-11
01051009080,010-5100-9080,original,1.0000000001928484,111,-1.0597686757334321e-10
01051009080,010-5100-9080,original,1.0000000001928484,112,7.264627157453872e-11
01051009080,010-5100-9080,original,1.0000000001928484,113,-8.272388778095369e-12
01051009080,010-5100-9080,original,1.0000000001928484,114,-6.564921448966315e-11
01051009080,010-5100-9080,original,1.0000000001928484,115,1.6514081506607477e-11
01051009080,010-5100-9080,original,1.0000000001928484,116,-7.523229480509618e-11
01051009080,010-5100-9080,original,1.0000000001928484,117,3.3635508427253215e-11
01051009080,010-5100-9080,original,1.0000000001928484,118,1.893260491368928e-10
01051009080,010-5100-9080,original,1.0000000001928484,119,-6.3975752242095065e-12
01051009080,010-5100-9080,original,1.0000000001928484,120,1.8949209869481164e-11
01051009080,010-5100-9080,original,1.0000000001928484,121,-1.8003597928961314e-10
01051009080,010-5100-9080,original,1.0000000001928484,122,2.458371881173717e-10
01051009080,010-5100-9080,original,1.0000000001928484,123,2.0809698989833838e-11
01051009080,010-5100-9080,original,1.0000000001928484,124,-1.7685405623345397e-10
01051009080,010-5100-9080,original,1.0000000001928484,125,6.002793624402378e-11
01051009080,010-5100-9080,original,1.0000000001928484,126,1.0023612325241358e-10
01051009080,010-5100-9080,original,1.0000000001928484,127,-2.2891888730545263e-10
01051009080,010-5100-9080,original,1.0000000001928484,128,2.4446911028941567e-11
01051009080,010-5100-9080,original,1.0000000001928484,129,1.4514441078818156e-10
01051009080,010-5100-9080,original,1.0000000001928484,130,1.890384366474918e-11
01051009080,010-5100-9080,original,1.0000000001928484,131,-2.2678750156972217e-10
01051009080,010-5100-9080,original,1.0000000001928484,132,1.462499963704286e-10
01051009080,010-5100-9080,original,1.0000000001928484,133,1.0050537862798737e-10
01051009080,010-5100-9080,original,1.0000000001928484,134,1.5428691647408683e-10
01051009080,010-5100-9080,original,1.0000000001928484,135,-2.0111888660116876e-11
01051009080,010-5100-9080,original,1.0000000001928484,136,6.142077135256412e-11
01051009080,010-5100-9080,original,1.0000000001928484,137,-5.5025345947129114e-11
01051009080,010-5100-9080,original,1.0000000001928484,138,3.5741488938332416e-11
01051009080,010-5100-9080,original,1.0000000001928484,139,2.2975071700951573e-10
01051009080,010-5100-9080,original,1.0000000001928484,140,-5.119566762278227e-11
01051009080,010-5100-9080,original,1.0000000001928484,141,-4.390835158083227e-11
01051009080,010-5100-9080,original,1.0000000001928484,142,7.710742007311381e-11
01051009080,010-5100-9080,original,1.0000000001928484,143,1.0611816857012252e-11
01051009080,010-5100-9080,original,1.0000000001928484,144,-3.264254166250903e-11
01051009080,010-5100-9080,original,1.0000000001928484,145,-9.367695930877801e-11
01051009080,010-5100-9080,original,1.0000000001928484,146,-5.577002830811659e-11
01051009080,010-5100-9080,original,1.0000000001928484,147,-6.491882171405326e-11
01051009080,010-5100-9080,original,1.0000000001928484,148,-9.196822831157577e-11
01051009080,010-5100-9080,original,1.0000000001928484,149,2.193197497966436e-10
01051009080,010-5100-9080,original,1.0000000001928484,150,1.5490077425896238e-10
01051009080,010-5100-9080,original,1.0000000001928484,151,7.285600530263955e-11
01051009080,010-5100-9080,original,1.0000000001928484,152,1.4789559589129383e-10
01051009080,010-5100-9080,original,1.0000000001928484,153,6.561598043109842e-11
01051009080,010-5100-9080,original,1.0000000001928484,154,-3.5735037638224316e-11
01051009080,010-5100-9080,original,1.0000000001928484,155,1.5804610253822779e-10
01051009080,010-5100-9080,original,1.0000000001928484,156,7.794864334118822e-12
01051009080,010-5100-9080,original,1.0000000001928484,157,-4.382611981345516e-12
01051009080,010-5100-9080,original,1.0000000001928484,158,5.472176942753144e-11
01051009080,010-5100-9080,original,1.0000000001928484,159,2.084316607255799e-11
01051009080,010-5100-9080,original,1.0000000001928484,160,2.3002987055686825e-10
01051009080,010-5100-9080,original,1.0000000001928484,161,-5.230351179863556e-11
01051009080,010-5100-9080,original,1.0000000001928484,162,-8.910490131841335e-12
01051009080,010-5100-9080,original,1.0000000001928484,163,8.797430678956039e-12
01051009080,010-5100-9080,original,1.0000000001928484,164,-2.2253096469028255e-10
01051009080,010-5100-9080,original,1.0000000001928484,165,-6.9657800869568544e-12
01051009080,010-5100-9080,original,1.0000000001928484,166,-1.061313030238638e-11
01051009080,010-5100-9080,original,1.0000000001928484,167,1.7394957927880063e-10
01051009080,010-5100-9080,original,1.0000000001928484,168,-1.4024743686082843e-10
01051009080,010-5100-9080,original,1.0000000001928484,169,4.165269914924044e-10
01051009080,010-5100-9080,original,1.0000000001928484,170,1.398632950595122e-10
01051009080,010-5100-9080,original,1.0000000001928484,171,-1.0942980241806196e-10
01051009080,010-5100-9080,original,1.0000000001928484,172,-3.9712662476545326e-11
01051009080,010-5100-9080,original,1.0000000001928484,173,1.0676369834076817e-11
01051009080,010-5100-9080,original,1.0000000001928484,174,-3.729094054553786e-12
01051009080,010-5100-9080,original,1.0000000001928484,175,1.2268021013180414e-10
01051009080,010-5100-9080,original,1.0000000001928484,176,7.163421294631764e-11
01051009080,010-5100-9080,original,1.0000000001928484,177,-5.602559074105532e-10
01051009080,010-5100-9080,original,1.0000000001928484,178,1.5067864762477628e-10
01051009080,010-5100-9080,original,1.0000000001928484,179,-1.0265869236717457e-10
01051009080,010-5100-9080,original,1.0000000001928484,180,2.2015276238036232e-10
01051009080,010-5100-9080,original,1.0000000001928484,181,0.9999996901676091
01051009080,010-5100-9080,original,1.0000000001928484,182,0.9999996278298698
01051009080,010-5100-9080,original,1.0000000001928484,183,0.9999996866418682
01051009080,010-5100-9080,original,1.0000000001928484,184,-4.232835145187213e-11
01051009080,010-5100-9080,original,1.0000000001928484,185,2.7208180556258294e-11
01051009080,010-5100-9080,original,1.0000000001928484,186,8.428072501106941e-12
01051009080,010-5100-9080,original,1.0000000001928484,187,-1.280351156771233e-10
01051009080,010-5100-9080,original,1.0000000001928484,188,1.1235079483876423e-10
01051009080,010-5100-9080,original,1.0000000001928484,189,3.395359051670172e-11
01051009080,010-5100-9080,original,1.0000000001928484,190,-8.069453038451473e-11
01051009080,010-5100-9080,original,1.0000000001928484,191,-2.1712539550260933e-11
01051009080,010-5100-9080,original,1.0000000001928484,192,3.7165593059734455e-11
01051009080,010-5100-9080,original,1.0000000001928484,193,5.0240689138242724e-11
01051009080,010-5100-9080,original,1.0000000001928484,194,1.8003998731410084e-11
01051009080,010-5100-9080,original,1.0000000001928484,195,1.7607264725712866e-10
01051009080,010-5100-9080,original,1.0000000001928484,196,-1.1598664404065865e-10
01051009080,010-5100-9080,original,1.0000000001928484,197,7.78482419592878e-11
01051009080,010-5100-9080,original,1.0000000001928484,198,-1.6182520096710568e-11
01051009080,010-5100-9080,original,1.0000000001928484,199,-1.9390950542293063e-11
01051009080,010-5100-9080,original,1.0000000001928484,200,-1.7538385087338918e-11
01051009080,010-5100-9080,original,1.0000000001928484,201,8.436802960873786e-11
01051009080,010-5100-9080,original,1.0000000001928484,202,5.344638893334178e-10
01051009080,010-5100-9080,original,1.0000000001928484,203,5.064355248407656e-11
01051009081,010-5100-9081,"one digit, last group",3.512619337099127e-11,0,1.0009592139786414e-10
01051009081,010-5100-9081,"one digit, last group",3.512619337099127e-11,1,3.219533827892238e-11
01051009081,010-5100-9081,"one digit, last group",3.512619337099127e-11,2,1.0134408944986043e-10
01051009081,010-5100-9081,"one digit, last group",3.512619337099127e-11,3,5.205278804733587e-11
01051009081,010-5100-9081,"one digit, last group",3.512619337099127e-11,4,4.329993219584507e-10
01051009081,010-5100-9081,"one digit, last group",3.512619337099127e-11,5,3.7391307881040646e-10
01051009081,010-5100-9081,"one digit, last group",3.512619337099127e-11,6,-6.197382694978176e-11
01051009081,010-5100-9081,"one digit, last group",3.512619337099127e-11,7,-6.578982321180963e-12
01051009081,010-5100-9081,"one digit, last group",3.512619337099127e-11,8,1.4913034717116826e-10
01051009081,010-5100-9081,"one digit, last group",3.512619337099127e-11,9,-7.759904515350438e-11
01051009081,010-5100-9081,"one digit, last group",3.512619337099127e-11,10,-4.201736894765994e-11
01051009081,010-5100-9081,"one digit, last group",3.512619337099127e-11,11,-8.444384329459596e-11
01051009081,010-5100-9081,"one digit, last group",3.512619337099127e-11,12,1.4414533640566714e-10
01051009081,010-5100-9081,"one digit, last group",3.512619337099127e-11,13,2.981124886681205e-10
01051009081,010-5100-9081,"one digit, last group",3.512619337099127e-11,14,7.712649594888579e-11
01051009081,010-5100-9081,"one digit, last group",3.512619337099127e-11,15,4.282753439872881e-11
01051009081,010-5100-9081,"one digit, last group",3.512619337099127e-11,16,5.749531437978087e-11
01051009081,010-5100-9081,"one digit, last group",3.512619337099127e-11,17,2.8101110737482593e-10
01051009081,010-5100-9081,"one digit, last group",3.512619337099127e-11,18,-1.1806648301930986e-10
01051009081,010-5100-9081,"one digit, last group",3.512619337099127e-11,19,-2.7951194369062304e-11
01051009081,010-5100-9081,"one digit, last group",3.512619337099127e-11,20,-2.2608381096089433e-10
01051009081,010-5100-9081,"one digit, last group",3.512619337099127e-11,21,-5.3864446804469286e-11
01051009081,010-5100-9081,"one digit, last group",3.512619337099127e-11,22,-1.7109542953424274e-10
01051009081,010-5100-9081,"one digit, last group",3.512619337099127e-11,23,9.924204109801163e-11
01051009081,010-5100-9081,"one digit, last group",3.512619337099127e-11,24,-4.048205481481227e-10
01051009081,010-5100-9081,"one digit, last group",3.512619337099127e-11,25,-1.2900417446201663e-11
01051009081,010-5100-9081,"one digit, last group",3.512619337099127e-11,26,8.043163324170376e-11
01051009081,010-5100-9081,"one digit, last group",3.512619337099127e-11,27,-3.177733070151762e-11
01051009081,010-5100-9081,"one digit, last group",3.512619337099127e-11,28,-1.0826537247466862e-12
01051009081,010-5100-9081,"one digit, last group",3.512619337099127e-11,29,4.0932720792994887e-11
01051009081,010-5100-9081,"one digit, last group",3.512619337099127e-11,30,-2.094626441422375e-10
01051009081,010-5100-9081,"one digit, last group",3.512619337099127e-11,31,4.737653703766136e-11
01051009081,010-5100-9081,"one digit, last group",3.512619337099127e-11,32,-2.476419767269636e-10
01051009081,010-5100-9081,"one digit, last group",3.512619337099127e-11,33,-1.8560571039717118e-12
01051009081,010-5100-9081,"one digit, last group",3.512619337099127e-11,34,5.11759512370129e-11
01051009081,010-5100-9081,"one digit, last group",3.512619337099127e-11,35,-2.1253195299266624e-11
01051009081,010-5100-9081,"one digit, last group",3.512619337099127e-11,36,-7.470690476730392e-11
01051009081,010-5100-9081,"one digit, last group",3.512619337099127e-11,37,-1.194050148593528e-10
01051009081,010-5100-9081,"one digit, last group",3.512619337099127e-11,38,-1.0133105269973485e-10
01051009081,010-5100-9081,"one digit, last group",3.512619337099127e-11,39,1.537806714191245e-10
01051009081,010-5100-9081,"one digit, last group",3.512619337099127e-11,40,2.192763751287374e-10
01051009081,010-5100-9081,"one digit, last group",3.512619337099127e-11,41,4.0528926205841583e-11
01051009081,010-5100-9081,"one digit, last group",3.512619337099127e-11,42,1.1822727634213965e-10
01051009081,010-5100-9081,"one digit, last group",3.512619337099127e-11,43,8.318632294762303e-11
01051009081,010-5100-9081,"one digit, last group",3.512619337099127e-11,44,-3.277703974494911e-11
01051009081,010-5100-9081,"one digit, last group",3.512619337099127e-11,45,-8.900583438265512e-11
01051009081,010-5100-9081,"one digit, last group",3.512619337099127e-11,46,-2.7185002373882682e-11
01051009081,010-5100-9081,"one digit, last group",3.512619337099127e-11,47,2.7511382032210667e-10
01051009081,010-5100-9081,"one digit, last group",3.512619337099127e-11,48,4.57393543627955e-11
01051009081,010-5100-9081,"one digit, last group",3.512619337099127e-11,49,8.382294288161996e-11
01051009081,010-5100-9081,"one digit, last group",3.512619337099127e-11,50,-1.4419938316633443e-10
01051009081,010-5100-9081,"one digit, last group",3.512619337099127e-11,51,-2.2905927571071306e-11
01051009081,010-5100-9081,"one digit, last group",3.512619337099127e-11,52,-5.755727948970879e-11
01051009081,010-5100-9081,"one digit, last group",3.512619337099127e-11,53,1.1507697844857142e-10
01051009081,010-5100-9081,"one digit, last group",3.512619337099127e-11,54,1.0159989783776026e-11
01051009081,010-5100-9081,"one digit, last group",3.512619337099127e-11,55,1.2662088463937343e-10
01051009081,010-5100-9081,"one digit, last group",3.512619337099127e-11,56,1.202121280446167e-10
01051009081,010-5100-9081,"one digit, last group",3.512619337099127e-11,57,1.217635285834508e-11
01051009081,010-5100-9081,"one digit, last group",3.512619337099127e-11,58,1.4093174002756995e-11
01051009081,010-5100-9081,"one digit, last group",3.512619337099127e-11,59,1.0890710598323938e-10
01051009081,010-5100-9081,"one digit, last group",3.512619337099127e-11,60,-9.126841129531543e-11
01051009081,010-5100-9081,"one digit, last group",3.512619337099127e-11,61,9.196031171147223e-11
01051009081,010-5100-9081,"one digit, last group",3.512619337099127e-11,62,-9.455777294676428e-11
01051009081,010-5100-9081,"one digit, last group",3.512619337099127e-11,63,1.8929221121701775e-10
01051009081,010-5100-9081,"one digit, last group",3.512619337099127e-11,64,4.4593566331259225e-11
01051009081,010-5100-9081,"one digit, last group",3.512619337099127e-11,65,7.097930446182194e-11
01051009081,010-5100-9081,"one digit, last group",3.512619337099127e-11,66,-4.983705768722175e-11
01051009081,010-5100-9081,"one digit, last group",3.512619337099127e-11,67,-2.6863077063090415e-10
01051009081,010-5100-9081,"one digit, last group",3.512619337099127e-11,68,-6.716136907958713e-11
01051009081,010-5100-9081,"one digit, last group",3.512619337099127e-11,69,1.1015926972050241e-10
01051009081,010-5100-9081,"one digit, last group",3.512619337099127e-11,70,-1.8164964161091769e-10
01051009081,010-5100-9081,"one digit, last group",3.512619337099127e-11,71,1.5749572917240278e-10
01051009081,010-5100-9081,"one digit, last group",3.512619337099127e-11,72,6.341742308860644e-12
01051009081,010-5100-9081,"one digit, last group",3.512619337099127e-11,73,-4.05600014188107e-13
01051009081,010-5100-9081,"one digit, last group",3.512619337099127e-11,74,6.74370596837647e-11
01051009081,010-5100-9081,"one digit, last group",3.512619337099127e-11,75,-1.3001813015414632e-10
01051009081,010-5100-9081,"one digit, last group",3.512619337099127e-11,76,-2.002294331127912e-10
01051009081,010-5100-9081,"one digit, last group",3.512619337099127e-11,77,3.69961613173754e-11
01051009081,010-5100-9081,"one digit, last group",3.512619337099127e-11,78,-1.891256177240959e-10
01051009081,010-5100-9081,"one digit, last group",3.512619337099127e-11,79,-1.2100488461835995e-10
01051009081,010-5100-9081,"one digit, last group",3.512619337099127e-11,80,-8.953519072302294e-11
01051009081,010-5100-9081,"one digit, last group",3.512619337099127e-11,81,-7.355474011652871e-11
01051009081,010-5100-9081,"one digit, last group",3.512619337099127e-11,82,-5.45025837061986e-11
01051009081,010-5100-9081,"one digit, last group",3.512619337099127e-11,83,2.6431691070728576e-11
01051009081,010-5100-9081,"one digit, last group",3.512619337099127e-11,84,-1.3084757630726737e-11
01051009081,010-5100-9081,"one digit, last group",3.512619337099127e-11,85,1.9808578297187767e-11
01051009081,010-5100-9081,"one digit, last group",3.512619337099127e-11,86,-4.202567181544067e-12
01051009081,010-5100-9081,"one digit, last group",3.512619337099127e-11,87,-1.458824053339286e-11
01051009081,010-5100-9081,"one digit, last group",3.512619337099127e-11,88,1.2046895222721448e-10
01051009081,010-5100-9081,"one digit, last group",3.512619337099127e-11,89,5.974138857239225e-11
01051009081,010-5100-9081,"one digit, last group",3.512619337099127e-11,90,-1.722548865061764e-10
01051009081,010-5100-9081,"one digit, last group",3.512619337099127e-11,91,-1.506616020878325e-10
01051009081,010-5100-9081,"one digit, last group",3.512619337099127e-11,92,4.2875788622840443e-10
01051009081,010-5100-9081,"one digit, last group",3.512619337099127e-11,93,1.437992668250862e-10
01051009081,010-5100-9081,"one digit, last group",3.512619337099127e-11,94,-1.5264817669602866e-10
01051009081,010-5100-9081,"one digit, last group",3.512619337099127e-11,95,-1.493670380500862e-10
01051009081,010-5100-9081,"one digit, last group",3.512619337099127e-11,96,-2.0267173675773066e-10
01051009081,010-5100-9081,"one digit, last group",3.512619337099127e-11,97,1.7494588409167286e-10
01051009081,010-5100-9081,"one digit, last group",3.512619337099127e-11,98,3.8798113331281106e-11
01051009081,010-5100-9081,"one digit, last group",3.512619337099127e-11,99,-5.309624152059651e-11
01051009081,010-5100-9081,"one digit, last group",3.512619337099127e-11,100,-4.7048150898969156e-11
01051009081,010-5100-9081,"one digit, last group",3.512619337099127e-11,101,5.132973362433177e-11
01051009081,010-5100-9081,"one digit, last group",3.512619337099127e-11,102,6.839934655434974e-10
01051009081,010-5100-9081,"one digit, last group",3.512619337099127e-11,103,1.0484664946239597e-10
01051009081,010-5100-9081,"one digit, last group",3.512619337099127e-11,104,7.176708428531026e-11
01051009081,010-5100-9081,"one digit, last group",3.512619337099127e-11,105,-5.461850173277773e-11
01051009081,010-5100-9081,"one digit, last group",3.512619337099127e-11,106,-5.350922206391448e-11
01051009081,010-5100-9081,"one digit, last group",3.512619337099127e-11,107,2.3382906097943327e-11
01051009081,010-5100-9081,"one digit, last group",3.512619337099127e-11,108,1.1568806919844229e-10
01051009081,010-5100-9081,"one digit, last group",3.512619337099127e-11,109,-7.712880410458531e-11
01051009081,010-5100-9081,"one digit, last group",3.512619337099127e-11,110,4.862931688153673e-11
01051009081,010-5100-9081,"one digit, last group",3.512619337099127e-11,111,8.473232143041774e-11
01051009081,010-5100-9081,"one digit, last group",3.512619337099127e-11,112,-3.2508281283994993e-10
01051009081,010-5100-9081,"one digit, last group",3.512619337099127e-11,113,5.000681519609071e-12
01051009081,010-5100-9081,"one digit, last group",3.512619337099127e-11,114,1.6097734420210436e-10
01051009081,010-5100-9081,"one digit, last group",3.512619337099127e-11,115,8.837685301879429e-12
01051009081,010-5100-9081,"one digit, last group",3.512619337099127e-11,116,-1.3907608879809044e-11
01051009081,010-5100-9081,"one digit, last group",3.512619337099127e-11,117,5.317823625929236e-11
01051009081,010-5100-9081,"one digit, last group",3.512619337099127e-11,118,-3.972389873465951e-11
01051009081,010-5100-9081,"one digit, last group",3.512619337099127e-11,119,-1.0646000043068679e-11
01051009081,010-5100-9081,"one digit, last group",3.512619337099127e-11,120,-1.8151233355061944e-10
01051009081,010-5100-9081,"one digit, last group",3.512619337099127e-11,121,-8.146148807552291e-11
01051009081,010-5100-9081,"one digit, last group",3.512619337099127e-11,122,1.9727673707781783e-10
01051009081,010-5100-9081,"one digit, last group",3.512619337099127e-11,123,-3.296146796213353e-11
01051009081,010-5100-9081,"one digit, last group",3.512619337099127e-11,124,-6.70142169967203e-11
01051009081,010-5100-9081,"one digit, last group",3.512619337099127e-11,125,3.3409559663329804e-10
01051009081,010-5100-9081,"one digit, last group",3.512619337099127e-11,126,3.966501509446006e-11
01051009081,010-5100-9081,"one digit, last group",3.512619337099127e-11,127,-8.385908123795549e-11
01051009081,010-5100-9081,"one digit, last group",3.512619337099127e-11,128,9.10208013771508e-11
01051009081,010-5100-9081,"one digit, last group",3.512619337099127e-11,129,-1.4989895181077104e-10
01051009081,010-5100-9081,"one digit, last group",3.512619337099127e-11,130,-3.545191726992136e-11
01051009081,010-5100-9081,"one digit, last group",3.512619337099127e-11,131,7.376091341859438e-11
01051009081,010-5100-9081,"one digit, last group",3.512619337099127e-11,132,-3.8984064023138915e-11
01051009081,010-5100-9081,"one digit, last group",3.512619337099127e-11,133,-1.920308030314629e-11
01051009081,010-5100-9081,"one digit, last group",3.512619337099127e-11,134,-1.6092235887823175e-10
01051009081,010-5100-9081,"one digit, last group",3.512619337099127e-11,135,1.0659398263136341e-10
01051009081,010-5100-9081,"one digit, last group",3.512619337099127e-11,136,-2.936474785173368e-12
01051009081,010-5100-9081,"one digit, last group",3.512619337099127e-11,137,1.0876665067884153e-11
01051009081,010-5100-9081,"one digit, last group",3.512619337099127e-11,138,2.6761483328081584e-10
01051009081,010-5100-9081,"one digit, last group",3.512619337099127e-11,139,-1.7916939524298276e-10
01051009081,010-5100-9081,"one digit, last group",3.512619337099127e-11,140,1.0361246470877265e-10
01051009081,010-5100-9081,"one digit, last group",3.512619337099127e-11,141,1.6624443984901464e-10
01051009081,010-5100-9081,"one digit, last group",3.512619337099127e-11,142,1.1247298373688397e-10
01051009081,010-5100-9081,"one digit, last group",3.512619337099127e-11,143,1.60801983687485e-10
01051009081,010-5100-9081,"one digit, last group",3.512619337099127e-11,144,2.328384972342828e-10
01051009081,010-5100-9081,"one digit, last group",3.512619337099127e-11,145,9.055796238325911e-11
01051009081,010-5100-9081,"one digit, last group",3.512619337099127e-11,146,-7.929117706041896e-11
01051009081,010-5100-9081,"one digit, last group",3.512619337099127e-11,147,1.598082387994849e-10
01051009081,010-5100-9081,"one digit, last group",3.512619337099127e-11,148,-4.6041875857051804e-11
01051009081,010-5100-9081,"one digit, last group",3.512619337099127e-11,149,-6.765382301947943e-11
01051009081,010-5100-9081,"one digit, last group",3.512619337099127e-11,150,-2.7226805533981696e-10
01051009081,010-5100-9081,"one digit, last group",3.512619337099127e-11,151,-5.2667722891895334e-11
01051009081,010-5100-9081,"one digit, last group",3.512619337099127e-11,152,2.8436564364702633e-10
01051009081,010-5100-9081,"one digit, last group",3.512619337099127e-11,153,-3.8353791597533496e-11
01051009081,010-5100-9081,"one digit, last group",3.512619337099127e-11,154,-3.4989974275965635e-11
01051009081,010-5100-9081,"one digit, last group",3.512619337099127e-11,155,2.684142681014803e-10
01051009081,010-5100-9081,"one digit, last group",3.512619337099127e-11,156,9.603926212032674e-11
01051009081,010-5100-9081,"one digit, last group",3.512619337099127e-11,157,1.4005406163073058e-11
01051009081,010-5100-9081,"one digit, last group",3.512619337099127e-11,158,-1.178448288369076e-10
01051009081,010-5100-9081,"one digit, last group",3.512619337099127e-11,159,-8.054049958697475e-12
01051009081,010-5100-9081,"one digit, last group",3.512619337099127e-11,160,-6.284348319682843e-12
01051009081,010-5100-9081,"one digit, last group",3.512619337099127e-11,161,4.908379690859942e-11
01051009081,010-5100-9081,"one digit, last group",3.512619337099127e-11,162,8.517633465829983e-11
01051009081,010-5100-9081,"one digit, last group",3.512619337099127e-11,163,2.4162316557318666e-11
01051009081,010-5100-9081,"one digit, last group",3.512619337099127e-11,164,1.0645904685562502e-10
01051009081,010-5100-9081,"one digit, last group",3.512619337099127e-11,165,3.8075246361132265e-10
01051009081,010-5100-9081,"one digit, last group",3.512619337099127e-11,166,7.182866908699968e-11
01051009081,010-5100-9081,"one digit, last group",3.512619337099127e-11,167,-3.20529375558475e-11
01051009081,010-5100-9081,"one digit, last group",3.512619337099127e-11,168,3.6173779898526136e-11
01051009081,010-5100-9081,"one digit, last group",3.512619337099127e-11,169,2.0377852115460687e-10
01051009081,010-5100-9081,"one digit, last group",3.512619337099127e-11,170,-5.3948501353784656e-11
01051009081,010-5100-9081,"one digit, last group",3.512619337099127e-11,171,1.5669561109066005e-10
01051009081,010-5100-9081,"one digit, last group",3.512619337099127e-11,172,8.124835656754414e-11
01051009081,010-5100-9081,"one digit, last group",3.512619337099127e-11,173,1.0955611015918335e-11
01051009081,010-5100-9081,"one digit, last group",3.512619337099127e-11,174,-7.452246966573565e-11
01051009081,010-5100-9081,"one digit, last group",3.512619337099127e-11,175,-2.9374005241185826e-10
01051009081,010-5100-9081,"one digit, last group",3.512619337099127e-11,176,-9.322000523389473e-12
01051009081,010-5100-9081,"one digit, last group",3.512619337099127e-11,177,-2.693817175274333e-10
01051009081,010-5100-9081,"one digit, last group",3.512619337099127e-11,178,2.0205253470225237e-10
01051009081,010-5100-9081,"one digit, last group",3.512619337099127e-11,179,2.6615025984673134e-11
01051009081,010-5100-9081,"one digit, last group",3.512619337099127e-11,180,-1.1814816524921222e-10
01051009081,010-5100-9081,"one digit, last group",3.512619337099127e-11,181,7.430357990144976e-09
01051009081,010-5100-9081,"one digit, last group",3.512619337099127e-11,182,-4.5569722272046304e-09
01051009081,010-5100-9081,"one digit, last group",3.512619337099127e-11,183,-1.0236813543180358e-09
01051009081,010-5100-9081,"one digit, last group",3.512619337099127e-11,184,-2.5655179970449504e-12
01051009081,010-5100-9081,"one digit, last group",3.512619337099127e-11,185,2.957904215322539e-11
01051009081,010-5100-9081,"one digit, last group",3.512619337099127e-11,186,1.036493546405317e-10
01051009081,010-5100-9081,"one digit, last group",3.512619337099127e-11,187,-2.1160073032060297e-12
01051009081,010-5100-9081,"one digit, last group",3.512619337099127e-11,188,1.076179327157254e-10
01051009081,010-5100-9081,"one digit, last group",3.512619337099127e-11,189,4.1952188555469525e-11
01051009081,010-5100-9081,"one digit, last group",3.512619337099127e-11,190,-1.0239855329879694e-10
01051009081,010-5100-9081,"one digit, last group",3.512619337099127e-11,191,-2.5760739203342143e-11
01051009081,010-5100-9081,"one digit, last group",3.512619337099127e-11,192,6.059492841875567e-12
01051009081,010-5100-9081,"one digit, last group",3.512619337099127e-11,193,1.0680269074554252e-10
01051009081,010-5100-9081,"one digit, last group",3.512619337099127e-11,194,2.0017992454792803e-11
01051009081,010-5100-9081,"one digit, last group",3.512619337099127e-11,195,-2.9127232676153923e-12
01051009081,010-5100-9081,"one digit, last group",3.512619337099127e-11,196,1.10189856976016e-10
01051009081,010-5100-9081,"one digit, last group",3.512619337099127e-11,197,-1.2371480426077974e-11
01051009081,010-5100-9081,"one digit, last group",3.512619337099127e-11,198,2.4033852815190226e-10
01051009081,010-5100-9081,"one digit, last group",3.512619337099127e-11,199,1.2319726813900506e-10
01051009081,010-5100-9081,"one digit, last group",3.512619337099127e-11,200,9.617507376047114e-11
01051009081,010-5100-9081,"one digit, last group",3.512619337099127e-11,201,-2.9059281649598295e-11
01051009081,010-5100-9081,"one digit, last group",3.512619337099127e-11,202,-1.7260327971582617e-10
01051009081,010-5100-9081,"one digit, last group",3.512619337099127e-11,203,5.6717170072974866e-12
01052001582,010-5200-1582,original,1.0000000001540266,0,4.0658249761355785e-11
01052001582,010-5200-1582,original,1.0000000001540266,1,1.6703808563733183e-11
01052001582,010-5200-1582,original,1.0000000001540266,2,-1.3645396756353646e-10
01052001582,010-5200-1582,original,1.0000000001540266,3,3.358356556999222e-11
01052001582,010-5200-1582,original,1.0000000001540266,4,-7.126478245112064e-11
01052001582,010-5200-1582,original,1.0000000001540266,5,-2.3950487200895363e-10
01052001582,010-5200-1582,original,1.0000000001540266,6,8.200789070077205e-11
01052001582,010-5200-1582,original,1.0000000001540266,7,-1.0483252538731033e-11
01052001582,010-5200-1582,original,1.0000000001540266,8,-1.9760044216023957e-10
01052001582,010-5200-1582,original,1.0000000001540266,9,-1.3097553552498485e-11
01052001582,010-5200-1582,original,1.0000000001540266,10,3.105402027034822e-11
01052001582,010-5200-1582,original,1.0000000001540266,11,-3.408967627007946e-11
01052001582,010-5200-1582,original,1.0000000001540266,12,-2.520639169997092e-10
01052001582,010-5200-1582,original,1.0000000001540266,13,2.7699172277024718e-11
01052001582,010-5200-1582,original,1.0000000001540266,14,6.53716081390739e-11
01052001582,010-5200-1582,original,1.0000000001540266,15,-3.340827293638998e-11
01052001582,010-5200-1582,original,1.0000000001540266,16,2.487501837938851e-11
01052001582,010-5200-1582,original,1.0000000001540266,17,4.722665994162012e-10
01052001582,010-5200-1582,original,1.0000000001540266,18,-1.425340239783509e-10
01052001582,010-5200-1582,original,1.0000000001540266,19,-3.7064565006658265e-11
01052001582,010-5200-1582,original,1.0000000001540266,20,-8.477251758285894e-11
01052001582,010-5200-1582,original,1.0000000001540266,21,-1.654259281146924e-10
01052001582,010-5200-1582,original,1.0000000001540266,22,-1.8309091386192845e-11
01052001582,010-5200-1582,original,1.0000000001540266,23,1.822665685419392e-11
01052001582,010-5200-1582,original,1.0000000001540266,24,1.6164291754023478e-10
01052001582,010-5200-1582,original,1.0000000001540266,25,-5.749241034564291e-11
01052001582,010-5200-1582,original,1.0000000001540266,26,1.5811723903137355e-10
01052001582,010-5200-1582,original,1.0000000001540266,27,3.15740819337147e-10
01052001582,010-5200-1582,original,1.0000000001540266,28,2.130779215484096e-10
01052001582,010-5200-1582,original,1.0000000001540266,29,-1.1470189672401883e-10
01052001582,010-5200-1582,original,1.0000000001540266,30,-8.572190026826892e-11
01052001582,010-5200-1582,original,1.0000000001540266,31,-2.8144491428623474e-11
01052001582,010-5200-1582,original,1.0000000001540266,32,-2.0608702411317366e-10
01052001582,010-5200-1582,original,1.0000000001540266,33,2.836194741358139e-10
01052001582,010-5200-1582,original,1.0000000001540266,34,-1.3056255356583668e-10
01052001582,010-5200-1582,original,1.0000000001540266,35,1.0386664784112403e-10
01052001582,010-5200-1582,original,1.0000000001540266,36,1.0619738150526058e-10
01052001582,010-5200-1582,original,1.0000000001540266,37,1.909909583254871e-10
01052001582,010-5200-1582,original,1.0000000001540266,38,2.4532184574947174e-11
01052001582,010-5200-1582,original,1.0000000001540266,39,1.5318715105532073e-10
01052001582,010-5200-1582,original,1.0000000001540266,40,-1.2024608098199355e-10
01052001582,010-5200-1582,original,1.0000000001540266,41,-8.78533312854135e-11
01052001582,010-5200-1582,original,1.0000000001540266,42,6.88830709186516e-11
01052001582,010-5200-1582,original,1.0000000001540266,43,-2.3517726423357434e-11
01052001582,010-5200-1582,original,1.0000000001540266,44,2.954533423816193e-11
01052001582,010-5200-1582,original,1.0000000001540266,45,-5.5971761654720774e-11
01052001582,010-5200-1582,original,1.0000000001540266,46,-8.29041541660727e-11
01052001582,010-5200-1582,original,1.0000000001540266,47,1.550465121434817e-10
01052001582,010-5200-1582,original,1.0000000001540266,48,6.336887330168e-11
01052001582,010-5200-1582,original,1.0000000001540266,49,3.9117950994112454e-11
01052001582,010-5200-1582,original,1.0000000001540266,50,3.67292717524068e-10
01052001582,010-5200-1582,original,1.0000000001540266,51,-5.6909778974104047e-11
01052001582,010-5200-1582,original,1.0000000001540266,52,1.5520877683762633e-11
01052001582,010-5200-1582,original,1.0000000001540266,53,7.966047517091357e-13
01052001582,010-5200-1582,original,1.0000000001540266,54,-2.403734453547973e-13
01052001582,010-5200-1582,original,1.0000000001540266,55,5.2496950083911744e-11
01052001582,010-5200-1582,original,1.0000000001540266,56,-7.689460269638696e-11
01052001582,010-5200-1582,original,1.0000000001540266,57,-2.2415338954161434e-11
01052001582,010-5200-1582,original,1.0000000001540266,58,-1.1175758004941951e-10
01052001582,010-5200-1582,original,1.0000000001540266,59,6.6598857477971e-11
01052001582,010-5200-1582,original,1.0000000001540266,60,-1.9624474295053273e-10
01052001582,010-5200-1582,original,1.0000000001540266,61,3.613185796609915e-12
01052001582,010-5200-1582,original,1.0000000001540266,62,1.0044896788955779e-10
01052001582,010-5200-1582,original,1.0000000001540266,63,8.205703887084071e-11
01052001582,010-5200-1582,original,1.0000000001540266,64,7.293634190812552e-11
01052001582,010-5200-1582,original,1.0000000001540266,65,-3.6193947063543236e-11
01052001582,010-5200-1582,original,1.0000000001540266,66,-2.2178138498514508e-10
01052001582,010-5200-1582,original,1.0000000001540266,67,-1.7072990614641575e-10
01052001582,010-5200-1582,original,1.0000000001540266,68,1.7399396219459554e-10
01052001582,010-5200-1582,original,1.0000000001540266,69,-1.3615666085216217e-10
01052001582,010-5200-1582,original,1.0000000001540266,70,1.9470546041183966e-10
01052001582,010-5200-1582,original,1.0000000001540266,71,-6.003036627479117e-11
01052001582,010-5200-1582,original,1.0000000001540266,72,-2.5735708059426268e-11
01052001582,010-5200-1582,original,1.0000000001540266,73,-5.148104804027788e-11
01052001582,010-5200-1582,original,1.0000000001540266,74,-3.730236445457403e-11
01052001582,010-5200-1582,original,1.0000000001540266,75,1.6433856956893676e-10
01052001582,010-5200-1582,original,1.0000000001540266,76,1.7014438450530845e-10
01052001582,010-5200-1582,original,1.0000000001540266,77,5.581872492335406e-11
01052001582,010-5200-1582,original,1.0000000001540266,78,-4.4966836223269866e-10
01052001582,010-5200-1582,original,1.0000000001540266,79,-1.7861049063111472e-11
01052001582,010-5200-1582,original,1.0000000001540266,80,-4.708910435820748e-11
01052001582,010-5200-1582,original,1.0000000001540266,81,-1.115998313379527e-10
01052001582,010-5200-1582,original,1.0000000001540266,82,-2.3745129252037073e-10
01052001582,010-5200-1582,original,1.0000000001540266,83,-2.521386028055333e-11
01052001582,010-5200-1582,original,1.0000000001540266,84,9.89462271513314e-12
01052001582,010-5200-1582,original,1.0000000001540266,85,4.94035841445368e-11
01052001582,010-5200-1582,original,1.0000000001540266,86,-1.6097484651399507e-10
01052001582,010-5200-1582,original,1.0000000001540266,87,-3.413735421500325e-11
01052001582,010-5200-1582,original,1.0000000001540266,88,7.608904863397499e-11
01052001582,010-5200-1582,original,1.0000000001540266,89,-4.7736496776591385e-11
01052001582,010-5200-1582,original,1.0000000001540266,90,-1.1399463675611597e-10
01052001582,010-5200-1582,original,1.0000000001540266,91,-8.749811675494064e-11
01052001582,010-5200-1582,original,1.0000000001540266,92,2.5607689867553604e-10
01052001582,010-5200-1582,original,1.0000000001540266,93,-1.9584930492510532e-10
01052001582,010-5200-1582,original,1.0000000001540266,94,1.4460110620368395e-10
01052001582,010-5200-1582,original,1.0000000001540266,95,-2.1899269051397263e-12
01052001582,010-5200-1582,original,1.0000000001540266,96,1.493234654108174e-10
01052001582,010-5200-1582,original,1.0000000001540266,97,-4.006125859398891e-10
01052001582,010-5200-1582,original,1.0000000001540266,98,-7.810517103069274e-11
01052001582,010-5200-1582,original,1.0000000001540266,99,5.707506482686041e-11
01052001582,010-5200-1582,original,1.0000000001540266,100,-1.6865792470888299e-10
01052001582,010-5200-1582,original,1.0000000001540266,101,-3.0246557670246765e-11
01052001582,010-5200-1582,original,1.0000000001540266,102,2.7084845008666834e-10
01052001582,010-5200-1582,original,1.0000000001540266,103,-2.818794337582238e-10
01052001582,010-5200-1582,original,1.0000000001540266,104,-2.9941797202413354e-10
01052001582,010-5200-1582,original,1.0000000001540266,105,4.2664838345512514e-11
01052001582,010-5200-1582,original,1.0000000001540266,106,-1.0559352655638567e-11
01052001582,010-5200-1582,original,1.0000000001540266,107,-4.5389757462475427e-11
01052001582,010-5200-1582,original,1.0000000001540266,108,2.130940519266892e-11
01052001582,010-5200-1582,original,1.0000000001540266,109,9.541832613878829e-11
01052001582,010-5200-1582,original,1.0000000001540266,110,-8.357129781353895e-11
01052001582,010-5200-1582,original,1.0000000001540266,111,-2.39168883038417e-10
01052001582,010-5200-1582,original,1.0000000001540266,112,-3.208293588700672e-10
01052001582,010-5200-1582,original,1.0000000001540266,113,-1.9821786897286993e-11
01052001582,010-5200-1582,original,1.0000000001540266,114,1.7955301788947232e-10
01052001582,010-5200-1582,original,1.0000000001540266,115,1.9375512105083767e-11
01052001582,010-5200-1582,original,1.0000000001540266,116,-3.589494657654891e-11
01052001582,010-5200-1582,original,1.0000000001540266,117,-7.50405603958633e-11
01052001582,010-5200-1582,original,1.0000000001540266,118,3.2180592923295957e-10
01052001582,010-5200-1582,original,1.0000000001540266,119,-2.7107957905224065e-10
01052001582,010-5200-1582,original,1.0000000001540266,120,3.587783505362122e-11
01052001582,010-5200-1582,original,1.0000000001540266,121,-2.882234138902646e-11
01052001582,010-5200-1582,original,1.0000000001540266,122,-1.6134369190797623e-10
01052001582,010-5200-1582,original,1.0000000001540266,123,5.92937220509521e-11
01052001582,010-5200-1582,original,1.0000000001540266,124,-1.2962055750139495e-10
01052001582,010-5200-1582,original,1.0000000001540266,125,4.790372917275385e-10
01052001582,010-5200-1582,original,1.0000000001540266,126,-5.879492684242466e-11
01052001582,010-5200-1582,original,1.0000000001540266,127,-2.5481370431885816e-10
01052001582,010-5200-1582,original,1.0000000001540266,128,5.870954611487677e-11
01052001582,010-5200-1582,original,1.0000000001540266,129,-1.1344616693782413e-10
01052001582,010-5200-1582,original,1.0000000001540266,130,1.8382950156340473e-11
01052001582,010-5200-1582,original,1.0000000001540266,131,-7.317776950589209e-11
01052001582,010-5200-1582,original,1.0000000001540266,132,-4.692151056656564e-11
01052001582,010-5200-1582,original,1.0000000001540266,133,8.420941660952578e-11
01052001582,010-5200-1582,original,1.0000000001540266,134,1.9137319481250043e-11
01052001582,010-5200-1582,original,1.0000000001540266,135,-2.7013720210434846e-11
01052001582,010-5200-1582,original,1.0000000001540266,136,-5.671239915296683e-12
01052001582,010-5200-1582,original,1.0000000001540266,137,2.862958533362952e-11
01052001582,010-5200-1582,original,1.0000000001540266,138,4.722861418081464e-11
01052001582,010-5200-1582,original,1.0000000001540266,139,8.612722194875424e-11
01052001582,010-5200-1582,original,1.0000000001540266,140,2.5179769666272602e-11
01052001582,010-5200-1582,original,1.0000000001540266,141,1.2920216612816197e-10
01052001582,010-5200-1582,original,1.0000000001540266,142,-1.8288752720694777e-10
01052001582,010-5200-1582,original,1.0000000001540266,143,1.30273331150218e-10
01052001582,010-5200-1582,original,1.0000000001540266,144,1.3278554277198092e-10
01052001582,010-5200-1582,original,1.0000000001540266,145,1.1159337314516542e-10
01052001582,010-5200-1582,original,1.0000000001540266,146,9.810497998876041e-11
01052001582,010-5200-1582,original,1.0000000001540266,147,1.8597269190871184e-10
01052001582,010-5200-1582,original,1.0000000001540266,148,7.963322975417449e-12
01052001582,010-5200-1582,original,1.0000000001540266,149,1.205210782871619e-10
01052001582,010-5200-1582,original,1.0000000001540266,150,4.1258823920409026e-10
01052001582,010-5200-1582,original,1.0000000001540266,151,-5.5674054920510555e-11
01052001582,010-5200-1582,original,1.0000000001540266,152,-1.206477261559772e-10
01052001582,010-5200-1582,original,1.0000000001540266,153,2.499170724187748e-10
01052001582,010-5200-1582,original,1.0000000001540266,154,2.4030194548561333e-11
01052001582,010-5200-1582,original,1.0000000001540266,155,-9.486857589622782e-11
01052001582,010-5200-1582,original,1.0000000001540266,156,-1.2198442173574351e-11
01052001582,010-5200-1582,original,1.0000000001540266,157,2.2540442384287036e-11
01052001582,010-5200-1582,original,1.0000000001540266,158,1.1194894168163464e-10
01052001582,010-5200-1582,original,1.0000000001540266,159,6.482022413630795e-11
01052001582,010-5200-1582,original,1.0000000001540266,160,-9.410940089007789e-11
01052001582,010-5200-1582,original,1.0000000001540266,161,-1.2949504481987715e-10
01052001582,010-5200-1582,original,1.0000000001540266,162,2.624334261467854e-11
01052001582,010-5200-1582,original,1.0000000001540266,163,-1.4467524698794267e-11
01052001582,010-5200-1582,original,1.0000000001540266,164,-6.248103934924771e-11
01052001582,010-5200-1582,original,1.0000000001540266,165,3.556049507912718e-10
01052001582,010-5200-1582,original,1.0000000001540266,166,-4.8862445192639045e-11
01052001582,010-5200-1582,original,1.0000000001540266,167,1.956999924508582e-10
01052001582,010-5200-1582,original,1.0000000001540266,168,-3.532059404734529e-10
01052001582,010-5200-1582,original,1.0000000001540266,169,1.086835732952761e-10
01052001582,010-5200-1582,original,1.0000000001540266,170,-8.976146841140459e-11
01052001582,010-5200-1582,original,1.0000000001540266,171,0.9999997122886954
01052001582,010-5200-1582,original,1.0000000001540266,172,0.9999996911912001
01052001582,010-5200-1582,original,1.0000000001540266,173,1.2029161102501036e-10
01052001582,010-5200-1582,original,1.0000000001540266,174,9.799570327742887e-11
01052001582,010-5200-1582,original,1.0000000001540266,175,3.715152881968079e-10
01052001582,010-5200-1582,original,1.0000000001540266,176,4.758431913822036e-11
01052001582,010-5200-1582,original,1.0000000001540266,177,1.1848928705905897e-10
01052001582,010-5200-1582,original,1.0000000001540266,178,1.545973630530999e-10
01052001582,010-5200-1582,original,1.0000000001540266,179,-3.5342839345799474e-10
01052001582,010-5200-1582,original,1.0000000001540266,180,1.1172330845755948e-10
01052001582,010-5200-1582,original,1.0000000001540266,181,-5.85771387507888e-11
01052001582,010-5200-1582,original,1.0000000001540266,182,1.2427296347180525e-10
01052001582,010-5200-1582,original,1.0000000001540266,183,-1.5415651933803155e-10
01052001582,010-5200-1582,original,1.0000000001540266,184,-2.9848609476957896e-11
01052001582,010-5200-1582,original,1.0000000001540266,185,1.5900799380363977e-11
01052001582,010-5200-1582,original,1.0000000001540266,186,6.704152629462263e-11
01052001582,010-5200-1582,original,1.0000000001540266,187,3.733657018223214e-11
01052001582,010-5200-1582,original,1.0000000001540266,188,-1.17476205449881e-10
01052001582,010-5200-1582,original,1.0000000001540266,189,-2.571396940760828e-10
01052001582,010-5200-1582,original,1.0000000001540266,190,4.817650809881174e-11
01052001582,010-5200-1582,original,1.0000000001540266,191,-5.3377191159438606e-11
01052001582,010-5200-1582,original,1.0000000001540266,192,2.4074828764755705e-11
01052001582,010-5200-1582,original,1.0000000001540266,193,-4.29023374891823e-11
01052001582,010-5200-1582,original,1.0000000001540266,194,3.230459670580371e-11
01052001582,010-5200-1582,original,1.0000000001540266,195,-3.145772905375643e-10
01052001582,010-5200-1582,original,1.0000000001540266,196,-8.840424285723585e-11
01052001582,010-5200-1582,original,1.0000000001540266,197,-9.614782049127313e-11
01052001582,010-5200-1582,original,1.0000000001540266,198,1.9409918156589806e-10
01052001582,010-5200-1582,original,1.0000000001540266,199,-5.000414669781262e-10
01052001582,010-5200-1582,original,1.0000000001540266,200,5.613768687136929e-12
01052001582,010-5200-1582,original,1.0000000001540266,201,3.8199628917955296e-11
01052001582,010-5200-1582,original,1.0000000001540266,202,4.121776183835592e-10
01052001582,010-5200-1582,original,1.0000000001540266,203,-1.0734151480002482e-11
01052001583,010-5200-1583,"one digit, last group",-3.6051384960980145e-10,0,1.306097959670565e-10
01052001583,010-5200-1583,"one digit, last group",-3.6051384960980145e-10,1,4.876857030575597e-11
01052001583,010-5200-1583,"one digit, last group",-3.6051384960980145e-10,2,8.869448577044184e-11
01052001583,010-5200-1583,"one digit, last group",-3.6051384960980145e-10,3,-4.327944317370216e-11
01052001583,010-5200-1583,"one digit, last group",-3.6051384960980145e-10,4,3.208519800572447e-10
01052001583,010-5200-1583,"one digit, last group",-3.6051384960980145e-10,5,-3.5140529922447897e-10
01052001583,010-5200-1583,"one digit, last group",-3.6051384960980145e-10,6,-2.792121091573051e-11
01052001583,010-5200-1583,"one digit, last group",-3.6051384960980145e-10,7,1.5639163694628739e-10
01052001583,010-5200-1583,"one digit, last group",-3.6051384960980145e-10,8,9.973121321244805e-11
01052001583,010-5200-1583,"one digit, last group",-3.6051384960980145e-10,9,1.4923188674998636e-10
01052001583,010-5200-1583,"one digit, last group",-3.6051384960980145e-10,10,-3.168423406930237e-12
01052001583,010-5200-1583,"one digit, last group",-3.6051384960980145e-10,11,-1.7453954014428392e-11
01052001583,010-5200-1583,"one digit, last group",-3.6051384960980145e-10,12,1.0097577426946358e-11
01052001583,010-5200-1583,"one digit, last group",-3.6051384960980145e-10,13,2.7799597926459715e-10
01052001583,010-5200-1583,"one digit, last group",-3.6051384960980145e-10,14,-2.6937040447310053e-11
01052001583,010-5200-1583,"one digit, last group",-3.6051384960980145e-10,15,4.9758204458534003e-11
01052001583,010-5200-1583,"one digit, last group",-3.6051384960980145e-10,16,1.2493446196392164e-10
01052001583,010-5200-1583,"one digit, last group",-3.6051384960980145e-10,17,-7.049210440440313e-11
01052001583,010-5200-1583,"one digit, last group",-3.6051384960980145e-10,18,5.534515942129105e-11
01052001583,010-5200-1583,"one digit, last group",-3.6051384960980145e-10,19,-9.223907655785356e-11
01052001583,010-5200-1583,"one digit, last group",-3.6051384960980145e-10,20,-1.0306688823523972e-10
01052001583,010-5200-1583,"one digit, last group",-3.6051384960980145e-10,21,1.7503793185424366e-10
01052001583,010-5200-1583,"one digit, last group",-3.6051384960980145e-10,22,1.271826986518878e-10
01052001583,010-5200-1583,"one digit, last group",-3.6051384960980145e-10,23,-4.0252518219245355e-11
01052001583,010-5200-1583,"one digit, last group",-3.6051384960980145e-10,24,3.7364021977427147e-10
01052001583,010-5200-1583,"one digit, last group",-3.6051384960980145e-10,25,-5.657412166272378e-11
01052001583,010-5200-1583,"one digit, last group",-3.6051384960980145e-10,26,4.779469056745312e-10
01052001583,010-5200-1583,"one digit, last group",-3.6051384960980145e-10,27,-1.5061368278144553e-11
01052001583,010-5200-1583,"one digit, last group",-3.6051384960980145e-10,28,-9.930978854546134e-11
01052001583,010-5200-1583,"one digit, last group",-3.6051384960980145e-10,29,-2.1411102489752816e-11
01052001583,010-5200-1583,"one digit, last group",-3.6051384960980145e-10,30,2.8748554330739254e-10
01052001583,010-5200-1583,"one digit, last group",-3.6051384960980145e-10,31,-9.638977647319264e-12
01052001583,010-5200-1583,"one digit, last group",-3.6051384960980145e-10,32,-1.7956935272394767e-10
01052001583,010-5200-1583,"one digit, last group",-3.6051384960980145e-10,33,-4.2277600728634846e-10
01052001583,010-5200-1583,"one digit, last group",-3.6051384960980145e-10,34,1.9377702757677494e-10
01052001583,010-5200-1583,"one digit, last group",-3.6051384960980145e-10,35,-5.828120762184376e-11
01052001583,010-5200-1583,"one digit, last group",-3.6051384960980145e-10,36,-2.7017051777237203e-11
01052001583,010-5200-1583,"one digit, last group",-3.6051384960980145e-10,37,-9.847334194856353e-11
01052001583,010-5200-1583,"one digit, last group",-3.6051384960980145e-10,38,-1.1431435097314031e-10
01052001583,010-5200-1583,"one digit, last group",-3.6051384960980145e-10,39,-9.001336497792223e-11
01052001583,010-5200-1583,"one digit, last group",-3.6051384960980145e-10,40,4.327982633584694e-10
01052001583,010-5200-1583,"one digit, last group",-3.6051384960980145e-10,41,-3.698809342097933e-11
01052001583,010-5200-1583,"one digit, last group",-3.6051384960980145e-10,42,-1.1287961391232958e-10
01052001583,010-5200-1583,"one digit, last group",-3.6051384960980145e-10,43,1.334346432599781e-10
01052001583,010-5200-1583,"one digit, last group",-3.6051384960980145e-10,44,-1.1072230533659965e-11
01052001583,010-5200-1583,"one digit, last group",-3.6051384960980145e-10,45,-2.345113109007483e-10
01052001583,010-5200-1583,"one digit, last group",-3.6051384960980145e-10,46,6.062405953725982e-11
01052001583,010-5200-1583,"one digit, last group",-3.6051384960980145e-10,47,-2.043110480226497e-11
01052001583,010-5200-1583,"one digit, last group",-3.6051384960980145e-10,48,9.69849306251618e-11
01052001583,010-5200-1583,"one digit, last group",-3.6051384960980145e-10,49,3.2708017801394286e-11
01052001583,010-5200-1583,"one digit, last group",-3.6051384960980145e-10,50,9.472546969532656e-11
01052001583,010-5200-1583,"one digit, last group",-3.6051384960980145e-10,51,-4.702217290563623e-12
01052001583,010-5200-1583,"one digit, last group",-3.6051384960980145e-10,52,6.950692714577265e-11
01052001583,010-5200-1583,"one digit, last group",-3.6051384960980145e-10,53,-6.247047791139722e-11
01052001583,010-5200-1583,"one digit, last group",-3.6051384960980145e-10,54,-3.851011722003818e-11
01052001583,010-5200-1583,"one digit, last group",-3.6051384960980145e-10,55,1.4133026008498333e-10
01052001583,010-5200-1583,"one digit, last group",-3.6051384960980145e-10,56,-7.946745246299614e-11
01052001583,010-5200-1583,"one digit, last group",-3.6051384960980145e-10,57,2.1368971230357916e-11
01052001583,010-5200-1583,"one digit, last group",-3.6051384960980145e-10,58,-3.79466826478414e-11
01052001583,010-5200-1583,"one digit, last group",-3.6051384960980145e-10,59,5.1915831694185574e-11
01052001583,010-5200-1583,"one digit, last group",-3.6051384960980145e-10,60,5.0922431287159425e-11
01052001583,010-5200-1583,"one digit, last group",-3.6051384960980145e-10,61,1.1989432467059786e-10
01052001583,010-5200-1583,"one digit, last group",-3.6051384960980145e-10,62,-1.971146200241558e-10
01052001583,010-5200-1583,"one digit, last group",-3.6051384960980145e-10,63,-3.8100959216165385e-11
01052001583,010-5200-1583,"one digit, last group",-3.6051384960980145e-10,64,-2.739496327821644e-10
01052001583,010-5200-1583,"one digit, last group",-3.6051384960980145e-10,65,-3.100886676592108e-10
01052001583,010-5200-1583,"one digit, last group",-3.6051384960980145e-10,66,2.1814835414161952e-11
01052001583,010-5200-1583,"one digit, last group",-3.6051384960980145e-10,67,-2.6309830842495006e-10
01052001583,010-5200-1583,"one digit, last group",-3.6051384960980145e-10,68,1.9360888862938872e-10
01052001583,010-5200-1583,"one digit, last group",-3.6051384960980145e-10,69,-7.464154932219417e-11
01052001583,010-5200-1583,"one digit, last group",-3.6051384960980145e-10,70,1.5028940030516822e-10
01052001583,010-5200-1583,"one digit, last group",-3.6051384960980145e-10,71,9.372262114166116e-11
01052001583,010-5200-1583,"one digit, last group",-3.6051384960980145e-10,72,2.878052393215932e-11
01052001583,010-5200-1583,"one digit, last group",-3.6051384960980145e-10,73,-1.5617174421482828e-11
01052001583,010-5200-1583,"one digit, last group",-3.6051384960980145e-10,74,-2.02197284476039e-10
01052001583,010-5200-1583,"one digit, last group",-3.6051384960980145e-10,75,3.433190337849968e-11
01052001583,010-5200-1583,"one digit, last group",-3.6051384960980145e-10,76,-1.1136877993890126e-11
01052001583,010-5200-1583,"one digit, last group",-3.6051384960980145e-10,77,-1.3346767652756678e-10
01052001583,010-5200-1583,"one digit, last group",-3.6051384960980145e-10,78,-2.714596851649014e-10
01052001583,010-5200-1583,"one digit, last group",-3.6051384960980145e-10,79,-1.0325076671841864e-10
01052001583,010-5200-1583,"one digit, last group",-3.6051384960980145e-10,80,-2.194836640284351e-11
01052001583,010-5200-1583,"one digit, last group",-3.6051384960980145e-10,81,6.566382503474393e-11
01052001583,010-5200-1583,"one digit, last group",-3.6051384960980145e-10,82,-2.1070792797907027e-10
01052001583,010-5200-1583,"one digit, last group",-3.6051384960980145e-10,83,1.7209024509743723e-11
01052001583,010-5200-1583,"one digit, last group",-3.6051384960980145e-10,84,-6.798435091097274e-11
01052001583,010-5200-1583,"one digit, last group",-3.6051384960980145e-10,85,2.3157904099237726e-11
01052001583,010-5200-1583,"one digit, last group",-3.6051384960980145e-10,86,-1.3928773025663582e-10
01052001583,010-5200-1583,"one digit, last group",-3.6051384960980145e-10,87,7.449268019445911e-11
01052001583,010-5200-1583,"one digit, last group",-3.6051384960980145e-10,88,-1.7422064436785635e-10
01052001583,010-5200-1583,"one digit, last group",-3.6051384960980145e-10,89,2.234325778930388e-11
01052001583,010-5200-1583,"one digit, last group",-3.6051384960980145e-10,90,5.999412322289408e-12
01052001583,010-5200-1583,"one digit, last group",-3.6051384960980145e-10,91,-8.417808429540969e-11
01052001583,010-5200-1583,"one digit, last group",-3.6051384960980145e-10,92,-1.7350129379540347e-10
01052001583,010-5200-1583,"one digit, last group",-3.6051384960980145e-10,93,-1.415789688245021e-11
01052001583,010-5200-1583,"one digit, last group",-3.6051384960980145e-10,94,-1.4169534767300347e-10
01052001583,010-5200-1583,"one digit, last group",-3.6051384960980145e-10,95,-1.368911914477407e-10
01052001583,010-5200-1583,"one digit, last group",-3.6051384960980145e-10,96,-4.193120436815163e-11
01052001583,010-5200-1583,"one digit, last group",-3.6051384960980145e-10,97,2.339966691510428e-10
01052001583,010-5200-1583,"one digit, last group",-3.6051384960980145e-10,98,2.1438320188250025e-10
01052001583,010-5200-1583,"one digit, last group",-3.6051384960980145e-10,99,5.4298278272918314e-11
01052001583,010-5200-1583,"one digit, last group",-3.6051384960980145e-10,100,-4.733948309855781e-10
01052001583,010-5200-1583,"one digit, last group",-3.6051384960980145e-10,101,-1.0598659336123209e-10
01052001583,010-5200-1583,"one digit, last group",-3.6051384960980145e-10,102,-3.2216223320846543e-10
01052001583,010-5200-1583,"one digit, last group",-3.6051384960980145e-10,103,1.477977527407463e-12
01052001583,010-5200-1583,"one digit, last group",-3.6051384960980145e-10,104,-8.568529040196511e-11
01052001583,010-5200-1583,"one digit, last group",-3.6051384960980145e-10,105,3.833105706385906e-12
01052001583,010-5200-1583,"one digit, last group",-3.6051384960980145e-10,106,1.3595770468315565e-11
01052001583,010-5200-1583,"one digit, last group",-3.6051384960980145e-10,107,-1.00990812541812e-10
01052001583,010-5200-1583,"one digit, last group",-3.6051384960980145e-10,108,1.588255231348856e-10
01052001583,010-5200-1583,"one digit, last group",-3.6051384960980145e-10,109,-3.366946935150298e-11
01052001583,010-5200-1583,"one digit, last group",-3.6051384960980145e-10,110,1.0566805369303102e-10
01052001583,010-5200-1583,"one digit, last group",-3.6051384960980145e-10,111,-3.613223858213852e-10
01052001583,010-5200-1583,"one digit, last group",-3.6051384960980145e-10,112,-4.0921113431650993e-10
01052001583,010-5200-1583,"one digit, last group",-3.6051384960980145e-10,113,-7.221372977025021e-12
01052001583,010-5200-1583,"one digit, last group",-3.6051384960980145e-10,114,-2.5975159995520023e-11
01052001583,010-5200-1583,"one digit, last group",-3.6051384960980145e-10,115,-5.060718533343254e-12
01052001583,010-5200-1583,"one digit, last group",-3.6051384960980145e-10,116,1.0963784151376392e-10
01052001583,010-5200-1583,"one digit, last group",-3.6051384960980145e-10,117,-3.318965295619248e-11
01052001583,010-5200-1583,"one digit, last group",-3.6051384960980145e-10,118,-9.3518109835591e-11
01052001583,010-5200-1583,"one digit, last group",-3.6051384960980145e-10,119,1.7388465893281355e-10
01052001583,010-5200-1583,"one digit, last group",-3.6051384960980145e-10,120,6.438250411788333e-11
01052001583,010-5200-1583,"one digit, last group",-3.6051384960980145e-10,121,5.7424356578680804e-11
01052001583,010-5200-1583,"one digit, last group",-3.6051384960980145e-10,122,9.925693937557918e-11
01052001583,010-5200-1583,"one digit, last group",-3.6051384960980145e-10,123,-1.1943314861400183e-10
01052001583,010-5200-1583,"one digit, last group",-3.6051384960980145e-10,124,-7.150323507532068e-10
01052001583,010-5200-1583,"one digit, last group",-3.6051384960980145e-10,125,-3.0787957269554543e-12
01052001583,010-5200-1583,"one digit, last group",-3.6051384960980145e-10,126,8.166260509923627e-12
01052001583,010-5200-1583,"one digit, last group",-3.6051384960980145e-10,127,4.784761153429566e-10
01052001583,010-5200-1583,"one digit, last group",-3.6051384960980145e-10,128,-1.6985581143175267e-10
01052001583,010-5200-1583,"one digit, last group",-3.6051384960980145e-10,129,-1.1683927515881284e-10
01052001583,010-5200-1583,"one digit, last group",-3.6051384960980145e-10,130,-4.702753350140238e-12
01052001583,010-5200-1583,"one digit, last group",-3.6051384960980145e-10,131,4.256067569491402e-11
01052001583,010-5200-1583,"one digit, last group",-3.6051384960980145e-10,132,-4.005752512599904e-12
01052001583,010-5200-1583,"one digit, last group",-3.6051384960980145e-10,133,-1.762609363785016e-10
01052001583,010-5200-1583,"one digit, last group",-3.6051384960980145e-10,134,5.979478240482954e-11
01052001583,010-5200-1583,"one digit, last group",-3.6051384960980145e-10,135,-1.3823591673568645e-10
01052001583,010-5200-1583,"one digit, last group",-3.6051384960980145e-10,136,-5.653536397874241e-11
01052001583,010-5200-1583,"one digit, last group",-3.6051384960980145e-10,137,1.303543886694083e-10
01052001583,010-5200-1583,"one digit, last group",-3.6051384960980145e-10,138,-2.2062775358486563e-11
01052001583,010-5200-1583,"one digit, last group",-3.6051384960980145e-10,139,-8.958641971677479e-11
01052001583,010-5200-1583,"one digit, last group",-3.6051384960980145e-10,140,-1.6129636204727503e-10
01052001583,010-5200-1583,"one digit, last group",-3.6051384960980145e-10,141,2.457348325217963e-10
01052001583,010-5200-1583,"one digit, last group",-3.6051384960980145e-10,142,1.719403315037378e-10
01052001583,010-5200-1583,"one digit, last group",-3.6051384960980145e-10,143,-3.5498470718441145e-11
01052001583,010-5200-1583,"one digit, last group",-3.6051384960980145e-10,144,4.426322000677574e-11
01052001583,010-5200-1583,"one digit, last group",-3.6051384960980145e-10,145,1.060471773798281e-10
01052001583,010-5200-1583,"one digit, last group",-3.6051384960980145e-10,146,1.581409032917957e-11
01052001583,010-5200-1583,"one digit, last group",-3.6051384960980145e-10,147,-7.632891466696263e-11
01052001583,010-5200-1583,"one digit, last group",-3.6051384960980145e-10,148,1.194019961560808e-10
01052001583,010-5200-1583,"one digit, last group",-3.6051384960980145e-10,149,-3.981969464253572e-11
01052001583,010-5200-1583,"one digit, last group",-3.6051384960980145e-10,150,-1.200707876532612e-10
01052001583,010-5200-1583,"one digit, last group",-3.6051384960980145e-10,151,-1.2303086195668273e-10
01052001583,010-5200-1583,"one digit, last group",-3.6051384960980145e-10,152,-3.0460372642617726e-10
01052001583,010-5200-1583,"one digit, last group",-3.6051384960980145e-10,153,8.420111670943567e-11
01052001583,010-5200-1583,"one digit, last group",-3.6051384960980145e-10,154,-2.9847330261977996e-12
01052001583,010-5200-1583,"one digit, last group",-3.6051384960980145e-10,155,5.009924071227702e-11
01052001583,010-5200-1583,"one digit, last group",-3.6051384960980145e-10,156,-4.191790681763027e-11
01052001583,010-5200-1583,"one digit, last group",-3.6051384960980145e-10,157,3.056006483642442e-11
01052001583,010-5200-1583,"one digit, last group",-3.6051384960980145e-10,158,-6.99017782419238e-11
01052001583,010-5200-1583,"one digit, last group",-3.6051384960980145e-10,159,5.5185271650743934e-11
01052001583,010-5200-1583,"one digit, last group",-3.6051384960980145e-10,160,-3.964978284884581e-10
01052001583,010-5200-1583,"one digit, last group",-3.6051384960980145e-10,161,-1.351571355878256e-11
01052001583,010-5200-1583,"one digit, last group",-3.6051384960980145e-10,162,-3.13185146824571e-11
01052001583,010-5200-1583,"one digit, last group",-3.6051384960980145e-10,163,3.008009699203737e-11
01052001583,010-5200-1583,"one digit, last group",-3.6051384960980145e-10,164,-3.4264779405979963e-10
01052001583,010-5200-1583,"one digit, last group",-3.6051384960980145e-10,165,-2.0920209409930282e-10
01052001583,010-5200-1583,"one digit, last group",-3.6051384960980145e-10,166,-5.81991374227169e-11
01052001583,010-5200-1583,"one digit, last group",-3.6051384960980145e-10,167,-4.781772643237722e-11
01052001583,010-5200-1583,"one digit, last group",-3.6051384960980145e-10,168,5.310865497189932e-10
01052001583,010-5200-1583,"one digit, last group",-3.6051384960980145e-10,169,2.686291055440582e-10
01052001583,010-5200-1583,"one digit, last group",-3.6051384960980145e-10,170,-4.4756820452337884e-11
01052001583,010-5200-1583,"one digit, last group",-3.6051384960980145e-10,171,-1.1379398353277998e-10
01052001583,010-5200-1583,"one digit, last group",-3.6051384960980145e-10,172,-1.3523143573677552e-09
01052001583,010-5200-1583,"one digit, last group",-3.6051384960980145e-10,173,1.0669397274584106e-10
01052001583,010-5200-1583,"one digit, last group",-3.6051384960980145e-10,174,1.7699209923508748e-11
01052001583,010-5200-1583,"one digit, last group",-3.6051384960980145e-10,175,-5.780764314157083e-11
01052001583,010-5200-1583,"one digit, last group",-3.6051384960980145e-10,176,-6.93019812483925e-11
01052001583,010-5200-1583,"one digit, last group",-3.6051384960980145e-10,177,-6.903213682745184e-11
01052001583,010-5200-1583,"one digit, last group",-3.6051384960980145e-10,178,2.311477536072071e-11
01052001583,010-5200-1583,"one digit, last group",-3.6051384960980145e-10,179,1.2895619116671145e-10
01052001583,010-5200-1583,"one digit, last group",-3.6051384960980145e-10,180,5.3263844692779455e-11
01052001583,010-5200-1583,"one digit, last group",-3.6051384960980145e-10,181,-4.273007784087466e-11
01052001583,010-5200-1583,"one digit, last group",-3.6051384960980145e-10,182,-3.270822530110492e-11
01052001583,010-5200-1583,"one digit, last group",-3.6051384960980145e-10,183,-1.3612155527714812e-10
01052001583,010-5200-1583,"one digit, last group",-3.6051384960980145e-10,184,5.02948162413193e-11
01052001583,010-5200-1583,"one digit, last group",-3.6051384960980145e-10,185,-1.2197132548948658e-11
01052001583,010-5200-1583,"one digit, last group",-3.6051384960980145e-10,186,-9.307890358557135e-11
01052001583,010-5200-1583,"one digit, last group",-3.6051384960980145e-10,187,-7.453678088775547e-11
01052001583,010-5200-1583,"one digit, last group",-3.6051384960980145e-10,188,8.069576752589091e-11
01052001583,010-5200-1583,"one digit, last group",-3.6051384960980145e-10,189,-7.787365936400655e-11
01052001583,010-5200-1583,"one digit, last group",-3.6051384960980145e-10,190,3.6763401128222795e-11
01052001583,010-5200-1583,"one digit, last group",-3.6051384960980145e-10,191,-1.104087995809861e-10
01052001583,010-5200-1583,"one digit, last group",-3.6051384960980145e-10,192,-4.0336602461726825e-11
01052001583,010-5200-1583,"one digit, last group",-3.6051384960980145e-10,193,1.0978392062241347e-10
01052001583,010-5200-1583,"one digit, last group",-3.6051384960980145e-10,194,-1.8180105512292804e-11
01052001583,010-5200-1583,"one digit, last group",-3.6051384960980145e-10,195,8.892097726650092e-11
01052001583,010-5200-1583,"one digit, last group",-3.6051384960980145e-10,196,5.647840411187542e-11
01052001583,010-5200-1583,"one digit, last group",-3.6051384960980145e-10,197,-8.915188911908725e-11
01052001583,010-5200-1583,"one digit, last group",-3.6051384960980145e-10,198,2.5142675172401542e-11
01052001583,010-5200-1583,"one digit, last group",-3.6051384960980145e-10,199,-7.012252410492002e-10
01052001583,010-5200-1583,"one digit, last group",-3.6051384960980145e-10,200,-8.936110125592394e-11
01052001583,010-5200-1583,"one digit, last group",-3.6051384960980145e-10,201,-6.3121925335984e-11
01052001583,010-5200-1583,"one digit, last group",-3.6051384960980145e-10,202,-2.868922979206373e-10
01052001583,010-5200-1583,"one digit, last group",-3.6051384960980145e-10,203,5.8188277927855675e-12
00653004858,006-5300-4858,original,0.9999999999523083,0,-9.610505733056323e-11
00653004858,006-5300-4858,original,0.9999999999523083,1,-1.2192237063218947e-10
00653004858,006-5300-4858,original,0.9999999999523083,2,1.1312467194204296e-11
00653004858,006-5300-4858,original,0.9999999999523083,3,1.6529475807493773e-11
00653004858,006-5300-4858,original,0.9999999999523083,4,2.3695085509693205e-10
00653004858,006-5300-4858,original,0.9999999999523083,5,5.474289104705516e-10
00653004858,006-5300-4858,original,0.9999999999523083,6,1.499443436577437e-10
00653004858,006-5300-4858,original,0.9999999999523083,7,1.3320129407746391e-10
00653004858,006-5300-4858,original,0.9999999999523083,8,1.2386872533763694e-10
00653004858,006-5300-4858,original,0.9999999999523083,9,6.229078234814627e-11
00653004858,006-5300-4858,original,0.9999999999523083,10,-1.593841846986842e-11
00653004858,006-5300-4858,original,0.9999999999523083,11,-2.1144829416089225e-10
00653004858,006-5300-4858,original,0.9999999999523083,12,3.682077733433867e-10
00653004858,006-5300-4858,original,0.9999999999523083,13,-4.787696201012791e-11
00653004858,006-5300-4858,original,0.9999999999523083,14,-1.1457367440298877e-10
00653004858,006-5300-4858,original,0.9999999999523083,15,6.737778817653373e-11
00653004858,006-5300-4858,original,0.9999999999523083,16,-2.256277203577609e-10
00653004858,006-5300-4858,original,0.9999999999523083,17,3.874552193399089e-11
00653004858,006-5300-4858,original,0.9999999999523083,18,-5.663565440488443e-11
00653004858,006-5300-4858,original,0.9999999999523083,19,8.027078353260074e-11
00653004858,006-5300-4858,original,0.9999999999523083,20,3.9340854950110197e-11
00653004858,006-5300-4858,original,0.9999999999523083,21,-1.6757001507645647e-10
00653004858,006-5300-4858,original,0.9999999999523083,22,-1.0315922497453888e-10
00653004858,006-5300-4858,original,0.9999999999523083,23,-4.518171627468745e-11
00653004858,006-5300-4858,original,0.9999999999523083,24,2.0708324966907112e-10
00653004858,006-5300-4858,original,0.9999999999523083,25,-8.004839253462154e-11
00653004858,006-5300-4858,original,0.9999999999523083,26,2.3785246957151114e-10
00653004858,006-5300-4858,original,0.9999999999523083,27,2.050054238791317e-11
00653004858,006-5300-4858,original,0.9999999999523083,28,2.1025532947676053e-10
00653004858,006-5300-4858,original,0.9999999999523083,29,7.526910148183641e-11
00653004858,006-5300-4858,original,0.9999999999523083,30,-5.542110630251158e-10
00653004858,006-5300-4858,original,0.9999999999523083,31,2.5228666037512077e-12
00653004858,006-5300-4858,original,0.9999999999523083,32,-2.7236740791306943e-10
00653004858,006-5300-4858,original,0.9999999999523083,33,-4.755704848613628e-10
00653004858,006-5300-4858,original,0.9999999999523083,34,2.5069747975339075e-10
00653004858,006-5300-4858,original,0.9999999999523083,35,-5.716445543655626e-11
00653004858,006-5300-4858,original,0.9999999999523083,36,-1.4830628766058712e-10
00653004858,006-5300-4858,original,0.9999999999523083,37,-5.186940837469429e-11
00653004858,006-5300-4858,original,0.9999999999523083,38,1.8835544101375243e-10
00653004858,006-5300-4858,original,0.9999999999523083,39,1.441941450226312e-10
00653004858,006-5300-4858,original,0.9999999999523083,40,3.100030642431533e-11
00653004858,006-5300-4858,original,0.9999999999523083,41,2.7658723597224542e-11
00653004858,006-5300-4858,original,0.9999999999523083,42,-4.952304688921758e-11
00653004858,006-5300-4858,original,0.9999999999523083,43,-6.835796147625396e-11
00653004858,006-5300-4858,original,0.9999999999523083,44,-3.668739257486102e-11
00653004858,006-5300-4858,original,0.9999999999523083,45,-3.1188517517542914e-10
00653004858,006-5300-4858,original,0.9999999999523083,46,4.216586856874323e-11
00653004858,006-5300-4858,original,0.9999999999523083,47,-5.943730993136383e-10
00653004858,006-5300-4858,original,0.9999999999523083,48,-1.0335529504495026e-12
00653004858,006-5300-4858,original,0.9999999999523083,49,6.131553775432179e-11
00653004858,006-5300-4858,original,0.9999999999523083,50,-1.8753811122584058e-10
00653004858,006-5300-4858,original,0.9999999999523083,51,-1.660513366977657e-11
00653004858,006-5300-4858,original,0.9999999999523083,52,-2.1200315449699257e-11
00653004858,006-5300-4858,original,0.9999999999523083,53,-4.9652807937158e-11
00653004858,006-5300-4858,original,0.9999999999523083,54,1.436015283236542e-11
00653004858,006-5300-4858,original,0.9999999999523083,55,-1.8827100837603962e-10
00653004858,006-5300-4858,original,0.9999999999523083,56,-4.585982262147368e-11
00653004858,006-5300-4858,original,0.9999999999523083,57,1.9765888761928374e-11
00653004858,006-5300-4858,original,0.9999999999523083,58,-2.583537297997871e-11
00653004858,006-5300-4858,original,0.9999999999523083,59,-9.299973370812516e-11
00653004858,006-5300-4858,original,0.9999999999523083,60,-2.632084729581806e-11
00653004858,006-5300-4858,original,0.9999999999523083,61,5.702984400402117e-11
00653004858,006-5300-4858,original,0.9999999999523083,62,-1.3689443713817946e-10
00653004858,006-5300-4858,original,0.9999999999523083,63,-7.546542906992808e-11
00653004858,006-5300-4858,original,0.9999999999523083,64,5.684389240511339e-14
00653004858,006-5300-4858,original,0.9999999999523083,65,6.613323990440883e-11
00653004858,006-5300-4858,original,0.9999999999523083,66,-4.149787430418952e-10
00653004858,006-5300-4858,original,0.9999999999523083,67,2.8792683114081053e-11
00653004858,006-5300-4858,original,0.9999999999523083,68,7.277500428677221e-11
00653004858,006-5300-4858,original,0.9999999999523083,69,-3.548417282837229e-11
00653004858,006-5300-4858,original,0.9999999999523083,70,-7.275453841891531e-11
00653004858,006-5300-4858,original,0.9999999999523083,71,4.7702895298781526e-11
00653004858,006-5300-4858,original,0.9999999999523083,72,-2.710947342872904e-11
00653004858,006-5300-4858,original,0.9999999999523083,73,7.329022925383016e-11
00653004858,006-5300-4858,original,0.9999999999523083,74,-1.5357695154350688e-10
00653004858,006-5300-4858,original,0.9999999999523083,75,9.127044536580042e-12
00653004858,006-5300-4858,original,0.9999999999523083,76,-8.586585278013548e-11
00653004858,006-5300-4858,original,0.9999999999523083,77,-6.294517816177158e-11
00653004858,006-5300-4858,original,0.9999999999523083,78,2.9890725140800823e-10
00653004858,006-5300-4858,original,0.9999999999523083,79,3.073351960669299e-11
00653004858,006-5300-4858,original,0.9999999999523083,80,-2.1012276357428182e-10
00653004858,006-5300-4858,original,0.9999999999523083,81,-1.5728874267828003e-10
00653004858,006-5300-4858,original,0.9999999999523083,82,2.1158241440896333e-10
00653004858,006-5300-4858,original,0.9999999999523083,83,1.0979205457321856e-10
00653004858,006-5300-4858,original,0.9999999999523083,84,-3.5192374460756995e-11
00653004858,006-5300-4858,original,0.9999999999523083,85,-4.556007672986232e-11
00653004858,006-5300-4858,original,0.9999999999523083,86,2.9860348547464864e-10
00653004858,006-5300-4858,original,0.9999999999523083,87,-7.420095271550764e-11
00653004858,006-5300-4858,original,0.9999999999523083,88,2.065114590411454e-10
00653004858,006-5300-4858,original,0.9999999999523083,89,3.7950694726493056e-11
00653004858,006-5300-4858,original,0.9999999999523083,90,1.622310495597284e-10
00653004858,006-5300-4858,original,0.9999999999523083,91,-2.6186636535818925e-10
00653004858,006-5300-4858,original,0.9999999999523083,92,-1.594717635387345e-10
00653004858,006-5300-4858,original,0.9999999999523083,93,2.5038941139015412e-11
00653004858,006-5300-4858,original,0.9999999999523083,94,4.6013963350448526e-11
00653004858,006-5300-4858,original,0.9999999999523083,95,-2.354830957632795e-10
00653004858,006-5300-4858,original,0.9999999999523083,96,2.6583079797694214e-10
00653004858,006-5300-4858,original,0.9999999999523083,97,3.18069147077388e-10
00653004858,006-5300-4858,original,0.9999999999523083,98,4.8809616387998154e-11
00653004858,006-5300-4858,original,0.9999999999523083,99,-4.154040014210587e-11
00653004858,006-5300-4858,original,0.9999999999523083,100,1.2820376352866801e-11
00653004858,006-5300-4858,original,0.9999999999523083,101,8.931229882022938e-11
00653004858,006-5300-4858,original,0.9999999999523083,102,3.1493851398248487e-10
00653004858,006-5300-4858,original,0.9999999999523083,103,-4.805996725355581e-10
00653004858,006-5300-4858,original,0.9999999999523083,104,-1.090343633318593e-10
00653004858,006-5300-4858,original,0.9999999999523083,105,-2.3846723743502843e-12
00653004858,006-5300-4858,original,0.9999999999523083,106,-1.7490316399297156e-11
00653004858,006-5300-4858,original,0.9999999999523083,107,2.4123832844854772e-11
00653004858,006-5300-4858,original,0.9999999999523083,108,1.2499707963307173e-10
00653004858,006-5300-4858,original,0.9999999999523083,109,3.483350105094302e-10
00653004858,006-5300-4858,original,0.9999999999523083,110,1.0407802615577512e-10
00653004858,006-5300-4858,original,0.9999999999523083,111,-5.848998017254336e-11
00653004858,006-5300-4858,original,0.9999999999523083,112,-3.031076675235033e-10
00653004858,006-5300-4858,original,0.9999999999523083,113,-6.425950299271072e-12
00653004858,006-5300-4858,original,0.9999999999523083,114,7.10447787071524e-11
00653004858,006-5300-4858,original,0.9999999999523083,115,2.3267245440896152e-11
00653004858,006-5300-4858,original,0.9999999999523083,116,8.480364711931437e-11
00653004858,006-5300-4858,original,0.9999999999523083,117,2.0315092740931442e-10
00653004858,006-5300-4858,original,0.9999999999523083,118,2.901254748196028e-10
00653004858,006-5300-4858,original,0.9999999999523083,119,3.3271544967752277e-10
00653004858,006-5300-4858,original,0.9999999999523083,120,2.7696591491479127e-11
00653004858,006-5300-4858,original,0.9999999999523083,121,-2.882777962518153e-10
00653004858,006-5300-4858,original,0.9999999999523083,122,2.2881277466390562e-10
00653004858,006-5300-4858,original,0.9999999999523083,123,-3.447236405562836e-11
00653004858,006-5300-4858,original,0.9999999999523083,124,-2.0144095427545095e-11
00653004858,006-5300-4858,original,0.9999999999523083,125,-6.594679902848949e-11
00653004858,006-5300-4858,original,0.9999999999523083,126,8.76754121403061e-11
00653004858,006-5300-4858,original,0.9999999999523083,127,1.8854731842580895e-11
00653004858,006-5300-4858,original,0.9999999999523083,128,-1.356041133217239e-10
00653004858,006-5300-4858,original,0.9999999999523083,129,4.985597511702365e-11
00653004858,006-5300-4858,original,0.9999999999523083,130,7.20986483863184e-11
00653004858,006-5300-4858,original,0.9999999999523083,131,-1.1373487601915321e-10
00653004858,006-5300-4858,original,0.9999999999523083,132,4.147287385129432e-11
00653004858,006-5300-4858,original,0.9999999999523083,133,2.575556281479661e-10
00653004858,006-5300-4858,original,0.9999999999523083,134,-2.4424878551749104e-11
00653004858,006-5300-4858,original,0.9999999999523083,135,4.291577225190154e-11
00653004858,006-5300-4858,original,0.9999999999523083,136,7.08568037363301e-11
00653004858,006-5300-4858,original,0.9999999999523083,137,-1.3142028666954542e-10
00653004858,006-5300-4858,original,0.9999999999523083,138,-2.0836327133540799e-10
00653004858,006-5300-4858,original,0.9999999999523083,139,-1.4616927427926962e-10
00653004858,006-5300-4858,original,0.9999999999523083,140,-1.6164558535704115e-10
00653004858,006-5300-4858,original,0.9999999999523083,141,-2.1306139924391773e-10
00653004858,006-5300-4858,original,0.9999999999523083,142,-6.251097894577612e-11
00653004858,006-5300-4858,original,0.9999999999523083,143,-1.7077879132460597e-10
00653004858,006-5300-4858,original,0.9999999999523083,144,-6.0253422355165606e-12
00653004858,006-5300-4858,original,0.9999999999523083,145,-5.320117985356256e-11
00653004858,006-5300-4858,original,0.9999999999523083,146,6.325676362870915e-11
00653004858,006-5300-4858,original,0.9999999999523083,147,-3.724291380043766e-11
00653004858,006-5300-4858,original,0.9999999999523083,148,1.480979912387378e-11
00653004858,006-5300-4858,original,0.9999999999523083,149,-1.730392565988791e-10
00653004858,006-5300-4858,original,0.9999999999523083,150,4.339037323909357e-11
00653004858,006-5300-4858,original,0.9999999999523083,151,6.288885474544344e-11
00653004858,006-5300-4858,original,0.9999999999523083,152,-4.513235173722389e-11
00653004858,006-5300-4858,original,0.9999999999523083,153,1.2051771709355217e-10
00653004858,006-5300-4858,original,0.9999999999523083,154,-9.682656110920255e-11
00653004858,006-5300-4858,original,0.9999999999523083,155,-1.4825326051108572e-10
00653004858,006-5300-4858,original,0.9999999999523083,156,-4.413601870890405e-12
00653004858,006-5300-4858,original,0.9999999999523083,157,-4.433637937936671e-11
00653004858,006-5300-4858,original,0.9999999999523083,158,-6.182231279797718e-11
00653004858,006-5300-4858,original,0.9999999999523083,159,-1.0957873688844077e-10
00653004858,006-5300-4858,original,0.9999999999523083,160,-9.833964946916373e-11
00653004858,006-5300-4858,original,0.9999999999523083,161,4.50704634091956e-11
00653004858,006-5300-4858,original,0.9999999999523083,162,8.107986084901217e-11
00653004858,006-5300-4858,original,0.9999999999523083,163,5.349075244877999e-11
00653004858,006-5300-4858,original,0.9999999999523083,164,-3.631310921450004e-11
00653004858,006-5300-4858,original,0.9999999999523083,165,-1.9248903803740712e-10
00653004858,006-5300-4858,original,0.9999999999523083,166,2.361463824552954e-10
00653004858,006-5300-4858,original,0.9999999999523083,167,1.4604621680538108e-10
00653004858,006-5300-4858,original,0.9999999999523083,168,1.7579876050585942e-10
00653004858,006-5300-4858,original,0.9999999999523083,169,9.113347565992862e-11
00653004858,006-5300-4858,original,0.9999999999523083,170,1.6052489710791515e-10
00653004858,006-5300-4858,original,0.9999999999523083,171,1.1525697881538158e-10
00653004858,006-5300-4858,original,0.9999999999523083,172,-2.7877554009813808e-11
00653004858,006-5300-4858,original,0.9999999999523083,173,6.655712740754858e-11
00653004858,006-5300-4858,original,0.9999999999523083,174,-9.583629725354314e-11
00653004858,006-5300-4858,original,0.9999999999523083,175,1.7602799404088876e-10
00653004858,006-5300-4858,original,0.9999999999523083,176,4.4475284962284025e-11
00653004858,006-5300-4858,original,0.9999999999523083,177,-1.4101051092668898e-10
00653004858,006-5300-4858,original,0.9999999999523083,178,1.4427519584840699e-11
00653004858,006-5300-4858,original,0.9999999999523083,179,-3.2796576937278134e-10
00653004858,006-5300-4858,original,0.9999999999523083,180,-9.9283470135529e-11
00653004858,006-5300-4858,original,0.9999999999523083,181,-7.369769960216322e-11
00653004858,006-5300-4858,original,0.9999999999523083,182,-1.3994015758957116e-10
00653004858,006-5300-4858,original,0.9999999999523083,183,2.0984733477971112e-10
00653004858,006-5300-4858,original,0.9999999999523083,184,-4.149112283856125e-11
00653004858,006-5300-4858,original,0.9999999999523083,185,-5.905527105788477e-11
00653004858,006-5300-4858,original,0.9999999999523083,186,5.524371548357767e-11
00653004858,006-5300-4858,original,0.9999999999523083,187,0.9999996935299662
00653004858,006-5300-4858,original,0.9999999999523083,188,0.9999996885566707
00653004858,006-5300-4858,original,0.9999999999523083,189,-3.516465700141126e-11
00653004858,006-5300-4858,original,0.9999999999523083,190,2.412980683819097e-11
00653004858,006-5300-4858,original,0.9999999999523083,191,-3.8781210323678735e-11
00653004858,006-5300-4858,original,0.9999999999523083,192,1.088029617348539e-10
00653004858,006-5300-4858,original,0.9999999999523083,193,1.0089998927337055e-10
00653004858,006-5300-4858,original,0.9999999999523083,194,1.3296088652102757e-11
00653004858,006-5300-4858,original,0.9999999999523083,195,5.996648074369782e-11
00653004858,006-5300-4858,original,0.9999999999523083,196,-6.616568674411053e-11
00653004858,006-5300-4858,original,0.9999999999523083,197,-3.6559705075080656e-10
00653004858,006-5300-4858,original,0.9999999999523083,198,-4.972673249504155e-12
00653004858,006-5300-4858,original,0.9999999999523083,199,-1.6746552406906166e-10
00653004858,006-5300-4858,original,0.9999999999523083,200,1.2048691056501397e-10
00653004858,006-5300-4858,original,0.9999999999523083,201,-2.5485609545141414e-11
00653004858,006-5300-4858,original,0.9999999999523083,202,4.94048966468751e-10
00653004858,006-5300-4858,original,0.9999999999523083,203,-1.837191621583715e-11
00653004859,006-5300-4859,"one digit, last group",-1.8458868889091772e-10,0,-1.7851738212536728e-10
00653004859,006-5300-4859,"one digit, last group",-1.8458868889091772e-10,1,-1.024465456105013e-10
00653004859,006-5300-4859,"one digit, last group",-1.8458868889091772e-10,2,3.1168426627159216e-10
00653004859,006-5300-4859,"one digit, last group",-1.8458868889091772e-10,3,6.100656949839362e-12
00653004859,006-5300-4859,"one digit, last group",-1.8458868889091772e-10,4,-1.5466862205487688e-10
00653004859,006-5300-4859,"one digit, last group",-1.8458868889091772e-10,5,-4.4142857329967814e-10
00653004859,006-5300-4859,"one digit, last group",-1.8458868889091772e-10,6,-3.1859655676946e-10
00653004859,006-5300-4859,"one digit, last group",-1.8458868889091772e-10,7,1.3976536282909662e-10
00653004859,006-5300-4859,"one digit, last group",-1.8458868889091772e-10,8,-2.330167621061031e-10
00653004859,006-5300-4859,"one digit, last group",-1.8458868889091772e-10,9,-5.0950484083481495e-11
00653004859,006-5300-4859,"one digit, last group",-1.8458868889091772e-10,10,5.139900476852594e-11
00653004859,006-5300-4859,"one digit, last group",-1.8458868889091772e-10,11,-1.1543883112111908e-10
00653004859,006-5300-4859,"one digit, last group",-1.8458868889091772e-10,12,-1.6124513954043137e-10
00653004859,006-5300-4859,"one digit, last group",-1.8458868889091772e-10,13,2.9507152471399043e-10
00653004859,006-5300-4859,"one digit, last group",-1.8458868889091772e-10,14,2.6930564308487962e-11
00653004859,006-5300-4859,"one digit, last group",-1.8458868889091772e-10,15,3.596524182782158e-11
00653004859,006-5300-4859,"one digit, last group",-1.8458868889091772e-10,16,-1.5754696808233487e-10
00653004859,006-5300-4859,"one digit, last group",-1.8458868889091772e-10,17,-6.721527142653764e-11
00653004859,006-5300-4859,"one digit, last group",-1.8458868889091772e-10,18,-1.2787521882379485e-10
00653004859,006-5300-4859,"one digit, last group",-1.8458868889091772e-10,19,6.111354817171076e-11
00653004859,006-5300-4859,"one digit, last group",-1.8458868889091772e-10,20,-6.5113207471211e-11
00653004859,006-5300-4859,"one digit, last group",-1.8458868889091772e-10,21,2.591064994866616e-10
00653004859,006-5300-4859,"one digit, last group",-1.8458868889091772e-10,22,-7.448484111517297e-12
00653004859,006-5300-4859,"one digit, last group",-1.8458868889091772e-10,23,-9.419491328166244e-11
00653004859,006-5300-4859,"one digit, last group",-1.8458868889091772e-10,24,9.643522468555928e-11
00653004859,006-5300-4859,"one digit, last group",-1.8458868889091772e-10,25,-1.0640675626411512e-10
00653004859,006-5300-4859,"one digit, last group",-1.8458868889091772e-10,26,1.8184386506238021e-10
00653004859,006-5300-4859,"one digit, last group",-1.8458868889091772e-10,27,1.5656553677220864e-10
00653004859,006-5300-4859,"one digit, last group",-1.8458868889091772e-10,28,-1.3508954903715309e-11
00653004859,006-5300-4859,"one digit, last group",-1.8458868889091772e-10,29,-3.2708883497144205e-11
00653004859,006-5300-4859,"one digit, last group",-1.8458868889091772e-10,30,-2.9787868055491765e-10
00653004859,006-5300-4859,"one digit, last group",-1.8458868889091772e-10,31,-6.136185343349346e-11
00653004859,006-5300-4859,"one digit, last group",-1.8458868889091772e-10,32,9.39868004597873e-11
00653004859,006-5300-4859,"one digit, last group",-1.8458868889091772e-10,33,9.85836727861962e-11
00653004859,006-5300-4859,"one digit, last group",-1.8458868889091772e-10,34,8.515938172356805e-11
00653004859,006-5300-4859,"one digit, last group",-1.8458868889091772e-10,35,1.4208616194765244e-11
00653004859,006-5300-4859,"one digit, last group",-1.8458868889091772e-10,36,1.291966026035845e-10
00653004859,006-5300-4859,"one digit, last group",-1.8458868889091772e-10,37,2.328863791493521e-10
00653004859,006-5300-4859,"one digit, last group",-1.8458868889091772e-10,38,-2.7819793721097378e-11
00653004859,006-5300-4859,"one digit, last group",-1.8458868889091772e-10,39,-6.781231581998419e-12
00653004859,006-5300-4859,"one digit, last group",-1.8458868889091772e-10,40,-2.497708475314725e-10
00653004859,006-5300-4859,"one digit, last group",-1.8458868889091772e-10,41,-1.064334521552094e-11
00653004859,006-5300-4859,"one digit, last group",-1.8458868889091772e-10,42,9.472533413949456e-11
00653004859,006-5300-4859,"one digit, last group",-1.8458868889091772e-10,43,-7.690115660652991e-11
00653004859,006-5300-4859,"one digit, last group",-1.8458868889091772e-10,44,-3.079589007712551e-11
00653004859,006-5300-4859,"one digit, last group",-1.8458868889091772e-10,45,1.9339531839085977e-10
00653004859,006-5300-4859,"one digit, last group",-1.8458868889091772e-10,46,2.0602830465083353e-11
00653004859,006-5300-4859,"one digit, last group",-1.8458868889091772e-10,47,7.802463612503028e-11
00653004859,006-5300-4859,"one digit, last group",-1.8458868889091772e-10,48,2.628985457844389e-10
00653004859,006-5300-4859,"one digit, last group",-1.8458868889091772e-10,49,-7.612962230238187e-11
00653004859,006-5300-4859,"one digit, last group",-1.8458868889091772e-10,50,9.739356585699863e-11
00653004859,006-5300-4859,"one digit, last group",-1.8458868889091772e-10,51,-3.2389070709888906e-11
00653004859,006-5300-4859,"one digit, last group",-1.8458868889091772e-10,52,2.474505276788661e-10
00653004859,006-5300-4859,"one digit, last group",-1.8458868889091772e-10,53,2.5796784903100692e-11
00653004859,006-5300-4859,"one digit, last group",-1.8458868889091772e-10,54,-1.4265366388156952e-11
00653004859,006-5300-4859,"one digit, last group",-1.8458868889091772e-10,55,6.516716794310679e-11
00653004859,006-5300-4859,"one digit, last group",-1.8458868889091772e-10,56,-1.450479171566459e-12
00653004859,006-5300-4859,"one digit, last group",-1.8458868889091772e-10,57,-2.927926650296344e-11
00653004859,006-5300-4859,"one digit, last group",-1.8458868889091772e-10,58,9.204542587012376e-12
00653004859,006-5300-4859,"one digit, last group",-1.8458868889091772e-10,59,-3.2536174238612694e-11
00653004859,006-5300-4859,"one digit, last group",-1.8458868889091772e-10,60,-9.523783360205072e-11
00653004859,006-5300-4859,"one digit, last group",-1.8458868889091772e-10,61,3.4865904017569477e-11
00653004859,006-5300-4859,"one digit, last group",-1.8458868889091772e-10,62,3.3905221732445127e-10
00653004859,006-5300-4859,"one digit, last group",-1.8458868889091772e-10,63,-1.564854175319623e-10
00653004859,006-5300-4859,"one digit, last group",-1.8458868889091772e-10,64,2.878924175096642e-11
00653004859,006-5300-4859,"one digit, last group",-1.8458868889091772e-10,65,1.287169262691295e-10
00653004859,006-5300-4859,"one digit, last group",-1.8458868889091772e-10,66,7.829684086449041e-11
00653004859,006-5300-4859,"one digit, last group",-1.8458868889091772e-10,67,2.3881826179443476e-10
00653004859,006-5300-4859,"one digit, last group",-1.8458868889091772e-10,68,-3.74038338640152e-11
00653004859,006-5300-4859,"one digit, last group",-1.8458868889091772e-10,69,2.2856382198698367e-10
00653004859,006-5300-4859,"one digit, last group",-1.8458868889091772e-10,70,-5.024931137532305e-11
00653004859,006-5300-4859,"one digit, last group",-1.8458868889091772e-10,71,-2.0966882707031856e-10
00653004859,006-5300-4859,"one digit, last group",-1.8458868889091772e-10,72,8.925728642594694e-13
00653004859,006-5300-4859,"one digit, last group",-1.8458868889091772e-10,73,6.931886999265767e-11
00653004859,006-5300-4859,"one digit, last group",-1.8458868889091772e-10,74,-3.588008788055961e-11
00653004859,006-5300-4859,"one digit, last group",-1.8458868889091772e-10,75,1.3223456707985669e-11
00653004859,006-5300-4859,"one digit, last group",-1.8458868889091772e-10,76,9.123148636005352e-11
00653004859,006-5300-4859,"one digit, last group",-1.8458868889091772e-10,77,-1.5470634233440948e-11
00653004859,006-5300-4859,"one digit, last group",-1.8458868889091772e-10,78,-4.073342224229531e-10
00653004859,006-5300-4859,"one digit, last group",-1.8458868889091772e-10,79,-6.257766550989996e-11
00653004859,006-5300-4859,"one digit, last group",-1.8458868889091772e-10,80,1.3752781817946496e-10
00653004859,006-5300-4859,"one digit, last group",-1.8458868889091772e-10,81,-6.083548102455154e-11
00653004859,006-5300-4859,"one digit, last group",-1.8458868889091772e-10,82,-1.594557515342884e-10
00653004859,006-5300-4859,"one digit, last group",-1.8458868889091772e-10,83,-2.4738357910565005e-12
00653004859,006-5300-4859,"one digit, last group",-1.8458868889091772e-10,84,2.268762611699759e-11
00653004859,006-5300-4859,"one digit, last group",-1.8458868889091772e-10,85,1.2081805358411873e-11
00653004859,006-5300-4859,"one digit, last group",-1.8458868889091772e-10,86,-4.956610213289303e-10
00653004859,006-5300-4859,"one digit, last group",-1.8458868889091772e-10,87,-5.905261613317805e-11
00653004859,006-5300-4859,"one digit, last group",-1.8458868889091772e-10,88,1.1381936592850775e-10
00653004859,006-5300-4859,"one digit, last group",-1.8458868889091772e-10,89,1.4739282458316044e-10
00653004859,006-5300-4859,"one digit, last group",-1.8458868889091772e-10,90,7.933927145854636e-11
00653004859,006-5300-4859,"one digit, last group",-1.8458868889091772e-10,91,-2.2622070601279757e-10
00653004859,006-5300-4859,"one digit, last group",-1.8458868889091772e-10,92,1.4892168019424773e-10
00653004859,006-5300-4859,"one digit, last group",-1.8458868889091772e-10,93,-4.343440798646592e-11
00653004859,006-5300-4859,"one digit, last group",-1.8458868889091772e-10,94,5.165271215800644e-11
00653004859,006-5300-4859,"one digit, last group",-1.8458868889091772e-10,95,-1.8230624752816837e-10
00653004859,006-5300-4859,"one digit, last group",-1.8458868889091772e-10,96,-3.444254722617496e-10
00653004859,006-5300-4859,"one digit, last group",-1.8458868889091772e-10,97,-1.558649704477012e-11
00653004859,006-5300-4859,"one digit, last group",-1.8458868889091772e-10,98,2.5047353563944333e-10
00653004859,006-5300-4859,"one digit, last group",-1.8458868889091772e-10,99,-3.8085622106655286e-11
00653004859,006-5300-4859,"one digit, last group",-1.8458868889091772e-10,100,4.3220672170103496e-11
00653004859,006-5300-4859,"one digit, last group",-1.8458868889091772e-10,101,-2.9658101071517066e-11
00653004859,006-5300-4859,"one digit, last group",-1.8458868889091772e-10,102,-2.7679943415103003e-10
00653004859,006-5300-4859,"one digit, last group",-1.8458868889091772e-10,103,1.3641854101726322e-10
00653004859,006-5300-4859,"one digit, last group",-1.8458868889091772e-10,104,-2.5801151317351606e-11
00653004859,006-5300-4859,"one digit, last group",-1.8458868889091772e-10,105,-1.3921302107284738e-10
00653004859,006-5300-4859,"one digit, last group",-1.8458868889091772e-10,106,1.3441351983556944e-10
00653004859,006-5300-4859,"one digit, last group",-1.8458868889091772e-10,107,-1.6481157514371918e-10
00653004859,006-5300-4859,"one digit, last group",-1.8458868889091772e-10,108,2.0170928087536517e-11
00653004859,006-5300-4859,"one digit, last group",-1.8458868889091772e-10,109,1.7992829131622708e-10
00653004859,006-5300-4859,"one digit, last group",-1.8458868889091772e-10,110,5.239964458068893e-11
00653004859,006-5300-4859,"one digit, last group",-1.8458868889091772e-10,111,5.901371928353448e-11
00653004859,006-5300-4859,"one digit, last group",-1.8458868889091772e-10,112,5.00871877539212e-10
00653004859,006-5300-4859,"one digit, last group",-1.8458868889091772e-10,113,3.807814853586458e-12
00653004859,006-5300-4859,"one digit, last group",-1.8458868889091772e-10,114,9.112198415862721e-11
00653004859,006-5300-4859,"one digit, last group",-1.8458868889091772e-10,115,-5.899683695786477e-11
00653004859,006-5300-4859,"one digit, last group",-1.8458868889091772e-10,116,5.951788226806998e-11
00653004859,006-5300-4859,"one digit, last group",-1.8458868889091772e-10,117,1.3020648922417504e-10
00653004859,006-5300-4859,"one digit, last group",-1.8458868889091772e-10,118,1.479657680510754e-10
00653004859,006-5300-4859,"one digit, last group",-1.8458868889091772e-10,119,-5.354430840175022e-11
00653004859,006-5300-4859,"one digit, last group",-1.8458868889091772e-10,120,-7.054321245793829e-11
00653004859,006-5300-4859,"one digit, last group",-1.8458868889091772e-10,121,1.4932298124214135e-10
00653004859,006-5300-4859,"one digit, last group",-1.8458868889091772e-10,122,5.088254539355497e-10
00653004859,006-5300-4859,"one digit, last group",-1.8458868889091772e-10,123,-4.0458124258324865e-11
00653004859,006-5300-4859,"one digit, last group",-1.8458868889091772e-10,124,-3.718939201483635e-10
00653004859,006-5300-4859,"one digit, last group",-1.8458868889091772e-10,125,-3.5218318891468e-11
00653004859,006-5300-4859,"one digit, last group",-1.8458868889091772e-10,126,1.1711053905414367e-11
00653004859,006-5300-4859,"one digit, last group",-1.8458868889091772e-10,127,-1.8228063062145302e-11
00653004859,006-5300-4859,"one digit, last group",-1.8458868889091772e-10,128,-6.143791907350366e-11
00653004859,006-5300-4859,"one digit, last group",-1.8458868889091772e-10,129,9.3029616777559e-11
00653004859,006-5300-4859,"one digit, last group",-1.8458868889091772e-10,130,7.707328676270299e-12
00653004859,006-5300-4859,"one digit, last group",-1.8458868889091772e-10,131,1.0335031126064367e-10
00653004859,006-5300-4859,"one digit, last group",-1.8458868889091772e-10,132,1.3341756577796846e-10
00653004859,006-5300-4859,"one digit, last group",-1.8458868889091772e-10,133,-3.706796535046189e-11
00653004859,006-5300-4859,"one digit, last group",-1.8458868889091772e-10,134,-2.2987629617556047e-11
00653004859,006-5300-4859,"one digit, last group",-1.8458868889091772e-10,135,-2.5313213893432766e-11
00653004859,006-5300-4859,"one digit, last group",-1.8458868889091772e-10,136,-1.89862728117403e-11
00653004859,006-5300-4859,"one digit, last group",-1.8458868889091772e-10,137,7.445558354968586e-11
00653004859,006-5300-4859,"one digit, last group",-1.8458868889091772e-10,138,5.937716741965972e-11
00653004859,006-5300-4859,"one digit, last group",-1.8458868889091772e-10,139,6.776273185266265e-11
00653004859,006-5300-4859,"one digit, last group",-1.8458868889091772e-10,140,3.938406568789344e-11
00653004859,006-5300-4859,"one digit, last group",-1.8458868889091772e-10,141,-1.7039006604674063e-10
00653004859,006-5300-4859,"one digit, last group",-1.8458868889091772e-10,142,-4.770976376998555e-11
00653004859,006-5300-4859,"one digit, last group",-1.8458868889091772e-10,143,-5.311948704767639e-11
00653004859,006-5300-4859,"one digit, last group",-1.8458868889091772e-10,144,1.273742992680035e-10
00653004859,006-5300-4859,"one digit, last group",-1.8458868889091772e-10,145,8.224740782602734e-11
00653004859,006-5300-4859,"one digit, last group",-1.8458868889091772e-10,146,-2.0162336070914616e-11
00653004859,006-5300-4859,"one digit, last group",-1.8458868889091772e-10,147,2.5978536237729883e-10
00653004859,006-5300-4859,"one digit, last group",-1.8458868889091772e-10,148,5.6452195238785074e-11
00653004859,006-5300-4859,"one digit, last group",-1.8458868889091772e-10,149,5.6645562659517264e-11
00653004859,006-5300-4859,"one digit, last group",-1.8458868889091772e-10,150,-7.331309063378923e-11
00653004859,006-5300-4859,"one digit, last group",-1.8458868889091772e-10,151,-3.785554057735971e-11
00653004859,006-5300-4859,"one digit, last group",-1.8458868889091772e-10,152,2.9714641331525106e-10
00653004859,006-5300-4859,"one digit, last group",-1.8458868889091772e-10,153,3.7381962621865856e-10
00653004859,006-5300-4859,"one digit, last group",-1.8458868889091772e-10,154,3.4249038409489415e-11
00653004859,006-5300-4859,"one digit, last group",-1.8458868889091772e-10,155,7.413343085252032e-11
00653004859,006-5300-4859,"one digit, last group",-1.8458868889091772e-10,156,-2.1155591924506892e-10
00653004859,006-5300-4859,"one digit, last group",-1.8458868889091772e-10,157,-2.918051217376046e-11
00653004859,006-5300-4859,"one digit, last group",-1.8458868889091772e-10,158,-1.3384005202588564e-10
00653004859,006-5300-4859,"one digit, last group",-1.8458868889091772e-10,159,5.5458338524082196e-11
00653004859,006-5300-4859,"one digit, last group",-1.8458868889091772e-10,160,3.128980069143313e-10
00653004859,006-5300-4859,"one digit, last group",-1.8458868889091772e-10,161,-2.4648002809310154e-11
00653004859,006-5300-4859,"one digit, last group",-1.8458868889091772e-10,162,4.6158083328373536e-11
00653004859,006-5300-4859,"one digit, last group",-1.8458868889091772e-10,163,1.915126872205869e-11
00653004859,006-5300-4859,"one digit, last group",-1.8458868889091772e-10,164,-2.7124900452729614e-10
00653004859,006-5300-4859,"one digit, last group",-1.8458868889091772e-10,165,-6.258764916077185e-11
00653004859,006-5300-4859,"one digit, last group",-1.8458868889091772e-10,166,6.447547471714714e-11
00653004859,006-5300-4859,"one digit, last group",-1.8458868889091772e-10,167,-6.123262742054063e-11
00653004859,006-5300-4859,"one digit, last group",-1.8458868889091772e-10,168,3.0021054124738905e-10
00653004859,006-5300-4859,"one digit, last group",-1.8458868889091772e-10,169,6.830268065952038e-12
00653004859,006-5300-4859,"one digit, last group",-1.8458868889091772e-10,170,1.7477956913904774e-10
00653004859,006-5300-4859,"one digit, last group",-1.8458868889091772e-10,171,1.3231770044559765e-10
00653004859,006-5300-4859,"one digit, last group",-1.8458868889091772e-10,172,9.269694025587585e-11
00653004859,006-5300-4859,"one digit, last group",-1.8458868889091772e-10,173,3.908012780003677e-11
00653004859,006-5300-4859,"one digit, last group",-1.8458868889091772e-10,174,-7.62506726199889e-11
00653004859,006-5300-4859,"one digit, last group",-1.8458868889091772e-10,175,2.6820177761147507e-10
00653004859,006-5300-4859,"one digit, last group",-1.8458868889091772e-10,176,-4.208082387467867e-11
00653004859,006-5300-4859,"one digit, last group",-1.8458868889091772e-10,177,-8.267512656653782e-10
00653004859,006-5300-4859,"one digit, last group",-1.8458868889091772e-10,178,-1.4436166767146142e-10
00653004859,006-5300-4859,"one digit, last group",-1.8458868889091772e-10,179,3.904795751708373e-11
00653004859,006-5300-4859,"one digit, last group",-1.8458868889091772e-10,180,2.7234611283532006e-11
00653004859,006-5300-4859,"one digit, last group",-1.8458868889091772e-10,181,-8.047417004066917e-12
00653004859,006-5300-4859,"one digit, last group",-1.8458868889091772e-10,182,2.620722824947396e-10
00653004859,006-5300-4859,"one digit, last group",-1.8458868889091772e-10,183,2.3631778062579533e-10
00653004859,006-5300-4859,"one digit, last group",-1.8458868889091772e-10,184,-1.771920138140517e-11
00653004859,006-5300-4859,"one digit, last group",-1.8458868889091772e-10,185,6.480091654793631e-11
00653004859,006-5300-4859,"one digit, last group",-1.8458868889091772e-10,186,-1.1264256948924489e-10
00653004859,006-5300-4859,"one digit, last group",-1.8458868889091772e-10,187,-2.8114420838785714e-09
00653004859,006-5300-4859,"one digit, last group",-1.8458868889091772e-10,188,-1.4209733209578154e-09
00653004859,006-5300-4859,"one digit, last group",-1.8458868889091772e-10,189,3.84913817946406e-11
00653004859,006-5300-4859,"one digit, last group",-1.8458868889091772e-10,190,-1.4472628662162307e-10
00653004859,006-5300-4859,"one digit, last group",-1.8458868889091772e-10,191,1.2561553117499621e-11
00653004859,006-5300-4859,"one digit, last group",-1.8458868889091772e-10,192,-1.5068933807342393e-10
00653004859,006-5300-4859,"one digit, last group",-1.8458868889091772e-10,193,3.128567790690029e-10
00653004859,006-5300-4859,"one digit, last group",-1.8458868889091772e-10,194,-1.539516054661261e-11
00653004859,006-5300-4859,"one digit, last group",-1.8458868889091772e-10,195,7.403565006063498e-11
00653004859,006-5300-4859,"one digit, last group",-1.8458868889091772e-10,196,-5.245710308313873e-11
00653004859,006-5300-4859,"one digit, last group",-1.8458868889091772e-10,197,-2.2281212154655983e-10
00653004859,006-5300-4859,"one digit, last group",-1.8458868889091772e-10,198,-1.4303130102464754e-10
00653004859,006-5300-4859,"one digit, last group",-1.8458868889091772e-10,199,1.1578648530074217e-10
00653004859,006-5300-4859,"one digit, last group",-1.8458868889091772e-10,200,-1.1418382552259448e-10
00653004859,006-5300-4859,"one digit, last group",-1.8458868889091772e-10,201,5.316906355425076e-11
00653004859,006-5300-4859,"one digit, last group",-1.8458868889091772e-10,202,2.8670366444719953e-10
00653004859,006-5300-4859,"one digit, last group",-1.8458868889091772e-10,203,-2.4119347568800377e-11
02050002924,020-5000-2924,"one digit, first group",-1.4103848800111857e-11,0,-1.0203213295686219e-10
02050002924,020-5000-2924,"one digit, first group",-1.4103848800111857e-11,1,9.293407322123096e-11
02050002924,020-5000-2924,"one digit, first group",-1.4103848800111857e-11,2,1.0593713738996552e-10
02050002924,020-5000-2924,"one digit, first group",-1.4103848800111857e-11,3,-9.246224993073243e-12
02050002924,020-5000-2924,"one digit, first group",-1.4103848800111857e-11,4,-6.37508195471632e-11
02050002924,020-5000-2924,"one digit, first group",-1.4103848800111857e-11,5,-7.589596336106021e-11
02050002924,020-5000-2924,"one digit, first group",-1.4103848800111857e-11,6,9.101605722931458e-11
02050002924,020-5000-2924,"one digit, first group",-1.4103848800111857e-11,7,-7.245863625972431e-11
02050002924,020-5000-2924,"one digit, first group",-1.4103848800111857e-11,8,-6.113644664371416e-11
02050002924,020-5000-2924,"one digit, first group",-1.4103848800111857e-11,9,7.31217420214702e-11
02050002924,020-5000-2924,"one digit, first group",-1.4103848800111857e-11,10,-4.55460898773301e-11
02050002924,020-5000-2924,"one digit, first group",-1.4103848800111857e-11,11,-3.599190858966078e-11
02050002924,020-5000-2924,"one digit, first group",-1.4103848800111857e-11,12,-3.3128120517813293e-12
02050002924,020-5000-2924,"one digit, first group",-1.4103848800111857e-11,13,8.491804801038607e-11
02050002924,020-5000-2924,"one digit, first group",-1.4103848800111857e-11,14,9.510344732877641e-11
02050002924,020-5000-2924,"one digit, first group",-1.4103848800111857e-11,15,-1.172359765591256e-10
02050002924,020-5000-2924,"one digit, first group",-1.4103848800111857e-11,16,9.328935346782784e-11
02050002924,020-5000-2924,"one digit, first group",-1.4103848800111857e-11,17,-2.8603857546483077e-10
02050002924,020-5000-2924,"one digit, first group",-1.4103848800111857e-11,18,1.2701569878386395e-11
02050002924,020-5000-2924,"one digit, first group",-1.4103848800111857e-11,19,-5.4388641885173886e-11
02050002924,020-5000-2924,"one digit, first group",-1.4103848800111857e-11,20,-8.232772809931211e-12
02050002924,020-5000-2924,"one digit, first group",-1.4103848800111857e-11,21,-4.691764796042686e-11
02050002924,020-5000-2924,"one digit, first group",-1.4103848800111857e-11,22,-4.8656481812007814e-11
02050002924,020-5000-2924,"one digit, first group",-1.4103848800111857e-11,23,-1.1387366845693268e-10
02050002924,020-5000-2924,"one digit, first group",-1.4103848800111857e-11,24,1.9861968489702457e-10
02050002924,020-5000-2924,"one digit, first group",-1.4103848800111857e-11,25,4.385453399092345e-11
02050002924,020-5000-2924,"one digit, first group",-1.4103848800111857e-11,26,4.316310599687843e-12
02050002924,020-5000-2924,"one digit, first group",-1.4103848800111857e-11,27,-1.4697474094258097e-10
02050002924,020-5000-2924,"one digit, first group",-1.4103848800111857e-11,28,-4.3804939391681965e-10
02050002924,020-5000-2924,"one digit, first group",-1.4103848800111857e-11,29,-2.5875688268751056e-11
02050002924,020-5000-2924,"one digit, first group",-1.4103848800111857e-11,30,1.8687944562652308e-10
02050002924,020-5000-2924,"one digit, first group",-1.4103848800111857e-11,31,-1.0074297499093551e-10
02050002924,020-5000-2924,"one digit, first group",-1.4103848800111857e-11,32,-1.2099851843976776e-10
02050002924,020-5000-2924,"one digit, first group",-1.4103848800111857e-11,33,5.106485122817389e-10
02050002924,020-5000-2924,"one digit, first group",-1.4103848800111857e-11,34,-4.102063650363546e-11
02050002924,020-5000-2924,"one digit, first group",-1.4103848800111857e-11,35,1.3477580865620672e-11
02050002924,020-5000-2924,"one digit, first group",-1.4103848800111857e-11,36,-5.355748644989665e-11
02050002924,020-5000-2924,"one digit, first group",-1.4103848800111857e-11,37,-2.126447921148679e-10
02050002924,020-5000-2924,"one digit, first group",-1.4103848800111857e-11,38,7.130096881912848e-11
02050002924,020-5000-2924,"one digit, first group",-1.4103848800111857e-11,39,-8.628842722766236e-11
02050002924,020-5000-2924,"one digit, first group",-1.4103848800111857e-11,40,2.5294644448398274e-10
02050002924,020-5000-2924,"one digit, first group",-1.4103848800111857e-11,41,2.2433271715726764e-11
02050002924,020-5000-2924,"one digit, first group",-1.4103848800111857e-11,42,-2.780063351433972e-10
02050002924,020-5000-2924,"one digit, first group",-1.4103848800111857e-11,43,7.299767459518328e-12
02050002924,020-5000-2924,"one digit, first group",-1.4103848800111857e-11,44,3.5430579800966644e-11
02050002924,020-5000-2924,"one digit, first group",-1.4103848800111857e-11,45,-1.036041841033553e-10
02050002924,020-5000-2924,"one digit, first group",-1.4103848800111857e-11,46,6.805644670279754e-11
02050002924,020-5000-2924,"one digit, first group",-1.4103848800111857e-11,47,2.0942548497527197e-11
02050002924,020-5000-2924,"one digit, first group",-1.4103848800111857e-11,48,-3.2868856954368196e-10
02050002924,020-5000-2924,"one digit, first group",-1.4103848800111857e-11,49,9.091914677034765e-11
02050002924,020-5000-2924,"one digit, first group",-1.4103848800111857e-11,50,5.861804310219978e-10
02050002924,020-5000-2924,"one digit, first group",-1.4103848800111857e-11,51,-3.1136826667738136e-11
02050002924,020-5000-2924,"one digit, first group",-1.4103848800111857e-11,52,1.408245402994987e-11
02050002924,020-5000-2924,"one digit, first group",-1.4103848800111857e-11,53,6.624896521487051e-11
02050002924,020-5000-2924,"one digit, first group",-1.4103848800111857e-11,54,-8.38124607987359e-12
02050002924,020-5000-2924,"one digit, first group",-1.4103848800111857e-11,55,-1.6479183054158828e-10
02050002924,020-5000-2924,"one digit, first group",-1.4103848800111857e-11,56,-1.3534870514892976e-10
02050002924,020-5000-2924,"one digit, first group",-1.4103848800111857e-11,57,9.49946142132854e-12
02050002924,020-5000-2924,"one digit, first group",-1.4103848800111857e-11,58,-3.219962069375283e-11
02050002924,020-5000-2924,"one digit, first group",-1.4103848800111857e-11,59,-5.121130145750177e-11
02050002924,020-5000-2924,"one digit, first group",-1.4103848800111857e-11,60,-1.4434255683875692e-10
02050002924,020-5000-2924,"one digit, first group",-1.4103848800111857e-11,61,-7.574913981956237e-12
02050002924,020-5000-2924,"one digit, first group",-1.4103848800111857e-11,62,2.5243565614536832e-11
02050002924,020-5000-2924,"one digit, first group",-1.4103848800111857e-11,63,2.6167359765539015e-11
02050002924,020-5000-2924,"one digit, first group",-1.4103848800111857e-11,64,2.7463999003787314e-10
02050002924,020-5000-2924,"one digit, first group",-1.4103848800111857e-11,65,-2.997385233744623e-11
02050002924,020-5000-2924,"one digit, first group",-1.4103848800111857e-11,66,6.212288742858865e-10
02050002924,020-5000-2924,"one digit, first group",-1.4103848800111857e-11,67,-1.6489135502990886e-10
02050002924,020-5000-2924,"one digit, first group",-1.4103848800111857e-11,68,-4.740259841563864e-13
02050002924,020-5000-2924,"one digit, first group",-1.4103848800111857e-11,69,5.5566938964789234e-11
02050002924,020-5000-2924,"one digit, first group",-1.4103848800111857e-11,70,-5.952913715193233e-11
02050002924,020-5000-2924,"one digit, first group",-1.4103848800111857e-11,71,1.7325261728737216e-11
02050002924,020-5000-2924,"one digit, first group",-1.4103848800111857e-11,72,1.0954583827469416e-12
02050002924,020-5000-2924,"one digit, first group",-1.4103848800111857e-11,73,-4.7178332778668814e-11
02050002924,020-5000-2924,"one digit, first group",-1.4103848800111857e-11,74,-8.291357493379644e-11
02050002924,020-5000-2924,"one digit, first group",-1.4103848800111857e-11,75,3.5386053618089487e-11
02050002924,020-5000-2924,"one digit, first group",-1.4103848800111857e-11,76,2.9917086248637377e-11
02050002924,020-5000-2924,"one digit, first group",-1.4103848800111857e-11,77,2.1367009258693575e-11
02050002924,020-5000-2924,"one digit, first group",-1.4103848800111857e-11,78,1.638467018377832e-10
02050002924,020-5000-2924,"one digit, first group",-1.4103848800111857e-11,79,-2.153772506891472e-10
02050002924,020-5000-2924,"one digit, first group",-1.4103848800111857e-11,80,-1.0178260978442596e-11
02050002924,020-5000-2924,"one digit, first group",-1.4103848800111857e-11,81,-1.969633759642781e-10
02050002924,020-5000-2924,"one digit, first group",-1.4103848800111857e-11,82,-6.479806299475756e-10
02050002924,020-5000-2924,"one digit, first group",-1.4103848800111857e-11,83,3.133836226837414e-11
02050002924,020-5000-2924,"one digit, first group",-1.4103848800111857e-11,84,-2.051809015156324e-11
02050002924,020-5000-2924,"one digit, first group",-1.4103848800111857e-11,85,3.0126006801220737e-11
02050002924,020-5000-2924,"one digit, first group",-1.4103848800111857e-11,86,1.074376706971267e-10
02050002924,020-5000-2924,"one digit, first group",-1.4103848800111857e-11,87,-1.8548841800000104e-10
02050002924,020-5000-2924,"one digit, first group",-1.4103848800111857e-11,88,1.3694015147955368e-10
02050002924,020-5000-2924,"one digit, first group",-1.4103848800111857e-11,89,-2.1590883795549018e-11
02050002924,020-5000-2924,"one digit, first group",-1.4103848800111857e-11,90,-4.697557434745424e-13
02050002924,020-5000-2924,"one digit, first group",-1.4103848800111857e-11,91,-7.194652000634774e-12
02050002924,020-5000-2924,"one digit, first group",-1.4103848800111857e-11,92,-3.108929453889286e-10
02050002924,020-5000-2924,"one digit, first group",-1.4103848800111857e-11,93,1.1312066479689672e-10
02050002924,020-5000-2924,"one digit, first group",-1.4103848800111857e-11,94,-5.627195724783276e-11
02050002924,020-5000-2924,"one digit, first group",-1.4103848800111857e-11,95,5.6230824164369906e-11
02050002924,020-5000-2924,"one digit, first group",-1.4103848800111857e-11,96,1.242233056704959e-10
02050002924,020-5000-2924,"one digit, first group",-1.4103848800111857e-11,97,-3.3741244167505303e-10
02050002924,020-5000-2924,"one digit, first group",-1.4103848800111857e-11,98,-1.7357182732706073e-12
02050002924,020-5000-2924,"one digit, first group",-1.4103848800111857e-11,99,-5.70590126515364e-11
02050002924,020-5000-2924,"one digit, first group",-1.4103848800111857e-11,100,-1.2756418411724208e-10
02050002924,020-5000-2924,"one digit, first group",-1.4103848800111857e-11,101,9.569561525733687e-12
02050002924,020-5000-2924,"one digit, first group",-1.4103848800111857e-11,102,-1.1428066066794606e-10
02050002924,020-5000-2924,"one digit, first group",-1.4103848800111857e-11,103,1.1043713288519891e-10
02050002924,020-5000-2924,"one digit, first group",-1.4103848800111857e-11,104,-7.91158208842313e-11
02050002924,020-5000-2924,"one digit, first group",-1.4103848800111857e-11,105,9.192475868943099e-11
02050002924,020-5000-2924,"one digit, first group",-1.4103848800111857e-11,106,-2.0550378719128046e-11
02050002924,020-5000-2924,"one digit, first group",-1.4103848800111857e-11,107,4.288457911111934e-11
02050002924,020-5000-2924,"one digit, first group",-1.4103848800111857e-11,108,1.1487703997017226e-10
02050002924,020-5000-2924,"one digit, first group",-1.4103848800111857e-11,109,-5.21037655148572e-12
02050002924,020-5000-2924,"one digit, first group",-1.4103848800111857e-11,110,-4.9205181401512404e-11
02050002924,020-5000-2924,"one digit, first group",-1.4103848800111857e-11,111,5.0998749935695206e-11
02050002924,020-5000-2924,"one digit, first group",-1.4103848800111857e-11,112,8.908111622930518e-11
02050002924,020-5000-2924,"one digit, first group",-1.4103848800111857e-11,113,5.975965669105422e-12
02050002924,020-5000-2924,"one digit, first group",-1.4103848800111857e-11,114,-4.18420662260152e-11
02050002924,020-5000-2924,"one digit, first group",-1.4103848800111857e-11,115,-2.621466527771514e-11
02050002924,020-5000-2924,"one digit, first group",-1.4103848800111857e-11,116,7.224387394428603e-11
02050002924,020-5000-2924,"one digit, first group",-1.4103848800111857e-11,117,-1.5696265134603902e-10
02050002924,020-5000-2924,"one digit, first group",-1.4103848800111857e-11,118,3.1454521615693616e-10
02050002924,020-5000-2924,"one digit, first group",-1.4103848800111857e-11,119,-3.9057113778672285e-11
02050002924,020-5000-2924,"one digit, first group",-1.4103848800111857e-11,120,6.879087042524246e-12
02050002924,020-5000-2924,"one digit, first group",-1.4103848800111857e-11,121,1.0449198198060356e-10
02050002924,020-5000-2924,"one digit, first group",-1.4103848800111857e-11,122,-1.5921779010939233e-10
02050002924,020-5000-2924,"one digit, first group",-1.4103848800111857e-11,123,-3.758078669878003e-11
02050002924,020-5000-2924,"one digit, first group",-1.4103848800111857e-11,124,-2.685632826902363e-10
02050002924,020-5000-2924,"one digit, first group",-1.4103848800111857e-11,125,5.0737816844136604e-11
02050002924,020-5000-2924,"one digit, first group",-1.4103848800111857e-11,126,-1.4474987348249545e-11
02050002924,020-5000-2924,"one digit, first group",-1.4103848800111857e-11,127,-1.7283595577112327e-10
02050002924,020-5000-2924,"one digit, first group",-1.4103848800111857e-11,128,1.7888860308086845e-10
02050002924,020-5000-2924,"one digit, first group",-1.4103848800111857e-11,129,-4.486047481074248e-12
02050002924,020-5000-2924,"one digit, first group",-1.4103848800111857e-11,130,3.9234645982610295e-11
02050002924,020-5000-2924,"one digit, first group",-1.4103848800111857e-11,131,-2.892926424300964e-10
02050002924,020-5000-2924,"one digit, first group",-1.4103848800111857e-11,132,1.7532551543311247e-12
02050002924,020-5000-2924,"one digit, first group",-1.4103848800111857e-11,133,-1.2070933253673924e-10
02050002924,020-5000-2924,"one digit, first group",-1.4103848800111857e-11,134,-1.566398866398727e-11
02050002924,020-5000-2924,"one digit, first group",-1.4103848800111857e-11,135,-1.4528625020884528e-10
02050002924,020-5000-2924,"one digit, first group",-1.4103848800111857e-11,136,-9.014536339257567e-14
02050002924,020-5000-2924,"one digit, first group",-1.4103848800111857e-11,137,1.4309092553616235e-10
02050002924,020-5000-2924,"one digit, first group",-1.4103848800111857e-11,138,2.695719834128798e-10
02050002924,020-5000-2924,"one digit, first group",-1.4103848800111857e-11,139,-6.68088933735876e-11
02050002924,020-5000-2924,"one digit, first group",-1.4103848800111857e-11,140,-2.21480617840037e-10
02050002924,020-5000-2924,"one digit, first group",-1.4103848800111857e-11,141,5.900841211833465e-11
02050002924,020-5000-2924,"one digit, first group",-1.4103848800111857e-11,142,1.3366168867390035e-09
02050002924,020-5000-2924,"one digit, first group",-1.4103848800111857e-11,143,-6.2656733468835e-10
02050002924,020-5000-2924,"one digit, first group",-1.4103848800111857e-11,144,1.543829377931288e-08
02050002924,020-5000-2924,"one digit, first group",-1.4103848800111857e-11,145,-6.87193804793593e-10
02050002924,020-5000-2924,"one digit, first group",-1.4103848800111857e-11,146,-2.8036437899478874e-09
02050002924,020-5000-2924,"one digit, first group",-1.4103848800111857e-11,147,-1.127365929095602e-09
02050002924,020-5000-2924,"one digit, first group",-1.4103848800111857e-11,148,-2.2232144624390006e-09
02050002924,020-5000-2924,"one digit, first group",-1.4103848800111857e-11,149,5.193986033977559e-09
02050002924,020-5000-2924,"one digit, first group",-1.4103848800111857e-11,150,2.043885014249395e-11
02050002924,020-5000-2924,"one digit, first group",-1.4103848800111857e-11,151,-2.3096389994741303e-11
02050002924,020-5000-2924,"one digit, first group",-1.4103848800111857e-11,152,-5.945518181950097e-10
02050002924,020-5000-2924,"one digit, first group",-1.4103848800111857e-11,153,7.098403222414588e-11
02050002924,020-5000-2924,"one digit, first group",-1.4103848800111857e-11,154,-5.0856073828828267e-11
02050002924,020-5000-2924,"one digit, first group",-1.4103848800111857e-11,155,1.7049272074721075e-10
02050002924,020-5000-2924,"one digit, first group",-1.4103848800111857e-11,156,2.159519306361615e-09
02050002924,020-5000-2924,"one digit, first group",-1.4103848800111857e-11,157,1.2381880302211517e-11
02050002924,020-5000-2924,"one digit, first group",-1.4103848800111857e-11,158,7.724409756326713e-11
02050002924,020-5000-2924,"one digit, first group",-1.4103848800111857e-11,159,4.3043581332749e-11
02050002924,020-5000-2924,"one digit, first group",-1.4103848800111857e-11,160,6.55608891304234e-09
02050002924,020-5000-2924,"one digit, first group",-1.4103848800111857e-11,161,1.7082303434528476e-11
02050002924,020-5000-2924,"one digit, first group",-1.4103848800111857e-11,162,-1.697720027070653e-11
02050002924,020-5000-2924,"one digit, first group",-1.4103848800111857e-11,163,-1.6696288100108446e-09
02050002924,020-5000-2924,"one digit, first group",-1.4103848800111857e-11,164,1.9107712266750565e-10
02050002924,020-5000-2924,"one digit, first group",-1.4103848800111857e-11,165,1.351222601749738e-10
02050002924,020-5000-2924,"one digit, first group",-1.4103848800111857e-11,166,2.4330367090270634e-11
02050002924,020-5000-2924,"one digit, first group",-1.4103848800111857e-11,167,-1.5771799135797123e-10
02050002924,020-5000-2924,"one digit, first group",-1.4103848800111857e-11,168,1.484517314275635e-10
02050002924,020-5000-2924,"one digit, first group",-1.4103848800111857e-11,169,-2.928681285344453e-10
02050002924,020-5000-2924,"one digit, first group",-1.4103848800111857e-11,170,-1.324731736857401e-10
02050002924,020-5000-2924,"one digit, first group",-1.4103848800111857e-11,171,1.5058554250298466e-10
02050002924,020-5000-2924,"one digit, first group",-1.4103848800111857e-11,172,-3.578735088249322e-11
02050002924,020-5000-2924,"one digit, first group",-1.4103848800111857e-11,173,-5.485372915072072e-11
02050002924,020-5000-2924,"one digit, first group",-1.4103848800111857e-11,174,-5.6964607214241155e-11
02050002924,020-5000-2924,"one digit, first group",-1.4103848800111857e-11,175,9.205372895365835e-11
02050002924,020-5000-2924,"one digit, first group",-1.4103848800111857e-11,176,-3.1680802300228174e-11
02050002924,020-5000-2924,"one digit, first group",-1.4103848800111857e-11,177,-2.573260568051595e-10
02050002924,020-5000-2924,"one digit, first group",-1.4103848800111857e-11,178,-9.586092095116884e-11
02050002924,020-5000-2924,"one digit, first group",-1.4103848800111857e-11,179,1.692015726791771e-10
02050002924,020-5000-2924,"one digit, first group",-1.4103848800111857e-11,180,-5.0116764954098375e-11
02050002924,020-5000-2924,"one digit, first group",-1.4103848800111857e-11,181,-3.966129167598187e-11
02050002924,020-5000-2924,"one digit, first group",-1.4103848800111857e-11,182,-1.2733338477072955e-10
02050002924,020-5000-2924,"one digit, first group",-1.4103848800111857e-11,183,-1.3539744049860086e-10
02050002924,020-5000-2924,"one digit, first group",-1.4103848800111857e-11,184,2.7002257367510266e-11
02050002924,020-5000-2924,"one digit, first group",-1.4103848800111857e-11,185,-5.845958669918582e-11
02050002924,020-5000-2924,"one digit, first group",-1.4103848800111857e-11,186,-1.6399513273462143e-12
02050002924,020-5000-2924,"one digit, first group",-1.4103848800111857e-11,187,9.582591180780895e-12
02050002924,020-5000-2924,"one digit, first group",-1.4103848800111857e-11,188,7.561552183983163e-11
02050002924,020-5000-2924,"one digit, first group",-1.4103848800111857e-11,189,-1.9448772433296834e-11
02050002924,020-5000-2924,"one digit, first group",-1.4103848800111857e-11,190,8.221596734709833e-11
02050002924,020-5000-2924,"one digit, first group",-1.4103848800111857e-11,191,-4.542778022905787e-11
02050002924,020-5000-2924,"one digit, first group",-1.4103848800111857e-11,192,4.7271002316179015e-11
02050002924,020-5000-2924,"one digit, first group",-1.4103848800111857e-11,193,1.3729161798604305e-10
02050002924,020-5000-2924,"one digit, first group",-1.4103848800111857e-11,194,-9.374789331436234e-12
02050002924,020-5000-2924,"one digit, first group",-1.4103848800111857e-11,195,-3.9779570622253857e-10
02050002924,020-5000-2924,"one digit, first group",-1.4103848800111857e-11,196,2.167763242095401e-11
02050002924,020-5000-2924,"one digit, first group",-1.4103848800111857e-11,197,1.1231996421883793e-10
02050002924,020-5000-2924,"one digit, first group",-1.4103848800111857e-11,198,-1.4307514979106011e-10
02050002924,020-5000-2924,"one digit, first group",-1.4103848800111857e-11,199,-3.453828863219403e-10
02050002924,020-5000-2924,"one digit, first group",-1.4103848800111857e-11,200,1.5731612723159457e-10
02050002924,020-5000-2924,"one digit, first group",-1.4103848800111857e-11,201,-3.387927976428077e-11
02050002924,020-5000-2924,"one digit, first group",-1.4103848800111857e-11,202,3.521821560500664e-10
02050002924,020-5000-2924,"one digit, first group",-1.4103848800111857e-11,203,9.679523134273788e-12
01050102924,010-5010-2924,"one digit, middle group",-3.584434077569578e-10,0,2.448459265658807e-11
01050102924,010-5010-2924,"one digit, middle group",-3.584434077569578e-10,1,2.229103066686406e-10
01050102924,010-5010-2924,"one digit, middle group",-3.584434077569578e-10,2,-2.1025156128075636e-10
01050102924,010-5010-2924,"one digit, middle group",-3.584434077569578e-10,3,5.035830291989561e-11
01050102924,010-5010-2924,"one digit, middle group",-3.584434077569578e-10,4,-2.1388670698023697e-10
01050102924,010-5010-2924,"one digit, middle group",-3.584434077569578e-10,5,-5.415975390449104e-10
01050102924,010-5010-2924,"one digit, middle group",-3.584434077569578e-10,6,-4.242449385908789e-11
01050102924,010-5010-2924,"one digit, middle group",-3.584434077569578e-10,7,1.445149586278672e-10
01050102924,010-5010-2924,"one digit, middle group",-3.584434077569578e-10,8,-2.4670336624171637e-10
01050102924,010-5010-2924,"one digit, middle group",-3.584434077569578e-10,9,-7.074322750648575e-11
01050102924,010-5010-2924,"one digit, middle group",-3.584434077569578e-10,10,-3.504429142145433e-11
01050102924,010-5010-2924,"one digit, middle group",-3.584434077569578e-10,11,-1.1435312261544439e-10
01050102924,010-5010-2924,"one digit, middle group",-3.584434077569578e-10,12,-6.687338299219928e-11
01050102924,010-5010-2924,"one digit, middle group",-3.584434077569578e-10,13,-1.1042524219334867e-10
01050102924,010-5010-2924,"one digit, middle group",-3.584434077569578e-10,14,1.0495328942362232e-10
01050102924,010-5010-2924,"one digit, middle group",-3.584434077569578e-10,15,-3.1927258201578704e-12
01050102924,010-5010-2924,"one digit, middle group",-3.584434077569578e-10,16,4.4065977868227374e-10
01050102924,010-5010-2924,"one digit, middle group",-3.584434077569578e-10,17,2.4494147620389675e-10
01050102924,010-5010-2924,"one digit, middle group",-3.584434077569578e-10,18,-1.7130145329570784e-10
01050102924,010-5010-2924,"one digit, middle group",-3.584434077569578e-10,19,6.456025837988421e-11
01050102924,010-5010-2924,"one digit, middle group",-3.584434077569578e-10,20,-8.422065321441509e-11
01050102924,010-5010-2924,"one digit, middle group",-3.584434077569578e-10,21,-1.338932122205921e-10
01050102924,010-5010-2924,"one digit, middle group",-3.584434077569578e-10,22,4.766251794680467e-12
01050102924,010-5010-2924,"one digit, middle group",-3.584434077569578e-10,23,4.985412243004638e-11
01050102924,010-5010-2924,"one digit, middle group",-3.584434077569578e-10,24,-4.126125689920752e-11
01050102924,010-5010-2924,"one digit, middle group",-3.584434077569578e-10,25,-3.3674185577503296e-11
01050102924,010-5010-2924,"one digit, middle group",-3.584434077569578e-10,26,4.4569832474507933e-10
01050102924,010-5010-2924,"one digit, middle group",-3.584434077569578e-10,27,-1.4164181356950113e-10
01050102924,010-5010-2924,"one digit, middle group",-3.584434077569578e-10,28,1.2062433913330157e-10
01050102924,010-5010-2924,"one digit, middle group",-3.584434077569578e-10,29,-4.657163083662167e-11
01050102924,010-5010-2924,"one digit, middle group",-3.584434077569578e-10,30,-2.3114689333725403e-10
01050102924,010-5010-2924,"one digit, middle group",-3.584434077569578e-10,31,-5.539491876816889e-12
01050102924,010-5010-2924,"one digit, middle group",-3.584434077569578e-10,32,-3.349087216803704e-10
01050102924,010-5010-2924,"one digit, middle group",-3.584434077569578e-10,33,7.153728667955778e-11
01050102924,010-5010-2924,"one digit, middle group",-3.584434077569578e-10,34,-2.217823815629116e-10
01050102924,010-5010-2924,"one digit, middle group",-3.584434077569578e-10,35,4.1310461726565774e-11
01050102924,010-5010-2924,"one digit, middle group",-3.584434077569578e-10,36,-2.127157158360933e-11
01050102924,010-5010-2924,"one digit, middle group",-3.584434077569578e-10,37,1.7800557701783566e-10
01050102924,010-5010-2924,"one digit, middle group",-3.584434077569578e-10,38,1.1759626073660819e-11
01050102924,010-5010-2924,"one digit, middle group",-3.584434077569578e-10,39,1.7235673303017026e-10
01050102924,010-5010-2924,"one digit, middle group",-3.584434077569578e-10,40,-3.6222850166310965e-11
01050102924,010-5010-2924,"one digit, middle group",-3.584434077569578e-10,41,-7.416927473764311e-12
01050102924,010-5010-2924,"one digit, middle group",-3.584434077569578e-10,42,1.374789085043956e-10
01050102924,010-5010-2924,"one digit, middle group",-3.584434077569578e-10,43,3.436073391458292e-11
01050102924,010-5010-2924,"one digit, middle group",-3.584434077569578e-10,44,-2.7063857294213172e-11
01050102924,010-5010-2924,"one digit, middle group",-3.584434077569578e-10,45,1.370728791188161e-10
01050102924,010-5010-2924,"one digit, middle group",-3.584434077569578e-10,46,-9.008108366724744e-12
01050102924,010-5010-2924,"one digit, middle group",-3.584434077569578e-10,47,3.7119004710126874e-10
01050102924,010-5010-2924,"one digit, middle group",-3.584434077569578e-10,48,2.220107592723443e-10
01050102924,010-5010-2924,"one digit, middle group",-3.584434077569578e-10,49,8.146564406915087e-11
01050102924,010-5010-2924,"one digit, middle group",-3.584434077569578e-10,50,2.2902377249842665e-11
01050102924,010-5010-2924,"one digit, middle group",-3.584434077569578e-10,51,-3.065021184912699e-11
01050102924,010-5010-2924,"one digit, middle group",-3.584434077569578e-10,52,-1.1910373155129377e-12
01050102924,010-5010-2924,"one digit, middle group",-3.584434077569578e-10,53,9.197848849892878e-11
01050102924,010-5010-2924,"one digit, middle group",-3.584434077569578e-10,54,-1.5169832042192303e-11
01050102924,010-5010-2924,"one digit, middle group",-3.584434077569578e-10,55,-7.246991112198598e-11
01050102924,010-5010-2924,"one digit, middle group",-3.584434077569578e-10,56,-1.550533775707519e-10
01050102924,010-5010-2924,"one digit, middle group",-3.584434077569578e-10,57,5.844419420044748e-11
01050102924,010-5010-2924,"one digit, middle group",-3.584434077569578e-10,58,-5.189037671338668e-11
01050102924,010-5010-2924,"one digit, middle group",-3.584434077569578e-10,59,5.49081014422052e-11
01050102924,010-5010-2924,"one digit, middle group",-3.584434077569578e-10,60,-1.52841823302579e-10
01050102924,010-5010-2924,"one digit, middle group",-3.584434077569578e-10,61,1.888719686378692e-10
01050102924,010-5010-2924,"one digit, middle group",-3.584434077569578e-10,62,-8.126409372576756e-11
01050102924,010-5010-2924,"one digit, middle group",-3.584434077569578e-10,63,8.151507042091869e-11
01050102924,010-5010-2924,"one digit, middle group",-3.584434077569578e-10,64,-2.6582004432164457e-12
01050102924,010-5010-2924,"one digit, middle group",-3.584434077569578e-10,65,5.903409223813338e-11
01050102924,010-5010-2924,"one digit, middle group",-3.584434077569578e-10,66,-1.8433071855647902e-10
01050102924,010-5010-2924,"one digit, middle group",-3.584434077569578e-10,67,5.7321032412936436e-11
01050102924,010-5010-2924,"one digit, middle group",-3.584434077569578e-10,68,-1.2296110773124116e-10
01050102924,010-5010-2924,"one digit, middle group",-3.584434077569578e-10,69,1.8685170028779878e-10
01050102924,010-5010-2924,"one digit, middle group",-3.584434077569578e-10,70,-2.8545702589571836e-11
01050102924,010-5010-2924,"one digit, middle group",-3.584434077569578e-10,71,-1.4550989432645135e-11
01050102924,010-5010-2924,"one digit, middle group",-3.584434077569578e-10,72,-2.1073882129655304e-12
01050102924,010-5010-2924,"one digit, middle group",-3.584434077569578e-10,73,1.9051087315910967e-11
01050102924,010-5010-2924,"one digit, middle group",-3.584434077569578e-10,74,-1.60095426585304e-11
01050102924,010-5010-2924,"one digit, middle group",-3.584434077569578e-10,75,3.271325035739044e-11
01050102924,010-5010-2924,"one digit, middle group",-3.584434077569578e-10,76,2.5028684942749964e-11
01050102924,010-5010-2924,"one digit, middle group",-3.584434077569578e-10,77,9.631904754543344e-11
01050102924,010-5010-2924,"one digit, middle group",-3.584434077569578e-10,78,-7.646614509057429e-11
01050102924,010-5010-2924,"one digit, middle group",-3.584434077569578e-10,79,5.7587251804337556e-11
01050102924,010-5010-2924,"one digit, middle group",-3.584434077569578e-10,80,1.3128034051939743e-10
01050102924,010-5010-2924,"one digit, middle group",-3.584434077569578e-10,81,-4.950936171046029e-11
01050102924,010-5010-2924,"one digit, middle group",-3.584434077569578e-10,82,-3.047673009683092e-12
01050102924,010-5010-2924,"one digit, middle group",-3.584434077569578e-10,83,6.767109312400227e-12
01050102924,010-5010-2924,"one digit, middle group",-3.584434077569578e-10,84,-8.371467215280143e-11
01050102924,010-5010-2924,"one digit, middle group",-3.584434077569578e-10,85,1.6433663652574227e-11
01050102924,010-5010-2924,"one digit, middle group",-3.584434077569578e-10,86,-9.023674659630154e-11
01050102924,010-5010-2924,"one digit, middle group",-3.584434077569578e-10,87,-6.883008460454538e-11
01050102924,010-5010-2924,"one digit, middle group",-3.584434077569578e-10,88,-1.2490168290053954e-10
01050102924,010-5010-2924,"one digit, middle group",-3.584434077569578e-10,89,-1.4380900329452688e-10
01050102924,010-5010-2924,"one digit, middle group",-3.584434077569578e-10,90,-1.113513502807307e-10
01050102924,010-5010-2924,"one digit, middle group",-3.584434077569578e-10,91,1.0361815146960783e-10
01050102924,010-5010-2924,"one digit, middle group",-3.584434077569578e-10,92,2.704634595351289e-10
01050102924,010-5010-2924,"one digit, middle group",-3.584434077569578e-10,93,-8.08042325492922e-12
01050102924,010-5010-2924,"one digit, middle group",-3.584434077569578e-10,94,1.4636709692202174e-10
01050102924,010-5010-2924,"one digit, middle group",-3.584434077569578e-10,95,-2.321164768121869e-11
01050102924,010-5010-2924,"one digit, middle group",-3.584434077569578e-10,96,8.352757416763393e-11
01050102924,010-5010-2924,"one digit, middle group",-3.584434077569578e-10,97,4.975260892667964e-11
01050102924,010-5010-2924,"one digit, middle group",-3.584434077569578e-10,98,3.031190676687431e-10
01050102924,010-5010-2924,"one digit, middle group",-3.584434077569578e-10,99,1.1880869222600282e-11
01050102924,010-5010-2924,"one digit, middle group",-3.584434077569578e-10,100,9.943293496458783e-12
01050102924,010-5010-2924,"one digit, middle group",-3.584434077569578e-10,101,3.5274590272642973e-10
01050102924,010-5010-2924,"one digit, middle group",-3.584434077569578e-10,102,-4.138599141206176e-11
01050102924,010-5010-2924,"one digit, middle group",-3.584434077569578e-10,103,1.212474813865312e-10
01050102924,010-5010-2924,"one digit, middle group",-3.584434077569578e-10,104,-3.921829707803636e-11
01050102924,010-5010-2924,"one digit, middle group",-3.584434077569578e-10,105,-1.0373732937632897e-10
01050102924,010-5010-2924,"one digit, middle group",-3.584434077569578e-10,106,-1.1853881994609903e-10
01050102924,010-5010-2924,"one digit, middle group",-3.584434077569578e-10,107,-6.579595980358357e-11
01050102924,010-5010-2924,"one digit, middle group",-3.584434077569578e-10,108,-1.150749364583224e-11
01050102924,010-5010-2924,"one digit, middle group",-3.584434077569578e-10,109,-7.630924709788145e-11
01050102924,010-5010-2924,"one digit, middle group",-3.584434077569578e-10,110,9.229565554768922e-11
01050102924,010-5010-2924,"one digit, middle group",-3.584434077569578e-10,111,1.3245858942703838e-10
01050102924,010-5010-2924,"one digit, middle group",-3.584434077569578e-10,112,2.2224972948338923e-10
01050102924,010-5010-2924,"one digit, middle group",-3.584434077569578e-10,113,-1.389441410674312e-12
01050102924,010-5010-2924,"one digit, middle group",-3.584434077569578e-10,114,-2.3699178319380457e-10
01050102924,010-5010-2924,"one digit, middle group",-3.584434077569578e-10,115,7.698696334652622e-12
01050102924,010-5010-2924,"one digit, middle group",-3.584434077569578e-10,116,3.084051005415297e-11
01050102924,010-5010-2924,"one digit, middle group",-3.584434077569578e-10,117,1.1848743815849295e-10
01050102924,010-5010-2924,"one digit, middle group",-3.584434077569578e-10,118,2.6463173875523513e-10
01050102924,010-5010-2924,"one digit, middle group",-3.584434077569578e-10,119,-1.5121868739024967e-10
01050102924,010-5010-2924,"one digit, middle group",-3.584434077569578e-10,120,1.9232331580243948e-10
01050102924,010-5010-2924,"one digit, middle group",-3.584434077569578e-10,121,7.631903262497027e-11
01050102924,010-5010-2924,"one digit, middle group",-3.584434077569578e-10,122,-7.941109897083043e-11
01050102924,010-5010-2924,"one digit, middle group",-3.584434077569578e-10,123,-1.034567873638367e-10
01050102924,010-5010-2924,"one digit, middle group",-3.584434077569578e-10,124,2.169186929142599e-10
01050102924,010-5010-2924,"one digit, middle group",-3.584434077569578e-10,125,2.265194607027121e-10
01050102924,010-5010-2924,"one digit, middle group",-3.584434077569578e-10,126,6.795919516497273e-11
01050102924,010-5010-2924,"one digit, middle group",-3.584434077569578e-10,127,-3.338870874960959e-10
01050102924,010-5010-2924,"one digit, middle group",-3.584434077569578e-10,128,-1.8253811813174514e-10
01050102924,010-5010-2924,"one digit, middle group",-3.584434077569578e-10,129,9.290262852012499e-11
01050102924,010-5010-2924,"one digit, middle group",-3.584434077569578e-10,130,-3.437772631708328e-11
01050102924,010-5010-2924,"one digit, middle group",-3.584434077569578e-10,131,-4.294146411511943e-10
01050102924,010-5010-2924,"one digit, middle group",-3.584434077569578e-10,132,9.26581427347483e-11
01050102924,010-5010-2924,"one digit, middle group",-3.584434077569578e-10,133,3.445840057729076e-11
01050102924,010-5010-2924,"one digit, middle group",-3.584434077569578e-10,134,1.7440189136865726e-10
01050102924,010-5010-2924,"one digit, middle group",-3.584434077569578e-10,135,2.8690409703178384e-10
01050102924,010-5010-2924,"one digit, middle group",-3.584434077569578e-10,136,-1.664749273194806e-11
01050102924,010-5010-2924,"one digit, middle group",-3.584434077569578e-10,137,1.2226802853150168e-10
01050102924,010-5010-2924,"one digit, middle group",-3.584434077569578e-10,138,3.0518165984252087e-11
01050102924,010-5010-2924,"one digit, middle group",-3.584434077569578e-10,139,1.510819940023515e-10
01050102924,010-5010-2924,"one digit, middle group",-3.584434077569578e-10,140,-3.6231518948153655e-11
01050102924,010-5010-2924,"one digit, middle group",-3.584434077569578e-10,141,-4.873480381811035e-11
01050102924,010-5010-2924,"one digit, middle group",-3.584434077569578e-10,142,8.602831313894983e-08
01050102924,010-5010-2924,"one digit, middle group",-3.584434077569578e-10,143,5.342460140779581e-09
01050102924,010-5010-2924,"one digit, middle group",-3.584434077569578e-10,144,4.772229502469427e-10
01050102924,010-5010-2924,"one digit, middle group",-3.584434077569578e-10,145,5.410359919291628e-10
01050102924,010-5010-2924,"one digit, middle group",-3.584434077569578e-10,146,7.49743725520111e-10
01050102924,010-5010-2924,"one digit, middle group",-3.584434077569578e-10,147,5.526465941464619e-09
01050102924,010-5010-2924,"one digit, middle group",-3.584434077569578e-10,148,3.1961780332798273e-10
01050102924,010-5010-2924,"one digit, middle group",-3.584434077569578e-10,149,-3.2227978102550807e-10
01050102924,010-5010-2924,"one digit, middle group",-3.584434077569578e-10,150,2.03324900128974e-11
01050102924,010-5010-2924,"one digit, middle group",-3.584434077569578e-10,151,-1.8727711638413525e-11
01050102924,010-5010-2924,"one digit, middle group",-3.584434077569578e-10,152,-2.5194113298537174e-10
01050102924,010-5010-2924,"one digit, middle group",-3.584434077569578e-10,153,-3.66296323928137e-11
01050102924,010-5010-2924,"one digit, middle group",-3.584434077569578e-10,154,-7.596751342288392e-11
01050102924,010-5010-2924,"one digit, middle group",-3.584434077569578e-10,155,-2.1049753360107918e-10
01050102924,010-5010-2924,"one digit, middle group",-3.584434077569578e-10,156,3.869501588455761e-09
01050102924,010-5010-2924,"one digit, middle group",-3.584434077569578e-10,157,1.2569177288896412e-10
01050102924,010-5010-2924,"one digit, middle group",-3.584434077569578e-10,158,-8.188831629294392e-11
01050102924,010-5010-2924,"one digit, middle group",-3.584434077569578e-10,159,6.046341133108074e-11
01050102924,010-5010-2924,"one digit, middle group",-3.584434077569578e-10,160,-5.27869669329348e-08
01050102924,010-5010-2924,"one digit, middle group",-3.584434077569578e-10,161,-6.7969186559073565e-12
01050102924,010-5010-2924,"one digit, middle group",-3.584434077569578e-10,162,-1.1162086770290005e-11
01050102924,010-5010-2924,"one digit, middle group",-3.584434077569578e-10,163,5.227865641972347e-10
01050102924,010-5010-2924,"one digit, middle group",-3.584434077569578e-10,164,6.017999207864109e-10
01050102924,010-5010-2924,"one digit, middle group",-3.584434077569578e-10,165,-2.0614138503225567e-10
01050102924,010-5010-2924,"one digit, middle group",-3.584434077569578e-10,166,-1.339300050952337e-10
01050102924,010-5010-2924,"one digit, middle group",-3.584434077569578e-10,167,7.98847728953747e-12
01050102924,010-5010-2924,"one digit, middle group",-3.584434077569578e-10,168,3.8451827454362357e-10
01050102924,010-5010-2924,"one digit, middle group",-3.584434077569578e-10,169,-1.5619244201184024e-10
01050102924,010-5010-2924,"one digit, middle group",-3.584434077569578e-10,170,1.667636585303519e-10
01050102924,010-5010-2924,"one digit, middle group",-3.584434077569578e-10,171,-1.818105805542328e-10
01050102924,010-5010-2924,"one digit, middle group",-3.584434077569578e-10,172,1.4912460065233197e-11
01050102924,010-5010-2924,"one digit, middle group",-3.584434077569578e-10,173,7.099998901255216e-11
01050102924,010-5010-2924,"one digit, middle group",-3.584434077569578e-10,174,-1.8005023682021156e-11
01050102924,010-5010-2924,"one digit, middle group",-3.584434077569578e-10,175,9.025446674519813e-11
01050102924,010-5010-2924,"one digit, middle group",-3.584434077569578e-10,176,1.2410104861196813e-11
01050102924,010-5010-2924,"one digit, middle group",-3.584434077569578e-10,177,1.1996723397607255e-10
01050102924,010-5010-2924,"one digit, middle group",-3.584434077569578e-10,178,-3.676666929486647e-11
01050102924,010-5010-2924,"one digit, middle group",-3.584434077569578e-10,179,-2.092297495939295e-11
01050102924,010-5010-2924,"one digit, middle group",-3.584434077569578e-10,180,-3.1763924386539024e-11
01050102924,010-5010-2924,"one digit, middle group",-3.584434077569578e-10,181,-2.7905362990897547e-10
01050102924,010-5010-2924,"one digit, middle group",-3.584434077569578e-10,182,-3.901812009096031e-10
01050102924,010-5010-2924,"one digit, middle group",-3.584434077569578e-10,183,-6.822409048695758e-11
01050102924,010-5010-2924,"one digit, middle group",-3.584434077569578e-10,184,5.034323281362324e-12
01050102924,010-5010-2924,"one digit, middle group",-3.584434077569578e-10,185,-4.569804206272553e-13
01050102924,010-5010-2924,"one digit, middle group",-3.584434077569578e-10,186,1.1570718080461871e-10
01050102924,010-5010-2924,"one digit, middle group",-3.584434077569578e-10,187,-3.925934305989804e-12
01050102924,010-5010-2924,"one digit, middle group",-3.584434077569578e-10,188,4.181464419393027e-12
01050102924,010-5010-2924,"one digit, middle group",-3.584434077569578e-10,189,-2.3688069163841865e-10
01050102924,010-5010-2924,"one digit, middle group",-3.584434077569578e-10,190,-7.849321694092394e-11
01050102924,010-5010-2924,"one digit, middle group",-3.584434077569578e-10,191,-3.681174745079149e-11
01050102924,010-5010-2924,"one digit, middle group",-3.584434077569578e-10,192,3.024930453778649e-11
01050102924,010-5010-2924,"one digit, middle group",-3.584434077569578e-10,193,-2.1282176925794384e-10
01050102924,010-5010-2924,"one digit, middle group",-3.584434077569578e-10,194,-2.4802367726516865e-11
01050102924,010-5010-2924,"one digit, middle group",-3.584434077569578e-10,195,2.19680981254137e-10
01050102924,010-5010-2924,"one digit, middle group",-3.584434077569578e-10,196,6.424092440094988e-11
01050102924,010-5010-2924,"one digit, middle group",-3.584434077569578e-10,197,-2.4199186668408404e-10
01050102924,010-5010-2924,"one digit, middle group",-3.584434077569578e-10,198,5.8195802305648707e-11
01050102924,010-5010-2924,"one digit, middle group",-3.584434077569578e-10,199,2.5229232373611753e-10
01050102924,010-5010-2924,"one digit, middle group",-3.584434077569578e-10,200,-3.016867777548307e-11
01050102924,010-5010-2924,"one digit, middle group",-3.584434077569578e-10,201,-3.057319366862124e-11
01050102924,010-5010-2924,"one digit, middle group",-3.584434077569578e-10,202,-6.322487895827861e-11
01050102924,010-5010-2924,"one digit, middle group",-3.584434077569578e-10,203,-1.8276586059030278e-11
01011112222,010-1111-2222,not in the log,-5.984728719752594e-11,0,8.96775297674783e-11
01011112222,010-1111-2222,not in the log,-5.984728719752594e-11,1,1.7497463233083048e-10
01011112222,010-1111-2222,not in the log,-5.984728719752594e-11,2,1.3342300715825762e-10
01011112222,010-1111-2222,not in the log,-5.984728719752594e-11,3,-1.0200824272348078e-12
01011112222,010-1111-2222,not in the log,-5.984728719752594e-11,4,-2.6287837513895884e-11
01011112222,010-1111-2222,not in the log,-5.984728719752594e-11,5,-2.631989224052275e-10
01011112222,010-1111-2222,not in the log,-5.984728719752594e-11,6,8.139974253346428e-11
01011112222,010-1111-2222,not in the log,-5.984728719752594e-11,7,-9.723835292942644e-11
01011112222,010-1111-2222,not in the log,-5.984728719752594e-11,8,4.629442114009557e-10
01011112222,010-1111-2222,not in the log,-5.984728719752594e-11,9,-7.149060740956456e-11
01011112222,010-1111-2222,not in the log,-5.984728719752594e-11,10,5.0401799011602895e-11
01011112222,010-1111-2222,not in the log,-5.984728719752594e-11,11,-3.3850990480363347e-10
01011112222,010-1111-2222,not in the log,-5.984728719752594e-11,12,1.4868734265995962e-10
01011112222,010-1111-2222,not in the log,-5.984728719752594e-11,13,1.5538684912493767e-12
01011112222,010-1111-2222,not in the log,-5.984728719752594e-11,14,-6.141878109939466e-12
01011112222,010-1111-2222,not in the log,-5.984728719752594e-11,15,-1.8267378930492156e-11
01011112222,010-1111-2222,not in the log,-5.984728719752594e-11,16,3.7070882106752835e-10
01011112222,010-1111-2222,not in the log,-5.984728719752594e-11,17,1.6404093267350403e-10
01011112222,010-1111-2222,not in the log,-5.984728719752594e-11,18,6.80976226919641e-11
01011112222,010-1111-2222,not in the log,-5.984728719752594e-11,19,9.761384913161614e-11
01011112222,010-1111-2222,not in the log,-5.984728719752594e-11,20,4.686362433108427e-12
01011112222,010-1111-2222,not in the log,-5.984728719752594e-11,21,-1.9095434058482667e-10
01011112222,010-1111-2222,not in the log,-5.984728719752594e-11,22,-1.8738142905662232e-10
01011112222,010-1111-2222,not in the log,-5.984728719752594e-11,23,5.5997559524935105e-11
01011112222,010-1111-2222,not in the log,-5.984728719752594e-11,24,2.7811509511710707e-11
01011112222,010-1111-2222,not in the log,-5.984728719752594e-11,25,-9.003569240289374e-11
01011112222,010-1111-2222,not in the log,-5.984728719752594e-11,26,-5.2111573831557056e-11
01011112222,010-1111-2222,not in the log,-5.984728719752594e-11,27,2.037266997196868e-10
01011112222,010-1111-2222,not in the log,-5.984728719752594e-11,28,-1.7847443537539107e-11
01011112222,010-1111-2222,not in the log,-5.984728719752594e-11,29,-8.328726876253425e-12
01011112222,010-1111-2222,not in the log,-5.984728719752594e-11,30,-3.9799129757812186e-10
01011112222,010-1111-2222,not in the log,-5.984728719752594e-11,31,-1.0480175144613521e-10
01011112222,010-1111-2222,not in the log,-5.984728719752594e-11,32,9.3932232476007e-11
01011112222,010-1111-2222,not in the log,-5.984728719752594e-11,33,-1.7694100911534066e-10
01011112222,010-1111-2222,not in the log,-5.984728719752594e-11,34,1.3451471237447952e-10
01011112222,010-1111-2222,not in the log,-5.984728719752594e-11,35,2.3029630268851836e-11
01011112222,010-1111-2222,not in the log,-5.984728719752594e-11,36,3.813890926820466e-11
01011112222,010-1111-2222,not in the log,-5.984728719752594e-11,37,1.313156683572422e-10
01011112222,010-1111-2222,not in the log,-5.984728719752594e-11,38,5.8114837069120764e-11
01011112222,010-1111-2222,not in the log,-5.984728719752594e-11,39,5.543895988315271e-11
01011112222,010-1111-2222,not in the log,-5.984728719752594e-11,40,2.7475076907265973e-10
01011112222,010-1111-2222,not in the log,-5.984728719752594e-11,41,-6.131769808526936e-11
01011112222,010-1111-2222,not in the log,-5.984728719752594e-11,42,3.842995874153284e-11
01011112222,010-1111-2222,not in the log,-5.984728719752594e-11,43,-4.595313299031588e-11
01011112222,010-1111-2222,not in the log,-5.984728719752594e-11,44,-2.0386835205979103e-11
01011112222,010-1111-2222,not in the log,-5.984728719752594e-11,45,8.759502708204912e-11
01011112222,010-1111-2222,not in the log,-5.984728719752594e-11,46,1.4023089570386706e-10
01011112222,010-1111-2222,not in the log,-5.984728719752594e-11,47,-1.2706197037368265e-10
01011112222,010-1111-2222,not in the log,-5.984728719752594e-11,48,-9.266951822365955e-11
01011112222,010-1111-2222,not in the log,-5.984728719752594e-11,49,3.700775009920106e-10
01011112222,010-1111-2222,not in the log,-5.984728719752594e-11,50,1.2383331918593064e-10
01011112222,010-1111-2222,not in the log,-5.984728719752594e-11,51,-2.3739512958997274e-11
01011112222,010-1111-2222,not in the log,-5.984728719752594e-11,52,3.979650201767749e-11
01011112222,010-1111-2222,not in the log,-5.984728719752594e-11,53,1.6988511437670385e-11
01011112222,010-1111-2222,not in the log,-5.984728719752594e-11,54,5.5772534764282207e-11
01011112222,010-1111-2222,not in the log,-5.984728719752594e-11,55,-1.4066393897047512e-10
01011112222,010-1111-2222,not in the log,-5.984728719752594e-11,56,-1.9263288287405596e-10
01011112222,010-1111-2222,not in the log,-5.984728719752594e-11,57,-1.1951943708557234e-11
01011112222,010-1111-2222,not in the log,-5.984728719752594e-11,58,4.127467868722669e-11
01011112222,010-1111-2222,not in the log,-5.984728719752594e-11,59,-1.8319458852676475e-10
01011112222,010-1111-2222,not in the log,-5.984728719752594e-11,60,-3.5253670353294417e-10
01011112222,010-1111-2222,not in the log,-5.984728719752594e-11,61,-3.46833223316167e-11
01011112222,010-1111-2222,not in the log,-5.984728719752594e-11,62,3.762206971347891e-10
01011112222,010-1111-2222,not in the log,-5.984728719752594e-11,63,4.5695678482282565e-11
01011112222,010-1111-2222,not in the log,-5.984728719752594e-11,64,-1.5003098964398642e-10
01011112222,010-1111-2222,not in the log,-5.984728719752594e-11,65,1.8704157880159424e-11
01011112222,010-1111-2222,not in the log,-5.984728719752594e-11,66,-6.665391893998992e-10
01011112222,010-1111-2222,not in the log,-5.984728719752594e-11,67,1.1303710728170443e-10
01011112222,010-1111-2222,not in the log,-5.984728719752594e-11,68,-9.36158113712547e-11
01011112222,010-1111-2222,not in the log,-5.984728719752594e-11,69,-1.5459080271728467e-10
01011112222,010-1111-2222,not in the log,-5.984728719752594e-11,70,3.151888972780042e-11
01011112222,010-1111-2222,not in the log,-5.984728719752594e-11,71,-6.564348889778083e-11
01011112222,010-1111-2222,not in the log,-5.984728719752594e-11,72,-1.9817310625310183e-11
01011112222,010-1111-2222,not in the log,-5.984728719752594e-11,73,9.32757068932523e-12
01011112222,010-1111-2222,not in the log,-5.984728719752594e-11,74,-4.2884563525025554e-11
01011112222,010-1111-2222,not in the log,-5.984728719752594e-11,75,2.879434651121429e-11
01011112222,010-1111-2222,not in the log,-5.984728719752594e-11,76,3.1428576154189394e-11
01011112222,010-1111-2222,not in the log,-5.984728719752594e-11,77,-6.830182113551476e-11
01011112222,010-1111-2222,not in the log,-5.984728719752594e-11,78,1.1434493175243552e-10
01011112222,010-1111-2222,not in the log,-5.984728719752594e-11,79,-1.3081765950680595e-10
01011112222,010-1111-2222,not in the log,-5.984728719752594e-11,80,-2.948442639949081e-11
01011112222,010-1111-2222,not in the log,-5.984728719752594e-11,81,9.906749055458605e-11
01011112222,010-1111-2222,not in the log,-5.984728719752594e-11,82,1.7795521307986733e-10
01011112222,010-1111-2222,not in the log,-5.984728719752594e-11,83,-8.861398212222274e-12
01011112222,010-1111-2222,not in the log,-5.984728719752594e-11,84,4.593179121623266e-11
01011112222,010-1111-2222,not in the log,-5.984728719752594e-11,85,1.424409121669172e-11
01011112222,010-1111-2222,not in the log,-5.984728719752594e-11,86,-1.9889471806793817e-10
01011112222,010-1111-2222,not in the log,-5.984728719752594e-11,87,8.868697185261016e-11
01011112222,010-1111-2222,not in the log,-5.984728719752594e-11,88,-1.556776723290107e-10
01011112222,010-1111-2222,not in the log,-5.984728719752594e-11,89,1.2839660383126603e-10
01011112222,010-1111-2222,not in the log,-5.984728719752594e-11,90,-1.020802690819558e-10
01011112222,010-1111-2222,not in the log,-5.984728719752594e-11,91,7.331107914525746e-11
01011112222,010-1111-2222,not in the log,-5.984728719752594e-11,92,-9.97083471527562e-11
01011112222,010-1111-2222,not in the log,-5.984728719752594e-11,93,-1.0489836805811319e-11
01011112222,010-1111-2222,not in the log,-5.984728719752594e-11,94,1.6947658280157092e-10
01011112222,010-1111-2222,not in the log,-5.984728719752594e-11,95,1.7423290941677278e-10
01011112222,010-1111-2222,not in the log,-5.984728719752594e-11,96,3.1582263609375627e-10
01011112222,010-1111-2222,not in the log,-5.984728719752594e-11,97,-1.569390180481193e-10
01011112222,010-1111-2222,not in the log,-5.984728719752594e-11,98,2.653562157727488e-11
01011112222,010-1111-2222,not in the log,-5.984728719752594e-11,99,-4.573433138014197e-11
01011112222,010-1111-2222,not in the log,-5.984728719752594e-11,100,-4.255087229532586e-11
01011112222,010-1111-2222,not in the log,-5.984728719752594e-11,101,-1.3496492257271804e-10
01011112222,010-1111-2222,not in the log,-5.984728719752594e-11,102,-1.5543484836714024e-10
01011112222,010-1111-2222,not in the log,-5.984728719752594e-11,103,-3.93863448629061e-10
01011112222,010-1111-2222,not in the log,-5.984728719752594e-11,104,4.557962645546395e-11
01011112222,010-1111-2222,not in the log,-5.984728719752594e-11,105,-6.018463844860452e-11
01011112222,010-1111-2222,not in the log,-5.984728719752594e-11,106,-8.583429930883748e-11
01011112222,010-1111-2222,not in the log,-5.984728719752594e-11,107,-2.6349336623462664e-11
01011112222,010-1111-2222,not in the log,-5.984728719752594e-11,108,-3.3130180520616595e-11
01011112222,010-1111-2222,not in the log,-5.984728719752594e-11,109,-1.3928982284952975e-10
01011112222,010-1111-2222,not in the log,-5.984728719752594e-11,110,1.2910720078637197e-11
01011112222,010-1111-2222,not in the log,-5.984728719752594e-11,111,6.016847520207457e-11
01011112222,010-1111-2222,not in the log,-5.984728719752594e-11,112,1.1773926581989773e-10
01011112222,010-1111-2222,not in the log,-5.984728719752594e-11,113,1.3473680464793343e-11
01011112222,010-1111-2222,not in the log,-5.984728719752594e-11,114,-8.72875828986856e-12
01011112222,010-1111-2222,not in the log,-5.984728719752594e-11,115,-3.016828466772047e-11
01011112222,010-1111-2222,not in the log,-5.984728719752594e-11,116,1.3195541519863403e-10
01011112222,010-1111-2222,not in the log,-5.984728719752594e-11,117,7.445981158014652e-11
01011112222,010-1111-2222,not in the log,-5.984728719752594e-11,118,-1.5126478506755612e-10
01011112222,010-1111-2222,not in the log,-5.984728719752594e-11,119,6.644492691992185e-11
01011112222,010-1111-2222,not in the log,-5.984728719752594e-11,120,-1.2150118513544503e-10
01011112222,010-1111-2222,not in the log,-5.984728719752594e-11,121,-5.121956663655935e-10
01011112222,010-1111-2222,not in the log,-5.984728719752594e-11,122,-1.855749318133302e-10
01011112222,010-1111-2222,not in the log,-5.984728719752594e-11,123,2.012615524791817e-11
01011112222,010-1111-2222,not in the log,-5.984728719752594e-11,124,-3.834745875866984e-10
01011112222,010-1111-2222,not in the log,-5.984728719752594e-11,125,1.1457247957617288e-10
01011112222,010-1111-2222,not in the log,-5.984728719752594e-11,126,3.0207881757993084e-11
01011112222,010-1111-2222,not in the log,-5.984728719752594e-11,127,-2.0068160855050935e-10
01011112222,010-1111-2222,not in the log,-5.984728719752594e-11,128,-1.6486558733995814e-10
01011112222,010-1111-2222,not in the log,-5.984728719752594e-11,129,1.0248092823335199e-10
01011112222,010-1111-2222,not in the log,-5.984728719752594e-11,130,7.070692384974789e-11
01011112222,010-1111-2222,not in the log,-5.984728719752594e-11,131,3.398938928919202e-10
01011112222,010-1111-2222,not in the log,-5.984728719752594e-11,132,1.2537655260808418e-10
01011112222,010-1111-2222,not in the log,-5.984728719752594e-11,133,-1.0836550910033817e-10
01011112222,010-1111-2222,not in the log,-5.984728719752594e-11,134,-2.420707663639842e-11
01011112222,010-1111-2222,not in the log,-5.984728719752594e-11,135,-2.584873454076258e-10
01011112222,010-1111-2222,not in the log,-5.984728719752594e-11,136,-1.3151312938073482e-11
01011112222,010-1111-2222,not in the log,-5.984728719752594e-11,137,-1.8938246162947433e-10
01011112222,010-1111-2222,not in the log,-5.984728719752594e-11,138,-2.2520064821715168e-10
01011112222,010-1111-2222,not in the log,-5.984728719752594e-11,139,2.3949362530004703e-10
01011112222,010-1111-2222,not in the log,-5.984728719752594e-11,140,1.4779390843523727e-11
01011112222,010-1111-2222,not in the log,-5.984728719752594e-11,141,-4.382240201400812e-11
01011112222,010-1111-2222,not in the log,-5.984728719752594e-11,142,-3.273568876957204e-10
01011112222,010-1111-2222,not in the log,-5.984728719752594e-11,143,-2.2240882834205971e-10
01011112222,010-1111-2222,not in the log,-5.984728719752594e-11,144,-1.0368269187028768e-10
01011112222,010-1111-2222,not in the log,-5.984728719752594e-11,145,1.485201034080944e-10
01011112222,010-1111-2222,not in the log,-5.984728719752594e-11,146,2.7021792935474505e-10
01011112222,010-1111-2222,not in the log,-5.984728719752594e-11,147,-1.463538248746423e-10
01011112222,010-1111-2222,not in the log,-5.984728719752594e-11,148,-2.8461276353143913e-11
01011112222,010-1111-2222,not in the log,-5.984728719752594e-11,149,5.395064981124582e-12
01011112222,010-1111-2222,not in the log,-5.984728719752594e-11,150,6.490407288491822e-11
01011112222,010-1111-2222,not in the log,-5.984728719752594e-11,151,1.792191183285427e-11
01011112222,010-1111-2222,not in the log,-5.984728719752594e-11,152,5.265886704131517e-10
01011112222,010-1111-2222,not in the log,-5.984728719752594e-11,153,3.9580642862737116e-11
01011112222,010-1111-2222,not in the log,-5.984728719752594e-11,154,-4.528219722434121e-11
01011112222,010-1111-2222,not in the log,-5.984728719752594e-11,155,1.362840094064282e-10
01011112222,010-1111-2222,not in the log,-5.984728719752594e-11,156,-1.6763254973967396e-10
01011112222,010-1111-2222,not in the log,-5.984728719752594e-11,157,-1.7014178498468745e-10
01011112222,010-1111-2222,not in the log,-5.984728719752594e-11,158,5.10785357053173e-11
01011112222,010-1111-2222,not in the log,-5.984728719752594e-11,159,3.5893700563494777e-11
01011112222,010-1111-2222,not in the log,-5.984728719752594e-11,160,1.5750321356640472e-10
01011112222,010-1111-2222,not in the log,-5.984728719752594e-11,161,-7.084781613607482e-11
01011112222,010-1111-2222,not in the log,-5.984728719752594e-11,162,-2.942769985161476e-11
01011112222,010-1111-2222,not in the log,-5.984728719752594e-11,163,-8.825422866436229e-11
01011112222,010-1111-2222,not in the log,-5.984728719752594e-11,164,-5.1682741378006517e-11
01011112222,010-1111-2222,not in the log,-5.984728719752594e-11,165,-2.4799083850957295e-10
01011112222,010-1111-2222,not in the log,-5.984728719752594e-11,166,-7.69756733580389e-11
01011112222,010-1111-2222,not in the log,-5.984728719752594e-11,167,-1.9150526434180814e-10
01011112222,010-1111-2222,not in the log,-5.984728719752594e-11,168,-3.4744405038606585e-12
01011112222,010-1111-2222,not in the log,-5.984728719752594e-11,169,-2.071330311706323e-10
01011112222,010-1111-2222,not in the log,-5.984728719752594e-11,170,3.002684070630468e-11
01011112222,010-1111-2222,not in the log,-5.984728719752594e-11,171,2.82373241646718e-10
01011112222,010-1111-2222,not in the log,-5.984728719752594e-11,172,5.746141607838342e-11
01011112222,010-1111-2222,not in the log,-5.984728719752594e-11,173,8.777740706248202e-11
01011112222,010-1111-2222,not in the log,-5.984728719752594e-11,174,-1.5157446728773175e-10
01011112222,010-1111-2222,not in the log,-5.984728719752594e-11,175,6.428513903918537e-10
01011112222,010-1111-2222,not in the log,-5.984728719752594e-11,176,-8.023964546858162e-11
01011112222,010-1111-2222,not in the log,-5.984728719752594e-11,177,3.6278464645192885e-10
01011112222,010-1111-2222,not in the log,-5.984728719752594e-11,178,-3.3662373705407073e-10
01011112222,010-1111-2222,not in the log,-5.984728719752594e-11,179,-1.2660668924088403e-10
01011112222,010-1111-2222,not in the log,-5.984728719752594e-11,180,-1.0949749306647162e-10
01011112222,010-1111-2222,not in the log,-5.984728719752594e-11,181,3.098975062986007e-10
01011112222,010-1111-2222,not in the log,-5.984728719752594e-11,182,-8.282023724570191e-11
01011112222,010-1111-2222,not in the log,-5.984728719752594e-11,183,5.3693019179994006e-11
01011112222,010-1111-2222,not in the log,-5.984728719752594e-11,184,-6.977907848899683e-11
01011112222,010-1111-2222,not in the log,-5.984728719752594e-11,185,-5.566559564176709e-11
01011112222,010-1111-2222,not in the log,-5.984728719752594e-11,186,5.414435688038318e-11
01011112222,010-1111-2222,not in the log,-5.984728719752594e-11,187,7.40669088722128e-12
01011112222,010-1111-2222,not in the log,-5.984728719752594e-11,188,2.1000461082999832e-11
01011112222,010-1111-2222,not in the log,-5.984728719752594e-11,189,-2.2763202960835785e-11
01011112222,010-1111-2222,not in the log,-5.984728719752594e-11,190,7.962319959167704e-11
01011112222,010-1111-2222,not in the log,-5.984728719752594e-11,191,3.200167408376955e-11
01011112222,010-1111-2222,not in the log,-5.984728719752594e-11,192,5.333078640656037e-11
01011112222,010-1111-2222,not in the log,-5.984728719752594e-11,193,-1.01107939766374e-10
01011112222,010-1111-2222,not in the log,-5.984728719752594e-11,194,-5.780662972524719e-11
01011112222,010-1111-2222,not in the log,-5.984728719752594e-11,195,9.635220202114115e-11
01011112222,010-1111-2222,not in the log,-5.984728719752594e-11,196,3.764513624083064e-11
01011112222,010-1111-2222,not in the log,-5.984728719752594e-11,197,2.5325283864331073e-11
01011112222,010-1111-2222,not in the log,-5.984728719752594e-11,198,-2.8291260672635756e-10
01011112222,010-1111-2222,not in the log,-5.984728719752594e-11,199,-3.5684606299088356e-11
01011112222,010-1111-2222,not in the log,-5.984728719752594e-11,200,-3.274603377944126e-11
01011112222,010-1111-2222,not in the log,-5.984728719752594e-11,201,2.610191111739941e-11
01011112222,010-1111-2222,not in the log,-5.984728719752594e-11,202,1.1374829274261617e-10
01011112222,010-1111-2222,not in the log,-5.984728719752594e-11,203,3.004839425522233e-11
