target,grouped,description,exist_value,slot,decrypted
01050002924,010-5000-2924,original,1.000000000325465,0,-6.741804629134695e-11
01050002924,010-5000-2924,original,1.000000000325465,1,-1.700142034242563e-10
01050002924,010-5000-2924,original,1.000000000325465,2,4.4448225542435463e-10
01050002924,010-5000-2924,original,1.000000000325465,3,8.623378039040762e-11
01050002924,010-5000-2924,original,1.000000000325465,4,3.546349063298205e-10
01050002924,010-5000-2924,original,1.000000000325465,5,-9.862132804772415e-11
01050002924,010-5000-2924,original,1.000000000325465,6,-7.11900878816338e-11
01050002924,010-5000-2924,original,1.000000000325465,7,1.3287602834847746e-10
01050002924,010-5000-2924,original,1.000000000325465,8,-4.827930471824532e-10
01050002924,010-5000-2924,original,1.000000000325465,9,4.629032583282394e-12
01050002924,010-5000-2924,original,1.000000000325465,10,4.8035330289017696e-11
01050002924,010-5000-2924,original,1.000000000325465,11,-8.091274845435862e-11
01050002924,010-5000-2924,original,1.000000000325465,12,9.480026500721259e-11
01050002924,010-5000-2924,original,1.000000000325465,13,-3.262181815152369e-10
01050002924,010-5000-2924,original,1.000000000325465,14,-1.93619815339848e-11
01050002924,010-5000-2924,original,1.000000000325465,15,2.492173165474617e-11
01050002924,010-5000-2924,original,1.000000000325465,16,-2.2917435574132346e-10
01050002924,010-5000-2924,original,1.000000000325465,17,3.401819991046455e-10
01050002924,010-5000-2924,original,1.000000000325465,18,-1.478287718035037e-10
01050002924,010-5000-2924,original,1.000000000325465,19,-1.723495463761194e-11
01050002924,010-5000-2924,original,1.000000000325465,20,4.476052725145741e-12
01050002924,010-5000-2924,original,1.000000000325465,21,5.723983659467513e-11
01050002924,010-5000-2924,original,1.000000000325465,22,2.003956548955331e-10
01050002924,010-5000-2924,original,1.000000000325465,23,-9.06527617630015e-11
01050002924,010-5000-2924,original,1.000000000325465,24,-2.961578556370114e-11
01050002924,010-5000-2924,original,1.000000000325465,25,-6.080827958020359e-11
01050002924,010-5000-2924,original,1.000000000325465,26,-2.3180806756281493e-10
01050002924,010-5000-2924,original,1.000000000325465,27,4.9530573666710466e-11
01050002924,010-5000-2924,original,1.000000000325465,28,-4.3877498744628027e-10
01050002924,010-5000-2924,original,1.000000000325465,29,8.867026377359298e-12
01050002924,010-5000-2924,original,1.000000000325465,30,3.0657263970284475e-10
01050002924,010-5000-2924,original,1.000000000325465,31,-1.9362352717498928e-10
01050002924,010-5000-2924,original,1.000000000325465,32,3.4269749816949076e-10
01050002924,010-5000-2924,original,1.000000000325465,33,-2.0205843269759238e-10
01050002924,010-5000-2924,original,1.000000000325465,34,2.334747284124184e-10
01050002924,010-5000-2924,original,1.000000000325465,35,1.2523798573000878e-11
01050002924,010-5000-2924,original,1.000000000325465,36,3.7071703438144984e-11
01050002924,010-5000-2924,original,1.000000000325465,37,-5.978922019008133e-11
01050002924,010-5000-2924,original,1.000000000325465,38,-7.140526023785156e-11
01050002924,010-5000-2924,original,1.000000000325465,39,8.8230799252326e-11
01050002924,010-5000-2924,original,1.000000000325465,40,3.644914995833946e-10
01050002924,010-5000-2924,original,1.000000000325465,41,3.409947562892865e-11
01050002924,010-5000-2924,original,1.000000000325465,42,7.774823524080914e-11
01050002924,010-5000-2924,original,1.000000000325465,43,5.1110767589292505e-11
01050002924,010-5000-2924,original,1.000000000325465,44,-6.681947601619461e-12
01050002924,010-5000-2924,original,1.000000000325465,45,-2.6783961156380754e-10
01050002924,010-5000-2924,original,1.000000000325465,46,-5.704072972856134e-11
01050002924,010-5000-2924,original,1.000000000325465,47,1.6860114318464384e-10
01050002924,010-5000-2924,original,1.000000000325465,48,1.242190565785971e-10
01050002924,010-5000-2924,original,1.000000000325465,49,4.137805162766931e-12
01050002924,010-5000-2924,original,1.000000000325465,50,-4.138859347446675e-10
01050002924,010-5000-2924,original,1.000000000325465,51,1.1465955213305342e-10
01050002924,010-5000-2924,original,1.000000000325465,52,1.443523015190254e-10
01050002924,010-5000-2924,original,1.000000000325465,53,9.864171845784677e-11
01050002924,010-5000-2924,original,1.000000000325465,54,-4.5732664258768946e-11
01050002924,010-5000-2924,original,1.000000000325465,55,2.2949462733952757e-10
01050002924,010-5000-2924,original,1.000000000325465,56,-6.055615322833669e-11
01050002924,010-5000-2924,original,1.000000000325465,57,3.933463253915857e-11
01050002924,010-5000-2924,original,1.000000000325465,58,1.4410874498689309e-11
01050002924,010-5000-2924,original,1.000000000325465,59,-1.9212176332123086e-10
01050002924,010-5000-2924,original,1.000000000325465,60,-1.2681836049152221e-10
01050002924,010-5000-2924,original,1.000000000325465,61,-7.06858601445908e-11
01050002924,010-5000-2924,original,1.000000000325465,62,2.369975540022887e-10
01050002924,010-5000-2924,original,1.000000000325465,63,5.211947258415137e-11
01050002924,010-5000-2924,original,1.000000000325465,64,1.1578179648250757e-10
01050002924,010-5000-2924,original,1.000000000325465,65,1.344601807593432e-10
01050002924,010-5000-2924,original,1.000000000325465,66,3.858242552633645e-10
01050002924,010-5000-2924,original,1.000000000325465,67,-1.7507993569997722e-10
01050002924,010-5000-2924,original,1.000000000325465,68,-2.046196992774316e-10
01050002924,010-5000-2924,original,1.000000000325465,69,-1.3161519500931075e-10
01050002924,010-5000-2924,original,1.000000000325465,70,-1.1068156529811941e-10
01050002924,010-5000-2924,original,1.000000000325465,71,4.3220654701813484e-11
01050002924,010-5000-2924,original,1.000000000325465,72,-6.0355486188291075e-12
01050002924,010-5000-2924,original,1.000000000325465,73,4.254695658363739e-11
01050002924,010-5000-2924,original,1.000000000325465,74,8.3470430267185e-11
01050002924,010-5000-2924,original,1.000000000325465,75,5.121711283079144e-11
01050002924,010-5000-2924,original,1.000000000325465,76,4.347598527736132e-11
01050002924,010-5000-2924,original,1.000000000325465,77,-2.5612595913983196e-11
01050002924,010-5000-2924,original,1.000000000325465,78,4.078505173722356e-10
01050002924,010-5000-2924,original,1.000000000325465,79,5.1232281315414545e-11
01050002924,010-5000-2924,original,1.000000000325465,80,-1.0237256619076572e-10
01050002924,010-5000-2924,original,1.000000000325465,81,9.229433072872622e-11
01050002924,010-5000-2924,original,1.000000000325465,82,2.3534275680123697e-10
01050002924,010-5000-2924,original,1.000000000325465,83,8.438038613313666e-11
01050002924,010-5000-2924,original,1.000000000325465,84,8.988604539884936e-11
01050002924,010-5000-2924,original,1.000000000325465,85,-1.2295782708553446e-11
01050002924,010-5000-2924,original,1.000000000325465,86,-6.740533445146196e-10
01050002924,010-5000-2924,original,1.000000000325465,87,-9.526460659292992e-11
01050002924,010-5000-2924,original,1.000000000325465,88,-1.0287968625437039e-10
01050002924,010-5000-2924,original,1.000000000325465,89,-1.1403307289827511e-10
01050002924,010-5000-2924,original,1.000000000325465,90,-2.2825326338260228e-10
01050002924,010-5000-2924,original,1.000000000325465,91,-2.4665549367953304e-12
01050002924,010-5000-2924,original,1.000000000325465,92,1.7507471630582202e-10
01050002924,010-5000-2924,original,1.000000000325465,93,-2.9502573769358084e-11
01050002924,010-5000-2924,original,1.000000000325465,94,1.1631939114702096e-10
01050002924,010-5000-2924,original,1.000000000325465,95,2.0387226969153625e-10
01050002924,010-5000-2924,original,1.000000000325465,96,2.1935864116067496e-10
01050002924,010-5000-2924,original,1.000000000325465,97,-1.1710760697310618e-10
01050002924,010-5000-2924,original,1.000000000325465,98,-1.0716273294860403e-10
01050002924,010-5000-2924,original,1.000000000325465,99,2.767082914029583e-11
01050002924,010-5000-2924,original,1.000000000325465,100,3.617050564253609e-11
01050002924,010-5000-2924,original,1.000000000325465,101,1.5677998052614205e-10
01050002924,010-5000-2924,original,1.000000000325465,102,1.0454360985633705e-10
01050002924,010-5000-2924,original,1.000000000325465,103,-1.1261801385011269e-10
01050002924,010-5000-2924,original,1.000000000325465,104,-4.789704598571348e-10
01050002924,010-5000-2924,original,1.000000000325465,105,-5.0777216522927234e-11
01050002924,010-5000-2924,original,1.000000000325465,106,-1.10496877413613e-10
01050002924,010-5000-2924,original,1.000000000325465,107,5.05547456800627e-11
01050002924,010-5000-2924,original,1.000000000325465,108,3.5910296782604726e-11
01050002924,010-5000-2924,original,1.000000000325465,109,1.411492739241576e-10
01050002924,010-5000-2924,original,1.000000000325465,110,1.7179240070153516e-10
01050002924,010-5000-2924,original,1.000000000325465,111,1.69147505970954e-10
01050002924,010-5000-2924,original,1.000000000325465,112,1.325221100572513e-10
01050002924,010-5000-2924,original,1.000000000325465,113,-6.867612041735712e-12
01050002924,010-5000-2924,original,1.000000000325465,114,-2.038522965428301e-11
01050002924,010-5000-2924,original,1.000000000325465,115,-7.860129673562758e-12
01050002924,010-5000-2924,original,1.000000000325465,116,1.5719323125197872e-11
01050002924,010-5000-2924,original,1.000000000325465,117,2.167561362551026e-10
01050002924,010-5000-2924,original,1.000000000325465,118,1.8278563706814296e-10
01050002924,010-5000-2924,original,1.000000000325465,119,6.932337827015041e-11
01050002924,010-5000-2924,original,1.000000000325465,120,-4.983130877079935e-11
01050002924,010-5000-2924,original,1.000000000325465,121,-1.5197007057344655e-10
01050002924,010-5000-2924,original,1.000000000325465,122,2.665471998836813e-10
01050002924,010-5000-2924,original,1.000000000325465,123,-8.042787976149959e-11
01050002924,010-5000-2924,original,1.000000000325465,124,1.8320346722937206e-11
01050002924,010-5000-2924,original,1.000000000325465,125,4.5285417030075316e-10
01050002924,010-5000-2924,original,1.000000000325465,126,7.346057192541133e-11
01050002924,010-5000-2924,original,1.000000000325465,127,-5.947205359313453e-12
01050002924,010-5000-2924,original,1.000000000325465,128,-1.2969038639007578e-11
01050002924,010-5000-2924,original,1.000000000325465,129,3.9490067580345424e-11
01050002924,010-5000-2924,original,1.000000000325465,130,-4.20381103975102e-11
01050002924,010-5000-2924,original,1.000000000325465,131,-4.6331154822614215e-10
01050002924,010-5000-2924,original,1.000000000325465,132,-1.0240105453527374e-10
01050002924,010-5000-2924,original,1.000000000325465,133,7.912393839044935e-12
01050002924,010-5000-2924,original,1.000000000325465,134,7.786509849577085e-11
01050002924,010-5000-2924,original,1.000000000325465,135,-6.963301497529939e-11
01050002924,010-5000-2924,original,1.000000000325465,136,3.6384030681295874e-11
01050002924,010-5000-2924,original,1.000000000325465,137,-2.1851542302759463e-10
01050002924,010-5000-2924,original,1.000000000325465,138,-2.2511635635204224e-10
01050002924,010-5000-2924,original,1.000000000325465,139,-1.5476895345163465e-10
01050002924,010-5000-2924,original,1.000000000325465,140,3.7596158600939583e-10
01050002924,010-5000-2924,original,1.000000000325465,141,2.1178767019249983e-10
01050002924,010-5000-2924,original,1.000000000325465,142,0.9999996877454305
01050002924,010-5000-2924,original,1.000000000325465,143,0.9999996737694774
01050002924,010-5000-2924,original,1.000000000325465,144,0.999999674818791
01050002924,010-5000-2924,original,1.000000000325465,145,0.9999996948481018
01050002924,010-5000-2924,original,1.000000000325465,146,0.9999996916694269
01050002924,010-5000-2924,original,1.000000000325465,147,0.9999996874568704
01050002924,010-5000-2924,original,1.000000000325465,148,0.9999996870008228
01050002924,010-5000-2924,original,1.000000000325465,149,0.9999996876795052
01050002924,010-5000-2924,original,1.000000000325465,150,5.023246547487207e-12
01050002924,010-5000-2924,original,1.000000000325465,151,-3.7236937745814347e-11
01050002924,010-5000-2924,original,1.000000000325465,152,-3.849602057446087e-10
01050002924,010-5000-2924,original,1.000000000325465,153,9.116418276645144e-11
01050002924,010-5000-2924,original,1.000000000325465,154,-3.485523821673601e-11
01050002924,010-5000-2924,original,1.000000000325465,155,-1.8850355295406415e-10
01050002924,010-5000-2924,original,1.000000000325465,156,0.999999698925973
01050002924,010-5000-2924,original,1.000000000325465,157,-2.5925752759331745e-11
01050002924,010-5000-2924,original,1.000000000325465,158,-4.037406078868875e-12
01050002924,010-5000-2924,original,1.000000000325465,159,1.3133040591193927e-11
01050002924,010-5000-2924,original,1.000000000325465,160,0.9999997356158512
01050002924,010-5000-2924,original,1.000000000325465,161,1.6455211570002818e-11
01050002924,010-5000-2924,original,1.000000000325465,162,1.041256482868831e-10
01050002924,010-5000-2924,original,1.000000000325465,163,0.9999996904970683
01050002924,010-5000-2924,original,1.000000000325465,164,0.9999997031842625
01050002924,010-5000-2924,original,1.000000000325465,165,2.607804434921846e-10
01050002924,010-5000-2924,original,1.000000000325465,166,-1.6815574330267102e-11
01050002924,010-5000-2924,original,1.000000000325465,167,-2.1806314688635692e-10
01050002924,010-5000-2924,original,1.000000000325465,168,3.2163736406376264e-10
01050002924,010-5000-2924,original,1.000000000325465,169,1.796179219509795e-11
01050002924,010-5000-2924,original,1.000000000325465,170,5.088987830515821e-11
01050002924,010-5000-2924,original,1.000000000325465,171,1.0874938340969468e-11
01050002924,010-5000-2924,original,1.000000000325465,172,1.0615922297673607e-10
01050002924,010-5000-2924,original,1.000000000325465,173,-2.1153432859614228e-10
01050002924,010-5000-2924,original,1.000000000325465,174,9.93908246265742e-13
01050002924,010-5000-2924,original,1.000000000325465,175,-7.648907954879171e-11
01050002924,010-5000-2924,original,1.000000000325465,176,8.213955615317063e-11
01050002924,010-5000-2924,original,1.000000000325465,177,-2.9552078410665684e-10
01050002924,010-5000-2924,original,1.000000000325465,178,1.970482412440472e-10
01050002924,010-5000-2924,original,1.000000000325465,179,2.1217551404978238e-10
01050002924,010-5000-2924,original,1.000000000325465,180,2.444288140391516e-11
01050002924,010-5000-2924,original,1.000000000325465,181,-2.1218684278817408e-10
01050002924,010-5000-2924,original,1.000000000325465,182,3.4005908138956417e-10
01050002924,010-5000-2924,original,1.000000000325465,183,1.0845882977745737e-10
01050002924,010-5000-2924,original,1.000000000325465,184,4.02299761742892e-11
01050002924,010-5000-2924,original,1.000000000325465,185,5.935179996491769e-11
01050002924,010-5000-2924,original,1.000000000325465,186,-9.014538900957497e-12
01050002924,010-5000-2924,original,1.000000000325465,187,-8.01996273776894e-11
01050002924,010-5000-2924,original,1.000000000325465,188,-5.635363417012915e-11
01050002924,010-5000-2924,original,1.000000000325465,189,2.2184411662730995e-10
01050002924,010-5000-2924,original,1.000000000325465,190,1.1562179696486259e-10
01050002924,010-5000-2924,original,1.000000000325465,191,-1.744510663847102e-11
01050002924,010-5000-2924,original,1.000000000325465,192,-4.080422157055039e-11
01050002924,010-5000-2924,original,1.000000000325465,193,1.768418068592674e-10
01050002924,010-5000-2924,original,1.000000000325465,194,-6.793363517238679e-13
01050002924,010-5000-2924,original,1.000000000325465,195,6.058687032382801e-11
01050002924,010-5000-2924,original,1.000000000325465,196,5.3402825698801497e-11
01050002924,010-5000-2924,original,1.000000000325465,197,1.957095922819101e-10
01050002924,010-5000-2924,original,1.000000000325465,198,3.1954619266977757e-10
01050002924,010-5000-2924,original,1.000000000325465,199,-2.4944071374122555e-10
01050002924,010-5000-2924,original,1.000000000325465,200,1.1795960681545845e-10
01050002924,010-5000-2924,original,1.000000000325465,201,-5.929068676834625e-11
01050002924,010-5000-2924,original,1.000000000325465,202,-2.502346255667039e-10
01050002924,010-5000-2924,original,1.000000000325465,203,5.386860487364442e-12
01050002925,010-5000-2925,"one digit, last group",-4.842653974653237e-11,0,-9.513439410203778e-11
01050002925,010-5000-2925,"one digit, last group",-4.842653974653237e-11,1,-1.4057662798653106e-10
01050002925,010-5000-2925,"one digit, last group",-4.842653974653237e-11,2,6.526030196038352e-11
01050002925,010-5000-2925,"one digit, last group",-4.842653974653237e-11,3,6.439632777300421e-11
01050002925,010-5000-2925,"one digit, last group",-4.842653974653237e-11,4,-3.6600173245715927e-10
01050002925,010-5000-2925,"one digit, last group",-4.842653974653237e-11,5,9.474953015062933e-11
01050002925,010-5000-2925,"one digit, last group",-4.842653974653237e-11,6,-9.981781403371557e-12
01050002925,010-5000-2925,"one digit, last group",-4.842653974653237e-11,7,8.918420608977439e-12
01050002925,010-5000-2925,"one digit, last group",-4.842653974653237e-11,8,-9.998122867430742e-11
01050002925,010-5000-2925,"one digit, last group",-4.842653974653237e-11,9,-1.5073471203375275e-10
01050002925,010-5000-2925,"one digit, last group",-4.842653974653237e-11,10,-1.6679715264497267e-11
01050002925,010-5000-2925,"one digit, last group",-4.842653974653237e-11,11,-4.111119965363314e-12
01050002925,010-5000-2925,"one digit, last group",-4.842653974653237e-11,12,-4.537289087350109e-10
01050002925,010-5000-2925,"one digit, last group",-4.842653974653237e-11,13,1.0015802903601465e-10
01050002925,010-5000-2925,"one digit, last group",-4.842653974653237e-11,14,3.052941037431659e-11
01050002925,010-5000-2925,"one digit, last group",-4.842653974653237e-11,15,-9.220013790172703e-12
01050002925,010-5000-2925,"one digit, last group",-4.842653974653237e-11,16,1.2422977323306448e-10
01050002925,010-5000-2925,"one digit, last group",-4.842653974653237e-11,17,3.6483212567020223e-10
01050002925,010-5000-2925,"one digit, last group",-4.842653974653237e-11,18,-1.1801489673870485e-10
01050002925,010-5000-2925,"one digit, last group",-4.842653974653237e-11,19,7.349003636912557e-11
01050002925,010-5000-2925,"one digit, last group",-4.842653974653237e-11,20,2.8352356304290493e-11
01050002925,010-5000-2925,"one digit, last group",-4.842653974653237e-11,21,-1.548937379258967e-10
01050002925,010-5000-2925,"one digit, last group",-4.842653974653237e-11,22,-1.0289778628439532e-10
01050002925,010-5000-2925,"one digit, last group",-4.842653974653237e-11,23,-9.636298409163301e-11
01050002925,010-5000-2925,"one digit, last group",-4.842653974653237e-11,24,3.451271944436188e-11
01050002925,010-5000-2925,"one digit, last group",-4.842653974653237e-11,25,8.341010034203242e-11
01050002925,010-5000-2925,"one digit, last group",-4.842653974653237e-11,26,-2.3078048463210519e-10
01050002925,010-5000-2925,"one digit, last group",-4.842653974653237e-11,27,1.2158894501679947e-10
01050002925,010-5000-2925,"one digit, last group",-4.842653974653237e-11,28,1.1399824283531705e-10
01050002925,010-5000-2925,"one digit, last group",-4.842653974653237e-11,29,-1.5687057460101044e-11
01050002925,010-5000-2925,"one digit, last group",-4.842653974653237e-11,30,1.4443925039186533e-10
01050002925,010-5000-2925,"one digit, last group",-4.842653974653237e-11,31,-3.281278323036097e-11
01050002925,010-5000-2925,"one digit, last group",-4.842653974653237e-11,32,5.855984692913797e-11
01050002925,010-5000-2925,"one digit, last group",-4.842653974653237e-11,33,-2.5944213422872215e-10
01050002925,010-5000-2925,"one digit, last group",-4.842653974653237e-11,34,-2.0270468447572524e-10
01050002925,010-5000-2925,"one digit, last group",-4.842653974653237e-11,35,-5.870316352023781e-11
01050002925,010-5000-2925,"one digit, last group",-4.842653974653237e-11,36,3.140994512176033e-11
01050002925,010-5000-2925,"one digit, last group",-4.842653974653237e-11,37,-5.344081942750116e-11
01050002925,010-5000-2925,"one digit, last group",-4.842653974653237e-11,38,1.493553043567135e-11
01050002925,010-5000-2925,"one digit, last group",-4.842653974653237e-11,39,6.539763278917032e-11
01050002925,010-5000-2925,"one digit, last group",-4.842653974653237e-11,40,5.439699484568096e-11
01050002925,010-5000-2925,"one digit, last group",-4.842653974653237e-11,41,-1.4546127818298978e-12
01050002925,010-5000-2925,"one digit, last group",-4.842653974653237e-11,42,1.5740725345489827e-10
01050002925,010-5000-2925,"one digit, last group",-4.842653974653237e-11,43,1.5553440721567274e-11
01050002925,010-5000-2925,"one digit, last group",-4.842653974653237e-11,44,2.5786610370083556e-11
01050002925,010-5000-2925,"one digit, last group",-4.842653974653237e-11,45,-1.58058361589631e-10
01050002925,010-5000-2925,"one digit, last group",-4.842653974653237e-11,46,-3.25658662727138e-12
01050002925,010-5000-2925,"one digit, last group",-4.842653974653237e-11,47,2.919074836340079e-10
01050002925,010-5000-2925,"one digit, last group",-4.842653974653237e-11,48,-2.659544090696906e-11
01050002925,010-5000-2925,"one digit, last group",-4.842653974653237e-11,49,1.6529383091489444e-10
01050002925,010-5000-2925,"one digit, last group",-4.842653974653237e-11,50,1.3809278447087224e-10
01050002925,010-5000-2925,"one digit, last group",-4.842653974653237e-11,51,-7.624906781618023e-11
01050002925,010-5000-2925,"one digit, last group",-4.842653974653237e-11,52,4.506578742120154e-10
01050002925,010-5000-2925,"one digit, last group",-4.842653974653237e-11,53,-3.732476320067679e-11
01050002925,010-5000-2925,"one digit, last group",-4.842653974653237e-11,54,-2.412810411275596e-11
01050002925,010-5000-2925,"one digit, last group",-4.842653974653237e-11,55,2.1580532620260234e-11
01050002925,010-5000-2925,"one digit, last group",-4.842653974653237e-11,56,-2.1358065283670142e-10
01050002925,010-5000-2925,"one digit, last group",-4.842653974653237e-11,57,3.8914490019735933e-11
01050002925,010-5000-2925,"one digit, last group",-4.842653974653237e-11,58,-6.664459720961522e-11
01050002925,010-5000-2925,"one digit, last group",-4.842653974653237e-11,59,-1.767716979592162e-10
01050002925,010-5000-2925,"one digit, last group",-4.842653974653237e-11,60,-1.9046707494405924e-10
01050002925,010-5000-2925,"one digit, last group",-4.842653974653237e-11,61,1.843238675553056e-10
01050002925,010-5000-2925,"one digit, last group",-4.842653974653237e-11,62,-1.8241967190019127e-10
01050002925,010-5000-2925,"one digit, last group",-4.842653974653237e-11,63,-1.3011039818434825e-10
01050002925,010-5000-2925,"one digit, last group",-4.842653974653237e-11,64,-4.640296227922077e-11
01050002925,010-5000-2925,"one digit, last group",-4.842653974653237e-11,65,-2.071143537089116e-11
01050002925,010-5000-2925,"one digit, last group",-4.842653974653237e-11,66,-3.339529567487028e-10
01050002925,010-5000-2925,"one digit, last group",-4.842653974653237e-11,67,-1.615314309034518e-11
01050002925,010-5000-2925,"one digit, last group",-4.842653974653237e-11,68,-2.7930463865086e-10
01050002925,010-5000-2925,"one digit, last group",-4.842653974653237e-11,69,3.6989215358836483e-10
01050002925,010-5000-2925,"one digit, last group",-4.842653974653237e-11,70,-8.200887429540216e-11
01050002925,010-5000-2925,"one digit, last group",-4.842653974653237e-11,71,-3.6871935323654587e-10
01050002925,010-5000-2925,"one digit, last group",-4.842653974653237e-11,72,1.4277047161494125e-11
01050002925,010-5000-2925,"one digit, last group",-4.842653974653237e-11,73,-2.1273948359781405e-11
01050002925,010-5000-2925,"one digit, last group",-4.842653974653237e-11,74,-2.8942238944552826e-11
01050002925,010-5000-2925,"one digit, last group",-4.842653974653237e-11,75,-5.348181387057315e-11
01050002925,010-5000-2925,"one digit, last group",-4.842653974653237e-11,76,2.1186544439222593e-11
01050002925,010-5000-2925,"one digit, last group",-4.842653974653237e-11,77,-6.28225669048922e-11
01050002925,010-5000-2925,"one digit, last group",-4.842653974653237e-11,78,1.1096875055582318e-10
01050002925,010-5000-2925,"one digit, last group",-4.842653974653237e-11,79,-1.7827531154389138e-10
01050002925,010-5000-2925,"one digit, last group",-4.842653974653237e-11,80,-2.2909801785701573e-12
01050002925,010-5000-2925,"one digit, last group",-4.842653974653237e-11,81,-5.168027476758322e-11
01050002925,010-5000-2925,"one digit, last group",-4.842653974653237e-11,82,1.647723145142101e-10
01050002925,010-5000-2925,"one digit, last group",-4.842653974653237e-11,83,3.3678782521728754e-11
01050002925,010-5000-2925,"one digit, last group",-4.842653974653237e-11,84,1.5497602764404477e-11
01050002925,010-5000-2925,"one digit, last group",-4.842653974653237e-11,85,-1.600202991463414e-11
01050002925,010-5000-2925,"one digit, last group",-4.842653974653237e-11,86,1.5444802751093768e-11
01050002925,010-5000-2925,"one digit, last group",-4.842653974653237e-11,87,-5.340445676596304e-12
01050002925,010-5000-2925,"one digit, last group",-4.842653974653237e-11,88,-1.3185162489923755e-10
01050002925,010-5000-2925,"one digit, last group",-4.842653974653237e-11,89,5.123610076753808e-11
01050002925,010-5000-2925,"one digit, last group",-4.842653974653237e-11,90,-8.050753803289871e-11
01050002925,010-5000-2925,"one digit, last group",-4.842653974653237e-11,91,-1.6587013139977714e-10
01050002925,010-5000-2925,"one digit, last group",-4.842653974653237e-11,92,-8.186716860347444e-12
01050002925,010-5000-2925,"one digit, last group",-4.842653974653237e-11,93,2.688074915199243e-10
01050002925,010-5000-2925,"one digit, last group",-4.842653974653237e-11,94,-1.329891814202998e-10
01050002925,010-5000-2925,"one digit, last group",-4.842653974653237e-11,95,3.5589554205755456e-12
01050002925,010-5000-2925,"one digit, last group",-4.842653974653237e-11,96,2.1788866908442542e-10
01050002925,010-5000-2925,"one digit, last group",-4.842653974653237e-11,97,-2.2706208007837766e-10
01050002925,010-5000-2925,"one digit, last group",-4.842653974653237e-11,98,2.5792352789513573e-11
01050002925,010-5000-2925,"one digit, last group",-4.842653974653237e-11,99,-3.8505260272851246e-11
01050002925,010-5000-2925,"one digit, last group",-4.842653974653237e-11,100,2.6468161595316218e-11
01050002925,010-5000-2925,"one digit, last group",-4.842653974653237e-11,101,-1.220938083481092e-14
01050002925,010-5000-2925,"one digit, last group",-4.842653974653237e-11,102,-2.699588189072843e-11
01050002925,010-5000-2925,"one digit, last group",-4.842653974653237e-11,103,-1.0624264943707055e-10
01050002925,010-5000-2925,"one digit, last group",-4.842653974653237e-11,104,-1.3383153762881053e-11
01050002925,010-5000-2925,"one digit, last group",-4.842653974653237e-11,105,-9.739451185132159e-11
01050002925,010-5000-2925,"one digit, last group",-4.842653974653237e-11,106,-8.668949561580235e-11
01050002925,010-5000-2925,"one digit, last group",-4.842653974653237e-11,107,-2.490009916655867e-11
01050002925,010-5000-2925,"one digit, last group",-4.842653974653237e-11,108,3.810401033740269e-11
01050002925,010-5000-2925,"one digit, last group",-4.842653974653237e-11,109,1.7196085593995886e-10
01050002925,010-5000-2925,"one digit, last group",-4.842653974653237e-11,110,2.89563632341494e-11
01050002925,010-5000-2925,"one digit, last group",-4.842653974653237e-11,111,1.6833398544100387e-11
01050002925,010-5000-2925,"one digit, last group",-4.842653974653237e-11,112,5.4565855472742306e-11
01050002925,010-5000-2925,"one digit, last group",-4.842653974653237e-11,113,1.1082831974466284e-11
01050002925,010-5000-2925,"one digit, last group",-4.842653974653237e-11,114,-1.3025583562024073e-10
01050002925,010-5000-2925,"one digit, last group",-4.842653974653237e-11,115,-7.979530010150424e-11
01050002925,010-5000-2925,"one digit, last group",-4.842653974653237e-11,116,1.2574102840414072e-11
01050002925,010-5000-2925,"one digit, last group",-4.842653974653237e-11,117,2.4354751521531658e-11
01050002925,010-5000-2925,"one digit, last group",-4.842653974653237e-11,118,2.696347236953421e-10
01050002925,010-5000-2925,"one digit, last group",-4.842653974653237e-11,119,-3.484583803153718e-10
01050002925,010-5000-2925,"one digit, last group",-4.842653974653237e-11,120,-2.935218872321435e-11
01050002925,010-5000-2925,"one digit, last group",-4.842653974653237e-11,121,9.188999685064773e-11
01050002925,010-5000-2925,"one digit, last group",-4.842653974653237e-11,122,6.674055767241375e-11
01050002925,010-5000-2925,"one digit, last group",-4.842653974653237e-11,123,-1.115944149617296e-11
01050002925,010-5000-2925,"one digit, last group",-4.842653974653237e-11,124,2.7971737825003185e-10
01050002925,010-5000-2925,"one digit, last group",-4.842653974653237e-11,125,1.9484025272056433e-10
01050002925,010-5000-2925,"one digit, last group",-4.842653974653237e-11,126,6.555080530385491e-11
01050002925,010-5000-2925,"one digit, last group",-4.842653974653237e-11,127,1.6476216452512816e-10
01050002925,010-5000-2925,"one digit, last group",-4.842653974653237e-11,128,8.922572892993561e-11
01050002925,010-5000-2925,"one digit, last group",-4.842653974653237e-11,129,-6.117922855231932e-12
01050002925,010-5000-2925,"one digit, last group",-4.842653974653237e-11,130,-5.871189575258765e-11
01050002925,010-5000-2925,"one digit, last group",-4.842653974653237e-11,131,1.5462298570927614e-10
01050002925,010-5000-2925,"one digit, last group",-4.842653974653237e-11,132,-1.3215901211772293e-10
01050002925,010-5000-2925,"one digit, last group",-4.842653974653237e-11,133,2.706571877819105e-11
01050002925,010-5000-2925,"one digit, last group",-4.842653974653237e-11,134,-5.736624935803968e-11
01050002925,010-5000-2925,"one digit, last group",-4.842653974653237e-11,135,2.2788789319605392e-10
01050002925,010-5000-2925,"one digit, last group",-4.842653974653237e-11,136,1.2194297279332448e-11
01050002925,010-5000-2925,"one digit, last group",-4.842653974653237e-11,137,4.798227216551139e-11
01050002925,010-5000-2925,"one digit, last group",-4.842653974653237e-11,138,3.9102943022572976e-11
01050002925,010-5000-2925,"one digit, last group",-4.842653974653237e-11,139,7.693586919825176e-11
01050002925,010-5000-2925,"one digit, last group",-4.842653974653237e-11,140,4.6087982972360275e-11
01050002925,010-5000-2925,"one digit, last group",-4.842653974653237e-11,141,2.8732045985589466e-11
01050002925,010-5000-2925,"one digit, last group",-4.842653974653237e-11,142,1.2444886647457357e-08
01050002925,010-5000-2925,"one digit, last group",-4.842653974653237e-11,143,-5.843520770937925e-09
01050002925,010-5000-2925,"one digit, last group",-4.842653974653237e-11,144,1.7931071185152908e-09
01050002925,010-5000-2925,"one digit, last group",-4.842653974653237e-11,145,-2.2502943320881006e-09
01050002925,010-5000-2925,"one digit, last group",-4.842653974653237e-11,146,-5.999807371569355e-10
01050002925,010-5000-2925,"one digit, last group",-4.842653974653237e-11,147,-6.238418502582124e-08
01050002925,010-5000-2925,"one digit, last group",-4.842653974653237e-11,148,2.6652107256897807e-08
01050002925,010-5000-2925,"one digit, last group",-4.842653974653237e-11,149,5.284177560980817e-09
01050002925,010-5000-2925,"one digit, last group",-4.842653974653237e-11,150,7.760992695136069e-11
01050002925,010-5000-2925,"one digit, last group",-4.842653974653237e-11,151,-1.256653488505814e-10
01050002925,010-5000-2925,"one digit, last group",-4.842653974653237e-11,152,-1.0385308808619384e-10
01050002925,010-5000-2925,"one digit, last group",-4.842653974653237e-11,153,-1.5240830691972924e-10
01050002925,010-5000-2925,"one digit, last group",-4.842653974653237e-11,154,-1.3820300568572292e-11
01050002925,010-5000-2925,"one digit, last group",-4.842653974653237e-11,155,1.7965128323150745e-10
01050002925,010-5000-2925,"one digit, last group",-4.842653974653237e-11,156,-6.412163916359661e-09
01050002925,010-5000-2925,"one digit, last group",-4.842653974653237e-11,157,6.396376348843905e-11
01050002925,010-5000-2925,"one digit, last group",-4.842653974653237e-11,158,2.877354272249324e-10
01050002925,010-5000-2925,"one digit, last group",-4.842653974653237e-11,159,1.4832456351320585e-10
01050002925,010-5000-2925,"one digit, last group",-4.842653974653237e-11,160,-1.7203953859013257e-08
01050002925,010-5000-2925,"one digit, last group",-4.842653974653237e-11,161,-1.2557390758175395e-12
01050002925,010-5000-2925,"one digit, last group",-4.842653974653237e-11,162,8.240506203706765e-11
01050002925,010-5000-2925,"one digit, last group",-4.842653974653237e-11,163,2.645622322705641e-10
01050002925,010-5000-2925,"one digit, last group",-4.842653974653237e-11,164,-2.8584921672674827e-08
01050002925,010-5000-2925,"one digit, last group",-4.842653974653237e-11,165,-1.5789004959599984e-10
01050002925,010-5000-2925,"one digit, last group",-4.842653974653237e-11,166,-2.412564497800769e-11
01050002925,010-5000-2925,"one digit, last group",-4.842653974653237e-11,167,1.1851161429348834e-10
01050002925,010-5000-2925,"one digit, last group",-4.842653974653237e-11,168,2.434295938900354e-10
01050002925,010-5000-2925,"one digit, last group",-4.842653974653237e-11,169,-6.062210688851043e-12
01050002925,010-5000-2925,"one digit, last group",-4.842653974653237e-11,170,-5.701248870778311e-11
01050002925,010-5000-2925,"one digit, last group",-4.842653974653237e-11,171,-7.382325565572182e-11
01050002925,010-5000-2925,"one digit, last group",-4.842653974653237e-11,172,-7.4412024910701e-11
01050002925,010-5000-2925,"one digit, last group",-4.842653974653237e-11,173,-1.0677672267049777e-11
01050002925,010-5000-2925,"one digit, last group",-4.842653974653237e-11,174,-1.0755756406338097e-10
01050002925,010-5000-2925,"one digit, last group",-4.842653974653237e-11,175,4.091719911444736e-10
01050002925,010-5000-2925,"one digit, last group",-4.842653974653237e-11,176,4.0178070358993634e-11
01050002925,010-5000-2925,"one digit, last group",-4.842653974653237e-11,177,2.6705848948032125e-11
01050002925,010-5000-2925,"one digit, last group",-4.842653974653237e-11,178,3.4224948861927516e-11
01050002925,010-5000-2925,"one digit, last group",-4.842653974653237e-11,179,1.5511813430163025e-10
01050002925,010-5000-2925,"one digit, last group",-4.842653974653237e-11,180,1.2632714367835198e-10
01050002925,010-5000-2925,"one digit, last group",-4.842653974653237e-11,181,4.882207212147958e-10
01050002925,010-5000-2925,"one digit, last group",-4.842653974653237e-11,182,-3.489106231607088e-10
01050002925,010-5000-2925,"one digit, last group",-4.842653974653237e-11,183,-1.3160740531159593e-10
01050002925,010-5000-2925,"one digit, last group",-4.842653974653237e-11,184,-3.1608926164336084e-11
01050002925,010-5000-2925,"one digit, last group",-4.842653974653237e-11,185,-1.1150066105890325e-10
01050002925,010-5000-2925,"one digit, last group",-4.842653974653237e-11,186,1.7780760610244604e-10
01050002925,010-5000-2925,"one digit, last group",-4.842653974653237e-11,187,7.323223040358628e-11
01050002925,010-5000-2925,"one digit, last group",-4.842653974653237e-11,188,-2.0769550214043978e-12
01050002925,010-5000-2925,"one digit, last group",-4.842653974653237e-11,189,7.276763059357202e-11
01050002925,010-5000-2925,"one digit, last group",-4.842653974653237e-11,190,1.0940242429238248e-10
01050002925,010-5000-2925,"one digit, last group",-4.842653974653237e-11,191,-1.0793402890577498e-10
01050002925,010-5000-2925,"one digit, last group",-4.842653974653237e-11,192,3.638375055622803e-11
01050002925,010-5000-2925,"one digit, last group",-4.842653974653237e-11,193,1.291399262700328e-10
01050002925,010-5000-2925,"one digit, last group",-4.842653974653237e-11,194,2.735248043685958e-11
01050002925,010-5000-2925,"one digit, last group",-4.842653974653237e-11,195,-5.536821860000534e-11
01050002925,010-5000-2925,"one digit, last group",-4.842653974653237e-11,196,-6.822346006569991e-11
01050002925,010-5000-2925,"one digit, last group",-4.842653974653237e-11,197,-1.4880544919851666e-10
01050002925,010-5000-2925,"one digit, last group",-4.842653974653237e-11,198,-7.96397929614954e-11
01050002925,010-5000-2925,"one digit, last group",-4.842653974653237e-11,199,-4.5329603873733693e-10
01050002925,010-5000-2925,"one digit, last group",-4.842653974653237e-11,200,-6.305213554012538e-11
01050002925,010-5000-2925,"one digit, last group",-4.842653974653237e-11,201,2.8503363973827975e-11
01050002925,010-5000-2925,"one digit, last group",-4.842653974653237e-11,202,-2.0441402230751306e-10
01050002925,010-5000-2925,"one digit, last group",-4.842653974653237e-11,203,-1.8939805241161527e-11
01051009080,010-5100-9080,original,1.000000000023691,0,-6.293951017137541e-11
01051009080,010-5100-9080,original,1.000000000023691,1,-2.5795637149647273e-10
01051009080,010-5100-9080,original,1.000000000023691,2,-1.7138658574204145e-10
01051009080,010-5100-9080,original,1.000000000023691,3,3.794814994532205e-11
01051009080,010-5100-9080,original,1.000000000023691,4,-2.2437134863988797e-10
01051009080,010-5100-9080,original,1.000000000023691,5,-4.3578491877647665e-11
01051009080,010-5100-9080,original,1.000000000023691,6,1.185510545907103e-10
01051009080,010-5100-9080,original,1.000000000023691,7,-9.172448047849427e-11
01051009080,010-5100-9080,original,1.000000000023691,8,1.1880389087551296e-10
01051009080,010-5100-9080,original,1.000000000023691,9,7.362811409849266e-11
01051009080,010-5100-9080,original,1.000000000023691,10,5.609134512230586e-12
01051009080,010-5100-9080,original,1.000000000023691,11,-9.722556902422109e-11
01051009080,010-5100-9080,original,1.000000000023691,12,1.1479970230089518e-10
01051009080,010-5100-9080,original,1.000000000023691,13,-4.5844996932805317e-11
01051009080,010-5100-9080,original,1.000000000023691,14,3.017172227451879e-11
01051009080,010-5100-9080,original,1.000000000023691,15,-8.99867738525449e-11
01051009080,010-5100-9080,original,1.000000000023691,16,-2.4919280271507804e-10
01051009080,010-5100-9080,original,1.000000000023691,17,-1.3769865799138883e-10
01051009080,010-5100-9080,original,1.000000000023691,18,2.2424590782722825e-10
01051009080,010-5100-9080,original,1.000000000023691,19,-8.639862650570072e-11
01051009080,010-5100-9080,original,1.000000000023691,20,9.065144847710602e-11
01051009080,010-5100-9080,original,1.000000000023691,21,-1.4796896031547617e-10
01051009080,010-5100-9080,original,1.000000000023691,22,-7.30639739200295e-11
01051009080,010-5100-9080,original,1.000000000023691,23,4.1664658477171985e-11
01051009080,010-5100-9080,original,1.000000000023691,24,2.211607311563053e-12
01051009080,010-5100-9080,original,1.000000000023691,25,-7.222830743951154e-12
01051009080,010-5100-9080,original,1.000000000023691,26,-1.0672043763763125e-10
01051009080,010-5100-9080,original,1.000000000023691,27,-7.715204269150054e-12
01051009080,010-5100-9080,original,1.000000000023691,28,1.4204375802499731e-10
01051009080,010-5100-9080,original,1.000000000023691,29,-6.78063825959545e-11
01051009080,010-5100-9080,original,1.000000000023691,30,1.923376577007668e-10
01051009080,010-5100-9080,original,1.000000000023691,31,-1.9342906859507642e-10
01051009080,010-5100-9080,original,1.000000000023691,32,-3.1786460645814635e-10
01051009080,010-5100-9080,original,1.000000000023691,33,-1.3922158436537084e-10
01051009080,010-5100-9080,original,1.000000000023691,34,6.476737612446612e-11
01051009080,010-5100-9080,original,1.000000000023691,35,6.674951516509055e-12
01051009080,010-5100-9080,original,1.000000000023691,36,-1.0577925825046986e-10
01051009080,010-5100-9080,original,1.000000000023691,37,1.4529156032755214e-10
01051009080,010-5100-9080,original,1.000000000023691,38,-5.882069190940157e-11
01051009080,010-5100-9080,original,1.000000000023691,39,2.6668975102437567e-10
01051009080,010-5100-9080,original,1.000000000023691,40,2.642159001845459e-10
01051009080,010-5100-9080,original,1.000000000023691,41,2.7452570625630305e-11
01051009080,010-5100-9080,original,1.000000000023691,42,-1.7856446546123055e-10
01051009080,010-5100-9080,original,1.000000000023691,43,2.3527838373681402e-11
01051009080,010-5100-9080,original,1.000000000023691,44,-4.339780591166132e-11
01051009080,010-5100-9080,original,1.000000000023691,45,1.9677557280933098e-10
01051009080,010-5100-9080,original,1.000000000023691,46,-1.1906953331859947e-11
01051009080,010-5100-9080,original,1.000000000023691,47,-1.3073708119011097e-10
01051009080,010-5100-9080,original,1.000000000023691,48,2.0166352254349122e-10
01051009080,010-5100-9080,original,1.000000000023691,49,-3.188943939120214e-10
01051009080,010-5100-9080,original,1.000000000023691,50,6.022037911449867e-11
01051009080,010-5100-9080,original,1.000000000023691,51,4.8380589960639376e-11
01051009080,010-5100-9080,original,1.000000000023691,52,-6.453157426066433e-11
01051009080,010-5100-9080,original,1.000000000023691,53,6.78277402960937e-11
01051009080,010-5100-9080,original,1.000000000023691,54,1.203943003625906e-11
01051009080,010-5100-9080,original,1.000000000023691,55,3.117666406449083e-11
01051009080,010-5100-9080,original,1.000000000023691,56,-1.0851391314741314e-10
01051009080,010-5100-9080,original,1.000000000023691,57,6.42864642128597e-11
01051009080,010-5100-9080,original,1.000000000023691,58,-2.3172226747423575e-11
01051009080,010-5100-9080,original,1.000000000023691,59,5.922459256676e-11
01051009080,010-5100-9080,original,1.000000000023691,60,-2.271491584093437e-11
01051009080,010-5100-9080,original,1.000000000023691,61,-2.5518175545005026e-11
01051009080,010-5100-9080,original,1.000000000023691,62,3.3411493409937005e-12
01051009080,010-5100-9080,original,1.000000000023691,63,1.5616821811210684e-10
01051009080,010-5100-9080,original,1.000000000023691,64,5.8025040737404644e-11
01051009080,010-5100-9080,original,1.000000000023691,65,-5.286908237314171e-11
01051009080,010-5100-9080,original,1.000000000023691,66,1.422676819864102e-11
01051009080,010-5100-9080,original,1.000000000023691,67,8.396679581931481e-12
01051009080,010-5100-9080,original,1.000000000023691,68,-8.940243589983562e-12
01051009080,010-5100-9080,original,1.000000000023691,69,-3.5182834278303967e-10
01051009080,010-5100-9080,original,1.000000000023691,70,1.142762526230839e-10
01051009080,010-5100-9080,original,1.000000000023691,71,1.3081443204557068e-10
01051009080,010-5100-9080,original,1.000000000023691,72,-1.957223388042422e-11
01051009080,010-5100-9080,original,1.000000000023691,73,-6.038170976848843e-11
01051009080,010-5100-9080,original,1.000000000023691,74,-1.4031424295796276e-10
01051009080,010-5100-9080,original,1.000000000023691,75,-1.0536839528535583e-10
01051009080,010-5100-9080,original,1.000000000023691,76,1.515712053914206e-10
01051009080,010-5100-9080,original,1.000000000023691,77,-7.835400002111551e-12
01051009080,010-5100-9080,original,1.000000000023691,78,-3.185006199909767e-11
01051009080,010-5100-9080,original,1.000000000023691,79,6.120545867086537e-11
01051009080,010-5100-9080,original,1.000000000023691,80,6.44687870205591e-11
01051009080,010-5100-9080,original,1.000000000023691,81,-4.786059129621218e-11
01051009080,010-5100-9080,original,1.000000000023691,82,7.976230469460158e-11
01051009080,010-5100-9080,original,1.000000000023691,83,1.367132703799799e-10
01051009080,010-5100-9080,original,1.000000000023691,84,4.630624184151523e-12
01051009080,010-5100-9080,original,1.000000000023691,85,4.082876499682963e-11
01051009080,010-5100-9080,original,1.000000000023691,86,4.819346494678282e-10
01051009080,010-5100-9080,original,1.000000000023691,87,2.0400876871511164e-10
01051009080,010-5100-9080,original,1.000000000023691,88,6.980045017646117e-11
01051009080,010-5100-9080,original,1.000000000023691,89,9.943303776526669e-11
01051009080,010-5100-9080,original,1.000000000023691,90,1.2930185259174882e-10
01051009080,010-5100-9080,original,1.000000000023691,91,1.5833279859455895e-10
01051009080,010-5100-9080,original,1.000000000023691,92,-2.2101332932231658e-11
01051009080,010-5100-9080,original,1.000000000023691,93,6.865184510596064e-11
01051009080,010-5100-9080,original,1.000000000023691,94,-5.546151447264935e-11
01051009080,010-5100-9080,original,1.000000000023691,95,-3.0182162135993443e-10
01051009080,010-5100-9080,original,1.000000000023691,96,-1.7420766688859561e-10
01051009080,010-5100-9080,original,1.000000000023691,97,4.3364227164838106e-10
01051009080,010-5100-9080,original,1.000000000023691,98,3.7077449988359124e-11
01051009080,010-5100-9080,original,1.000000000023691,99,-3.101160915156917e-11
01051009080,010-5100-9080,original,1.000000000023691,100,5.338286795261983e-11
01051009080,010-5100-9080,original,1.000000000023691,101,3.3140481604760714e-10
01051009080,010-5100-9080,original,1.000000000023691,102,-3.494129352317727e-10
01051009080,010-5100-9080,original,1.000000000023691,103,6.492486881624712e-11
01051009080,010-5100-9080,original,1.000000000023691,104,-1.0708419053508058e-10
01051009080,010-5100-9080,original,1.000000000023691,105,6.103533613316689e-11
01051009080,010-5100-9080,original,1.000000000023691,106,-1.3453293831736126e-11
01051009080,010-5100-9080,original,1.000000000023691,107,3.2931738622003546e-11
01051009080,010-5100-9080,original,1.000000000023691,108,3.242056416599406e-11
01051009080,010-5100-9080,original,1.000000000023691,109,-1.30191791440954e-10
01051009080,010-5100-9080,original,1.000000000023691,110,9.921711340962417e-11
01051009080,010-5100-9080,original,1.000000000023691,111,4.929130141069945e-13
01051009080,010-5100-9080,original,1.000000000023691,112,7.470545647091265e-11
01051009080,010-5100-9080,original,1.000000000023691,113,-1.6590886451496005e-11
01051009080,010-5100-9080,original,1.000000000023691,114,1.3353810862857207e-10
01051009080,010-5100-9080,original,1.000000000023691,115,-9.638360164614954e-12
01051009080,010-5100-9080,original,1.000000000023691,116,6.633368119764211e-12
01051009080,010-5100-9080,original,1.000000000023691,117,1.273077233794841e-11
01051009080,010-5100-9080,original,1.000000000023691,118,7.599924257483241e-11
01051009080,010-5100-9080,original,1.000000000023691,119,-3.0071623738508e-10
01051009080,010-5100-9080,original,1.000000000023691,120,9.077913991436808e-11
01051009080,010-5100-9080,original,1.000000000023691,121,-1.0253510286306499e-10
01051009080,010-5100-9080,original,1.000000000023691,122,-1.8397499677371848e-10
01051009080,010-5100-9080,original,1.000000000023691,123,8.229111170883195e-12
01051009080,010-5100-9080,original,1.000000000023691,124,-5.7099933034388446e-11
01051009080,010-5100-9080,original,1.000000000023691,125,-8.783462558902314e-11
01051009080,010-5100-9080,original,1.000000000023691,126,1.4221246753057377e-11
01051009080,010-5100-9080,original,1.000000000023691,127,4.9538077700459476e-11
01051009080,010-5100-9080,original,1.000000000023691,128,3.8707330409652255e-10
01051009080,010-5100-9080,original,1.000000000023691,129,-9.619630159662266e-11
01051009080,010-5100-9080,original,1.000000000023691,130,7.205788234332389e-11
01051009080,010-5100-9080,original,1.000000000023691,131,1.8035682084427245e-10
01051009080,010-5100-9080,original,1.000000000023691,132,-3.022076658579126e-11
01051009080,010-5100-9080,original,1.000000000023691,133,-3.698054275079163e-11
01051009080,010-5100-9080,original,1.000000000023691,134,-6.91381835672392e-11
01051009080,010-5100-9080,original,1.000000000023691,135,-9.860829004321294e-11
01051009080,010-5100-9080,original,1.000000000023691,136,-1.5394665328127617e-11
01051009080,010-5100-9080,original,1.000000000023691,137,5.149908599089949e-11
01051009080,010-5100-9080,original,1.000000000023691,138,3.969656649348874e-11
01051009080,010-5100-9080,original,1.000000000023691,139,3.5229690290765895e-11
01051009080,010-5100-9080,original,1.000000000023691,140,1.6011091134187286e-10
01051009080,010-5100-9080,original,1.000000000023691,141,1.615337457678567e-10
01051009080,010-5100-9080,original,1.000000000023691,142,7.495067769782237e-11
01051009080,010-5100-9080,original,1.000000000023691,143,1.9149455393953994e-11
01051009080,010-5100-9080,original,1.000000000023691,144,-1.7614751820407878e-10
01051009080,010-5100-9080,original,1.000000000023691,145,-8.437681931728211e-11
01051009080,010-5100-9080,original,1.000000000023691,146,2.4405874432602748e-11
01051009080,010-5100-9080,original,1.000000000023691,147,7.054524685700916e-11
01051009080,010-5100-9080,original,1.000000000023691,148,3.2252291634456e-12
01051009080,010-5100-9080,original,1.000000000023691,149,-2.6939756719388066e-10
01051009080,010-5100-9080,original,1.000000000023691,150,8.35588991052623e-11
01051009080,010-5100-9080,original,1.000000000023691,151,2.0790401339281756e-11
01051009080,010-5100-9080,original,1.000000000023691,152,-2.5145015243502414e-10
01051009080,010-5100-9080,original,1.000000000023691,153,8.88675195859873e-11
01051009080,010-5100-9080,original,1.000000000023691,154,-2.002532748441719e-11
01051009080,010-5100-9080,original,1.000000000023691,155,-6.900593739641593e-11
01051009080,010-5100-9080,original,1.000000000023691,156,1.166272974681206e-10
01051009080,010-5100-9080,original,1.000000000023691,157,-6.079650109211405e-11
01051009080,010-5100-9080,original,1.000000000023691,158,6.8363419410872604e-12
01051009080,010-5100-9080,original,1.000000000023691,159,6.76869042684404e-11
01051009080,010-5100-9080,original,1.000000000023691,160,-1.2046364451573e-10
01051009080,010-5100-9080,original,1.000000000023691,161,3.655254818088473e-11
01051009080,010-5100-9080,original,1.000000000023691,162,3.1300312999264576e-11
01051009080,010-5100-9080,original,1.000000000023691,163,-1.8504488986481013e-11
01051009080,010-5100-9080,original,1.000000000023691,164,-3.830142157373255e-11
01051009080,010-5100-9080,original,1.000000000023691,165,-3.307235824969624e-10
01051009080,010-5100-9080,original,1.000000000023691,166,6.780287359186724e-11
01051009080,010-5100-9080,original,1.000000000023691,167,3.887931918792302e-10
01051009080,010-5100-9080,original,1.000000000023691,168,5.714464820085684e-11
01051009080,010-5100-9080,original,1.000000000023691,169,-4.521173631641254e-11
01051009080,010-5100-9080,original,1.000000000023691,170,-1.2998745883439453e-10
01051009080,010-5100-9080,original,1.000000000023691,171,8.616341900046368e-11
01051009080,010-5100-9080,original,1.000000000023691,172,-3.804204375492617e-11
01051009080,010-5100-9080,original,1.000000000023691,173,-1.0163752369488522e-10
01051009080,010-5100-9080,original,1.000000000023691,174,-8.943115680356542e-11
01051009080,010-5100-9080,original,1.000000000023691,175,4.441289721198371e-10
01051009080,010-5100-9080,original,1.000000000023691,176,4.549288124010189e-11
01051009080,010-5100-9080,original,1.000000000023691,177,1.9050685671472747e-10
01051009080,010-5100-9080,original,1.000000000023691,178,1.7051659749939754e-10
01051009080,010-5100-9080,original,1.000000000023691,179,-2.348919948395946e-10
01051009080,010-5100-9080,original,1.000000000023691,180,1.2134902186324349e-10
01051009080,010-5100-9080,original,1.000000000023691,181,0.9999996931330202
01051009080,010-5100-9080,original,1.000000000023691,182,0.9999996876201114
01051009080,010-5100-9080,original,1.000000000023691,183,0.9999996288817532
01051009080,010-5100-9080,original,1.000000000023691,184,5.12215252924852e-11
01051009080,010-5100-9080,original,1.000000000023691,185,-3.7507305083085294e-11
01051009080,010-5100-9080,original,1.000000000023691,186,-3.685312794603749e-11
01051009080,010-5100-9080,original,1.000000000023691,187,1.535730583475019e-11
01051009080,010-5100-9080,original,1.000000000023691,188,8.268858044203037e-11
01051009080,010-5100-9080,original,1.000000000023691,189,-8.599200103652555e-11
01051009080,010-5100-9080,original,1.000000000023691,190,1.870941784716974e-10
01051009080,010-5100-9080,original,1.000000000023691,191,5.4438427157333266e-11
01051009080,010-5100-9080,original,1.000000000023691,192,3.653656314320714e-11
01051009080,010-5100-9080,original,1.000000000023691,193,-7.038865933123868e-10
01051009080,010-5100-9080,original,1.000000000023691,194,1.3019923444113101e-11
01051009080,010-5100-9080,original,1.000000000023691,195,2.4441194384071745e-10
01051009080,010-5100-9080,original,1.000000000023691,196,-3.2683238095665253e-12
01051009080,010-5100-9080,original,1.000000000023691,197,-4.378178179044829e-11
01051009080,010-5100-9080,original,1.000000000023691,198,4.7748943071257054e-11
01051009080,010-5100-9080,original,1.000000000023691,199,3.6697994371248647e-10
01051009080,010-5100-9080,original,1.000000000023691,200,-1.3638386247752136e-10
01051009080,010-5100-9080,original,1.000000000023691,201,-9.60626273128372e-11
01051009080,010-5100-9080,original,1.000000000023691,202,4.259005502213649e-10
01051009080,010-5100-9080,original,1.000000000023691,203,1.727281069872818e-11
01051009081,010-5100-9081,"one digit, last group",-2.751292910328914e-10,0,-1.3150730835836358e-10
01051009081,010-5100-9081,"one digit, last group",-2.751292910328914e-10,1,1.354528147532369e-10
01051009081,010-5100-9081,"one digit, last group",-2.751292910328914e-10,2,1.1455531544493963e-10
01051009081,010-5100-9081,"one digit, last group",-2.751292910328914e-10,3,5.85370076517272e-11
01051009081,010-5100-9081,"one digit, last group",-2.751292910328914e-10,4,3.0705811219983553e-10
01051009081,010-5100-9081,"one digit, last group",-2.751292910328914e-10,5,2.852240150594448e-10
01051009081,010-5100-9081,"one digit, last group",-2.751292910328914e-10,6,-1.89008920446351e-10
01051009081,010-5100-9081,"one digit, last group",-2.751292910328914e-10,7,1.4329591639720275e-10
01051009081,010-5100-9081,"one digit, last group",-2.751292910328914e-10,8,5.027281323022582e-11
01051009081,010-5100-9081,"one digit, last group",-2.751292910328914e-10,9,-3.79010179399498e-11
01051009081,010-5100-9081,"one digit, last group",-2.751292910328914e-10,10,-1.662299328217055e-11
01051009081,010-5100-9081,"one digit, last group",-2.751292910328914e-10,11,8.910040350890487e-11
01051009081,010-5100-9081,"one digit, last group",-2.751292910328914e-10,12,-1.5850297893115868e-10
01051009081,010-5100-9081,"one digit, last group",-2.751292910328914e-10,13,3.7320274800232595e-10
01051009081,010-5100-9081,"one digit, last group",-2.751292910328914e-10,14,1.2148009812577449e-11
01051009081,010-5100-9081,"one digit, last group",-2.751292910328914e-10,15,-3.517007786762127e-11
01051009081,010-5100-9081,"one digit, last group",-2.751292910328914e-10,16,-3.6896092569896154e-10
01051009081,010-5100-9081,"one digit, last group",-2.751292910328914e-10,17,-1.418619438440641e-11
01051009081,010-5100-9081,"one digit, last group",-2.751292910328914e-10,18,-7.130900150306006e-11
01051009081,010-5100-9081,"one digit, last group",-2.751292910328914e-10,19,4.1761544648078826e-11
01051009081,010-5100-9081,"one digit, last group",-2.751292910328914e-10,20,-1.101103645348335e-10
01051009081,010-5100-9081,"one digit, last group",-2.751292910328914e-10,21,1.431089130330407e-11
01051009081,010-5100-9081,"one digit, last group",-2.751292910328914e-10,22,7.699629182059373e-13
01051009081,010-5100-9081,"one digit, last group",-2.751292910328914e-10,23,1.2614669753764682e-10
01051009081,010-5100-9081,"one digit, last group",-2.751292910328914e-10,24,-4.4727089946815986e-10
01051009081,010-5100-9081,"one digit, last group",-2.751292910328914e-10,25,-9.441142103762408e-11
01051009081,010-5100-9081,"one digit, last group",-2.751292910328914e-10,26,-4.1648244060661226e-11
01051009081,010-5100-9081,"one digit, last group",-2.751292910328914e-10,27,-1.0882546319272251e-10
01051009081,010-5100-9081,"one digit, last group",-2.751292910328914e-10,28,-2.1531034233987022e-10
01051009081,010-5100-9081,"one digit, last group",-2.751292910328914e-10,29,3.868463202569061e-11
01051009081,010-5100-9081,"one digit, last group",-2.751292910328914e-10,30,-1.62952381863508e-10
01051009081,010-5100-9081,"one digit, last group",-2.751292910328914e-10,31,2.146259411985401e-10
01051009081,010-5100-9081,"one digit, last group",-2.751292910328914e-10,32,-7.138789204388604e-11
01051009081,010-5100-9081,"one digit, last group",-2.751292910328914e-10,33,9.182770752335473e-11
01051009081,010-5100-9081,"one digit, last group",-2.751292910328914e-10,34,5.957995389817508e-12
01051009081,010-5100-9081,"one digit, last group",-2.751292910328914e-10,35,2.2170656580873177e-11
01051009081,010-5100-9081,"one digit, last group",-2.751292910328914e-10,36,4.657803803462797e-11
01051009081,010-5100-9081,"one digit, last group",-2.751292910328914e-10,37,-2.9905559537935135e-12
01051009081,010-5100-9081,"one digit, last group",-2.751292910328914e-10,38,3.613824982931859e-11
01051009081,010-5100-9081,"one digit, last group",-2.751292910328914e-10,39,3.591402479375263e-11
01051009081,010-5100-9081,"one digit, last group",-2.751292910328914e-10,40,4.327375479232287e-10
01051009081,010-5100-9081,"one digit, last group",-2.751292910328914e-10,41,4.1238967469715334e-11
01051009081,010-5100-9081,"one digit, last group",-2.751292910328914e-10,42,-1.725155323553444e-10
01051009081,010-5100-9081,"one digit, last group",-2.751292910328914e-10,43,-3.5567645968843684e-11
01051009081,010-5100-9081,"one digit, last group",-2.751292910328914e-10,44,-1.8121808061774935e-11
01051009081,010-5100-9081,"one digit, last group",-2.751292910328914e-10,45,3.44443993851185e-10
01051009081,010-5100-9081,"one digit, last group",-2.751292910328914e-10,46,-1.526155673913516e-12
01051009081,010-5100-9081,"one digit, last group",-2.751292910328914e-10,47,-1.3727896282108773e-10
01051009081,010-5100-9081,"one digit, last group",-2.751292910328914e-10,48,2.2580227578074097e-10
01051009081,010-5100-9081,"one digit, last group",-2.751292910328914e-10,49,-2.5305379647967414e-10
01051009081,010-5100-9081,"one digit, last group",-2.751292910328914e-10,50,8.82339452174894e-11
01051009081,010-5100-9081,"one digit, last group",-2.751292910328914e-10,51,1.0132040093499291e-10
01051009081,010-5100-9081,"one digit, last group",-2.751292910328914e-10,52,-2.275120700581756e-10
01051009081,010-5100-9081,"one digit, last group",-2.751292910328914e-10,53,-7.75292150072572e-11
01051009081,010-5100-9081,"one digit, last group",-2.751292910328914e-10,54,1.7116154539503007e-11
01051009081,010-5100-9081,"one digit, last group",-2.751292910328914e-10,55,-9.946406930638294e-11
01051009081,010-5100-9081,"one digit, last group",-2.751292910328914e-10,56,-8.848664140290028e-11
01051009081,010-5100-9081,"one digit, last group",-2.751292910328914e-10,57,9.381023873983112e-12
01051009081,010-5100-9081,"one digit, last group",-2.751292910328914e-10,58,-3.327688808664519e-11
01051009081,010-5100-9081,"one digit, last group",-2.751292910328914e-10,59,4.742712207184399e-11
01051009081,010-5100-9081,"one digit, last group",-2.751292910328914e-10,60,2.4440930633619136e-11
01051009081,010-5100-9081,"one digit, last group",-2.751292910328914e-10,61,9.930673915698087e-11
01051009081,010-5100-9081,"one digit, last group",-2.751292910328914e-10,62,7.727982690434336e-11
01051009081,010-5100-9081,"one digit, last group",-2.751292910328914e-10,63,-3.5531017422553637e-10
01051009081,010-5100-9081,"one digit, last group",-2.751292910328914e-10,64,-2.4862334828634947e-11
01051009081,010-5100-9081,"one digit, last group",-2.751292910328914e-10,65,-2.4316635825624125e-10
01051009081,010-5100-9081,"one digit, last group",-2.751292910328914e-10,66,8.288603645651476e-11
01051009081,010-5100-9081,"one digit, last group",-2.751292910328914e-10,67,-1.798693487467985e-11
01051009081,010-5100-9081,"one digit, last group",-2.751292910328914e-10,68,-9.249158452787804e-11
01051009081,010-5100-9081,"one digit, last group",-2.751292910328914e-10,69,4.146085926302832e-10
01051009081,010-5100-9081,"one digit, last group",-2.751292910328914e-10,70,8.220106056945952e-12
01051009081,010-5100-9081,"one digit, last group",-2.751292910328914e-10,71,-1.5938337546433475e-10
01051009081,010-5100-9081,"one digit, last group",-2.751292910328914e-10,72,1.46528319745521e-11
01051009081,010-5100-9081,"one digit, last group",-2.751292910328914e-10,73,-9.697041770879127e-11
01051009081,010-5100-9081,"one digit, last group",-2.751292910328914e-10,74,7.37318207962554e-11
01051009081,010-5100-9081,"one digit, last group",-2.751292910328914e-10,75,8.502918353713083e-11
01051009081,010-5100-9081,"one digit, last group",-2.751292910328914e-10,76,8.389430987290263e-11
01051009081,010-5100-9081,"one digit, last group",-2.751292910328914e-10,77,-2.7723722204923074e-12
01051009081,010-5100-9081,"one digit, last group",-2.751292910328914e-10,78,1.5592062708899227e-10
01051009081,010-5100-9081,"one digit, last group",-2.751292910328914e-10,79,-1.824017366755151e-10
01051009081,010-5100-9081,"one digit, last group",-2.751292910328914e-10,80,-5.031213422771775e-12
01051009081,010-5100-9081,"one digit, last group",-2.751292910328914e-10,81,-1.3350355477803753e-10
01051009081,010-5100-9081,"one digit, last group",-2.751292910328914e-10,82,-1.7921476562591632e-10
01051009081,010-5100-9081,"one digit, last group",-2.751292910328914e-10,83,1.3213856290891603e-11
01051009081,010-5100-9081,"one digit, last group",-2.751292910328914e-10,84,5.593473674901745e-11
01051009081,010-5100-9081,"one digit, last group",-2.751292910328914e-10,85,2.1590186887170976e-11
01051009081,010-5100-9081,"one digit, last group",-2.751292910328914e-10,86,4.759656152646003e-10
01051009081,010-5100-9081,"one digit, last group",-2.751292910328914e-10,87,-4.316370268078681e-11
01051009081,010-5100-9081,"one digit, last group",-2.751292910328914e-10,88,-2.0213756578405033e-11
01051009081,010-5100-9081,"one digit, last group",-2.751292910328914e-10,89,1.4028735935381668e-10
01051009081,010-5100-9081,"one digit, last group",-2.751292910328914e-10,90,6.356912183109183e-11
01051009081,010-5100-9081,"one digit, last group",-2.751292910328914e-10,91,-1.812198920385875e-10
01051009081,010-5100-9081,"one digit, last group",-2.751292910328914e-10,92,2.2378045297811926e-10
01051009081,010-5100-9081,"one digit, last group",-2.751292910328914e-10,93,-6.970307668113537e-11
01051009081,010-5100-9081,"one digit, last group",-2.751292910328914e-10,94,-2.139842629172854e-11
01051009081,010-5100-9081,"one digit, last group",-2.751292910328914e-10,95,1.4866508530852342e-10
01051009081,010-5100-9081,"one digit, last group",-2.751292910328914e-10,96,-1.9692861116471732e-10
01051009081,010-5100-9081,"one digit, last group",-2.751292910328914e-10,97,3.935349652713513e-11
01051009081,010-5100-9081,"one digit, last group",-2.751292910328914e-10,98,2.7156051317220176e-10
01051009081,010-5100-9081,"one digit, last group",-2.751292910328914e-10,99,1.699820586940634e-11
01051009081,010-5100-9081,"one digit, last group",-2.751292910328914e-10,100,9.596733206639331e-11
01051009081,010-5100-9081,"one digit, last group",-2.751292910328914e-10,101,-7.191622036367922e-12
01051009081,010-5100-9081,"one digit, last group",-2.751292910328914e-10,102,6.471201924392638e-10
01051009081,010-5100-9081,"one digit, last group",-2.751292910328914e-10,103,-2.682859870323219e-10
01051009081,010-5100-9081,"one digit, last group",-2.751292910328914e-10,104,-8.643127295732942e-11
01051009081,010-5100-9081,"one digit, last group",-2.751292910328914e-10,105,-1.0663789310607309e-10
01051009081,010-5100-9081,"one digit, last group",-2.751292910328914e-10,106,5.1262423185240295e-11
01051009081,010-5100-9081,"one digit, last group",-2.751292910328914e-10,107,-7.680228803680756e-11
01051009081,010-5100-9081,"one digit, last group",-2.751292910328914e-10,108,3.308176119627558e-11
01051009081,010-5100-9081,"one digit, last group",-2.751292910328914e-10,109,-4.671791178153253e-11
01051009081,010-5100-9081,"one digit, last group",-2.751292910328914e-10,110,2.6158796937686236e-11
01051009081,010-5100-9081,"one digit, last group",-2.751292910328914e-10,111,2.43170928316472e-10
01051009081,010-5100-9081,"one digit, last group",-2.751292910328914e-10,112,-1.294846934069884e-10
01051009081,010-5100-9081,"one digit, last group",-2.751292910328914e-10,113,-1.0723119475591413e-12
01051009081,010-5100-9081,"one digit, last group",-2.751292910328914e-10,114,9.689451913353158e-11
01051009081,010-5100-9081,"one digit, last group",-2.751292910328914e-10,115,1.9637787972562767e-12
01051009081,010-5100-9081,"one digit, last group",-2.751292910328914e-10,116,1.578330916640417e-11
01051009081,010-5100-9081,"one digit, last group",-2.751292910328914e-10,117,-1.5711324492138103e-10
01051009081,010-5100-9081,"one digit, last group",-2.751292910328914e-10,118,-2.5120939766353873e-10
01051009081,010-5100-9081,"one digit, last group",-2.751292910328914e-10,119,4.834191817211543e-10
01051009081,010-5100-9081,"one digit, last group",-2.751292910328914e-10,120,9.696167217513539e-11
01051009081,010-5100-9081,"one digit, last group",-2.751292910328914e-10,121,1.8952291682430237e-10
01051009081,010-5100-9081,"one digit, last group",-2.751292910328914e-10,122,3.0073790752191416e-10
01051009081,010-5100-9081,"one digit, last group",-2.751292910328914e-10,123,-7.887822258372821e-11
01051009081,010-5100-9081,"one digit, last group",-2.751292910328914e-10,124,7.612456278783647e-10
01051009081,010-5100-9081,"one digit, last group",-2.751292910328914e-10,125,1.018734851897408e-10
01051009081,010-5100-9081,"one digit, last group",-2.751292910328914e-10,126,-7.320677251329118e-11
01051009081,010-5100-9081,"one digit, last group",-2.751292910328914e-10,127,2.7489342407948345e-10
01051009081,010-5100-9081,"one digit, last group",-2.751292910328914e-10,128,3.13550361233021e-11
01051009081,010-5100-9081,"one digit, last group",-2.751292910328914e-10,129,1.2022241713969612e-10
01051009081,010-5100-9081,"one digit, last group",-2.751292910328914e-10,130,2.085543902396797e-12
01051009081,010-5100-9081,"one digit, last group",-2.751292910328914e-10,131,1.5095677828518e-11
01051009081,010-5100-9081,"one digit, last group",-2.751292910328914e-10,132,-5.414845692455367e-11
01051009081,010-5100-9081,"one digit, last group",-2.751292910328914e-10,133,3.0241291165901353e-10
01051009081,010-5100-9081,"one digit, last group",-2.751292910328914e-10,134,-7.734615141174341e-11
01051009081,010-5100-9081,"one digit, last group",-2.751292910328914e-10,135,-2.3176102793843453e-11
01051009081,010-5100-9081,"one digit, last group",-2.751292910328914e-10,136,4.4035312643064314e-12
01051009081,010-5100-9081,"one digit, last group",-2.751292910328914e-10,137,-1.672779224970931e-10
01051009081,010-5100-9081,"one digit, last group",-2.751292910328914e-10,138,-5.639779055433259e-11
01051009081,010-5100-9081,"one digit, last group",-2.751292910328914e-10,139,1.6160273211927473e-10
01051009081,010-5100-9081,"one digit, last group",-2.751292910328914e-10,140,1.3756585401190498e-10
01051009081,010-5100-9081,"one digit, last group",-2.751292910328914e-10,141,-9.016762574605272e-11
01051009081,010-5100-9081,"one digit, last group",-2.751292910328914e-10,142,-1.987964700648136e-10
01051009081,010-5100-9081,"one digit, last group",-2.751292910328914e-10,143,-5.5886771421841185e-11
01051009081,010-5100-9081,"one digit, last group",-2.751292910328914e-10,144,1.1439137793654982e-10
01051009081,010-5100-9081,"one digit, last group",-2.751292910328914e-10,145,1.1164285746830115e-10
01051009081,010-5100-9081,"one digit, last group",-2.751292910328914e-10,146,-8.595183086102146e-11
01051009081,010-5100-9081,"one digit, last group",-2.751292910328914e-10,147,-1.8171593386298977e-11
01051009081,010-5100-9081,"one digit, last group",-2.751292910328914e-10,148,2.4225435768350918e-11
01051009081,010-5100-9081,"one digit, last group",-2.751292910328914e-10,149,1.0110101071659713e-10
01051009081,010-5100-9081,"one digit, last group",-2.751292910328914e-10,150,4.00954083693947e-11
01051009081,010-5100-9081,"one digit, last group",-2.751292910328914e-10,151,9.624390777631255e-12
01051009081,010-5100-9081,"one digit, last group",-2.751292910328914e-10,152,4.702325823467851e-10
01051009081,010-5100-9081,"one digit, last group",-2.751292910328914e-10,153,7.768132555516907e-11
01051009081,010-5100-9081,"one digit, last group",-2.751292910328914e-10,154,-6.479961566936528e-11
01051009081,010-5100-9081,"one digit, last group",-2.751292910328914e-10,155,2.7838149427863447e-10
01051009081,010-5100-9081,"one digit, last group",-2.751292910328914e-10,156,-1.1142655019593803e-11
01051009081,010-5100-9081,"one digit, last group",-2.751292910328914e-10,157,2.5812136718662696e-11
01051009081,010-5100-9081,"one digit, last group",-2.751292910328914e-10,158,-2.4696275624796534e-10
01051009081,010-5100-9081,"one digit, last group",-2.751292910328914e-10,159,6.072489834925533e-11
01051009081,010-5100-9081,"one digit, last group",-2.751292910328914e-10,160,1.955448863203929e-10
01051009081,010-5100-9081,"one digit, last group",-2.751292910328914e-10,161,2.972108195960808e-11
01051009081,010-5100-9081,"one digit, last group",-2.751292910328914e-10,162,-3.6309475538788347e-12
01051009081,010-5100-9081,"one digit, last group",-2.751292910328914e-10,163,-5.28003728378779e-11
01051009081,010-5100-9081,"one digit, last group",-2.751292910328914e-10,164,-5.3306713543161484e-11
01051009081,010-5100-9081,"one digit, last group",-2.751292910328914e-10,165,1.8107150800602538e-10
01051009081,010-5100-9081,"one digit, last group",-2.751292910328914e-10,166,2.4270622996554888e-11
01051009081,010-5100-9081,"one digit, last group",-2.751292910328914e-10,167,4.620446226571927e-11
01051009081,010-5100-9081,"one digit, last group",-2.751292910328914e-10,168,-1.5269833809489955e-10
01051009081,010-5100-9081,"one digit, last group",-2.751292910328914e-10,169,-6.437746623743409e-13
01051009081,010-5100-9081,"one digit, last group",-2.751292910328914e-10,170,4.885321428501445e-11
01051009081,010-5100-9081,"one digit, last group",-2.751292910328914e-10,171,1.19329175547015e-10
01051009081,010-5100-9081,"one digit, last group",-2.751292910328914e-10,172,6.397911893406882e-11
01051009081,010-5100-9081,"one digit, last group",-2.751292910328914e-10,173,2.6443012443885145e-11
01051009081,010-5100-9081,"one digit, last group",-2.751292910328914e-10,174,5.50666710652683e-11
01051009081,010-5100-9081,"one digit, last group",-2.751292910328914e-10,175,1.1009331940733092e-10
01051009081,010-5100-9081,"one digit, last group",-2.751292910328914e-10,176,-1.0597464148343008e-11
01051009081,010-5100-9081,"one digit, last group",-2.751292910328914e-10,177,-1.8582855775801359e-10
01051009081,010-5100-9081,"one digit, last group",-2.751292910328914e-10,178,-4.961244319224843e-11
01051009081,010-5100-9081,"one digit, last group",-2.751292910328914e-10,179,1.5917893294417708e-10
01051009081,010-5100-9081,"one digit, last group",-2.751292910328914e-10,180,4.145502807636317e-11
01051009081,010-5100-9081,"one digit, last group",-2.751292910328914e-10,181,3.943814916652779e-09
01051009081,010-5100-9081,"one digit, last group",-2.751292910328914e-10,182,-4.816696762175792e-09
01051009081,010-5100-9081,"one digit, last group",-2.751292910328914e-10,183,2.9195032625474844e-09
01051009081,010-5100-9081,"one digit, last group",-2.751292910328914e-10,184,-2.647666980611243e-11
01051009081,010-5100-9081,"one digit, last group",-2.751292910328914e-10,185,-9.712096839905047e-11
01051009081,010-5100-9081,"one digit, last group",-2.751292910328914e-10,186,1.7236701580263256e-10
01051009081,010-5100-9081,"one digit, last group",-2.751292910328914e-10,187,-6.998393913395084e-11
01051009081,010-5100-9081,"one digit, last group",-2.751292910328914e-10,188,-1.6435014192122366e-11
01051009081,010-5100-9081,"one digit, last group",-2.751292910328914e-10,189,3.5937998355684305e-11
01051009081,010-5100-9081,"one digit, last group",-2.751292910328914e-10,190,-1.1057111480729737e-12
01051009081,010-5100-9081,"one digit, last group",-2.751292910328914e-10,191,2.1233707262877244e-11
01051009081,010-5100-9081,"one digit, last group",-2.751292910328914e-10,192,8.619336725440567e-12
01051009081,010-5100-9081,"one digit, last group",-2.751292910328914e-10,193,2.2365778437186405e-10
01051009081,010-5100-9081,"one digit, last group",-2.751292910328914e-10,194,-3.98458133790892e-11
01051009081,010-5100-9081,"one digit, last group",-2.751292910328914e-10,195,-5.34777395935618e-10
01051009081,010-5100-9081,"one digit, last group",-2.751292910328914e-10,196,1.4040809896528902e-10
01051009081,010-5100-9081,"one digit, last group",-2.751292910328914e-10,197,2.4418898549508496e-10
01051009081,010-5100-9081,"one digit, last group",-2.751292910328914e-10,198,8.726820850097162e-11
01051009081,010-5100-9081,"one digit, last group",-2.751292910328914e-10,199,6.236570515200243e-10
01051009081,010-5100-9081,"one digit, last group",-2.751292910328914e-10,200,2.155698353901285e-11
01051009081,010-5100-9081,"one digit, last group",-2.751292910328914e-10,201,1.9809671038369045e-11
01051009081,010-5100-9081,"one digit, last group",-2.751292910328914e-10,202,-7.115152929932696e-10
01051009081,010-5100-9081,"one digit, last group",-2.751292910328914e-10,203,-5.5693968181472415e-12
01052001582,010-5200-1582,original,0.9999999998879394,0,3.1353258612532227e-11
01052001582,010-5200-1582,original,0.9999999998879394,1,8.05228793467253e-11
01052001582,010-5200-1582,original,0.9999999998879394,2,-2.7638446326718925e-11
01052001582,010-5200-1582,original,0.9999999998879394,3,5.71319526496314e-11
01052001582,010-5200-1582,original,0.9999999998879394,4,2.0565268047882513e-10
01052001582,010-5200-1582,original,0.9999999998879394,5,-5.1770232717964076e-11
01052001582,010-5200-1582,original,0.9999999998879394,6,-7.16052697812013e-11
01052001582,010-5200-1582,original,0.9999999998879394,7,-1.494846927792355e-10
01052001582,010-5200-1582,original,0.9999999998879394,8,9.116366831549767e-12
01052001582,010-5200-1582,original,0.9999999998879394,9,-8.190781898663397e-11
01052001582,010-5200-1582,original,0.9999999998879394,10,1.1650112846083135e-11
01052001582,010-5200-1582,original,0.9999999998879394,11,7.276721605350011e-12
01052001582,010-5200-1582,original,0.9999999998879394,12,4.0031802012649875e-10
01052001582,010-5200-1582,original,0.9999999998879394,13,-1.1412832542097585e-10
01052001582,010-5200-1582,original,0.9999999998879394,14,-9.170909567582366e-12
01052001582,010-5200-1582,original,0.9999999998879394,15,4.0985816514024315e-11
01052001582,010-5200-1582,original,0.9999999998879394,16,6.724681762501226e-11
01052001582,010-5200-1582,original,0.9999999998879394,17,3.0251252156811305e-10
01052001582,010-5200-1582,original,0.9999999998879394,18,4.0708587850585203e-13
01052001582,010-5200-1582,original,0.9999999998879394,19,-6.2539952707121e-11
01052001582,010-5200-1582,original,0.9999999998879394,20,5.2310846934810474e-11
01052001582,010-5200-1582,original,0.9999999998879394,21,6.79209180051299e-11
01052001582,010-5200-1582,original,0.9999999998879394,22,5.061987097113947e-12
01052001582,010-5200-1582,original,0.9999999998879394,23,2.5521515828706724e-11
01052001582,010-5200-1582,original,0.9999999998879394,24,8.018770936212959e-11
01052001582,010-5200-1582,original,0.9999999998879394,25,-1.21237517236535e-10
01052001582,010-5200-1582,original,0.9999999998879394,26,4.096357617692491e-10
01052001582,010-5200-1582,original,0.9999999998879394,27,-6.312829164021913e-11
01052001582,010-5200-1582,original,0.9999999998879394,28,-2.8917752827559303e-11
01052001582,010-5200-1582,original,0.9999999998879394,29,-3.6708788487858117e-11
01052001582,010-5200-1582,original,0.9999999998879394,30,-4.0532739767628204e-10
01052001582,010-5200-1582,original,0.9999999998879394,31,7.65979252585527e-12
01052001582,010-5200-1582,original,0.9999999998879394,32,-1.7934590030995798e-10
01052001582,010-5200-1582,original,0.9999999998879394,33,1.114003480726048e-10
01052001582,010-5200-1582,original,0.9999999998879394,34,-2.258272678380645e-11
01052001582,010-5200-1582,original,0.9999999998879394,35,-3.318784953602323e-11
01052001582,010-5200-1582,original,0.9999999998879394,36,5.468166356354538e-11
01052001582,010-5200-1582,original,0.9999999998879394,37,-3.4766561373933596e-10
01052001582,010-5200-1582,original,0.9999999998879394,38,7.958919604042814e-11
01052001582,010-5200-1582,original,0.9999999998879394,39,-1.7618347076722807e-10
01052001582,010-5200-1582,original,0.9999999998879394,40,2.6916471346863793e-11
01052001582,010-5200-1582,original,0.9999999998879394,41,2.6083216340600972e-11
01052001582,010-5200-1582,original,0.9999999998879394,42,-3.709327333223596e-11
01052001582,010-5200-1582,original,0.9999999998879394,43,2.4587105029250776e-11
01052001582,010-5200-1582,original,0.9999999998879394,44,-1.5155596679378313e-11
01052001582,010-5200-1582,original,0.9999999998879394,45,1.8178221969076616e-10
01052001582,010-5200-1582,original,0.9999999998879394,46,1.962838507873782e-10
01052001582,010-5200-1582,original,0.9999999998879394,47,-2.3228246398144068e-11
01052001582,010-5200-1582,original,0.9999999998879394,48,-3.33493437127386e-11
01052001582,010-5200-1582,original,0.9999999998879394,49,-2.9673393737641175e-10
01052001582,010-5200-1582,original,0.9999999998879394,50,3.436812129216755e-10
01052001582,010-5200-1582,original,0.9999999998879394,51,-1.1760626851370737e-11
01052001582,010-5200-1582,original,0.9999999998879394,52,-1.3652823256786909e-10
01052001582,010-5200-1582,original,0.9999999998879394,53,3.9338826680407776e-11
01052001582,010-5200-1582,original,0.9999999998879394,54,-4.7461954447481964e-11
01052001582,010-5200-1582,original,0.9999999998879394,55,2.219536911424987e-14
01052001582,010-5200-1582,original,0.9999999998879394,56,1.0410279662184676e-10
01052001582,010-5200-1582,original,0.9999999998879394,57,-2.9963385312379836e-11
01052001582,010-5200-1582,original,0.9999999998879394,58,-5.583651869460831e-12
01052001582,010-5200-1582,original,0.9999999998879394,59,9.467736064220372e-11
01052001582,010-5200-1582,original,0.9999999998879394,60,-2.3258636396276996e-11
01052001582,010-5200-1582,original,0.9999999998879394,61,-1.306157436095088e-10
01052001582,010-5200-1582,original,0.9999999998879394,62,1.346529594235972e-11
01052001582,010-5200-1582,original,0.9999999998879394,63,-3.4887624430776464e-11
01052001582,010-5200-1582,original,0.9999999998879394,64,3.533436751964019e-10
01052001582,010-5200-1582,original,0.9999999998879394,65,-2.5472847540327034e-10
01052001582,010-5200-1582,original,0.9999999998879394,66,1.2225577843527953e-10
01052001582,010-5200-1582,original,0.9999999998879394,67,-6.383561591896043e-11
01052001582,010-5200-1582,original,0.9999999998879394,68,-5.6292741960951866e-11
01052001582,010-5200-1582,original,0.9999999998879394,69,-1.6438811672967945e-10
01052001582,010-5200-1582,original,0.9999999998879394,70,-1.1635583689173008e-11
01052001582,010-5200-1582,original,0.9999999998879394,71,5.926246630212911e-11
01052001582,010-5200-1582,original,0.9999999998879394,72,-1.774947142076098e-11
01052001582,010-5200-1582,original,0.9999999998879394,73,4.951002855836534e-11
01052001582,010-5200-1582,original,0.9999999998879394,74,-1.0747545367334508e-10
01052001582,010-5200-1582,original,0.9999999998879394,75,6.963623984022017e-12
01052001582,010-5200-1582,original,0.9999999998879394,76,-1.7925726354279735e-10
01052001582,010-5200-1582,original,0.9999999998879394,77,-1.0185694493795206e-10
01052001582,010-5200-1582,original,0.9999999998879394,78,1.9681397068892194e-10
01052001582,010-5200-1582,original,0.9999999998879394,79,2.1036653775445063e-10
01052001582,010-5200-1582,original,0.9999999998879394,80,-6.246456513297412e-11
01052001582,010-5200-1582,original,0.9999999998879394,81,1.3937651882050152e-10
01052001582,010-5200-1582,original,0.9999999998879394,82,-4.123458523346062e-10
01052001582,010-5200-1582,original,0.9999999998879394,83,-2.8762177936369086e-11
01052001582,010-5200-1582,original,0.9999999998879394,84,-1.2339541809139223e-10
01052001582,010-5200-1582,original,0.9999999998879394,85,-5.292231910567673e-12
01052001582,010-5200-1582,original,0.9999999998879394,86,-2.8247435605612944e-10
01052001582,010-5200-1582,original,0.9999999998879394,87,1.0852664369141054e-10
01052001582,010-5200-1582,original,0.9999999998879394,88,-3.1487295019525146e-10
01052001582,010-5200-1582,original,0.9999999998879394,89,1.8708842349482414e-10
01052001582,010-5200-1582,original,0.9999999998879394,90,2.8817504585314052e-11
01052001582,010-5200-1582,original,0.9999999998879394,91,6.800624134047391e-11
01052001582,010-5200-1582,original,0.9999999998879394,92,-1.69990362858487e-10
01052001582,010-5200-1582,original,0.9999999998879394,93,7.941956442145902e-11
01052001582,010-5200-1582,original,0.9999999998879394,94,1.0303200598994589e-10
01052001582,010-5200-1582,original,0.9999999998879394,95,-1.9111220012702278e-11
01052001582,010-5200-1582,original,0.9999999998879394,96,-2.54774504106689e-10
01052001582,010-5200-1582,original,0.9999999998879394,97,-2.1541080674952407e-11
01052001582,010-5200-1582,original,0.9999999998879394,98,1.213389219710535e-10
01052001582,010-5200-1582,original,0.9999999998879394,99,-6.252742055448169e-11
01052001582,010-5200-1582,original,0.9999999998879394,100,5.871158784753516e-11
01052001582,010-5200-1582,original,0.9999999998879394,101,8.135214761252926e-11
01052001582,010-5200-1582,original,0.9999999998879394,102,-8.125112660861184e-11
01052001582,010-5200-1582,original,0.9999999998879394,103,-4.374559979113412e-11
01052001582,010-5200-1582,original,0.9999999998879394,104,-9.857543628301342e-11
01052001582,010-5200-1582,original,0.9999999998879394,105,-5.166595278586704e-11
01052001582,010-5200-1582,original,0.9999999998879394,106,5.118038444764311e-11
01052001582,010-5200-1582,original,0.9999999998879394,107,-8.099491092673064e-13
01052001582,010-5200-1582,original,0.9999999998879394,108,2.8000587859072277e-11
01052001582,010-5200-1582,original,0.9999999998879394,109,2.337162871111955e-11
01052001582,010-5200-1582,original,0.9999999998879394,110,5.768069293393994e-11
01052001582,010-5200-1582,original,0.9999999998879394,111,-1.7825142434814522e-10
01052001582,010-5200-1582,original,0.9999999998879394,112,-2.1361122158421264e-10
01052001582,010-5200-1582,original,0.9999999998879394,113,-2.1351252436832332e-11
01052001582,010-5200-1582,original,0.9999999998879394,114,1.8721220188442104e-11
01052001582,010-5200-1582,original,0.9999999998879394,115,6.483997248028207e-12
01052001582,010-5200-1582,original,0.9999999998879394,116,1.745258662676354e-10
01052001582,010-5200-1582,original,0.9999999998879394,117,1.8175030324218664e-10
01052001582,010-5200-1582,original,0.9999999998879394,118,3.4014224191181954e-11
01052001582,010-5200-1582,original,0.9999999998879394,119,1.8636191309108507e-11
01052001582,010-5200-1582,original,0.9999999998879394,120,3.992490094809971e-11
01052001582,010-5200-1582,original,0.9999999998879394,121,-3.256783571340767e-10
01052001582,010-5200-1582,original,0.9999999998879394,122,-1.668123302947398e-11
01052001582,010-5200-1582,original,0.9999999998879394,123,-8.81697740007185e-11
01052001582,010-5200-1582,original,0.9999999998879394,124,2.814888179553338e-10
01052001582,010-5200-1582,original,0.9999999998879394,125,-3.6707302401217387e-10
01052001582,010-5200-1582,original,0.9999999998879394,126,-1.0103501041498843e-10
01052001582,010-5200-1582,original,0.9999999998879394,127,-9.521067661055001e-11
01052001582,010-5200-1582,original,0.9999999998879394,128,5.627229139928392e-11
01052001582,010-5200-1582,original,0.9999999998879394,129,-1.703606748255038e-10
01052001582,010-5200-1582,original,0.9999999998879394,130,1.417490298059463e-10
01052001582,010-5200-1582,original,0.9999999998879394,131,3.7681550017890413e-11
01052001582,010-5200-1582,original,0.9999999998879394,132,-5.364349503931604e-13
01052001582,010-5200-1582,original,0.9999999998879394,133,5.688657455817694e-11
01052001582,010-5200-1582,original,0.9999999998879394,134,-3.839550950854961e-11
01052001582,010-5200-1582,original,0.9999999998879394,135,-7.306314992943554e-11
01052001582,010-5200-1582,original,0.9999999998879394,136,5.6007373098064534e-12
01052001582,010-5200-1582,original,0.9999999998879394,137,7.631781466694548e-11
01052001582,010-5200-1582,original,0.9999999998879394,138,-2.6710974082966603e-10
01052001582,010-5200-1582,original,0.9999999998879394,139,2.4021281226937635e-11
01052001582,010-5200-1582,original,0.9999999998879394,140,-5.640768524368523e-11
01052001582,010-5200-1582,original,0.9999999998879394,141,-2.2556958175336784e-10
01052001582,010-5200-1582,original,0.9999999998879394,142,6.721486175837688e-12
01052001582,010-5200-1582,original,0.9999999998879394,143,-1.0028958552412956e-10
01052001582,010-5200-1582,original,0.9999999998879394,144,1.243041500801645e-10
01052001582,010-5200-1582,original,0.9999999998879394,145,-3.074719036988621e-11
01052001582,010-5200-1582,original,0.9999999998879394,146,-5.7185050315796785e-11
01052001582,010-5200-1582,original,0.9999999998879394,147,-1.6626217495610083e-10
01052001582,010-5200-1582,original,0.9999999998879394,148,8.692526728991886e-11
01052001582,010-5200-1582,original,0.9999999998879394,149,4.0469326703338714e-11
01052001582,010-5200-1582,original,0.9999999998879394,150,-2.4931522094385377e-11
01052001582,010-5200-1582,original,0.9999999998879394,151,5.315240536469989e-11
01052001582,010-5200-1582,original,0.9999999998879394,152,-1.1041491331334149e-10
01052001582,010-5200-1582,original,0.9999999998879394,153,-8.542229959800817e-12
01052001582,010-5200-1582,original,0.9999999998879394,154,1.8032496524727096e-11
01052001582,010-5200-1582,original,0.9999999998879394,155,2.560949102572017e-10
01052001582,010-5200-1582,original,0.9999999998879394,156,8.878871662021362e-11
01052001582,010-5200-1582,original,0.9999999998879394,157,9.722738091452685e-12
01052001582,010-5200-1582,original,0.9999999998879394,158,-3.599539506007551e-11
01052001582,010-5200-1582,original,0.9999999998879394,159,-3.436688894934523e-11
01052001582,010-5200-1582,original,0.9999999998879394,160,2.5341007665872174e-10
01052001582,010-5200-1582,original,0.9999999998879394,161,-1.2200485687981298e-11
01052001582,010-5200-1582,original,0.9999999998879394,162,-1.2243326800038563e-11
01052001582,010-5200-1582,original,0.9999999998879394,163,-4.5949681068572365e-11
01052001582,010-5200-1582,original,0.9999999998879394,164,2.847258221464351e-10
01052001582,010-5200-1582,original,0.9999999998879394,165,1.814977806508873e-10
01052001582,010-5200-1582,original,0.9999999998879394,166,7.081256187744738e-11
01052001582,010-5200-1582,original,0.9999999998879394,167,-1.5510373207318785e-10
01052001582,010-5200-1582,original,0.9999999998879394,168,-1.7183157306789694e-10
01052001582,010-5200-1582,original,0.9999999998879394,169,-2.5071598315685314e-11
01052001582,010-5200-1582,original,0.9999999998879394,170,9.900674711093105e-11
01052001582,010-5200-1582,original,0.9999999998879394,171,0.9999996894095422
01052001582,010-5200-1582,original,0.9999999998879394,172,0.9999996849873078
01052001582,010-5200-1582,original,0.9999999998879394,173,-7.629787644603494e-11
01052001582,010-5200-1582,original,0.9999999998879394,174,1.736308402471727e-11
01052001582,010-5200-1582,original,0.9999999998879394,175,2.51830077351633e-11
01052001582,010-5200-1582,original,0.9999999998879394,176,6.591082038860209e-11
01052001582,010-5200-1582,original,0.9999999998879394,177,-1.4059395164852316e-10
01052001582,010-5200-1582,original,0.9999999998879394,178,-2.9007718734799665e-10
01052001582,010-5200-1582,original,0.9999999998879394,179,-2.3801495665089884e-10
01052001582,010-5200-1582,original,0.9999999998879394,180,1.240709436959297e-10
01052001582,010-5200-1582,original,0.9999999998879394,181,5.629605855536203e-10
01052001582,010-5200-1582,original,0.9999999998879394,182,-6.172070750560391e-11
01052001582,010-5200-1582,original,0.9999999998879394,183,1.3948214043632088e-10
01052001582,010-5200-1582,original,0.9999999998879394,184,-1.7111012965761692e-12
01052001582,010-5200-1582,original,0.9999999998879394,185,-1.2210431577791279e-11
01052001582,010-5200-1582,original,0.9999999998879394,186,1.1067429371004863e-10
01052001582,010-5200-1582,original,0.9999999998879394,187,-5.775258471459469e-11
01052001582,010-5200-1582,original,0.9999999998879394,188,-1.8604935632395568e-10
01052001582,010-5200-1582,original,0.9999999998879394,189,-4.108132601955811e-12
01052001582,010-5200-1582,original,0.9999999998879394,190,1.2497305981074063e-10
01052001582,010-5200-1582,original,0.9999999998879394,191,7.450832285573998e-11
01052001582,010-5200-1582,original,0.9999999998879394,192,1.1170784324251762e-11
01052001582,010-5200-1582,original,0.9999999998879394,193,4.570621920970048e-11
01052001582,010-5200-1582,original,0.9999999998879394,194,-4.198349081775036e-12
01052001582,010-5200-1582,original,0.9999999998879394,195,-3.5471920561227916e-10
01052001582,010-5200-1582,original,0.9999999998879394,196,5.3152848197871356e-12
01052001582,010-5200-1582,original,0.9999999998879394,197,2.4576773486848926e-10
01052001582,010-5200-1582,original,0.9999999998879394,198,-1.012857434080103e-10
01052001582,010-5200-1582,original,0.9999999998879394,199,3.182211110068265e-10
01052001582,010-5200-1582,original,0.9999999998879394,200,6.992688460814061e-11
01052001582,010-5200-1582,original,0.9999999998879394,201,-2.4349199714246104e-11
01052001582,010-5200-1582,original,0.9999999998879394,202,-3.544510071752406e-10
01052001582,010-5200-1582,original,0.9999999998879394,203,-5.5113536474291485e-12
01052001583,010-5200-1583,"one digit, last group",-1.972158402714847e-10,0,-4.9585167729563996e-11
01052001583,010-5200-1583,"one digit, last group",-1.972158402714847e-10,1,-4.9400755005809084e-11
01052001583,010-5200-1583,"one digit, last group",-1.972158402714847e-10,2,-1.7480833184339197e-10
01052001583,010-5200-1583,"one digit, last group",-1.972158402714847e-10,3,2.692672620880957e-11
01052001583,010-5200-1583,"one digit, last group",-1.972158402714847e-10,4,1.3421077788405308e-10
01052001583,010-5200-1583,"one digit, last group",-1.972158402714847e-10,5,-4.1097416538028214e-10
01052001583,010-5200-1583,"one digit, last group",-1.972158402714847e-10,6,-1.4578271028395178e-11
01052001583,010-5200-1583,"one digit, last group",-1.972158402714847e-10,7,-6.750935456335077e-12
01052001583,010-5200-1583,"one digit, last group",-1.972158402714847e-10,8,-1.60524984434121e-10
01052001583,010-5200-1583,"one digit, last group",-1.972158402714847e-10,9,4.9831514478414285e-11
01052001583,010-5200-1583,"one digit, last group",-1.972158402714847e-10,10,-2.4943889427062296e-11
01052001583,010-5200-1583,"one digit, last group",-1.972158402714847e-10,11,-7.498249989678012e-11
01052001583,010-5200-1583,"one digit, last group",-1.972158402714847e-10,12,-2.5979420221169834e-10
01052001583,010-5200-1583,"one digit, last group",-1.972158402714847e-10,13,2.190173529639715e-11
01052001583,010-5200-1583,"one digit, last group",-1.972158402714847e-10,14,-2.8025891773545684e-11
01052001583,010-5200-1583,"one digit, last group",-1.972158402714847e-10,15,1.3630517899900915e-10
01052001583,010-5200-1583,"one digit, last group",-1.972158402714847e-10,16,3.805625318933923e-10
01052001583,010-5200-1583,"one digit, last group",-1.972158402714847e-10,17,-4.274835470475686e-12
01052001583,010-5200-1583,"one digit, last group",-1.972158402714847e-10,18,-1.6726512154745103e-11
01052001583,010-5200-1583,"one digit, last group",-1.972158402714847e-10,19,-7.736109726499801e-11
01052001583,010-5200-1583,"one digit, last group",-1.972158402714847e-10,20,1.4640968956879675e-10
01052001583,010-5200-1583,"one digit, last group",-1.972158402714847e-10,21,7.082006402183062e-11
01052001583,010-5200-1583,"one digit, last group",-1.972158402714847e-10,22,2.538331501930421e-10
01052001583,010-5200-1583,"one digit, last group",-1.972158402714847e-10,23,-7.322349759891658e-11
01052001583,010-5200-1583,"one digit, last group",-1.972158402714847e-10,24,3.7772380235838083e-10
01052001583,010-5200-1583,"one digit, last group",-1.972158402714847e-10,25,1.0252876474056383e-10
01052001583,010-5200-1583,"one digit, last group",-1.972158402714847e-10,26,-1.4886936794057414e-11
01052001583,010-5200-1583,"one digit, last group",-1.972158402714847e-10,27,-5.859451746392949e-11
01052001583,010-5200-1583,"one digit, last group",-1.972158402714847e-10,28,5.342618388354442e-10
01052001583,010-5200-1583,"one digit, last group",-1.972158402714847e-10,29,-2.4321019044916954e-11
01052001583,010-5200-1583,"one digit, last group",-1.972158402714847e-10,30,2.7801887556582245e-10
01052001583,010-5200-1583,"one digit, last group",-1.972158402714847e-10,31,-1.1334546027171205e-10
01052001583,010-5200-1583,"one digit, last group",-1.972158402714847e-10,32,2.3640370391190423e-10
01052001583,010-5200-1583,"one digit, last group",-1.972158402714847e-10,33,4.192827440581172e-11
01052001583,010-5200-1583,"one digit, last group",-1.972158402714847e-10,34,-5.7415081351202824e-11
01052001583,010-5200-1583,"one digit, last group",-1.972158402714847e-10,35,-3.0467081003323684e-11
01052001583,010-5200-1583,"one digit, last group",-1.972158402714847e-10,36,-8.223526002900816e-11
01052001583,010-5200-1583,"one digit, last group",-1.972158402714847e-10,37,-2.031346742482003e-13
01052001583,010-5200-1583,"one digit, last group",-1.972158402714847e-10,38,-5.5210439789077634e-11
01052001583,010-5200-1583,"one digit, last group",-1.972158402714847e-10,39,2.191370701198027e-11
01052001583,010-5200-1583,"one digit, last group",-1.972158402714847e-10,40,-2.908839509844224e-10
01052001583,010-5200-1583,"one digit, last group",-1.972158402714847e-10,41,-5.28745909361688e-11
01052001583,010-5200-1583,"one digit, last group",-1.972158402714847e-10,42,3.422504837488468e-11
01052001583,010-5200-1583,"one digit, last group",-1.972158402714847e-10,43,2.569628265241285e-11
01052001583,010-5200-1583,"one digit, last group",-1.972158402714847e-10,44,-1.9704029318363116e-12
01052001583,010-5200-1583,"one digit, last group",-1.972158402714847e-10,45,-4.5010621340470413e-10
01052001583,010-5200-1583,"one digit, last group",-1.972158402714847e-10,46,7.31143144991532e-11
01052001583,010-5200-1583,"one digit, last group",-1.972158402714847e-10,47,-1.5771951381577415e-10
01052001583,010-5200-1583,"one digit, last group",-1.972158402714847e-10,48,-3.2722192460380766e-10
01052001583,010-5200-1583,"one digit, last group",-1.972158402714847e-10,49,-2.350044702894252e-10
01052001583,010-5200-1583,"one digit, last group",-1.972158402714847e-10,50,-1.174992067687216e-10
01052001583,010-5200-1583,"one digit, last group",-1.972158402714847e-10,51,2.013445563525562e-11
01052001583,010-5200-1583,"one digit, last group",-1.972158402714847e-10,52,2.196774643399231e-10
01052001583,010-5200-1583,"one digit, last group",-1.972158402714847e-10,53,6.327524557266244e-11
01052001583,010-5200-1583,"one digit, last group",-1.972158402714847e-10,54,-2.020261835889554e-11
01052001583,010-5200-1583,"one digit, last group",-1.972158402714847e-10,55,-7.384325607359796e-11
01052001583,010-5200-1583,"one digit, last group",-1.972158402714847e-10,56,-1.3439398813692526e-10
01052001583,010-5200-1583,"one digit, last group",-1.972158402714847e-10,57,-1.1326305072349644e-12
01052001583,010-5200-1583,"one digit, last group",-1.972158402714847e-10,58,-2.1488344299298505e-11
01052001583,010-5200-1583,"one digit, last group",-1.972158402714847e-10,59,1.9990830020921064e-10
01052001583,010-5200-1583,"one digit, last group",-1.972158402714847e-10,60,-2.58528682007335e-11
01052001583,010-5200-1583,"one digit, last group",-1.972158402714847e-10,61,1.4267166211442508e-10
01052001583,010-5200-1583,"one digit, last group",-1.972158402714847e-10,62,-1.7871733818857046e-10
01052001583,010-5200-1583,"one digit, last group",-1.972158402714847e-10,63,-5.4888076259033074e-11
01052001583,010-5200-1583,"one digit, last group",-1.972158402714847e-10,64,1.357213927086313e-10
01052001583,010-5200-1583,"one digit, last group",-1.972158402714847e-10,65,-1.598373731866157e-10
01052001583,010-5200-1583,"one digit, last group",-1.972158402714847e-10,66,-1.4008609476958804e-10
01052001583,010-5200-1583,"one digit, last group",-1.972158402714847e-10,67,3.738375944446923e-12
01052001583,010-5200-1583,"one digit, last group",-1.972158402714847e-10,68,-1.1110049396290705e-10
01052001583,010-5200-1583,"one digit, last group",-1.972158402714847e-10,69,2.6616913309183798e-11
01052001583,010-5200-1583,"one digit, last group",-1.972158402714847e-10,70,-5.390954832872946e-11
01052001583,010-5200-1583,"one digit, last group",-1.972158402714847e-10,71,-5.285103838793845e-11
01052001583,010-5200-1583,"one digit, last group",-1.972158402714847e-10,72,6.765080213880869e-12
01052001583,010-5200-1583,"one digit, last group",-1.972158402714847e-10,73,1.3569671161152793e-10
01052001583,010-5200-1583,"one digit, last group",-1.972158402714847e-10,74,-1.8392346619570227e-10
01052001583,010-5200-1583,"one digit, last group",-1.972158402714847e-10,75,-5.6521296970024643e-11
01052001583,010-5200-1583,"one digit, last group",-1.972158402714847e-10,76,1.1063749194201623e-11
01052001583,010-5200-1583,"one digit, last group",-1.972158402714847e-10,77,-7.634443113641455e-11
01052001583,010-5200-1583,"one digit, last group",-1.972158402714847e-10,78,1.4837628718417207e-10
01052001583,010-5200-1583,"one digit, last group",-1.972158402714847e-10,79,-6.484221507381191e-11
01052001583,010-5200-1583,"one digit, last group",-1.972158402714847e-10,80,-7.494368301722561e-11
01052001583,010-5200-1583,"one digit, last group",-1.972158402714847e-10,81,-2.1420898783097053e-11
01052001583,010-5200-1583,"one digit, last group",-1.972158402714847e-10,82,-5.30162445961009e-11
01052001583,010-5200-1583,"one digit, last group",-1.972158402714847e-10,83,-4.815737967455156e-11
01052001583,010-5200-1583,"one digit, last group",-1.972158402714847e-10,84,-7.557202882592654e-11
01052001583,010-5200-1583,"one digit, last group",-1.972158402714847e-10,85,-4.8982363096349683e-11
01052001583,010-5200-1583,"one digit, last group",-1.972158402714847e-10,86,-3.431534707761537e-11
01052001583,010-5200-1583,"one digit, last group",-1.972158402714847e-10,87,-4.602241193246423e-11
01052001583,010-5200-1583,"one digit, last group",-1.972158402714847e-10,88,-5.646872823584248e-11
01052001583,010-5200-1583,"one digit, last group",-1.972158402714847e-10,89,-1.0494502418973593e-10
01052001583,010-5200-1583,"one digit, last group",-1.972158402714847e-10,90,-1.1705353111063414e-10
01052001583,010-5200-1583,"one digit, last group",-1.972158402714847e-10,91,1.9616036028596774e-10
01052001583,010-5200-1583,"one digit, last group",-1.972158402714847e-10,92,-4.916467798473169e-10
01052001583,010-5200-1583,"one digit, last group",-1.972158402714847e-10,93,2.39713940390565e-10
01052001583,010-5200-1583,"one digit, last group",-1.972158402714847e-10,94,-6.478899085439549e-11
01052001583,010-5200-1583,"one digit, last group",-1.972158402714847e-10,95,3.1674727053653706e-10
01052001583,010-5200-1583,"one digit, last group",-1.972158402714847e-10,96,-1.1168130668768272e-10
01052001583,010-5200-1583,"one digit, last group",-1.972158402714847e-10,97,4.968638397504261e-11
01052001583,010-5200-1583,"one digit, last group",-1.972158402714847e-10,98,2.628945711670526e-10
01052001583,010-5200-1583,"one digit, last group",-1.972158402714847e-10,99,-7.274553444578038e-11
01052001583,010-5200-1583,"one digit, last group",-1.972158402714847e-10,100,1.0439290446456539e-10
01052001583,010-5200-1583,"one digit, last group",-1.972158402714847e-10,101,2.7503032986534244e-10
01052001583,010-5200-1583,"one digit, last group",-1.972158402714847e-10,102,-1.4527563772519987e-11
01052001583,010-5200-1583,"one digit, last group",-1.972158402714847e-10,103,8.155713225555629e-11
01052001583,010-5200-1583,"one digit, last group",-1.972158402714847e-10,104,1.2758052122575186e-10
01052001583,010-5200-1583,"one digit, last group",-1.972158402714847e-10,105,2.0189949152926644e-11
01052001583,010-5200-1583,"one digit, last group",-1.972158402714847e-10,106,-2.446182333932692e-11
01052001583,010-5200-1583,"one digit, last group",-1.972158402714847e-10,107,6.847570617620371e-11
01052001583,010-5200-1583,"one digit, last group",-1.972158402714847e-10,108,9.935654800151457e-12
01052001583,010-5200-1583,"one digit, last group",-1.972158402714847e-10,109,1.550308130075734e-11
01052001583,010-5200-1583,"one digit, last group",-1.972158402714847e-10,110,1.8091140533725472e-10
01052001583,010-5200-1583,"one digit, last group",-1.972158402714847e-10,111,4.221656739587886e-11
01052001583,010-5200-1583,"one digit, last group",-1.972158402714847e-10,112,-1.1096168142853125e-10
01052001583,010-5200-1583,"one digit, last group",-1.972158402714847e-10,113,7.643495928124828e-12
01052001583,010-5200-1583,"one digit, last group",-1.972158402714847e-10,114,-5.1175717961478245e-11
01052001583,010-5200-1583,"one digit, last group",-1.972158402714847e-10,115,3.3670238307375295e-11
01052001583,010-5200-1583,"one digit, last group",-1.972158402714847e-10,116,5.3408513394312876e-11
01052001583,010-5200-1583,"one digit, last group",-1.972158402714847e-10,117,-1.5046995476387406e-10
01052001583,010-5200-1583,"one digit, last group",-1.972158402714847e-10,118,-7.46547634383652e-11
01052001583,010-5200-1583,"one digit, last group",-1.972158402714847e-10,119,1.625704983395704e-10
01052001583,010-5200-1583,"one digit, last group",-1.972158402714847e-10,120,9.441803335066861e-11
01052001583,010-5200-1583,"one digit, last group",-1.972158402714847e-10,121,-9.902304595262879e-11
01052001583,010-5200-1583,"one digit, last group",-1.972158402714847e-10,122,4.57970999863937e-11
01052001583,010-5200-1583,"one digit, last group",-1.972158402714847e-10,123,-5.7140907989065845e-11
01052001583,010-5200-1583,"one digit, last group",-1.972158402714847e-10,124,3.7410619355337166e-10
01052001583,010-5200-1583,"one digit, last group",-1.972158402714847e-10,125,-2.1122612619411605e-11
01052001583,010-5200-1583,"one digit, last group",-1.972158402714847e-10,126,-1.3566275014112756e-10
01052001583,010-5200-1583,"one digit, last group",-1.972158402714847e-10,127,1.7337612977764558e-10
01052001583,010-5200-1583,"one digit, last group",-1.972158402714847e-10,128,4.910075857932162e-11
01052001583,010-5200-1583,"one digit, last group",-1.972158402714847e-10,129,4.449745774623149e-11
01052001583,010-5200-1583,"one digit, last group",-1.972158402714847e-10,130,-3.831216009870131e-12
01052001583,010-5200-1583,"one digit, last group",-1.972158402714847e-10,131,3.865356353347947e-10
01052001583,010-5200-1583,"one digit, last group",-1.972158402714847e-10,132,4.340057821141918e-11
01052001583,010-5200-1583,"one digit, last group",-1.972158402714847e-10,133,-2.1325558381502277e-12
01052001583,010-5200-1583,"one digit, last group",-1.972158402714847e-10,134,-4.210030372487506e-11
01052001583,010-5200-1583,"one digit, last group",-1.972158402714847e-10,135,3.3089051421353888e-12
01052001583,010-5200-1583,"one digit, last group",-1.972158402714847e-10,136,-1.0954838577795454e-11
01052001583,010-5200-1583,"one digit, last group",-1.972158402714847e-10,137,-6.266317985940553e-11
01052001583,010-5200-1583,"one digit, last group",-1.972158402714847e-10,138,1.2037149922554241e-10
01052001583,010-5200-1583,"one digit, last group",-1.972158402714847e-10,139,-1.0794116463223334e-11
01052001583,010-5200-1583,"one digit, last group",-1.972158402714847e-10,140,6.684571410503867e-11
01052001583,010-5200-1583,"one digit, last group",-1.972158402714847e-10,141,-1.631742235829559e-10
01052001583,010-5200-1583,"one digit, last group",-1.972158402714847e-10,142,-3.9695880182800016e-11
01052001583,010-5200-1583,"one digit, last group",-1.972158402714847e-10,143,4.377990993402975e-10
01052001583,010-5200-1583,"one digit, last group",-1.972158402714847e-10,144,1.4926201676229177e-10
01052001583,010-5200-1583,"one digit, last group",-1.972158402714847e-10,145,3.5515516197349494e-11
01052001583,010-5200-1583,"one digit, last group",-1.972158402714847e-10,146,-2.2226261823343615e-10
01052001583,010-5200-1583,"one digit, last group",-1.972158402714847e-10,147,2.8982682463056567e-10
01052001583,010-5200-1583,"one digit, last group",-1.972158402714847e-10,148,-3.737804036614915e-11
01052001583,010-5200-1583,"one digit, last group",-1.972158402714847e-10,149,-2.598296640743163e-10
01052001583,010-5200-1583,"one digit, last group",-1.972158402714847e-10,150,-1.556475651139268e-10
01052001583,010-5200-1583,"one digit, last group",-1.972158402714847e-10,151,-4.782525532148906e-11
01052001583,010-5200-1583,"one digit, last group",-1.972158402714847e-10,152,5.265899254884401e-10
01052001583,010-5200-1583,"one digit, last group",-1.972158402714847e-10,153,-1.096092530448114e-10
01052001583,010-5200-1583,"one digit, last group",-1.972158402714847e-10,154,1.8652424878762205e-11
01052001583,010-5200-1583,"one digit, last group",-1.972158402714847e-10,155,5.509943577154327e-12
01052001583,010-5200-1583,"one digit, last group",-1.972158402714847e-10,156,-1.1132100929638987e-10
01052001583,010-5200-1583,"one digit, last group",-1.972158402714847e-10,157,1.7239237252094086e-11
01052001583,010-5200-1583,"one digit, last group",-1.972158402714847e-10,158,5.6295358006782265e-11
01052001583,010-5200-1583,"one digit, last group",-1.972158402714847e-10,159,1.0677706018276251e-10
01052001583,010-5200-1583,"one digit, last group",-1.972158402714847e-10,160,-4.027685280720704e-11
01052001583,010-5200-1583,"one digit, last group",-1.972158402714847e-10,161,-9.633477669480697e-11
01052001583,010-5200-1583,"one digit, last group",-1.972158402714847e-10,162,9.454905083419183e-11
01052001583,010-5200-1583,"one digit, last group",-1.972158402714847e-10,163,8.571288232519029e-11
01052001583,010-5200-1583,"one digit, last group",-1.972158402714847e-10,164,-3.2809447029721097e-10
01052001583,010-5200-1583,"one digit, last group",-1.972158402714847e-10,165,2.211265859341746e-10
01052001583,010-5200-1583,"one digit, last group",-1.972158402714847e-10,166,-4.850610592507955e-11
01052001583,010-5200-1583,"one digit, last group",-1.972158402714847e-10,167,-3.516423881015677e-10
01052001583,010-5200-1583,"one digit, last group",-1.972158402714847e-10,168,-1.5092086354875634e-10
01052001583,010-5200-1583,"one digit, last group",-1.972158402714847e-10,169,-8.11432811947811e-11
01052001583,010-5200-1583,"one digit, last group",-1.972158402714847e-10,170,-1.490599917763083e-10
01052001583,010-5200-1583,"one digit, last group",-1.972158402714847e-10,171,-4.465875175123719e-10
01052001583,010-5200-1583,"one digit, last group",-1.972158402714847e-10,172,-3.455416903002037e-09
01052001583,010-5200-1583,"one digit, last group",-1.972158402714847e-10,173,1.5695296959765005e-10
01052001583,010-5200-1583,"one digit, last group",-1.972158402714847e-10,174,9.808254723955036e-11
01052001583,010-5200-1583,"one digit, last group",-1.972158402714847e-10,175,-6.209160304940606e-10
01052001583,010-5200-1583,"one digit, last group",-1.972158402714847e-10,176,1.457402484794102e-11
01052001583,010-5200-1583,"one digit, last group",-1.972158402714847e-10,177,-3.1310547935804115e-11
01052001583,010-5200-1583,"one digit, last group",-1.972158402714847e-10,178,1.192763291523378e-10
01052001583,010-5200-1583,"one digit, last group",-1.972158402714847e-10,179,2.523481245605458e-10
01052001583,010-5200-1583,"one digit, last group",-1.972158402714847e-10,180,3.569190256029271e-11
01052001583,010-5200-1583,"one digit, last group",-1.972158402714847e-10,181,-1.2198729080282884e-10
01052001583,010-5200-1583,"one digit, last group",-1.972158402714847e-10,182,4.303230475156486e-11
01052001583,010-5200-1583,"one digit, last group",-1.972158402714847e-10,183,4.178667962962785e-10
01052001583,010-5200-1583,"one digit, last group",-1.972158402714847e-10,184,-3.959790918225159e-11
01052001583,010-5200-1583,"one digit, last group",-1.972158402714847e-10,185,-9.306109739266506e-11
01052001583,010-5200-1583,"one digit, last group",-1.972158402714847e-10,186,1.5013144839125399e-10
01052001583,010-5200-1583,"one digit, last group",-1.972158402714847e-10,187,-5.871032995972529e-11
01052001583,010-5200-1583,"one digit, last group",-1.972158402714847e-10,188,1.0809032149248439e-10
01052001583,010-5200-1583,"one digit, last group",-1.972158402714847e-10,189,1.1040548730706622e-10
01052001583,010-5200-1583,"one digit, last group",-1.972158402714847e-10,190,-5.134701957664646e-11
01052001583,010-5200-1583,"one digit, last group",-1.972158402714847e-10,191,-1.246649427657127e-10
01052001583,010-5200-1583,"one digit, last group",-1.972158402714847e-10,192,2.4582776104846138e-11
01052001583,010-5200-1583,"one digit, last group",-1.972158402714847e-10,193,-2.2840595982803622e-10
01052001583,010-5200-1583,"one digit, last group",-1.972158402714847e-10,194,3.561117322637601e-12
01052001583,010-5200-1583,"one digit, last group",-1.972158402714847e-10,195,2.610481261775475e-10
01052001583,010-5200-1583,"one digit, last group",-1.972158402714847e-10,196,-1.2631004426521207e-10
01052001583,010-5200-1583,"one digit, last group",-1.972158402714847e-10,197,1.1890720130179544e-10
01052001583,010-5200-1583,"one digit, last group",-1.972158402714847e-10,198,-1.9511402473487825e-10
01052001583,010-5200-1583,"one digit, last group",-1.972158402714847e-10,199,1.0766808914740632e-09
01052001583,010-5200-1583,"one digit, last group",-1.972158402714847e-10,200,-5.0302151704213304e-11
01052001583,010-5200-1583,"one digit, last group",-1.972158402714847e-10,201,3.563926681459605e-11
01052001583,010-5200-1583,"one digit, last group",-1.972158402714847e-10,202,3.7685812369920477e-10
01052001583,010-5200-1583,"one digit, last group",-1.972158402714847e-10,203,-6.665389684444661e-12
00653004858,006-5300-4858,original,1.0000000001341725,0,-1.8752005995690933e-11
00653004858,006-5300-4858,original,1.0000000001341725,1,1.443650169382784e-10
00653004858,006-5300-4858,original,1.0000000001341725,2,9.528045741220723e-11
00653004858,006-5300-4858,original,1.0000000001341725,3,8.182920451572494e-11
00653004858,006-5300-4858,original,1.0000000001341725,4,-1.254101353560443e-10
00653004858,006-5300-4858,original,1.0000000001341725,5,-1.2747727230613234e-10
00653004858,006-5300-4858,original,1.0000000001341725,6,7.74560385141989e-11
00653004858,006-5300-4858,original,1.0000000001341725,7,-1.4159084983237406e-10
00653004858,006-5300-4858,original,1.0000000001341725,8,-4.062138016211016e-10
00653004858,006-5300-4858,original,1.0000000001341725,9,3.189450443372061e-11
00653004858,006-5300-4858,original,1.0000000001341725,10,-2.451236812293602e-12
00653004858,006-5300-4858,original,1.0000000001341725,11,1.3547580126334735e-10
00653004858,006-5300-4858,original,1.0000000001341725,12,-1.6307473453235854e-10
00653004858,006-5300-4858,original,1.0000000001341725,13,1.6244146275368726e-10
00653004858,006-5300-4858,original,1.0000000001341725,14,-3.917110303331173e-11
00653004858,006-5300-4858,original,1.0000000001341725,15,2.4298270141689375e-11
00653004858,006-5300-4858,original,1.0000000001341725,16,1.3092224795213246e-10
00653004858,006-5300-4858,original,1.0000000001341725,17,7.655372244950314e-11
00653004858,006-5300-4858,original,1.0000000001341725,18,-1.4945346511064325e-11
00653004858,006-5300-4858,original,1.0000000001341725,19,3.499063623103969e-11
00653004858,006-5300-4858,original,1.0000000001341725,20,1.203583565443674e-10
00653004858,006-5300-4858,original,1.0000000001341725,21,-1.1168456227865766e-10
00653004858,006-5300-4858,original,1.0000000001341725,22,2.792228730726863e-10
00653004858,006-5300-4858,original,1.0000000001341725,23,-1.8523362420528758e-10
00653004858,006-5300-4858,original,1.0000000001341725,24,-2.7732365499628743e-10
00653004858,006-5300-4858,original,1.0000000001341725,25,3.6232956864347376e-11
00653004858,006-5300-4858,original,1.0000000001341725,26,4.321178463162982e-10
00653004858,006-5300-4858,original,1.0000000001341725,27,-5.6734938538265464e-11
00653004858,006-5300-4858,original,1.0000000001341725,28,-3.15824380862743e-10
00653004858,006-5300-4858,original,1.0000000001341725,29,-1.0628294992739187e-10
00653004858,006-5300-4858,original,1.0000000001341725,30,-6.291828081473523e-11
00653004858,006-5300-4858,original,1.0000000001341725,31,-2.2116700173621105e-10
00653004858,006-5300-4858,original,1.0000000001341725,32,2.530442960731447e-10
00653004858,006-5300-4858,original,1.0000000001341725,33,-7.017967371843239e-11
00653004858,006-5300-4858,original,1.0000000001341725,34,-6.057766169894112e-11
00653004858,006-5300-4858,original,1.0000000001341725,35,-7.390952524208843e-11
00653004858,006-5300-4858,original,1.0000000001341725,36,3.8254419979552324e-11
00653004858,006-5300-4858,original,1.0000000001341725,37,-8.100770490571296e-12
00653004858,006-5300-4858,original,1.0000000001341725,38,-5.0512139783753445e-11
00653004858,006-5300-4858,original,1.0000000001341725,39,1.3795959799247606e-10
00653004858,006-5300-4858,original,1.0000000001341725,40,8.942259458171182e-11
00653004858,006-5300-4858,original,1.0000000001341725,41,1.612839883396834e-11
00653004858,006-5300-4858,original,1.0000000001341725,42,-4.451216891946541e-11
00653004858,006-5300-4858,original,1.0000000001341725,43,1.7462341069441313e-11
00653004858,006-5300-4858,original,1.0000000001341725,44,-2.6622388586072162e-11
00653004858,006-5300-4858,original,1.0000000001341725,45,-1.6319337807929033e-10
00653004858,006-5300-4858,original,1.0000000001341725,46,-1.2133855093996157e-11
00653004858,006-5300-4858,original,1.0000000001341725,47,-3.2025338302460144e-11
00653004858,006-5300-4858,original,1.0000000001341725,48,7.68516867042219e-11
00653004858,006-5300-4858,original,1.0000000001341725,49,-2.368852067092902e-10
00653004858,006-5300-4858,original,1.0000000001341725,50,-1.1604790762824956e-11
00653004858,006-5300-4858,original,1.0000000001341725,51,-7.376979760278094e-11
00653004858,006-5300-4858,original,1.0000000001341725,52,-3.436855082146153e-11
00653004858,006-5300-4858,original,1.0000000001341725,53,-4.3608627558162266e-11
00653004858,006-5300-4858,original,1.0000000001341725,54,2.366298833176139e-11
00653004858,006-5300-4858,original,1.0000000001341725,55,1.5449817412251041e-10
00653004858,006-5300-4858,original,1.0000000001341725,56,1.8938516638807757e-10
00653004858,006-5300-4858,original,1.0000000001341725,57,2.286054139145794e-11
00653004858,006-5300-4858,original,1.0000000001341725,58,-5.649155011455286e-12
00653004858,006-5300-4858,original,1.0000000001341725,59,7.076625296204157e-11
00653004858,006-5300-4858,original,1.0000000001341725,60,-4.498375109748738e-11
00653004858,006-5300-4858,original,1.0000000001341725,61,-1.1222312338926391e-10
00653004858,006-5300-4858,original,1.0000000001341725,62,-8.045558511684076e-11
00653004858,006-5300-4858,original,1.0000000001341725,63,-2.0070029880249715e-10
00653004858,006-5300-4858,original,1.0000000001341725,64,1.793483641372826e-10
00653004858,006-5300-4858,original,1.0000000001341725,65,-1.6397004944710916e-10
00653004858,006-5300-4858,original,1.0000000001341725,66,-1.4754717725917837e-10
00653004858,006-5300-4858,original,1.0000000001341725,67,1.0689942767019143e-10
00653004858,006-5300-4858,original,1.0000000001341725,68,-2.631223346672897e-11
00653004858,006-5300-4858,original,1.0000000001341725,69,-2.1845267526417e-10
00653004858,006-5300-4858,original,1.0000000001341725,70,-2.24449393654334e-12
00653004858,006-5300-4858,original,1.0000000001341725,71,1.5422618988356893e-10
00653004858,006-5300-4858,original,1.0000000001341725,72,3.7575224620534045e-11
00653004858,006-5300-4858,original,1.0000000001341725,73,1.0851354897839233e-11
00653004858,006-5300-4858,original,1.0000000001341725,74,-2.458684028301908e-10
00653004858,006-5300-4858,original,1.0000000001341725,75,8.358944643950977e-12
00653004858,006-5300-4858,original,1.0000000001341725,76,-3.5273800507305405e-11
00653004858,006-5300-4858,original,1.0000000001341725,77,-8.987797669775078e-11
00653004858,006-5300-4858,original,1.0000000001341725,78,-3.857683553401703e-10
00653004858,006-5300-4858,original,1.0000000001341725,79,-9.687813424779857e-11
00653004858,006-5300-4858,original,1.0000000001341725,80,4.718822531765364e-11
00653004858,006-5300-4858,original,1.0000000001341725,81,-7.148165393815695e-11
00653004858,006-5300-4858,original,1.0000000001341725,82,-7.925335283262372e-10
00653004858,006-5300-4858,original,1.0000000001341725,83,-1.1570176904566327e-10
00653004858,006-5300-4858,original,1.0000000001341725,84,6.168771678192486e-11
00653004858,006-5300-4858,original,1.0000000001341725,85,6.667051490027312e-12
00653004858,006-5300-4858,original,1.0000000001341725,86,-4.3226723859553054e-11
00653004858,006-5300-4858,original,1.0000000001341725,87,5.350840011007084e-11
00653004858,006-5300-4858,original,1.0000000001341725,88,1.915599233475348e-11
00653004858,006-5300-4858,original,1.0000000001341725,89,-1.589020952828134e-10
00653004858,006-5300-4858,original,1.0000000001341725,90,-8.858715506883455e-11
00653004858,006-5300-4858,original,1.0000000001341725,91,-1.9023269261918408e-10
00653004858,006-5300-4858,original,1.0000000001341725,92,1.9091286245628924e-10
00653004858,006-5300-4858,original,1.0000000001341725,93,1.7050774457782837e-11
00653004858,006-5300-4858,original,1.0000000001341725,94,-3.988364220350719e-11
00653004858,006-5300-4858,original,1.0000000001341725,95,2.1723842654962693e-11
00653004858,006-5300-4858,original,1.0000000001341725,96,-1.0660944553780425e-12
00653004858,006-5300-4858,original,1.0000000001341725,97,-7.840631856976854e-11
00653004858,006-5300-4858,original,1.0000000001341725,98,-2.2528674202230107e-10
00653004858,006-5300-4858,original,1.0000000001341725,99,-6.264924695514248e-11
00653004858,006-5300-4858,original,1.0000000001341725,100,5.1161239000843006e-11
00653004858,006-5300-4858,original,1.0000000001341725,101,1.724117429674414e-10
00653004858,006-5300-4858,original,1.0000000001341725,102,1.0589794854169359e-10
00653004858,006-5300-4858,original,1.0000000001341725,103,2.6611334078613565e-11
00653004858,006-5300-4858,original,1.0000000001341725,104,2.1755768722816706e-12
00653004858,006-5300-4858,original,1.0000000001341725,105,2.908691900824982e-11
00653004858,006-5300-4858,original,1.0000000001341725,106,5.869563396999233e-11
00653004858,006-5300-4858,original,1.0000000001341725,107,-1.1495105484156585e-10
00653004858,006-5300-4858,original,1.0000000001341725,108,7.213417470789494e-11
00653004858,006-5300-4858,original,1.0000000001341725,109,8.69012885050064e-11
00653004858,006-5300-4858,original,1.0000000001341725,110,2.3649521678703856e-10
00653004858,006-5300-4858,original,1.0000000001341725,111,2.074441011053804e-10
00653004858,006-5300-4858,original,1.0000000001341725,112,-9.171015363291256e-11
00653004858,006-5300-4858,original,1.0000000001341725,113,2.4060980644233124e-11
00653004858,006-5300-4858,original,1.0000000001341725,114,-1.6373631647077218e-10
00653004858,006-5300-4858,original,1.0000000001341725,115,-2.0099643036390888e-11
00653004858,006-5300-4858,original,1.0000000001341725,116,-1.629453559477478e-10
00653004858,006-5300-4858,original,1.0000000001341725,117,-2.8663334591201593e-10
00653004858,006-5300-4858,original,1.0000000001341725,118,6.288400124457971e-10
00653004858,006-5300-4858,original,1.0000000001341725,119,-3.9803964864480844e-10
00653004858,006-5300-4858,original,1.0000000001341725,120,1.3788649442660768e-10
00653004858,006-5300-4858,original,1.0000000001341725,121,-3.39185785025938e-10
00653004858,006-5300-4858,original,1.0000000001341725,122,3.4133614138367866e-11
00653004858,006-5300-4858,original,1.0000000001341725,123,-6.200400540240725e-11
00653004858,006-5300-4858,original,1.0000000001341725,124,2.306325879029791e-10
00653004858,006-5300-4858,original,1.0000000001341725,125,-9.94577640342048e-11
00653004858,006-5300-4858,original,1.0000000001341725,126,4.515506822670951e-11
00653004858,006-5300-4858,original,1.0000000001341725,127,-1.7568199194885157e-10
00653004858,006-5300-4858,original,1.0000000001341725,128,-2.6010183368859408e-11
00653004858,006-5300-4858,original,1.0000000001341725,129,-2.2446570923604775e-10
00653004858,006-5300-4858,original,1.0000000001341725,130,4.768701811060588e-12
00653004858,006-5300-4858,original,1.0000000001341725,131,-5.0349514403746905e-11
00653004858,006-5300-4858,original,1.0000000001341725,132,-2.602174611129952e-11
00653004858,006-5300-4858,original,1.0000000001341725,133,1.0440721974152481e-10
00653004858,006-5300-4858,original,1.0000000001341725,134,1.7488741115333337e-10
00653004858,006-5300-4858,original,1.0000000001341725,135,8.00912772910288e-12
00653004858,006-5300-4858,original,1.0000000001341725,136,-1.4104332877119395e-11
00653004858,006-5300-4858,original,1.0000000001341725,137,2.0413131456408757e-10
00653004858,006-5300-4858,original,1.0000000001341725,138,-1.2114114616101993e-11
00653004858,006-5300-4858,original,1.0000000001341725,139,7.521745549094746e-12
00653004858,006-5300-4858,original,1.0000000001341725,140,-2.7045726041630114e-10
00653004858,006-5300-4858,original,1.0000000001341725,141,1.7436849894182814e-10
00653004858,006-5300-4858,original,1.0000000001341725,142,-5.679215561141677e-11
00653004858,006-5300-4858,original,1.0000000001341725,143,5.9573407048042e-11
00653004858,006-5300-4858,original,1.0000000001341725,144,2.638531573150975e-10
00653004858,006-5300-4858,original,1.0000000001341725,145,1.5342802910071278e-10
00653004858,006-5300-4858,original,1.0000000001341725,146,4.118900039495795e-11
00653004858,006-5300-4858,original,1.0000000001341725,147,-4.776984395212865e-10
00653004858,006-5300-4858,original,1.0000000001341725,148,4.342063496441521e-11
00653004858,006-5300-4858,original,1.0000000001341725,149,-1.4786984884488038e-10
00653004858,006-5300-4858,original,1.0000000001341725,150,1.528325307526803e-10
00653004858,006-5300-4858,original,1.0000000001341725,151,1.4973287984363695e-10
00653004858,006-5300-4858,original,1.0000000001341725,152,-7.373555163323865e-11
00653004858,006-5300-4858,original,1.0000000001341725,153,-1.641995402255862e-10
00653004858,006-5300-4858,original,1.0000000001341725,154,1.2225995925073414e-10
00653004858,006-5300-4858,original,1.0000000001341725,155,2.5448213512937646e-10
00653004858,006-5300-4858,original,1.0000000001341725,156,9.347081283976287e-12
00653004858,006-5300-4858,original,1.0000000001341725,157,4.6873717703473486e-11
00653004858,006-5300-4858,original,1.0000000001341725,158,1.1978666895000504e-10
00653004858,006-5300-4858,original,1.0000000001341725,159,-1.1330263975646713e-10
00653004858,006-5300-4858,original,1.0000000001341725,160,-4.920542025601063e-10
00653004858,006-5300-4858,original,1.0000000001341725,161,-6.5333880287482e-12
00653004858,006-5300-4858,original,1.0000000001341725,162,-7.868643749272279e-11
00653004858,006-5300-4858,original,1.0000000001341725,163,-5.406586270803246e-11
00653004858,006-5300-4858,original,1.0000000001341725,164,1.2761687501588632e-10
00653004858,006-5300-4858,original,1.0000000001341725,165,-5.527643609864118e-11
00653004858,006-5300-4858,original,1.0000000001341725,166,-2.058541408552327e-11
00653004858,006-5300-4858,original,1.0000000001341725,167,3.779909962969825e-10
00653004858,006-5300-4858,original,1.0000000001341725,168,-9.617121782521994e-11
00653004858,006-5300-4858,original,1.0000000001341725,169,-1.6215361571188133e-10
00653004858,006-5300-4858,original,1.0000000001341725,170,-2.2028271205122084e-10
00653004858,006-5300-4858,original,1.0000000001341725,171,2.0783751767729301e-10
00653004858,006-5300-4858,original,1.0000000001341725,172,2.975611167396941e-11
00653004858,006-5300-4858,original,1.0000000001341725,173,2.457664516475892e-10
00653004858,006-5300-4858,original,1.0000000001341725,174,-9.705630779973275e-12
00653004858,006-5300-4858,original,1.0000000001341725,175,-3.630142079542741e-10
00653004858,006-5300-4858,original,1.0000000001341725,176,6.605080924299724e-11
00653004858,006-5300-4858,original,1.0000000001341725,177,-1.5644186790023493e-10
00653004858,006-5300-4858,original,1.0000000001341725,178,-4.969522368391976e-10
00653004858,006-5300-4858,original,1.0000000001341725,179,2.6996392511881754e-10
00653004858,006-5300-4858,original,1.0000000001341725,180,3.065364395385427e-11
00653004858,006-5300-4858,original,1.0000000001341725,181,-2.8758246925795023e-10
00653004858,006-5300-4858,original,1.0000000001341725,182,1.368847105808789e-10
00653004858,006-5300-4858,original,1.0000000001341725,183,1.838084490811389e-10
00653004858,006-5300-4858,original,1.0000000001341725,184,3.2792772375660244e-11
00653004858,006-5300-4858,original,1.0000000001341725,185,-4.090512932784443e-11
00653004858,006-5300-4858,original,1.0000000001341725,186,-1.5658710262478598e-10
00653004858,006-5300-4858,original,1.0000000001341725,187,0.9999996968958795
00653004858,006-5300-4858,original,1.0000000001341725,188,0.9999996915458207
00653004858,006-5300-4858,original,1.0000000001341725,189,-6.353562751149323e-11
00653004858,006-5300-4858,original,1.0000000001341725,190,5.6187745359562545e-11
00653004858,006-5300-4858,original,1.0000000001341725,191,3.5909478395326266e-11
00653004858,006-5300-4858,original,1.0000000001341725,192,-3.745727164687951e-11
00653004858,006-5300-4858,original,1.0000000001341725,193,1.5882602498076514e-10
00653004858,006-5300-4858,original,1.0000000001341725,194,5.0792645523744994e-11
00653004858,006-5300-4858,original,1.0000000001341725,195,-1.1203427860195878e-10
00653004858,006-5300-4858,original,1.0000000001341725,196,1.580644720697212e-11
00653004858,006-5300-4858,original,1.0000000001341725,197,1.6099456546773563e-10
00653004858,006-5300-4858,original,1.0000000001341725,198,-1.1518631606575733e-10
00653004858,006-5300-4858,original,1.0000000001341725,199,-2.406070257892227e-10
00653004858,006-5300-4858,original,1.0000000001341725,200,-2.2916416057599242e-10
00653004858,006-5300-4858,original,1.0000000001341725,201,-1.755174035728609e-11
00653004858,006-5300-4858,original,1.0000000001341725,202,-3.378254425054507e-10
00653004858,006-5300-4858,original,1.0000000001341725,203,-1.2489544534689027e-12
00653004859,006-5300-4859,"one digit, last group",-2.838633765034677e-10,0,1.1307601208363835e-10
00653004859,006-5300-4859,"one digit, last group",-2.838633765034677e-10,1,1.1700621248539651e-10
00653004859,006-5300-4859,"one digit, last group",-2.838633765034677e-10,2,1.0776363848814853e-10
00653004859,006-5300-4859,"one digit, last group",-2.838633765034677e-10,3,-1.0857204311926336e-11
00653004859,006-5300-4859,"one digit, last group",-2.838633765034677e-10,4,-2.0589905562351875e-10
00653004859,006-5300-4859,"one digit, last group",-2.838633765034677e-10,5,-2.1395798642270348e-12
00653004859,006-5300-4859,"one digit, last group",-2.838633765034677e-10,6,-1.1116017144305261e-10
00653004859,006-5300-4859,"one digit, last group",-2.838633765034677e-10,7,-2.2307135541885446e-10
00653004859,006-5300-4859,"one digit, last group",-2.838633765034677e-10,8,-3.1350470526925605e-10
00653004859,006-5300-4859,"one digit, last group",-2.838633765034677e-10,9,7.167507672484934e-12
00653004859,006-5300-4859,"one digit, last group",-2.838633765034677e-10,10,2.978936328660965e-11
00653004859,006-5300-4859,"one digit, last group",-2.838633765034677e-10,11,1.870874575642401e-10
00653004859,006-5300-4859,"one digit, last group",-2.838633765034677e-10,12,-1.4416096929419483e-10
00653004859,006-5300-4859,"one digit, last group",-2.838633765034677e-10,13,-2.14587029685117e-10
00653004859,006-5300-4859,"one digit, last group",-2.838633765034677e-10,14,6.477438443652884e-12
00653004859,006-5300-4859,"one digit, last group",-2.838633765034677e-10,15,1.1013608132378012e-11
00653004859,006-5300-4859,"one digit, last group",-2.838633765034677e-10,16,-4.263648034584854e-10
00653004859,006-5300-4859,"one digit, last group",-2.838633765034677e-10,17,-1.014583582071686e-11
00653004859,006-5300-4859,"one digit, last group",-2.838633765034677e-10,18,1.4361282176745202e-10
00653004859,006-5300-4859,"one digit, last group",-2.838633765034677e-10,19,3.290101320923514e-11
00653004859,006-5300-4859,"one digit, last group",-2.838633765034677e-10,20,-1.1609197907405613e-10
00653004859,006-5300-4859,"one digit, last group",-2.838633765034677e-10,21,-2.1563968444462306e-11
00653004859,006-5300-4859,"one digit, last group",-2.838633765034677e-10,22,-1.448878559476465e-10
00653004859,006-5300-4859,"one digit, last group",-2.838633765034677e-10,23,-1.2137999571340572e-10
00653004859,006-5300-4859,"one digit, last group",-2.838633765034677e-10,24,-9.779717464362985e-11
00653004859,006-5300-4859,"one digit, last group",-2.838633765034677e-10,25,1.0047120100493839e-10
00653004859,006-5300-4859,"one digit, last group",-2.838633765034677e-10,26,-3.177406361713023e-10
00653004859,006-5300-4859,"one digit, last group",-2.838633765034677e-10,27,-3.136882736628065e-11
00653004859,006-5300-4859,"one digit, last group",-2.838633765034677e-10,28,-2.0947776685221477e-11
00653004859,006-5300-4859,"one digit, last group",-2.838633765034677e-10,29,-3.430681924553206e-11
00653004859,006-5300-4859,"one digit, last group",-2.838633765034677e-10,30,7.411994463169154e-11
00653004859,006-5300-4859,"one digit, last group",-2.838633765034677e-10,31,-1.1825765141374849e-10
00653004859,006-5300-4859,"one digit, last group",-2.838633765034677e-10,32,-1.7697685570267927e-10
00653004859,006-5300-4859,"one digit, last group",-2.838633765034677e-10,33,1.1345990864783622e-10
00653004859,006-5300-4859,"one digit, last group",-2.838633765034677e-10,34,1.7220433850057718e-11
00653004859,006-5300-4859,"one digit, last group",-2.838633765034677e-10,35,-1.0536553417271003e-10
00653004859,006-5300-4859,"one digit, last group",-2.838633765034677e-10,36,-2.548680342259537e-11
00653004859,006-5300-4859,"one digit, last group",-2.838633765034677e-10,37,-2.3210002154581315e-10
00653004859,006-5300-4859,"one digit, last group",-2.838633765034677e-10,38,-6.144104820322942e-11
00653004859,006-5300-4859,"one digit, last group",-2.838633765034677e-10,39,1.2110661780132177e-11
00653004859,006-5300-4859,"one digit, last group",-2.838633765034677e-10,40,9.188777822128662e-11
00653004859,006-5300-4859,"one digit, last group",-2.838633765034677e-10,41,9.139666793055612e-11
00653004859,006-5300-4859,"one digit, last group",-2.838633765034677e-10,42,-1.0288318173486811e-10
00653004859,006-5300-4859,"one digit, last group",-2.838633765034677e-10,43,-2.40260094771745e-11
00653004859,006-5300-4859,"one digit, last group",-2.838633765034677e-10,44,3.025825962710667e-11
00653004859,006-5300-4859,"one digit, last group",-2.838633765034677e-10,45,3.014391950222287e-11
00653004859,006-5300-4859,"one digit, last group",-2.838633765034677e-10,46,-6.042525085417534e-11
00653004859,006-5300-4859,"one digit, last group",-2.838633765034677e-10,47,-1.0567369956411014e-10
00653004859,006-5300-4859,"one digit, last group",-2.838633765034677e-10,48,1.5787889455141307e-10
00653004859,006-5300-4859,"one digit, last group",-2.838633765034677e-10,49,1.4421652743664255e-10
00653004859,006-5300-4859,"one digit, last group",-2.838633765034677e-10,50,1.0915361823184119e-11
00653004859,006-5300-4859,"one digit, last group",-2.838633765034677e-10,51,-7.532390601039894e-11
00653004859,006-5300-4859,"one digit, last group",-2.838633765034677e-10,52,-1.0808113353808188e-10
00653004859,006-5300-4859,"one digit, last group",-2.838633765034677e-10,53,-1.7275811309757125e-11
00653004859,006-5300-4859,"one digit, last group",-2.838633765034677e-10,54,8.312899652373864e-11
00653004859,006-5300-4859,"one digit, last group",-2.838633765034677e-10,55,-2.906008699603869e-11
00653004859,006-5300-4859,"one digit, last group",-2.838633765034677e-10,56,7.431958706752946e-11
00653004859,006-5300-4859,"one digit, last group",-2.838633765034677e-10,57,1.350286480211537e-11
00653004859,006-5300-4859,"one digit, last group",-2.838633765034677e-10,58,-1.8995033006532427e-11
00653004859,006-5300-4859,"one digit, last group",-2.838633765034677e-10,59,-1.1048910595628318e-10
00653004859,006-5300-4859,"one digit, last group",-2.838633765034677e-10,60,1.0623143922999205e-10
00653004859,006-5300-4859,"one digit, last group",-2.838633765034677e-10,61,7.93938691984977e-11
00653004859,006-5300-4859,"one digit, last group",-2.838633765034677e-10,62,-6.831574317241386e-11
00653004859,006-5300-4859,"one digit, last group",-2.838633765034677e-10,63,2.51356320221898e-10
00653004859,006-5300-4859,"one digit, last group",-2.838633765034677e-10,64,-2.7615299660470157e-10
00653004859,006-5300-4859,"one digit, last group",-2.838633765034677e-10,65,-1.327129912416691e-10
00653004859,006-5300-4859,"one digit, last group",-2.838633765034677e-10,66,-3.1436740307183935e-10
00653004859,006-5300-4859,"one digit, last group",-2.838633765034677e-10,67,-8.141583337846143e-11
00653004859,006-5300-4859,"one digit, last group",-2.838633765034677e-10,68,8.552759379497487e-11
00653004859,006-5300-4859,"one digit, last group",-2.838633765034677e-10,69,-1.7833185152916533e-10
00653004859,006-5300-4859,"one digit, last group",-2.838633765034677e-10,70,-2.001489094946566e-11
00653004859,006-5300-4859,"one digit, last group",-2.838633765034677e-10,71,-1.0932834570028916e-11
00653004859,006-5300-4859,"one digit, last group",-2.838633765034677e-10,72,-1.23523131475528e-11
00653004859,006-5300-4859,"one digit, last group",-2.838633765034677e-10,73,2.625417874949855e-11
00653004859,006-5300-4859,"one digit, last group",-2.838633765034677e-10,74,1.6039912864926598e-10
00653004859,006-5300-4859,"one digit, last group",-2.838633765034677e-10,75,4.523821990102057e-11
00653004859,006-5300-4859,"one digit, last group",-2.838633765034677e-10,76,7.638562097265075e-12
00653004859,006-5300-4859,"one digit, last group",-2.838633765034677e-10,77,-7.280131856739709e-11
00653004859,006-5300-4859,"one digit, last group",-2.838633765034677e-10,78,-2.383758627404981e-10
00653004859,006-5300-4859,"one digit, last group",-2.838633765034677e-10,79,-1.2303758288917021e-11
00653004859,006-5300-4859,"one digit, last group",-2.838633765034677e-10,80,-1.862706351739944e-11
00653004859,006-5300-4859,"one digit, last group",-2.838633765034677e-10,81,7.156407940652136e-11
00653004859,006-5300-4859,"one digit, last group",-2.838633765034677e-10,82,1.697789838565636e-10
00653004859,006-5300-4859,"one digit, last group",-2.838633765034677e-10,83,6.107143697352197e-11
00653004859,006-5300-4859,"one digit, last group",-2.838633765034677e-10,84,4.426816386326436e-11
00653004859,006-5300-4859,"one digit, last group",-2.838633765034677e-10,85,-2.8835471118689306e-11
00653004859,006-5300-4859,"one digit, last group",-2.838633765034677e-10,86,2.609225855362072e-10
00653004859,006-5300-4859,"one digit, last group",-2.838633765034677e-10,87,-5.349747164842382e-11
00653004859,006-5300-4859,"one digit, last group",-2.838633765034677e-10,88,2.874945056374653e-11
00653004859,006-5300-4859,"one digit, last group",-2.838633765034677e-10,89,2.9995582347514825e-10
00653004859,006-5300-4859,"one digit, last group",-2.838633765034677e-10,90,-4.3593821098559344e-10
00653004859,006-5300-4859,"one digit, last group",-2.838633765034677e-10,91,-3.0162778495507694e-10
00653004859,006-5300-4859,"one digit, last group",-2.838633765034677e-10,92,2.928282563365665e-10
00653004859,006-5300-4859,"one digit, last group",-2.838633765034677e-10,93,-5.819766608889166e-11
00653004859,006-5300-4859,"one digit, last group",-2.838633765034677e-10,94,7.253110758326208e-13
00653004859,006-5300-4859,"one digit, last group",-2.838633765034677e-10,95,-1.0788658107714565e-10
00653004859,006-5300-4859,"one digit, last group",-2.838633765034677e-10,96,8.675153806192749e-12
00653004859,006-5300-4859,"one digit, last group",-2.838633765034677e-10,97,-1.8016005068164154e-10
00653004859,006-5300-4859,"one digit, last group",-2.838633765034677e-10,98,5.423035553307148e-11
00653004859,006-5300-4859,"one digit, last group",-2.838633765034677e-10,99,-3.2891399357909162e-12
00653004859,006-5300-4859,"one digit, last group",-2.838633765034677e-10,100,5.5962685239424803e-11
00653004859,006-5300-4859,"one digit, last group",-2.838633765034677e-10,101,-8.092489045592835e-11
00653004859,006-5300-4859,"one digit, last group",-2.838633765034677e-10,102,1.4191668158659071e-10
00653004859,006-5300-4859,"one digit, last group",-2.838633765034677e-10,103,-5.028296357197846e-10
00653004859,006-5300-4859,"one digit, last group",-2.838633765034677e-10,104,-1.803438518128118e-11
00653004859,006-5300-4859,"one digit, last group",-2.838633765034677e-10,105,1.0737986796429831e-11
00653004859,006-5300-4859,"one digit, last group",-2.838633765034677e-10,106,1.0116184573086486e-11
00653004859,006-5300-4859,"one digit, last group",-2.838633765034677e-10,107,4.990079023187595e-11
00653004859,006-5300-4859,"one digit, last group",-2.838633765034677e-10,108,-1.0803877587280892e-10
00653004859,006-5300-4859,"one digit, last group",-2.838633765034677e-10,109,-2.379848233926476e-10
00653004859,006-5300-4859,"one digit, last group",-2.838633765034677e-10,110,-3.075835603599135e-11
00653004859,006-5300-4859,"one digit, last group",-2.838633765034677e-10,111,-8.087047313137018e-11
00653004859,006-5300-4859,"one digit, last group",-2.838633765034677e-10,112,9.365745275548059e-11
00653004859,006-5300-4859,"one digit, last group",-2.838633765034677e-10,113,-3.483840548205153e-12
00653004859,006-5300-4859,"one digit, last group",-2.838633765034677e-10,114,8.74863877626991e-11
00653004859,006-5300-4859,"one digit, last group",-2.838633765034677e-10,115,-2.0497773041115614e-11
00653004859,006-5300-4859,"one digit, last group",-2.838633765034677e-10,116,-1.2574466086594304e-10
00653004859,006-5300-4859,"one digit, last group",-2.838633765034677e-10,117,-1.519440484512849e-10
00653004859,006-5300-4859,"one digit, last group",-2.838633765034677e-10,118,9.129125409967664e-11
00653004859,006-5300-4859,"one digit, last group",-2.838633765034677e-10,119,1.1848665369324978e-10
00653004859,006-5300-4859,"one digit, last group",-2.838633765034677e-10,120,1.4720181690363617e-11
00653004859,006-5300-4859,"one digit, last group",-2.838633765034677e-10,121,1.761283551915344e-11
00653004859,006-5300-4859,"one digit, last group",-2.838633765034677e-10,122,-1.3311722996534648e-10
00653004859,006-5300-4859,"one digit, last group",-2.838633765034677e-10,123,-3.201213031559396e-11
00653004859,006-5300-4859,"one digit, last group",-2.838633765034677e-10,124,-7.711121024406666e-11
00653004859,006-5300-4859,"one digit, last group",-2.838633765034677e-10,125,-3.8971532709927354e-10
00653004859,006-5300-4859,"one digit, last group",-2.838633765034677e-10,126,-7.591800003565871e-11
00653004859,006-5300-4859,"one digit, last group",-2.838633765034677e-10,127,5.081260051140067e-12
00653004859,006-5300-4859,"one digit, last group",-2.838633765034677e-10,128,2.643860086862413e-10
00653004859,006-5300-4859,"one digit, last group",-2.838633765034677e-10,129,-1.4890731879152419e-10
00653004859,006-5300-4859,"one digit, last group",-2.838633765034677e-10,130,-2.4308805467351966e-11
00653004859,006-5300-4859,"one digit, last group",-2.838633765034677e-10,131,8.917577201705573e-11
00653004859,006-5300-4859,"one digit, last group",-2.838633765034677e-10,132,8.966142320038041e-11
00653004859,006-5300-4859,"one digit, last group",-2.838633765034677e-10,133,1.1429592399620225e-10
00653004859,006-5300-4859,"one digit, last group",-2.838633765034677e-10,134,6.653773309323179e-11
00653004859,006-5300-4859,"one digit, last group",-2.838633765034677e-10,135,-7.608880822699939e-11
00653004859,006-5300-4859,"one digit, last group",-2.838633765034677e-10,136,-4.107772693482579e-12
00653004859,006-5300-4859,"one digit, last group",-2.838633765034677e-10,137,-9.383023558310809e-11
00653004859,006-5300-4859,"one digit, last group",-2.838633765034677e-10,138,-2.40807138350635e-10
00653004859,006-5300-4859,"one digit, last group",-2.838633765034677e-10,139,-2.6176700558804605e-11
00653004859,006-5300-4859,"one digit, last group",-2.838633765034677e-10,140,-1.5618063628055384e-10
00653004859,006-5300-4859,"one digit, last group",-2.838633765034677e-10,141,1.0781084683837223e-11
00653004859,006-5300-4859,"one digit, last group",-2.838633765034677e-10,142,4.730670849112703e-11
00653004859,006-5300-4859,"one digit, last group",-2.838633765034677e-10,143,-1.5283351617968528e-10
00653004859,006-5300-4859,"one digit, last group",-2.838633765034677e-10,144,5.719688217927283e-11
00653004859,006-5300-4859,"one digit, last group",-2.838633765034677e-10,145,-4.4514826770616235e-11
00653004859,006-5300-4859,"one digit, last group",-2.838633765034677e-10,146,9.959221686359565e-11
00653004859,006-5300-4859,"one digit, last group",-2.838633765034677e-10,147,1.1996106652975174e-10
00653004859,006-5300-4859,"one digit, last group",-2.838633765034677e-10,148,5.0869048661608026e-11
00653004859,006-5300-4859,"one digit, last group",-2.838633765034677e-10,149,1.1642845809577775e-10
00653004859,006-5300-4859,"one digit, last group",-2.838633765034677e-10,150,4.3928377473311206e-11
00653004859,006-5300-4859,"one digit, last group",-2.838633765034677e-10,151,2.167505057548198e-11
00653004859,006-5300-4859,"one digit, last group",-2.838633765034677e-10,152,-1.1598572143347118e-10
00653004859,006-5300-4859,"one digit, last group",-2.838633765034677e-10,153,6.122886549799489e-11
00653004859,006-5300-4859,"one digit, last group",-2.838633765034677e-10,154,-8.177145712179652e-11
00653004859,006-5300-4859,"one digit, last group",-2.838633765034677e-10,155,4.028953642622301e-10
00653004859,006-5300-4859,"one digit, last group",-2.838633765034677e-10,156,-2.2819643532570406e-10
00653004859,006-5300-4859,"one digit, last group",-2.838633765034677e-10,157,1.8856247634153336e-11
00653004859,006-5300-4859,"one digit, last group",-2.838633765034677e-10,158,-3.645835016346046e-11
00653004859,006-5300-4859,"one digit, last group",-2.838633765034677e-10,159,-1.989778656047166e-11
00653004859,006-5300-4859,"one digit, last group",-2.838633765034677e-10,160,-9.225251760528829e-11
00653004859,006-5300-4859,"one digit, last group",-2.838633765034677e-10,161,-8.715104062295598e-11
00653004859,006-5300-4859,"one digit, last group",-2.838633765034677e-10,162,-6.414668803377541e-11
00653004859,006-5300-4859,"one digit, last group",-2.838633765034677e-10,163,8.809774966340199e-11
00653004859,006-5300-4859,"one digit, last group",-2.838633765034677e-10,164,-4.280265691060742e-12
00653004859,006-5300-4859,"one digit, last group",-2.838633765034677e-10,165,6.800120276561278e-11
00653004859,006-5300-4859,"one digit, last group",-2.838633765034677e-10,166,1.3136200530942918e-10
00653004859,006-5300-4859,"one digit, last group",-2.838633765034677e-10,167,-9.053661653812518e-11
00653004859,006-5300-4859,"one digit, last group",-2.838633765034677e-10,168,-1.7135780997551019e-10
00653004859,006-5300-4859,"one digit, last group",-2.838633765034677e-10,169,3.842346409487607e-11
00653004859,006-5300-4859,"one digit, last group",-2.838633765034677e-10,170,-6.124660136329283e-11
00653004859,006-5300-4859,"one digit, last group",-2.838633765034677e-10,171,2.8364677957436385e-10
00653004859,006-5300-4859,"one digit, last group",-2.838633765034677e-10,172,-6.063263664167334e-11
00653004859,006-5300-4859,"one digit, last group",-2.838633765034677e-10,173,2.0395324919059437e-10
00653004859,006-5300-4859,"one digit, last group",-2.838633765034677e-10,174,-4.716799198475972e-11
00653004859,006-5300-4859,"one digit, last group",-2.838633765034677e-10,175,4.038135572661407e-11
00653004859,006-5300-4859,"one digit, last group",-2.838633765034677e-10,176,-3.5291409781090924e-11
00653004859,006-5300-4859,"one digit, last group",-2.838633765034677e-10,177,-1.2837580716682143e-10
00653004859,006-5300-4859,"one digit, last group",-2.838633765034677e-10,178,-4.340663978543543e-11
00653004859,006-5300-4859,"one digit, last group",-2.838633765034677e-10,179,3.517106973562349e-11
00653004859,006-5300-4859,"one digit, last group",-2.838633765034677e-10,180,4.6983876930289584e-11
00653004859,006-5300-4859,"one digit, last group",-2.838633765034677e-10,181,1.1009971143292083e-10
00653004859,006-5300-4859,"one digit, last group",-2.838633765034677e-10,182,-8.094606583794625e-11
00653004859,006-5300-4859,"one digit, last group",-2.838633765034677e-10,183,-1.4222333345166398e-11
00653004859,006-5300-4859,"one digit, last group",-2.838633765034677e-10,184,4.99399118558907e-12
00653004859,006-5300-4859,"one digit, last group",-2.838633765034677e-10,185,-2.2009144979606277e-11
00653004859,006-5300-4859,"one digit, last group",-2.838633765034677e-10,186,2.778116206322813e-10
00653004859,006-5300-4859,"one digit, last group",-2.838633765034677e-10,187,-3.1795936606527914e-10
00653004859,006-5300-4859,"one digit, last group",-2.838633765034677e-10,188,3.028757641396915e-10
00653004859,006-5300-4859,"one digit, last group",-2.838633765034677e-10,189,-1.6579052625757247e-10
00653004859,006-5300-4859,"one digit, last group",-2.838633765034677e-10,190,7.80356214602947e-11
00653004859,006-5300-4859,"one digit, last group",-2.838633765034677e-10,191,-1.266843188683512e-11
00653004859,006-5300-4859,"one digit, last group",-2.838633765034677e-10,192,7.546145360302679e-12
00653004859,006-5300-4859,"one digit, last group",-2.838633765034677e-10,193,2.0242470399392248e-10
00653004859,006-5300-4859,"one digit, last group",-2.838633765034677e-10,194,7.770692343587803e-12
00653004859,006-5300-4859,"one digit, last group",-2.838633765034677e-10,195,-1.1196991847592756e-10
00653004859,006-5300-4859,"one digit, last group",-2.838633765034677e-10,196,-1.3107127179512536e-10
00653004859,006-5300-4859,"one digit, last group",-2.838633765034677e-10,197,-2.7963554587321175e-10
00653004859,006-5300-4859,"one digit, last group",-2.838633765034677e-10,198,-5.803184784247333e-11
00653004859,006-5300-4859,"one digit, last group",-2.838633765034677e-10,199,-3.072669520362708e-11
00653004859,006-5300-4859,"one digit, last group",-2.838633765034677e-10,200,4.5097639070135964e-11
00653004859,006-5300-4859,"one digit, last group",-2.838633765034677e-10,201,-4.9658097930991346e-11
00653004859,006-5300-4859,"one digit, last group",-2.838633765034677e-10,202,2.603112280320894e-10
00653004859,006-5300-4859,"one digit, last group",-2.838633765034677e-10,203,6.245070673355516e-12
02050002924,020-5000-2924,"one digit, first group",-4.4425563494823046e-10,0,-5.278819868516723e-11
02050002924,020-5000-2924,"one digit, first group",-4.4425563494823046e-10,1,3.6690061305690425e-11
02050002924,020-5000-2924,"one digit, first group",-4.4425563494823046e-10,2,-7.515531793353299e-11
02050002924,020-5000-2924,"one digit, first group",-4.4425563494823046e-10,3,-2.9910479516360727e-12
02050002924,020-5000-2924,"one digit, first group",-4.4425563494823046e-10,4,-1.330433442437633e-10
02050002924,020-5000-2924,"one digit, first group",-4.4425563494823046e-10,5,-5.144561971424457e-10
02050002924,020-5000-2924,"one digit, first group",-4.4425563494823046e-10,6,6.860404590355443e-11
02050002924,020-5000-2924,"one digit, first group",-4.4425563494823046e-10,7,-3.414421208883851e-10
02050002924,020-5000-2924,"one digit, first group",-4.4425563494823046e-10,8,1.6456444148176056e-10
02050002924,020-5000-2924,"one digit, first group",-4.4425563494823046e-10,9,-1.5111121662106508e-10
02050002924,020-5000-2924,"one digit, first group",-4.4425563494823046e-10,10,4.398810099824152e-11
02050002924,020-5000-2924,"one digit, first group",-4.4425563494823046e-10,11,5.820649941365488e-11
02050002924,020-5000-2924,"one digit, first group",-4.4425563494823046e-10,12,1.1674660480319958e-10
02050002924,020-5000-2924,"one digit, first group",-4.4425563494823046e-10,13,2.3631841123184173e-10
02050002924,020-5000-2924,"one digit, first group",-4.4425563494823046e-10,14,2.2540190094739406e-11
02050002924,020-5000-2924,"one digit, first group",-4.4425563494823046e-10,15,-7.385990128725734e-11
02050002924,020-5000-2924,"one digit, first group",-4.4425563494823046e-10,16,-1.0608610161791777e-10
02050002924,020-5000-2924,"one digit, first group",-4.4425563494823046e-10,17,-1.577879522974758e-10
02050002924,020-5000-2924,"one digit, first group",-4.4425563494823046e-10,18,-3.242245671504202e-11
02050002924,020-5000-2924,"one digit, first group",-4.4425563494823046e-10,19,-9.60832233716198e-11
02050002924,020-5000-2924,"one digit, first group",-4.4425563494823046e-10,20,1.7660362187973794e-10
02050002924,020-5000-2924,"one digit, first group",-4.4425563494823046e-10,21,-9.390180836563822e-11
02050002924,020-5000-2924,"one digit, first group",-4.4425563494823046e-10,22,-1.3647189772463555e-10
02050002924,020-5000-2924,"one digit, first group",-4.4425563494823046e-10,23,-1.5754721337381983e-10
02050002924,020-5000-2924,"one digit, first group",-4.4425563494823046e-10,24,6.9689137113312105e-12
02050002924,020-5000-2924,"one digit, first group",-4.4425563494823046e-10,25,-1.0181778850930638e-11
02050002924,020-5000-2924,"one digit, first group",-4.4425563494823046e-10,26,-9.506001760424897e-11
02050002924,020-5000-2924,"one digit, first group",-4.4425563494823046e-10,27,3.5210538431713127e-12
02050002924,020-5000-2924,"one digit, first group",-4.4425563494823046e-10,28,1.2127800906467818e-10
02050002924,020-5000-2924,"one digit, first group",-4.4425563494823046e-10,29,-1.3522450150763148e-11
02050002924,020-5000-2924,"one digit, first group",-4.4425563494823046e-10,30,7.299355438144717e-11
02050002924,020-5000-2924,"one digit, first group",-4.4425563494823046e-10,31,-2.384610448705772e-10
02050002924,020-5000-2924,"one digit, first group",-4.4425563494823046e-10,32,-4.5639182380349417e-11
02050002924,020-5000-2924,"one digit, first group",-4.4425563494823046e-10,33,6.517781335690228e-10
02050002924,020-5000-2924,"one digit, first group",-4.4425563494823046e-10,34,-7.685239700454889e-11
02050002924,020-5000-2924,"one digit, first group",-4.4425563494823046e-10,35,1.0720684548436808e-11
02050002924,020-5000-2924,"one digit, first group",-4.4425563494823046e-10,36,-8.3245385043731e-12
02050002924,020-5000-2924,"one digit, first group",-4.4425563494823046e-10,37,-1.15170923648972e-11
02050002924,020-5000-2924,"one digit, first group",-4.4425563494823046e-10,38,1.121476839914695e-11
02050002924,020-5000-2924,"one digit, first group",-4.4425563494823046e-10,39,-1.1314848325573595e-10
02050002924,020-5000-2924,"one digit, first group",-4.4425563494823046e-10,40,1.6274913285261111e-10
02050002924,020-5000-2924,"one digit, first group",-4.4425563494823046e-10,41,1.6437708968382145e-11
02050002924,020-5000-2924,"one digit, first group",-4.4425563494823046e-10,42,3.108942309872897e-11
02050002924,020-5000-2924,"one digit, first group",-4.4425563494823046e-10,43,1.390601667726756e-11
02050002924,020-5000-2924,"one digit, first group",-4.4425563494823046e-10,44,-4.0751613497161005e-11
02050002924,020-5000-2924,"one digit, first group",-4.4425563494823046e-10,45,6.0106038256267e-12
02050002924,020-5000-2924,"one digit, first group",-4.4425563494823046e-10,46,-7.931890673540039e-11
02050002924,020-5000-2924,"one digit, first group",-4.4425563494823046e-10,47,-2.360455693847921e-10
02050002924,020-5000-2924,"one digit, first group",-4.4425563494823046e-10,48,2.273789662451984e-10
02050002924,020-5000-2924,"one digit, first group",-4.4425563494823046e-10,49,4.9074994471443395e-11
02050002924,020-5000-2924,"one digit, first group",-4.4425563494823046e-10,50,5.378489761276263e-10
02050002924,020-5000-2924,"one digit, first group",-4.4425563494823046e-10,51,7.067093179792259e-11
02050002924,020-5000-2924,"one digit, first group",-4.4425563494823046e-10,52,-2.888950526548107e-10
02050002924,020-5000-2924,"one digit, first group",-4.4425563494823046e-10,53,-6.226908343326906e-11
02050002924,020-5000-2924,"one digit, first group",-4.4425563494823046e-10,54,1.0997745249220648e-10
02050002924,020-5000-2924,"one digit, first group",-4.4425563494823046e-10,55,-2.1639902052821037e-10
02050002924,020-5000-2924,"one digit, first group",-4.4425563494823046e-10,56,-2.730106542867477e-10
02050002924,020-5000-2924,"one digit, first group",-4.4425563494823046e-10,57,-3.988589806815975e-11
02050002924,020-5000-2924,"one digit, first group",-4.4425563494823046e-10,58,-1.6826074955076662e-11
02050002924,020-5000-2924,"one digit, first group",-4.4425563494823046e-10,59,2.941672740250988e-11
02050002924,020-5000-2924,"one digit, first group",-4.4425563494823046e-10,60,-1.2921826477836266e-10
02050002924,020-5000-2924,"one digit, first group",-4.4425563494823046e-10,61,4.2082935151214496e-11
02050002924,020-5000-2924,"one digit, first group",-4.4425563494823046e-10,62,-3.9681948987947545e-11
02050002924,020-5000-2924,"one digit, first group",-4.4425563494823046e-10,63,9.728688009657147e-11
02050002924,020-5000-2924,"one digit, first group",-4.4425563494823046e-10,64,1.6081326624606596e-10
02050002924,020-5000-2924,"one digit, first group",-4.4425563494823046e-10,65,-1.3517430980584849e-11
02050002924,020-5000-2924,"one digit, first group",-4.4425563494823046e-10,66,1.653552916421915e-10
02050002924,020-5000-2924,"one digit, first group",-4.4425563494823046e-10,67,-3.76484231366739e-11
02050002924,020-5000-2924,"one digit, first group",-4.4425563494823046e-10,68,-1.4926548365976094e-10
02050002924,020-5000-2924,"one digit, first group",-4.4425563494823046e-10,69,-1.831058437984633e-10
02050002924,020-5000-2924,"one digit, first group",-4.4425563494823046e-10,70,6.19486229959462e-11
02050002924,020-5000-2924,"one digit, first group",-4.4425563494823046e-10,71,3.407802093284856e-11
02050002924,020-5000-2924,"one digit, first group",-4.4425563494823046e-10,72,1.741423138234564e-11
02050002924,020-5000-2924,"one digit, first group",-4.4425563494823046e-10,73,-8.299299672278343e-11
02050002924,020-5000-2924,"one digit, first group",-4.4425563494823046e-10,74,-7.364977059146016e-11
02050002924,020-5000-2924,"one digit, first group",-4.4425563494823046e-10,75,-3.983656993495459e-11
02050002924,020-5000-2924,"one digit, first group",-4.4425563494823046e-10,76,9.317028890919235e-11
02050002924,020-5000-2924,"one digit, first group",-4.4425563494823046e-10,77,7.277269611681432e-12
02050002924,020-5000-2924,"one digit, first group",-4.4425563494823046e-10,78,1.8743102449779757e-10
02050002924,020-5000-2924,"one digit, first group",-4.4425563494823046e-10,79,1.4609184305978596e-11
02050002924,020-5000-2924,"one digit, first group",-4.4425563494823046e-10,80,9.991049543213961e-11
02050002924,020-5000-2924,"one digit, first group",-4.4425563494823046e-10,81,-1.9641849441654354e-11
02050002924,020-5000-2924,"one digit, first group",-4.4425563494823046e-10,82,4.724940978357237e-10
02050002924,020-5000-2924,"one digit, first group",-4.4425563494823046e-10,83,-1.8753195153690807e-11
02050002924,020-5000-2924,"one digit, first group",-4.4425563494823046e-10,84,-6.130991534883248e-11
02050002924,020-5000-2924,"one digit, first group",-4.4425563494823046e-10,85,9.150234700394856e-12
02050002924,020-5000-2924,"one digit, first group",-4.4425563494823046e-10,86,-3.894371563195278e-10
02050002924,020-5000-2924,"one digit, first group",-4.4425563494823046e-10,87,5.735853366021963e-11
02050002924,020-5000-2924,"one digit, first group",-4.4425563494823046e-10,88,3.303285313570141e-13
02050002924,020-5000-2924,"one digit, first group",-4.4425563494823046e-10,89,-5.975187025380461e-11
02050002924,020-5000-2924,"one digit, first group",-4.4425563494823046e-10,90,-2.8875258547746915e-11
02050002924,020-5000-2924,"one digit, first group",-4.4425563494823046e-10,91,4.588957485679676e-10
02050002924,020-5000-2924,"one digit, first group",-4.4425563494823046e-10,92,-1.744239316145428e-10
02050002924,020-5000-2924,"one digit, first group",-4.4425563494823046e-10,93,-1.488306873169122e-10
02050002924,020-5000-2924,"one digit, first group",-4.4425563494823046e-10,94,4.890358004359812e-11
02050002924,020-5000-2924,"one digit, first group",-4.4425563494823046e-10,95,-2.0911894213118999e-10
02050002924,020-5000-2924,"one digit, first group",-4.4425563494823046e-10,96,-2.8099525004314318e-11
02050002924,020-5000-2924,"one digit, first group",-4.4425563494823046e-10,97,-5.78985832786581e-11
02050002924,020-5000-2924,"one digit, first group",-4.4425563494823046e-10,98,-1.1283072836977435e-10
02050002924,020-5000-2924,"one digit, first group",-4.4425563494823046e-10,99,9.320556219802805e-11
02050002924,020-5000-2924,"one digit, first group",-4.4425563494823046e-10,100,-5.572802621089198e-11
02050002924,020-5000-2924,"one digit, first group",-4.4425563494823046e-10,101,1.0684559175212934e-10
02050002924,020-5000-2924,"one digit, first group",-4.4425563494823046e-10,102,-7.0524856534603125e-12
02050002924,020-5000-2924,"one digit, first group",-4.4425563494823046e-10,103,-1.1016326743777556e-10
02050002924,020-5000-2924,"one digit, first group",-4.4425563494823046e-10,104,-2.643468276167239e-11
02050002924,020-5000-2924,"one digit, first group",-4.4425563494823046e-10,105,-5.329494986854353e-11
02050002924,020-5000-2924,"one digit, first group",-4.4425563494823046e-10,106,-7.80435752751973e-12
02050002924,020-5000-2924,"one digit, first group",-4.4425563494823046e-10,107,8.465466696929198e-11
02050002924,020-5000-2924,"one digit, first group",-4.4425563494823046e-10,108,-4.276494214334303e-11
02050002924,020-5000-2924,"one digit, first group",-4.4425563494823046e-10,109,-4.96206726711179e-11
02050002924,020-5000-2924,"one digit, first group",-4.4425563494823046e-10,110,3.062212065288774e-11
02050002924,020-5000-2924,"one digit, first group",-4.4425563494823046e-10,111,-1.6652233371497553e-10
02050002924,020-5000-2924,"one digit, first group",-4.4425563494823046e-10,112,1.4997841031011217e-10
02050002924,020-5000-2924,"one digit, first group",-4.4425563494823046e-10,113,1.0041249449589254e-11
02050002924,020-5000-2924,"one digit, first group",-4.4425563494823046e-10,114,-2.1012837741759636e-10
02050002924,020-5000-2924,"one digit, first group",-4.4425563494823046e-10,115,-1.953960607452203e-11
02050002924,020-5000-2924,"one digit, first group",-4.4425563494823046e-10,116,1.457019053683642e-11
02050002924,020-5000-2924,"one digit, first group",-4.4425563494823046e-10,117,2.7233431797834834e-10
02050002924,020-5000-2924,"one digit, first group",-4.4425563494823046e-10,118,8.966153142825636e-12
02050002924,020-5000-2924,"one digit, first group",-4.4425563494823046e-10,119,7.282775538489699e-11
02050002924,020-5000-2924,"one digit, first group",-4.4425563494823046e-10,120,5.2228083499403014e-11
02050002924,020-5000-2924,"one digit, first group",-4.4425563494823046e-10,121,-1.4793835150909792e-10
02050002924,020-5000-2924,"one digit, first group",-4.4425563494823046e-10,122,4.0027471018768557e-10
02050002924,020-5000-2924,"one digit, first group",-4.4425563494823046e-10,123,3.3270531222024816e-11
02050002924,020-5000-2924,"one digit, first group",-4.4425563494823046e-10,124,4.761998305766528e-11
02050002924,020-5000-2924,"one digit, first group",-4.4425563494823046e-10,125,-5.021708642893693e-10
02050002924,020-5000-2924,"one digit, first group",-4.4425563494823046e-10,126,4.355280621043039e-11
02050002924,020-5000-2924,"one digit, first group",-4.4425563494823046e-10,127,1.0208033508807177e-10
02050002924,020-5000-2924,"one digit, first group",-4.4425563494823046e-10,128,1.4145308454276165e-10
02050002924,020-5000-2924,"one digit, first group",-4.4425563494823046e-10,129,1.1577923327719051e-10
02050002924,020-5000-2924,"one digit, first group",-4.4425563494823046e-10,130,5.936687654726975e-12
02050002924,020-5000-2924,"one digit, first group",-4.4425563494823046e-10,131,-8.957964009791221e-11
02050002924,020-5000-2924,"one digit, first group",-4.4425563494823046e-10,132,4.6574718630493674e-11
02050002924,020-5000-2924,"one digit, first group",-4.4425563494823046e-10,133,-3.0131987393091353e-10
02050002924,020-5000-2924,"one digit, first group",-4.4425563494823046e-10,134,-1.1599407258120074e-10
02050002924,020-5000-2924,"one digit, first group",-4.4425563494823046e-10,135,1.666516938277275e-11
02050002924,020-5000-2924,"one digit, first group",-4.4425563494823046e-10,136,1.7288227076343122e-12
02050002924,020-5000-2924,"one digit, first group",-4.4425563494823046e-10,137,1.1532130653149856e-10
02050002924,020-5000-2924,"one digit, first group",-4.4425563494823046e-10,138,-1.0812177589905155e-10
02050002924,020-5000-2924,"one digit, first group",-4.4425563494823046e-10,139,5.967844146983868e-11
02050002924,020-5000-2924,"one digit, first group",-4.4425563494823046e-10,140,-2.196454969304087e-10
02050002924,020-5000-2924,"one digit, first group",-4.4425563494823046e-10,141,-1.1233088237416807e-10
02050002924,020-5000-2924,"one digit, first group",-4.4425563494823046e-10,142,-2.6161984390321443e-09
02050002924,020-5000-2924,"one digit, first group",-4.4425563494823046e-10,143,4.48029138795256e-09
02050002924,020-5000-2924,"one digit, first group",-4.4425563494823046e-10,144,-1.0652084307889646e-09
02050002924,020-5000-2924,"one digit, first group",-4.4425563494823046e-10,145,-8.955855157659645e-10
02050002924,020-5000-2924,"one digit, first group",-4.4425563494823046e-10,146,2.201921347750251e-09
02050002924,020-5000-2924,"one digit, first group",-4.4425563494823046e-10,147,-5.013735124553795e-09
02050002924,020-5000-2924,"one digit, first group",-4.4425563494823046e-10,148,1.2228396505291303e-09
02050002924,020-5000-2924,"one digit, first group",-4.4425563494823046e-10,149,-3.222597812557601e-09
02050002924,020-5000-2924,"one digit, first group",-4.4425563494823046e-10,150,1.6422266151745282e-10
02050002924,020-5000-2924,"one digit, first group",-4.4425563494823046e-10,151,9.375153290432548e-11
02050002924,020-5000-2924,"one digit, first group",-4.4425563494823046e-10,152,5.71370082574134e-12
02050002924,020-5000-2924,"one digit, first group",-4.4425563494823046e-10,153,-1.908761630380602e-11
02050002924,020-5000-2924,"one digit, first group",-4.4425563494823046e-10,154,6.390555672215978e-11
02050002924,020-5000-2924,"one digit, first group",-4.4425563494823046e-10,155,-5.498463937232474e-12
02050002924,020-5000-2924,"one digit, first group",-4.4425563494823046e-10,156,-1.3460517675070304e-09
02050002924,020-5000-2924,"one digit, first group",-4.4425563494823046e-10,157,-1.0396774545653835e-10
02050002924,020-5000-2924,"one digit, first group",-4.4425563494823046e-10,158,5.497561774006629e-11
02050002924,020-5000-2924,"one digit, first group",-4.4425563494823046e-10,159,-7.5332873528531e-11
02050002924,020-5000-2924,"one digit, first group",-4.4425563494823046e-10,160,1.4905858537189497e-09
02050002924,020-5000-2924,"one digit, first group",-4.4425563494823046e-10,161,-6.274157913648361e-12
02050002924,020-5000-2924,"one digit, first group",-4.4425563494823046e-10,162,-5.871278360580172e-11
02050002924,020-5000-2924,"one digit, first group",-4.4425563494823046e-10,163,8.300601586405901e-10
02050002924,020-5000-2924,"one digit, first group",-4.4425563494823046e-10,164,-3.5608855804927654e-09
02050002924,020-5000-2924,"one digit, first group",-4.4425563494823046e-10,165,-6.329096203668135e-10
02050002924,020-5000-2924,"one digit, first group",-4.4425563494823046e-10,166,-4.4868996337566344e-11
02050002924,020-5000-2924,"one digit, first group",-4.4425563494823046e-10,167,3.4654943372158324e-10
02050002924,020-5000-2924,"one digit, first group",-4.4425563494823046e-10,168,-7.536100884161122e-11
02050002924,020-5000-2924,"one digit, first group",-4.4425563494823046e-10,169,-8.828985358289544e-11
02050002924,020-5000-2924,"one digit, first group",-4.4425563494823046e-10,170,-1.1312453965700642e-10
02050002924,020-5000-2924,"one digit, first group",-4.4425563494823046e-10,171,-8.502570567952309e-13
02050002924,020-5000-2924,"one digit, first group",-4.4425563494823046e-10,172,2.8586291058478418e-11
02050002924,020-5000-2924,"one digit, first group",-4.4425563494823046e-10,173,-3.5126665341313468e-15
02050002924,020-5000-2924,"one digit, first group",-4.4425563494823046e-10,174,-3.2980226820346356e-11
02050002924,020-5000-2924,"one digit, first group",-4.4425563494823046e-10,175,1.8759132564229913e-10
02050002924,020-5000-2924,"one digit, first group",-4.4425563494823046e-10,176,6.435840814560583e-11
02050002924,020-5000-2924,"one digit, first group",-4.4425563494823046e-10,177,9.229199738057142e-11
02050002924,020-5000-2924,"one digit, first group",-4.4425563494823046e-10,178,-2.658771371892796e-10
02050002924,020-5000-2924,"one digit, first group",-4.4425563494823046e-10,179,-4.109646105699962e-10
02050002924,020-5000-2924,"one digit, first group",-4.4425563494823046e-10,180,-1.436326056911987e-10
02050002924,020-5000-2924,"one digit, first group",-4.4425563494823046e-10,181,-3.133109499542009e-10
02050002924,020-5000-2924,"one digit, first group",-4.4425563494823046e-10,182,3.2095881210415973e-10
02050002924,020-5000-2924,"one digit, first group",-4.4425563494823046e-10,183,-1.7912311858518794e-10
02050002924,020-5000-2924,"one digit, first group",-4.4425563494823046e-10,184,3.429394958563339e-11
02050002924,020-5000-2924,"one digit, first group",-4.4425563494823046e-10,185,1.411978437872764e-10
02050002924,020-5000-2924,"one digit, first group",-4.4425563494823046e-10,186,-1.6408059747839024e-11
02050002924,020-5000-2924,"one digit, first group",-4.4425563494823046e-10,187,-6.958253164540509e-11
02050002924,020-5000-2924,"one digit, first group",-4.4425563494823046e-10,188,2.2167341823845442e-12
02050002924,020-5000-2924,"one digit, first group",-4.4425563494823046e-10,189,-3.022635445616131e-10
02050002924,020-5000-2924,"one digit, first group",-4.4425563494823046e-10,190,1.106854738333162e-10
02050002924,020-5000-2924,"one digit, first group",-4.4425563494823046e-10,191,1.0228444630187097e-11
02050002924,020-5000-2924,"one digit, first group",-4.4425563494823046e-10,192,8.879291420941364e-11
02050002924,020-5000-2924,"one digit, first group",-4.4425563494823046e-10,193,1.667669558186448e-10
02050002924,020-5000-2924,"one digit, first group",-4.4425563494823046e-10,194,6.602923376952128e-11
02050002924,020-5000-2924,"one digit, first group",-4.4425563494823046e-10,195,-1.716519433493843e-10
02050002924,020-5000-2924,"one digit, first group",-4.4425563494823046e-10,196,6.096847502655072e-11
02050002924,020-5000-2924,"one digit, first group",-4.4425563494823046e-10,197,1.377770433014625e-10
02050002924,020-5000-2924,"one digit, first group",-4.4425563494823046e-10,198,-1.0045704342273521e-10
02050002924,020-5000-2924,"one digit, first group",-4.4425563494823046e-10,199,-4.418855703709038e-10
02050002924,020-5000-2924,"one digit, first group",-4.4425563494823046e-10,200,-3.120350197265487e-11
02050002924,020-5000-2924,"one digit, first group",-4.4425563494823046e-10,201,6.056402357100272e-11
02050002924,020-5000-2924,"one digit, first group",-4.4425563494823046e-10,202,4.885774534368196e-10
02050002924,020-5000-2924,"one digit, first group",-4.4425563494823046e-10,203,1.2448842425028208e-11
01050102924,010-5010-2924,"one digit, middle group",-3.250643639205494e-10,0,-8.246709677652638e-12
01050102924,010-5010-2924,"one digit, middle group",-3.250643639205494e-10,1,-4.168437625105226e-11
01050102924,010-5010-2924,"one digit, middle group",-3.250643639205494e-10,2,4.3985258936186815e-10
01050102924,010-5010-2924,"one digit, middle group",-3.250643639205494e-10,3,-3.486187068642998e-11
01050102924,010-5010-2924,"one digit, middle group",-3.250643639205494e-10,4,2.2003522435146197e-10
01050102924,010-5010-2924,"one digit, middle group",-3.250643639205494e-10,5,1.1532019466964592e-10
01050102924,010-5010-2924,"one digit, middle group",-3.250643639205494e-10,6,-3.737079246147935e-11
01050102924,010-5010-2924,"one digit, middle group",-3.250643639205494e-10,7,-8.383247470266196e-12
01050102924,010-5010-2924,"one digit, middle group",-3.250643639205494e-10,8,-2.295514238421741e-12
01050102924,010-5010-2924,"one digit, middle group",-3.250643639205494e-10,9,1.4280202908510276e-10
01050102924,010-5010-2924,"one digit, middle group",-3.250643639205494e-10,10,-3.2648880083024594e-11
01050102924,010-5010-2924,"one digit, middle group",-3.250643639205494e-10,11,-1.1629177432127908e-10
01050102924,010-5010-2924,"one digit, middle group",-3.250643639205494e-10,12,7.843344818801511e-11
01050102924,010-5010-2924,"one digit, middle group",-3.250643639205494e-10,13,4.291842257958059e-10
01050102924,010-5010-2924,"one digit, middle group",-3.250643639205494e-10,14,-2.124270447694045e-10
01050102924,010-5010-2924,"one digit, middle group",-3.250643639205494e-10,15,-7.347770209962647e-11
01050102924,010-5010-2924,"one digit, middle group",-3.250643639205494e-10,16,-3.9615225307226405e-10
01050102924,010-5010-2924,"one digit, middle group",-3.250643639205494e-10,17,4.328653450474406e-10
01050102924,010-5010-2924,"one digit, middle group",-3.250643639205494e-10,18,-2.2671797696410703e-11
01050102924,010-5010-2924,"one digit, middle group",-3.250643639205494e-10,19,5.0927071687922476e-11
01050102924,010-5010-2924,"one digit, middle group",-3.250643639205494e-10,20,1.770067515195007e-11
01050102924,010-5010-2924,"one digit, middle group",-3.250643639205494e-10,21,1.8109400873736429e-10
01050102924,010-5010-2924,"one digit, middle group",-3.250643639205494e-10,22,1.367773615500386e-10
01050102924,010-5010-2924,"one digit, middle group",-3.250643639205494e-10,23,-3.236003524739732e-11
01050102924,010-5010-2924,"one digit, middle group",-3.250643639205494e-10,24,-1.311039197837686e-10
01050102924,010-5010-2924,"one digit, middle group",-3.250643639205494e-10,25,-1.7039908783601538e-11
01050102924,010-5010-2924,"one digit, middle group",-3.250643639205494e-10,26,-1.4912055731726624e-10
01050102924,010-5010-2924,"one digit, middle group",-3.250643639205494e-10,27,2.751118663348583e-10
01050102924,010-5010-2924,"one digit, middle group",-3.250643639205494e-10,28,3.1692549664765956e-10
01050102924,010-5010-2924,"one digit, middle group",-3.250643639205494e-10,29,4.1434084788866484e-11
01050102924,010-5010-2924,"one digit, middle group",-3.250643639205494e-10,30,-2.3993836098599545e-10
01050102924,010-5010-2924,"one digit, middle group",-3.250643639205494e-10,31,2.4471919184549032e-12
01050102924,010-5010-2924,"one digit, middle group",-3.250643639205494e-10,32,-3.207354367499702e-10
01050102924,010-5010-2924,"one digit, middle group",-3.250643639205494e-10,33,-5.37967057605218e-12
01050102924,010-5010-2924,"one digit, middle group",-3.250643639205494e-10,34,-2.4293644986478104e-10
01050102924,010-5010-2924,"one digit, middle group",-3.250643639205494e-10,35,2.573148011545321e-11
01050102924,010-5010-2924,"one digit, middle group",-3.250643639205494e-10,36,9.22891205531408e-12
01050102924,010-5010-2924,"one digit, middle group",-3.250643639205494e-10,37,-1.2500742589135646e-10
01050102924,010-5010-2924,"one digit, middle group",-3.250643639205494e-10,38,1.0948653787644652e-10
01050102924,010-5010-2924,"one digit, middle group",-3.250643639205494e-10,39,-1.1270220325819028e-10
01050102924,010-5010-2924,"one digit, middle group",-3.250643639205494e-10,40,2.008652008807255e-10
01050102924,010-5010-2924,"one digit, middle group",-3.250643639205494e-10,41,6.283383172326013e-11
01050102924,010-5010-2924,"one digit, middle group",-3.250643639205494e-10,42,1.6204631443844031e-10
01050102924,010-5010-2924,"one digit, middle group",-3.250643639205494e-10,43,-3.087954275072796e-11
01050102924,010-5010-2924,"one digit, middle group",-3.250643639205494e-10,44,-2.6645845325609197e-11
01050102924,010-5010-2924,"one digit, middle group",-3.250643639205494e-10,45,-4.067038905011812e-10
01050102924,010-5010-2924,"one digit, middle group",-3.250643639205494e-10,46,-2.505137896462537e-12
01050102924,010-5010-2924,"one digit, middle group",-3.250643639205494e-10,47,1.8787271361712544e-10
01050102924,010-5010-2924,"one digit, middle group",-3.250643639205494e-10,48,-2.4038271639456587e-10
01050102924,010-5010-2924,"one digit, middle group",-3.250643639205494e-10,49,-1.2880804387794146e-10
01050102924,010-5010-2924,"one digit, middle group",-3.250643639205494e-10,50,1.7990091590475936e-10
01050102924,010-5010-2924,"one digit, middle group",-3.250643639205494e-10,51,-6.716502097697445e-11
01050102924,010-5010-2924,"one digit, middle group",-3.250643639205494e-10,52,3.0039855631273087e-10
01050102924,010-5010-2924,"one digit, middle group",-3.250643639205494e-10,53,1.5524597497674042e-11
01050102924,010-5010-2924,"one digit, middle group",-3.250643639205494e-10,54,3.3548895203917616e-12
01050102924,010-5010-2924,"one digit, middle group",-3.250643639205494e-10,55,1.5760915425834497e-10
01050102924,010-5010-2924,"one digit, middle group",-3.250643639205494e-10,56,2.4311375865333145e-11
01050102924,010-5010-2924,"one digit, middle group",-3.250643639205494e-10,57,-1.5328793577533977e-11
01050102924,010-5010-2924,"one digit, middle group",-3.250643639205494e-10,58,-4.5898536129189914e-11
01050102924,010-5010-2924,"one digit, middle group",-3.250643639205494e-10,59,-2.0111431770576275e-10
01050102924,010-5010-2924,"one digit, middle group",-3.250643639205494e-10,60,-1.866344485471649e-10
01050102924,010-5010-2924,"one digit, middle group",-3.250643639205494e-10,61,1.2924368235511727e-11
01050102924,010-5010-2924,"one digit, middle group",-3.250643639205494e-10,62,2.6075556270979913e-10
01050102924,010-5010-2924,"one digit, middle group",-3.250643639205494e-10,63,4.9104744948167735e-11
01050102924,010-5010-2924,"one digit, middle group",-3.250643639205494e-10,64,-8.075757297177696e-11
01050102924,010-5010-2924,"one digit, middle group",-3.250643639205494e-10,65,2.232709403713178e-11
01050102924,010-5010-2924,"one digit, middle group",-3.250643639205494e-10,66,-4.962887802567925e-10
01050102924,010-5010-2924,"one digit, middle group",-3.250643639205494e-10,67,-1.0189868714108221e-10
01050102924,010-5010-2924,"one digit, middle group",-3.250643639205494e-10,68,1.9828385363318384e-10
01050102924,010-5010-2924,"one digit, middle group",-3.250643639205494e-10,69,4.81504117081944e-10
01050102924,010-5010-2924,"one digit, middle group",-3.250643639205494e-10,70,3.4697377712462505e-11
01050102924,010-5010-2924,"one digit, middle group",-3.250643639205494e-10,71,-1.8394466622569404e-11
01050102924,010-5010-2924,"one digit, middle group",-3.250643639205494e-10,72,-2.6628404641365967e-11
01050102924,010-5010-2924,"one digit, middle group",-3.250643639205494e-10,73,-4.3085906080793e-11
01050102924,010-5010-2924,"one digit, middle group",-3.250643639205494e-10,74,4.306162066011544e-10
01050102924,010-5010-2924,"one digit, middle group",-3.250643639205494e-10,75,-2.587540521937559e-11
01050102924,010-5010-2924,"one digit, middle group",-3.250643639205494e-10,76,-5.75349180801945e-11
01050102924,010-5010-2924,"one digit, middle group",-3.250643639205494e-10,77,-3.2290293220631436e-11
01050102924,010-5010-2924,"one digit, middle group",-3.250643639205494e-10,78,-7.168698755863455e-11
01050102924,010-5010-2924,"one digit, middle group",-3.250643639205494e-10,79,-2.116064520571978e-11
01050102924,010-5010-2924,"one digit, middle group",-3.250643639205494e-10,80,-8.695805931425644e-11
01050102924,010-5010-2924,"one digit, middle group",-3.250643639205494e-10,81,1.9690979259000196e-10
01050102924,010-5010-2924,"one digit, middle group",-3.250643639205494e-10,82,1.1544748871817467e-10
01050102924,010-5010-2924,"one digit, middle group",-3.250643639205494e-10,83,-4.6529475842427484e-11
01050102924,010-5010-2924,"one digit, middle group",-3.250643639205494e-10,84,1.5002844084923516e-10
01050102924,010-5010-2924,"one digit, middle group",-3.250643639205494e-10,85,4.3322364973647965e-11
01050102924,010-5010-2924,"one digit, middle group",-3.250643639205494e-10,86,-3.497406085673555e-10
01050102924,010-5010-2924,"one digit, middle group",-3.250643639205494e-10,87,4.239859748566616e-11
01050102924,010-5010-2924,"one digit, middle group",-3.250643639205494e-10,88,1.5132139031152619e-10
01050102924,010-5010-2924,"one digit, middle group",-3.250643639205494e-10,89,-2.773433932319846e-11
01050102924,010-5010-2924,"one digit, middle group",-3.250643639205494e-10,90,7.510704155359562e-11
01050102924,010-5010-2924,"one digit, middle group",-3.250643639205494e-10,91,2.584742369734484e-10
01050102924,010-5010-2924,"one digit, middle group",-3.250643639205494e-10,92,-1.2238273612187136e-10
01050102924,010-5010-2924,"one digit, middle group",-3.250643639205494e-10,93,-1.0231449296754586e-10
01050102924,010-5010-2924,"one digit, middle group",-3.250643639205494e-10,94,4.505926033058324e-11
01050102924,010-5010-2924,"one digit, middle group",-3.250643639205494e-10,95,-3.2909831387994474e-11
01050102924,010-5010-2924,"one digit, middle group",-3.250643639205494e-10,96,-2.4734726207873382e-11
01050102924,010-5010-2924,"one digit, middle group",-3.250643639205494e-10,97,2.369191409755423e-10
01050102924,010-5010-2924,"one digit, middle group",-3.250643639205494e-10,98,-1.2626785118212793e-12
01050102924,010-5010-2924,"one digit, middle group",-3.250643639205494e-10,99,1.1753579573859616e-11
01050102924,010-5010-2924,"one digit, middle group",-3.250643639205494e-10,100,-3.0760139773445956e-10
01050102924,010-5010-2924,"one digit, middle group",-3.250643639205494e-10,101,-9.180985832325664e-11
01050102924,010-5010-2924,"one digit, middle group",-3.250643639205494e-10,102,5.2146679806813815e-11
01050102924,010-5010-2924,"one digit, middle group",-3.250643639205494e-10,103,-1.4184619325066057e-10
01050102924,010-5010-2924,"one digit, middle group",-3.250643639205494e-10,104,3.328488043600326e-11
01050102924,010-5010-2924,"one digit, middle group",-3.250643639205494e-10,105,-2.2737599733323395e-11
01050102924,010-5010-2924,"one digit, middle group",-3.250643639205494e-10,106,-1.4284819369911104e-10
01050102924,010-5010-2924,"one digit, middle group",-3.250643639205494e-10,107,1.0146349513947533e-10
01050102924,010-5010-2924,"one digit, middle group",-3.250643639205494e-10,108,-9.00664405812728e-11
01050102924,010-5010-2924,"one digit, middle group",-3.250643639205494e-10,109,2.4520838634848624e-10
01050102924,010-5010-2924,"one digit, middle group",-3.250643639205494e-10,110,-5.028931345878132e-11
01050102924,010-5010-2924,"one digit, middle group",-3.250643639205494e-10,111,-1.3693826446765558e-10
01050102924,010-5010-2924,"one digit, middle group",-3.250643639205494e-10,112,4.352827520571905e-10
01050102924,010-5010-2924,"one digit, middle group",-3.250643639205494e-10,113,-3.3927214855813e-12
01050102924,010-5010-2924,"one digit, middle group",-3.250643639205494e-10,114,1.941939159017516e-10
01050102924,010-5010-2924,"one digit, middle group",-3.250643639205494e-10,115,-3.328112819134341e-11
01050102924,010-5010-2924,"one digit, middle group",-3.250643639205494e-10,116,-1.5303131261880763e-10
01050102924,010-5010-2924,"one digit, middle group",-3.250643639205494e-10,117,2.8064932793368896e-11
01050102924,010-5010-2924,"one digit, middle group",-3.250643639205494e-10,118,1.3776405329340244e-10
01050102924,010-5010-2924,"one digit, middle group",-3.250643639205494e-10,119,1.4362233547769517e-11
01050102924,010-5010-2924,"one digit, middle group",-3.250643639205494e-10,120,-1.50978833055029e-10
01050102924,010-5010-2924,"one digit, middle group",-3.250643639205494e-10,121,-1.578232149259517e-10
01050102924,010-5010-2924,"one digit, middle group",-3.250643639205494e-10,122,-5.580571636440644e-11
01050102924,010-5010-2924,"one digit, middle group",-3.250643639205494e-10,123,-3.522440583706745e-11
01050102924,010-5010-2924,"one digit, middle group",-3.250643639205494e-10,124,2.382817365148985e-10
01050102924,010-5010-2924,"one digit, middle group",-3.250643639205494e-10,125,-5.767794514237836e-11
01050102924,010-5010-2924,"one digit, middle group",-3.250643639205494e-10,126,1.0249463978480745e-10
01050102924,010-5010-2924,"one digit, middle group",-3.250643639205494e-10,127,8.892149470080917e-11
01050102924,010-5010-2924,"one digit, middle group",-3.250643639205494e-10,128,-2.0987415878659407e-12
01050102924,010-5010-2924,"one digit, middle group",-3.250643639205494e-10,129,1.376572932399791e-10
01050102924,010-5010-2924,"one digit, middle group",-3.250643639205494e-10,130,-3.4572794503401726e-11
01050102924,010-5010-2924,"one digit, middle group",-3.250643639205494e-10,131,1.6103153716606727e-10
01050102924,010-5010-2924,"one digit, middle group",-3.250643639205494e-10,132,-7.402709907084726e-12
01050102924,010-5010-2924,"one digit, middle group",-3.250643639205494e-10,133,-7.485271861809247e-11
01050102924,010-5010-2924,"one digit, middle group",-3.250643639205494e-10,134,1.16077692728569e-11
01050102924,010-5010-2924,"one digit, middle group",-3.250643639205494e-10,135,-8.677677703865242e-11
01050102924,010-5010-2924,"one digit, middle group",-3.250643639205494e-10,136,-1.2130019811868878e-11
01050102924,010-5010-2924,"one digit, middle group",-3.250643639205494e-10,137,6.851833035202076e-11
01050102924,010-5010-2924,"one digit, middle group",-3.250643639205494e-10,138,2.445798042163249e-10
01050102924,010-5010-2924,"one digit, middle group",-3.250643639205494e-10,139,4.317200403189182e-11
01050102924,010-5010-2924,"one digit, middle group",-3.250643639205494e-10,140,-1.5394821470303382e-11
01050102924,010-5010-2924,"one digit, middle group",-3.250643639205494e-10,141,7.176780382943554e-11
01050102924,010-5010-2924,"one digit, middle group",-3.250643639205494e-10,142,8.203740657684184e-11
01050102924,010-5010-2924,"one digit, middle group",-3.250643639205494e-10,143,3.146308420464717e-10
01050102924,010-5010-2924,"one digit, middle group",-3.250643639205494e-10,144,-3.8076456702559315e-09
01050102924,010-5010-2924,"one digit, middle group",-3.250643639205494e-10,145,2.650012637201398e-09
01050102924,010-5010-2924,"one digit, middle group",-3.250643639205494e-10,146,3.936451542450376e-10
01050102924,010-5010-2924,"one digit, middle group",-3.250643639205494e-10,147,8.490473060851137e-09
01050102924,010-5010-2924,"one digit, middle group",-3.250643639205494e-10,148,1.564078114913035e-09
01050102924,010-5010-2924,"one digit, middle group",-3.250643639205494e-10,149,-1.8772708575774668e-10
01050102924,010-5010-2924,"one digit, middle group",-3.250643639205494e-10,150,-2.01784975677812e-10
01050102924,010-5010-2924,"one digit, middle group",-3.250643639205494e-10,151,-7.056641888965388e-11
01050102924,010-5010-2924,"one digit, middle group",-3.250643639205494e-10,152,-1.721393888284385e-10
01050102924,010-5010-2924,"one digit, middle group",-3.250643639205494e-10,153,-1.3152187330723317e-11
01050102924,010-5010-2924,"one digit, middle group",-3.250643639205494e-10,154,-6.788188001066162e-12
01050102924,010-5010-2924,"one digit, middle group",-3.250643639205494e-10,155,4.7341182561519143e-11
01050102924,010-5010-2924,"one digit, middle group",-3.250643639205494e-10,156,7.542180463504997e-10
01050102924,010-5010-2924,"one digit, middle group",-3.250643639205494e-10,157,7.474765433668342e-11
01050102924,010-5010-2924,"one digit, middle group",-3.250643639205494e-10,158,4.6312569882884496e-11
01050102924,010-5010-2924,"one digit, middle group",-3.250643639205494e-10,159,-5.909528019488202e-11
01050102924,010-5010-2924,"one digit, middle group",-3.250643639205494e-10,160,1.324761836037715e-09
01050102924,010-5010-2924,"one digit, middle group",-3.250643639205494e-10,161,3.616823264870081e-11
01050102924,010-5010-2924,"one digit, middle group",-3.250643639205494e-10,162,1.9616511478656063e-13
01050102924,010-5010-2924,"one digit, middle group",-3.250643639205494e-10,163,3.4366793844412943e-09
01050102924,010-5010-2924,"one digit, middle group",-3.250643639205494e-10,164,-1.0552962950827255e-09
01050102924,010-5010-2924,"one digit, middle group",-3.250643639205494e-10,165,-1.5069420738112314e-10
01050102924,010-5010-2924,"one digit, middle group",-3.250643639205494e-10,166,2.98421616247247e-11
01050102924,010-5010-2924,"one digit, middle group",-3.250643639205494e-10,167,1.3771239170416544e-10
01050102924,010-5010-2924,"one digit, middle group",-3.250643639205494e-10,168,-4.586159929474134e-10
01050102924,010-5010-2924,"one digit, middle group",-3.250643639205494e-10,169,3.260928816694736e-10
01050102924,010-5010-2924,"one digit, middle group",-3.250643639205494e-10,170,-3.2482261192533183e-11
01050102924,010-5010-2924,"one digit, middle group",-3.250643639205494e-10,171,-5.365406832393371e-11
01050102924,010-5010-2924,"one digit, middle group",-3.250643639205494e-10,172,-7.787775043825317e-11
01050102924,010-5010-2924,"one digit, middle group",-3.250643639205494e-10,173,-7.97973680181998e-11
01050102924,010-5010-2924,"one digit, middle group",-3.250643639205494e-10,174,-2.3824839807688227e-11
01050102924,010-5010-2924,"one digit, middle group",-3.250643639205494e-10,175,-4.6162279476399565e-10
01050102924,010-5010-2924,"one digit, middle group",-3.250643639205494e-10,176,1.3648896764567039e-11
01050102924,010-5010-2924,"one digit, middle group",-3.250643639205494e-10,177,-1.665671359936006e-11
01050102924,010-5010-2924,"one digit, middle group",-3.250643639205494e-10,178,-2.0269593897600566e-10
01050102924,010-5010-2924,"one digit, middle group",-3.250643639205494e-10,179,-1.1815445706597203e-10
01050102924,010-5010-2924,"one digit, middle group",-3.250643639205494e-10,180,-3.587757280409646e-11
01050102924,010-5010-2924,"one digit, middle group",-3.250643639205494e-10,181,2.655530371192306e-10
01050102924,010-5010-2924,"one digit, middle group",-3.250643639205494e-10,182,-2.088431269316632e-10
01050102924,010-5010-2924,"one digit, middle group",-3.250643639205494e-10,183,2.8592672973322647e-10
01050102924,010-5010-2924,"one digit, middle group",-3.250643639205494e-10,184,-3.018332345471666e-11
01050102924,010-5010-2924,"one digit, middle group",-3.250643639205494e-10,185,-1.7024371898241148e-10
01050102924,010-5010-2924,"one digit, middle group",-3.250643639205494e-10,186,7.159617854327164e-13
01050102924,010-5010-2924,"one digit, middle group",-3.250643639205494e-10,187,1.3652485205777075e-10
01050102924,010-5010-2924,"one digit, middle group",-3.250643639205494e-10,188,-3.410291751035484e-11
01050102924,010-5010-2924,"one digit, middle group",-3.250643639205494e-10,189,-2.2063094757657133e-10
01050102924,010-5010-2924,"one digit, middle group",-3.250643639205494e-10,190,-3.501164407231034e-11
01050102924,010-5010-2924,"one digit, middle group",-3.250643639205494e-10,191,-2.5577986963704263e-12
01050102924,010-5010-2924,"one digit, middle group",-3.250643639205494e-10,192,-1.5398406447832054e-10
01050102924,010-5010-2924,"one digit, middle group",-3.250643639205494e-10,193,-5.901739003759325e-10
01050102924,010-5010-2924,"one digit, middle group",-3.250643639205494e-10,194,-2.577979666718306e-11
01050102924,010-5010-2924,"one digit, middle group",-3.250643639205494e-10,195,2.3260176260609956e-10
01050102924,010-5010-2924,"one digit, middle group",-3.250643639205494e-10,196,-7.45820352024738e-11
01050102924,010-5010-2924,"one digit, middle group",-3.250643639205494e-10,197,-1.5617775560551032e-10
01050102924,010-5010-2924,"one digit, middle group",-3.250643639205494e-10,198,2.6874834830699043e-10
01050102924,010-5010-2924,"one digit, middle group",-3.250643639205494e-10,199,-2.3251913980938128e-10
01050102924,010-5010-2924,"one digit, middle group",-3.250643639205494e-10,200,-3.269470402023252e-11
01050102924,010-5010-2924,"one digit, middle group",-3.250643639205494e-10,201,-8.548188930619775e-11
01050102924,010-5010-2924,"one digit, middle group",-3.250643639205494e-10,202,2.6684910338784715e-11
01050102924,010-5010-2924,"one digit, middle group",-3.250643639205494e-10,203,2.937960496826032e-11
01011112222,010-1111-2222,not in the log,1.8882073725542896e-10,0,-2.3358541464864526e-11
01011112222,010-1111-2222,not in the log,1.8882073725542896e-10,1,-5.991672908300307e-11
01011112222,010-1111-2222,not in the log,1.8882073725542896e-10,2,1.1215542083912533e-10
01011112222,010-1111-2222,not in the log,1.8882073725542896e-10,3,-1.7184890990440695e-11
01011112222,010-1111-2222,not in the log,1.8882073725542896e-10,4,-1.2528803520788333e-10
01011112222,010-1111-2222,not in the log,1.8882073725542896e-10,5,-4.51274901680356e-11
01011112222,010-1111-2222,not in the log,1.8882073725542896e-10,6,-2.505762193384997e-10
01011112222,010-1111-2222,not in the log,1.8882073725542896e-10,7,1.387571335461092e-10
01011112222,010-1111-2222,not in the log,1.8882073725542896e-10,8,2.0890427094397435e-10
01011112222,010-1111-2222,not in the log,1.8882073725542896e-10,9,-8.221605803083948e-11
01011112222,010-1111-2222,not in the log,1.8882073725542896e-10,10,-4.5056348550137924e-11
01011112222,010-1111-2222,not in the log,1.8882073725542896e-10,11,1.4581562751781507e-10
01011112222,010-1111-2222,not in the log,1.8882073725542896e-10,12,1.663404683965895e-10
01011112222,010-1111-2222,not in the log,1.8882073725542896e-10,13,-1.1227727257102483e-10
01011112222,010-1111-2222,not in the log,1.8882073725542896e-10,14,6.831648423982976e-12
01011112222,010-1111-2222,not in the log,1.8882073725542896e-10,15,4.633161673689841e-11
01011112222,010-1111-2222,not in the log,1.8882073725542896e-10,16,-2.1614694682120292e-10
01011112222,010-1111-2222,not in the log,1.8882073725542896e-10,17,3.7237794897015226e-10
01011112222,010-1111-2222,not in the log,1.8882073725542896e-10,18,8.921336371325633e-11
01011112222,010-1111-2222,not in the log,1.8882073725542896e-10,19,-9.835805389777602e-11
01011112222,010-1111-2222,not in the log,1.8882073725542896e-10,20,3.2931547495751434e-11
01011112222,010-1111-2222,not in the log,1.8882073725542896e-10,21,-2.0761682928208498e-10
01011112222,010-1111-2222,not in the log,1.8882073725542896e-10,22,-1.2020839736917584e-10
01011112222,010-1111-2222,not in the log,1.8882073725542896e-10,23,1.5061604185301778e-10
01011112222,010-1111-2222,not in the log,1.8882073725542896e-10,24,2.8627411390897495e-10
01011112222,010-1111-2222,not in the log,1.8882073725542896e-10,25,-1.3485942674081068e-11
01011112222,010-1111-2222,not in the log,1.8882073725542896e-10,26,-2.804283203602676e-11
01011112222,010-1111-2222,not in the log,1.8882073725542896e-10,27,7.375618377806711e-11
01011112222,010-1111-2222,not in the log,1.8882073725542896e-10,28,-1.5436333010491484e-12
01011112222,010-1111-2222,not in the log,1.8882073725542896e-10,29,-2.434206700009086e-12
01011112222,010-1111-2222,not in the log,1.8882073725542896e-10,30,1.3111440376362676e-10
01011112222,010-1111-2222,not in the log,1.8882073725542896e-10,31,-1.5257135388849734e-10
01011112222,010-1111-2222,not in the log,1.8882073725542896e-10,32,1.269868004592453e-11
01011112222,010-1111-2222,not in the log,1.8882073725542896e-10,33,2.091547112264479e-10
01011112222,010-1111-2222,not in the log,1.8882073725542896e-10,34,9.703922480365182e-11
01011112222,010-1111-2222,not in the log,1.8882073725542896e-10,35,-2.7427884011108993e-11
01011112222,010-1111-2222,not in the log,1.8882073725542896e-10,36,1.0048843939823507e-11
01011112222,010-1111-2222,not in the log,1.8882073725542896e-10,37,1.7247315995970727e-10
01011112222,010-1111-2222,not in the log,1.8882073725542896e-10,38,6.813836465091221e-11
01011112222,010-1111-2222,not in the log,1.8882073725542896e-10,39,5.0260185048245386e-11
01011112222,010-1111-2222,not in the log,1.8882073725542896e-10,40,-3.8310994090871754e-10
01011112222,010-1111-2222,not in the log,1.8882073725542896e-10,41,8.66491548587345e-11
01011112222,010-1111-2222,not in the log,1.8882073725542896e-10,42,2.5549756604441585e-12
01011112222,010-1111-2222,not in the log,1.8882073725542896e-10,43,3.4573525430825004e-13
01011112222,010-1111-2222,not in the log,1.8882073725542896e-10,44,-1.517361523085024e-11
01011112222,010-1111-2222,not in the log,1.8882073725542896e-10,45,-9.896183026077313e-11
01011112222,010-1111-2222,not in the log,1.8882073725542896e-10,46,4.065867839555708e-11
01011112222,010-1111-2222,not in the log,1.8882073725542896e-10,47,2.6532852367004944e-11
01011112222,010-1111-2222,not in the log,1.8882073725542896e-10,48,-4.8280326910285757e-11
01011112222,010-1111-2222,not in the log,1.8882073725542896e-10,49,-1.4299085971960593e-10
01011112222,010-1111-2222,not in the log,1.8882073725542896e-10,50,-1.675308194790481e-10
01011112222,010-1111-2222,not in the log,1.8882073725542896e-10,51,2.7330916128045452e-11
01011112222,010-1111-2222,not in the log,1.8882073725542896e-10,52,3.253721645078414e-10
01011112222,010-1111-2222,not in the log,1.8882073725542896e-10,53,-1.3368172565591391e-11
01011112222,010-1111-2222,not in the log,1.8882073725542896e-10,54,-1.1349946724703843e-11
01011112222,010-1111-2222,not in the log,1.8882073725542896e-10,55,-2.26466211029032e-11
01011112222,010-1111-2222,not in the log,1.8882073725542896e-10,56,-5.5015879747866e-11
01011112222,010-1111-2222,not in the log,1.8882073725542896e-10,57,2.4159694475136187e-11
01011112222,010-1111-2222,not in the log,1.8882073725542896e-10,58,-2.245268765688325e-11
01011112222,010-1111-2222,not in the log,1.8882073725542896e-10,59,1.6500558143033697e-10
01011112222,010-1111-2222,not in the log,1.8882073725542896e-10,60,1.5223108328981455e-10
01011112222,010-1111-2222,not in the log,1.8882073725542896e-10,61,1.2876232754618936e-10
01011112222,010-1111-2222,not in the log,1.8882073725542896e-10,62,8.172407965378103e-11
01011112222,010-1111-2222,not in the log,1.8882073725542896e-10,63,-3.5669184105509716e-11
01011112222,010-1111-2222,not in the log,1.8882073725542896e-10,64,-2.853077550481007e-10
01011112222,010-1111-2222,not in the log,1.8882073725542896e-10,65,-1.854368843836468e-10
01011112222,010-1111-2222,not in the log,1.8882073725542896e-10,66,7.488344186987926e-11
01011112222,010-1111-2222,not in the log,1.8882073725542896e-10,67,-1.6051067035654613e-10
01011112222,010-1111-2222,not in the log,1.8882073725542896e-10,68,1.270200887328485e-10
01011112222,010-1111-2222,not in the log,1.8882073725542896e-10,69,-3.784329150075456e-11
01011112222,010-1111-2222,not in the log,1.8882073725542896e-10,70,9.403100777191434e-11
01011112222,010-1111-2222,not in the log,1.8882073725542896e-10,71,1.848128384332758e-10
01011112222,010-1111-2222,not in the log,1.8882073725542896e-10,72,5.505094028120713e-12
01011112222,010-1111-2222,not in the log,1.8882073725542896e-10,73,8.441043558719998e-12
01011112222,010-1111-2222,not in the log,1.8882073725542896e-10,74,6.39871852260306e-11
01011112222,010-1111-2222,not in the log,1.8882073725542896e-10,75,1.2566938487126816e-11
01011112222,010-1111-2222,not in the log,1.8882073725542896e-10,76,-3.229002930275645e-11
01011112222,010-1111-2222,not in the log,1.8882073725542896e-10,77,-5.855103304130375e-11
01011112222,010-1111-2222,not in the log,1.8882073725542896e-10,78,4.3096373560991906e-10
01011112222,010-1111-2222,not in the log,1.8882073725542896e-10,79,8.80494743395219e-11
01011112222,010-1111-2222,not in the log,1.8882073725542896e-10,80,9.174574155661518e-11
01011112222,010-1111-2222,not in the log,1.8882073725542896e-10,81,1.250383621215702e-10
01011112222,010-1111-2222,not in the log,1.8882073725542896e-10,82,2.2229044414032704e-10
01011112222,010-1111-2222,not in the log,1.8882073725542896e-10,83,1.4030827945755061e-11
01011112222,010-1111-2222,not in the log,1.8882073725542896e-10,84,-6.877147776588219e-11
01011112222,010-1111-2222,not in the log,1.8882073725542896e-10,85,-6.226147427828908e-12
01011112222,010-1111-2222,not in the log,1.8882073725542896e-10,86,-2.3859788253760933e-10
01011112222,010-1111-2222,not in the log,1.8882073725542896e-10,87,4.8386696992999086e-12
01011112222,010-1111-2222,not in the log,1.8882073725542896e-10,88,9.557128364835864e-11
01011112222,010-1111-2222,not in the log,1.8882073725542896e-10,89,-8.877721219730326e-11
01011112222,010-1111-2222,not in the log,1.8882073725542896e-10,90,-3.227735343099126e-11
01011112222,010-1111-2222,not in the log,1.8882073725542896e-10,91,-1.5915415831782295e-10
01011112222,010-1111-2222,not in the log,1.8882073725542896e-10,92,6.794108154119897e-11
01011112222,010-1111-2222,not in the log,1.8882073725542896e-10,93,2.291904247192353e-11
01011112222,010-1111-2222,not in the log,1.8882073725542896e-10,94,-2.458276516236772e-10
01011112222,010-1111-2222,not in the log,1.8882073725542896e-10,95,-3.157362922808883e-10
01011112222,010-1111-2222,not in the log,1.8882073725542896e-10,96,-1.06383219851683e-10
01011112222,010-1111-2222,not in the log,1.8882073725542896e-10,97,-1.8243756924362757e-12
01011112222,010-1111-2222,not in the log,1.8882073725542896e-10,98,1.204899851401795e-10
01011112222,010-1111-2222,not in the log,1.8882073725542896e-10,99,-8.426831901656654e-12
01011112222,010-1111-2222,not in the log,1.8882073725542896e-10,100,-4.198350328077616e-11
01011112222,010-1111-2222,not in the log,1.8882073725542896e-10,101,2.039353790718877e-10
01011112222,010-1111-2222,not in the log,1.8882073725542896e-10,102,-2.37240628237019e-10
01011112222,010-1111-2222,not in the log,1.8882073725542896e-10,103,-1.246616558503939e-10
01011112222,010-1111-2222,not in the log,1.8882073725542896e-10,104,-1.7784826077417427e-10
01011112222,010-1111-2222,not in the log,1.8882073725542896e-10,105,-7.663300201186357e-11
01011112222,010-1111-2222,not in the log,1.8882073725542896e-10,106,-3.6006791325753344e-11
01011112222,010-1111-2222,not in the log,1.8882073725542896e-10,107,2.6622701883548496e-11
01011112222,010-1111-2222,not in the log,1.8882073725542896e-10,108,-3.140377454095783e-12
01011112222,010-1111-2222,not in the log,1.8882073725542896e-10,109,1.1095874212005683e-10
01011112222,010-1111-2222,not in the log,1.8882073725542896e-10,110,-7.333928671883797e-11
01011112222,010-1111-2222,not in the log,1.8882073725542896e-10,111,-8.697309713427532e-11
01011112222,010-1111-2222,not in the log,1.8882073725542896e-10,112,3.8054009024879385e-10
01011112222,010-1111-2222,not in the log,1.8882073725542896e-10,113,-2.8300438980572784e-12
01011112222,010-1111-2222,not in the log,1.8882073725542896e-10,114,-1.0592651456163445e-10
01011112222,010-1111-2222,not in the log,1.8882073725542896e-10,115,-1.8110239358883468e-11
01011112222,010-1111-2222,not in the log,1.8882073725542896e-10,116,6.022264515752103e-11
01011112222,010-1111-2222,not in the log,1.8882073725542896e-10,117,-7.181793404568924e-11
01011112222,010-1111-2222,not in the log,1.8882073725542896e-10,118,-3.380222492806031e-10
01011112222,010-1111-2222,not in the log,1.8882073725542896e-10,119,-1.595794089194148e-10
01011112222,010-1111-2222,not in the log,1.8882073725542896e-10,120,2.987671191649287e-11
01011112222,010-1111-2222,not in the log,1.8882073725542896e-10,121,1.0205981486892546e-10
01011112222,010-1111-2222,not in the log,1.8882073725542896e-10,122,3.2952170280991444e-11
01011112222,010-1111-2222,not in the log,1.8882073725542896e-10,123,-9.46135048692287e-11
01011112222,010-1111-2222,not in the log,1.8882073725542896e-10,124,-6.320153799498219e-10
01011112222,010-1111-2222,not in the log,1.8882073725542896e-10,125,-1.5831553789010153e-11
01011112222,010-1111-2222,not in the log,1.8882073725542896e-10,126,1.9164105580342392e-11
01011112222,010-1111-2222,not in the log,1.8882073725542896e-10,127,-2.7290098923909454e-11
01011112222,010-1111-2222,not in the log,1.8882073725542896e-10,128,2.768825517604808e-10
01011112222,010-1111-2222,not in the log,1.8882073725542896e-10,129,1.3618463337389328e-10
01011112222,010-1111-2222,not in the log,1.8882073725542896e-10,130,1.5430138799829247e-11
01011112222,010-1111-2222,not in the log,1.8882073725542896e-10,131,4.035577799989573e-11
01011112222,010-1111-2222,not in the log,1.8882073725542896e-10,132,1.1588761718358655e-10
01011112222,010-1111-2222,not in the log,1.8882073725542896e-10,133,1.0651536161575502e-10
01011112222,010-1111-2222,not in the log,1.8882073725542896e-10,134,-1.0705864128461998e-10
01011112222,010-1111-2222,not in the log,1.8882073725542896e-10,135,-2.72612888426136e-12
01011112222,010-1111-2222,not in the log,1.8882073725542896e-10,136,-4.152757500776987e-11
01011112222,010-1111-2222,not in the log,1.8882073725542896e-10,137,1.4508320890682572e-10
01011112222,010-1111-2222,not in the log,1.8882073725542896e-10,138,1.3294249514675526e-10
01011112222,010-1111-2222,not in the log,1.8882073725542896e-10,139,3.527620277210119e-11
01011112222,010-1111-2222,not in the log,1.8882073725542896e-10,140,1.2222294137003514e-10
01011112222,010-1111-2222,not in the log,1.8882073725542896e-10,141,-5.146372425949003e-11
01011112222,010-1111-2222,not in the log,1.8882073725542896e-10,142,-9.503087092466887e-12
01011112222,010-1111-2222,not in the log,1.8882073725542896e-10,143,-1.7281350386553714e-10
01011112222,010-1111-2222,not in the log,1.8882073725542896e-10,144,-2.703001457900278e-11
01011112222,010-1111-2222,not in the log,1.8882073725542896e-10,145,2.136840252191074e-13
01011112222,010-1111-2222,not in the log,1.8882073725542896e-10,146,1.2966326310056298e-10
01011112222,010-1111-2222,not in the log,1.8882073725542896e-10,147,-4.084855427057725e-11
01011112222,010-1111-2222,not in the log,1.8882073725542896e-10,148,5.1663404035755205e-11
01011112222,010-1111-2222,not in the log,1.8882073725542896e-10,149,1.3933368360749924e-10
01011112222,010-1111-2222,not in the log,1.8882073725542896e-10,150,1.3637987201701345e-10
01011112222,010-1111-2222,not in the log,1.8882073725542896e-10,151,-7.216819934531534e-11
01011112222,010-1111-2222,not in the log,1.8882073725542896e-10,152,7.980595318117281e-11
01011112222,010-1111-2222,not in the log,1.8882073725542896e-10,153,2.1161825857005292e-10
01011112222,010-1111-2222,not in the log,1.8882073725542896e-10,154,-8.324581095542502e-11
01011112222,010-1111-2222,not in the log,1.8882073725542896e-10,155,-1.782378820096354e-11
01011112222,010-1111-2222,not in the log,1.8882073725542896e-10,156,-9.251223924545688e-11
01011112222,010-1111-2222,not in the log,1.8882073725542896e-10,157,2.7580344839344124e-12
01011112222,010-1111-2222,not in the log,1.8882073725542896e-10,158,-6.091403156625044e-12
01011112222,010-1111-2222,not in the log,1.8882073725542896e-10,159,-9.154853317031562e-11
01011112222,010-1111-2222,not in the log,1.8882073725542896e-10,160,-8.175237177700687e-11
01011112222,010-1111-2222,not in the log,1.8882073725542896e-10,161,-3.887814819966576e-11
01011112222,010-1111-2222,not in the log,1.8882073725542896e-10,162,2.726083065588926e-11
01011112222,010-1111-2222,not in the log,1.8882073725542896e-10,163,-7.506963885697906e-11
01011112222,010-1111-2222,not in the log,1.8882073725542896e-10,164,-1.1068258211009104e-10
01011112222,010-1111-2222,not in the log,1.8882073725542896e-10,165,-6.610530995811267e-11
01011112222,010-1111-2222,not in the log,1.8882073725542896e-10,166,1.0137845702980836e-10
01011112222,010-1111-2222,not in the log,1.8882073725542896e-10,167,1.9577475182374217e-10
01011112222,010-1111-2222,not in the log,1.8882073725542896e-10,168,-5.971921913030627e-10
01011112222,010-1111-2222,not in the log,1.8882073725542896e-10,169,1.793600317778463e-10
01011112222,010-1111-2222,not in the log,1.8882073725542896e-10,170,-1.5368358750575722e-10
01011112222,010-1111-2222,not in the log,1.8882073725542896e-10,171,-6.157324256966902e-11
01011112222,010-1111-2222,not in the log,1.8882073725542896e-10,172,-9.229965848140217e-12
01011112222,010-1111-2222,not in the log,1.8882073725542896e-10,173,-9.4754649524782e-11
01011112222,010-1111-2222,not in the log,1.8882073725542896e-10,174,-1.8774905320512513e-11
01011112222,010-1111-2222,not in the log,1.8882073725542896e-10,175,-2.1294126152220074e-10
01011112222,010-1111-2222,not in the log,1.8882073725542896e-10,176,-7.849595389487539e-12
01011112222,010-1111-2222,not in the log,1.8882073725542896e-10,177,2.5950105477829665e-10
01011112222,010-1111-2222,not in the log,1.8882073725542896e-10,178,-1.517394266852386e-10
01011112222,010-1111-2222,not in the log,1.8882073725542896e-10,179,-4.013127960162662e-12
01011112222,010-1111-2222,not in the log,1.8882073725542896e-10,180,9.248670630254226e-11
01011112222,010-1111-2222,not in the log,1.8882073725542896e-10,181,-1.0111920209651657e-10
01011112222,010-1111-2222,not in the log,1.8882073725542896e-10,182,2.359983403347431e-10
01011112222,010-1111-2222,not in the log,1.8882073725542896e-10,183,-4.7927769708721816e-11
01011112222,010-1111-2222,not in the log,1.8882073725542896e-10,184,2.246485311587992e-11
01011112222,010-1111-2222,not in the log,1.8882073725542896e-10,185,4.706829246067523e-11
01011112222,010-1111-2222,not in the log,1.8882073725542896e-10,186,-9.793229404953276e-11
01011112222,010-1111-2222,not in the log,1.8882073725542896e-10,187,-4.2238269114549655e-11
01011112222,010-1111-2222,not in the log,1.8882073725542896e-10,188,-4.965659436634449e-11
01011112222,010-1111-2222,not in the log,1.8882073725542896e-10,189,-8.178720412144262e-11
01011112222,010-1111-2222,not in the log,1.8882073725542896e-10,190,5.761142721311423e-11
01011112222,010-1111-2222,not in the log,1.8882073725542896e-10,191,1.3062732878090437e-11
01011112222,010-1111-2222,not in the log,1.8882073725542896e-10,192,-1.2353423854074344e-10
01011112222,010-1111-2222,not in the log,1.8882073725542896e-10,193,4.5763154848592926e-10
01011112222,010-1111-2222,not in the log,1.8882073725542896e-10,194,-1.7607926123630262e-12
01011112222,010-1111-2222,not in the log,1.8882073725542896e-10,195,5.861307402242878e-11
01011112222,010-1111-2222,not in the log,1.8882073725542896e-10,196,-7.807991890150072e-11
01011112222,010-1111-2222,not in the log,1.8882073725542896e-10,197,4.574740963323344e-11
01011112222,010-1111-2222,not in the log,1.8882073725542896e-10,198,1.9930552549089507e-12
01011112222,010-1111-2222,not in the log,1.8882073725542896e-10,199,-5.930539650057596e-10
01011112222,010-1111-2222,not in the log,1.8882073725542896e-10,200,-1.1258618018148124e-10
01011112222,010-1111-2222,not in the log,1.8882073725542896e-10,201,1.8810203971836257e-11
01011112222,010-1111-2222,not in the log,1.8882073725542896e-10,202,-1.475406492187232e-10
01011112222,010-1111-2222,not in the log,1.8882073725542896e-10,203,-3.4688632844196045e-11
