target,grouped,description,exist_value,slot,decrypted
01050002924,010-5000-2924,original,1.0000000003158265,0,-8.639940167349236e-11
01050002924,010-5000-2924,original,1.0000000003158265,1,-1.3516112332669316e-10
01050002924,010-5000-2924,original,1.0000000003158265,2,6.917001057306111e-11
01050002924,010-5000-2924,original,1.0000000003158265,3,-4.675392888234154e-12
01050002924,010-5000-2924,original,1.0000000003158265,4,-1.427725190613283e-10
01050002924,010-5000-2924,original,1.0000000003158265,5,1.9931766219028406e-11
01050002924,010-5000-2924,original,1.0000000003158265,6,-1.66655344557038e-10
01050002924,010-5000-2924,original,1.0000000003158265,7,-3.6512195450788146e-11
01050002924,010-5000-2924,original,1.0000000003158265,8,-3.673932374051351e-10
01050002924,010-5000-2924,original,1.0000000003158265,9,8.595493301964133e-11
01050002924,010-5000-2924,original,1.0000000003158265,10,4.446995467522896e-11
01050002924,010-5000-2924,original,1.0000000003158265,11,1.306366905618308e-10
01050002924,010-5000-2924,original,1.0000000003158265,12,1.1956511908978783e-10
01050002924,010-5000-2924,original,1.0000000003158265,13,1.9520975989973215e-10
01050002924,010-5000-2924,original,1.0000000003158265,14,5.843532781841754e-11
01050002924,010-5000-2924,original,1.0000000003158265,15,6.767135888730634e-11
01050002924,010-5000-2924,original,1.0000000003158265,16,5.583928330773559e-11
01050002924,010-5000-2924,original,1.0000000003158265,17,2.86982580122734e-11
01050002924,010-5000-2924,original,1.0000000003158265,18,2.2424692622911913e-10
01050002924,010-5000-2924,original,1.0000000003158265,19,-4.0863917381681305e-11
01050002924,010-5000-2924,original,1.0000000003158265,20,-1.2406857628449016e-10
01050002924,010-5000-2924,original,1.0000000003158265,21,2.8353827597283743e-11
01050002924,010-5000-2924,original,1.0000000003158265,22,5.3588467719932154e-11
01050002924,010-5000-2924,original,1.0000000003158265,23,1.6840104077045346e-10
01050002924,010-5000-2924,original,1.0000000003158265,24,-1.0026485268568661e-10
01050002924,010-5000-2924,original,1.0000000003158265,25,-1.4929215108794312e-10
01050002924,010-5000-2924,original,1.0000000003158265,26,2.9744607050051635e-11
01050002924,010-5000-2924,original,1.0000000003158265,27,-1.5219472223662054e-10
01050002924,010-5000-2924,original,1.0000000003158265,28,-2.0566384002572556e-10
01050002924,010-5000-2924,original,1.0000000003158265,29,-4.525508779664849e-11
01050002924,010-5000-2924,original,1.0000000003158265,30,3.122713195000232e-10
01050002924,010-5000-2924,original,1.0000000003158265,31,-1.2523305533930608e-10
01050002924,010-5000-2924,original,1.0000000003158265,32,-1.9102183279502772e-10
01050002924,010-5000-2924,original,1.0000000003158265,33,9.194128050569321e-11
01050002924,010-5000-2924,original,1.0000000003158265,34,-5.898334892101362e-11
01050002924,010-5000-2924,original,1.0000000003158265,35,2.942256829114059e-11
01050002924,010-5000-2924,original,1.0000000003158265,36,-4.985825221545459e-11
01050002924,010-5000-2924,original,1.0000000003158265,37,-5.358416713984834e-11
01050002924,010-5000-2924,original,1.0000000003158265,38,-9.970837347778081e-11
01050002924,010-5000-2924,original,1.0000000003158265,39,1.427612464055684e-11
01050002924,010-5000-2924,original,1.0000000003158265,40,2.3404139362903154e-10
01050002924,010-5000-2924,original,1.0000000003158265,41,-1.0226216099935244e-10
01050002924,010-5000-2924,original,1.0000000003158265,42,3.082371312440922e-12
01050002924,010-5000-2924,original,1.0000000003158265,43,6.443928419843528e-11
01050002924,010-5000-2924,original,1.0000000003158265,44,-1.9634636430286057e-12
01050002924,010-5000-2924,original,1.0000000003158265,45,-3.1636557079016617e-10
01050002924,010-5000-2924,original,1.0000000003158265,46,-2.131225765782268e-11
01050002924,010-5000-2924,original,1.0000000003158265,47,4.760156171362965e-10
01050002924,010-5000-2924,original,1.0000000003158265,48,1.319031968634305e-11
01050002924,010-5000-2924,original,1.0000000003158265,49,8.79444375277365e-11
01050002924,010-5000-2924,original,1.0000000003158265,50,-2.684693557879907e-10
01050002924,010-5000-2924,original,1.0000000003158265,51,6.726000527709224e-11
01050002924,010-5000-2924,original,1.0000000003158265,52,9.210248304832427e-11
01050002924,010-5000-2924,original,1.0000000003158265,53,-5.2215497817752246e-11
01050002924,010-5000-2924,original,1.0000000003158265,54,1.2739479599179813e-10
01050002924,010-5000-2924,original,1.0000000003158265,55,-2.7852359256149528e-11
01050002924,010-5000-2924,original,1.0000000003158265,56,-1.120152112732374e-10
01050002924,010-5000-2924,original,1.0000000003158265,57,5.6250888387866626e-11
01050002924,010-5000-2924,original,1.0000000003158265,58,-1.0073608880007408e-11
01050002924,010-5000-2924,original,1.0000000003158265,59,-8.195729209664627e-11
01050002924,010-5000-2924,original,1.0000000003158265,60,-8.627102235313678e-11
01050002924,010-5000-2924,original,1.0000000003158265,61,-1.5528122236446785e-10
01050002924,010-5000-2924,original,1.0000000003158265,62,3.6990833909157665e-11
01050002924,010-5000-2924,original,1.0000000003158265,63,5.651199890401107e-11
01050002924,010-5000-2924,original,1.0000000003158265,64,3.6515694052822593e-10
01050002924,010-5000-2924,original,1.0000000003158265,65,4.070640923857813e-11
01050002924,010-5000-2924,original,1.0000000003158265,66,-6.146792341935004e-10
01050002924,010-5000-2924,original,1.0000000003158265,67,5.500227470060437e-11
01050002924,010-5000-2924,original,1.0000000003158265,68,5.866612854257212e-11
01050002924,010-5000-2924,original,1.0000000003158265,69,3.6932970511456517e-10
01050002924,010-5000-2924,original,1.0000000003158265,70,-9.670367504649308e-11
01050002924,010-5000-2924,original,1.0000000003158265,71,-6.495371197643602e-12
01050002924,010-5000-2924,original,1.0000000003158265,72,1.8568271480322415e-11
01050002924,010-5000-2924,original,1.0000000003158265,73,1.8006179367927082e-11
01050002924,010-5000-2924,original,1.0000000003158265,74,1.7159386948945422e-10
01050002924,010-5000-2924,original,1.0000000003158265,75,-2.862650443100342e-11
01050002924,010-5000-2924,original,1.0000000003158265,76,-1.9609236953444914e-11
01050002924,010-5000-2924,original,1.0000000003158265,77,1.2500557176482771e-11
01050002924,010-5000-2924,original,1.0000000003158265,78,2.4204482367648146e-12
01050002924,010-5000-2924,original,1.0000000003158265,79,-3.768428365779283e-11
01050002924,010-5000-2924,original,1.0000000003158265,80,-9.913741523271901e-11
01050002924,010-5000-2924,original,1.0000000003158265,81,-5.753364028972947e-11
01050002924,010-5000-2924,original,1.0000000003158265,82,-6.775713734481285e-11
01050002924,010-5000-2924,original,1.0000000003158265,83,-5.0315570706014947e-11
01050002924,010-5000-2924,original,1.0000000003158265,84,1.5363909915386772e-10
01050002924,010-5000-2924,original,1.0000000003158265,85,-1.180510327033094e-11
01050002924,010-5000-2924,original,1.0000000003158265,86,-5.0306318759638245e-11
01050002924,010-5000-2924,original,1.0000000003158265,87,5.613407423133293e-11
01050002924,010-5000-2924,original,1.0000000003158265,88,6.519131550405211e-11
01050002924,010-5000-2924,original,1.0000000003158265,89,2.2695288139287236e-10
01050002924,010-5000-2924,original,1.0000000003158265,90,-1.415185729005671e-10
01050002924,010-5000-2924,original,1.0000000003158265,91,2.2781826908342985e-10
01050002924,010-5000-2924,original,1.0000000003158265,92,3.8928598840463395e-10
01050002924,010-5000-2924,original,1.0000000003158265,93,-4.5067639263794935e-11
01050002924,010-5000-2924,original,1.0000000003158265,94,4.556630469365464e-11
01050002924,010-5000-2924,original,1.0000000003158265,95,-1.4323212853348886e-11
01050002924,010-5000-2924,original,1.0000000003158265,96,4.016288926687498e-10
01050002924,010-5000-2924,original,1.0000000003158265,97,-3.9569655144258745e-10
01050002924,010-5000-2924,original,1.0000000003158265,98,8.121999388641046e-11
01050002924,010-5000-2924,original,1.0000000003158265,99,-4.4356600763675964e-11
01050002924,010-5000-2924,original,1.0000000003158265,100,-1.4229541024749992e-10
01050002924,010-5000-2924,original,1.0000000003158265,101,-2.4086344532259514e-10
01050002924,010-5000-2924,original,1.0000000003158265,102,4.318885238910683e-10
01050002924,010-5000-2924,original,1.0000000003158265,103,-1.312493231084e-10
01050002924,010-5000-2924,original,1.0000000003158265,104,1.0211902588912396e-11
01050002924,010-5000-2924,original,1.0000000003158265,105,-6.922557861885445e-11
01050002924,010-5000-2924,original,1.0000000003158265,106,-1.2441002576279799e-10
01050002924,010-5000-2924,original,1.0000000003158265,107,-3.169318079275914e-11
01050002924,010-5000-2924,original,1.0000000003158265,108,2.9277382681293975e-11
01050002924,010-5000-2924,original,1.0000000003158265,109,1.0667600132261891e-10
01050002924,010-5000-2924,original,1.0000000003158265,110,-5.748835977381162e-11
01050002924,010-5000-2924,original,1.0000000003158265,111,2.978620766177869e-11
01050002924,010-5000-2924,original,1.0000000003158265,112,1.6202668615890444e-10
01050002924,010-5000-2924,original,1.0000000003158265,113,-1.0371091056901898e-11
01050002924,010-5000-2924,original,1.0000000003158265,114,1.8859739234119806e-10
01050002924,010-5000-2924,original,1.0000000003158265,115,3.895308629445602e-11
01050002924,010-5000-2924,original,1.0000000003158265,116,7.262256868125499e-11
01050002924,010-5000-2924,original,1.0000000003158265,117,4.566069303534458e-11
01050002924,010-5000-2924,original,1.0000000003158265,118,1.9424834767629355e-10
01050002924,010-5000-2924,original,1.0000000003158265,119,-3.444718880487804e-10
01050002924,010-5000-2924,original,1.0000000003158265,120,-6.4327173970406e-11
01050002924,010-5000-2924,original,1.0000000003158265,121,-1.7221405372175244e-10
01050002924,010-5000-2924,original,1.0000000003158265,122,-9.326349862101984e-11
01050002924,010-5000-2924,original,1.0000000003158265,123,-1.5105883684811683e-11
01050002924,010-5000-2924,original,1.0000000003158265,124,-2.147631834958761e-10
01050002924,010-5000-2924,original,1.0000000003158265,125,-2.511426713129318e-10
01050002924,010-5000-2924,original,1.0000000003158265,126,-1.063926376081154e-11
01050002924,010-5000-2924,original,1.0000000003158265,127,-1.8072260623113933e-10
01050002924,010-5000-2924,original,1.0000000003158265,128,1.9410800953074097e-10
01050002924,010-5000-2924,original,1.0000000003158265,129,1.2199542006816073e-10
01050002924,010-5000-2924,original,1.0000000003158265,130,-1.1256558809544777e-10
01050002924,010-5000-2924,original,1.0000000003158265,131,-3.025034733773195e-11
01050002924,010-5000-2924,original,1.0000000003158265,132,-8.468277790903183e-13
01050002924,010-5000-2924,original,1.0000000003158265,133,-3.143110861771603e-10
01050002924,010-5000-2924,original,1.0000000003158265,134,-1.1204155577041799e-10
01050002924,010-5000-2924,original,1.0000000003158265,135,7.590312662928755e-11
01050002924,010-5000-2924,original,1.0000000003158265,136,3.702449843356958e-11
01050002924,010-5000-2924,original,1.0000000003158265,137,-3.3700223582702384e-11
01050002924,010-5000-2924,original,1.0000000003158265,138,-1.3236712573207174e-10
01050002924,010-5000-2924,original,1.0000000003158265,139,-1.3047219372743978e-10
01050002924,010-5000-2924,original,1.0000000003158265,140,-1.7337006870270697e-10
01050002924,010-5000-2924,original,1.0000000003158265,141,9.48048290102164e-12
01050002924,010-5000-2924,original,1.0000000003158265,142,0.9999997057319447
01050002924,010-5000-2924,original,1.0000000003158265,143,0.9999996855298627
01050002924,010-5000-2924,original,1.0000000003158265,144,0.9999996982483079
01050002924,010-5000-2924,original,1.0000000003158265,145,0.9999996986486432
01050002924,010-5000-2924,original,1.0000000003158265,146,0.9999997223718791
01050002924,010-5000-2924,original,1.0000000003158265,147,0.9999997449325073
01050002924,010-5000-2924,original,1.0000000003158265,148,0.999999690311902
01050002924,010-5000-2924,original,1.0000000003158265,149,0.9999996779613429
01050002924,010-5000-2924,original,1.0000000003158265,150,4.741747198348385e-10
01050002924,010-5000-2924,original,1.0000000003158265,151,2.3311394845408066e-11
01050002924,010-5000-2924,original,1.0000000003158265,152,1.5646163622325793e-11
01050002924,010-5000-2924,original,1.0000000003158265,153,1.0258073619814404e-10
01050002924,010-5000-2924,original,1.0000000003158265,154,7.921641438995182e-11
01050002924,010-5000-2924,original,1.0000000003158265,155,-1.7711888218242545e-11
01050002924,010-5000-2924,original,1.0000000003158265,156,0.9999996865526681
01050002924,010-5000-2924,original,1.0000000003158265,157,8.711975276980918e-11
01050002924,010-5000-2924,original,1.0000000003158265,158,8.997079216847427e-11
01050002924,010-5000-2924,original,1.0000000003158265,159,-5.4980500079199634e-11
01050002924,010-5000-2924,original,1.0000000003158265,160,0.9999996999267083
01050002924,010-5000-2924,original,1.0000000003158265,161,1.62525421190722e-11
01050002924,010-5000-2924,original,1.0000000003158265,162,4.3961579530861495e-11
01050002924,010-5000-2924,original,1.0000000003158265,163,0.9999996930358989
01050002924,010-5000-2924,original,1.0000000003158265,164,0.9999996955202131
01050002924,010-5000-2924,original,1.0000000003158265,165,4.1811912623784475e-11
01050002924,010-5000-2924,original,1.0000000003158265,166,-4.503676642896637e-12
01050002924,010-5000-2924,original,1.0000000003158265,167,5.676805413513293e-11
01050002924,010-5000-2924,original,1.0000000003158265,168,1.639906753564629e-10
01050002924,010-5000-2924,original,1.0000000003158265,169,-3.118030685235758e-10
01050002924,010-5000-2924,original,1.0000000003158265,170,-9.745750880011884e-11
01050002924,010-5000-2924,original,1.0000000003158265,171,3.644328578585061e-10
01050002924,010-5000-2924,original,1.0000000003158265,172,5.810792680421213e-11
01050002924,010-5000-2924,original,1.0000000003158265,173,-4.7505816645725195e-12
01050002924,010-5000-2924,original,1.0000000003158265,174,-8.380296583138877e-11
01050002924,010-5000-2924,original,1.0000000003158265,175,-1.832197384140763e-11
01050002924,010-5000-2924,original,1.0000000003158265,176,-2.377266882414716e-11
01050002924,010-5000-2924,original,1.0000000003158265,177,4.996240828592085e-10
01050002924,010-5000-2924,original,1.0000000003158265,178,-1.3328934674774013e-10
01050002924,010-5000-2924,original,1.0000000003158265,179,6.468764045023422e-11
01050002924,010-5000-2924,original,1.0000000003158265,180,7.16763499965444e-11
01050002924,010-5000-2924,original,1.0000000003158265,181,-8.393945021189842e-11
01050002924,010-5000-2924,original,1.0000000003158265,182,-2.0444776383975625e-10
01050002924,010-5000-2924,original,1.0000000003158265,183,-6.236616134282265e-12
01050002924,010-5000-2924,original,1.0000000003158265,184,-2.069524151702206e-12
01050002924,010-5000-2924,original,1.0000000003158265,185,1.0608359152128932e-10
01050002924,010-5000-2924,original,1.0000000003158265,186,-9.222959898655717e-11
01050002924,010-5000-2924,original,1.0000000003158265,187,-4.610624955349797e-11
01050002924,010-5000-2924,original,1.0000000003158265,188,3.666362809240656e-11
01050002924,010-5000-2924,original,1.0000000003158265,189,-1.1666556362564486e-10
01050002924,010-5000-2924,original,1.0000000003158265,190,-1.4025759621110156e-10
01050002924,010-5000-2924,original,1.0000000003158265,191,4.135410052926335e-12
01050002924,010-5000-2924,original,1.0000000003158265,192,1.6752863548505732e-10
01050002924,010-5000-2924,original,1.0000000003158265,193,-1.1038431445360682e-10
01050002924,010-5000-2924,original,1.0000000003158265,194,-4.942256637146943e-11
01050002924,010-5000-2924,original,1.0000000003158265,195,-4.4418915905895795e-10
01050002924,010-5000-2924,original,1.0000000003158265,196,-3.432317800638194e-11
01050002924,010-5000-2924,original,1.0000000003158265,197,8.073541320122395e-11
01050002924,010-5000-2924,original,1.0000000003158265,198,-1.5149383773175026e-10
01050002924,010-5000-2924,original,1.0000000003158265,199,-2.5323135272682046e-10
01050002924,010-5000-2924,original,1.0000000003158265,200,3.020231356789062e-11
01050002924,010-5000-2924,original,1.0000000003158265,201,2.4657052333611208e-11
01050002924,010-5000-2924,original,1.0000000003158265,202,-1.0926547113100038e-10
01050002924,010-5000-2924,original,1.0000000003158265,203,6.202466978836076e-11
01050002925,010-5000-2925,"one digit, last group",-2.753059676479672e-10,0,-4.701592971859257e-11
01050002925,010-5000-2925,"one digit, last group",-2.753059676479672e-10,1,-8.621620945945997e-11
01050002925,010-5000-2925,"one digit, last group",-2.753059676479672e-10,2,4.4205135791868374e-11
01050002925,010-5000-2925,"one digit, last group",-2.753059676479672e-10,3,-1.8243760913748145e-11
01050002925,010-5000-2925,"one digit, last group",-2.753059676479672e-10,4,1.7973782781364813e-10
01050002925,010-5000-2925,"one digit, last group",-2.753059676479672e-10,5,2.512807161588837e-10
01050002925,010-5000-2925,"one digit, last group",-2.753059676479672e-10,6,-1.66705784873581e-10
01050002925,010-5000-2925,"one digit, last group",-2.753059676479672e-10,7,2.9185016835274494e-11
01050002925,010-5000-2925,"one digit, last group",-2.753059676479672e-10,8,-5.119333588877267e-10
01050002925,010-5000-2925,"one digit, last group",-2.753059676479672e-10,9,-6.651317842273155e-11
01050002925,010-5000-2925,"one digit, last group",-2.753059676479672e-10,10,2.6313525045887815e-13
01050002925,010-5000-2925,"one digit, last group",-2.753059676479672e-10,11,1.4948451752013264e-10
01050002925,010-5000-2925,"one digit, last group",-2.753059676479672e-10,12,8.487954255985635e-11
01050002925,010-5000-2925,"one digit, last group",-2.753059676479672e-10,13,-2.3763998065684162e-11
01050002925,010-5000-2925,"one digit, last group",-2.753059676479672e-10,14,-7.979037256096843e-11
01050002925,010-5000-2925,"one digit, last group",-2.753059676479672e-10,15,-3.225441963960281e-11
01050002925,010-5000-2925,"one digit, last group",-2.753059676479672e-10,16,1.426270487763746e-10
01050002925,010-5000-2925,"one digit, last group",-2.753059676479672e-10,17,1.558518608291037e-11
01050002925,010-5000-2925,"one digit, last group",-2.753059676479672e-10,18,8.657218935564843e-11
01050002925,010-5000-2925,"one digit, last group",-2.753059676479672e-10,19,5.5720742941026454e-11
01050002925,010-5000-2925,"one digit, last group",-2.753059676479672e-10,20,-1.1052100487143679e-10
01050002925,010-5000-2925,"one digit, last group",-2.753059676479672e-10,21,1.215416754685635e-10
01050002925,010-5000-2925,"one digit, last group",-2.753059676479672e-10,22,-1.6555514743637569e-10
01050002925,010-5000-2925,"one digit, last group",-2.753059676479672e-10,23,6.299865432678481e-11
01050002925,010-5000-2925,"one digit, last group",-2.753059676479672e-10,24,3.062325141660547e-11
01050002925,010-5000-2925,"one digit, last group",-2.753059676479672e-10,25,9.207207755778951e-11
01050002925,010-5000-2925,"one digit, last group",-2.753059676479672e-10,26,1.3805365873504829e-11
01050002925,010-5000-2925,"one digit, last group",-2.753059676479672e-10,27,-1.3893273901526346e-10
01050002925,010-5000-2925,"one digit, last group",-2.753059676479672e-10,28,1.3349151254580568e-10
01050002925,010-5000-2925,"one digit, last group",-2.753059676479672e-10,29,5.792014230353427e-11
01050002925,010-5000-2925,"one digit, last group",-2.753059676479672e-10,30,-1.4875802719893155e-10
01050002925,010-5000-2925,"one digit, last group",-2.753059676479672e-10,31,-1.8992497881962863e-11
01050002925,010-5000-2925,"one digit, last group",-2.753059676479672e-10,32,-1.372271984873863e-10
01050002925,010-5000-2925,"one digit, last group",-2.753059676479672e-10,33,-1.8271152964462752e-10
01050002925,010-5000-2925,"one digit, last group",-2.753059676479672e-10,34,-9.365189385147382e-12
01050002925,010-5000-2925,"one digit, last group",-2.753059676479672e-10,35,4.001947716526069e-11
01050002925,010-5000-2925,"one digit, last group",-2.753059676479672e-10,36,-1.3406918024467156e-11
01050002925,010-5000-2925,"one digit, last group",-2.753059676479672e-10,37,-6.791372350504847e-11
01050002925,010-5000-2925,"one digit, last group",-2.753059676479672e-10,38,-2.8716799782241543e-11
01050002925,010-5000-2925,"one digit, last group",-2.753059676479672e-10,39,-1.0570536405620028e-10
01050002925,010-5000-2925,"one digit, last group",-2.753059676479672e-10,40,8.857193950612747e-11
01050002925,010-5000-2925,"one digit, last group",-2.753059676479672e-10,41,-1.6212931632247391e-12
01050002925,010-5000-2925,"one digit, last group",-2.753059676479672e-10,42,1.7428290289257829e-10
01050002925,010-5000-2925,"one digit, last group",-2.753059676479672e-10,43,1.1815339141251166e-11
01050002925,010-5000-2925,"one digit, last group",-2.753059676479672e-10,44,3.9376775577790495e-11
01050002925,010-5000-2925,"one digit, last group",-2.753059676479672e-10,45,8.341777564513e-11
01050002925,010-5000-2925,"one digit, last group",-2.753059676479672e-10,46,1.1570454026950167e-10
01050002925,010-5000-2925,"one digit, last group",-2.753059676479672e-10,47,-7.321189749223355e-11
01050002925,010-5000-2925,"one digit, last group",-2.753059676479672e-10,48,-1.7449292620155988e-10
01050002925,010-5000-2925,"one digit, last group",-2.753059676479672e-10,49,5.001105626426048e-11
01050002925,010-5000-2925,"one digit, last group",-2.753059676479672e-10,50,2.2933227633722455e-11
01050002925,010-5000-2925,"one digit, last group",-2.753059676479672e-10,51,3.281621124465945e-11
01050002925,010-5000-2925,"one digit, last group",-2.753059676479672e-10,52,-2.1558123455595039e-10
01050002925,010-5000-2925,"one digit, last group",-2.753059676479672e-10,53,-1.2644492593773414e-12
01050002925,010-5000-2925,"one digit, last group",-2.753059676479672e-10,54,-6.60974770883468e-11
01050002925,010-5000-2925,"one digit, last group",-2.753059676479672e-10,55,1.5517770858082875e-10
01050002925,010-5000-2925,"one digit, last group",-2.753059676479672e-10,56,-1.8870888272755252e-10
01050002925,010-5000-2925,"one digit, last group",-2.753059676479672e-10,57,-3.1608026129649917e-11
01050002925,010-5000-2925,"one digit, last group",-2.753059676479672e-10,58,5.667616956449903e-12
01050002925,010-5000-2925,"one digit, last group",-2.753059676479672e-10,59,7.720650725046704e-11
01050002925,010-5000-2925,"one digit, last group",-2.753059676479672e-10,60,8.202786468254677e-11
01050002925,010-5000-2925,"one digit, last group",-2.753059676479672e-10,61,-1.0215582455611899e-10
01050002925,010-5000-2925,"one digit, last group",-2.753059676479672e-10,62,1.3740579259599049e-11
01050002925,010-5000-2925,"one digit, last group",-2.753059676479672e-10,63,2.629255686434273e-11
01050002925,010-5000-2925,"one digit, last group",-2.753059676479672e-10,64,-7.23775378568526e-13
01050002925,010-5000-2925,"one digit, last group",-2.753059676479672e-10,65,1.3922888382496912e-10
01050002925,010-5000-2925,"one digit, last group",-2.753059676479672e-10,66,-3.8969823288478094e-10
01050002925,010-5000-2925,"one digit, last group",-2.753059676479672e-10,67,-2.839070817845988e-10
01050002925,010-5000-2925,"one digit, last group",-2.753059676479672e-10,68,-2.9032669781719915e-11
01050002925,010-5000-2925,"one digit, last group",-2.753059676479672e-10,69,6.17986304889164e-11
01050002925,010-5000-2925,"one digit, last group",-2.753059676479672e-10,70,-8.272083136438373e-11
01050002925,010-5000-2925,"one digit, last group",-2.753059676479672e-10,71,-1.484516829799099e-11
01050002925,010-5000-2925,"one digit, last group",-2.753059676479672e-10,72,1.697033563095421e-11
01050002925,010-5000-2925,"one digit, last group",-2.753059676479672e-10,73,-2.1633013898508573e-11
01050002925,010-5000-2925,"one digit, last group",-2.753059676479672e-10,74,-1.5755536508876046e-10
01050002925,010-5000-2925,"one digit, last group",-2.753059676479672e-10,75,1.4333605460866878e-10
01050002925,010-5000-2925,"one digit, last group",-2.753059676479672e-10,76,6.644008664349494e-11
01050002925,010-5000-2925,"one digit, last group",-2.753059676479672e-10,77,7.399113434458503e-12
01050002925,010-5000-2925,"one digit, last group",-2.753059676479672e-10,78,-3.9088448464480634e-10
01050002925,010-5000-2925,"one digit, last group",-2.753059676479672e-10,79,8.326830967338255e-11
01050002925,010-5000-2925,"one digit, last group",-2.753059676479672e-10,80,1.7542657553245756e-11
01050002925,010-5000-2925,"one digit, last group",-2.753059676479672e-10,81,2.573502360258595e-11
01050002925,010-5000-2925,"one digit, last group",-2.753059676479672e-10,82,6.788769169308555e-10
01050002925,010-5000-2925,"one digit, last group",-2.753059676479672e-10,83,7.701865101540146e-11
01050002925,010-5000-2925,"one digit, last group",-2.753059676479672e-10,84,-4.172781351255774e-11
01050002925,010-5000-2925,"one digit, last group",-2.753059676479672e-10,85,-1.1893734311214447e-11
01050002925,010-5000-2925,"one digit, last group",-2.753059676479672e-10,86,3.035791391362333e-10
01050002925,010-5000-2925,"one digit, last group",-2.753059676479672e-10,87,1.4441338336632512e-10
01050002925,010-5000-2925,"one digit, last group",-2.753059676479672e-10,88,7.984888145332605e-11
01050002925,010-5000-2925,"one digit, last group",-2.753059676479672e-10,89,-6.280346663205595e-11
01050002925,010-5000-2925,"one digit, last group",-2.753059676479672e-10,90,4.676435881797094e-12
01050002925,010-5000-2925,"one digit, last group",-2.753059676479672e-10,91,4.2815089717357605e-10
01050002925,010-5000-2925,"one digit, last group",-2.753059676479672e-10,92,2.3274474094479053e-10
01050002925,010-5000-2925,"one digit, last group",-2.753059676479672e-10,93,1.152285913491723e-10
01050002925,010-5000-2925,"one digit, last group",-2.753059676479672e-10,94,-1.1293284179550026e-10
01050002925,010-5000-2925,"one digit, last group",-2.753059676479672e-10,95,6.302979068558987e-11
01050002925,010-5000-2925,"one digit, last group",-2.753059676479672e-10,96,2.1112496057357108e-10
01050002925,010-5000-2925,"one digit, last group",-2.753059676479672e-10,97,2.2244431713130692e-10
01050002925,010-5000-2925,"one digit, last group",-2.753059676479672e-10,98,-8.451093299611271e-11
01050002925,010-5000-2925,"one digit, last group",-2.753059676479672e-10,99,6.466284142901426e-11
01050002925,010-5000-2925,"one digit, last group",-2.753059676479672e-10,100,3.1363725146882145e-11
01050002925,010-5000-2925,"one digit, last group",-2.753059676479672e-10,101,1.0413900705244954e-10
01050002925,010-5000-2925,"one digit, last group",-2.753059676479672e-10,102,5.083483765175251e-11
01050002925,010-5000-2925,"one digit, last group",-2.753059676479672e-10,103,-2.558293770918274e-10
01050002925,010-5000-2925,"one digit, last group",-2.753059676479672e-10,104,-1.350861245503525e-10
01050002925,010-5000-2925,"one digit, last group",-2.753059676479672e-10,105,6.44957477522823e-11
01050002925,010-5000-2925,"one digit, last group",-2.753059676479672e-10,106,-1.128926669230902e-10
01050002925,010-5000-2925,"one digit, last group",-2.753059676479672e-10,107,-7.128373411297159e-11
01050002925,010-5000-2925,"one digit, last group",-2.753059676479672e-10,108,-1.0699597265601914e-10
01050002925,010-5000-2925,"one digit, last group",-2.753059676479672e-10,109,-1.394604622268791e-10
01050002925,010-5000-2925,"one digit, last group",-2.753059676479672e-10,110,4.2949241712469285e-11
01050002925,010-5000-2925,"one digit, last group",-2.753059676479672e-10,111,-8.496106456098198e-11
01050002925,010-5000-2925,"one digit, last group",-2.753059676479672e-10,112,3.404011421985849e-11
01050002925,010-5000-2925,"one digit, last group",-2.753059676479672e-10,113,-2.1092284262627533e-11
01050002925,010-5000-2925,"one digit, last group",-2.753059676479672e-10,114,1.9520275914083784e-10
01050002925,010-5000-2925,"one digit, last group",-2.753059676479672e-10,115,-6.085366510934345e-11
01050002925,010-5000-2925,"one digit, last group",-2.753059676479672e-10,116,-4.67175267997679e-12
01050002925,010-5000-2925,"one digit, last group",-2.753059676479672e-10,117,-1.2686765498077797e-10
01050002925,010-5000-2925,"one digit, last group",-2.753059676479672e-10,118,1.1414413970927541e-10
01050002925,010-5000-2925,"one digit, last group",-2.753059676479672e-10,119,2.831056975509481e-10
01050002925,010-5000-2925,"one digit, last group",-2.753059676479672e-10,120,-1.4338991666420288e-11
01050002925,010-5000-2925,"one digit, last group",-2.753059676479672e-10,121,-2.500480643779835e-10
01050002925,010-5000-2925,"one digit, last group",-2.753059676479672e-10,122,-2.9095689808852927e-10
01050002925,010-5000-2925,"one digit, last group",-2.753059676479672e-10,123,-5.219201384804986e-12
01050002925,010-5000-2925,"one digit, last group",-2.753059676479672e-10,124,-2.5652013271842648e-11
01050002925,010-5000-2925,"one digit, last group",-2.753059676479672e-10,125,-7.174930764813248e-11
01050002925,010-5000-2925,"one digit, last group",-2.753059676479672e-10,126,1.2540344876675599e-11
01050002925,010-5000-2925,"one digit, last group",-2.753059676479672e-10,127,-3.113361080870515e-10
01050002925,010-5000-2925,"one digit, last group",-2.753059676479672e-10,128,-9.45869198127636e-12
01050002925,010-5000-2925,"one digit, last group",-2.753059676479672e-10,129,3.115546522270032e-11
01050002925,010-5000-2925,"one digit, last group",-2.753059676479672e-10,130,2.575273253036098e-12
01050002925,010-5000-2925,"one digit, last group",-2.753059676479672e-10,131,-1.4993860185189384e-10
01050002925,010-5000-2925,"one digit, last group",-2.753059676479672e-10,132,-2.8925665343507703e-11
01050002925,010-5000-2925,"one digit, last group",-2.753059676479672e-10,133,1.904962194884667e-11
01050002925,010-5000-2925,"one digit, last group",-2.753059676479672e-10,134,-5.104247613347338e-11
01050002925,010-5000-2925,"one digit, last group",-2.753059676479672e-10,135,9.891518188720765e-11
01050002925,010-5000-2925,"one digit, last group",-2.753059676479672e-10,136,1.6623361516164597e-11
01050002925,010-5000-2925,"one digit, last group",-2.753059676479672e-10,137,-1.1686503095491712e-10
01050002925,010-5000-2925,"one digit, last group",-2.753059676479672e-10,138,-9.126890715240994e-11
01050002925,010-5000-2925,"one digit, last group",-2.753059676479672e-10,139,-4.935156365633489e-11
01050002925,010-5000-2925,"one digit, last group",-2.753059676479672e-10,140,2.1993226773029492e-10
01050002925,010-5000-2925,"one digit, last group",-2.753059676479672e-10,141,-1.831778911693434e-10
01050002925,010-5000-2925,"one digit, last group",-2.753059676479672e-10,142,-7.896396870580953e-09
01050002925,010-5000-2925,"one digit, last group",-2.753059676479672e-10,143,-3.6761732512904865e-09
01050002925,010-5000-2925,"one digit, last group",-2.753059676479672e-10,144,5.5395204861017946e-09
01050002925,010-5000-2925,"one digit, last group",-2.753059676479672e-10,145,-4.798763575065566e-10
01050002925,010-5000-2925,"one digit, last group",-2.753059676479672e-10,146,6.428903063573267e-08
01050002925,010-5000-2925,"one digit, last group",-2.753059676479672e-10,147,7.792046785677549e-08
01050002925,010-5000-2925,"one digit, last group",-2.753059676479672e-10,148,1.532958155708239e-08
01050002925,010-5000-2925,"one digit, last group",-2.753059676479672e-10,149,-5.303015485571824e-09
01050002925,010-5000-2925,"one digit, last group",-2.753059676479672e-10,150,-1.5878693959427902e-10
01050002925,010-5000-2925,"one digit, last group",-2.753059676479672e-10,151,4.7699094791123455e-11
01050002925,010-5000-2925,"one digit, last group",-2.753059676479672e-10,152,1.0880116327376439e-10
01050002925,010-5000-2925,"one digit, last group",-2.753059676479672e-10,153,-4.590190605984608e-11
01050002925,010-5000-2925,"one digit, last group",-2.753059676479672e-10,154,-2.9175984090305186e-11
01050002925,010-5000-2925,"one digit, last group",-2.753059676479672e-10,155,5.2200431747959026e-11
01050002925,010-5000-2925,"one digit, last group",-2.753059676479672e-10,156,-1.3227613466530106e-09
01050002925,010-5000-2925,"one digit, last group",-2.753059676479672e-10,157,-5.3975759376144334e-12
01050002925,010-5000-2925,"one digit, last group",-2.753059676479672e-10,158,-8.051819790963348e-11
01050002925,010-5000-2925,"one digit, last group",-2.753059676479672e-10,159,-8.501661478012553e-12
01050002925,010-5000-2925,"one digit, last group",-2.753059676479672e-10,160,7.191609688371937e-11
01050002925,010-5000-2925,"one digit, last group",-2.753059676479672e-10,161,7.286376316691749e-12
01050002925,010-5000-2925,"one digit, last group",-2.753059676479672e-10,162,5.6832256578082353e-11
01050002925,010-5000-2925,"one digit, last group",-2.753059676479672e-10,163,3.73616857057816e-09
01050002925,010-5000-2925,"one digit, last group",-2.753059676479672e-10,164,-2.826836048602902e-09
01050002925,010-5000-2925,"one digit, last group",-2.753059676479672e-10,165,-2.703333260810795e-10
01050002925,010-5000-2925,"one digit, last group",-2.753059676479672e-10,166,1.897768586759721e-11
01050002925,010-5000-2925,"one digit, last group",-2.753059676479672e-10,167,1.1714587814528087e-10
01050002925,010-5000-2925,"one digit, last group",-2.753059676479672e-10,168,-8.060131955136784e-11
01050002925,010-5000-2925,"one digit, last group",-2.753059676479672e-10,169,-1.9081933055032363e-10
01050002925,010-5000-2925,"one digit, last group",-2.753059676479672e-10,170,-4.585593888051743e-11
01050002925,010-5000-2925,"one digit, last group",-2.753059676479672e-10,171,2.9677165223069705e-10
01050002925,010-5000-2925,"one digit, last group",-2.753059676479672e-10,172,8.379861475334513e-11
01050002925,010-5000-2925,"one digit, last group",-2.753059676479672e-10,173,-9.103455940035023e-11
01050002925,010-5000-2925,"one digit, last group",-2.753059676479672e-10,174,1.2892132539441095e-10
01050002925,010-5000-2925,"one digit, last group",-2.753059676479672e-10,175,-9.502931790500269e-11
01050002925,010-5000-2925,"one digit, last group",-2.753059676479672e-10,176,5.913525731800894e-11
01050002925,010-5000-2925,"one digit, last group",-2.753059676479672e-10,177,-9.404045400229466e-11
01050002925,010-5000-2925,"one digit, last group",-2.753059676479672e-10,178,1.2447219551019452e-10
01050002925,010-5000-2925,"one digit, last group",-2.753059676479672e-10,179,1.2440682250576338e-10
01050002925,010-5000-2925,"one digit, last group",-2.753059676479672e-10,180,-2.409125122461355e-10
01050002925,010-5000-2925,"one digit, last group",-2.753059676479672e-10,181,5.125464739349009e-10
01050002925,010-5000-2925,"one digit, last group",-2.753059676479672e-10,182,1.9315233070325214e-11
01050002925,010-5000-2925,"one digit, last group",-2.753059676479672e-10,183,-2.4136384240542207e-10
01050002925,010-5000-2925,"one digit, last group",-2.753059676479672e-10,184,2.1165350366330202e-11
01050002925,010-5000-2925,"one digit, last group",-2.753059676479672e-10,185,-7.122783879741674e-11
01050002925,010-5000-2925,"one digit, last group",-2.753059676479672e-10,186,-8.426315637521595e-11
01050002925,010-5000-2925,"one digit, last group",-2.753059676479672e-10,187,2.853625187958146e-11
01050002925,010-5000-2925,"one digit, last group",-2.753059676479672e-10,188,-2.597608917492775e-10
01050002925,010-5000-2925,"one digit, last group",-2.753059676479672e-10,189,5.721713545965511e-11
01050002925,010-5000-2925,"one digit, last group",-2.753059676479672e-10,190,-2.2590412062592862e-10
01050002925,010-5000-2925,"one digit, last group",-2.753059676479672e-10,191,4.348129341975768e-11
01050002925,010-5000-2925,"one digit, last group",-2.753059676479672e-10,192,-1.4481346852333045e-10
01050002925,010-5000-2925,"one digit, last group",-2.753059676479672e-10,193,2.779452383641326e-10
01050002925,010-5000-2925,"one digit, last group",-2.753059676479672e-10,194,-2.2738663702730993e-11
01050002925,010-5000-2925,"one digit, last group",-2.753059676479672e-10,195,-5.938886866107308e-11
01050002925,010-5000-2925,"one digit, last group",-2.753059676479672e-10,196,7.386914875560228e-11
01050002925,010-5000-2925,"one digit, last group",-2.753059676479672e-10,197,1.81833147989115e-10
01050002925,010-5000-2925,"one digit, last group",-2.753059676479672e-10,198,3.380460786110646e-11
01050002925,010-5000-2925,"one digit, last group",-2.753059676479672e-10,199,-9.729249171788724e-10
01050002925,010-5000-2925,"one digit, last group",-2.753059676479672e-10,200,7.304596020731712e-11
01050002925,010-5000-2925,"one digit, last group",-2.753059676479672e-10,201,4.538666731715811e-12
01050002925,010-5000-2925,"one digit, last group",-2.753059676479672e-10,202,5.868763871455014e-11
01050002925,010-5000-2925,"one digit, last group",-2.753059676479672e-10,203,-5.7992650739572973e-11
01051009080,010-5100-9080,original,1.0000000004676934,0,6.589928705268094e-11
01051009080,010-5100-9080,original,1.0000000004676934,1,2.098911756696045e-10
01051009080,010-5100-9080,original,1.0000000004676934,2,9.986295336866615e-11
01051009080,010-5100-9080,original,1.0000000004676934,3,-2.2938504050610448e-11
01051009080,010-5100-9080,original,1.0000000004676934,4,-1.5884259817946565e-10
01051009080,010-5100-9080,original,1.0000000004676934,5,2.832717424841959e-11
01051009080,010-5100-9080,original,1.0000000004676934,6,7.659291129265776e-12
01051009080,010-5100-9080,original,1.0000000004676934,7,-2.9348370206892835e-11
01051009080,010-5100-9080,original,1.0000000004676934,8,-3.3043665201697856e-10
01051009080,010-5100-9080,original,1.0000000004676934,9,-8.692090912921781e-11
01051009080,010-5100-9080,original,1.0000000004676934,10,9.275948197639595e-11
01051009080,010-5100-9080,original,1.0000000004676934,11,-3.030185029215078e-10
01051009080,010-5100-9080,original,1.0000000004676934,12,3.6011073448954837e-10
01051009080,010-5100-9080,original,1.0000000004676934,13,4.376682254241829e-11
01051009080,010-5100-9080,original,1.0000000004676934,14,-4.450822122484122e-11
01051009080,010-5100-9080,original,1.0000000004676934,15,8.10928471790856e-12
01051009080,010-5100-9080,original,1.0000000004676934,16,-9.924896229100479e-11
01051009080,010-5100-9080,original,1.0000000004676934,17,8.050628045791021e-10
01051009080,010-5100-9080,original,1.0000000004676934,18,-2.0220018867245422e-10
01051009080,010-5100-9080,original,1.0000000004676934,19,7.254810821084377e-11
01051009080,010-5100-9080,original,1.0000000004676934,20,-3.403607900306863e-11
01051009080,010-5100-9080,original,1.0000000004676934,21,-1.2961451506280722e-11
01051009080,010-5100-9080,original,1.0000000004676934,22,-7.480441520643707e-11
01051009080,010-5100-9080,original,1.0000000004676934,23,8.137435185432318e-13
01051009080,010-5100-9080,original,1.0000000004676934,24,-2.0741694936739763e-10
01051009080,010-5100-9080,original,1.0000000004676934,25,-2.593909645698114e-10
01051009080,010-5100-9080,original,1.0000000004676934,26,-3.9822144667847403e-10
01051009080,010-5100-9080,original,1.0000000004676934,27,3.6425208924259276e-11
01051009080,010-5100-9080,original,1.0000000004676934,28,3.308706259266008e-11
01051009080,010-5100-9080,original,1.0000000004676934,29,-5.210341553671703e-11
01051009080,010-5100-9080,original,1.0000000004676934,30,2.066921208914774e-10
01051009080,010-5100-9080,original,1.0000000004676934,31,1.5314112562271746e-10
01051009080,010-5100-9080,original,1.0000000004676934,32,-5.008302266227017e-11
01051009080,010-5100-9080,original,1.0000000004676934,33,-3.8560785266790104e-10
01051009080,010-5100-9080,original,1.0000000004676934,34,-4.9850659194441314e-11
01051009080,010-5100-9080,original,1.0000000004676934,35,-5.662600144149955e-11
01051009080,010-5100-9080,original,1.0000000004676934,36,7.44091962109369e-11
01051009080,010-5100-9080,original,1.0000000004676934,37,9.346090045587513e-11
01051009080,010-5100-9080,original,1.0000000004676934,38,-8.338211286703265e-11
01051009080,010-5100-9080,original,1.0000000004676934,39,-1.6296045064584868e-10
01051009080,010-5100-9080,original,1.0000000004676934,40,4.1399403235740286e-10
01051009080,010-5100-9080,original,1.0000000004676934,41,8.037004407983795e-11
01051009080,010-5100-9080,original,1.0000000004676934,42,-1.1063969256577221e-10
01051009080,010-5100-9080,original,1.0000000004676934,43,-9.723105222096747e-11
01051009080,010-5100-9080,original,1.0000000004676934,44,1.0519511251364635e-11
01051009080,010-5100-9080,original,1.0000000004676934,45,-2.3643276409893054e-11
01051009080,010-5100-9080,original,1.0000000004676934,46,-6.210824436790818e-11
01051009080,010-5100-9080,original,1.0000000004676934,47,-1.8389135955843854e-10
01051009080,010-5100-9080,original,1.0000000004676934,48,1.245707519432086e-10
01051009080,010-5100-9080,original,1.0000000004676934,49,5.310501442383692e-11
01051009080,010-5100-9080,original,1.0000000004676934,50,-1.1757900790829513e-10
01051009080,010-5100-9080,original,1.0000000004676934,51,4.4925722346111826e-11
01051009080,010-5100-9080,original,1.0000000004676934,52,1.5528412973986048e-10
01051009080,010-5100-9080,original,1.0000000004676934,53,3.675649398752259e-11
01051009080,010-5100-9080,original,1.0000000004676934,54,-1.1596692840334482e-10
01051009080,010-5100-9080,original,1.0000000004676934,55,-2.0593506308350914e-10
01051009080,010-5100-9080,original,1.0000000004676934,56,-8.116821263046488e-11
01051009080,010-5100-9080,original,1.0000000004676934,57,-2.8993992408969623e-11
01051009080,010-5100-9080,original,1.0000000004676934,58,1.9244648739730165e-11
01051009080,010-5100-9080,original,1.0000000004676934,59,-2.064590285849508e-10
01051009080,010-5100-9080,original,1.0000000004676934,60,4.106041377065424e-11
01051009080,010-5100-9080,original,1.0000000004676934,61,-1.4190661454757534e-10
01051009080,010-5100-9080,original,1.0000000004676934,62,2.4386525723207953e-10
01051009080,010-5100-9080,original,1.0000000004676934,63,-2.1123662806114445e-10
01051009080,010-5100-9080,original,1.0000000004676934,64,1.87662152040238e-10
01051009080,010-5100-9080,original,1.0000000004676934,65,4.112713883341813e-11
01051009080,010-5100-9080,original,1.0000000004676934,66,-2.527179825623823e-11
01051009080,010-5100-9080,original,1.0000000004676934,67,-1.4688637421115355e-10
01051009080,010-5100-9080,original,1.0000000004676934,68,-1.4182757075364934e-11
01051009080,010-5100-9080,original,1.0000000004676934,69,-1.7627158907111112e-10
01051009080,010-5100-9080,original,1.0000000004676934,70,-1.8845557731958772e-11
01051009080,010-5100-9080,original,1.0000000004676934,71,-1.6037228202813543e-10
01051009080,010-5100-9080,original,1.0000000004676934,72,1.4229779496874722e-11
01051009080,010-5100-9080,original,1.0000000004676934,73,-5.369934132015974e-11
01051009080,010-5100-9080,original,1.0000000004676934,74,-1.2204438096509276e-10
01051009080,010-5100-9080,original,1.0000000004676934,75,-3.931615668622581e-11
01051009080,010-5100-9080,original,1.0000000004676934,76,-3.8606486768801304e-13
01051009080,010-5100-9080,original,1.0000000004676934,77,-1.5386075193410373e-11
01051009080,010-5100-9080,original,1.0000000004676934,78,-3.15180521005614e-11
01051009080,010-5100-9080,original,1.0000000004676934,79,-1.5457458001831016e-10
01051009080,010-5100-9080,original,1.0000000004676934,80,5.32151220577245e-11
01051009080,010-5100-9080,original,1.0000000004676934,81,8.199394402377063e-11
01051009080,010-5100-9080,original,1.0000000004676934,82,5.04004099336791e-10
01051009080,010-5100-9080,original,1.0000000004676934,83,1.8275201034523445e-11
01051009080,010-5100-9080,original,1.0000000004676934,84,-6.528477782933175e-11
01051009080,010-5100-9080,original,1.0000000004676934,85,-2.1965804349963432e-11
01051009080,010-5100-9080,original,1.0000000004676934,86,-1.9603166796190632e-10
01051009080,010-5100-9080,original,1.0000000004676934,87,-3.142074920045842e-10
01051009080,010-5100-9080,original,1.0000000004676934,88,1.1877456386127002e-10
01051009080,010-5100-9080,original,1.0000000004676934,89,9.112714911111554e-11
01051009080,010-5100-9080,original,1.0000000004676934,90,-1.1570980077953097e-10
01051009080,010-5100-9080,original,1.0000000004676934,91,-1.5160915202390964e-10
01051009080,010-5100-9080,original,1.0000000004676934,92,-2.949076090549348e-11
01051009080,010-5100-9080,original,1.0000000004676934,93,-1.677130522822279e-11
01051009080,010-5100-9080,original,1.0000000004676934,94,1.7512341920178594e-11
01051009080,010-5100-9080,original,1.0000000004676934,95,-3.143828267454727e-11
01051009080,010-5100-9080,original,1.0000000004676934,96,-2.3402930337491825e-10
01051009080,010-5100-9080,original,1.0000000004676934,97,1.4776434235527451e-10
01051009080,010-5100-9080,original,1.0000000004676934,98,-6.16842363108956e-11
01051009080,010-5100-9080,original,1.0000000004676934,99,2.4201120889622724e-11
01051009080,010-5100-9080,original,1.0000000004676934,100,1.0409215189070351e-10
01051009080,010-5100-9080,original,1.0000000004676934,101,-1.1854139519904131e-10
01051009080,010-5100-9080,original,1.0000000004676934,102,-6.969423877598652e-11
01051009080,010-5100-9080,original,1.0000000004676934,103,1.0728651771169159e-10
01051009080,010-5100-9080,original,1.0000000004676934,104,-1.1888084599207927e-10
01051009080,010-5100-9080,original,1.0000000004676934,105,9.837045921548125e-11
01051009080,010-5100-9080,original,1.0000000004676934,106,-2.460762986901153e-11
01051009080,010-5100-9080,original,1.0000000004676934,107,-1.1493995913877864e-10
01051009080,010-5100-9080,original,1.0000000004676934,108,-1.5901971809357381e-10
01051009080,010-5100-9080,original,1.0000000004676934,109,-1.237150144690035e-10
01051009080,010-5100-9080,original,1.0000000004676934,110,1.0565716503718845e-10
01051009080,010-5100-9080,original,1.0000000004676934,111,-6.219286044417275e-11
01051009080,010-5100-9080,original,1.0000000004676934,112,1.6679416430846258e-10
01051009080,010-5100-9080,original,1.0000000004676934,113,-1.731199987576139e-11
01051009080,010-5100-9080,original,1.0000000004676934,114,-1.2713413980290942e-11
01051009080,010-5100-9080,original,1.0000000004676934,115,-4.25802161700964e-12
01051009080,010-5100-9080,original,1.0000000004676934,116,-1.8748779872450795e-11
01051009080,010-5100-9080,original,1.0000000004676934,117,-7.995909504691872e-11
01051009080,010-5100-9080,original,1.0000000004676934,118,4.550829295293378e-10
01051009080,010-5100-9080,original,1.0000000004676934,119,1.55161167117715e-10
01051009080,010-5100-9080,original,1.0000000004676934,120,6.521944499144766e-11
01051009080,010-5100-9080,original,1.0000000004676934,121,-5.498484773462917e-11
01051009080,010-5100-9080,original,1.0000000004676934,122,-8.812078247509323e-12
01051009080,010-5100-9080,original,1.0000000004676934,123,8.294164567411752e-11
01051009080,010-5100-9080,original,1.0000000004676934,124,4.922395908044716e-10
01051009080,010-5100-9080,original,1.0000000004676934,125,-6.342801463761288e-11
01051009080,010-5100-9080,original,1.0000000004676934,126,1.1951086234379483e-10
01051009080,010-5100-9080,original,1.0000000004676934,127,-3.97357382092329e-12
01051009080,010-5100-9080,original,1.0000000004676934,128,-3.0973404450733544e-11
01051009080,010-5100-9080,original,1.0000000004676934,129,-6.029267763842422e-11
01051009080,010-5100-9080,original,1.0000000004676934,130,-4.914104555678529e-11
01051009080,010-5100-9080,original,1.0000000004676934,131,1.6417303328129817e-10
01051009080,010-5100-9080,original,1.0000000004676934,132,-5.691388136443343e-11
01051009080,010-5100-9080,original,1.0000000004676934,133,-1.5747707913770917e-10
01051009080,010-5100-9080,original,1.0000000004676934,134,2.3514410493726865e-10
01051009080,010-5100-9080,original,1.0000000004676934,135,-4.262840972299292e-11
01051009080,010-5100-9080,original,1.0000000004676934,136,5.5425870755736134e-12
01051009080,010-5100-9080,original,1.0000000004676934,137,-7.534700373345624e-11
01051009080,010-5100-9080,original,1.0000000004676934,138,6.27671932579385e-12
01051009080,010-5100-9080,original,1.0000000004676934,139,-1.0497716676854568e-11
01051009080,010-5100-9080,original,1.0000000004676934,140,7.928012731024673e-11
01051009080,010-5100-9080,original,1.0000000004676934,141,1.5045123959523014e-11
01051009080,010-5100-9080,original,1.0000000004676934,142,-1.0557636305359668e-10
01051009080,010-5100-9080,original,1.0000000004676934,143,-3.789820123412291e-12
01051009080,010-5100-9080,original,1.0000000004676934,144,5.747708763099242e-13
01051009080,010-5100-9080,original,1.0000000004676934,145,-2.139842212754732e-12
01051009080,010-5100-9080,original,1.0000000004676934,146,-1.190571338502763e-11
01051009080,010-5100-9080,original,1.0000000004676934,147,4.0139977310123266e-10
01051009080,010-5100-9080,original,1.0000000004676934,148,5.6521021215307996e-11
01051009080,010-5100-9080,original,1.0000000004676934,149,-2.335845197226371e-10
01051009080,010-5100-9080,original,1.0000000004676934,150,1.8726707460331706e-11
01051009080,010-5100-9080,original,1.0000000004676934,151,3.423734870841718e-11
01051009080,010-5100-9080,original,1.0000000004676934,152,1.516350826837163e-10
01051009080,010-5100-9080,original,1.0000000004676934,153,3.672195559948276e-10
01051009080,010-5100-9080,original,1.0000000004676934,154,-2.7258386192308303e-11
01051009080,010-5100-9080,original,1.0000000004676934,155,-2.921503027459223e-10
01051009080,010-5100-9080,original,1.0000000004676934,156,2.2678338760870044e-11
01051009080,010-5100-9080,original,1.0000000004676934,157,7.139068536695386e-11
01051009080,010-5100-9080,original,1.0000000004676934,158,-6.378160355967361e-11
01051009080,010-5100-9080,original,1.0000000004676934,159,-5.6604162667291346e-11
01051009080,010-5100-9080,original,1.0000000004676934,160,1.6863633184839832e-11
01051009080,010-5100-9080,original,1.0000000004676934,161,-5.400188909112035e-11
01051009080,010-5100-9080,original,1.0000000004676934,162,4.001007074224765e-11
01051009080,010-5100-9080,original,1.0000000004676934,163,-4.247451738939101e-11
01051009080,010-5100-9080,original,1.0000000004676934,164,3.737375762542827e-10
01051009080,010-5100-9080,original,1.0000000004676934,165,-4.117470847087499e-10
01051009080,010-5100-9080,original,1.0000000004676934,166,-3.219981390986134e-12
01051009080,010-5100-9080,original,1.0000000004676934,167,7.387137516281334e-11
01051009080,010-5100-9080,original,1.0000000004676934,168,1.6571263853612277e-10
01051009080,010-5100-9080,original,1.0000000004676934,169,-1.8201874946398414e-11
01051009080,010-5100-9080,original,1.0000000004676934,170,-1.3593370960433537e-10
01051009080,010-5100-9080,original,1.0000000004676934,171,2.536923463980892e-10
01051009080,010-5100-9080,original,1.0000000004676934,172,-1.611587356914951e-11
01051009080,010-5100-9080,original,1.0000000004676934,173,-5.109098794746441e-11
01051009080,010-5100-9080,original,1.0000000004676934,174,9.670924937675768e-11
01051009080,010-5100-9080,original,1.0000000004676934,175,8.0746914154538e-12
01051009080,010-5100-9080,original,1.0000000004676934,176,-1.1033084706593542e-10
01051009080,010-5100-9080,original,1.0000000004676934,177,-4.523925960528247e-11
01051009080,010-5100-9080,original,1.0000000004676934,178,-7.090238990379367e-11
01051009080,010-5100-9080,original,1.0000000004676934,179,6.869258646010975e-10
01051009080,010-5100-9080,original,1.0000000004676934,180,3.861042519550831e-11
01051009080,010-5100-9080,original,1.0000000004676934,181,0.9999997048440016
01051009080,010-5100-9080,original,1.0000000004676934,182,0.9999997772073281
01051009080,010-5100-9080,original,1.0000000004676934,183,0.999999690755379
01051009080,010-5100-9080,original,1.0000000004676934,184,7.1583145701616896e-12
01051009080,010-5100-9080,original,1.0000000004676934,185,-5.092705758546217e-11
01051009080,010-5100-9080,original,1.0000000004676934,186,5.5462250371274455e-11
01051009080,010-5100-9080,original,1.0000000004676934,187,-4.387851173564881e-11
01051009080,010-5100-9080,original,1.0000000004676934,188,-1.2758475530122144e-10
01051009080,010-5100-9080,original,1.0000000004676934,189,-5.976316500736428e-13
01051009080,010-5100-9080,original,1.0000000004676934,190,1.3445319652902312e-11
01051009080,010-5100-9080,original,1.0000000004676934,191,1.4581231688047e-10
01051009080,010-5100-9080,original,1.0000000004676934,192,2.1381982093371128e-11
01051009080,010-5100-9080,original,1.0000000004676934,193,7.735784264982811e-12
01051009080,010-5100-9080,original,1.0000000004676934,194,4.7623675515492994e-12
01051009080,010-5100-9080,original,1.0000000004676934,195,-6.904477178465467e-11
01051009080,010-5100-9080,original,1.0000000004676934,196,-9.165000840797231e-11
01051009080,010-5100-9080,original,1.0000000004676934,197,-9.717108664817049e-11
01051009080,010-5100-9080,original,1.0000000004676934,198,8.334523280581366e-11
01051009080,010-5100-9080,original,1.0000000004676934,199,-1.259434306002465e-11
01051009080,010-5100-9080,original,1.0000000004676934,200,-6.06123952207336e-11
01051009080,010-5100-9080,original,1.0000000004676934,201,-1.8038042945697387e-12
01051009080,010-5100-9080,original,1.0000000004676934,202,-2.6510155420576066e-10
01051009080,010-5100-9080,original,1.0000000004676934,203,-3.6642800240328005e-11
01051009081,010-5100-9081,"one digit, last group",4.447979616206657e-12,0,-8.814498285372941e-11
01051009081,010-5100-9081,"one digit, last group",4.447979616206657e-12,1,-1.0668271961161811e-10
01051009081,010-5100-9081,"one digit, last group",4.447979616206657e-12,2,1.066596832194075e-10
01051009081,010-5100-9081,"one digit, last group",4.447979616206657e-12,3,-6.021420210201626e-11
01051009081,010-5100-9081,"one digit, last group",4.447979616206657e-12,4,3.026112160618816e-10
01051009081,010-5100-9081,"one digit, last group",4.447979616206657e-12,5,1.236850449397748e-10
01051009081,010-5100-9081,"one digit, last group",4.447979616206657e-12,6,-1.394547376912518e-10
01051009081,010-5100-9081,"one digit, last group",4.447979616206657e-12,7,1.8809340752925395e-11
01051009081,010-5100-9081,"one digit, last group",4.447979616206657e-12,8,2.496351670774766e-11
01051009081,010-5100-9081,"one digit, last group",4.447979616206657e-12,9,-3.059527359828407e-11
01051009081,010-5100-9081,"one digit, last group",4.447979616206657e-12,10,7.2706964128444275e-12
01051009081,010-5100-9081,"one digit, last group",4.447979616206657e-12,11,8.877440583894676e-11
01051009081,010-5100-9081,"one digit, last group",4.447979616206657e-12,12,2.253754612795018e-10
01051009081,010-5100-9081,"one digit, last group",4.447979616206657e-12,13,-4.2861806092958977e-10
01051009081,010-5100-9081,"one digit, last group",4.447979616206657e-12,14,-6.878792394126394e-11
01051009081,010-5100-9081,"one digit, last group",4.447979616206657e-12,15,-1.2118705080960459e-11
01051009081,010-5100-9081,"one digit, last group",4.447979616206657e-12,16,1.709494899215017e-10
01051009081,010-5100-9081,"one digit, last group",4.447979616206657e-12,17,1.5284060658802043e-10
01051009081,010-5100-9081,"one digit, last group",4.447979616206657e-12,18,1.1604398171744904e-10
01051009081,010-5100-9081,"one digit, last group",4.447979616206657e-12,19,2.782214000687932e-11
01051009081,010-5100-9081,"one digit, last group",4.447979616206657e-12,20,1.9756475183767252e-11
01051009081,010-5100-9081,"one digit, last group",4.447979616206657e-12,21,5.622500242677486e-11
01051009081,010-5100-9081,"one digit, last group",4.447979616206657e-12,22,-1.4796559253020792e-11
01051009081,010-5100-9081,"one digit, last group",4.447979616206657e-12,23,-1.3598542727527898e-11
01051009081,010-5100-9081,"one digit, last group",4.447979616206657e-12,24,-3.763279004138176e-11
01051009081,010-5100-9081,"one digit, last group",4.447979616206657e-12,25,-1.6684304990339777e-10
01051009081,010-5100-9081,"one digit, last group",4.447979616206657e-12,26,3.5930375291923044e-10
01051009081,010-5100-9081,"one digit, last group",4.447979616206657e-12,27,2.938331836415361e-11
01051009081,010-5100-9081,"one digit, last group",4.447979616206657e-12,28,-2.9601142384193697e-11
01051009081,010-5100-9081,"one digit, last group",4.447979616206657e-12,29,4.378369396415001e-11
01051009081,010-5100-9081,"one digit, last group",4.447979616206657e-12,30,1.5708030515223536e-10
01051009081,010-5100-9081,"one digit, last group",4.447979616206657e-12,31,2.7540546199614975e-11
01051009081,010-5100-9081,"one digit, last group",4.447979616206657e-12,32,2.369182744954669e-11
01051009081,010-5100-9081,"one digit, last group",4.447979616206657e-12,33,2.8499103565007124e-10
01051009081,010-5100-9081,"one digit, last group",4.447979616206657e-12,34,3.0239474304935045e-10
01051009081,010-5100-9081,"one digit, last group",4.447979616206657e-12,35,6.734847080611875e-11
01051009081,010-5100-9081,"one digit, last group",4.447979616206657e-12,36,-1.1824863473523478e-11
01051009081,010-5100-9081,"one digit, last group",4.447979616206657e-12,37,-1.653977557225267e-10
01051009081,010-5100-9081,"one digit, last group",4.447979616206657e-12,38,-1.9821927931355599e-10
01051009081,010-5100-9081,"one digit, last group",4.447979616206657e-12,39,6.5570345838703e-12
01051009081,010-5100-9081,"one digit, last group",4.447979616206657e-12,40,3.355316760932361e-10
01051009081,010-5100-9081,"one digit, last group",4.447979616206657e-12,41,6.192295789497022e-11
01051009081,010-5100-9081,"one digit, last group",4.447979616206657e-12,42,3.70215260565209e-11
01051009081,010-5100-9081,"one digit, last group",4.447979616206657e-12,43,-5.285605743066113e-12
01051009081,010-5100-9081,"one digit, last group",4.447979616206657e-12,44,1.681129858598432e-11
01051009081,010-5100-9081,"one digit, last group",4.447979616206657e-12,45,1.2733317922996445e-10
01051009081,010-5100-9081,"one digit, last group",4.447979616206657e-12,46,4.848152208311505e-12
01051009081,010-5100-9081,"one digit, last group",4.447979616206657e-12,47,-8.976731611084888e-11
01051009081,010-5100-9081,"one digit, last group",4.447979616206657e-12,48,-8.341781710298823e-11
01051009081,010-5100-9081,"one digit, last group",4.447979616206657e-12,49,1.9986500000706832e-10
01051009081,010-5100-9081,"one digit, last group",4.447979616206657e-12,50,-1.49038507887346e-10
01051009081,010-5100-9081,"one digit, last group",4.447979616206657e-12,51,-2.1784502622535123e-11
01051009081,010-5100-9081,"one digit, last group",4.447979616206657e-12,52,1.0390698827376681e-10
01051009081,010-5100-9081,"one digit, last group",4.447979616206657e-12,53,-2.024227599675923e-11
01051009081,010-5100-9081,"one digit, last group",4.447979616206657e-12,54,-2.0250137352429143e-11
01051009081,010-5100-9081,"one digit, last group",4.447979616206657e-12,55,-1.23262440215366e-10
01051009081,010-5100-9081,"one digit, last group",4.447979616206657e-12,56,5.713424824113947e-11
01051009081,010-5100-9081,"one digit, last group",4.447979616206657e-12,57,2.9994808462716377e-11
01051009081,010-5100-9081,"one digit, last group",4.447979616206657e-12,58,7.119524313314506e-11
01051009081,010-5100-9081,"one digit, last group",4.447979616206657e-12,59,-1.369572181900855e-10
01051009081,010-5100-9081,"one digit, last group",4.447979616206657e-12,60,1.474243772796098e-10
01051009081,010-5100-9081,"one digit, last group",4.447979616206657e-12,61,3.715866943853366e-11
01051009081,010-5100-9081,"one digit, last group",4.447979616206657e-12,62,-8.230705402992607e-11
01051009081,010-5100-9081,"one digit, last group",4.447979616206657e-12,63,-3.21281373520193e-11
01051009081,010-5100-9081,"one digit, last group",4.447979616206657e-12,64,3.441113026920853e-10
01051009081,010-5100-9081,"one digit, last group",4.447979616206657e-12,65,-8.623553219586201e-11
01051009081,010-5100-9081,"one digit, last group",4.447979616206657e-12,66,1.2015538827244248e-10
01051009081,010-5100-9081,"one digit, last group",4.447979616206657e-12,67,-8.378451904018664e-11
01051009081,010-5100-9081,"one digit, last group",4.447979616206657e-12,68,-1.2519248976340358e-10
01051009081,010-5100-9081,"one digit, last group",4.447979616206657e-12,69,-1.9007483780722862e-10
01051009081,010-5100-9081,"one digit, last group",4.447979616206657e-12,70,1.116614594173036e-10
01051009081,010-5100-9081,"one digit, last group",4.447979616206657e-12,71,-1.4693146507566908e-10
01051009081,010-5100-9081,"one digit, last group",4.447979616206657e-12,72,-5.277270215052485e-12
01051009081,010-5100-9081,"one digit, last group",4.447979616206657e-12,73,8.951336977517803e-11
01051009081,010-5100-9081,"one digit, last group",4.447979616206657e-12,74,-1.880289122802001e-10
01051009081,010-5100-9081,"one digit, last group",4.447979616206657e-12,75,1.0189995935471626e-10
01051009081,010-5100-9081,"one digit, last group",4.447979616206657e-12,76,5.8009749112907755e-12
01051009081,010-5100-9081,"one digit, last group",4.447979616206657e-12,77,-3.771810519786391e-11
01051009081,010-5100-9081,"one digit, last group",4.447979616206657e-12,78,2.964180137665836e-10
01051009081,010-5100-9081,"one digit, last group",4.447979616206657e-12,79,-9.920658972713333e-11
01051009081,010-5100-9081,"one digit, last group",4.447979616206657e-12,80,-9.061792952272932e-12
01051009081,010-5100-9081,"one digit, last group",4.447979616206657e-12,81,-2.325931581904866e-10
01051009081,010-5100-9081,"one digit, last group",4.447979616206657e-12,82,-8.618092510437614e-11
01051009081,010-5100-9081,"one digit, last group",4.447979616206657e-12,83,8.642173514999692e-12
01051009081,010-5100-9081,"one digit, last group",4.447979616206657e-12,84,4.174035706245717e-11
01051009081,010-5100-9081,"one digit, last group",4.447979616206657e-12,85,-4.2359576043521743e-11
01051009081,010-5100-9081,"one digit, last group",4.447979616206657e-12,86,5.842618044021772e-10
01051009081,010-5100-9081,"one digit, last group",4.447979616206657e-12,87,1.0407923838133801e-11
01051009081,010-5100-9081,"one digit, last group",4.447979616206657e-12,88,-3.9811591282598867e-11
01051009081,010-5100-9081,"one digit, last group",4.447979616206657e-12,89,-8.094107146971207e-11
01051009081,010-5100-9081,"one digit, last group",4.447979616206657e-12,90,-9.783377873378552e-11
01051009081,010-5100-9081,"one digit, last group",4.447979616206657e-12,91,3.099613155645725e-11
01051009081,010-5100-9081,"one digit, last group",4.447979616206657e-12,92,-4.1683735031835045e-10
01051009081,010-5100-9081,"one digit, last group",4.447979616206657e-12,93,7.705498075641837e-11
01051009081,010-5100-9081,"one digit, last group",4.447979616206657e-12,94,-5.859575884457099e-12
01051009081,010-5100-9081,"one digit, last group",4.447979616206657e-12,95,1.9857795965603324e-10
01051009081,010-5100-9081,"one digit, last group",4.447979616206657e-12,96,1.5756753221749362e-11
01051009081,010-5100-9081,"one digit, last group",4.447979616206657e-12,97,1.1991778279443125e-11
01051009081,010-5100-9081,"one digit, last group",4.447979616206657e-12,98,9.518930568414166e-11
01051009081,010-5100-9081,"one digit, last group",4.447979616206657e-12,99,-3.290757955179454e-11
01051009081,010-5100-9081,"one digit, last group",4.447979616206657e-12,100,-2.0342231300000948e-10
01051009081,010-5100-9081,"one digit, last group",4.447979616206657e-12,101,2.840369083228147e-12
01051009081,010-5100-9081,"one digit, last group",4.447979616206657e-12,102,-1.1798886402095304e-10
01051009081,010-5100-9081,"one digit, last group",4.447979616206657e-12,103,-2.244608248483204e-10
01051009081,010-5100-9081,"one digit, last group",4.447979616206657e-12,104,1.6321941458730482e-10
01051009081,010-5100-9081,"one digit, last group",4.447979616206657e-12,105,-6.122196144943435e-13
01051009081,010-5100-9081,"one digit, last group",4.447979616206657e-12,106,8.425629631444155e-11
01051009081,010-5100-9081,"one digit, last group",4.447979616206657e-12,107,-4.7379495346866036e-11
01051009081,010-5100-9081,"one digit, last group",4.447979616206657e-12,108,-1.3463424371932777e-10
01051009081,010-5100-9081,"one digit, last group",4.447979616206657e-12,109,-4.993661393145241e-11
01051009081,010-5100-9081,"one digit, last group",4.447979616206657e-12,110,5.109687370634969e-11
01051009081,010-5100-9081,"one digit, last group",4.447979616206657e-12,111,1.7020172079707145e-10
01051009081,010-5100-9081,"one digit, last group",4.447979616206657e-12,112,-6.215905081338738e-11
01051009081,010-5100-9081,"one digit, last group",4.447979616206657e-12,113,-1.8976685001148115e-11
01051009081,010-5100-9081,"one digit, last group",4.447979616206657e-12,114,1.3629240099321173e-10
01051009081,010-5100-9081,"one digit, last group",4.447979616206657e-12,115,-4.931257227181386e-11
01051009081,010-5100-9081,"one digit, last group",4.447979616206657e-12,116,2.413041870843923e-11
01051009081,010-5100-9081,"one digit, last group",4.447979616206657e-12,117,-1.1406223733205131e-10
01051009081,010-5100-9081,"one digit, last group",4.447979616206657e-12,118,-1.8484640923734529e-10
01051009081,010-5100-9081,"one digit, last group",4.447979616206657e-12,119,-2.722244233913559e-10
01051009081,010-5100-9081,"one digit, last group",4.447979616206657e-12,120,1.0972933328492444e-10
01051009081,010-5100-9081,"one digit, last group",4.447979616206657e-12,121,-5.424959000406598e-11
01051009081,010-5100-9081,"one digit, last group",4.447979616206657e-12,122,-2.8026436948556066e-10
01051009081,010-5100-9081,"one digit, last group",4.447979616206657e-12,123,6.465236973500348e-11
01051009081,010-5100-9081,"one digit, last group",4.447979616206657e-12,124,-9.792420729386541e-11
01051009081,010-5100-9081,"one digit, last group",4.447979616206657e-12,125,-1.9731884744055615e-10
01051009081,010-5100-9081,"one digit, last group",4.447979616206657e-12,126,7.175508751926752e-11
01051009081,010-5100-9081,"one digit, last group",4.447979616206657e-12,127,5.197573505849327e-11
01051009081,010-5100-9081,"one digit, last group",4.447979616206657e-12,128,8.261912078539072e-12
01051009081,010-5100-9081,"one digit, last group",4.447979616206657e-12,129,-4.631053733105662e-11
01051009081,010-5100-9081,"one digit, last group",4.447979616206657e-12,130,1.739983233901945e-11
01051009081,010-5100-9081,"one digit, last group",4.447979616206657e-12,131,-2.912087758556627e-10
01051009081,010-5100-9081,"one digit, last group",4.447979616206657e-12,132,4.9314641989656585e-11
01051009081,010-5100-9081,"one digit, last group",4.447979616206657e-12,133,-1.7957625455516044e-10
01051009081,010-5100-9081,"one digit, last group",4.447979616206657e-12,134,1.1614110396811967e-10
01051009081,010-5100-9081,"one digit, last group",4.447979616206657e-12,135,4.693961278611004e-11
01051009081,010-5100-9081,"one digit, last group",4.447979616206657e-12,136,6.3263194287598555e-12
01051009081,010-5100-9081,"one digit, last group",4.447979616206657e-12,137,2.6565270216017203e-10
01051009081,010-5100-9081,"one digit, last group",4.447979616206657e-12,138,2.1007278141936625e-10
01051009081,010-5100-9081,"one digit, last group",4.447979616206657e-12,139,8.309987275377765e-11
01051009081,010-5100-9081,"one digit, last group",4.447979616206657e-12,140,-8.382317448176362e-11
01051009081,010-5100-9081,"one digit, last group",4.447979616206657e-12,141,-1.1041426193922753e-10
01051009081,010-5100-9081,"one digit, last group",4.447979616206657e-12,142,-1.7541582807177872e-10
01051009081,010-5100-9081,"one digit, last group",4.447979616206657e-12,143,2.5138576313714196e-10
01051009081,010-5100-9081,"one digit, last group",4.447979616206657e-12,144,7.283926723627605e-11
01051009081,010-5100-9081,"one digit, last group",4.447979616206657e-12,145,1.5321955664099582e-10
01051009081,010-5100-9081,"one digit, last group",4.447979616206657e-12,146,4.912848061367013e-11
01051009081,010-5100-9081,"one digit, last group",4.447979616206657e-12,147,-2.394063545008388e-10
01051009081,010-5100-9081,"one digit, last group",4.447979616206657e-12,148,1.1899526200087526e-10
01051009081,010-5100-9081,"one digit, last group",4.447979616206657e-12,149,2.554280370346672e-10
01051009081,010-5100-9081,"one digit, last group",4.447979616206657e-12,150,-1.0740303516512671e-11
01051009081,010-5100-9081,"one digit, last group",4.447979616206657e-12,151,-2.40572568158127e-10
01051009081,010-5100-9081,"one digit, last group",4.447979616206657e-12,152,-1.539404674511448e-10
01051009081,010-5100-9081,"one digit, last group",4.447979616206657e-12,153,-5.724400266551009e-11
01051009081,010-5100-9081,"one digit, last group",4.447979616206657e-12,154,2.0831883435339213e-11
01051009081,010-5100-9081,"one digit, last group",4.447979616206657e-12,155,3.1195301876243415e-10
01051009081,010-5100-9081,"one digit, last group",4.447979616206657e-12,156,1.913066423659213e-11
01051009081,010-5100-9081,"one digit, last group",4.447979616206657e-12,157,7.177154649795905e-11
01051009081,010-5100-9081,"one digit, last group",4.447979616206657e-12,158,-4.9771180255983897e-11
01051009081,010-5100-9081,"one digit, last group",4.447979616206657e-12,159,-1.1434691605960056e-11
01051009081,010-5100-9081,"one digit, last group",4.447979616206657e-12,160,9.47796844724342e-11
01051009081,010-5100-9081,"one digit, last group",4.447979616206657e-12,161,2.250297859926766e-12
01051009081,010-5100-9081,"one digit, last group",4.447979616206657e-12,162,1.0001048133454092e-10
01051009081,010-5100-9081,"one digit, last group",4.447979616206657e-12,163,5.492454223006506e-11
01051009081,010-5100-9081,"one digit, last group",4.447979616206657e-12,164,-9.214726065436393e-11
01051009081,010-5100-9081,"one digit, last group",4.447979616206657e-12,165,6.215776152116936e-11
01051009081,010-5100-9081,"one digit, last group",4.447979616206657e-12,166,2.8687297253620494e-11
01051009081,010-5100-9081,"one digit, last group",4.447979616206657e-12,167,1.8638204473885618e-10
01051009081,010-5100-9081,"one digit, last group",4.447979616206657e-12,168,5.548814345458327e-10
01051009081,010-5100-9081,"one digit, last group",4.447979616206657e-12,169,2.2095090167253366e-10
01051009081,010-5100-9081,"one digit, last group",4.447979616206657e-12,170,-3.365910381149068e-10
01051009081,010-5100-9081,"one digit, last group",4.447979616206657e-12,171,-1.518714029960166e-10
01051009081,010-5100-9081,"one digit, last group",4.447979616206657e-12,172,-5.4312344012444235e-11
01051009081,010-5100-9081,"one digit, last group",4.447979616206657e-12,173,1.1306145567625558e-10
01051009081,010-5100-9081,"one digit, last group",4.447979616206657e-12,174,-8.884084233895385e-11
01051009081,010-5100-9081,"one digit, last group",4.447979616206657e-12,175,3.352649088234401e-10
01051009081,010-5100-9081,"one digit, last group",4.447979616206657e-12,176,2.5410173134277795e-11
01051009081,010-5100-9081,"one digit, last group",4.447979616206657e-12,177,-9.75276333522686e-11
01051009081,010-5100-9081,"one digit, last group",4.447979616206657e-12,178,2.1108085441189368e-10
01051009081,010-5100-9081,"one digit, last group",4.447979616206657e-12,179,-2.2721835076897608e-10
01051009081,010-5100-9081,"one digit, last group",4.447979616206657e-12,180,9.098082073520404e-11
01051009081,010-5100-9081,"one digit, last group",4.447979616206657e-12,181,3.103083580342426e-09
01051009081,010-5100-9081,"one digit, last group",4.447979616206657e-12,182,-3.047587649212692e-09
01051009081,010-5100-9081,"one digit, last group",4.447979616206657e-12,183,-8.181087954388863e-09
01051009081,010-5100-9081,"one digit, last group",4.447979616206657e-12,184,6.261810193273736e-11
01051009081,010-5100-9081,"one digit, last group",4.447979616206657e-12,185,-1.4237429803469545e-10
01051009081,010-5100-9081,"one digit, last group",4.447979616206657e-12,186,-2.2423778467647056e-10
01051009081,010-5100-9081,"one digit, last group",4.447979616206657e-12,187,1.1580949891580983e-10
01051009081,010-5100-9081,"one digit, last group",4.447979616206657e-12,188,-6.157137348622338e-11
01051009081,010-5100-9081,"one digit, last group",4.447979616206657e-12,189,4.2009176633074795e-10
01051009081,010-5100-9081,"one digit, last group",4.447979616206657e-12,190,-3.5972330553168855e-10
01051009081,010-5100-9081,"one digit, last group",4.447979616206657e-12,191,-9.365435246717815e-11
01051009081,010-5100-9081,"one digit, last group",4.447979616206657e-12,192,-6.34780449109545e-11
01051009081,010-5100-9081,"one digit, last group",4.447979616206657e-12,193,4.924174318941935e-11
01051009081,010-5100-9081,"one digit, last group",4.447979616206657e-12,194,3.2961799206405486e-11
01051009081,010-5100-9081,"one digit, last group",4.447979616206657e-12,195,-3.199343556256712e-11
01051009081,010-5100-9081,"one digit, last group",4.447979616206657e-12,196,-7.441302575149091e-11
01051009081,010-5100-9081,"one digit, last group",4.447979616206657e-12,197,-1.8644413746407123e-10
01051009081,010-5100-9081,"one digit, last group",4.447979616206657e-12,198,-6.798178015131592e-11
01051009081,010-5100-9081,"one digit, last group",4.447979616206657e-12,199,2.762077109091158e-10
01051009081,010-5100-9081,"one digit, last group",4.447979616206657e-12,200,1.3562496172950563e-10
01051009081,010-5100-9081,"one digit, last group",4.447979616206657e-12,201,7.518416893359876e-12
01051009081,010-5100-9081,"one digit, last group",4.447979616206657e-12,202,-5.56559722654312e-10
01051009081,010-5100-9081,"one digit, last group",4.447979616206657e-12,203,-6.317165069876395e-11
01052001582,010-5200-1582,original,0.9999999998097419,0,5.167432173399459e-12
01052001582,010-5200-1582,original,0.9999999998097419,1,1.6382080686962472e-10
01052001582,010-5200-1582,original,0.9999999998097419,2,2.677158532287603e-11
01052001582,010-5200-1582,original,0.9999999998097419,3,-1.1132228011608715e-11
01052001582,010-5200-1582,original,0.9999999998097419,4,-2.2610048115660802e-11
01052001582,010-5200-1582,original,0.9999999998097419,5,-1.8452887617542692e-10
01052001582,010-5200-1582,original,0.9999999998097419,6,5.7866438757110817e-11
01052001582,010-5200-1582,original,0.9999999998097419,7,-1.6303272857099236e-10
01052001582,010-5200-1582,original,0.9999999998097419,8,1.400995625986549e-11
01052001582,010-5200-1582,original,0.9999999998097419,9,-1.1507669118034333e-10
01052001582,010-5200-1582,original,0.9999999998097419,10,-4.4826125753626046e-11
01052001582,010-5200-1582,original,0.9999999998097419,11,1.7524927010628076e-10
01052001582,010-5200-1582,original,0.9999999998097419,12,1.0179913898721166e-10
01052001582,010-5200-1582,original,0.9999999998097419,13,2.4878683866919043e-10
01052001582,010-5200-1582,original,0.9999999998097419,14,7.968870718144745e-11
01052001582,010-5200-1582,original,0.9999999998097419,15,-2.346283221928055e-11
01052001582,010-5200-1582,original,0.9999999998097419,16,4.697426289848862e-11
01052001582,010-5200-1582,original,0.9999999998097419,17,2.1851889387065574e-10
01052001582,010-5200-1582,original,0.9999999998097419,18,-7.134886324249543e-11
01052001582,010-5200-1582,original,0.9999999998097419,19,-4.077863422198895e-11
01052001582,010-5200-1582,original,0.9999999998097419,20,4.683321725857986e-11
01052001582,010-5200-1582,original,0.9999999998097419,21,-8.994445710268814e-12
01052001582,010-5200-1582,original,0.9999999998097419,22,2.9657247940762435e-10
01052001582,010-5200-1582,original,0.9999999998097419,23,-2.7666700773606555e-11
01052001582,010-5200-1582,original,0.9999999998097419,24,-8.387665159302545e-10
01052001582,010-5200-1582,original,0.9999999998097419,25,9.773761375739477e-11
01052001582,010-5200-1582,original,0.9999999998097419,26,1.9883353714791674e-10
01052001582,010-5200-1582,original,0.9999999998097419,27,5.406480183339601e-11
01052001582,010-5200-1582,original,0.9999999998097419,28,-2.592587775705133e-10
01052001582,010-5200-1582,original,0.9999999998097419,29,2.1704540150807482e-11
01052001582,010-5200-1582,original,0.9999999998097419,30,1.3252396390062993e-10
01052001582,010-5200-1582,original,0.9999999998097419,31,-8.774964052624297e-11
01052001582,010-5200-1582,original,0.9999999998097419,32,2.0781845879823758e-10
01052001582,010-5200-1582,original,0.9999999998097419,33,9.227668180541446e-11
01052001582,010-5200-1582,original,0.9999999998097419,34,-2.4913416332178365e-10
01052001582,010-5200-1582,original,0.9999999998097419,35,-1.107105375245852e-11
01052001582,010-5200-1582,original,0.9999999998097419,36,-4.69585687791567e-11
01052001582,010-5200-1582,original,0.9999999998097419,37,5.2145271374243844e-12
01052001582,010-5200-1582,original,0.9999999998097419,38,-6.204227470973651e-11
01052001582,010-5200-1582,original,0.9999999998097419,39,-1.5860786342135469e-10
01052001582,010-5200-1582,original,0.9999999998097419,40,-1.3835431126337527e-10
01052001582,010-5200-1582,original,0.9999999998097419,41,-1.2655939408523887e-10
01052001582,010-5200-1582,original,0.9999999998097419,42,-1.551000742386424e-11
01052001582,010-5200-1582,original,0.9999999998097419,43,-4.761200122583586e-11
01052001582,010-5200-1582,original,0.9999999998097419,44,-1.1437409887278404e-11
01052001582,010-5200-1582,original,0.9999999998097419,45,1.1742024012627078e-10
01052001582,010-5200-1582,original,0.9999999998097419,46,1.0737779266162215e-10
01052001582,010-5200-1582,original,0.9999999998097419,47,1.2692032790918156e-10
01052001582,010-5200-1582,original,0.9999999998097419,48,-1.198926552824713e-10
01052001582,010-5200-1582,original,0.9999999998097419,49,4.3508901224070115e-11
01052001582,010-5200-1582,original,0.9999999998097419,50,-3.2800032285031186e-11
01052001582,010-5200-1582,original,0.9999999998097419,51,8.462272040183312e-12
01052001582,010-5200-1582,original,0.9999999998097419,52,4.334545546618102e-11
01052001582,010-5200-1582,original,0.9999999998097419,53,-1.0603994697857146e-12
01052001582,010-5200-1582,original,0.9999999998097419,54,3.010750513917757e-11
01052001582,010-5200-1582,original,0.9999999998097419,55,2.738107855811832e-11
01052001582,010-5200-1582,original,0.9999999998097419,56,2.5184585470749896e-11
01052001582,010-5200-1582,original,0.9999999998097419,57,1.6130246662897283e-11
01052001582,010-5200-1582,original,0.9999999998097419,58,2.1156175603227275e-11
01052001582,010-5200-1582,original,0.9999999998097419,59,5.306765181721166e-11
01052001582,010-5200-1582,original,0.9999999998097419,60,2.4037733099607078e-11
01052001582,010-5200-1582,original,0.9999999998097419,61,-6.45000321473006e-11
01052001582,010-5200-1582,original,0.9999999998097419,62,3.616842901792502e-11
01052001582,010-5200-1582,original,0.9999999998097419,63,7.090428730308449e-11
01052001582,010-5200-1582,original,0.9999999998097419,64,-1.0463486881604093e-10
01052001582,010-5200-1582,original,0.9999999998097419,65,1.3326886113095903e-10
01052001582,010-5200-1582,original,0.9999999998097419,66,5.033305343827299e-10
01052001582,010-5200-1582,original,0.9999999998097419,67,-3.335609738155261e-10
01052001582,010-5200-1582,original,0.9999999998097419,68,-9.437605028735958e-11
01052001582,010-5200-1582,original,0.9999999998097419,69,2.5384092720635675e-10
01052001582,010-5200-1582,original,0.9999999998097419,70,-8.028277639923237e-11
01052001582,010-5200-1582,original,0.9999999998097419,71,1.5430136286291755e-10
01052001582,010-5200-1582,original,0.9999999998097419,72,3.1794628468345356e-12
01052001582,010-5200-1582,original,0.9999999998097419,73,3.401943298322435e-11
01052001582,010-5200-1582,original,0.9999999998097419,74,1.7985235537133885e-10
01052001582,010-5200-1582,original,0.9999999998097419,75,-2.5856668943374432e-11
01052001582,010-5200-1582,original,0.9999999998097419,76,-4.084552007037297e-11
01052001582,010-5200-1582,original,0.9999999998097419,77,-1.2993871979735931e-10
01052001582,010-5200-1582,original,0.9999999998097419,78,7.478906156141477e-11
01052001582,010-5200-1582,original,0.9999999998097419,79,-3.946436060827775e-10
01052001582,010-5200-1582,original,0.9999999998097419,80,-1.8292440288040182e-10
01052001582,010-5200-1582,original,0.9999999998097419,81,1.7058540456834715e-10
01052001582,010-5200-1582,original,0.9999999998097419,82,3.091538591779027e-10
01052001582,010-5200-1582,original,0.9999999998097419,83,-6.327059250775196e-11
01052001582,010-5200-1582,original,0.9999999998097419,84,3.805323599173216e-11
01052001582,010-5200-1582,original,0.9999999998097419,85,-5.8681602005176786e-12
01052001582,010-5200-1582,original,0.9999999998097419,86,1.251945029920316e-10
01052001582,010-5200-1582,original,0.9999999998097419,87,-4.823368623483777e-11
01052001582,010-5200-1582,original,0.9999999998097419,88,-1.6874410769648367e-11
01052001582,010-5200-1582,original,0.9999999998097419,89,8.754304471267582e-11
01052001582,010-5200-1582,original,0.9999999998097419,90,5.961388862681905e-11
01052001582,010-5200-1582,original,0.9999999998097419,91,7.072076145369883e-11
01052001582,010-5200-1582,original,0.9999999998097419,92,9.264695272068271e-11
01052001582,010-5200-1582,original,0.9999999998097419,93,-4.495603078988067e-11
01052001582,010-5200-1582,original,0.9999999998097419,94,7.252249979260207e-11
01052001582,010-5200-1582,original,0.9999999998097419,95,8.396827532418792e-11
01052001582,010-5200-1582,original,0.9999999998097419,96,-2.480097214998567e-10
01052001582,010-5200-1582,original,0.9999999998097419,97,5.871419289206072e-11
01052001582,010-5200-1582,original,0.9999999998097419,98,1.532498008786616e-10
01052001582,010-5200-1582,original,0.9999999998097419,99,4.858503468305607e-13
01052001582,010-5200-1582,original,0.9999999998097419,100,-7.801651248256017e-11
01052001582,010-5200-1582,original,0.9999999998097419,101,-3.6826518599008005e-10
01052001582,010-5200-1582,original,0.9999999998097419,102,3.431142200267821e-10
01052001582,010-5200-1582,original,0.9999999998097419,103,3.126862033197156e-10
01052001582,010-5200-1582,original,0.9999999998097419,104,1.1584909219581708e-11
01052001582,010-5200-1582,original,0.9999999998097419,105,7.201576700748471e-11
01052001582,010-5200-1582,original,0.9999999998097419,106,-3.6105740641300555e-11
01052001582,010-5200-1582,original,0.9999999998097419,107,3.351184543362345e-11
01052001582,010-5200-1582,original,0.9999999998097419,108,9.067694754321666e-12
01052001582,010-5200-1582,original,0.9999999998097419,109,3.5139457420089475e-10
01052001582,010-5200-1582,original,0.9999999998097419,110,2.9402229448133643e-10
01052001582,010-5200-1582,original,0.9999999998097419,111,2.478848448032291e-10
01052001582,010-5200-1582,original,0.9999999998097419,112,-6.262496276215011e-10
01052001582,010-5200-1582,original,0.9999999998097419,113,1.4392191226080224e-11
01052001582,010-5200-1582,original,0.9999999998097419,114,-9.037949466302041e-11
01052001582,010-5200-1582,original,0.9999999998097419,115,2.1933517248708734e-11
01052001582,010-5200-1582,original,0.9999999998097419,116,1.3906532263621222e-11
01052001582,010-5200-1582,original,0.9999999998097419,117,-1.0758423029918393e-10
01052001582,010-5200-1582,original,0.9999999998097419,118,-1.3771828567070842e-11
01052001582,010-5200-1582,original,0.9999999998097419,119,1.434522797377862e-11
01052001582,010-5200-1582,original,0.9999999998097419,120,4.614983604337351e-11
01052001582,010-5200-1582,original,0.9999999998097419,121,1.3528764367005788e-10
01052001582,010-5200-1582,original,0.9999999998097419,122,-1.0601653133604862e-10
01052001582,010-5200-1582,original,0.9999999998097419,123,7.269155841876865e-11
01052001582,010-5200-1582,original,0.9999999998097419,124,-2.765814753723483e-10
01052001582,010-5200-1582,original,0.9999999998097419,125,-2.2847906778798014e-10
01052001582,010-5200-1582,original,0.9999999998097419,126,-1.1538541237346724e-11
01052001582,010-5200-1582,original,0.9999999998097419,127,4.752685018563905e-10
01052001582,010-5200-1582,original,0.9999999998097419,128,1.5292326048436584e-10
01052001582,010-5200-1582,original,0.9999999998097419,129,1.4439669285382885e-10
01052001582,010-5200-1582,original,0.9999999998097419,130,1.789757740809616e-11
01052001582,010-5200-1582,original,0.9999999998097419,131,-2.069307993329817e-10
01052001582,010-5200-1582,original,0.9999999998097419,132,-2.2713024224999207e-10
01052001582,010-5200-1582,original,0.9999999998097419,133,1.111535974873406e-10
01052001582,010-5200-1582,original,0.9999999998097419,134,-1.488507624196709e-12
01052001582,010-5200-1582,original,0.9999999998097419,135,3.779693795550378e-11
01052001582,010-5200-1582,original,0.9999999998097419,136,2.6978906049585647e-12
01052001582,010-5200-1582,original,0.9999999998097419,137,-7.305725986671296e-11
01052001582,010-5200-1582,original,0.9999999998097419,138,1.55937191619123e-10
01052001582,010-5200-1582,original,0.9999999998097419,139,-2.769131686107814e-10
01052001582,010-5200-1582,original,0.9999999998097419,140,-2.177968283713228e-10
01052001582,010-5200-1582,original,0.9999999998097419,141,3.13301107459576e-11
01052001582,010-5200-1582,original,0.9999999998097419,142,1.1548345758343477e-10
01052001582,010-5200-1582,original,0.9999999998097419,143,-1.3998669955962975e-10
01052001582,010-5200-1582,original,0.9999999998097419,144,8.287546416545863e-11
01052001582,010-5200-1582,original,0.9999999998097419,145,1.4120673167268639e-10
01052001582,010-5200-1582,original,0.9999999998097419,146,7.08128609490584e-11
01052001582,010-5200-1582,original,0.9999999998097419,147,2.335010921483241e-11
01052001582,010-5200-1582,original,0.9999999998097419,148,3.087060339579686e-12
01052001582,010-5200-1582,original,0.9999999998097419,149,7.57556866195436e-11
01052001582,010-5200-1582,original,0.9999999998097419,150,2.6254402743800834e-11
01052001582,010-5200-1582,original,0.9999999998097419,151,2.393301878222603e-10
01052001582,010-5200-1582,original,0.9999999998097419,152,3.335390780451988e-10
01052001582,010-5200-1582,original,0.9999999998097419,153,2.2006896021059842e-10
01052001582,010-5200-1582,original,0.9999999998097419,154,5.805128114776835e-11
01052001582,010-5200-1582,original,0.9999999998097419,155,-2.9794174737755784e-12
01052001582,010-5200-1582,original,0.9999999998097419,156,6.232909550855295e-11
01052001582,010-5200-1582,original,0.9999999998097419,157,-5.4908236545320554e-11
01052001582,010-5200-1582,original,0.9999999998097419,158,-4.291201858222389e-11
01052001582,010-5200-1582,original,0.9999999998097419,159,-6.196424074212264e-11
01052001582,010-5200-1582,original,0.9999999998097419,160,1.1819376280247009e-10
01052001582,010-5200-1582,original,0.9999999998097419,161,-6.348771096959264e-11
01052001582,010-5200-1582,original,0.9999999998097419,162,2.093241545375091e-11
01052001582,010-5200-1582,original,0.9999999998097419,163,-1.466223942685554e-11
01052001582,010-5200-1582,original,0.9999999998097419,164,2.553620730106378e-10
01052001582,010-5200-1582,original,0.9999999998097419,165,6.857482733949689e-11
01052001582,010-5200-1582,original,0.9999999998097419,166,2.829610815575629e-11
01052001582,010-5200-1582,original,0.9999999998097419,167,-1.5778275485578273e-11
01052001582,010-5200-1582,original,0.9999999998097419,168,-2.432173856204614e-10
01052001582,010-5200-1582,original,0.9999999998097419,169,2.376126758573563e-10
01052001582,010-5200-1582,original,0.9999999998097419,170,-5.927891809469753e-11
01052001582,010-5200-1582,original,0.9999999998097419,171,0.9999996880993485
01052001582,010-5200-1582,original,0.9999999998097419,172,0.9999996888229418
01052001582,010-5200-1582,original,0.9999999998097419,173,1.3542432425775713e-10
01052001582,010-5200-1582,original,0.9999999998097419,174,1.478888030490465e-11
01052001582,010-5200-1582,original,0.9999999998097419,175,7.523767221111702e-11
01052001582,010-5200-1582,original,0.9999999998097419,176,-3.1939542057765695e-11
01052001582,010-5200-1582,original,0.9999999998097419,177,-3.1255051615624587e-10
01052001582,010-5200-1582,original,0.9999999998097419,178,-1.1320186284824801e-10
01052001582,010-5200-1582,original,0.9999999998097419,179,5.416662621461825e-10
01052001582,010-5200-1582,original,0.9999999998097419,180,-7.219861286512148e-11
01052001582,010-5200-1582,original,0.9999999998097419,181,-2.001611536390225e-11
01052001582,010-5200-1582,original,0.9999999998097419,182,-6.614197224740881e-11
01052001582,010-5200-1582,original,0.9999999998097419,183,-1.4918208169607662e-10
01052001582,010-5200-1582,original,0.9999999998097419,184,-4.447923622845398e-11
01052001582,010-5200-1582,original,0.9999999998097419,185,1.4833490916323393e-11
01052001582,010-5200-1582,original,0.9999999998097419,186,2.3754665982618576e-10
01052001582,010-5200-1582,original,0.9999999998097419,187,1.4150505337701222e-10
01052001582,010-5200-1582,original,0.9999999998097419,188,3.967137510834143e-11
01052001582,010-5200-1582,original,0.9999999998097419,189,-3.133108585578006e-11
01052001582,010-5200-1582,original,0.9999999998097419,190,-8.238180523340499e-11
01052001582,010-5200-1582,original,0.9999999998097419,191,-4.00402482277264e-12
01052001582,010-5200-1582,original,0.9999999998097419,192,7.251327049088295e-11
01052001582,010-5200-1582,original,0.9999999998097419,193,3.5517443043324475e-10
01052001582,010-5200-1582,original,0.9999999998097419,194,3.834140815426622e-11
01052001582,010-5200-1582,original,0.9999999998097419,195,5.5808594893359135e-12
01052001582,010-5200-1582,original,0.9999999998097419,196,1.9367100387181027e-10
01052001582,010-5200-1582,original,0.9999999998097419,197,-7.82122769523709e-11
01052001582,010-5200-1582,original,0.9999999998097419,198,4.82451995921649e-11
01052001582,010-5200-1582,original,0.9999999998097419,199,-1.5356356384595925e-10
01052001582,010-5200-1582,original,0.9999999998097419,200,-1.1522584813732726e-10
01052001582,010-5200-1582,original,0.9999999998097419,201,-4.262523385802912e-11
01052001582,010-5200-1582,original,0.9999999998097419,202,1.9586455940754228e-10
01052001582,010-5200-1582,original,0.9999999998097419,203,-3.5329001484552536e-11
01052001583,010-5200-1583,"one digit, last group",-1.8656519096986687e-10,0,-2.2889097339797907e-10
01052001583,010-5200-1583,"one digit, last group",-1.8656519096986687e-10,1,8.155864046636408e-11
01052001583,010-5200-1583,"one digit, last group",-1.8656519096986687e-10,2,1.1111082626521025e-11
01052001583,010-5200-1583,"one digit, last group",-1.8656519096986687e-10,3,8.905934342097949e-12
01052001583,010-5200-1583,"one digit, last group",-1.8656519096986687e-10,4,2.301149992756934e-10
01052001583,010-5200-1583,"one digit, last group",-1.8656519096986687e-10,5,9.784574877718502e-11
01052001583,010-5200-1583,"one digit, last group",-1.8656519096986687e-10,6,-1.409129734264051e-11
01052001583,010-5200-1583,"one digit, last group",-1.8656519096986687e-10,7,4.6810389496432034e-11
01052001583,010-5200-1583,"one digit, last group",-1.8656519096986687e-10,8,-4.303272788298518e-11
01052001583,010-5200-1583,"one digit, last group",-1.8656519096986687e-10,9,3.326409732033522e-11
01052001583,010-5200-1583,"one digit, last group",-1.8656519096986687e-10,10,1.2430425772934259e-12
01052001583,010-5200-1583,"one digit, last group",-1.8656519096986687e-10,11,3.1128712063268735e-10
01052001583,010-5200-1583,"one digit, last group",-1.8656519096986687e-10,12,-2.47237465609205e-10
01052001583,010-5200-1583,"one digit, last group",-1.8656519096986687e-10,13,3.2023729140158243e-10
01052001583,010-5200-1583,"one digit, last group",-1.8656519096986687e-10,14,1.1929939598715645e-10
01052001583,010-5200-1583,"one digit, last group",-1.8656519096986687e-10,15,-2.0696326849264825e-11
01052001583,010-5200-1583,"one digit, last group",-1.8656519096986687e-10,16,-1.9601836340867413e-11
01052001583,010-5200-1583,"one digit, last group",-1.8656519096986687e-10,17,-1.4128601491324327e-11
01052001583,010-5200-1583,"one digit, last group",-1.8656519096986687e-10,18,-1.1156694838768054e-11
01052001583,010-5200-1583,"one digit, last group",-1.8656519096986687e-10,19,-5.3073358860035493e-11
01052001583,010-5200-1583,"one digit, last group",-1.8656519096986687e-10,20,-1.7765266746267988e-10
01052001583,010-5200-1583,"one digit, last group",-1.8656519096986687e-10,21,-3.7241979492304864e-10
01052001583,010-5200-1583,"one digit, last group",-1.8656519096986687e-10,22,1.664955034173477e-10
01052001583,010-5200-1583,"one digit, last group",-1.8656519096986687e-10,23,8.938123171600835e-11
01052001583,010-5200-1583,"one digit, last group",-1.8656519096986687e-10,24,-1.172555187438805e-10
01052001583,010-5200-1583,"one digit, last group",-1.8656519096986687e-10,25,3.0025531213492163e-13
01052001583,010-5200-1583,"one digit, last group",-1.8656519096986687e-10,26,-1.1906108244157346e-10
01052001583,010-5200-1583,"one digit, last group",-1.8656519096986687e-10,27,-2.4008471493477073e-10
01052001583,010-5200-1583,"one digit, last group",-1.8656519096986687e-10,28,-1.999960675489664e-10
01052001583,010-5200-1583,"one digit, last group",-1.8656519096986687e-10,29,5.1176515713824656e-11
01052001583,010-5200-1583,"one digit, last group",-1.8656519096986687e-10,30,1.0172348627958699e-11
01052001583,010-5200-1583,"one digit, last group",-1.8656519096986687e-10,31,1.5371078931162617e-10
01052001583,010-5200-1583,"one digit, last group",-1.8656519096986687e-10,32,-2.2032297494256822e-10
01052001583,010-5200-1583,"one digit, last group",-1.8656519096986687e-10,33,3.641705434000915e-10
01052001583,010-5200-1583,"one digit, last group",-1.8656519096986687e-10,34,5.281856483970294e-11
01052001583,010-5200-1583,"one digit, last group",-1.8656519096986687e-10,35,-1.60694791326208e-11
01052001583,010-5200-1583,"one digit, last group",-1.8656519096986687e-10,36,-1.6948468785916427e-10
01052001583,010-5200-1583,"one digit, last group",-1.8656519096986687e-10,37,-5.7547437770547684e-11
01052001583,010-5200-1583,"one digit, last group",-1.8656519096986687e-10,38,-9.725708244252334e-11
01052001583,010-5200-1583,"one digit, last group",-1.8656519096986687e-10,39,-1.126995963990127e-10
01052001583,010-5200-1583,"one digit, last group",-1.8656519096986687e-10,40,-6.524819345301736e-10
01052001583,010-5200-1583,"one digit, last group",-1.8656519096986687e-10,41,5.988911081902012e-11
01052001583,010-5200-1583,"one digit, last group",-1.8656519096986687e-10,42,-9.231700377102837e-11
01052001583,010-5200-1583,"one digit, last group",-1.8656519096986687e-10,43,-1.807885593979326e-12
01052001583,010-5200-1583,"one digit, last group",-1.8656519096986687e-10,44,-1.9801152834856795e-11
01052001583,010-5200-1583,"one digit, last group",-1.8656519096986687e-10,45,1.850522596550485e-10
01052001583,010-5200-1583,"one digit, last group",-1.8656519096986687e-10,46,6.986308034608134e-11
01052001583,010-5200-1583,"one digit, last group",-1.8656519096986687e-10,47,-1.697751471696922e-10
01052001583,010-5200-1583,"one digit, last group",-1.8656519096986687e-10,48,-3.984156249660557e-11
01052001583,010-5200-1583,"one digit, last group",-1.8656519096986687e-10,49,-3.8009530602599364e-11
01052001583,010-5200-1583,"one digit, last group",-1.8656519096986687e-10,50,1.6235894026202753e-10
01052001583,010-5200-1583,"one digit, last group",-1.8656519096986687e-10,51,2.4226639225379344e-12
01052001583,010-5200-1583,"one digit, last group",-1.8656519096986687e-10,52,1.238481503902235e-11
01052001583,010-5200-1583,"one digit, last group",-1.8656519096986687e-10,53,1.2016379060996535e-11
01052001583,010-5200-1583,"one digit, last group",-1.8656519096986687e-10,54,7.094204487643566e-11
01052001583,010-5200-1583,"one digit, last group",-1.8656519096986687e-10,55,1.4288112112686988e-10
01052001583,010-5200-1583,"one digit, last group",-1.8656519096986687e-10,56,-2.278376421049419e-10
01052001583,010-5200-1583,"one digit, last group",-1.8656519096986687e-10,57,5.780981006844174e-11
01052001583,010-5200-1583,"one digit, last group",-1.8656519096986687e-10,58,-6.957830722877309e-11
01052001583,010-5200-1583,"one digit, last group",-1.8656519096986687e-10,59,-1.1154047276714095e-10
01052001583,010-5200-1583,"one digit, last group",-1.8656519096986687e-10,60,9.066492356195633e-11
01052001583,010-5200-1583,"one digit, last group",-1.8656519096986687e-10,61,-1.9089048492166986e-11
01052001583,010-5200-1583,"one digit, last group",-1.8656519096986687e-10,62,-2.388171505998582e-11
01052001583,010-5200-1583,"one digit, last group",-1.8656519096986687e-10,63,-1.6507043494725269e-12
01052001583,010-5200-1583,"one digit, last group",-1.8656519096986687e-10,64,-6.343465625217762e-11
01052001583,010-5200-1583,"one digit, last group",-1.8656519096986687e-10,65,8.627107003666965e-11
01052001583,010-5200-1583,"one digit, last group",-1.8656519096986687e-10,66,1.875535711794805e-10
01052001583,010-5200-1583,"one digit, last group",-1.8656519096986687e-10,67,3.206186771152139e-10
01052001583,010-5200-1583,"one digit, last group",-1.8656519096986687e-10,68,-2.698972670776624e-11
01052001583,010-5200-1583,"one digit, last group",-1.8656519096986687e-10,69,2.156707111648405e-11
01052001583,010-5200-1583,"one digit, last group",-1.8656519096986687e-10,70,-4.736001870225447e-12
01052001583,010-5200-1583,"one digit, last group",-1.8656519096986687e-10,71,1.0257922107208551e-10
01052001583,010-5200-1583,"one digit, last group",-1.8656519096986687e-10,72,3.063546455295564e-11
01052001583,010-5200-1583,"one digit, last group",-1.8656519096986687e-10,73,4.209534522698927e-11
01052001583,010-5200-1583,"one digit, last group",-1.8656519096986687e-10,74,-4.6981835518684574e-11
01052001583,010-5200-1583,"one digit, last group",-1.8656519096986687e-10,75,5.153972708194166e-12
01052001583,010-5200-1583,"one digit, last group",-1.8656519096986687e-10,76,-1.1606260715165971e-11
01052001583,010-5200-1583,"one digit, last group",-1.8656519096986687e-10,77,4.6142145759399106e-11
01052001583,010-5200-1583,"one digit, last group",-1.8656519096986687e-10,78,-3.3985848346222226e-10
01052001583,010-5200-1583,"one digit, last group",-1.8656519096986687e-10,79,-4.149131238267775e-12
01052001583,010-5200-1583,"one digit, last group",-1.8656519096986687e-10,80,-5.81534545724561e-11
01052001583,010-5200-1583,"one digit, last group",-1.8656519096986687e-10,81,-1.597611033487749e-11
01052001583,010-5200-1583,"one digit, last group",-1.8656519096986687e-10,82,-3.439271474207457e-10
01052001583,010-5200-1583,"one digit, last group",-1.8656519096986687e-10,83,-7.423962447103546e-11
01052001583,010-5200-1583,"one digit, last group",-1.8656519096986687e-10,84,-6.211089320464957e-11
01052001583,010-5200-1583,"one digit, last group",-1.8656519096986687e-10,85,1.1378602860475509e-11
01052001583,010-5200-1583,"one digit, last group",-1.8656519096986687e-10,86,-3.409137063262419e-10
01052001583,010-5200-1583,"one digit, last group",-1.8656519096986687e-10,87,6.445689769405601e-11
01052001583,010-5200-1583,"one digit, last group",-1.8656519096986687e-10,88,5.250003724214013e-12
01052001583,010-5200-1583,"one digit, last group",-1.8656519096986687e-10,89,-5.139001585663572e-11
01052001583,010-5200-1583,"one digit, last group",-1.8656519096986687e-10,90,-7.53461532701217e-11
01052001583,010-5200-1583,"one digit, last group",-1.8656519096986687e-10,91,3.1424716388993697e-10
01052001583,010-5200-1583,"one digit, last group",-1.8656519096986687e-10,92,7.287040505337677e-11
01052001583,010-5200-1583,"one digit, last group",-1.8656519096986687e-10,93,-6.88876739551156e-11
01052001583,010-5200-1583,"one digit, last group",-1.8656519096986687e-10,94,-2.4517731448293575e-11
01052001583,010-5200-1583,"one digit, last group",-1.8656519096986687e-10,95,1.5234415365912207e-10
01052001583,010-5200-1583,"one digit, last group",-1.8656519096986687e-10,96,1.96992962019845e-10
01052001583,010-5200-1583,"one digit, last group",-1.8656519096986687e-10,97,-7.936136659796025e-11
01052001583,010-5200-1583,"one digit, last group",-1.8656519096986687e-10,98,-5.432055774226494e-11
01052001583,010-5200-1583,"one digit, last group",-1.8656519096986687e-10,99,-2.1258359343259122e-11
01052001583,010-5200-1583,"one digit, last group",-1.8656519096986687e-10,100,-6.863813854036347e-11
01052001583,010-5200-1583,"one digit, last group",-1.8656519096986687e-10,101,1.365644088763334e-10
01052001583,010-5200-1583,"one digit, last group",-1.8656519096986687e-10,102,3.494893808862609e-11
01052001583,010-5200-1583,"one digit, last group",-1.8656519096986687e-10,103,-2.657642730701048e-11
01052001583,010-5200-1583,"one digit, last group",-1.8656519096986687e-10,104,-4.0573854191434225e-11
01052001583,010-5200-1583,"one digit, last group",-1.8656519096986687e-10,105,7.117248460626689e-11
01052001583,010-5200-1583,"one digit, last group",-1.8656519096986687e-10,106,-1.3330397308822686e-10
01052001583,010-5200-1583,"one digit, last group",-1.8656519096986687e-10,107,-5.64025398338187e-11
01052001583,010-5200-1583,"one digit, last group",-1.8656519096986687e-10,108,4.837663950469949e-11
01052001583,010-5200-1583,"one digit, last group",-1.8656519096986687e-10,109,-1.6926568022031618e-10
01052001583,010-5200-1583,"one digit, last group",-1.8656519096986687e-10,110,1.1875906225584228e-10
01052001583,010-5200-1583,"one digit, last group",-1.8656519096986687e-10,111,-1.0351166581321895e-10
01052001583,010-5200-1583,"one digit, last group",-1.8656519096986687e-10,112,-1.9239088160460773e-11
01052001583,010-5200-1583,"one digit, last group",-1.8656519096986687e-10,113,-3.449155461099732e-12
01052001583,010-5200-1583,"one digit, last group",-1.8656519096986687e-10,114,1.2581640158313265e-10
01052001583,010-5200-1583,"one digit, last group",-1.8656519096986687e-10,115,1.767612928811796e-11
01052001583,010-5200-1583,"one digit, last group",-1.8656519096986687e-10,116,-1.7592440119318765e-11
01052001583,010-5200-1583,"one digit, last group",-1.8656519096986687e-10,117,-3.655554616477761e-10
01052001583,010-5200-1583,"one digit, last group",-1.8656519096986687e-10,118,1.1307459568377422e-10
01052001583,010-5200-1583,"one digit, last group",-1.8656519096986687e-10,119,6.435582365285087e-11
01052001583,010-5200-1583,"one digit, last group",-1.8656519096986687e-10,120,-5.274942183157997e-11
01052001583,010-5200-1583,"one digit, last group",-1.8656519096986687e-10,121,2.4652391051383083e-10
01052001583,010-5200-1583,"one digit, last group",-1.8656519096986687e-10,122,1.0903260220129299e-10
01052001583,010-5200-1583,"one digit, last group",-1.8656519096986687e-10,123,5.5192937713776103e-11
01052001583,010-5200-1583,"one digit, last group",-1.8656519096986687e-10,124,-2.7837238541564142e-11
01052001583,010-5200-1583,"one digit, last group",-1.8656519096986687e-10,125,-1.6077118040091318e-10
01052001583,010-5200-1583,"one digit, last group",-1.8656519096986687e-10,126,9.431962270531108e-11
01052001583,010-5200-1583,"one digit, last group",-1.8656519096986687e-10,127,2.4500713985679543e-12
01052001583,010-5200-1583,"one digit, last group",-1.8656519096986687e-10,128,2.2725773827386748e-10
01052001583,010-5200-1583,"one digit, last group",-1.8656519096986687e-10,129,-7.867131799268287e-11
01052001583,010-5200-1583,"one digit, last group",-1.8656519096986687e-10,130,-4.891083506630423e-11
01052001583,010-5200-1583,"one digit, last group",-1.8656519096986687e-10,131,1.8769488368280542e-10
01052001583,010-5200-1583,"one digit, last group",-1.8656519096986687e-10,132,-4.838664194064262e-11
01052001583,010-5200-1583,"one digit, last group",-1.8656519096986687e-10,133,1.8261591967678154e-10
01052001583,010-5200-1583,"one digit, last group",-1.8656519096986687e-10,134,1.0515440985578758e-10
01052001583,010-5200-1583,"one digit, last group",-1.8656519096986687e-10,135,1.013357922064518e-10
01052001583,010-5200-1583,"one digit, last group",-1.8656519096986687e-10,136,-9.78021813642782e-12
01052001583,010-5200-1583,"one digit, last group",-1.8656519096986687e-10,137,5.71589314920275e-12
01052001583,010-5200-1583,"one digit, last group",-1.8656519096986687e-10,138,-1.8448618634081623e-10
01052001583,010-5200-1583,"one digit, last group",-1.8656519096986687e-10,139,-6.639078373705653e-11
01052001583,010-5200-1583,"one digit, last group",-1.8656519096986687e-10,140,-1.542275529878621e-11
01052001583,010-5200-1583,"one digit, last group",-1.8656519096986687e-10,141,-2.2323854838211987e-10
01052001583,010-5200-1583,"one digit, last group",-1.8656519096986687e-10,142,-1.1373278726792015e-10
01052001583,010-5200-1583,"one digit, last group",-1.8656519096986687e-10,143,-8.149118693611916e-11
01052001583,010-5200-1583,"one digit, last group",-1.8656519096986687e-10,144,-2.0944310758391348e-10
01052001583,010-5200-1583,"one digit, last group",-1.8656519096986687e-10,145,-1.8680595109989846e-11
01052001583,010-5200-1583,"one digit, last group",-1.8656519096986687e-10,146,2.1816858735572667e-10
01052001583,010-5200-1583,"one digit, last group",-1.8656519096986687e-10,147,-2.297299033004339e-11
01052001583,010-5200-1583,"one digit, last group",-1.8656519096986687e-10,148,7.814581597304378e-12
01052001583,010-5200-1583,"one digit, last group",-1.8656519096986687e-10,149,1.2036463045267638e-10
01052001583,010-5200-1583,"one digit, last group",-1.8656519096986687e-10,150,-3.946679856411189e-10
01052001583,010-5200-1583,"one digit, last group",-1.8656519096986687e-10,151,-5.1778116987674757e-11
01052001583,010-5200-1583,"one digit, last group",-1.8656519096986687e-10,152,4.839787185958953e-10
01052001583,010-5200-1583,"one digit, last group",-1.8656519096986687e-10,153,-1.4398612507217956e-10
01052001583,010-5200-1583,"one digit, last group",-1.8656519096986687e-10,154,4.0457171388514174e-12
01052001583,010-5200-1583,"one digit, last group",-1.8656519096986687e-10,155,1.215823809049065e-10
01052001583,010-5200-1583,"one digit, last group",-1.8656519096986687e-10,156,8.822149686935465e-11
01052001583,010-5200-1583,"one digit, last group",-1.8656519096986687e-10,157,1.003278830733496e-11
01052001583,010-5200-1583,"one digit, last group",-1.8656519096986687e-10,158,1.489106332187293e-10
01052001583,010-5200-1583,"one digit, last group",-1.8656519096986687e-10,159,-9.037817284558265e-11
01052001583,010-5200-1583,"one digit, last group",-1.8656519096986687e-10,160,-3.9981569520681427e-11
01052001583,010-5200-1583,"one digit, last group",-1.8656519096986687e-10,161,-1.009650042118859e-10
01052001583,010-5200-1583,"one digit, last group",-1.8656519096986687e-10,162,-2.296844553692e-11
01052001583,010-5200-1583,"one digit, last group",-1.8656519096986687e-10,163,3.381991048857319e-11
01052001583,010-5200-1583,"one digit, last group",-1.8656519096986687e-10,164,-3.354124572808965e-11
01052001583,010-5200-1583,"one digit, last group",-1.8656519096986687e-10,165,-4.906330877810857e-10
01052001583,010-5200-1583,"one digit, last group",-1.8656519096986687e-10,166,-3.3500387803578756e-12
01052001583,010-5200-1583,"one digit, last group",-1.8656519096986687e-10,167,3.5325808069746365e-10
01052001583,010-5200-1583,"one digit, last group",-1.8656519096986687e-10,168,-7.405205537881692e-11
01052001583,010-5200-1583,"one digit, last group",-1.8656519096986687e-10,169,-9.716969198073033e-11
01052001583,010-5200-1583,"one digit, last group",-1.8656519096986687e-10,170,-3.9565219646862953e-11
01052001583,010-5200-1583,"one digit, last group",-1.8656519096986687e-10,171,3.9406173919205605e-09
01052001583,010-5200-1583,"one digit, last group",-1.8656519096986687e-10,172,-4.3807034548697964e-10
01052001583,010-5200-1583,"one digit, last group",-1.8656519096986687e-10,173,1.2182254991252194e-10
01052001583,010-5200-1583,"one digit, last group",-1.8656519096986687e-10,174,8.222094582440829e-11
01052001583,010-5200-1583,"one digit, last group",-1.8656519096986687e-10,175,-2.553288035871705e-10
01052001583,010-5200-1583,"one digit, last group",-1.8656519096986687e-10,176,-8.613241991832956e-11
01052001583,010-5200-1583,"one digit, last group",-1.8656519096986687e-10,177,-1.1523236004614966e-10
01052001583,010-5200-1583,"one digit, last group",-1.8656519096986687e-10,178,7.557262160859627e-11
01052001583,010-5200-1583,"one digit, last group",-1.8656519096986687e-10,179,3.5664884552388406e-11
01052001583,010-5200-1583,"one digit, last group",-1.8656519096986687e-10,180,1.2655157461027474e-11
01052001583,010-5200-1583,"one digit, last group",-1.8656519096986687e-10,181,-1.6253072934228522e-10
01052001583,010-5200-1583,"one digit, last group",-1.8656519096986687e-10,182,-8.182007863102087e-12
01052001583,010-5200-1583,"one digit, last group",-1.8656519096986687e-10,183,1.596922701594909e-10
01052001583,010-5200-1583,"one digit, last group",-1.8656519096986687e-10,184,-1.269428102401017e-10
01052001583,010-5200-1583,"one digit, last group",-1.8656519096986687e-10,185,8.513249673568555e-11
01052001583,010-5200-1583,"one digit, last group",-1.8656519096986687e-10,186,-1.9014173033784699e-10
01052001583,010-5200-1583,"one digit, last group",-1.8656519096986687e-10,187,-3.1488887511033194e-11
01052001583,010-5200-1583,"one digit, last group",-1.8656519096986687e-10,188,-6.528638043699488e-11
01052001583,010-5200-1583,"one digit, last group",-1.8656519096986687e-10,189,-1.6994416889636265e-10
01052001583,010-5200-1583,"one digit, last group",-1.8656519096986687e-10,190,-2.04523472673569e-10
01052001583,010-5200-1583,"one digit, last group",-1.8656519096986687e-10,191,4.912655508732491e-11
01052001583,010-5200-1583,"one digit, last group",-1.8656519096986687e-10,192,3.8251297853159424e-12
01052001583,010-5200-1583,"one digit, last group",-1.8656519096986687e-10,193,1.5245271301739024e-10
01052001583,010-5200-1583,"one digit, last group",-1.8656519096986687e-10,194,2.6806434530217343e-11
01052001583,010-5200-1583,"one digit, last group",-1.8656519096986687e-10,195,1.3343032523629815e-10
01052001583,010-5200-1583,"one digit, last group",-1.8656519096986687e-10,196,1.4628097915123065e-10
01052001583,010-5200-1583,"one digit, last group",-1.8656519096986687e-10,197,-1.1694469321386134e-10
01052001583,010-5200-1583,"one digit, last group",-1.8656519096986687e-10,198,2.6804605823320926e-12
01052001583,010-5200-1583,"one digit, last group",-1.8656519096986687e-10,199,1.5687618774342869e-10
01052001583,010-5200-1583,"one digit, last group",-1.8656519096986687e-10,200,-1.6467834616834682e-11
01052001583,010-5200-1583,"one digit, last group",-1.8656519096986687e-10,201,-5.599946294116676e-11
01052001583,010-5200-1583,"one digit, last group",-1.8656519096986687e-10,202,2.73119765863883e-10
01052001583,010-5200-1583,"one digit, last group",-1.8656519096986687e-10,203,-1.614629641626298e-11
00653004858,006-5300-4858,original,1.0000000002857568,0,-5.772545697478353e-11
00653004858,006-5300-4858,original,1.0000000002857568,1,-5.661658275211829e-11
00653004858,006-5300-4858,original,1.0000000002857568,2,1.8929681343391687e-10
00653004858,006-5300-4858,original,1.0000000002857568,3,3.315685692034774e-11
00653004858,006-5300-4858,original,1.0000000002857568,4,-3.994029560593794e-11
00653004858,006-5300-4858,original,1.0000000002857568,5,-3.9940444524865374e-11
00653004858,006-5300-4858,original,1.0000000002857568,6,-4.9604529988158185e-11
00653004858,006-5300-4858,original,1.0000000002857568,7,-2.261396594474596e-11
00653004858,006-5300-4858,original,1.0000000002857568,8,-4.019655778725724e-11
00653004858,006-5300-4858,original,1.0000000002857568,9,-1.8955835365797747e-11
00653004858,006-5300-4858,original,1.0000000002857568,10,1.4105914081587839e-11
00653004858,006-5300-4858,original,1.0000000002857568,11,-9.102000487025064e-11
00653004858,006-5300-4858,original,1.0000000002857568,12,-3.3832008336073047e-10
00653004858,006-5300-4858,original,1.0000000002857568,13,2.583274958419142e-10
00653004858,006-5300-4858,original,1.0000000002857568,14,-1.3545458279069856e-10
00653004858,006-5300-4858,original,1.0000000002857568,15,-1.2473904148701259e-11
00653004858,006-5300-4858,original,1.0000000002857568,16,-1.28688559420295e-10
00653004858,006-5300-4858,original,1.0000000002857568,17,-5.431766058868783e-10
00653004858,006-5300-4858,original,1.0000000002857568,18,-1.3846694048462315e-10
00653004858,006-5300-4858,original,1.0000000002857568,19,6.138935724261696e-11
00653004858,006-5300-4858,original,1.0000000002857568,20,-2.16521964298943e-11
00653004858,006-5300-4858,original,1.0000000002857568,21,-7.547706724975045e-12
00653004858,006-5300-4858,original,1.0000000002857568,22,2.2482104241670735e-10
00653004858,006-5300-4858,original,1.0000000002857568,23,3.869232819349044e-11
00653004858,006-5300-4858,original,1.0000000002857568,24,2.1022799798977075e-10
00653004858,006-5300-4858,original,1.0000000002857568,25,8.119153278688004e-11
00653004858,006-5300-4858,original,1.0000000002857568,26,1.803481347937491e-10
00653004858,006-5300-4858,original,1.0000000002857568,27,-1.01901534190751e-10
00653004858,006-5300-4858,original,1.0000000002857568,28,1.3146430922347218e-10
00653004858,006-5300-4858,original,1.0000000002857568,29,-7.070720558196487e-11
00653004858,006-5300-4858,original,1.0000000002857568,30,1.6317161421042736e-10
00653004858,006-5300-4858,original,1.0000000002857568,31,3.185832986461938e-11
00653004858,006-5300-4858,original,1.0000000002857568,32,-1.1676866703085512e-10
00653004858,006-5300-4858,original,1.0000000002857568,33,-2.776762835318778e-11
00653004858,006-5300-4858,original,1.0000000002857568,34,-1.1268460658656053e-10
00653004858,006-5300-4858,original,1.0000000002857568,35,1.1224638649615014e-11
00653004858,006-5300-4858,original,1.0000000002857568,36,3.858352912618679e-11
00653004858,006-5300-4858,original,1.0000000002857568,37,-2.356479434245029e-10
00653004858,006-5300-4858,original,1.0000000002857568,38,9.694878565597416e-11
00653004858,006-5300-4858,original,1.0000000002857568,39,1.450078180790473e-10
00653004858,006-5300-4858,original,1.0000000002857568,40,-4.671788495309602e-11
00653004858,006-5300-4858,original,1.0000000002857568,41,-1.7641364734032527e-10
00653004858,006-5300-4858,original,1.0000000002857568,42,-9.372050095834134e-11
00653004858,006-5300-4858,original,1.0000000002857568,43,7.451334748426975e-12
00653004858,006-5300-4858,original,1.0000000002857568,44,-4.376227176775851e-11
00653004858,006-5300-4858,original,1.0000000002857568,45,-1.1227823355077995e-10
00653004858,006-5300-4858,original,1.0000000002857568,46,2.9231197247951374e-11
00653004858,006-5300-4858,original,1.0000000002857568,47,2.0896038071351647e-10
00653004858,006-5300-4858,original,1.0000000002857568,48,9.355029184636427e-11
00653004858,006-5300-4858,original,1.0000000002857568,49,5.146292443794129e-11
00653004858,006-5300-4858,original,1.0000000002857568,50,1.3804330727402974e-10
00653004858,006-5300-4858,original,1.0000000002857568,51,4.292396525255689e-11
00653004858,006-5300-4858,original,1.0000000002857568,52,-2.359966447481725e-10
00653004858,006-5300-4858,original,1.0000000002857568,53,-4.941121377579902e-12
00653004858,006-5300-4858,original,1.0000000002857568,54,1.3515590258537261e-12
00653004858,006-5300-4858,original,1.0000000002857568,55,1.0252452022240723e-10
00653004858,006-5300-4858,original,1.0000000002857568,56,-3.021241358788421e-10
00653004858,006-5300-4858,original,1.0000000002857568,57,-3.019518121472933e-11
00653004858,006-5300-4858,original,1.0000000002857568,58,5.711429370892914e-11
00653004858,006-5300-4858,original,1.0000000002857568,59,8.573801338617453e-11
00653004858,006-5300-4858,original,1.0000000002857568,60,8.984655388477747e-11
00653004858,006-5300-4858,original,1.0000000002857568,61,1.193651372927481e-10
00653004858,006-5300-4858,original,1.0000000002857568,62,-8.477550542634096e-11
00653004858,006-5300-4858,original,1.0000000002857568,63,-6.405176661894954e-11
00653004858,006-5300-4858,original,1.0000000002857568,64,2.791996185501214e-10
00653004858,006-5300-4858,original,1.0000000002857568,65,1.4585028689186905e-10
00653004858,006-5300-4858,original,1.0000000002857568,66,-2.2092427711993452e-10
00653004858,006-5300-4858,original,1.0000000002857568,67,-3.77183695989211e-11
00653004858,006-5300-4858,original,1.0000000002857568,68,-2.4471469416215176e-10
00653004858,006-5300-4858,original,1.0000000002857568,69,-5.515251158342533e-11
00653004858,006-5300-4858,original,1.0000000002857568,70,-8.828929967078753e-11
00653004858,006-5300-4858,original,1.0000000002857568,71,-2.509860495868756e-12
00653004858,006-5300-4858,original,1.0000000002857568,72,-3.081305111538565e-11
00653004858,006-5300-4858,original,1.0000000002857568,73,7.367475558617058e-11
00653004858,006-5300-4858,original,1.0000000002857568,74,1.6555931137427117e-11
00653004858,006-5300-4858,original,1.0000000002857568,75,-2.3399286822416924e-11
00653004858,006-5300-4858,original,1.0000000002857568,76,1.9858845311618516e-10
00653004858,006-5300-4858,original,1.0000000002857568,77,9.070804896672676e-12
00653004858,006-5300-4858,original,1.0000000002857568,78,1.682959300094551e-10
00653004858,006-5300-4858,original,1.0000000002857568,79,-6.013939577532425e-11
00653004858,006-5300-4858,original,1.0000000002857568,80,8.842613920277645e-11
00653004858,006-5300-4858,original,1.0000000002857568,81,-1.56352641577149e-10
00653004858,006-5300-4858,original,1.0000000002857568,82,-2.3820466729677333e-10
00653004858,006-5300-4858,original,1.0000000002857568,83,-1.1372521193854704e-10
00653004858,006-5300-4858,original,1.0000000002857568,84,8.149272728363284e-11
00653004858,006-5300-4858,original,1.0000000002857568,85,-2.3701860632216566e-11
00653004858,006-5300-4858,original,1.0000000002857568,86,2.2543413746482109e-10
00653004858,006-5300-4858,original,1.0000000002857568,87,-6.825928750876175e-11
00653004858,006-5300-4858,original,1.0000000002857568,88,-4.396808087993926e-11
00653004858,006-5300-4858,original,1.0000000002857568,89,-4.506990052657143e-11
00653004858,006-5300-4858,original,1.0000000002857568,90,1.442868251027641e-10
00653004858,006-5300-4858,original,1.0000000002857568,91,-2.2740088637093448e-10
00653004858,006-5300-4858,original,1.0000000002857568,92,2.6167963567404947e-11
00653004858,006-5300-4858,original,1.0000000002857568,93,3.6271106581941025e-11
00653004858,006-5300-4858,original,1.0000000002857568,94,4.1565191352802814e-11
00653004858,006-5300-4858,original,1.0000000002857568,95,6.668361241994866e-11
00653004858,006-5300-4858,original,1.0000000002857568,96,4.2670944966583534e-11
00653004858,006-5300-4858,original,1.0000000002857568,97,2.7922438941329732e-11
00653004858,006-5300-4858,original,1.0000000002857568,98,-1.2387964151082392e-10
00653004858,006-5300-4858,original,1.0000000002857568,99,6.571468766578392e-11
00653004858,006-5300-4858,original,1.0000000002857568,100,-3.3393449461523406e-10
00653004858,006-5300-4858,original,1.0000000002857568,101,-1.0218067053747592e-11
00653004858,006-5300-4858,original,1.0000000002857568,102,-5.508127207220239e-11
00653004858,006-5300-4858,original,1.0000000002857568,103,-4.838521110992441e-11
00653004858,006-5300-4858,original,1.0000000002857568,104,-1.691295264901728e-10
00653004858,006-5300-4858,original,1.0000000002857568,105,1.5931628047269655e-10
00653004858,006-5300-4858,original,1.0000000002857568,106,-1.476381675906624e-10
00653004858,006-5300-4858,original,1.0000000002857568,107,2.408646984599306e-11
00653004858,006-5300-4858,original,1.0000000002857568,108,-1.363281290825072e-11
00653004858,006-5300-4858,original,1.0000000002857568,109,-2.2902226379302242e-10
00653004858,006-5300-4858,original,1.0000000002857568,110,1.416725719681354e-10
00653004858,006-5300-4858,original,1.0000000002857568,111,2.1173313724936393e-11
00653004858,006-5300-4858,original,1.0000000002857568,112,-1.7307643723621292e-10
00653004858,006-5300-4858,original,1.0000000002857568,113,-8.622502068060432e-12
00653004858,006-5300-4858,original,1.0000000002857568,114,1.0602183648607861e-10
00653004858,006-5300-4858,original,1.0000000002857568,115,-4.366371553259736e-11
00653004858,006-5300-4858,original,1.0000000002857568,116,-1.9790774959391966e-10
00653004858,006-5300-4858,original,1.0000000002857568,117,-1.6306539517772988e-10
00653004858,006-5300-4858,original,1.0000000002857568,118,7.576917776439274e-11
00653004858,006-5300-4858,original,1.0000000002857568,119,1.923176513626478e-10
00653004858,006-5300-4858,original,1.0000000002857568,120,2.7019968565689597e-11
00653004858,006-5300-4858,original,1.0000000002857568,121,6.497414163536432e-11
00653004858,006-5300-4858,original,1.0000000002857568,122,1.94743486500562e-10
00653004858,006-5300-4858,original,1.0000000002857568,123,6.186996040496611e-11
00653004858,006-5300-4858,original,1.0000000002857568,124,2.415908776244307e-10
00653004858,006-5300-4858,original,1.0000000002857568,125,-4.733326895198012e-10
00653004858,006-5300-4858,original,1.0000000002857568,126,-9.886713514743738e-11
00653004858,006-5300-4858,original,1.0000000002857568,127,-4.1537020520796077e-10
00653004858,006-5300-4858,original,1.0000000002857568,128,-3.4031999866599814e-10
00653004858,006-5300-4858,original,1.0000000002857568,129,1.30215376333627e-10
00653004858,006-5300-4858,original,1.0000000002857568,130,1.4674475631666152e-10
00653004858,006-5300-4858,original,1.0000000002857568,131,3.8040305470543283e-10
00653004858,006-5300-4858,original,1.0000000002857568,132,6.840152924913968e-11
00653004858,006-5300-4858,original,1.0000000002857568,133,8.947483755742871e-12
00653004858,006-5300-4858,original,1.0000000002857568,134,-1.2813305150073043e-10
00653004858,006-5300-4858,original,1.0000000002857568,135,2.3240943379341265e-11
00653004858,006-5300-4858,original,1.0000000002857568,136,3.0214396744753134e-11
00653004858,006-5300-4858,original,1.0000000002857568,137,-1.1179099433102367e-10
00653004858,006-5300-4858,original,1.0000000002857568,138,1.5717632735860495e-11
00653004858,006-5300-4858,original,1.0000000002857568,139,-1.255730614634179e-10
00653004858,006-5300-4858,original,1.0000000002857568,140,2.1906808765706093e-10
00653004858,006-5300-4858,original,1.0000000002857568,141,1.6734467390977947e-10
00653004858,006-5300-4858,original,1.0000000002857568,142,5.2536695667135354e-11
00653004858,006-5300-4858,original,1.0000000002857568,143,-6.493488971700006e-11
00653004858,006-5300-4858,original,1.0000000002857568,144,2.1061483572686676e-10
00653004858,006-5300-4858,original,1.0000000002857568,145,-1.950293510728833e-11
00653004858,006-5300-4858,original,1.0000000002857568,146,7.954894119147365e-12
00653004858,006-5300-4858,original,1.0000000002857568,147,2.5206685021756904e-10
00653004858,006-5300-4858,original,1.0000000002857568,148,-5.205192753054969e-11
00653004858,006-5300-4858,original,1.0000000002857568,149,2.1352717955004072e-10
00653004858,006-5300-4858,original,1.0000000002857568,150,8.41338991348738e-11
00653004858,006-5300-4858,original,1.0000000002857568,151,2.5549869118828082e-11
00653004858,006-5300-4858,original,1.0000000002857568,152,-2.1835539797572964e-10
00653004858,006-5300-4858,original,1.0000000002857568,153,7.69813337867362e-11
00653004858,006-5300-4858,original,1.0000000002857568,154,-2.3036641633081388e-14
00653004858,006-5300-4858,original,1.0000000002857568,155,-7.01845102189678e-10
00653004858,006-5300-4858,original,1.0000000002857568,156,5.420048828699204e-11
00653004858,006-5300-4858,original,1.0000000002857568,157,-5.603119836522632e-13
00653004858,006-5300-4858,original,1.0000000002857568,158,2.927095787250006e-11
00653004858,006-5300-4858,original,1.0000000002857568,159,4.664499648315981e-11
00653004858,006-5300-4858,original,1.0000000002857568,160,-9.692821296761427e-11
00653004858,006-5300-4858,original,1.0000000002857568,161,-4.246354371277934e-11
00653004858,006-5300-4858,original,1.0000000002857568,162,-6.352474825641987e-11
00653004858,006-5300-4858,original,1.0000000002857568,163,-1.1497240691269508e-11
00653004858,006-5300-4858,original,1.0000000002857568,164,1.8508930383756705e-10
00653004858,006-5300-4858,original,1.0000000002857568,165,-6.904783175042723e-11
00653004858,006-5300-4858,original,1.0000000002857568,166,7.438249376810957e-11
00653004858,006-5300-4858,original,1.0000000002857568,167,4.554749687552251e-11
00653004858,006-5300-4858,original,1.0000000002857568,168,2.0126767066535682e-11
00653004858,006-5300-4858,original,1.0000000002857568,169,-5.265747789056843e-11
00653004858,006-5300-4858,original,1.0000000002857568,170,6.465501614948995e-11
00653004858,006-5300-4858,original,1.0000000002857568,171,-2.953376069187762e-11
00653004858,006-5300-4858,original,1.0000000002857568,172,4.722155961239413e-11
00653004858,006-5300-4858,original,1.0000000002857568,173,-2.5094068782663426e-10
00653004858,006-5300-4858,original,1.0000000002857568,174,-9.047876712733188e-11
00653004858,006-5300-4858,original,1.0000000002857568,175,6.871299223305002e-10
00653004858,006-5300-4858,original,1.0000000002857568,176,-1.6376877806742e-11
00653004858,006-5300-4858,original,1.0000000002857568,177,-1.7421949086116388e-11
00653004858,006-5300-4858,original,1.0000000002857568,178,-4.389742851509432e-11
00653004858,006-5300-4858,original,1.0000000002857568,179,-8.100344028153148e-12
00653004858,006-5300-4858,original,1.0000000002857568,180,1.1228444218024284e-10
00653004858,006-5300-4858,original,1.0000000002857568,181,-4.264481069482668e-10
00653004858,006-5300-4858,original,1.0000000002857568,182,-5.546845545712213e-11
00653004858,006-5300-4858,original,1.0000000002857568,183,1.8231180798748918e-10
00653004858,006-5300-4858,original,1.0000000002857568,184,-1.3592541801004387e-11
00653004858,006-5300-4858,original,1.0000000002857568,185,-7.932355682114634e-11
00653004858,006-5300-4858,original,1.0000000002857568,186,-1.4021906705699555e-10
00653004858,006-5300-4858,original,1.0000000002857568,187,0.9999996786140473
00653004858,006-5300-4858,original,1.0000000002857568,188,0.9999996912239668
00653004858,006-5300-4858,original,1.0000000002857568,189,6.923242168701474e-11
00653004858,006-5300-4858,original,1.0000000002857568,190,1.7434472952198703e-10
00653004858,006-5300-4858,original,1.0000000002857568,191,-9.706222772368912e-11
00653004858,006-5300-4858,original,1.0000000002857568,192,-2.285596506543773e-11
00653004858,006-5300-4858,original,1.0000000002857568,193,-1.1209014374478905e-10
00653004858,006-5300-4858,original,1.0000000002857568,194,-2.985051760256579e-11
00653004858,006-5300-4858,original,1.0000000002857568,195,7.60552947651339e-11
00653004858,006-5300-4858,original,1.0000000002857568,196,-7.385591734979526e-12
00653004858,006-5300-4858,original,1.0000000002857568,197,-2.09505525432964e-10
00653004858,006-5300-4858,original,1.0000000002857568,198,-2.2663360848109247e-10
00653004858,006-5300-4858,original,1.0000000002857568,199,-5.300876397921255e-11
00653004858,006-5300-4858,original,1.0000000002857568,200,-1.1366585803190948e-10
00653004858,006-5300-4858,original,1.0000000002857568,201,7.912697249199607e-11
00653004858,006-5300-4858,original,1.0000000002857568,202,-6.21877533377735e-10
00653004858,006-5300-4858,original,1.0000000002857568,203,2.847398033598143e-14
00653004859,006-5300-4859,"one digit, last group",-1.0007815468098485e-10,0,-1.3268882618496184e-10
00653004859,006-5300-4859,"one digit, last group",-1.0007815468098485e-10,1,1.749803430548292e-10
00653004859,006-5300-4859,"one digit, last group",-1.0007815468098485e-10,2,-9.016920535004359e-11
00653004859,006-5300-4859,"one digit, last group",-1.0007815468098485e-10,3,-3.067672022055817e-11
00653004859,006-5300-4859,"one digit, last group",-1.0007815468098485e-10,4,-3.4585099909245487e-10
00653004859,006-5300-4859,"one digit, last group",-1.0007815468098485e-10,5,9.707045103196566e-11
00653004859,006-5300-4859,"one digit, last group",-1.0007815468098485e-10,6,1.5658137631001568e-11
00653004859,006-5300-4859,"one digit, last group",-1.0007815468098485e-10,7,4.206044058059146e-11
00653004859,006-5300-4859,"one digit, last group",-1.0007815468098485e-10,8,-2.8015961696967977e-10
00653004859,006-5300-4859,"one digit, last group",-1.0007815468098485e-10,9,1.1301959556853452e-10
00653004859,006-5300-4859,"one digit, last group",-1.0007815468098485e-10,10,8.713597436980186e-12
00653004859,006-5300-4859,"one digit, last group",-1.0007815468098485e-10,11,3.4395823344730698e-12
00653004859,006-5300-4859,"one digit, last group",-1.0007815468098485e-10,12,6.767879712797863e-11
00653004859,006-5300-4859,"one digit, last group",-1.0007815468098485e-10,13,2.025308869999619e-11
00653004859,006-5300-4859,"one digit, last group",-1.0007815468098485e-10,14,8.042452179598413e-11
00653004859,006-5300-4859,"one digit, last group",-1.0007815468098485e-10,15,6.293220639295018e-13
00653004859,006-5300-4859,"one digit, last group",-1.0007815468098485e-10,16,2.055710349882054e-10
00653004859,006-5300-4859,"one digit, last group",-1.0007815468098485e-10,17,-5.615463905659972e-10
00653004859,006-5300-4859,"one digit, last group",-1.0007815468098485e-10,18,7.790659360248684e-11
00653004859,006-5300-4859,"one digit, last group",-1.0007815468098485e-10,19,2.406915859883833e-11
00653004859,006-5300-4859,"one digit, last group",-1.0007815468098485e-10,20,4.333131660966163e-11
00653004859,006-5300-4859,"one digit, last group",-1.0007815468098485e-10,21,2.848763152871981e-10
00653004859,006-5300-4859,"one digit, last group",-1.0007815468098485e-10,22,-2.660316671838529e-11
00653004859,006-5300-4859,"one digit, last group",-1.0007815468098485e-10,23,-1.7809114373893812e-11
00653004859,006-5300-4859,"one digit, last group",-1.0007815468098485e-10,24,-9.877240810730947e-12
00653004859,006-5300-4859,"one digit, last group",-1.0007815468098485e-10,25,9.370113428094191e-11
00653004859,006-5300-4859,"one digit, last group",-1.0007815468098485e-10,26,4.659628536618783e-10
00653004859,006-5300-4859,"one digit, last group",-1.0007815468098485e-10,27,-2.815949831387148e-10
00653004859,006-5300-4859,"one digit, last group",-1.0007815468098485e-10,28,-6.692884696608193e-11
00653004859,006-5300-4859,"one digit, last group",-1.0007815468098485e-10,29,1.3656512108979805e-10
00653004859,006-5300-4859,"one digit, last group",-1.0007815468098485e-10,30,-5.572990398608073e-11
00653004859,006-5300-4859,"one digit, last group",-1.0007815468098485e-10,31,1.352220292688211e-10
00653004859,006-5300-4859,"one digit, last group",-1.0007815468098485e-10,32,2.2664291938928362e-10
00653004859,006-5300-4859,"one digit, last group",-1.0007815468098485e-10,33,-2.7850476070854914e-10
00653004859,006-5300-4859,"one digit, last group",-1.0007815468098485e-10,34,1.2442736547147082e-11
00653004859,006-5300-4859,"one digit, last group",-1.0007815468098485e-10,35,8.281103647586552e-11
00653004859,006-5300-4859,"one digit, last group",-1.0007815468098485e-10,36,-8.481348776205406e-11
00653004859,006-5300-4859,"one digit, last group",-1.0007815468098485e-10,37,2.9967857186790233e-10
00653004859,006-5300-4859,"one digit, last group",-1.0007815468098485e-10,38,8.48359247841496e-11
00653004859,006-5300-4859,"one digit, last group",-1.0007815468098485e-10,39,-5.7896563781865056e-11
00653004859,006-5300-4859,"one digit, last group",-1.0007815468098485e-10,40,-2.0775063701337725e-10
00653004859,006-5300-4859,"one digit, last group",-1.0007815468098485e-10,41,-3.542194818325397e-11
00653004859,006-5300-4859,"one digit, last group",-1.0007815468098485e-10,42,2.192123937071805e-11
00653004859,006-5300-4859,"one digit, last group",-1.0007815468098485e-10,43,-4.741061509312816e-11
00653004859,006-5300-4859,"one digit, last group",-1.0007815468098485e-10,44,-2.5786027360261006e-12
00653004859,006-5300-4859,"one digit, last group",-1.0007815468098485e-10,45,-3.223338855106388e-10
00653004859,006-5300-4859,"one digit, last group",-1.0007815468098485e-10,46,1.1528424733746202e-10
00653004859,006-5300-4859,"one digit, last group",-1.0007815468098485e-10,47,1.1398922418431493e-10
00653004859,006-5300-4859,"one digit, last group",-1.0007815468098485e-10,48,-9.031101399913578e-11
00653004859,006-5300-4859,"one digit, last group",-1.0007815468098485e-10,49,8.360298996683228e-11
00653004859,006-5300-4859,"one digit, last group",-1.0007815468098485e-10,50,6.243104253270537e-11
00653004859,006-5300-4859,"one digit, last group",-1.0007815468098485e-10,51,-5.7149503471307385e-12
00653004859,006-5300-4859,"one digit, last group",-1.0007815468098485e-10,52,-7.352167876070366e-11
00653004859,006-5300-4859,"one digit, last group",-1.0007815468098485e-10,53,1.4191735139502561e-11
00653004859,006-5300-4859,"one digit, last group",-1.0007815468098485e-10,54,4.822486768214521e-11
00653004859,006-5300-4859,"one digit, last group",-1.0007815468098485e-10,55,8.551662829204131e-11
00653004859,006-5300-4859,"one digit, last group",-1.0007815468098485e-10,56,-1.236104201720486e-10
00653004859,006-5300-4859,"one digit, last group",-1.0007815468098485e-10,57,5.083330441226423e-12
00653004859,006-5300-4859,"one digit, last group",-1.0007815468098485e-10,58,-6.845461803322487e-12
00653004859,006-5300-4859,"one digit, last group",-1.0007815468098485e-10,59,2.478962136405686e-10
00653004859,006-5300-4859,"one digit, last group",-1.0007815468098485e-10,60,2.7085378453185233e-11
00653004859,006-5300-4859,"one digit, last group",-1.0007815468098485e-10,61,4.665024463344481e-11
00653004859,006-5300-4859,"one digit, last group",-1.0007815468098485e-10,62,-4.3131005618383656e-10
00653004859,006-5300-4859,"one digit, last group",-1.0007815468098485e-10,63,2.1793809066158385e-11
00653004859,006-5300-4859,"one digit, last group",-1.0007815468098485e-10,64,9.711147478849991e-13
00653004859,006-5300-4859,"one digit, last group",-1.0007815468098485e-10,65,7.815730669063013e-11
00653004859,006-5300-4859,"one digit, last group",-1.0007815468098485e-10,66,9.315343863680667e-11
00653004859,006-5300-4859,"one digit, last group",-1.0007815468098485e-10,67,1.3633819944361856e-10
00653004859,006-5300-4859,"one digit, last group",-1.0007815468098485e-10,68,5.479180142453085e-11
00653004859,006-5300-4859,"one digit, last group",-1.0007815468098485e-10,69,-5.061969744528183e-11
00653004859,006-5300-4859,"one digit, last group",-1.0007815468098485e-10,70,-1.0832576672987641e-10
00653004859,006-5300-4859,"one digit, last group",-1.0007815468098485e-10,71,-1.0740254463392698e-10
00653004859,006-5300-4859,"one digit, last group",-1.0007815468098485e-10,72,3.083308735607471e-11
00653004859,006-5300-4859,"one digit, last group",-1.0007815468098485e-10,73,-2.954143576044847e-11
00653004859,006-5300-4859,"one digit, last group",-1.0007815468098485e-10,74,-2.615731780070524e-10
00653004859,006-5300-4859,"one digit, last group",-1.0007815468098485e-10,75,-7.251284530094664e-11
00653004859,006-5300-4859,"one digit, last group",-1.0007815468098485e-10,76,1.2088370964377367e-11
00653004859,006-5300-4859,"one digit, last group",-1.0007815468098485e-10,77,-2.992048034027799e-11
00653004859,006-5300-4859,"one digit, last group",-1.0007815468098485e-10,78,2.4848887670837993e-10
00653004859,006-5300-4859,"one digit, last group",-1.0007815468098485e-10,79,-4.510322999071519e-11
00653004859,006-5300-4859,"one digit, last group",-1.0007815468098485e-10,80,6.382859509321455e-11
00653004859,006-5300-4859,"one digit, last group",-1.0007815468098485e-10,81,-8.099954482643544e-11
00653004859,006-5300-4859,"one digit, last group",-1.0007815468098485e-10,82,-9.803727849027267e-11
00653004859,006-5300-4859,"one digit, last group",-1.0007815468098485e-10,83,-1.5270038232193455e-11
00653004859,006-5300-4859,"one digit, last group",-1.0007815468098485e-10,84,-1.0097341268400054e-10
00653004859,006-5300-4859,"one digit, last group",-1.0007815468098485e-10,85,8.750768141698514e-12
00653004859,006-5300-4859,"one digit, last group",-1.0007815468098485e-10,86,9.788141942989391e-11
00653004859,006-5300-4859,"one digit, last group",-1.0007815468098485e-10,87,-4.9349199518226585e-11
00653004859,006-5300-4859,"one digit, last group",-1.0007815468098485e-10,88,1.4805297607288072e-10
00653004859,006-5300-4859,"one digit, last group",-1.0007815468098485e-10,89,2.1207439221615524e-10
00653004859,006-5300-4859,"one digit, last group",-1.0007815468098485e-10,90,-2.4501088082669452e-11
00653004859,006-5300-4859,"one digit, last group",-1.0007815468098485e-10,91,5.368732679012335e-11
00653004859,006-5300-4859,"one digit, last group",-1.0007815468098485e-10,92,1.5225819905986658e-10
00653004859,006-5300-4859,"one digit, last group",-1.0007815468098485e-10,93,2.0043043850228961e-10
00653004859,006-5300-4859,"one digit, last group",-1.0007815468098485e-10,94,2.651288754638934e-11
00653004859,006-5300-4859,"one digit, last group",-1.0007815468098485e-10,95,-6.836284580252349e-12
00653004859,006-5300-4859,"one digit, last group",-1.0007815468098485e-10,96,-1.8458511676513796e-10
00653004859,006-5300-4859,"one digit, last group",-1.0007815468098485e-10,97,-6.777089810165388e-11
00653004859,006-5300-4859,"one digit, last group",-1.0007815468098485e-10,98,-5.20901400407081e-11
00653004859,006-5300-4859,"one digit, last group",-1.0007815468098485e-10,99,-9.673795539451908e-12
00653004859,006-5300-4859,"one digit, last group",-1.0007815468098485e-10,100,-2.992864841643144e-10
00653004859,006-5300-4859,"one digit, last group",-1.0007815468098485e-10,101,-4.142186856305886e-10
00653004859,006-5300-4859,"one digit, last group",-1.0007815468098485e-10,102,-1.8829596149738406e-10
00653004859,006-5300-4859,"one digit, last group",-1.0007815468098485e-10,103,3.010619783828357e-11
00653004859,006-5300-4859,"one digit, last group",-1.0007815468098485e-10,104,4.561246096609718e-10
00653004859,006-5300-4859,"one digit, last group",-1.0007815468098485e-10,105,-6.931410406237912e-11
00653004859,006-5300-4859,"one digit, last group",-1.0007815468098485e-10,106,1.0809698307132338e-10
00653004859,006-5300-4859,"one digit, last group",-1.0007815468098485e-10,107,3.0794388570028795e-11
00653004859,006-5300-4859,"one digit, last group",-1.0007815468098485e-10,108,5.073186610390179e-11
00653004859,006-5300-4859,"one digit, last group",-1.0007815468098485e-10,109,1.1138093069180717e-10
00653004859,006-5300-4859,"one digit, last group",-1.0007815468098485e-10,110,1.215304923342644e-11
00653004859,006-5300-4859,"one digit, last group",-1.0007815468098485e-10,111,3.729354788575355e-11
00653004859,006-5300-4859,"one digit, last group",-1.0007815468098485e-10,112,-5.632216183835992e-10
00653004859,006-5300-4859,"one digit, last group",-1.0007815468098485e-10,113,1.489356923585974e-11
00653004859,006-5300-4859,"one digit, last group",-1.0007815468098485e-10,114,-2.508001516298741e-11
00653004859,006-5300-4859,"one digit, last group",-1.0007815468098485e-10,115,-1.698974897558252e-11
00653004859,006-5300-4859,"one digit, last group",-1.0007815468098485e-10,116,-3.785903237224287e-11
00653004859,006-5300-4859,"one digit, last group",-1.0007815468098485e-10,117,1.89217919223048e-10
00653004859,006-5300-4859,"one digit, last group",-1.0007815468098485e-10,118,-3.5923624368401625e-10
00653004859,006-5300-4859,"one digit, last group",-1.0007815468098485e-10,119,-6.961196588090046e-11
00653004859,006-5300-4859,"one digit, last group",-1.0007815468098485e-10,120,-5.3404612797781946e-11
00653004859,006-5300-4859,"one digit, last group",-1.0007815468098485e-10,121,-2.718543846897608e-10
00653004859,006-5300-4859,"one digit, last group",-1.0007815468098485e-10,122,1.813992815860781e-10
00653004859,006-5300-4859,"one digit, last group",-1.0007815468098485e-10,123,-2.418643123039232e-11
00653004859,006-5300-4859,"one digit, last group",-1.0007815468098485e-10,124,6.194923395339539e-11
00653004859,006-5300-4859,"one digit, last group",-1.0007815468098485e-10,125,8.360100259680727e-11
00653004859,006-5300-4859,"one digit, last group",-1.0007815468098485e-10,126,-3.661575275004507e-11
00653004859,006-5300-4859,"one digit, last group",-1.0007815468098485e-10,127,-1.7249979914117018e-10
00653004859,006-5300-4859,"one digit, last group",-1.0007815468098485e-10,128,-1.3544570265201322e-10
00653004859,006-5300-4859,"one digit, last group",-1.0007815468098485e-10,129,1.183374875976708e-10
00653004859,006-5300-4859,"one digit, last group",-1.0007815468098485e-10,130,1.9837775675699235e-11
00653004859,006-5300-4859,"one digit, last group",-1.0007815468098485e-10,131,6.8959045866944876e-12
00653004859,006-5300-4859,"one digit, last group",-1.0007815468098485e-10,132,9.741492178967621e-11
00653004859,006-5300-4859,"one digit, last group",-1.0007815468098485e-10,133,-2.0820081273719093e-10
00653004859,006-5300-4859,"one digit, last group",-1.0007815468098485e-10,134,-8.410420213000328e-11
00653004859,006-5300-4859,"one digit, last group",-1.0007815468098485e-10,135,-9.17226847656463e-11
00653004859,006-5300-4859,"one digit, last group",-1.0007815468098485e-10,136,-1.2819979458155432e-11
00653004859,006-5300-4859,"one digit, last group",-1.0007815468098485e-10,137,-1.177300208408583e-10
00653004859,006-5300-4859,"one digit, last group",-1.0007815468098485e-10,138,-4.314660777429746e-10
00653004859,006-5300-4859,"one digit, last group",-1.0007815468098485e-10,139,1.335010536005757e-10
00653004859,006-5300-4859,"one digit, last group",-1.0007815468098485e-10,140,1.5229199484924824e-10
00653004859,006-5300-4859,"one digit, last group",-1.0007815468098485e-10,141,1.7834701348294742e-10
00653004859,006-5300-4859,"one digit, last group",-1.0007815468098485e-10,142,-8.492473811080147e-11
00653004859,006-5300-4859,"one digit, last group",-1.0007815468098485e-10,143,-3.5367997839177423e-11
00653004859,006-5300-4859,"one digit, last group",-1.0007815468098485e-10,144,7.634310968284987e-11
00653004859,006-5300-4859,"one digit, last group",-1.0007815468098485e-10,145,1.0740605691181418e-10
00653004859,006-5300-4859,"one digit, last group",-1.0007815468098485e-10,146,-1.0108417356610574e-10
00653004859,006-5300-4859,"one digit, last group",-1.0007815468098485e-10,147,4.608732930211201e-12
00653004859,006-5300-4859,"one digit, last group",-1.0007815468098485e-10,148,1.1091825589502484e-10
00653004859,006-5300-4859,"one digit, last group",-1.0007815468098485e-10,149,-4.370920425782662e-10
00653004859,006-5300-4859,"one digit, last group",-1.0007815468098485e-10,150,2.15923317823605e-10
00653004859,006-5300-4859,"one digit, last group",-1.0007815468098485e-10,151,1.1772727348744579e-10
00653004859,006-5300-4859,"one digit, last group",-1.0007815468098485e-10,152,2.137975029459716e-10
00653004859,006-5300-4859,"one digit, last group",-1.0007815468098485e-10,153,-1.5999806334118294e-10
00653004859,006-5300-4859,"one digit, last group",-1.0007815468098485e-10,154,4.2085060128937823e-11
00653004859,006-5300-4859,"one digit, last group",-1.0007815468098485e-10,155,-4.194533835196242e-11
00653004859,006-5300-4859,"one digit, last group",-1.0007815468098485e-10,156,-6.331767873425336e-11
00653004859,006-5300-4859,"one digit, last group",-1.0007815468098485e-10,157,-1.373593124445942e-10
00653004859,006-5300-4859,"one digit, last group",-1.0007815468098485e-10,158,1.1535312119823963e-13
00653004859,006-5300-4859,"one digit, last group",-1.0007815468098485e-10,159,4.4332061335744976e-11
00653004859,006-5300-4859,"one digit, last group",-1.0007815468098485e-10,160,2.4897542365391244e-10
00653004859,006-5300-4859,"one digit, last group",-1.0007815468098485e-10,161,1.868911858148957e-11
00653004859,006-5300-4859,"one digit, last group",-1.0007815468098485e-10,162,3.373288474237137e-11
00653004859,006-5300-4859,"one digit, last group",-1.0007815468098485e-10,163,4.415283069049896e-11
00653004859,006-5300-4859,"one digit, last group",-1.0007815468098485e-10,164,-4.951732598469592e-11
00653004859,006-5300-4859,"one digit, last group",-1.0007815468098485e-10,165,2.1109615438814144e-10
00653004859,006-5300-4859,"one digit, last group",-1.0007815468098485e-10,166,6.127270980832396e-11
00653004859,006-5300-4859,"one digit, last group",-1.0007815468098485e-10,167,-3.454996379639291e-10
00653004859,006-5300-4859,"one digit, last group",-1.0007815468098485e-10,168,-7.809731163940325e-11
00653004859,006-5300-4859,"one digit, last group",-1.0007815468098485e-10,169,-1.6638248404911557e-10
00653004859,006-5300-4859,"one digit, last group",-1.0007815468098485e-10,170,8.470459227331323e-11
00653004859,006-5300-4859,"one digit, last group",-1.0007815468098485e-10,171,-2.0457515421221878e-10
00653004859,006-5300-4859,"one digit, last group",-1.0007815468098485e-10,172,2.1788203522616443e-12
00653004859,006-5300-4859,"one digit, last group",-1.0007815468098485e-10,173,-6.1905659868577e-11
00653004859,006-5300-4859,"one digit, last group",-1.0007815468098485e-10,174,-1.2723894896592848e-12
00653004859,006-5300-4859,"one digit, last group",-1.0007815468098485e-10,175,1.918713388867194e-10
00653004859,006-5300-4859,"one digit, last group",-1.0007815468098485e-10,176,-3.993211319028069e-11
00653004859,006-5300-4859,"one digit, last group",-1.0007815468098485e-10,177,-1.39922003012821e-10
00653004859,006-5300-4859,"one digit, last group",-1.0007815468098485e-10,178,5.618264302183327e-11
00653004859,006-5300-4859,"one digit, last group",-1.0007815468098485e-10,179,7.082715759034947e-11
00653004859,006-5300-4859,"one digit, last group",-1.0007815468098485e-10,180,6.90543897584596e-11
00653004859,006-5300-4859,"one digit, last group",-1.0007815468098485e-10,181,2.4313734051302364e-11
00653004859,006-5300-4859,"one digit, last group",-1.0007815468098485e-10,182,1.3216058809135188e-10
00653004859,006-5300-4859,"one digit, last group",-1.0007815468098485e-10,183,5.4009382455831875e-12
00653004859,006-5300-4859,"one digit, last group",-1.0007815468098485e-10,184,1.762141407322685e-11
00653004859,006-5300-4859,"one digit, last group",-1.0007815468098485e-10,185,6.03373009978303e-11
00653004859,006-5300-4859,"one digit, last group",-1.0007815468098485e-10,186,-1.2447365676320603e-10
00653004859,006-5300-4859,"one digit, last group",-1.0007815468098485e-10,187,-6.1471312129883205e-09
00653004859,006-5300-4859,"one digit, last group",-1.0007815468098485e-10,188,2.663268108004931e-09
00653004859,006-5300-4859,"one digit, last group",-1.0007815468098485e-10,189,4.415271402658969e-11
00653004859,006-5300-4859,"one digit, last group",-1.0007815468098485e-10,190,3.1437647886712506e-11
00653004859,006-5300-4859,"one digit, last group",-1.0007815468098485e-10,191,8.957777255600676e-11
00653004859,006-5300-4859,"one digit, last group",-1.0007815468098485e-10,192,5.3370259128946723e-11
00653004859,006-5300-4859,"one digit, last group",-1.0007815468098485e-10,193,1.860195875017484e-11
00653004859,006-5300-4859,"one digit, last group",-1.0007815468098485e-10,194,-6.140800394308299e-11
00653004859,006-5300-4859,"one digit, last group",-1.0007815468098485e-10,195,9.034661197124706e-11
00653004859,006-5300-4859,"one digit, last group",-1.0007815468098485e-10,196,-8.194488612172301e-11
00653004859,006-5300-4859,"one digit, last group",-1.0007815468098485e-10,197,1.0358166341244611e-10
00653004859,006-5300-4859,"one digit, last group",-1.0007815468098485e-10,198,1.2149655001034382e-10
00653004859,006-5300-4859,"one digit, last group",-1.0007815468098485e-10,199,-1.3786157017396616e-10
00653004859,006-5300-4859,"one digit, last group",-1.0007815468098485e-10,200,4.964681775668724e-12
00653004859,006-5300-4859,"one digit, last group",-1.0007815468098485e-10,201,-1.3541279730728362e-11
00653004859,006-5300-4859,"one digit, last group",-1.0007815468098485e-10,202,-1.9412157699140823e-10
00653004859,006-5300-4859,"one digit, last group",-1.0007815468098485e-10,203,-1.1257932943056474e-11
02050002924,020-5000-2924,"one digit, first group",-1.735178402821274e-10,0,-3.5562250811563596e-11
02050002924,020-5000-2924,"one digit, first group",-1.735178402821274e-10,1,-1.3799943186459055e-11
02050002924,020-5000-2924,"one digit, first group",-1.735178402821274e-10,2,1.9535294047466766e-10
02050002924,020-5000-2924,"one digit, first group",-1.735178402821274e-10,3,-2.805532191870149e-11
02050002924,020-5000-2924,"one digit, first group",-1.735178402821274e-10,4,2.7234782722558402e-11
02050002924,020-5000-2924,"one digit, first group",-1.735178402821274e-10,5,3.813915040172263e-10
02050002924,020-5000-2924,"one digit, first group",-1.735178402821274e-10,6,2.3069641378950306e-11
02050002924,020-5000-2924,"one digit, first group",-1.735178402821274e-10,7,-2.3562526368228933e-10
02050002924,020-5000-2924,"one digit, first group",-1.735178402821274e-10,8,-2.1927638797771363e-10
02050002924,020-5000-2924,"one digit, first group",-1.735178402821274e-10,9,3.7013404912353103e-11
02050002924,020-5000-2924,"one digit, first group",-1.735178402821274e-10,10,-1.2152783847000263e-11
02050002924,020-5000-2924,"one digit, first group",-1.735178402821274e-10,11,-1.623259067478182e-10
02050002924,020-5000-2924,"one digit, first group",-1.735178402821274e-10,12,-6.350634271542015e-11
02050002924,020-5000-2924,"one digit, first group",-1.735178402821274e-10,13,-5.16713789177568e-10
02050002924,020-5000-2924,"one digit, first group",-1.735178402821274e-10,14,-1.0558205466695247e-10
02050002924,020-5000-2924,"one digit, first group",-1.735178402821274e-10,15,3.254142137799822e-11
02050002924,020-5000-2924,"one digit, first group",-1.735178402821274e-10,16,1.915548328083415e-10
02050002924,020-5000-2924,"one digit, first group",-1.735178402821274e-10,17,3.243588713064312e-10
02050002924,020-5000-2924,"one digit, first group",-1.735178402821274e-10,18,1.1801682214761445e-10
02050002924,020-5000-2924,"one digit, first group",-1.735178402821274e-10,19,1.0463424684796636e-10
02050002924,020-5000-2924,"one digit, first group",-1.735178402821274e-10,20,1.0483831793773494e-10
02050002924,020-5000-2924,"one digit, first group",-1.735178402821274e-10,21,7.167926408599939e-11
02050002924,020-5000-2924,"one digit, first group",-1.735178402821274e-10,22,-8.816515541076221e-11
02050002924,020-5000-2924,"one digit, first group",-1.735178402821274e-10,23,-9.804193330413944e-11
02050002924,020-5000-2924,"one digit, first group",-1.735178402821274e-10,24,3.613907461935351e-10
02050002924,020-5000-2924,"one digit, first group",-1.735178402821274e-10,25,-8.406394579173227e-12
02050002924,020-5000-2924,"one digit, first group",-1.735178402821274e-10,26,-2.2538751104060837e-10
02050002924,020-5000-2924,"one digit, first group",-1.735178402821274e-10,27,-1.1665939015660153e-10
02050002924,020-5000-2924,"one digit, first group",-1.735178402821274e-10,28,1.2022953413043194e-10
02050002924,020-5000-2924,"one digit, first group",-1.735178402821274e-10,29,7.420611161012607e-11
02050002924,020-5000-2924,"one digit, first group",-1.735178402821274e-10,30,1.8315090185540392e-10
02050002924,020-5000-2924,"one digit, first group",-1.735178402821274e-10,31,-1.4003336264022696e-10
02050002924,020-5000-2924,"one digit, first group",-1.735178402821274e-10,32,-1.20883132395957e-10
02050002924,020-5000-2924,"one digit, first group",-1.735178402821274e-10,33,3.2752815477871823e-11
02050002924,020-5000-2924,"one digit, first group",-1.735178402821274e-10,34,-1.3351169768426356e-10
02050002924,020-5000-2924,"one digit, first group",-1.735178402821274e-10,35,2.1224707978454384e-11
02050002924,020-5000-2924,"one digit, first group",-1.735178402821274e-10,36,-7.164384494604804e-11
02050002924,020-5000-2924,"one digit, first group",-1.735178402821274e-10,37,-4.302721724062636e-11
02050002924,020-5000-2924,"one digit, first group",-1.735178402821274e-10,38,1.8555314485413237e-11
02050002924,020-5000-2924,"one digit, first group",-1.735178402821274e-10,39,1.7231193843993375e-10
02050002924,020-5000-2924,"one digit, first group",-1.735178402821274e-10,40,-1.9089269119039793e-10
02050002924,020-5000-2924,"one digit, first group",-1.735178402821274e-10,41,2.057654560241391e-11
02050002924,020-5000-2924,"one digit, first group",-1.735178402821274e-10,42,3.4244749273183155e-11
02050002924,020-5000-2924,"one digit, first group",-1.735178402821274e-10,43,4.943079093621793e-11
02050002924,020-5000-2924,"one digit, first group",-1.735178402821274e-10,44,-6.153714523761233e-12
02050002924,020-5000-2924,"one digit, first group",-1.735178402821274e-10,45,-2.5221239703937463e-11
02050002924,020-5000-2924,"one digit, first group",-1.735178402821274e-10,46,-5.883788013752016e-11
02050002924,020-5000-2924,"one digit, first group",-1.735178402821274e-10,47,4.580245747910786e-10
02050002924,020-5000-2924,"one digit, first group",-1.735178402821274e-10,48,1.0640661736339386e-10
02050002924,020-5000-2924,"one digit, first group",-1.735178402821274e-10,49,-4.730377784327218e-11
02050002924,020-5000-2924,"one digit, first group",-1.735178402821274e-10,50,4.6001924472847985e-10
02050002924,020-5000-2924,"one digit, first group",-1.735178402821274e-10,51,5.2919946244756725e-11
02050002924,020-5000-2924,"one digit, first group",-1.735178402821274e-10,52,4.6344909305959105e-12
02050002924,020-5000-2924,"one digit, first group",-1.735178402821274e-10,53,2.315321785730182e-11
02050002924,020-5000-2924,"one digit, first group",-1.735178402821274e-10,54,-6.153513599785781e-11
02050002924,020-5000-2924,"one digit, first group",-1.735178402821274e-10,55,1.2468716099310984e-10
02050002924,020-5000-2924,"one digit, first group",-1.735178402821274e-10,56,1.3237175310505122e-10
02050002924,020-5000-2924,"one digit, first group",-1.735178402821274e-10,57,3.1520949264176126e-11
02050002924,020-5000-2924,"one digit, first group",-1.735178402821274e-10,58,9.750517494833815e-11
02050002924,020-5000-2924,"one digit, first group",-1.735178402821274e-10,59,9.870517515532445e-11
02050002924,020-5000-2924,"one digit, first group",-1.735178402821274e-10,60,-1.2179118738849938e-10
02050002924,020-5000-2924,"one digit, first group",-1.735178402821274e-10,61,-3.4533726375671534e-11
02050002924,020-5000-2924,"one digit, first group",-1.735178402821274e-10,62,3.149963008335242e-11
02050002924,020-5000-2924,"one digit, first group",-1.735178402821274e-10,63,-1.1369408489861215e-10
02050002924,020-5000-2924,"one digit, first group",-1.735178402821274e-10,64,-7.21141840591168e-11
02050002924,020-5000-2924,"one digit, first group",-1.735178402821274e-10,65,-4.939381669728278e-12
02050002924,020-5000-2924,"one digit, first group",-1.735178402821274e-10,66,-1.4480222064137726e-10
02050002924,020-5000-2924,"one digit, first group",-1.735178402821274e-10,67,-2.2898446146139993e-10
02050002924,020-5000-2924,"one digit, first group",-1.735178402821274e-10,68,-1.605623950071741e-11
02050002924,020-5000-2924,"one digit, first group",-1.735178402821274e-10,69,-2.7240541069758966e-10
02050002924,020-5000-2924,"one digit, first group",-1.735178402821274e-10,70,5.995765058740646e-11
02050002924,020-5000-2924,"one digit, first group",-1.735178402821274e-10,71,-5.4156422302124086e-11
02050002924,020-5000-2924,"one digit, first group",-1.735178402821274e-10,72,-2.1521372575060612e-11
02050002924,020-5000-2924,"one digit, first group",-1.735178402821274e-10,73,7.189942870761128e-11
02050002924,020-5000-2924,"one digit, first group",-1.735178402821274e-10,74,9.094647986132435e-11
02050002924,020-5000-2924,"one digit, first group",-1.735178402821274e-10,75,2.939177902613959e-11
02050002924,020-5000-2924,"one digit, first group",-1.735178402821274e-10,76,-2.2394371120392978e-10
02050002924,020-5000-2924,"one digit, first group",-1.735178402821274e-10,77,6.993385354761456e-11
02050002924,020-5000-2924,"one digit, first group",-1.735178402821274e-10,78,-1.527740287333987e-10
02050002924,020-5000-2924,"one digit, first group",-1.735178402821274e-10,79,4.043961020225274e-11
02050002924,020-5000-2924,"one digit, first group",-1.735178402821274e-10,80,7.749136319087648e-11
02050002924,020-5000-2924,"one digit, first group",-1.735178402821274e-10,81,-5.920937896876609e-11
02050002924,020-5000-2924,"one digit, first group",-1.735178402821274e-10,82,3.0906649032964954e-11
02050002924,020-5000-2924,"one digit, first group",-1.735178402821274e-10,83,-6.450949229178218e-11
02050002924,020-5000-2924,"one digit, first group",-1.735178402821274e-10,84,8.64712453811611e-12
02050002924,020-5000-2924,"one digit, first group",-1.735178402821274e-10,85,-4.857128552661565e-14
02050002924,020-5000-2924,"one digit, first group",-1.735178402821274e-10,86,9.787316187179411e-11
02050002924,020-5000-2924,"one digit, first group",-1.735178402821274e-10,87,-1.7641836943233364e-11
02050002924,020-5000-2924,"one digit, first group",-1.735178402821274e-10,88,-1.0487324706376309e-10
02050002924,020-5000-2924,"one digit, first group",-1.735178402821274e-10,89,2.3609485656436423e-11
02050002924,020-5000-2924,"one digit, first group",-1.735178402821274e-10,90,9.038598177607208e-11
02050002924,020-5000-2924,"one digit, first group",-1.735178402821274e-10,91,-3.185185789671127e-10
02050002924,020-5000-2924,"one digit, first group",-1.735178402821274e-10,92,1.696444638015056e-10
02050002924,020-5000-2924,"one digit, first group",-1.735178402821274e-10,93,-2.030368270530362e-10
02050002924,020-5000-2924,"one digit, first group",-1.735178402821274e-10,94,1.6764633277022797e-10
02050002924,020-5000-2924,"one digit, first group",-1.735178402821274e-10,95,-2.7102496227644275e-11
02050002924,020-5000-2924,"one digit, first group",-1.735178402821274e-10,96,-3.257408129879992e-11
02050002924,020-5000-2924,"one digit, first group",-1.735178402821274e-10,97,2.1391374838886868e-10
02050002924,020-5000-2924,"one digit, first group",-1.735178402821274e-10,98,-2.2004194589233794e-10
02050002924,020-5000-2924,"one digit, first group",-1.735178402821274e-10,99,-2.6829729212673148e-11
02050002924,020-5000-2924,"one digit, first group",-1.735178402821274e-10,100,1.3003403919341383e-10
02050002924,020-5000-2924,"one digit, first group",-1.735178402821274e-10,101,8.781591051559604e-11
02050002924,020-5000-2924,"one digit, first group",-1.735178402821274e-10,102,1.1432790978358882e-10
02050002924,020-5000-2924,"one digit, first group",-1.735178402821274e-10,103,1.1469557685238671e-10
02050002924,020-5000-2924,"one digit, first group",-1.735178402821274e-10,104,-1.538211659546684e-10
02050002924,020-5000-2924,"one digit, first group",-1.735178402821274e-10,105,-5.4961168624379746e-11
02050002924,020-5000-2924,"one digit, first group",-1.735178402821274e-10,106,-2.0938531500603444e-13
02050002924,020-5000-2924,"one digit, first group",-1.735178402821274e-10,107,6.049671257263939e-11
02050002924,020-5000-2924,"one digit, first group",-1.735178402821274e-10,108,-7.474367914584863e-11
02050002924,020-5000-2924,"one digit, first group",-1.735178402821274e-10,109,6.051588326911141e-11
02050002924,020-5000-2924,"one digit, first group",-1.735178402821274e-10,110,6.912364533622737e-11
02050002924,020-5000-2924,"one digit, first group",-1.735178402821274e-10,111,-1.0644228995708173e-11
02050002924,020-5000-2924,"one digit, first group",-1.735178402821274e-10,112,1.817695243798068e-10
02050002924,020-5000-2924,"one digit, first group",-1.735178402821274e-10,113,1.1032627331164224e-11
02050002924,020-5000-2924,"one digit, first group",-1.735178402821274e-10,114,-4.566050908452654e-11
02050002924,020-5000-2924,"one digit, first group",-1.735178402821274e-10,115,5.3815082400629646e-11
02050002924,020-5000-2924,"one digit, first group",-1.735178402821274e-10,116,7.268556769999378e-11
02050002924,020-5000-2924,"one digit, first group",-1.735178402821274e-10,117,2.015838192048708e-10
02050002924,020-5000-2924,"one digit, first group",-1.735178402821274e-10,118,-1.3395642445737223e-10
02050002924,020-5000-2924,"one digit, first group",-1.735178402821274e-10,119,3.253733885290704e-11
02050002924,020-5000-2924,"one digit, first group",-1.735178402821274e-10,120,3.0364103045148916e-11
02050002924,020-5000-2924,"one digit, first group",-1.735178402821274e-10,121,2.4308681249254716e-10
02050002924,020-5000-2924,"one digit, first group",-1.735178402821274e-10,122,2.710011986006728e-10
02050002924,020-5000-2924,"one digit, first group",-1.735178402821274e-10,123,9.922210990440295e-11
02050002924,020-5000-2924,"one digit, first group",-1.735178402821274e-10,124,7.852916784527873e-11
02050002924,020-5000-2924,"one digit, first group",-1.735178402821274e-10,125,-3.017369306944996e-10
02050002924,020-5000-2924,"one digit, first group",-1.735178402821274e-10,126,-2.8724224617556658e-11
02050002924,020-5000-2924,"one digit, first group",-1.735178402821274e-10,127,9.106759773523934e-11
02050002924,020-5000-2924,"one digit, first group",-1.735178402821274e-10,128,1.1607779324188465e-10
02050002924,020-5000-2924,"one digit, first group",-1.735178402821274e-10,129,8.646965800565502e-11
02050002924,020-5000-2924,"one digit, first group",-1.735178402821274e-10,130,-4.07344666282116e-11
02050002924,020-5000-2924,"one digit, first group",-1.735178402821274e-10,131,-1.8295449494446929e-10
02050002924,020-5000-2924,"one digit, first group",-1.735178402821274e-10,132,-6.402523907263014e-11
02050002924,020-5000-2924,"one digit, first group",-1.735178402821274e-10,133,-2.0625723400995363e-10
02050002924,020-5000-2924,"one digit, first group",-1.735178402821274e-10,134,8.170301935006293e-11
02050002924,020-5000-2924,"one digit, first group",-1.735178402821274e-10,135,-1.0678806455433922e-10
02050002924,020-5000-2924,"one digit, first group",-1.735178402821274e-10,136,2.0535976905164388e-11
02050002924,020-5000-2924,"one digit, first group",-1.735178402821274e-10,137,1.308724044984685e-10
02050002924,020-5000-2924,"one digit, first group",-1.735178402821274e-10,138,1.1803573055746379e-10
02050002924,020-5000-2924,"one digit, first group",-1.735178402821274e-10,139,6.180963967652788e-11
02050002924,020-5000-2924,"one digit, first group",-1.735178402821274e-10,140,-5.575405740870654e-11
02050002924,020-5000-2924,"one digit, first group",-1.735178402821274e-10,141,-2.9121519405131984e-10
02050002924,020-5000-2924,"one digit, first group",-1.735178402821274e-10,142,-9.74161569725553e-10
02050002924,020-5000-2924,"one digit, first group",-1.735178402821274e-10,143,-1.6309319228755277e-09
02050002924,020-5000-2924,"one digit, first group",-1.735178402821274e-10,144,4.4330201555295036e-09
02050002924,020-5000-2924,"one digit, first group",-1.735178402821274e-10,145,1.2658327082756753e-09
02050002924,020-5000-2924,"one digit, first group",-1.735178402821274e-10,146,-3.933854601643992e-08
02050002924,020-5000-2924,"one digit, first group",-1.735178402821274e-10,147,1.9781646532218883e-09
02050002924,020-5000-2924,"one digit, first group",-1.735178402821274e-10,148,-6.45266571255183e-09
02050002924,020-5000-2924,"one digit, first group",-1.735178402821274e-10,149,1.8930314991315874e-09
02050002924,020-5000-2924,"one digit, first group",-1.735178402821274e-10,150,6.7441034136675e-11
02050002924,020-5000-2924,"one digit, first group",-1.735178402821274e-10,151,6.442577996843577e-11
02050002924,020-5000-2924,"one digit, first group",-1.735178402821274e-10,152,5.122033689279916e-10
02050002924,020-5000-2924,"one digit, first group",-1.735178402821274e-10,153,1.848865804853047e-10
02050002924,020-5000-2924,"one digit, first group",-1.735178402821274e-10,154,1.1073032529742464e-11
02050002924,020-5000-2924,"one digit, first group",-1.735178402821274e-10,155,1.7710292040176144e-10
02050002924,020-5000-2924,"one digit, first group",-1.735178402821274e-10,156,-4.7427795280075595e-09
02050002924,020-5000-2924,"one digit, first group",-1.735178402821274e-10,157,-1.0235866630774158e-10
02050002924,020-5000-2924,"one digit, first group",-1.735178402821274e-10,158,3.064222291044721e-12
02050002924,020-5000-2924,"one digit, first group",-1.735178402821274e-10,159,-2.753273487894777e-12
02050002924,020-5000-2924,"one digit, first group",-1.735178402821274e-10,160,-2.7812342285560904e-09
02050002924,020-5000-2924,"one digit, first group",-1.735178402821274e-10,161,1.0772177517730292e-10
02050002924,020-5000-2924,"one digit, first group",-1.735178402821274e-10,162,3.4004272593587415e-11
02050002924,020-5000-2924,"one digit, first group",-1.735178402821274e-10,163,-2.1347938748414607e-09
02050002924,020-5000-2924,"one digit, first group",-1.735178402821274e-10,164,1.7081941888616761e-09
02050002924,020-5000-2924,"one digit, first group",-1.735178402821274e-10,165,2.4467528535684196e-11
02050002924,020-5000-2924,"one digit, first group",-1.735178402821274e-10,166,2.5352854113111186e-11
02050002924,020-5000-2924,"one digit, first group",-1.735178402821274e-10,167,-1.9762843592667633e-10
02050002924,020-5000-2924,"one digit, first group",-1.735178402821274e-10,168,1.1887425530116615e-10
02050002924,020-5000-2924,"one digit, first group",-1.735178402821274e-10,169,1.298459284813925e-10
02050002924,020-5000-2924,"one digit, first group",-1.735178402821274e-10,170,1.4648582490831263e-10
02050002924,020-5000-2924,"one digit, first group",-1.735178402821274e-10,171,-1.648973914604493e-10
02050002924,020-5000-2924,"one digit, first group",-1.735178402821274e-10,172,2.802607364182301e-12
02050002924,020-5000-2924,"one digit, first group",-1.735178402821274e-10,173,1.4582030248155876e-11
02050002924,020-5000-2924,"one digit, first group",-1.735178402821274e-10,174,-9.885736342398362e-12
02050002924,020-5000-2924,"one digit, first group",-1.735178402821274e-10,175,2.7747191016930976e-10
02050002924,020-5000-2924,"one digit, first group",-1.735178402821274e-10,176,5.406403951103723e-11
02050002924,020-5000-2924,"one digit, first group",-1.735178402821274e-10,177,-1.627537254943942e-10
02050002924,020-5000-2924,"one digit, first group",-1.735178402821274e-10,178,-1.5984579495193466e-10
02050002924,020-5000-2924,"one digit, first group",-1.735178402821274e-10,179,-3.029603744598251e-10
02050002924,020-5000-2924,"one digit, first group",-1.735178402821274e-10,180,2.4378495379955833e-10
02050002924,020-5000-2924,"one digit, first group",-1.735178402821274e-10,181,-8.875274012196849e-11
02050002924,020-5000-2924,"one digit, first group",-1.735178402821274e-10,182,3.1918217113239793e-10
02050002924,020-5000-2924,"one digit, first group",-1.735178402821274e-10,183,3.7601048633765276e-11
02050002924,020-5000-2924,"one digit, first group",-1.735178402821274e-10,184,-2.928691027221468e-11
02050002924,020-5000-2924,"one digit, first group",-1.735178402821274e-10,185,-2.1642536052580985e-11
02050002924,020-5000-2924,"one digit, first group",-1.735178402821274e-10,186,-1.7257055237382795e-10
02050002924,020-5000-2924,"one digit, first group",-1.735178402821274e-10,187,2.961065669671231e-11
02050002924,020-5000-2924,"one digit, first group",-1.735178402821274e-10,188,-1.3041364172198117e-10
02050002924,020-5000-2924,"one digit, first group",-1.735178402821274e-10,189,2.3019481492052762e-11
02050002924,020-5000-2924,"one digit, first group",-1.735178402821274e-10,190,4.153796052494159e-11
02050002924,020-5000-2924,"one digit, first group",-1.735178402821274e-10,191,8.108520082657385e-11
02050002924,020-5000-2924,"one digit, first group",-1.735178402821274e-10,192,-1.6187774226274722e-10
02050002924,020-5000-2924,"one digit, first group",-1.735178402821274e-10,193,5.559057382265751e-10
02050002924,020-5000-2924,"one digit, first group",-1.735178402821274e-10,194,2.4412489752038187e-11
02050002924,020-5000-2924,"one digit, first group",-1.735178402821274e-10,195,2.5323393037365858e-11
02050002924,020-5000-2924,"one digit, first group",-1.735178402821274e-10,196,4.054534078161797e-12
02050002924,020-5000-2924,"one digit, first group",-1.735178402821274e-10,197,3.422551890658745e-11
02050002924,020-5000-2924,"one digit, first group",-1.735178402821274e-10,198,-2.2027758117597586e-10
02050002924,020-5000-2924,"one digit, first group",-1.735178402821274e-10,199,1.4955933073787407e-10
02050002924,020-5000-2924,"one digit, first group",-1.735178402821274e-10,200,-7.189567485106158e-11
02050002924,020-5000-2924,"one digit, first group",-1.735178402821274e-10,201,5.3544103982640847e-11
02050002924,020-5000-2924,"one digit, first group",-1.735178402821274e-10,202,5.340620908394089e-10
02050002924,020-5000-2924,"one digit, first group",-1.735178402821274e-10,203,-9.995410463597346e-13
01050102924,010-5010-2924,"one digit, middle group",-4.038934816647482e-10,0,-1.4719919465458109e-10
01050102924,010-5010-2924,"one digit, middle group",-4.038934816647482e-10,1,-1.1632144230105477e-10
01050102924,010-5010-2924,"one digit, middle group",-4.038934816647482e-10,2,2.409378884299645e-10
01050102924,010-5010-2924,"one digit, middle group",-4.038934816647482e-10,3,-4.918688083576982e-11
01050102924,010-5010-2924,"one digit, middle group",-4.038934816647482e-10,4,6.326827504458374e-11
01050102924,010-5010-2924,"one digit, middle group",-4.038934816647482e-10,5,1.0095390631814769e-10
01050102924,010-5010-2924,"one digit, middle group",-4.038934816647482e-10,6,-2.396993668901113e-10
01050102924,010-5010-2924,"one digit, middle group",-4.038934816647482e-10,7,8.972227074848026e-11
01050102924,010-5010-2924,"one digit, middle group",-4.038934816647482e-10,8,-5.0098044825190334e-11
01050102924,010-5010-2924,"one digit, middle group",-4.038934816647482e-10,9,-7.919091980775496e-11
01050102924,010-5010-2924,"one digit, middle group",-4.038934816647482e-10,10,-1.226304327851171e-11
01050102924,010-5010-2924,"one digit, middle group",-4.038934816647482e-10,11,-2.1113217817055785e-10
01050102924,010-5010-2924,"one digit, middle group",-4.038934816647482e-10,12,8.752505703496791e-11
01050102924,010-5010-2924,"one digit, middle group",-4.038934816647482e-10,13,1.1684557022822945e-10
01050102924,010-5010-2924,"one digit, middle group",-4.038934816647482e-10,14,6.139309793911579e-13
01050102924,010-5010-2924,"one digit, middle group",-4.038934816647482e-10,15,6.095710115925242e-12
01050102924,010-5010-2924,"one digit, middle group",-4.038934816647482e-10,16,-5.5177477358838295e-12
01050102924,010-5010-2924,"one digit, middle group",-4.038934816647482e-10,17,-2.9585703461789713e-10
01050102924,010-5010-2924,"one digit, middle group",-4.038934816647482e-10,18,-9.850702041229183e-11
01050102924,010-5010-2924,"one digit, middle group",-4.038934816647482e-10,19,4.9151774228221066e-11
01050102924,010-5010-2924,"one digit, middle group",-4.038934816647482e-10,20,-1.2209117236662715e-10
01050102924,010-5010-2924,"one digit, middle group",-4.038934816647482e-10,21,-1.785552086574683e-10
01050102924,010-5010-2924,"one digit, middle group",-4.038934816647482e-10,22,-6.633475842379035e-11
01050102924,010-5010-2924,"one digit, middle group",-4.038934816647482e-10,23,3.90166375769089e-11
01050102924,010-5010-2924,"one digit, middle group",-4.038934816647482e-10,24,-2.616914380033416e-10
01050102924,010-5010-2924,"one digit, middle group",-4.038934816647482e-10,25,-1.5392538135432927e-10
01050102924,010-5010-2924,"one digit, middle group",-4.038934816647482e-10,26,3.1190812057408445e-10
01050102924,010-5010-2924,"one digit, middle group",-4.038934816647482e-10,27,-4.4355740513535566e-11
01050102924,010-5010-2924,"one digit, middle group",-4.038934816647482e-10,28,-3.435783320617488e-10
01050102924,010-5010-2924,"one digit, middle group",-4.038934816647482e-10,29,1.5740797270274638e-10
01050102924,010-5010-2924,"one digit, middle group",-4.038934816647482e-10,30,-2.213001586693685e-10
01050102924,010-5010-2924,"one digit, middle group",-4.038934816647482e-10,31,1.8845679046156472e-10
01050102924,010-5010-2924,"one digit, middle group",-4.038934816647482e-10,32,-1.1330750970772383e-11
01050102924,010-5010-2924,"one digit, middle group",-4.038934816647482e-10,33,5.489819905160942e-11
01050102924,010-5010-2924,"one digit, middle group",-4.038934816647482e-10,34,-1.2119541566422376e-10
01050102924,010-5010-2924,"one digit, middle group",-4.038934816647482e-10,35,2.250589998945542e-12
01050102924,010-5010-2924,"one digit, middle group",-4.038934816647482e-10,36,1.0882896052038501e-11
01050102924,010-5010-2924,"one digit, middle group",-4.038934816647482e-10,37,1.0253424594309782e-11
01050102924,010-5010-2924,"one digit, middle group",-4.038934816647482e-10,38,-1.055930490016659e-10
01050102924,010-5010-2924,"one digit, middle group",-4.038934816647482e-10,39,-5.338668222166095e-11
01050102924,010-5010-2924,"one digit, middle group",-4.038934816647482e-10,40,-7.097541503638852e-11
01050102924,010-5010-2924,"one digit, middle group",-4.038934816647482e-10,41,-4.861108713565642e-11
01050102924,010-5010-2924,"one digit, middle group",-4.038934816647482e-10,42,1.868889751057987e-11
01050102924,010-5010-2924,"one digit, middle group",-4.038934816647482e-10,43,4.1097369945363033e-11
01050102924,010-5010-2924,"one digit, middle group",-4.038934816647482e-10,44,2.062472067463631e-11
01050102924,010-5010-2924,"one digit, middle group",-4.038934816647482e-10,45,-2.706767905344145e-10
01050102924,010-5010-2924,"one digit, middle group",-4.038934816647482e-10,46,-1.570035790443537e-10
01050102924,010-5010-2924,"one digit, middle group",-4.038934816647482e-10,47,3.3586720921594e-10
01050102924,010-5010-2924,"one digit, middle group",-4.038934816647482e-10,48,1.2568278076968781e-10
01050102924,010-5010-2924,"one digit, middle group",-4.038934816647482e-10,49,-1.0952274316330101e-10
01050102924,010-5010-2924,"one digit, middle group",-4.038934816647482e-10,50,-2.226376709630669e-10
01050102924,010-5010-2924,"one digit, middle group",-4.038934816647482e-10,51,-6.404543028651183e-12
01050102924,010-5010-2924,"one digit, middle group",-4.038934816647482e-10,52,-6.939691856416701e-11
01050102924,010-5010-2924,"one digit, middle group",-4.038934816647482e-10,53,-2.6223375171951208e-11
01050102924,010-5010-2924,"one digit, middle group",-4.038934816647482e-10,54,2.3257945543715283e-11
01050102924,010-5010-2924,"one digit, middle group",-4.038934816647482e-10,55,1.5170962501102197e-10
01050102924,010-5010-2924,"one digit, middle group",-4.038934816647482e-10,56,-8.116912414382153e-11
01050102924,010-5010-2924,"one digit, middle group",-4.038934816647482e-10,57,-8.204140782658047e-11
01050102924,010-5010-2924,"one digit, middle group",-4.038934816647482e-10,58,-3.1331312869183983e-12
01050102924,010-5010-2924,"one digit, middle group",-4.038934816647482e-10,59,2.0496754893887036e-10
01050102924,010-5010-2924,"one digit, middle group",-4.038934816647482e-10,60,1.0163983463130597e-10
01050102924,010-5010-2924,"one digit, middle group",-4.038934816647482e-10,61,4.936143084025411e-11
01050102924,010-5010-2924,"one digit, middle group",-4.038934816647482e-10,62,2.1005962498074627e-11
01050102924,010-5010-2924,"one digit, middle group",-4.038934816647482e-10,63,9.21832140158616e-12
01050102924,010-5010-2924,"one digit, middle group",-4.038934816647482e-10,64,-2.7080167173337753e-10
01050102924,010-5010-2924,"one digit, middle group",-4.038934816647482e-10,65,-1.8151038548494023e-10
01050102924,010-5010-2924,"one digit, middle group",-4.038934816647482e-10,66,-1.5149294997901447e-10
01050102924,010-5010-2924,"one digit, middle group",-4.038934816647482e-10,67,-1.6627463818002763e-10
01050102924,010-5010-2924,"one digit, middle group",-4.038934816647482e-10,68,-1.2161710529749537e-10
01050102924,010-5010-2924,"one digit, middle group",-4.038934816647482e-10,69,-1.8566235504666323e-10
01050102924,010-5010-2924,"one digit, middle group",-4.038934816647482e-10,70,-3.448140692226286e-11
01050102924,010-5010-2924,"one digit, middle group",-4.038934816647482e-10,71,2.1232321780393186e-11
01050102924,010-5010-2924,"one digit, middle group",-4.038934816647482e-10,72,9.848414192932012e-12
01050102924,010-5010-2924,"one digit, middle group",-4.038934816647482e-10,73,-2.249514930933878e-11
01050102924,010-5010-2924,"one digit, middle group",-4.038934816647482e-10,74,1.553272635118906e-10
01050102924,010-5010-2924,"one digit, middle group",-4.038934816647482e-10,75,-8.218360469069365e-11
01050102924,010-5010-2924,"one digit, middle group",-4.038934816647482e-10,76,6.937508909283024e-11
01050102924,010-5010-2924,"one digit, middle group",-4.038934816647482e-10,77,-4.6079974802411344e-11
01050102924,010-5010-2924,"one digit, middle group",-4.038934816647482e-10,78,-3.939976105242408e-11
01050102924,010-5010-2924,"one digit, middle group",-4.038934816647482e-10,79,4.3240307704977033e-11
01050102924,010-5010-2924,"one digit, middle group",-4.038934816647482e-10,80,1.5454415587556245e-10
01050102924,010-5010-2924,"one digit, middle group",-4.038934816647482e-10,81,9.466823378148004e-11
01050102924,010-5010-2924,"one digit, middle group",-4.038934816647482e-10,82,7.727097083436399e-11
01050102924,010-5010-2924,"one digit, middle group",-4.038934816647482e-10,83,-5.6033810379582115e-11
01050102924,010-5010-2924,"one digit, middle group",-4.038934816647482e-10,84,7.271155330857593e-11
01050102924,010-5010-2924,"one digit, middle group",-4.038934816647482e-10,85,4.232342846788505e-12
01050102924,010-5010-2924,"one digit, middle group",-4.038934816647482e-10,86,3.4545933606865774e-10
01050102924,010-5010-2924,"one digit, middle group",-4.038934816647482e-10,87,-2.1285604211488567e-10
01050102924,010-5010-2924,"one digit, middle group",-4.038934816647482e-10,88,-2.117434139959328e-10
01050102924,010-5010-2924,"one digit, middle group",-4.038934816647482e-10,89,-5.29136610208131e-11
01050102924,010-5010-2924,"one digit, middle group",-4.038934816647482e-10,90,1.7227466067475492e-10
01050102924,010-5010-2924,"one digit, middle group",-4.038934816647482e-10,91,1.7315495470823992e-10
01050102924,010-5010-2924,"one digit, middle group",-4.038934816647482e-10,92,1.0303510522002647e-10
01050102924,010-5010-2924,"one digit, middle group",-4.038934816647482e-10,93,-5.4084449626773955e-11
01050102924,010-5010-2924,"one digit, middle group",-4.038934816647482e-10,94,-1.1106789173285552e-10
01050102924,010-5010-2924,"one digit, middle group",-4.038934816647482e-10,95,2.719561077813313e-10
01050102924,010-5010-2924,"one digit, middle group",-4.038934816647482e-10,96,-2.912159344746086e-10
01050102924,010-5010-2924,"one digit, middle group",-4.038934816647482e-10,97,1.242652816204807e-10
01050102924,010-5010-2924,"one digit, middle group",-4.038934816647482e-10,98,-1.8856313783660092e-10
01050102924,010-5010-2924,"one digit, middle group",-4.038934816647482e-10,99,6.622406915529698e-12
01050102924,010-5010-2924,"one digit, middle group",-4.038934816647482e-10,100,7.029664691520188e-11
01050102924,010-5010-2924,"one digit, middle group",-4.038934816647482e-10,101,3.025894362373785e-11
01050102924,010-5010-2924,"one digit, middle group",-4.038934816647482e-10,102,-8.642037259692295e-11
01050102924,010-5010-2924,"one digit, middle group",-4.038934816647482e-10,103,2.2893861569120618e-10
01050102924,010-5010-2924,"one digit, middle group",-4.038934816647482e-10,104,5.927442391132987e-11
01050102924,010-5010-2924,"one digit, middle group",-4.038934816647482e-10,105,-3.9988715922171963e-11
01050102924,010-5010-2924,"one digit, middle group",-4.038934816647482e-10,106,4.803045737929279e-11
01050102924,010-5010-2924,"one digit, middle group",-4.038934816647482e-10,107,-6.908649511769586e-11
01050102924,010-5010-2924,"one digit, middle group",-4.038934816647482e-10,108,-1.3810705982620825e-10
01050102924,010-5010-2924,"one digit, middle group",-4.038934816647482e-10,109,-5.161474456153597e-11
01050102924,010-5010-2924,"one digit, middle group",-4.038934816647482e-10,110,-2.6927322774033188e-11
01050102924,010-5010-2924,"one digit, middle group",-4.038934816647482e-10,111,1.692056204862471e-10
01050102924,010-5010-2924,"one digit, middle group",-4.038934816647482e-10,112,-1.6082384042788643e-10
01050102924,010-5010-2924,"one digit, middle group",-4.038934816647482e-10,113,2.0805135026236805e-11
01050102924,010-5010-2924,"one digit, middle group",-4.038934816647482e-10,114,-1.9442854338387753e-10
01050102924,010-5010-2924,"one digit, middle group",-4.038934816647482e-10,115,1.9809998459751617e-11
01050102924,010-5010-2924,"one digit, middle group",-4.038934816647482e-10,116,-7.980986606970413e-11
01050102924,010-5010-2924,"one digit, middle group",-4.038934816647482e-10,117,2.696210779686963e-10
01050102924,010-5010-2924,"one digit, middle group",-4.038934816647482e-10,118,-4.719740618727942e-11
01050102924,010-5010-2924,"one digit, middle group",-4.038934816647482e-10,119,1.3427547219029365e-10
01050102924,010-5010-2924,"one digit, middle group",-4.038934816647482e-10,120,4.801082387445855e-11
01050102924,010-5010-2924,"one digit, middle group",-4.038934816647482e-10,121,-2.1452676151668174e-10
01050102924,010-5010-2924,"one digit, middle group",-4.038934816647482e-10,122,-1.3412257844028526e-10
01050102924,010-5010-2924,"one digit, middle group",-4.038934816647482e-10,123,-2.939766080332228e-11
01050102924,010-5010-2924,"one digit, middle group",-4.038934816647482e-10,124,1.4422055977285776e-10
01050102924,010-5010-2924,"one digit, middle group",-4.038934816647482e-10,125,-3.1445927062823227e-10
01050102924,010-5010-2924,"one digit, middle group",-4.038934816647482e-10,126,-6.374081676990951e-13
01050102924,010-5010-2924,"one digit, middle group",-4.038934816647482e-10,127,-3.0196715439648084e-10
01050102924,010-5010-2924,"one digit, middle group",-4.038934816647482e-10,128,-3.773396890375136e-10
01050102924,010-5010-2924,"one digit, middle group",-4.038934816647482e-10,129,-5.6972136860437206e-11
01050102924,010-5010-2924,"one digit, middle group",-4.038934816647482e-10,130,3.007363276630323e-11
01050102924,010-5010-2924,"one digit, middle group",-4.038934816647482e-10,131,-2.8924776161962086e-11
01050102924,010-5010-2924,"one digit, middle group",-4.038934816647482e-10,132,-4.4873431357865894e-12
01050102924,010-5010-2924,"one digit, middle group",-4.038934816647482e-10,133,1.1232105566185564e-10
01050102924,010-5010-2924,"one digit, middle group",-4.038934816647482e-10,134,-7.956103570801691e-11
01050102924,010-5010-2924,"one digit, middle group",-4.038934816647482e-10,135,5.5541421268695743e-11
01050102924,010-5010-2924,"one digit, middle group",-4.038934816647482e-10,136,4.590342782789431e-11
01050102924,010-5010-2924,"one digit, middle group",-4.038934816647482e-10,137,-4.7321915021664867e-11
01050102924,010-5010-2924,"one digit, middle group",-4.038934816647482e-10,138,-9.096226113140332e-11
01050102924,010-5010-2924,"one digit, middle group",-4.038934816647482e-10,139,2.914083016128483e-10
01050102924,010-5010-2924,"one digit, middle group",-4.038934816647482e-10,140,-2.5387766456216285e-10
01050102924,010-5010-2924,"one digit, middle group",-4.038934816647482e-10,141,2.637990476221327e-10
01050102924,010-5010-2924,"one digit, middle group",-4.038934816647482e-10,142,-2.2802784507877285e-09
01050102924,010-5010-2924,"one digit, middle group",-4.038934816647482e-10,143,3.10440505087344e-09
01050102924,010-5010-2924,"one digit, middle group",-4.038934816647482e-10,144,-7.153597738093275e-09
01050102924,010-5010-2924,"one digit, middle group",-4.038934816647482e-10,145,8.97490311736671e-10
01050102924,010-5010-2924,"one digit, middle group",-4.038934816647482e-10,146,2.462361738537799e-09
01050102924,010-5010-2924,"one digit, middle group",-4.038934816647482e-10,147,-1.3997829336400276e-09
01050102924,010-5010-2924,"one digit, middle group",-4.038934816647482e-10,148,4.258850753567397e-09
01050102924,010-5010-2924,"one digit, middle group",-4.038934816647482e-10,149,-1.332093596240896e-09
01050102924,010-5010-2924,"one digit, middle group",-4.038934816647482e-10,150,-2.0789955606961658e-10
01050102924,010-5010-2924,"one digit, middle group",-4.038934816647482e-10,151,-2.658662785332206e-11
01050102924,010-5010-2924,"one digit, middle group",-4.038934816647482e-10,152,-7.003735974311054e-11
01050102924,010-5010-2924,"one digit, middle group",-4.038934816647482e-10,153,2.9599118020973714e-10
01050102924,010-5010-2924,"one digit, middle group",-4.038934816647482e-10,154,-6.296900379069979e-11
01050102924,010-5010-2924,"one digit, middle group",-4.038934816647482e-10,155,-1.3693006488465423e-10
01050102924,010-5010-2924,"one digit, middle group",-4.038934816647482e-10,156,-7.299397968195145e-10
01050102924,010-5010-2924,"one digit, middle group",-4.038934816647482e-10,157,6.299687047522984e-12
01050102924,010-5010-2924,"one digit, middle group",-4.038934816647482e-10,158,5.5927436360636246e-11
01050102924,010-5010-2924,"one digit, middle group",-4.038934816647482e-10,159,8.483810877922414e-11
01050102924,010-5010-2924,"one digit, middle group",-4.038934816647482e-10,160,4.493805305991772e-10
01050102924,010-5010-2924,"one digit, middle group",-4.038934816647482e-10,161,-7.75472248242256e-11
01050102924,010-5010-2924,"one digit, middle group",-4.038934816647482e-10,162,1.0153813782124494e-11
01050102924,010-5010-2924,"one digit, middle group",-4.038934816647482e-10,163,1.290142815502886e-10
01050102924,010-5010-2924,"one digit, middle group",-4.038934816647482e-10,164,-4.837666629293079e-09
01050102924,010-5010-2924,"one digit, middle group",-4.038934816647482e-10,165,-3.705538006146269e-10
01050102924,010-5010-2924,"one digit, middle group",-4.038934816647482e-10,166,-2.958507887029372e-11
01050102924,010-5010-2924,"one digit, middle group",-4.038934816647482e-10,167,1.0948488900840112e-10
01050102924,010-5010-2924,"one digit, middle group",-4.038934816647482e-10,168,-6.367808630341804e-11
01050102924,010-5010-2924,"one digit, middle group",-4.038934816647482e-10,169,4.192937525082498e-11
01050102924,010-5010-2924,"one digit, middle group",-4.038934816647482e-10,170,1.5042108989726797e-10
01050102924,010-5010-2924,"one digit, middle group",-4.038934816647482e-10,171,4.66456493832316e-11
01050102924,010-5010-2924,"one digit, middle group",-4.038934816647482e-10,172,2.046125632801621e-11
01050102924,010-5010-2924,"one digit, middle group",-4.038934816647482e-10,173,-4.818093790187935e-11
01050102924,010-5010-2924,"one digit, middle group",-4.038934816647482e-10,174,5.706225233705113e-11
01050102924,010-5010-2924,"one digit, middle group",-4.038934816647482e-10,175,-1.085827797395465e-10
01050102924,010-5010-2924,"one digit, middle group",-4.038934816647482e-10,176,2.6494440431300477e-11
01050102924,010-5010-2924,"one digit, middle group",-4.038934816647482e-10,177,3.931295355165851e-11
01050102924,010-5010-2924,"one digit, middle group",-4.038934816647482e-10,178,1.0263055402916302e-10
01050102924,010-5010-2924,"one digit, middle group",-4.038934816647482e-10,179,7.378491808152574e-11
01050102924,010-5010-2924,"one digit, middle group",-4.038934816647482e-10,180,2.294769660073728e-10
01050102924,010-5010-2924,"one digit, middle group",-4.038934816647482e-10,181,-3.332300158975233e-10
01050102924,010-5010-2924,"one digit, middle group",-4.038934816647482e-10,182,-5.1929932067038725e-11
01050102924,010-5010-2924,"one digit, middle group",-4.038934816647482e-10,183,2.4615347357910043e-11
01050102924,010-5010-2924,"one digit, middle group",-4.038934816647482e-10,184,-3.6470456454317464e-11
01050102924,010-5010-2924,"one digit, middle group",-4.038934816647482e-10,185,3.09062843346526e-11
01050102924,010-5010-2924,"one digit, middle group",-4.038934816647482e-10,186,2.980603386137815e-11
01050102924,010-5010-2924,"one digit, middle group",-4.038934816647482e-10,187,7.378696388338395e-11
01050102924,010-5010-2924,"one digit, middle group",-4.038934816647482e-10,188,-3.198313601993982e-11
01050102924,010-5010-2924,"one digit, middle group",-4.038934816647482e-10,189,-5.277032160208564e-11
01050102924,010-5010-2924,"one digit, middle group",-4.038934816647482e-10,190,3.9318304311622127e-11
01050102924,010-5010-2924,"one digit, middle group",-4.038934816647482e-10,191,-1.238081317513794e-11
01050102924,010-5010-2924,"one digit, middle group",-4.038934816647482e-10,192,-3.400449024319834e-11
01050102924,010-5010-2924,"one digit, middle group",-4.038934816647482e-10,193,-1.33921196602599e-10
01050102924,010-5010-2924,"one digit, middle group",-4.038934816647482e-10,194,-1.894845401417556e-11
01050102924,010-5010-2924,"one digit, middle group",-4.038934816647482e-10,195,1.6948649918987895e-11
01050102924,010-5010-2924,"one digit, middle group",-4.038934816647482e-10,196,-7.985739452936522e-11
01050102924,010-5010-2924,"one digit, middle group",-4.038934816647482e-10,197,3.4930556985152214e-10
01050102924,010-5010-2924,"one digit, middle group",-4.038934816647482e-10,198,7.319021630544611e-11
01050102924,010-5010-2924,"one digit, middle group",-4.038934816647482e-10,199,3.354829349172279e-11
01050102924,010-5010-2924,"one digit, middle group",-4.038934816647482e-10,200,1.8825004372358914e-10
01050102924,010-5010-2924,"one digit, middle group",-4.038934816647482e-10,201,4.385795050911409e-11
01050102924,010-5010-2924,"one digit, middle group",-4.038934816647482e-10,202,1.3032034702122493e-10
01050102924,010-5010-2924,"one digit, middle group",-4.038934816647482e-10,203,-3.6499214001354084e-11
01011112222,010-1111-2222,not in the log,1.1270361045060496e-10,0,-2.8859790799166434e-11
01011112222,010-1111-2222,not in the log,1.1270361045060496e-10,1,-1.7687735835438205e-12
01011112222,010-1111-2222,not in the log,1.1270361045060496e-10,2,-1.581397915941118e-11
01011112222,010-1111-2222,not in the log,1.1270361045060496e-10,3,2.0477734122421238e-11
01011112222,010-1111-2222,not in the log,1.1270361045060496e-10,4,3.543397926837342e-10
01011112222,010-1111-2222,not in the log,1.1270361045060496e-10,5,7.753458777343298e-10
01011112222,010-1111-2222,not in the log,1.1270361045060496e-10,6,4.181392001995051e-11
01011112222,010-1111-2222,not in the log,1.1270361045060496e-10,7,1.6066015667436316e-11
01011112222,010-1111-2222,not in the log,1.1270361045060496e-10,8,-3.013988183303299e-11
01011112222,010-1111-2222,not in the log,1.1270361045060496e-10,9,-2.279237720337269e-11
01011112222,010-1111-2222,not in the log,1.1270361045060496e-10,10,1.0376220746786289e-10
01011112222,010-1111-2222,not in the log,1.1270361045060496e-10,11,-2.978771775592627e-11
01011112222,010-1111-2222,not in the log,1.1270361045060496e-10,12,-2.6958203702013303e-11
01011112222,010-1111-2222,not in the log,1.1270361045060496e-10,13,-1.2213412892258083e-10
01011112222,010-1111-2222,not in the log,1.1270361045060496e-10,14,-1.585169341201753e-10
01011112222,010-1111-2222,not in the log,1.1270361045060496e-10,15,-8.69955097349968e-11
01011112222,010-1111-2222,not in the log,1.1270361045060496e-10,16,3.4838430556112587e-10
01011112222,010-1111-2222,not in the log,1.1270361045060496e-10,17,2.2638818689017846e-10
01011112222,010-1111-2222,not in the log,1.1270361045060496e-10,18,-1.5677597938698354e-10
01011112222,010-1111-2222,not in the log,1.1270361045060496e-10,19,6.095650246578945e-11
01011112222,010-1111-2222,not in the log,1.1270361045060496e-10,20,3.650536077373529e-12
01011112222,010-1111-2222,not in the log,1.1270361045060496e-10,21,-6.379099832554041e-12
01011112222,010-1111-2222,not in the log,1.1270361045060496e-10,22,-3.628801175987138e-12
01011112222,010-1111-2222,not in the log,1.1270361045060496e-10,23,1.482499968646932e-10
01011112222,010-1111-2222,not in the log,1.1270361045060496e-10,24,1.0605635757653367e-10
01011112222,010-1111-2222,not in the log,1.1270361045060496e-10,25,-2.4959638844552353e-11
01011112222,010-1111-2222,not in the log,1.1270361045060496e-10,26,-1.287277496724211e-10
01011112222,010-1111-2222,not in the log,1.1270361045060496e-10,27,4.422637322708661e-11
01011112222,010-1111-2222,not in the log,1.1270361045060496e-10,28,-1.4855569650945808e-10
01011112222,010-1111-2222,not in the log,1.1270361045060496e-10,29,1.3341087036933855e-10
01011112222,010-1111-2222,not in the log,1.1270361045060496e-10,30,2.381135834956583e-10
01011112222,010-1111-2222,not in the log,1.1270361045060496e-10,31,-1.346536739235455e-10
01011112222,010-1111-2222,not in the log,1.1270361045060496e-10,32,-2.66922060901965e-10
01011112222,010-1111-2222,not in the log,1.1270361045060496e-10,33,5.024590836475772e-10
01011112222,010-1111-2222,not in the log,1.1270361045060496e-10,34,7.333340037917233e-11
01011112222,010-1111-2222,not in the log,1.1270361045060496e-10,35,1.0463847221929727e-11
01011112222,010-1111-2222,not in the log,1.1270361045060496e-10,36,3.654540114496363e-11
01011112222,010-1111-2222,not in the log,1.1270361045060496e-10,37,6.578208935279255e-12
01011112222,010-1111-2222,not in the log,1.1270361045060496e-10,38,-9.606309018150226e-12
01011112222,010-1111-2222,not in the log,1.1270361045060496e-10,39,9.184214431551159e-11
01011112222,010-1111-2222,not in the log,1.1270361045060496e-10,40,-3.44750957105727e-10
01011112222,010-1111-2222,not in the log,1.1270361045060496e-10,41,2.5245088006356616e-11
01011112222,010-1111-2222,not in the log,1.1270361045060496e-10,42,1.032087389760475e-12
01011112222,010-1111-2222,not in the log,1.1270361045060496e-10,43,-5.720400440378533e-12
01011112222,010-1111-2222,not in the log,1.1270361045060496e-10,44,-4.5886457281875383e-11
01011112222,010-1111-2222,not in the log,1.1270361045060496e-10,45,4.318346941180001e-11
01011112222,010-1111-2222,not in the log,1.1270361045060496e-10,46,-1.8665705758020431e-10
01011112222,010-1111-2222,not in the log,1.1270361045060496e-10,47,-4.093408354682063e-10
01011112222,010-1111-2222,not in the log,1.1270361045060496e-10,48,1.0103082606363392e-10
01011112222,010-1111-2222,not in the log,1.1270361045060496e-10,49,-1.0917856630149114e-11
01011112222,010-1111-2222,not in the log,1.1270361045060496e-10,50,-5.088904597481993e-10
01011112222,010-1111-2222,not in the log,1.1270361045060496e-10,51,7.061679696110925e-11
01011112222,010-1111-2222,not in the log,1.1270361045060496e-10,52,-1.187309436060391e-10
01011112222,010-1111-2222,not in the log,1.1270361045060496e-10,53,-1.5897521022280977e-11
01011112222,010-1111-2222,not in the log,1.1270361045060496e-10,54,1.093838474221092e-10
01011112222,010-1111-2222,not in the log,1.1270361045060496e-10,55,4.905195568018002e-11
01011112222,010-1111-2222,not in the log,1.1270361045060496e-10,56,-1.514682609066144e-10
01011112222,010-1111-2222,not in the log,1.1270361045060496e-10,57,-4.489538777661594e-12
01011112222,010-1111-2222,not in the log,1.1270361045060496e-10,58,-8.382151224889166e-12
01011112222,010-1111-2222,not in the log,1.1270361045060496e-10,59,-6.486164042020239e-11
01011112222,010-1111-2222,not in the log,1.1270361045060496e-10,60,4.57581427218558e-11
01011112222,010-1111-2222,not in the log,1.1270361045060496e-10,61,-2.9315032645603e-11
01011112222,010-1111-2222,not in the log,1.1270361045060496e-10,62,-4.7419552688971834e-11
01011112222,010-1111-2222,not in the log,1.1270361045060496e-10,63,3.3649296336665523e-12
01011112222,010-1111-2222,not in the log,1.1270361045060496e-10,64,1.418978473024025e-10
01011112222,010-1111-2222,not in the log,1.1270361045060496e-10,65,1.0834014082169635e-10
01011112222,010-1111-2222,not in the log,1.1270361045060496e-10,66,-1.406275374427382e-10
01011112222,010-1111-2222,not in the log,1.1270361045060496e-10,67,-1.8659340075183878e-10
01011112222,010-1111-2222,not in the log,1.1270361045060496e-10,68,2.275633076920582e-12
01011112222,010-1111-2222,not in the log,1.1270361045060496e-10,69,-9.455624181289484e-12
01011112222,010-1111-2222,not in the log,1.1270361045060496e-10,70,-2.91195046291849e-11
01011112222,010-1111-2222,not in the log,1.1270361045060496e-10,71,8.704254993225113e-12
01011112222,010-1111-2222,not in the log,1.1270361045060496e-10,72,1.471371939955127e-11
01011112222,010-1111-2222,not in the log,1.1270361045060496e-10,73,1.3981077306279708e-11
01011112222,010-1111-2222,not in the log,1.1270361045060496e-10,74,-7.983149459698937e-11
01011112222,010-1111-2222,not in the log,1.1270361045060496e-10,75,9.467259752211745e-11
01011112222,010-1111-2222,not in the log,1.1270361045060496e-10,76,7.507368400680229e-11
01011112222,010-1111-2222,not in the log,1.1270361045060496e-10,77,5.0425710467218564e-11
01011112222,010-1111-2222,not in the log,1.1270361045060496e-10,78,-2.930504483540454e-11
01011112222,010-1111-2222,not in the log,1.1270361045060496e-10,79,1.3321410452345637e-10
01011112222,010-1111-2222,not in the log,1.1270361045060496e-10,80,-1.2134342722345525e-11
01011112222,010-1111-2222,not in the log,1.1270361045060496e-10,81,1.490461347841889e-10
01011112222,010-1111-2222,not in the log,1.1270361045060496e-10,82,4.2248751086351124e-10
01011112222,010-1111-2222,not in the log,1.1270361045060496e-10,83,1.421635336135299e-11
01011112222,010-1111-2222,not in the log,1.1270361045060496e-10,84,-1.0799347184706697e-10
01011112222,010-1111-2222,not in the log,1.1270361045060496e-10,85,1.203067462690633e-11
01011112222,010-1111-2222,not in the log,1.1270361045060496e-10,86,-3.5895065054741876e-10
01011112222,010-1111-2222,not in the log,1.1270361045060496e-10,87,-7.413112845018127e-11
01011112222,010-1111-2222,not in the log,1.1270361045060496e-10,88,6.72933921603105e-11
01011112222,010-1111-2222,not in the log,1.1270361045060496e-10,89,-1.97793193074337e-10
01011112222,010-1111-2222,not in the log,1.1270361045060496e-10,90,-1.8047297733244555e-10
01011112222,010-1111-2222,not in the log,1.1270361045060496e-10,91,2.6208653108623546e-10
01011112222,010-1111-2222,not in the log,1.1270361045060496e-10,92,8.326612204469145e-11
01011112222,010-1111-2222,not in the log,1.1270361045060496e-10,93,1.7186514425755368e-10
01011112222,010-1111-2222,not in the log,1.1270361045060496e-10,94,-6.646118439797004e-11
01011112222,010-1111-2222,not in the log,1.1270361045060496e-10,95,1.866483527665387e-10
01011112222,010-1111-2222,not in the log,1.1270361045060496e-10,96,-6.14170773179415e-11
01011112222,010-1111-2222,not in the log,1.1270361045060496e-10,97,-3.3257082666608736e-10
01011112222,010-1111-2222,not in the log,1.1270361045060496e-10,98,6.971978971278644e-11
01011112222,010-1111-2222,not in the log,1.1270361045060496e-10,99,9.53675443596738e-11
01011112222,010-1111-2222,not in the log,1.1270361045060496e-10,100,2.1388228144409327e-10
01011112222,010-1111-2222,not in the log,1.1270361045060496e-10,101,1.4744483462257257e-10
01011112222,010-1111-2222,not in the log,1.1270361045060496e-10,102,2.2103486989577224e-10
01011112222,010-1111-2222,not in the log,1.1270361045060496e-10,103,1.7704775510697806e-10
01011112222,010-1111-2222,not in the log,1.1270361045060496e-10,104,-4.971431011002756e-11
01011112222,010-1111-2222,not in the log,1.1270361045060496e-10,105,1.0599769821825375e-10
01011112222,010-1111-2222,not in the log,1.1270361045060496e-10,106,4.4787734728566665e-11
01011112222,010-1111-2222,not in the log,1.1270361045060496e-10,107,9.018883616212232e-11
01011112222,010-1111-2222,not in the log,1.1270361045060496e-10,108,7.92986190776651e-11
01011112222,010-1111-2222,not in the log,1.1270361045060496e-10,109,1.3567349849980005e-10
01011112222,010-1111-2222,not in the log,1.1270361045060496e-10,110,1.24493543744313e-11
01011112222,010-1111-2222,not in the log,1.1270361045060496e-10,111,5.86907141742765e-11
01011112222,010-1111-2222,not in the log,1.1270361045060496e-10,112,2.798274193654057e-10
01011112222,010-1111-2222,not in the log,1.1270361045060496e-10,113,-9.77717283102522e-12
01011112222,010-1111-2222,not in the log,1.1270361045060496e-10,114,-9.54424188432373e-11
01011112222,010-1111-2222,not in the log,1.1270361045060496e-10,115,1.0727078118243353e-12
01011112222,010-1111-2222,not in the log,1.1270361045060496e-10,116,5.438958269627296e-11
01011112222,010-1111-2222,not in the log,1.1270361045060496e-10,117,-3.5779025606548955e-10
01011112222,010-1111-2222,not in the log,1.1270361045060496e-10,118,9.657794895123485e-11
01011112222,010-1111-2222,not in the log,1.1270361045060496e-10,119,4.264708906683471e-11
01011112222,010-1111-2222,not in the log,1.1270361045060496e-10,120,5.6761255776238294e-11
01011112222,010-1111-2222,not in the log,1.1270361045060496e-10,121,-4.013170868464607e-11
01011112222,010-1111-2222,not in the log,1.1270361045060496e-10,122,1.7052353303482993e-11
01011112222,010-1111-2222,not in the log,1.1270361045060496e-10,123,-7.355015202911455e-11
01011112222,010-1111-2222,not in the log,1.1270361045060496e-10,124,-1.1665458326796552e-10
01011112222,010-1111-2222,not in the log,1.1270361045060496e-10,125,-2.2221074420147392e-10
01011112222,010-1111-2222,not in the log,1.1270361045060496e-10,126,6.169756061264917e-11
01011112222,010-1111-2222,not in the log,1.1270361045060496e-10,127,3.724949376625164e-10
01011112222,010-1111-2222,not in the log,1.1270361045060496e-10,128,-2.508638075277353e-10
01011112222,010-1111-2222,not in the log,1.1270361045060496e-10,129,-1.1000562605069138e-10
01011112222,010-1111-2222,not in the log,1.1270361045060496e-10,130,5.988811605922467e-12
01011112222,010-1111-2222,not in the log,1.1270361045060496e-10,131,-4.3457912842462027e-10
01011112222,010-1111-2222,not in the log,1.1270361045060496e-10,132,4.481953516262649e-12
01011112222,010-1111-2222,not in the log,1.1270361045060496e-10,133,-3.354916359434041e-11
01011112222,010-1111-2222,not in the log,1.1270361045060496e-10,134,-1.792400490743896e-11
01011112222,010-1111-2222,not in the log,1.1270361045060496e-10,135,6.541926797114087e-11
01011112222,010-1111-2222,not in the log,1.1270361045060496e-10,136,-2.2957944987251632e-11
01011112222,010-1111-2222,not in the log,1.1270361045060496e-10,137,-1.8762403890583162e-10
01011112222,010-1111-2222,not in the log,1.1270361045060496e-10,138,-1.8532569701053336e-10
01011112222,010-1111-2222,not in the log,1.1270361045060496e-10,139,1.6327751850178338e-11
01011112222,010-1111-2222,not in the log,1.1270361045060496e-10,140,6.25656701848795e-11
01011112222,010-1111-2222,not in the log,1.1270361045060496e-10,141,9.720678480377689e-11
01011112222,010-1111-2222,not in the log,1.1270361045060496e-10,142,-2.915150985716982e-11
01011112222,010-1111-2222,not in the log,1.1270361045060496e-10,143,1.6409911033750876e-10
01011112222,010-1111-2222,not in the log,1.1270361045060496e-10,144,-5.7371390928922425e-11
01011112222,010-1111-2222,not in the log,1.1270361045060496e-10,145,-1.795847112647071e-10
01011112222,010-1111-2222,not in the log,1.1270361045060496e-10,146,-1.849121121619247e-10
01011112222,010-1111-2222,not in the log,1.1270361045060496e-10,147,2.8106962625185817e-10
01011112222,010-1111-2222,not in the log,1.1270361045060496e-10,148,-3.3617445714708375e-11
01011112222,010-1111-2222,not in the log,1.1270361045060496e-10,149,1.490604891769262e-10
01011112222,010-1111-2222,not in the log,1.1270361045060496e-10,150,1.910041352572016e-11
01011112222,010-1111-2222,not in the log,1.1270361045060496e-10,151,1.2876095226252485e-10
01011112222,010-1111-2222,not in the log,1.1270361045060496e-10,152,2.628870113039676e-11
01011112222,010-1111-2222,not in the log,1.1270361045060496e-10,153,-2.0236990092944859e-10
01011112222,010-1111-2222,not in the log,1.1270361045060496e-10,154,2.2653463409567697e-11
01011112222,010-1111-2222,not in the log,1.1270361045060496e-10,155,-9.911256692541687e-11
01011112222,010-1111-2222,not in the log,1.1270361045060496e-10,156,-8.564224308426145e-11
01011112222,010-1111-2222,not in the log,1.1270361045060496e-10,157,-2.0225252191075552e-11
01011112222,010-1111-2222,not in the log,1.1270361045060496e-10,158,-6.364500647417992e-11
01011112222,010-1111-2222,not in the log,1.1270361045060496e-10,159,-1.570904758929034e-10
01011112222,010-1111-2222,not in the log,1.1270361045060496e-10,160,-2.4000166466522173e-10
01011112222,010-1111-2222,not in the log,1.1270361045060496e-10,161,-6.933651588140535e-11
01011112222,010-1111-2222,not in the log,1.1270361045060496e-10,162,1.473651709423494e-12
01011112222,010-1111-2222,not in the log,1.1270361045060496e-10,163,3.145351272813042e-11
01011112222,010-1111-2222,not in the log,1.1270361045060496e-10,164,-5.345340246925243e-11
01011112222,010-1111-2222,not in the log,1.1270361045060496e-10,165,6.342999174285687e-11
01011112222,010-1111-2222,not in the log,1.1270361045060496e-10,166,6.003187212916924e-11
01011112222,010-1111-2222,not in the log,1.1270361045060496e-10,167,-2.4198904412419495e-11
01011112222,010-1111-2222,not in the log,1.1270361045060496e-10,168,2.7156804051572058e-11
01011112222,010-1111-2222,not in the log,1.1270361045060496e-10,169,2.919882797278212e-11
01011112222,010-1111-2222,not in the log,1.1270361045060496e-10,170,9.804772468166642e-11
01011112222,010-1111-2222,not in the log,1.1270361045060496e-10,171,-1.055238835774633e-10
01011112222,010-1111-2222,not in the log,1.1270361045060496e-10,172,4.614267520785889e-11
01011112222,010-1111-2222,not in the log,1.1270361045060496e-10,173,5.909560340267642e-11
01011112222,010-1111-2222,not in the log,1.1270361045060496e-10,174,2.5864764023321238e-11
01011112222,010-1111-2222,not in the log,1.1270361045060496e-10,175,2.2869967574847463e-10
01011112222,010-1111-2222,not in the log,1.1270361045060496e-10,176,2.0834673831414766e-12
01011112222,010-1111-2222,not in the log,1.1270361045060496e-10,177,7.370364247968996e-11
01011112222,010-1111-2222,not in the log,1.1270361045060496e-10,178,-5.885147807033297e-11
01011112222,010-1111-2222,not in the log,1.1270361045060496e-10,179,-2.612253266227927e-10
01011112222,010-1111-2222,not in the log,1.1270361045060496e-10,180,-1.8942061087244893e-11
01011112222,010-1111-2222,not in the log,1.1270361045060496e-10,181,-2.227410110410519e-11
01011112222,010-1111-2222,not in the log,1.1270361045060496e-10,182,4.3447573580593345e-11
01011112222,010-1111-2222,not in the log,1.1270361045060496e-10,183,-5.226946558894957e-11
01011112222,010-1111-2222,not in the log,1.1270361045060496e-10,184,7.112856210488922e-11
01011112222,010-1111-2222,not in the log,1.1270361045060496e-10,185,-1.0323574843603501e-10
01011112222,010-1111-2222,not in the log,1.1270361045060496e-10,186,2.5333516608809467e-10
01011112222,010-1111-2222,not in the log,1.1270361045060496e-10,187,5.386632768534413e-11
01011112222,010-1111-2222,not in the log,1.1270361045060496e-10,188,6.054183043847716e-11
01011112222,010-1111-2222,not in the log,1.1270361045060496e-10,189,-1.6151850032036277e-10
01011112222,010-1111-2222,not in the log,1.1270361045060496e-10,190,2.880577668984211e-11
01011112222,010-1111-2222,not in the log,1.1270361045060496e-10,191,-9.782799374162682e-12
01011112222,010-1111-2222,not in the log,1.1270361045060496e-10,192,-8.043413919842478e-11
01011112222,010-1111-2222,not in the log,1.1270361045060496e-10,193,-3.1817525701973035e-10
01011112222,010-1111-2222,not in the log,1.1270361045060496e-10,194,-1.0617086024698627e-11
01011112222,010-1111-2222,not in the log,1.1270361045060496e-10,195,1.0531389995474957e-10
01011112222,010-1111-2222,not in the log,1.1270361045060496e-10,196,7.862770823779603e-11
01011112222,010-1111-2222,not in the log,1.1270361045060496e-10,197,2.1114470182355224e-11
01011112222,010-1111-2222,not in the log,1.1270361045060496e-10,198,9.116523166500113e-11
01011112222,010-1111-2222,not in the log,1.1270361045060496e-10,199,-2.95764455449751e-10
01011112222,010-1111-2222,not in the log,1.1270361045060496e-10,200,4.4739576849003007e-11
01011112222,010-1111-2222,not in the log,1.1270361045060496e-10,201,-2.2819603888083416e-13
01011112222,010-1111-2222,not in the log,1.1270361045060496e-10,202,-1.322520373634509e-10
01011112222,010-1111-2222,not in the log,1.1270361045060496e-10,203,-1.8011243332991816e-11
