target,grouped,description,exist_value,slot,decrypted
01050002924,010-5000-2924,original,1.0000000002411358,0,-3.560223716919498e-11
01050002924,010-5000-2924,original,1.0000000002411358,1,1.969503029478376e-10
01050002924,010-5000-2924,original,1.0000000002411358,2,2.0185038882218276e-10
01050002924,010-5000-2924,original,1.0000000002411358,3,-4.18263240671725e-11
01050002924,010-5000-2924,original,1.0000000002411358,4,1.3027025174054888e-10
01050002924,010-5000-2924,original,1.0000000002411358,5,9.034329679904087e-11
01050002924,010-5000-2924,original,1.0000000002411358,6,-1.1844924326113466e-10
01050002924,010-5000-2924,original,1.0000000002411358,7,8.496512465899998e-11
01050002924,010-5000-2924,original,1.0000000002411358,8,1.31155834068263e-10
01050002924,010-5000-2924,original,1.0000000002411358,9,-1.1494908816698122e-10
01050002924,010-5000-2924,original,1.0000000002411358,10,-3.109543587030653e-11
01050002924,010-5000-2924,original,1.0000000002411358,11,-4.0389449549942643e-10
01050002924,010-5000-2924,original,1.0000000002411358,12,-3.508310915507564e-10
01050002924,010-5000-2924,original,1.0000000002411358,13,2.1084698670379368e-12
01050002924,010-5000-2924,original,1.0000000002411358,14,1.7287621012636448e-10
01050002924,010-5000-2924,original,1.0000000002411358,15,-1.7824972989640834e-11
01050002924,010-5000-2924,original,1.0000000002411358,16,-1.90372832216056e-10
01050002924,010-5000-2924,original,1.0000000002411358,17,1.2429942773351382e-10
01050002924,010-5000-2924,original,1.0000000002411358,18,7.751047706410175e-11
01050002924,010-5000-2924,original,1.0000000002411358,19,1.841775990259236e-11
01050002924,010-5000-2924,original,1.0000000002411358,20,-2.854778467829487e-11
01050002924,010-5000-2924,original,1.0000000002411358,21,2.89429152047568e-10
01050002924,010-5000-2924,original,1.0000000002411358,22,-5.316345756918526e-11
01050002924,010-5000-2924,original,1.0000000002411358,23,-8.892275813873728e-13
01050002924,010-5000-2924,original,1.0000000002411358,24,5.820024859367612e-11
01050002924,010-5000-2924,original,1.0000000002411358,25,-6.651434531831566e-11
01050002924,010-5000-2924,original,1.0000000002411358,26,-3.795359215703564e-14
01050002924,010-5000-2924,original,1.0000000002411358,27,-1.2558343374448303e-10
01050002924,010-5000-2924,original,1.0000000002411358,28,-3.628173123994699e-10
01050002924,010-5000-2924,original,1.0000000002411358,29,3.867626092358608e-11
01050002924,010-5000-2924,original,1.0000000002411358,30,-1.1853462041897746e-10
01050002924,010-5000-2924,original,1.0000000002411358,31,2.765833988222452e-11
01050002924,010-5000-2924,original,1.0000000002411358,32,-4.7947287826713066e-11
01050002924,010-5000-2924,original,1.0000000002411358,33,2.45339719099078e-10
01050002924,010-5000-2924,original,1.0000000002411358,34,7.191899339543597e-11
01050002924,010-5000-2924,original,1.0000000002411358,35,-2.0686089789547054e-11
01050002924,010-5000-2924,original,1.0000000002411358,36,-8.6154624126113e-11
01050002924,010-5000-2924,original,1.0000000002411358,37,-7.1457575100754e-11
01050002924,010-5000-2924,original,1.0000000002411358,38,-2.6055785661466727e-11
01050002924,010-5000-2924,original,1.0000000002411358,39,5.257845702108758e-12
01050002924,010-5000-2924,original,1.0000000002411358,40,-6.19102823772749e-11
01050002924,010-5000-2924,original,1.0000000002411358,41,9.455183542027641e-11
01050002924,010-5000-2924,original,1.0000000002411358,42,-6.679333836742197e-11
01050002924,010-5000-2924,original,1.0000000002411358,43,-1.1532400922113612e-11
01050002924,010-5000-2924,original,1.0000000002411358,44,-1.8097845434346618e-11
01050002924,010-5000-2924,original,1.0000000002411358,45,9.437597915898291e-11
01050002924,010-5000-2924,original,1.0000000002411358,46,-2.938518796466076e-11
01050002924,010-5000-2924,original,1.0000000002411358,47,-1.4981386402419512e-10
01050002924,010-5000-2924,original,1.0000000002411358,48,1.6876636440638858e-11
01050002924,010-5000-2924,original,1.0000000002411358,49,-1.390326896077905e-10
01050002924,010-5000-2924,original,1.0000000002411358,50,1.7282903908149749e-10
01050002924,010-5000-2924,original,1.0000000002411358,51,1.0504807354641298e-11
01050002924,010-5000-2924,original,1.0000000002411358,52,5.731854881270896e-11
01050002924,010-5000-2924,original,1.0000000002411358,53,-1.0325453068037431e-11
01050002924,010-5000-2924,original,1.0000000002411358,54,4.4114726644301e-11
01050002924,010-5000-2924,original,1.0000000002411358,55,4.8427307887223596e-11
01050002924,010-5000-2924,original,1.0000000002411358,56,1.016936243117634e-10
01050002924,010-5000-2924,original,1.0000000002411358,57,5.906241081380158e-11
01050002924,010-5000-2924,original,1.0000000002411358,58,2.5307837615761293e-12
01050002924,010-5000-2924,original,1.0000000002411358,59,1.3348458349516585e-10
01050002924,010-5000-2924,original,1.0000000002411358,60,8.187240011311844e-11
01050002924,010-5000-2924,original,1.0000000002411358,61,-9.573366915667779e-11
01050002924,010-5000-2924,original,1.0000000002411358,62,-3.4316423061214075e-10
01050002924,010-5000-2924,original,1.0000000002411358,63,-8.02486019517336e-11
01050002924,010-5000-2924,original,1.0000000002411358,64,1.354710966572667e-10
01050002924,010-5000-2924,original,1.0000000002411358,65,1.2420489229459117e-10
01050002924,010-5000-2924,original,1.0000000002411358,66,-9.313617512923913e-11
01050002924,010-5000-2924,original,1.0000000002411358,67,-1.1118356306438179e-10
01050002924,010-5000-2924,original,1.0000000002411358,68,-1.7699100273028266e-10
01050002924,010-5000-2924,original,1.0000000002411358,69,5.155403686041371e-10
01050002924,010-5000-2924,original,1.0000000002411358,70,-1.1791364234098645e-10
01050002924,010-5000-2924,original,1.0000000002411358,71,1.0724593841574152e-10
01050002924,010-5000-2924,original,1.0000000002411358,72,4.214377285676742e-12
01050002924,010-5000-2924,original,1.0000000002411358,73,5.7900174139604085e-12
01050002924,010-5000-2924,original,1.0000000002411358,74,4.576073569808018e-10
01050002924,010-5000-2924,original,1.0000000002411358,75,-7.247208043202526e-11
01050002924,010-5000-2924,original,1.0000000002411358,76,-7.124539121170211e-11
01050002924,010-5000-2924,original,1.0000000002411358,77,-3.219931773150902e-11
01050002924,010-5000-2924,original,1.0000000002411358,78,2.541799767403532e-10
01050002924,010-5000-2924,original,1.0000000002411358,79,3.750678244550277e-11
01050002924,010-5000-2924,original,1.0000000002411358,80,-1.496596652854985e-10
01050002924,010-5000-2924,original,1.0000000002411358,81,1.0787149921936567e-10
01050002924,010-5000-2924,original,1.0000000002411358,82,-3.0175136030810883e-10
01050002924,010-5000-2924,original,1.0000000002411358,83,-3.0096992331780774e-12
01050002924,010-5000-2924,original,1.0000000002411358,84,-7.882688006420232e-11
01050002924,010-5000-2924,original,1.0000000002411358,85,1.6927429046940815e-13
01050002924,010-5000-2924,original,1.0000000002411358,86,2.6938737432549974e-10
01050002924,010-5000-2924,original,1.0000000002411358,87,7.823546949958286e-11
01050002924,010-5000-2924,original,1.0000000002411358,88,3.075525277069698e-11
01050002924,010-5000-2924,original,1.0000000002411358,89,-1.0250826809027009e-10
01050002924,010-5000-2924,original,1.0000000002411358,90,-9.747240741967204e-11
01050002924,010-5000-2924,original,1.0000000002411358,91,-5.4593269721252725e-11
01050002924,010-5000-2924,original,1.0000000002411358,92,1.0872106135379655e-10
01050002924,010-5000-2924,original,1.0000000002411358,93,1.7557696851716327e-11
01050002924,010-5000-2924,original,1.0000000002411358,94,-2.9285789390452205e-11
01050002924,010-5000-2924,original,1.0000000002411358,95,-9.415098018526912e-12
01050002924,010-5000-2924,original,1.0000000002411358,96,-3.410138231058869e-10
01050002924,010-5000-2924,original,1.0000000002411358,97,-1.132482690552378e-10
01050002924,010-5000-2924,original,1.0000000002411358,98,1.9345581083124573e-10
01050002924,010-5000-2924,original,1.0000000002411358,99,-5.6526618161320405e-11
01050002924,010-5000-2924,original,1.0000000002411358,100,-4.2663248390142346e-11
01050002924,010-5000-2924,original,1.0000000002411358,101,3.9571469337761954e-10
01050002924,010-5000-2924,original,1.0000000002411358,102,4.5007096936807595e-10
01050002924,010-5000-2924,original,1.0000000002411358,103,-7.288079519387649e-11
01050002924,010-5000-2924,original,1.0000000002411358,104,-2.3594003150297605e-10
01050002924,010-5000-2924,original,1.0000000002411358,105,3.617409998697801e-11
01050002924,010-5000-2924,original,1.0000000002411358,106,-1.2970438295532194e-10
01050002924,010-5000-2924,original,1.0000000002411358,107,-1.5368606081140733e-10
01050002924,010-5000-2924,original,1.0000000002411358,108,-2.1337349417994257e-11
01050002924,010-5000-2924,original,1.0000000002411358,109,-1.8483376221850998e-11
01050002924,010-5000-2924,original,1.0000000002411358,110,-8.552092195325497e-11
01050002924,010-5000-2924,original,1.0000000002411358,111,2.059875798320694e-11
01050002924,010-5000-2924,original,1.0000000002411358,112,1.3947475402228616e-11
01050002924,010-5000-2924,original,1.0000000002411358,113,-5.067206094845803e-12
01050002924,010-5000-2924,original,1.0000000002411358,114,-1.668774168235432e-11
01050002924,010-5000-2924,original,1.0000000002411358,115,5.45044442241181e-11
01050002924,010-5000-2924,original,1.0000000002411358,116,1.1367306319015525e-10
01050002924,010-5000-2924,original,1.0000000002411358,117,-8.367776361109109e-11
01050002924,010-5000-2924,original,1.0000000002411358,118,-3.191183834537861e-10
01050002924,010-5000-2924,original,1.0000000002411358,119,3.6836047247282954e-10
01050002924,010-5000-2924,original,1.0000000002411358,120,-8.74310969346583e-11
01050002924,010-5000-2924,original,1.0000000002411358,121,1.40867585776174e-10
01050002924,010-5000-2924,original,1.0000000002411358,122,1.339345982104471e-10
01050002924,010-5000-2924,original,1.0000000002411358,123,9.965783267133809e-11
01050002924,010-5000-2924,original,1.0000000002411358,124,7.506801938277414e-10
01050002924,010-5000-2924,original,1.0000000002411358,125,2.337099755934902e-10
01050002924,010-5000-2924,original,1.0000000002411358,126,-5.693730503399521e-11
01050002924,010-5000-2924,original,1.0000000002411358,127,1.6275179824033435e-10
01050002924,010-5000-2924,original,1.0000000002411358,128,-4.43726468149505e-11
01050002924,010-5000-2924,original,1.0000000002411358,129,-4.0354757289979106e-12
01050002924,010-5000-2924,original,1.0000000002411358,130,-3.856843300578628e-11
01050002924,010-5000-2924,original,1.0000000002411358,131,-3.3310272693117464e-10
01050002924,010-5000-2924,original,1.0000000002411358,132,5.002310001574386e-11
01050002924,010-5000-2924,original,1.0000000002411358,133,2.0663324726977106e-10
01050002924,010-5000-2924,original,1.0000000002411358,134,6.451670744112113e-11
01050002924,010-5000-2924,original,1.0000000002411358,135,1.4242586867404098e-10
01050002924,010-5000-2924,original,1.0000000002411358,136,1.4475197394956368e-12
01050002924,010-5000-2924,original,1.0000000002411358,137,1.4764403696646702e-10
01050002924,010-5000-2924,original,1.0000000002411358,138,1.0340298760842748e-10
01050002924,010-5000-2924,original,1.0000000002411358,139,1.926424670543471e-10
01050002924,010-5000-2924,original,1.0000000002411358,140,-2.3228841274080338e-10
01050002924,010-5000-2924,original,1.0000000002411358,141,-2.0046148225560474e-10
01050002924,010-5000-2924,original,1.0000000002411358,142,0.9999996674828342
01050002924,010-5000-2924,original,1.0000000002411358,143,0.9999996193710774
01050002924,010-5000-2924,original,1.0000000002411358,144,0.9999996816942684
01050002924,010-5000-2924,original,1.0000000002411358,145,0.9999996857927482
01050002924,010-5000-2924,original,1.0000000002411358,146,0.9999996888981266
01050002924,010-5000-2924,original,1.0000000002411358,147,0.9999997012256735
01050002924,010-5000-2924,original,1.0000000002411358,148,0.9999996887723246
01050002924,010-5000-2924,original,1.0000000002411358,149,0.9999996410426892
01050002924,010-5000-2924,original,1.0000000002411358,150,3.2941249922426855e-10
01050002924,010-5000-2924,original,1.0000000002411358,151,-1.3761217591324702e-11
01050002924,010-5000-2924,original,1.0000000002411358,152,-1.991754866207447e-10
01050002924,010-5000-2924,original,1.0000000002411358,153,3.773988609481288e-11
01050002924,010-5000-2924,original,1.0000000002411358,154,-5.790857108073608e-11
01050002924,010-5000-2924,original,1.0000000002411358,155,2.931587765247262e-11
01050002924,010-5000-2924,original,1.0000000002411358,156,0.9999997031988008
01050002924,010-5000-2924,original,1.0000000002411358,157,2.7832342521397267e-11
01050002924,010-5000-2924,original,1.0000000002411358,158,-5.328660315044775e-12
01050002924,010-5000-2924,original,1.0000000002411358,159,7.18010337392845e-11
01050002924,010-5000-2924,original,1.0000000002411358,160,0.9999996928114924
01050002924,010-5000-2924,original,1.0000000002411358,161,1.0637226300721941e-12
01050002924,010-5000-2924,original,1.0000000002411358,162,1.230005731154088e-11
01050002924,010-5000-2924,original,1.0000000002411358,163,0.9999996841558321
01050002924,010-5000-2924,original,1.0000000002411358,164,0.9999996827069817
01050002924,010-5000-2924,original,1.0000000002411358,165,6.91185584848282e-11
01050002924,010-5000-2924,original,1.0000000002411358,166,-5.802459669328069e-11
01050002924,010-5000-2924,original,1.0000000002411358,167,-2.259686991643519e-10
01050002924,010-5000-2924,original,1.0000000002411358,168,-2.1248354251248116e-10
01050002924,010-5000-2924,original,1.0000000002411358,169,1.0548530991834679e-10
01050002924,010-5000-2924,original,1.0000000002411358,170,-8.694564178028767e-12
01050002924,010-5000-2924,original,1.0000000002411358,171,7.251258064595889e-11
01050002924,010-5000-2924,original,1.0000000002411358,172,8.037239570558936e-11
01050002924,010-5000-2924,original,1.0000000002411358,173,-6.310504047372994e-11
01050002924,010-5000-2924,original,1.0000000002411358,174,-4.8312633716925334e-11
01050002924,010-5000-2924,original,1.0000000002411358,175,5.907300401130712e-11
01050002924,010-5000-2924,original,1.0000000002411358,176,1.0353482195222156e-10
01050002924,010-5000-2924,original,1.0000000002411358,177,1.9780245887190135e-10
01050002924,010-5000-2924,original,1.0000000002411358,178,-7.49369221387569e-13
01050002924,010-5000-2924,original,1.0000000002411358,179,-8.458446596124038e-11
01050002924,010-5000-2924,original,1.0000000002411358,180,-1.0379482031829416e-10
01050002924,010-5000-2924,original,1.0000000002411358,181,1.4327462974780495e-10
01050002924,010-5000-2924,original,1.0000000002411358,182,-9.147387222807353e-13
01050002924,010-5000-2924,original,1.0000000002411358,183,-2.895104425790994e-10
01050002924,010-5000-2924,original,1.0000000002411358,184,-5.5255448126029103e-11
01050002924,010-5000-2924,original,1.0000000002411358,185,-7.880762102058891e-11
01050002924,010-5000-2924,original,1.0000000002411358,186,-4.4584261299603726e-11
01050002924,010-5000-2924,original,1.0000000002411358,187,3.487154104182145e-11
01050002924,010-5000-2924,original,1.0000000002411358,188,-1.641496011729516e-12
01050002924,010-5000-2924,original,1.0000000002411358,189,8.466046682159219e-11
01050002924,010-5000-2924,original,1.0000000002411358,190,-7.591325188338688e-11
01050002924,010-5000-2924,original,1.0000000002411358,191,6.114579441686562e-11
01050002924,010-5000-2924,original,1.0000000002411358,192,-1.2858134141958346e-10
01050002924,010-5000-2924,original,1.0000000002411358,193,3.318722002453672e-10
01050002924,010-5000-2924,original,1.0000000002411358,194,-2.8086935741533813e-12
01050002924,010-5000-2924,original,1.0000000002411358,195,6.924676862911321e-11
01050002924,010-5000-2924,original,1.0000000002411358,196,1.6281860902880074e-11
01050002924,010-5000-2924,original,1.0000000002411358,197,1.450184678568653e-10
01050002924,010-5000-2924,original,1.0000000002411358,198,-1.4811613828136156e-10
01050002924,010-5000-2924,original,1.0000000002411358,199,7.499985530028278e-10
01050002924,010-5000-2924,original,1.0000000002411358,200,1.7689151749746426e-11
01050002924,010-5000-2924,original,1.0000000002411358,201,5.7826276806418616e-11
01050002924,010-5000-2924,original,1.0000000002411358,202,-2.9484135533392307e-10
01050002924,010-5000-2924,original,1.0000000002411358,203,-2.5703657721923356e-11
01050002925,010-5000-2925,"one digit, last group",-6.164157586144935e-11,0,-9.684652057710578e-12
01050002925,010-5000-2925,"one digit, last group",-6.164157586144935e-11,1,2.6266971104954676e-11
01050002925,010-5000-2925,"one digit, last group",-6.164157586144935e-11,2,-9.456785463936287e-11
01050002925,010-5000-2925,"one digit, last group",-6.164157586144935e-11,3,-3.92034894534487e-11
01050002925,010-5000-2925,"one digit, last group",-6.164157586144935e-11,4,-3.4497771231570186e-10
01050002925,010-5000-2925,"one digit, last group",-6.164157586144935e-11,5,-1.7695055812388293e-12
01050002925,010-5000-2925,"one digit, last group",-6.164157586144935e-11,6,-1.8706112062877752e-10
01050002925,010-5000-2925,"one digit, last group",-6.164157586144935e-11,7,-8.276183054559389e-12
01050002925,010-5000-2925,"one digit, last group",-6.164157586144935e-11,8,2.016421601428198e-10
01050002925,010-5000-2925,"one digit, last group",-6.164157586144935e-11,9,1.1670791237195522e-11
01050002925,010-5000-2925,"one digit, last group",-6.164157586144935e-11,10,1.8870230754949624e-11
01050002925,010-5000-2925,"one digit, last group",-6.164157586144935e-11,11,1.7256949598284404e-10
01050002925,010-5000-2925,"one digit, last group",-6.164157586144935e-11,12,-1.0605637424183797e-10
01050002925,010-5000-2925,"one digit, last group",-6.164157586144935e-11,13,3.107482372951011e-11
01050002925,010-5000-2925,"one digit, last group",-6.164157586144935e-11,14,1.5458178509578815e-10
01050002925,010-5000-2925,"one digit, last group",-6.164157586144935e-11,15,1.9650690774402204e-11
01050002925,010-5000-2925,"one digit, last group",-6.164157586144935e-11,16,1.5849889236458893e-11
01050002925,010-5000-2925,"one digit, last group",-6.164157586144935e-11,17,-6.586910847931857e-10
01050002925,010-5000-2925,"one digit, last group",-6.164157586144935e-11,18,-2.2447949622271647e-11
01050002925,010-5000-2925,"one digit, last group",-6.164157586144935e-11,19,-9.567846101570191e-11
01050002925,010-5000-2925,"one digit, last group",-6.164157586144935e-11,20,1.0515803281513056e-10
01050002925,010-5000-2925,"one digit, last group",-6.164157586144935e-11,21,1.4337472274716256e-10
01050002925,010-5000-2925,"one digit, last group",-6.164157586144935e-11,22,6.188702873972879e-11
01050002925,010-5000-2925,"one digit, last group",-6.164157586144935e-11,23,1.0793293995120683e-10
01050002925,010-5000-2925,"one digit, last group",-6.164157586144935e-11,24,-2.3297435052537964e-10
01050002925,010-5000-2925,"one digit, last group",-6.164157586144935e-11,25,5.831012094046503e-11
01050002925,010-5000-2925,"one digit, last group",-6.164157586144935e-11,26,-4.122469100991999e-10
01050002925,010-5000-2925,"one digit, last group",-6.164157586144935e-11,27,7.939971828862103e-11
01050002925,010-5000-2925,"one digit, last group",-6.164157586144935e-11,28,-9.926599014564845e-11
01050002925,010-5000-2925,"one digit, last group",-6.164157586144935e-11,29,-7.452012032875735e-11
01050002925,010-5000-2925,"one digit, last group",-6.164157586144935e-11,30,1.559486023388811e-11
01050002925,010-5000-2925,"one digit, last group",-6.164157586144935e-11,31,-6.666999744293012e-12
01050002925,010-5000-2925,"one digit, last group",-6.164157586144935e-11,32,1.1244953300585184e-10
01050002925,010-5000-2925,"one digit, last group",-6.164157586144935e-11,33,-3.4787593518605704e-10
01050002925,010-5000-2925,"one digit, last group",-6.164157586144935e-11,34,1.6605032252857208e-10
01050002925,010-5000-2925,"one digit, last group",-6.164157586144935e-11,35,-5.2479830433018105e-11
01050002925,010-5000-2925,"one digit, last group",-6.164157586144935e-11,36,5.0956242981554125e-11
01050002925,010-5000-2925,"one digit, last group",-6.164157586144935e-11,37,1.7190013320396476e-10
01050002925,010-5000-2925,"one digit, last group",-6.164157586144935e-11,38,9.838472351926766e-11
01050002925,010-5000-2925,"one digit, last group",-6.164157586144935e-11,39,1.0751164142335635e-10
01050002925,010-5000-2925,"one digit, last group",-6.164157586144935e-11,40,4.566406948549229e-10
01050002925,010-5000-2925,"one digit, last group",-6.164157586144935e-11,41,-7.928806311607067e-12
01050002925,010-5000-2925,"one digit, last group",-6.164157586144935e-11,42,-1.1424053662464035e-12
01050002925,010-5000-2925,"one digit, last group",-6.164157586144935e-11,43,5.076154406071593e-12
01050002925,010-5000-2925,"one digit, last group",-6.164157586144935e-11,44,-1.2408261790559592e-11
01050002925,010-5000-2925,"one digit, last group",-6.164157586144935e-11,45,-9.018809793793858e-11
01050002925,010-5000-2925,"one digit, last group",-6.164157586144935e-11,46,3.1665919423687935e-11
01050002925,010-5000-2925,"one digit, last group",-6.164157586144935e-11,47,2.067457391118545e-10
01050002925,010-5000-2925,"one digit, last group",-6.164157586144935e-11,48,1.9871571442141586e-10
01050002925,010-5000-2925,"one digit, last group",-6.164157586144935e-11,49,2.141699221904963e-10
01050002925,010-5000-2925,"one digit, last group",-6.164157586144935e-11,50,-2.7723190736319007e-10
01050002925,010-5000-2925,"one digit, last group",-6.164157586144935e-11,51,4.858079695365372e-11
01050002925,010-5000-2925,"one digit, last group",-6.164157586144935e-11,52,-4.669065376598476e-11
01050002925,010-5000-2925,"one digit, last group",-6.164157586144935e-11,53,4.6658448822099707e-11
01050002925,010-5000-2925,"one digit, last group",-6.164157586144935e-11,54,-1.867289322590815e-11
01050002925,010-5000-2925,"one digit, last group",-6.164157586144935e-11,55,-1.1239155792712777e-10
01050002925,010-5000-2925,"one digit, last group",-6.164157586144935e-11,56,3.677199353381365e-10
01050002925,010-5000-2925,"one digit, last group",-6.164157586144935e-11,57,-4.108652341562139e-12
01050002925,010-5000-2925,"one digit, last group",-6.164157586144935e-11,58,1.867549467644454e-11
01050002925,010-5000-2925,"one digit, last group",-6.164157586144935e-11,59,-2.50711590391805e-10
01050002925,010-5000-2925,"one digit, last group",-6.164157586144935e-11,60,1.1491382421329457e-10
01050002925,010-5000-2925,"one digit, last group",-6.164157586144935e-11,61,3.362742639556702e-11
01050002925,010-5000-2925,"one digit, last group",-6.164157586144935e-11,62,-1.3528551297500707e-10
01050002925,010-5000-2925,"one digit, last group",-6.164157586144935e-11,63,-8.352680667040364e-11
01050002925,010-5000-2925,"one digit, last group",-6.164157586144935e-11,64,-1.360901202933703e-11
01050002925,010-5000-2925,"one digit, last group",-6.164157586144935e-11,65,7.236327045314956e-12
01050002925,010-5000-2925,"one digit, last group",-6.164157586144935e-11,66,-4.9306166879943775e-11
01050002925,010-5000-2925,"one digit, last group",-6.164157586144935e-11,67,-3.4149664823625745e-11
01050002925,010-5000-2925,"one digit, last group",-6.164157586144935e-11,68,-2.238438969394055e-11
01050002925,010-5000-2925,"one digit, last group",-6.164157586144935e-11,69,2.509812681893657e-10
01050002925,010-5000-2925,"one digit, last group",-6.164157586144935e-11,70,-5.575280313375515e-11
01050002925,010-5000-2925,"one digit, last group",-6.164157586144935e-11,71,-1.2693576504995425e-10
01050002925,010-5000-2925,"one digit, last group",-6.164157586144935e-11,72,1.852981609657014e-11
01050002925,010-5000-2925,"one digit, last group",-6.164157586144935e-11,73,5.0991486884947845e-11
01050002925,010-5000-2925,"one digit, last group",-6.164157586144935e-11,74,2.375382576113277e-10
01050002925,010-5000-2925,"one digit, last group",-6.164157586144935e-11,75,1.9071555187774915e-11
01050002925,010-5000-2925,"one digit, last group",-6.164157586144935e-11,76,4.9081584783939265e-11
01050002925,010-5000-2925,"one digit, last group",-6.164157586144935e-11,77,2.211480604013723e-11
01050002925,010-5000-2925,"one digit, last group",-6.164157586144935e-11,78,4.029213287742997e-10
01050002925,010-5000-2925,"one digit, last group",-6.164157586144935e-11,79,-4.755813622744205e-11
01050002925,010-5000-2925,"one digit, last group",-6.164157586144935e-11,80,3.4977741157553013e-11
01050002925,010-5000-2925,"one digit, last group",-6.164157586144935e-11,81,1.1329394783131216e-10
01050002925,010-5000-2925,"one digit, last group",-6.164157586144935e-11,82,4.669382525276011e-11
01050002925,010-5000-2925,"one digit, last group",-6.164157586144935e-11,83,-1.1759466254198946e-10
01050002925,010-5000-2925,"one digit, last group",-6.164157586144935e-11,84,1.8085929413880855e-11
01050002925,010-5000-2925,"one digit, last group",-6.164157586144935e-11,85,-2.1946232523292713e-11
01050002925,010-5000-2925,"one digit, last group",-6.164157586144935e-11,86,-4.2206448014037125e-10
01050002925,010-5000-2925,"one digit, last group",-6.164157586144935e-11,87,2.462070535619289e-11
01050002925,010-5000-2925,"one digit, last group",-6.164157586144935e-11,88,5.3966278092227115e-11
01050002925,010-5000-2925,"one digit, last group",-6.164157586144935e-11,89,6.454767174234048e-11
01050002925,010-5000-2925,"one digit, last group",-6.164157586144935e-11,90,-2.212616139850843e-10
01050002925,010-5000-2925,"one digit, last group",-6.164157586144935e-11,91,-1.0063710908321373e-10
01050002925,010-5000-2925,"one digit, last group",-6.164157586144935e-11,92,-1.2795530439531343e-10
01050002925,010-5000-2925,"one digit, last group",-6.164157586144935e-11,93,6.982253375821964e-11
01050002925,010-5000-2925,"one digit, last group",-6.164157586144935e-11,94,6.74247034189031e-11
01050002925,010-5000-2925,"one digit, last group",-6.164157586144935e-11,95,1.8927268001923738e-10
01050002925,010-5000-2925,"one digit, last group",-6.164157586144935e-11,96,1.7123786173221164e-10
01050002925,010-5000-2925,"one digit, last group",-6.164157586144935e-11,97,3.0291917617614296e-10
01050002925,010-5000-2925,"one digit, last group",-6.164157586144935e-11,98,-1.5996821089826472e-10
01050002925,010-5000-2925,"one digit, last group",-6.164157586144935e-11,99,-1.115235015625672e-10
01050002925,010-5000-2925,"one digit, last group",-6.164157586144935e-11,100,2.6207982904580847e-11
01050002925,010-5000-2925,"one digit, last group",-6.164157586144935e-11,101,-3.107388449363204e-11
01050002925,010-5000-2925,"one digit, last group",-6.164157586144935e-11,102,3.298694640202876e-10
01050002925,010-5000-2925,"one digit, last group",-6.164157586144935e-11,103,3.0844300373184704e-10
01050002925,010-5000-2925,"one digit, last group",-6.164157586144935e-11,104,5.643256082549175e-11
01050002925,010-5000-2925,"one digit, last group",-6.164157586144935e-11,105,-7.005478282450753e-11
01050002925,010-5000-2925,"one digit, last group",-6.164157586144935e-11,106,-6.226924202091271e-11
01050002925,010-5000-2925,"one digit, last group",-6.164157586144935e-11,107,-1.215598448997044e-11
01050002925,010-5000-2925,"one digit, last group",-6.164157586144935e-11,108,-2.3283715198072153e-10
01050002925,010-5000-2925,"one digit, last group",-6.164157586144935e-11,109,-1.1076374476698137e-10
01050002925,010-5000-2925,"one digit, last group",-6.164157586144935e-11,110,1.1328605666392055e-10
01050002925,010-5000-2925,"one digit, last group",-6.164157586144935e-11,111,-2.0606691645330989e-10
01050002925,010-5000-2925,"one digit, last group",-6.164157586144935e-11,112,2.928333805193418e-10
01050002925,010-5000-2925,"one digit, last group",-6.164157586144935e-11,113,1.2627651199879623e-11
01050002925,010-5000-2925,"one digit, last group",-6.164157586144935e-11,114,3.719949346455659e-10
01050002925,010-5000-2925,"one digit, last group",-6.164157586144935e-11,115,1.0280745001303946e-11
01050002925,010-5000-2925,"one digit, last group",-6.164157586144935e-11,116,-5.820464234769807e-11
01050002925,010-5000-2925,"one digit, last group",-6.164157586144935e-11,117,-1.601650858841908e-10
01050002925,010-5000-2925,"one digit, last group",-6.164157586144935e-11,118,-7.206985143392605e-11
01050002925,010-5000-2925,"one digit, last group",-6.164157586144935e-11,119,-1.5255304310014126e-10
01050002925,010-5000-2925,"one digit, last group",-6.164157586144935e-11,120,-6.09317830301802e-11
01050002925,010-5000-2925,"one digit, last group",-6.164157586144935e-11,121,5.5191072303748305e-11
01050002925,010-5000-2925,"one digit, last group",-6.164157586144935e-11,122,-9.870165416985442e-11
01050002925,010-5000-2925,"one digit, last group",-6.164157586144935e-11,123,-4.677821906534129e-12
01050002925,010-5000-2925,"one digit, last group",-6.164157586144935e-11,124,2.0001037309177568e-10
01050002925,010-5000-2925,"one digit, last group",-6.164157586144935e-11,125,2.401813013909448e-10
01050002925,010-5000-2925,"one digit, last group",-6.164157586144935e-11,126,1.0184993634138092e-10
01050002925,010-5000-2925,"one digit, last group",-6.164157586144935e-11,127,6.091326934766297e-11
01050002925,010-5000-2925,"one digit, last group",-6.164157586144935e-11,128,-6.03659744806011e-11
01050002925,010-5000-2925,"one digit, last group",-6.164157586144935e-11,129,-3.695115578111017e-11
01050002925,010-5000-2925,"one digit, last group",-6.164157586144935e-11,130,5.7386786034407115e-11
01050002925,010-5000-2925,"one digit, last group",-6.164157586144935e-11,131,-2.560955764024901e-10
01050002925,010-5000-2925,"one digit, last group",-6.164157586144935e-11,132,1.6705020331507602e-10
01050002925,010-5000-2925,"one digit, last group",-6.164157586144935e-11,133,6.423811661916483e-11
01050002925,010-5000-2925,"one digit, last group",-6.164157586144935e-11,134,-7.064140009360201e-11
01050002925,010-5000-2925,"one digit, last group",-6.164157586144935e-11,135,-6.862357710456635e-11
01050002925,010-5000-2925,"one digit, last group",-6.164157586144935e-11,136,-1.6292800072392188e-11
01050002925,010-5000-2925,"one digit, last group",-6.164157586144935e-11,137,3.6823936871654346e-11
01050002925,010-5000-2925,"one digit, last group",-6.164157586144935e-11,138,1.7967474296021377e-10
01050002925,010-5000-2925,"one digit, last group",-6.164157586144935e-11,139,-3.840873402008908e-11
01050002925,010-5000-2925,"one digit, last group",-6.164157586144935e-11,140,2.957039670817369e-11
01050002925,010-5000-2925,"one digit, last group",-6.164157586144935e-11,141,7.190014447064814e-11
01050002925,010-5000-2925,"one digit, last group",-6.164157586144935e-11,142,-2.1334531153923004e-08
01050002925,010-5000-2925,"one digit, last group",-6.164157586144935e-11,143,2.080098015589991e-09
01050002925,010-5000-2925,"one digit, last group",-6.164157586144935e-11,144,-2.789751320989588e-09
01050002925,010-5000-2925,"one digit, last group",-6.164157586144935e-11,145,-9.396228971981929e-09
01050002925,010-5000-2925,"one digit, last group",-6.164157586144935e-11,146,-1.113478660254781e-09
01050002925,010-5000-2925,"one digit, last group",-6.164157586144935e-11,147,4.923055779959438e-10
01050002925,010-5000-2925,"one digit, last group",-6.164157586144935e-11,148,4.130520914836557e-09
01050002925,010-5000-2925,"one digit, last group",-6.164157586144935e-11,149,1.5595661094547787e-08
01050002925,010-5000-2925,"one digit, last group",-6.164157586144935e-11,150,3.862552217267226e-11
01050002925,010-5000-2925,"one digit, last group",-6.164157586144935e-11,151,9.779076033986841e-11
01050002925,010-5000-2925,"one digit, last group",-6.164157586144935e-11,152,3.951680234377353e-10
01050002925,010-5000-2925,"one digit, last group",-6.164157586144935e-11,153,1.7790299910475884e-10
01050002925,010-5000-2925,"one digit, last group",-6.164157586144935e-11,154,-2.1405424101561767e-11
01050002925,010-5000-2925,"one digit, last group",-6.164157586144935e-11,155,2.4093165898532346e-10
01050002925,010-5000-2925,"one digit, last group",-6.164157586144935e-11,156,2.3818720264870557e-09
01050002925,010-5000-2925,"one digit, last group",-6.164157586144935e-11,157,-2.7133055050379284e-11
01050002925,010-5000-2925,"one digit, last group",-6.164157586144935e-11,158,5.230126411803251e-11
01050002925,010-5000-2925,"one digit, last group",-6.164157586144935e-11,159,2.7242520786863217e-12
01050002925,010-5000-2925,"one digit, last group",-6.164157586144935e-11,160,-1.4170325762133094e-09
01050002925,010-5000-2925,"one digit, last group",-6.164157586144935e-11,161,-5.2648256744800385e-11
01050002925,010-5000-2925,"one digit, last group",-6.164157586144935e-11,162,-3.285892384605246e-11
01050002925,010-5000-2925,"one digit, last group",-6.164157586144935e-11,163,1.6204505199174064e-09
01050002925,010-5000-2925,"one digit, last group",-6.164157586144935e-11,164,3.354288722405412e-10
01050002925,010-5000-2925,"one digit, last group",-6.164157586144935e-11,165,-3.589727553674966e-10
01050002925,010-5000-2925,"one digit, last group",-6.164157586144935e-11,166,3.221911169042092e-11
01050002925,010-5000-2925,"one digit, last group",-6.164157586144935e-11,167,-1.7753890989144774e-10
01050002925,010-5000-2925,"one digit, last group",-6.164157586144935e-11,168,6.972916435594223e-11
01050002925,010-5000-2925,"one digit, last group",-6.164157586144935e-11,169,-1.1416640064751335e-10
01050002925,010-5000-2925,"one digit, last group",-6.164157586144935e-11,170,3.677896308201964e-11
01050002925,010-5000-2925,"one digit, last group",-6.164157586144935e-11,171,-1.3329081422003317e-10
01050002925,010-5000-2925,"one digit, last group",-6.164157586144935e-11,172,-2.304761992239983e-11
01050002925,010-5000-2925,"one digit, last group",-6.164157586144935e-11,173,-5.943188910646759e-11
01050002925,010-5000-2925,"one digit, last group",-6.164157586144935e-11,174,4.999612536971369e-12
01050002925,010-5000-2925,"one digit, last group",-6.164157586144935e-11,175,-4.944256571804085e-10
01050002925,010-5000-2925,"one digit, last group",-6.164157586144935e-11,176,-7.222231763897268e-11
01050002925,010-5000-2925,"one digit, last group",-6.164157586144935e-11,177,4.3231886713284475e-10
01050002925,010-5000-2925,"one digit, last group",-6.164157586144935e-11,178,1.2614438061766001e-12
01050002925,010-5000-2925,"one digit, last group",-6.164157586144935e-11,179,2.0536606020776857e-12
01050002925,010-5000-2925,"one digit, last group",-6.164157586144935e-11,180,7.503670835362976e-11
01050002925,010-5000-2925,"one digit, last group",-6.164157586144935e-11,181,3.864698398176396e-10
01050002925,010-5000-2925,"one digit, last group",-6.164157586144935e-11,182,-6.100450831212858e-10
01050002925,010-5000-2925,"one digit, last group",-6.164157586144935e-11,183,1.1988731719793805e-10
01050002925,010-5000-2925,"one digit, last group",-6.164157586144935e-11,184,3.0564946444756825e-11
01050002925,010-5000-2925,"one digit, last group",-6.164157586144935e-11,185,1.6288696643973062e-10
01050002925,010-5000-2925,"one digit, last group",-6.164157586144935e-11,186,-5.60046752659126e-11
01050002925,010-5000-2925,"one digit, last group",-6.164157586144935e-11,187,9.529042481640166e-11
01050002925,010-5000-2925,"one digit, last group",-6.164157586144935e-11,188,2.676301826365324e-11
01050002925,010-5000-2925,"one digit, last group",-6.164157586144935e-11,189,6.557438160782041e-11
01050002925,010-5000-2925,"one digit, last group",-6.164157586144935e-11,190,-6.571872830875215e-11
01050002925,010-5000-2925,"one digit, last group",-6.164157586144935e-11,191,4.5802179121417006e-11
01050002925,010-5000-2925,"one digit, last group",-6.164157586144935e-11,192,6.329323856399984e-11
01050002925,010-5000-2925,"one digit, last group",-6.164157586144935e-11,193,-1.8462121217219908e-10
01050002925,010-5000-2925,"one digit, last group",-6.164157586144935e-11,194,-4.730821123088231e-12
01050002925,010-5000-2925,"one digit, last group",-6.164157586144935e-11,195,-3.1467747947166013e-10
01050002925,010-5000-2925,"one digit, last group",-6.164157586144935e-11,196,9.583821648420365e-12
01050002925,010-5000-2925,"one digit, last group",-6.164157586144935e-11,197,-6.685618005686281e-12
01050002925,010-5000-2925,"one digit, last group",-6.164157586144935e-11,198,1.3630094014719646e-10
01050002925,010-5000-2925,"one digit, last group",-6.164157586144935e-11,199,-3.995137915871549e-10
01050002925,010-5000-2925,"one digit, last group",-6.164157586144935e-11,200,3.9659578212526414e-11
01050002925,010-5000-2925,"one digit, last group",-6.164157586144935e-11,201,5.746978199031926e-11
01050002925,010-5000-2925,"one digit, last group",-6.164157586144935e-11,202,-5.758096944296765e-10
01050002925,010-5000-2925,"one digit, last group",-6.164157586144935e-11,203,2.543402749354613e-12
01051009080,010-5100-9080,original,1.00000000030826,0,-6.36639923913771e-11
01051009080,010-5100-9080,original,1.00000000030826,1,-2.965019748206026e-10
01051009080,010-5100-9080,original,1.00000000030826,2,-2.5039477731952937e-11
01051009080,010-5100-9080,original,1.00000000030826,3,-1.1590579242086292e-10
01051009080,010-5100-9080,original,1.00000000030826,4,-5.3588404082961094e-12
01051009080,010-5100-9080,original,1.00000000030826,5,-2.3247348429829745e-10
01051009080,010-5100-9080,original,1.00000000030826,6,-5.4491635352506014e-11
01051009080,010-5100-9080,original,1.00000000030826,7,-4.1451335923293156e-11
01051009080,010-5100-9080,original,1.00000000030826,8,-3.880968607773945e-11
01051009080,010-5100-9080,original,1.00000000030826,9,6.987657434139791e-12
01051009080,010-5100-9080,original,1.00000000030826,10,-2.932423932607219e-11
01051009080,010-5100-9080,original,1.00000000030826,11,-2.85827428512172e-10
01051009080,010-5100-9080,original,1.00000000030826,12,-2.2538852248553584e-10
01051009080,010-5100-9080,original,1.00000000030826,13,-9.040247530955503e-11
01051009080,010-5100-9080,original,1.00000000030826,14,-1.3369266018460264e-10
01051009080,010-5100-9080,original,1.00000000030826,15,-3.2959246166164e-11
01051009080,010-5100-9080,original,1.00000000030826,16,-3.592978265750674e-10
01051009080,010-5100-9080,original,1.00000000030826,17,3.415628812931898e-11
01051009080,010-5100-9080,original,1.00000000030826,18,2.090853291125556e-10
01051009080,010-5100-9080,original,1.00000000030826,19,8.503321315920376e-11
01051009080,010-5100-9080,original,1.00000000030826,20,-4.205841909242562e-11
01051009080,010-5100-9080,original,1.00000000030826,21,-9.371643719459601e-11
01051009080,010-5100-9080,original,1.00000000030826,22,5.081266301061305e-11
01051009080,010-5100-9080,original,1.00000000030826,23,2.3339920759735996e-10
01051009080,010-5100-9080,original,1.00000000030826,24,3.475542139218595e-10
01051009080,010-5100-9080,original,1.00000000030826,25,3.3257689000469865e-11
01051009080,010-5100-9080,original,1.00000000030826,26,-1.1619207277273051e-10
01051009080,010-5100-9080,original,1.00000000030826,27,1.4520271175976019e-11
01051009080,010-5100-9080,original,1.00000000030826,28,-1.2525442966757715e-10
01051009080,010-5100-9080,original,1.00000000030826,29,-9.465753073362537e-11
01051009080,010-5100-9080,original,1.00000000030826,30,1.3935062158619752e-10
01051009080,010-5100-9080,original,1.00000000030826,31,-5.53174156524748e-11
01051009080,010-5100-9080,original,1.00000000030826,32,-4.828784649235555e-10
01051009080,010-5100-9080,original,1.00000000030826,33,2.0635654585025256e-10
01051009080,010-5100-9080,original,1.00000000030826,34,-6.238251224316758e-11
01051009080,010-5100-9080,original,1.00000000030826,35,-2.5568929669484636e-11
01051009080,010-5100-9080,original,1.00000000030826,36,-3.9514159759848516e-11
01051009080,010-5100-9080,original,1.00000000030826,37,1.1056281355078143e-10
01051009080,010-5100-9080,original,1.00000000030826,38,6.6450275013172e-11
01051009080,010-5100-9080,original,1.00000000030826,39,5.3259953726306064e-11
01051009080,010-5100-9080,original,1.00000000030826,40,9.792412936339188e-12
01051009080,010-5100-9080,original,1.00000000030826,41,1.0271341120334684e-11
01051009080,010-5100-9080,original,1.00000000030826,42,-1.7113103682979655e-11
01051009080,010-5100-9080,original,1.00000000030826,43,-5.759564584829632e-12
01051009080,010-5100-9080,original,1.00000000030826,44,-2.1484179200097977e-11
01051009080,010-5100-9080,original,1.00000000030826,45,3.718518605702426e-11
01051009080,010-5100-9080,original,1.00000000030826,46,2.9921474159656375e-11
01051009080,010-5100-9080,original,1.00000000030826,47,3.0972930984524666e-10
01051009080,010-5100-9080,original,1.00000000030826,48,-2.6125524159822606e-11
01051009080,010-5100-9080,original,1.00000000030826,49,-5.1393929129184554e-11
01051009080,010-5100-9080,original,1.00000000030826,50,2.806700866324733e-10
01051009080,010-5100-9080,original,1.00000000030826,51,7.663765021661085e-11
01051009080,010-5100-9080,original,1.00000000030826,52,-1.4961633903014707e-11
01051009080,010-5100-9080,original,1.00000000030826,53,5.1785269234587064e-11
01051009080,010-5100-9080,original,1.00000000030826,54,5.795468295790888e-11
01051009080,010-5100-9080,original,1.00000000030826,55,-5.07838792427056e-10
01051009080,010-5100-9080,original,1.00000000030826,56,-2.2141902228982973e-10
01051009080,010-5100-9080,original,1.00000000030826,57,5.839566876953697e-11
01051009080,010-5100-9080,original,1.00000000030826,58,1.968889799307084e-11
01051009080,010-5100-9080,original,1.00000000030826,59,-7.434170053337831e-12
01051009080,010-5100-9080,original,1.00000000030826,60,-1.198925980286495e-10
01051009080,010-5100-9080,original,1.00000000030826,61,-8.908067162264397e-11
01051009080,010-5100-9080,original,1.00000000030826,62,2.379104503823578e-10
01051009080,010-5100-9080,original,1.00000000030826,63,1.7072189994297905e-11
01051009080,010-5100-9080,original,1.00000000030826,64,-3.6273053463687945e-10
01051009080,010-5100-9080,original,1.00000000030826,65,2.956705896383972e-10
01051009080,010-5100-9080,original,1.00000000030826,66,-8.050287625457807e-11
01051009080,010-5100-9080,original,1.00000000030826,67,4.009247414337593e-11
01051009080,010-5100-9080,original,1.00000000030826,68,7.132346863216483e-11
01051009080,010-5100-9080,original,1.00000000030826,69,3.34958576578919e-10
01051009080,010-5100-9080,original,1.00000000030826,70,7.32414031042608e-11
01051009080,010-5100-9080,original,1.00000000030826,71,-5.7300265998391906e-11
01051009080,010-5100-9080,original,1.00000000030826,72,1.5775444502633614e-11
01051009080,010-5100-9080,original,1.00000000030826,73,4.7468262639388483e-11
01051009080,010-5100-9080,original,1.00000000030826,74,5.6180252226861544e-11
01051009080,010-5100-9080,original,1.00000000030826,75,-6.790549120693468e-11
01051009080,010-5100-9080,original,1.00000000030826,76,5.6397437972444185e-11
01051009080,010-5100-9080,original,1.00000000030826,77,-4.1891047147696356e-11
01051009080,010-5100-9080,original,1.00000000030826,78,-4.2064884604749357e-10
01051009080,010-5100-9080,original,1.00000000030826,79,1.441313810329101e-10
01051009080,010-5100-9080,original,1.00000000030826,80,-8.83915978976221e-11
01051009080,010-5100-9080,original,1.00000000030826,81,-2.401915591775454e-11
01051009080,010-5100-9080,original,1.00000000030826,82,-1.7180128302690494e-10
01051009080,010-5100-9080,original,1.00000000030826,83,3.926811460142859e-11
01051009080,010-5100-9080,original,1.00000000030826,84,-7.604691710815437e-11
01051009080,010-5100-9080,original,1.00000000030826,85,1.1285964150318499e-11
01051009080,010-5100-9080,original,1.00000000030826,86,-7.009003557126521e-11
01051009080,010-5100-9080,original,1.00000000030826,87,1.5931987815567308e-10
01051009080,010-5100-9080,original,1.00000000030826,88,-1.16705101597793e-10
01051009080,010-5100-9080,original,1.00000000030826,89,-1.0987202611994853e-10
01051009080,010-5100-9080,original,1.00000000030826,90,-1.1442912193326542e-10
01051009080,010-5100-9080,original,1.00000000030826,91,2.7839410247466098e-11
01051009080,010-5100-9080,original,1.00000000030826,92,-8.201855774104718e-11
01051009080,010-5100-9080,original,1.00000000030826,93,-5.303001761556368e-11
01051009080,010-5100-9080,original,1.00000000030826,94,5.0381596585103184e-11
01051009080,010-5100-9080,original,1.00000000030826,95,3.9173380822022397e-11
01051009080,010-5100-9080,original,1.00000000030826,96,-1.2643068885062212e-11
01051009080,010-5100-9080,original,1.00000000030826,97,2.3208267631084298e-10
01051009080,010-5100-9080,original,1.00000000030826,98,1.7515001276085065e-10
01051009080,010-5100-9080,original,1.00000000030826,99,9.066776728337237e-11
01051009080,010-5100-9080,original,1.00000000030826,100,8.02774905818499e-11
01051009080,010-5100-9080,original,1.00000000030826,101,9.443666763717849e-11
01051009080,010-5100-9080,original,1.00000000030826,102,-5.311648573661637e-10
01051009080,010-5100-9080,original,1.00000000030826,103,-2.0115163404303505e-10
01051009080,010-5100-9080,original,1.00000000030826,104,-4.1920198066211647e-11
01051009080,010-5100-9080,original,1.00000000030826,105,-5.3484242527087e-11
01051009080,010-5100-9080,original,1.00000000030826,106,-1.5100074576193163e-11
01051009080,010-5100-9080,original,1.00000000030826,107,-6.621493110779728e-11
01051009080,010-5100-9080,original,1.00000000030826,108,8.514330759867147e-11
01051009080,010-5100-9080,original,1.00000000030826,109,-2.1019961691244747e-10
01051009080,010-5100-9080,original,1.00000000030826,110,-1.9443029497024044e-11
01051009080,010-5100-9080,original,1.00000000030826,111,-2.8139915785059595e-10
01051009080,010-5100-9080,original,1.00000000030826,112,-2.645195236519096e-10
01051009080,010-5100-9080,original,1.00000000030826,113,-1.184001346822343e-11
01051009080,010-5100-9080,original,1.00000000030826,114,1.6825854523886226e-10
01051009080,010-5100-9080,original,1.00000000030826,115,5.2098538844583655e-11
01051009080,010-5100-9080,original,1.00000000030826,116,-1.980457353440047e-10
01051009080,010-5100-9080,original,1.00000000030826,117,-8.107720663221441e-11
01051009080,010-5100-9080,original,1.00000000030826,118,1.763536368842391e-10
01051009080,010-5100-9080,original,1.00000000030826,119,3.788723280021589e-10
01051009080,010-5100-9080,original,1.00000000030826,120,8.457382851795164e-11
01051009080,010-5100-9080,original,1.00000000030826,121,-1.523385663586241e-10
01051009080,010-5100-9080,original,1.00000000030826,122,-1.4030229550281764e-10
01051009080,010-5100-9080,original,1.00000000030826,123,-1.5280662031775942e-11
01051009080,010-5100-9080,original,1.00000000030826,124,1.8070167174129351e-10
01051009080,010-5100-9080,original,1.00000000030826,125,2.8591240106977386e-10
01051009080,010-5100-9080,original,1.00000000030826,126,-5.639517317030264e-11
01051009080,010-5100-9080,original,1.00000000030826,127,1.6311692773884805e-10
01051009080,010-5100-9080,original,1.00000000030826,128,-2.487210653533002e-10
01051009080,010-5100-9080,original,1.00000000030826,129,-1.5107587686856378e-11
01051009080,010-5100-9080,original,1.00000000030826,130,5.1256217977802854e-12
01051009080,010-5100-9080,original,1.00000000030826,131,-1.4329025985140393e-10
01051009080,010-5100-9080,original,1.00000000030826,132,-8.798323344326097e-11
01051009080,010-5100-9080,original,1.00000000030826,133,-2.507431694654971e-11
01051009080,010-5100-9080,original,1.00000000030826,134,1.4195718517339982e-10
01051009080,010-5100-9080,original,1.00000000030826,135,-9.584912873624433e-11
01051009080,010-5100-9080,original,1.00000000030826,136,-1.3793523741850247e-12
01051009080,010-5100-9080,original,1.00000000030826,137,4.089946378994644e-12
01051009080,010-5100-9080,original,1.00000000030826,138,1.6463904139310205e-10
01051009080,010-5100-9080,original,1.00000000030826,139,2.0668601645818567e-11
01051009080,010-5100-9080,original,1.00000000030826,140,5.926562304553987e-11
01051009080,010-5100-9080,original,1.00000000030826,141,2.2065023433653523e-10
01051009080,010-5100-9080,original,1.00000000030826,142,-1.435125242634765e-10
01051009080,010-5100-9080,original,1.00000000030826,143,-7.216698608115222e-11
01051009080,010-5100-9080,original,1.00000000030826,144,1.677347607749116e-10
01051009080,010-5100-9080,original,1.00000000030826,145,8.027384932737189e-11
01051009080,010-5100-9080,original,1.00000000030826,146,1.3109730938340802e-10
01051009080,010-5100-9080,original,1.00000000030826,147,-1.5747949614723957e-10
01051009080,010-5100-9080,original,1.00000000030826,148,-4.170075667776754e-11
01051009080,010-5100-9080,original,1.00000000030826,149,3.618482730947793e-10
01051009080,010-5100-9080,original,1.00000000030826,150,-3.450981341676517e-10
01051009080,010-5100-9080,original,1.00000000030826,151,6.61362916505016e-11
01051009080,010-5100-9080,original,1.00000000030826,152,-2.197900928059453e-10
01051009080,010-5100-9080,original,1.00000000030826,153,1.1487411489901769e-10
01051009080,010-5100-9080,original,1.00000000030826,154,3.0646261627067385e-11
01051009080,010-5100-9080,original,1.00000000030826,155,3.6823268888978234e-10
01051009080,010-5100-9080,original,1.00000000030826,156,7.410509081570576e-11
01051009080,010-5100-9080,original,1.00000000030826,157,2.399724907688768e-11
01051009080,010-5100-9080,original,1.00000000030826,158,-2.460557985297852e-11
01051009080,010-5100-9080,original,1.00000000030826,159,-5.776517603631928e-14
01051009080,010-5100-9080,original,1.00000000030826,160,1.0603541231310027e-10
01051009080,010-5100-9080,original,1.00000000030826,161,3.699139803356592e-11
01051009080,010-5100-9080,original,1.00000000030826,162,1.616981797418529e-10
01051009080,010-5100-9080,original,1.00000000030826,163,5.4666436103158684e-11
01051009080,010-5100-9080,original,1.00000000030826,164,-1.034924116042322e-10
01051009080,010-5100-9080,original,1.00000000030826,165,2.7451493524167604e-10
01051009080,010-5100-9080,original,1.00000000030826,166,8.478925137345588e-11
01051009080,010-5100-9080,original,1.00000000030826,167,6.463748124915265e-10
01051009080,010-5100-9080,original,1.00000000030826,168,-3.557269341283204e-11
01051009080,010-5100-9080,original,1.00000000030826,169,-1.8041919704854474e-11
01051009080,010-5100-9080,original,1.00000000030826,170,-1.7227873983757752e-10
01051009080,010-5100-9080,original,1.00000000030826,171,-1.463359917141418e-10
01051009080,010-5100-9080,original,1.00000000030826,172,1.6981955817630482e-10
01051009080,010-5100-9080,original,1.00000000030826,173,-2.8556354336453725e-11
01051009080,010-5100-9080,original,1.00000000030826,174,6.068640952252644e-11
01051009080,010-5100-9080,original,1.00000000030826,175,3.706864784596934e-10
01051009080,010-5100-9080,original,1.00000000030826,176,1.0478298712626688e-11
01051009080,010-5100-9080,original,1.00000000030826,177,1.5960341255587191e-10
01051009080,010-5100-9080,original,1.00000000030826,178,-1.8301899395029744e-10
01051009080,010-5100-9080,original,1.00000000030826,179,-2.9680898070227286e-10
01051009080,010-5100-9080,original,1.00000000030826,180,-4.8266004638025867e-11
01051009080,010-5100-9080,original,1.00000000030826,181,0.9999997296928528
01051009080,010-5100-9080,original,1.00000000030826,182,0.9999997221989585
01051009080,010-5100-9080,original,1.00000000030826,183,0.9999996880095015
01051009080,010-5100-9080,original,1.00000000030826,184,1.986848518081963e-11
01051009080,010-5100-9080,original,1.00000000030826,185,-1.1271173561097931e-10
01051009080,010-5100-9080,original,1.00000000030826,186,1.1685452535620774e-10
01051009080,010-5100-9080,original,1.00000000030826,187,2.8610624448723178e-11
01051009080,010-5100-9080,original,1.00000000030826,188,8.435693963090562e-12
01051009080,010-5100-9080,original,1.00000000030826,189,-1.3148331001240782e-10
01051009080,010-5100-9080,original,1.00000000030826,190,-4.747145308895137e-11
01051009080,010-5100-9080,original,1.00000000030826,191,2.0741849519354936e-11
01051009080,010-5100-9080,original,1.00000000030826,192,-4.6899161148091736e-11
01051009080,010-5100-9080,original,1.00000000030826,193,2.2785631888288408e-10
01051009080,010-5100-9080,original,1.00000000030826,194,-1.497093568616963e-11
01051009080,010-5100-9080,original,1.00000000030826,195,-1.1102246385800249e-10
01051009080,010-5100-9080,original,1.00000000030826,196,3.042592648358533e-11
01051009080,010-5100-9080,original,1.00000000030826,197,3.1716730458813534e-10
01051009080,010-5100-9080,original,1.00000000030826,198,7.424681009632602e-11
01051009080,010-5100-9080,original,1.00000000030826,199,-1.8808841591592814e-10
01051009080,010-5100-9080,original,1.00000000030826,200,-5.31595794963403e-11
01051009080,010-5100-9080,original,1.00000000030826,201,7.070884221498149e-11
01051009080,010-5100-9080,original,1.00000000030826,202,3.538638560745594e-10
01051009080,010-5100-9080,original,1.00000000030826,203,3.670323045976438e-11
01051009081,010-5100-9081,"one digit, last group",-1.8467650810397242e-10,0,1.1400700478181032e-11
01051009081,010-5100-9081,"one digit, last group",-1.8467650810397242e-10,1,-4.836671030814606e-11
01051009081,010-5100-9081,"one digit, last group",-1.8467650810397242e-10,2,2.518672048949665e-10
01051009081,010-5100-9081,"one digit, last group",-1.8467650810397242e-10,3,-3.6046526815800235e-11
01051009081,010-5100-9081,"one digit, last group",-1.8467650810397242e-10,4,4.658680235943659e-10
01051009081,010-5100-9081,"one digit, last group",-1.8467650810397242e-10,5,-2.4925782025144138e-11
01051009081,010-5100-9081,"one digit, last group",-1.8467650810397242e-10,6,-2.9094568231902e-10
01051009081,010-5100-9081,"one digit, last group",-1.8467650810397242e-10,7,7.161187172915688e-11
01051009081,010-5100-9081,"one digit, last group",-1.8467650810397242e-10,8,-1.923993549832593e-10
01051009081,010-5100-9081,"one digit, last group",-1.8467650810397242e-10,9,1.0887151326951294e-10
01051009081,010-5100-9081,"one digit, last group",-1.8467650810397242e-10,10,2.2586463859565527e-12
01051009081,010-5100-9081,"one digit, last group",-1.8467650810397242e-10,11,1.4049448051432294e-10
01051009081,010-5100-9081,"one digit, last group",-1.8467650810397242e-10,12,9.328380841492573e-12
01051009081,010-5100-9081,"one digit, last group",-1.8467650810397242e-10,13,-9.563718364465462e-11
01051009081,010-5100-9081,"one digit, last group",-1.8467650810397242e-10,14,2.959146649482608e-11
01051009081,010-5100-9081,"one digit, last group",-1.8467650810397242e-10,15,6.673495468018022e-11
01051009081,010-5100-9081,"one digit, last group",-1.8467650810397242e-10,16,1.5912438441464547e-10
01051009081,010-5100-9081,"one digit, last group",-1.8467650810397242e-10,17,7.562682799946324e-11
01051009081,010-5100-9081,"one digit, last group",-1.8467650810397242e-10,18,1.0067819365814824e-10
01051009081,010-5100-9081,"one digit, last group",-1.8467650810397242e-10,19,-8.087829575611017e-11
01051009081,010-5100-9081,"one digit, last group",-1.8467650810397242e-10,20,3.5270825470713257e-11
01051009081,010-5100-9081,"one digit, last group",-1.8467650810397242e-10,21,-1.3306106958400768e-10
01051009081,010-5100-9081,"one digit, last group",-1.8467650810397242e-10,22,1.1448706347856661e-10
01051009081,010-5100-9081,"one digit, last group",-1.8467650810397242e-10,23,9.05756607193414e-11
01051009081,010-5100-9081,"one digit, last group",-1.8467650810397242e-10,24,-3.686407956335026e-10
01051009081,010-5100-9081,"one digit, last group",-1.8467650810397242e-10,25,-1.174691483536163e-10
01051009081,010-5100-9081,"one digit, last group",-1.8467650810397242e-10,26,-3.504401109169391e-11
01051009081,010-5100-9081,"one digit, last group",-1.8467650810397242e-10,27,-2.5087424272975176e-11
01051009081,010-5100-9081,"one digit, last group",-1.8467650810397242e-10,28,-8.886110643232239e-11
01051009081,010-5100-9081,"one digit, last group",-1.8467650810397242e-10,29,8.413997597069828e-11
01051009081,010-5100-9081,"one digit, last group",-1.8467650810397242e-10,30,-2.8592287862373196e-11
01051009081,010-5100-9081,"one digit, last group",-1.8467650810397242e-10,31,6.180175984595592e-11
01051009081,010-5100-9081,"one digit, last group",-1.8467650810397242e-10,32,1.0412761375700224e-10
01051009081,010-5100-9081,"one digit, last group",-1.8467650810397242e-10,33,7.727622675151117e-10
01051009081,010-5100-9081,"one digit, last group",-1.8467650810397242e-10,34,-1.1322364820509348e-10
01051009081,010-5100-9081,"one digit, last group",-1.8467650810397242e-10,35,5.7019521882771695e-11
01051009081,010-5100-9081,"one digit, last group",-1.8467650810397242e-10,36,-6.7525575629977e-11
01051009081,010-5100-9081,"one digit, last group",-1.8467650810397242e-10,37,-5.4450240119197165e-11
01051009081,010-5100-9081,"one digit, last group",-1.8467650810397242e-10,38,8.196429281005454e-11
01051009081,010-5100-9081,"one digit, last group",-1.8467650810397242e-10,39,-2.3905105163416454e-11
01051009081,010-5100-9081,"one digit, last group",-1.8467650810397242e-10,40,-4.1980964957557364e-10
01051009081,010-5100-9081,"one digit, last group",-1.8467650810397242e-10,41,-2.7485317023731816e-11
01051009081,010-5100-9081,"one digit, last group",-1.8467650810397242e-10,42,4.081898443652265e-11
01051009081,010-5100-9081,"one digit, last group",-1.8467650810397242e-10,43,-6.566496677904649e-11
01051009081,010-5100-9081,"one digit, last group",-1.8467650810397242e-10,44,4.665783696363389e-11
01051009081,010-5100-9081,"one digit, last group",-1.8467650810397242e-10,45,3.009449683384354e-10
01051009081,010-5100-9081,"one digit, last group",-1.8467650810397242e-10,46,4.041829437711222e-11
01051009081,010-5100-9081,"one digit, last group",-1.8467650810397242e-10,47,1.3278429221329475e-10
01051009081,010-5100-9081,"one digit, last group",-1.8467650810397242e-10,48,3.476827349896199e-10
01051009081,010-5100-9081,"one digit, last group",-1.8467650810397242e-10,49,-2.2982083166548868e-10
01051009081,010-5100-9081,"one digit, last group",-1.8467650810397242e-10,50,-1.7352138791732054e-10
01051009081,010-5100-9081,"one digit, last group",-1.8467650810397242e-10,51,-4.045696580357086e-11
01051009081,010-5100-9081,"one digit, last group",-1.8467650810397242e-10,52,5.694476514280696e-11
01051009081,010-5100-9081,"one digit, last group",-1.8467650810397242e-10,53,4.9240370156973415e-11
01051009081,010-5100-9081,"one digit, last group",-1.8467650810397242e-10,54,-1.6312051153693952e-11
01051009081,010-5100-9081,"one digit, last group",-1.8467650810397242e-10,55,5.374985392503837e-10
01051009081,010-5100-9081,"one digit, last group",-1.8467650810397242e-10,56,-1.0038227172233846e-10
01051009081,010-5100-9081,"one digit, last group",-1.8467650810397242e-10,57,4.403303026308751e-11
01051009081,010-5100-9081,"one digit, last group",-1.8467650810397242e-10,58,9.454838115360035e-12
01051009081,010-5100-9081,"one digit, last group",-1.8467650810397242e-10,59,7.470483118276826e-11
01051009081,010-5100-9081,"one digit, last group",-1.8467650810397242e-10,60,9.138547790133109e-11
01051009081,010-5100-9081,"one digit, last group",-1.8467650810397242e-10,61,2.0649777759439835e-10
01051009081,010-5100-9081,"one digit, last group",-1.8467650810397242e-10,62,3.242300482639412e-10
01051009081,010-5100-9081,"one digit, last group",-1.8467650810397242e-10,63,5.1513660796469495e-12
01051009081,010-5100-9081,"one digit, last group",-1.8467650810397242e-10,64,6.030501695840289e-11
01051009081,010-5100-9081,"one digit, last group",-1.8467650810397242e-10,65,3.2467468892570123e-12
01051009081,010-5100-9081,"one digit, last group",-1.8467650810397242e-10,66,-8.696090821468949e-10
01051009081,010-5100-9081,"one digit, last group",-1.8467650810397242e-10,67,7.741810727304122e-11
01051009081,010-5100-9081,"one digit, last group",-1.8467650810397242e-10,68,-3.072757690454051e-11
01051009081,010-5100-9081,"one digit, last group",-1.8467650810397242e-10,69,1.6597202620805827e-10
01051009081,010-5100-9081,"one digit, last group",-1.8467650810397242e-10,70,1.219166139111137e-10
01051009081,010-5100-9081,"one digit, last group",-1.8467650810397242e-10,71,-5.391300560936849e-11
01051009081,010-5100-9081,"one digit, last group",-1.8467650810397242e-10,72,-6.845068552653278e-13
01051009081,010-5100-9081,"one digit, last group",-1.8467650810397242e-10,73,-6.16337257015989e-11
01051009081,010-5100-9081,"one digit, last group",-1.8467650810397242e-10,74,-2.924051648130694e-10
01051009081,010-5100-9081,"one digit, last group",-1.8467650810397242e-10,75,-7.679763899458744e-11
01051009081,010-5100-9081,"one digit, last group",-1.8467650810397242e-10,76,9.670049318267122e-12
01051009081,010-5100-9081,"one digit, last group",-1.8467650810397242e-10,77,-6.688406107915444e-11
01051009081,010-5100-9081,"one digit, last group",-1.8467650810397242e-10,78,3.9598549302894403e-10
01051009081,010-5100-9081,"one digit, last group",-1.8467650810397242e-10,79,-1.1621140183742437e-10
01051009081,010-5100-9081,"one digit, last group",-1.8467650810397242e-10,80,9.866771676726828e-11
01051009081,010-5100-9081,"one digit, last group",-1.8467650810397242e-10,81,3.44474763476001e-11
01051009081,010-5100-9081,"one digit, last group",-1.8467650810397242e-10,82,1.0439544641640468e-10
01051009081,010-5100-9081,"one digit, last group",-1.8467650810397242e-10,83,-4.0302455745053734e-11
01051009081,010-5100-9081,"one digit, last group",-1.8467650810397242e-10,84,-1.65577101595748e-10
01051009081,010-5100-9081,"one digit, last group",-1.8467650810397242e-10,85,1.3460128727331348e-11
01051009081,010-5100-9081,"one digit, last group",-1.8467650810397242e-10,86,4.6498351028656773e-10
01051009081,010-5100-9081,"one digit, last group",-1.8467650810397242e-10,87,1.2911673112950518e-10
01051009081,010-5100-9081,"one digit, last group",-1.8467650810397242e-10,88,5.858315148972205e-11
01051009081,010-5100-9081,"one digit, last group",-1.8467650810397242e-10,89,5.5338027502545146e-11
01051009081,010-5100-9081,"one digit, last group",-1.8467650810397242e-10,90,9.368852746559096e-11
01051009081,010-5100-9081,"one digit, last group",-1.8467650810397242e-10,91,1.5894649137376428e-10
01051009081,010-5100-9081,"one digit, last group",-1.8467650810397242e-10,92,2.4902178281437498e-11
01051009081,010-5100-9081,"one digit, last group",-1.8467650810397242e-10,93,1.2001919397238318e-10
01051009081,010-5100-9081,"one digit, last group",-1.8467650810397242e-10,94,-1.108672545380988e-10
01051009081,010-5100-9081,"one digit, last group",-1.8467650810397242e-10,95,-2.8492063931610044e-11
01051009081,010-5100-9081,"one digit, last group",-1.8467650810397242e-10,96,3.011297858574537e-10
01051009081,010-5100-9081,"one digit, last group",-1.8467650810397242e-10,97,1.9043749652251148e-10
01051009081,010-5100-9081,"one digit, last group",-1.8467650810397242e-10,98,-3.613274440412143e-11
01051009081,010-5100-9081,"one digit, last group",-1.8467650810397242e-10,99,5.3819576071636855e-11
01051009081,010-5100-9081,"one digit, last group",-1.8467650810397242e-10,100,6.825964309775495e-11
01051009081,010-5100-9081,"one digit, last group",-1.8467650810397242e-10,101,-9.227811168193953e-11
01051009081,010-5100-9081,"one digit, last group",-1.8467650810397242e-10,102,-1.911209905350137e-10
01051009081,010-5100-9081,"one digit, last group",-1.8467650810397242e-10,103,2.0477092227165773e-10
01051009081,010-5100-9081,"one digit, last group",-1.8467650810397242e-10,104,8.797911921274809e-11
01051009081,010-5100-9081,"one digit, last group",-1.8467650810397242e-10,105,4.247007630338157e-11
01051009081,010-5100-9081,"one digit, last group",-1.8467650810397242e-10,106,-1.8608455721017093e-11
01051009081,010-5100-9081,"one digit, last group",-1.8467650810397242e-10,107,-7.854484196264862e-11
01051009081,010-5100-9081,"one digit, last group",-1.8467650810397242e-10,108,5.3441272085445595e-11
01051009081,010-5100-9081,"one digit, last group",-1.8467650810397242e-10,109,-1.94340577418805e-10
01051009081,010-5100-9081,"one digit, last group",-1.8467650810397242e-10,110,-3.621263311217528e-11
01051009081,010-5100-9081,"one digit, last group",-1.8467650810397242e-10,111,-1.9604354809092048e-11
01051009081,010-5100-9081,"one digit, last group",-1.8467650810397242e-10,112,1.4797552472722932e-10
01051009081,010-5100-9081,"one digit, last group",-1.8467650810397242e-10,113,3.4517926095637024e-12
01051009081,010-5100-9081,"one digit, last group",-1.8467650810397242e-10,114,2.959711728017276e-11
01051009081,010-5100-9081,"one digit, last group",-1.8467650810397242e-10,115,-1.8658387861149233e-11
01051009081,010-5100-9081,"one digit, last group",-1.8467650810397242e-10,116,5.968987821834812e-12
01051009081,010-5100-9081,"one digit, last group",-1.8467650810397242e-10,117,8.809090035400102e-11
01051009081,010-5100-9081,"one digit, last group",-1.8467650810397242e-10,118,-4.2027914423891064e-10
01051009081,010-5100-9081,"one digit, last group",-1.8467650810397242e-10,119,-1.4493535877897536e-10
01051009081,010-5100-9081,"one digit, last group",-1.8467650810397242e-10,120,-1.1590961884999802e-10
01051009081,010-5100-9081,"one digit, last group",-1.8467650810397242e-10,121,3.7410387110276127e-10
01051009081,010-5100-9081,"one digit, last group",-1.8467650810397242e-10,122,1.481404753169471e-10
01051009081,010-5100-9081,"one digit, last group",-1.8467650810397242e-10,123,9.991463381757547e-11
01051009081,010-5100-9081,"one digit, last group",-1.8467650810397242e-10,124,-4.313701492475019e-10
01051009081,010-5100-9081,"one digit, last group",-1.8467650810397242e-10,125,-2.821256154935506e-10
01051009081,010-5100-9081,"one digit, last group",-1.8467650810397242e-10,126,-4.7555115014864474e-11
01051009081,010-5100-9081,"one digit, last group",-1.8467650810397242e-10,127,-9.74624872539421e-11
01051009081,010-5100-9081,"one digit, last group",-1.8467650810397242e-10,128,-3.1992291459846603e-12
01051009081,010-5100-9081,"one digit, last group",-1.8467650810397242e-10,129,-9.17559161854049e-11
01051009081,010-5100-9081,"one digit, last group",-1.8467650810397242e-10,130,-1.4672510128377786e-11
01051009081,010-5100-9081,"one digit, last group",-1.8467650810397242e-10,131,-1.73476797742057e-10
01051009081,010-5100-9081,"one digit, last group",-1.8467650810397242e-10,132,-3.10288276493392e-11
01051009081,010-5100-9081,"one digit, last group",-1.8467650810397242e-10,133,-4.656921789305167e-11
01051009081,010-5100-9081,"one digit, last group",-1.8467650810397242e-10,134,1.1083576547931647e-10
01051009081,010-5100-9081,"one digit, last group",-1.8467650810397242e-10,135,1.3297884976995969e-10
01051009081,010-5100-9081,"one digit, last group",-1.8467650810397242e-10,136,-1.6294211484995869e-12
01051009081,010-5100-9081,"one digit, last group",-1.8467650810397242e-10,137,-1.6587939426340672e-12
01051009081,010-5100-9081,"one digit, last group",-1.8467650810397242e-10,138,1.7604051805916044e-10
01051009081,010-5100-9081,"one digit, last group",-1.8467650810397242e-10,139,-3.8306917998389944e-11
01051009081,010-5100-9081,"one digit, last group",-1.8467650810397242e-10,140,1.4307533186013644e-11
01051009081,010-5100-9081,"one digit, last group",-1.8467650810397242e-10,141,2.4079052084749705e-11
01051009081,010-5100-9081,"one digit, last group",-1.8467650810397242e-10,142,-2.0249418054682361e-10
01051009081,010-5100-9081,"one digit, last group",-1.8467650810397242e-10,143,7.508979577593826e-11
01051009081,010-5100-9081,"one digit, last group",-1.8467650810397242e-10,144,7.921857090188381e-11
01051009081,010-5100-9081,"one digit, last group",-1.8467650810397242e-10,145,-3.519099332909352e-11
01051009081,010-5100-9081,"one digit, last group",-1.8467650810397242e-10,146,1.0258899076959962e-10
01051009081,010-5100-9081,"one digit, last group",-1.8467650810397242e-10,147,4.052502274064873e-11
01051009081,010-5100-9081,"one digit, last group",-1.8467650810397242e-10,148,-5.267974633091795e-11
01051009081,010-5100-9081,"one digit, last group",-1.8467650810397242e-10,149,2.869403898366729e-12
01051009081,010-5100-9081,"one digit, last group",-1.8467650810397242e-10,150,1.409111322959553e-10
01051009081,010-5100-9081,"one digit, last group",-1.8467650810397242e-10,151,2.5133982696845343e-11
01051009081,010-5100-9081,"one digit, last group",-1.8467650810397242e-10,152,2.6495027865827616e-11
01051009081,010-5100-9081,"one digit, last group",-1.8467650810397242e-10,153,-2.1585246041278133e-10
01051009081,010-5100-9081,"one digit, last group",-1.8467650810397242e-10,154,5.02574546919241e-11
01051009081,010-5100-9081,"one digit, last group",-1.8467650810397242e-10,155,-7.951506330901307e-11
01051009081,010-5100-9081,"one digit, last group",-1.8467650810397242e-10,156,4.467989128446298e-11
01051009081,010-5100-9081,"one digit, last group",-1.8467650810397242e-10,157,-2.6959510937953278e-11
01051009081,010-5100-9081,"one digit, last group",-1.8467650810397242e-10,158,7.784042126994106e-11
01051009081,010-5100-9081,"one digit, last group",-1.8467650810397242e-10,159,1.1410034094285695e-10
01051009081,010-5100-9081,"one digit, last group",-1.8467650810397242e-10,160,-1.2571271361372752e-11
01051009081,010-5100-9081,"one digit, last group",-1.8467650810397242e-10,161,2.3905461530180914e-11
01051009081,010-5100-9081,"one digit, last group",-1.8467650810397242e-10,162,-2.206299020800994e-11
01051009081,010-5100-9081,"one digit, last group",-1.8467650810397242e-10,163,-4.986217556600859e-11
01051009081,010-5100-9081,"one digit, last group",-1.8467650810397242e-10,164,1.0493738668896451e-10
01051009081,010-5100-9081,"one digit, last group",-1.8467650810397242e-10,165,1.3538361302127068e-10
01051009081,010-5100-9081,"one digit, last group",-1.8467650810397242e-10,166,-1.6390707770927777e-11
01051009081,010-5100-9081,"one digit, last group",-1.8467650810397242e-10,167,3.312473108219102e-10
01051009081,010-5100-9081,"one digit, last group",-1.8467650810397242e-10,168,-1.3528629990199617e-10
01051009081,010-5100-9081,"one digit, last group",-1.8467650810397242e-10,169,-2.992456658264357e-10
01051009081,010-5100-9081,"one digit, last group",-1.8467650810397242e-10,170,3.986828675999767e-11
01051009081,010-5100-9081,"one digit, last group",-1.8467650810397242e-10,171,9.324395936930488e-11
01051009081,010-5100-9081,"one digit, last group",-1.8467650810397242e-10,172,1.2085774061056376e-11
01051009081,010-5100-9081,"one digit, last group",-1.8467650810397242e-10,173,1.0414560718288857e-10
01051009081,010-5100-9081,"one digit, last group",-1.8467650810397242e-10,174,1.5290917805887522e-12
01051009081,010-5100-9081,"one digit, last group",-1.8467650810397242e-10,175,-4.886610118417868e-10
01051009081,010-5100-9081,"one digit, last group",-1.8467650810397242e-10,176,-1.3131235654113897e-11
01051009081,010-5100-9081,"one digit, last group",-1.8467650810397242e-10,177,5.218276364401952e-10
01051009081,010-5100-9081,"one digit, last group",-1.8467650810397242e-10,178,2.0336838933802905e-10
01051009081,010-5100-9081,"one digit, last group",-1.8467650810397242e-10,179,-6.187091227050507e-10
01051009081,010-5100-9081,"one digit, last group",-1.8467650810397242e-10,180,-1.2337210118299621e-11
01051009081,010-5100-9081,"one digit, last group",-1.8467650810397242e-10,181,6.697434381100571e-09
01051009081,010-5100-9081,"one digit, last group",-1.8467650810397242e-10,182,-3.784146404154284e-09
01051009081,010-5100-9081,"one digit, last group",-1.8467650810397242e-10,183,-1.035947799384423e-09
01051009081,010-5100-9081,"one digit, last group",-1.8467650810397242e-10,184,4.686344363799547e-12
01051009081,010-5100-9081,"one digit, last group",-1.8467650810397242e-10,185,9.323995327786767e-11
01051009081,010-5100-9081,"one digit, last group",-1.8467650810397242e-10,186,5.50373424159774e-11
01051009081,010-5100-9081,"one digit, last group",-1.8467650810397242e-10,187,1.9307134864046504e-11
01051009081,010-5100-9081,"one digit, last group",-1.8467650810397242e-10,188,-1.1368804668096519e-10
01051009081,010-5100-9081,"one digit, last group",-1.8467650810397242e-10,189,1.9783595934694078e-10
01051009081,010-5100-9081,"one digit, last group",-1.8467650810397242e-10,190,-9.365097046337971e-11
01051009081,010-5100-9081,"one digit, last group",-1.8467650810397242e-10,191,-6.283015271545706e-12
01051009081,010-5100-9081,"one digit, last group",-1.8467650810397242e-10,192,1.1953315683506945e-10
01051009081,010-5100-9081,"one digit, last group",-1.8467650810397242e-10,193,6.062553328735775e-10
01051009081,010-5100-9081,"one digit, last group",-1.8467650810397242e-10,194,-1.702056725722385e-11
01051009081,010-5100-9081,"one digit, last group",-1.8467650810397242e-10,195,-2.303071102762152e-10
01051009081,010-5100-9081,"one digit, last group",-1.8467650810397242e-10,196,9.66709585675329e-11
01051009081,010-5100-9081,"one digit, last group",-1.8467650810397242e-10,197,1.2194176138056858e-10
01051009081,010-5100-9081,"one digit, last group",-1.8467650810397242e-10,198,-1.0304596018274144e-10
01051009081,010-5100-9081,"one digit, last group",-1.8467650810397242e-10,199,2.2107609731026176e-10
01051009081,010-5100-9081,"one digit, last group",-1.8467650810397242e-10,200,-1.0802899548380683e-11
01051009081,010-5100-9081,"one digit, last group",-1.8467650810397242e-10,201,-7.17381877087275e-11
01051009081,010-5100-9081,"one digit, last group",-1.8467650810397242e-10,202,-3.8112958938929125e-10
01051009081,010-5100-9081,"one digit, last group",-1.8467650810397242e-10,203,-3.141878158039777e-12
01052001582,010-5200-1582,original,1.0000000001761007,0,-6.546707296569544e-11
01052001582,010-5200-1582,original,1.0000000001761007,1,-2.1204496362356615e-10
01052001582,010-5200-1582,original,1.0000000001761007,2,2.951194032653719e-10
01052001582,010-5200-1582,original,1.0000000001761007,3,2.6046109797929987e-11
01052001582,010-5200-1582,original,1.0000000001761007,4,-2.4694799970672737e-11
01052001582,010-5200-1582,original,1.0000000001761007,5,6.267318117233692e-12
01052001582,010-5200-1582,original,1.0000000001761007,6,4.553790756840359e-11
01052001582,010-5200-1582,original,1.0000000001761007,7,-1.086398518569691e-10
01052001582,010-5200-1582,original,1.0000000001761007,8,1.618276093400218e-10
01052001582,010-5200-1582,original,1.0000000001761007,9,2.641290230402188e-11
01052001582,010-5200-1582,original,1.0000000001761007,10,5.281894328522896e-11
01052001582,010-5200-1582,original,1.0000000001761007,11,-1.2815096426772787e-12
01052001582,010-5200-1582,original,1.0000000001761007,12,1.0796687378064228e-12
01052001582,010-5200-1582,original,1.0000000001761007,13,-5.869859413044989e-11
01052001582,010-5200-1582,original,1.0000000001761007,14,-9.862153992077282e-12
01052001582,010-5200-1582,original,1.0000000001761007,15,1.8031406748329005e-11
01052001582,010-5200-1582,original,1.0000000001761007,16,-4.1185845759226664e-10
01052001582,010-5200-1582,original,1.0000000001761007,17,1.3233012935868685e-10
01052001582,010-5200-1582,original,1.0000000001761007,18,-3.942538266196923e-11
01052001582,010-5200-1582,original,1.0000000001761007,19,2.505123346326492e-11
01052001582,010-5200-1582,original,1.0000000001761007,20,-7.667875301942808e-11
01052001582,010-5200-1582,original,1.0000000001761007,21,-1.1500920432609988e-10
01052001582,010-5200-1582,original,1.0000000001761007,22,2.160854943556276e-10
01052001582,010-5200-1582,original,1.0000000001761007,23,-1.7459594125149966e-11
01052001582,010-5200-1582,original,1.0000000001761007,24,-4.115033538184267e-10
01052001582,010-5200-1582,original,1.0000000001761007,25,-6.097368989341598e-11
01052001582,010-5200-1582,original,1.0000000001761007,26,-1.7608302726484932e-10
01052001582,010-5200-1582,original,1.0000000001761007,27,1.233792329481876e-10
01052001582,010-5200-1582,original,1.0000000001761007,28,2.206954304741126e-11
01052001582,010-5200-1582,original,1.0000000001761007,29,5.372318680016298e-11
01052001582,010-5200-1582,original,1.0000000001761007,30,-2.918450006667587e-10
01052001582,010-5200-1582,original,1.0000000001761007,31,7.389097923988852e-11
01052001582,010-5200-1582,original,1.0000000001761007,32,9.374000154470259e-11
01052001582,010-5200-1582,original,1.0000000001761007,33,6.693196596071512e-11
01052001582,010-5200-1582,original,1.0000000001761007,34,-1.3788378200039854e-10
01052001582,010-5200-1582,original,1.0000000001761007,35,-9.813784345552752e-12
01052001582,010-5200-1582,original,1.0000000001761007,36,6.170306531573274e-11
01052001582,010-5200-1582,original,1.0000000001761007,37,-9.122219243174111e-11
01052001582,010-5200-1582,original,1.0000000001761007,38,1.8495764632940366e-11
01052001582,010-5200-1582,original,1.0000000001761007,39,-1.1282969056308386e-10
01052001582,010-5200-1582,original,1.0000000001761007,40,-8.444523556603726e-11
01052001582,010-5200-1582,original,1.0000000001761007,41,9.700550761664708e-11
01052001582,010-5200-1582,original,1.0000000001761007,42,-3.645765752875873e-11
01052001582,010-5200-1582,original,1.0000000001761007,43,-9.979494009745106e-11
01052001582,010-5200-1582,original,1.0000000001761007,44,2.3031679224998478e-11
01052001582,010-5200-1582,original,1.0000000001761007,45,-1.7588493712764754e-11
01052001582,010-5200-1582,original,1.0000000001761007,46,-1.9023872698324583e-11
01052001582,010-5200-1582,original,1.0000000001761007,47,-8.501243085285301e-11
01052001582,010-5200-1582,original,1.0000000001761007,48,-2.415923714368122e-10
01052001582,010-5200-1582,original,1.0000000001761007,49,9.438319970051856e-11
01052001582,010-5200-1582,original,1.0000000001761007,50,-5.78104570660702e-11
01052001582,010-5200-1582,original,1.0000000001761007,51,6.601410002438447e-11
01052001582,010-5200-1582,original,1.0000000001761007,52,-1.602043845795801e-10
01052001582,010-5200-1582,original,1.0000000001761007,53,2.9310457412076397e-11
01052001582,010-5200-1582,original,1.0000000001761007,54,7.661772009505085e-12
01052001582,010-5200-1582,original,1.0000000001761007,55,-1.1033794293110512e-10
01052001582,010-5200-1582,original,1.0000000001761007,56,-1.1992850009764128e-10
01052001582,010-5200-1582,original,1.0000000001761007,57,-5.857933364468543e-11
01052001582,010-5200-1582,original,1.0000000001761007,58,-5.850709932710794e-11
01052001582,010-5200-1582,original,1.0000000001761007,59,1.930884930747805e-10
01052001582,010-5200-1582,original,1.0000000001761007,60,1.447789631683381e-10
01052001582,010-5200-1582,original,1.0000000001761007,61,-1.6700629127191741e-10
01052001582,010-5200-1582,original,1.0000000001761007,62,-3.6090492281199156e-10
01052001582,010-5200-1582,original,1.0000000001761007,63,-9.200787053301825e-11
01052001582,010-5200-1582,original,1.0000000001761007,64,3.4327123174233317e-12
01052001582,010-5200-1582,original,1.0000000001761007,65,-8.129030012400266e-11
01052001582,010-5200-1582,original,1.0000000001761007,66,2.310198264266905e-10
01052001582,010-5200-1582,original,1.0000000001761007,67,1.5519279642842068e-11
01052001582,010-5200-1582,original,1.0000000001761007,68,-1.876375145883187e-10
01052001582,010-5200-1582,original,1.0000000001761007,69,9.393597287960638e-11
01052001582,010-5200-1582,original,1.0000000001761007,70,1.768250474027338e-11
01052001582,010-5200-1582,original,1.0000000001761007,71,6.259480405385705e-11
01052001582,010-5200-1582,original,1.0000000001761007,72,3.7236451336057005e-12
01052001582,010-5200-1582,original,1.0000000001761007,73,8.194333076379639e-11
01052001582,010-5200-1582,original,1.0000000001761007,74,-1.7670849198643585e-10
01052001582,010-5200-1582,original,1.0000000001761007,75,-1.0069155457317129e-10
01052001582,010-5200-1582,original,1.0000000001761007,76,-4.8712100711211134e-11
01052001582,010-5200-1582,original,1.0000000001761007,77,6.146998091125293e-11
01052001582,010-5200-1582,original,1.0000000001761007,78,2.2290167165031228e-11
01052001582,010-5200-1582,original,1.0000000001761007,79,-1.3533508263647757e-10
01052001582,010-5200-1582,original,1.0000000001761007,80,-1.0817154541154428e-10
01052001582,010-5200-1582,original,1.0000000001761007,81,1.0974854719285448e-11
01052001582,010-5200-1582,original,1.0000000001761007,82,-3.1151798804375116e-10
01052001582,010-5200-1582,original,1.0000000001761007,83,3.171289461077338e-11
01052001582,010-5200-1582,original,1.0000000001761007,84,-8.265121775429038e-11
01052001582,010-5200-1582,original,1.0000000001761007,85,1.4169102648204871e-11
01052001582,010-5200-1582,original,1.0000000001761007,86,1.4361423364975726e-10
01052001582,010-5200-1582,original,1.0000000001761007,87,-4.080467293897008e-11
01052001582,010-5200-1582,original,1.0000000001761007,88,1.0944300196899417e-10
01052001582,010-5200-1582,original,1.0000000001761007,89,4.184331158313174e-10
01052001582,010-5200-1582,original,1.0000000001761007,90,-2.1719663668197012e-10
01052001582,010-5200-1582,original,1.0000000001761007,91,-8.837223430924196e-11
01052001582,010-5200-1582,original,1.0000000001761007,92,1.0273138792963422e-10
01052001582,010-5200-1582,original,1.0000000001761007,93,-1.8430831903590553e-10
01052001582,010-5200-1582,original,1.0000000001761007,94,-3.137829104211253e-11
01052001582,010-5200-1582,original,1.0000000001761007,95,-7.036298877507376e-11
01052001582,010-5200-1582,original,1.0000000001761007,96,4.060975135900652e-11
01052001582,010-5200-1582,original,1.0000000001761007,97,-2.1315810780089316e-10
01052001582,010-5200-1582,original,1.0000000001761007,98,9.771152127359218e-11
01052001582,010-5200-1582,original,1.0000000001761007,99,-8.398094455266954e-11
01052001582,010-5200-1582,original,1.0000000001761007,100,2.3682828013644144e-11
01052001582,010-5200-1582,original,1.0000000001761007,101,-1.1760084592922872e-10
01052001582,010-5200-1582,original,1.0000000001761007,102,4.765620689849203e-10
01052001582,010-5200-1582,original,1.0000000001761007,103,7.510031667738241e-12
01052001582,010-5200-1582,original,1.0000000001761007,104,3.70357900043424e-10
01052001582,010-5200-1582,original,1.0000000001761007,105,-1.5646988547279202e-10
01052001582,010-5200-1582,original,1.0000000001761007,106,-4.292619485387761e-11
01052001582,010-5200-1582,original,1.0000000001761007,107,-9.402733628734796e-13
01052001582,010-5200-1582,original,1.0000000001761007,108,-7.323394155668351e-11
01052001582,010-5200-1582,original,1.0000000001761007,109,-1.2571463194081738e-10
01052001582,010-5200-1582,original,1.0000000001761007,110,-2.042612184685994e-10
01052001582,010-5200-1582,original,1.0000000001761007,111,1.7765719460510837e-10
01052001582,010-5200-1582,original,1.0000000001761007,112,-2.1323284613896422e-10
01052001582,010-5200-1582,original,1.0000000001761007,113,-7.478800622333513e-12
01052001582,010-5200-1582,original,1.0000000001761007,114,2.1593986369976808e-10
01052001582,010-5200-1582,original,1.0000000001761007,115,2.333417670945874e-11
01052001582,010-5200-1582,original,1.0000000001761007,116,-1.995678263027572e-11
01052001582,010-5200-1582,original,1.0000000001761007,117,-1.7396624493614258e-10
01052001582,010-5200-1582,original,1.0000000001761007,118,1.049533550350751e-10
01052001582,010-5200-1582,original,1.0000000001761007,119,1.4800802520471185e-10
01052001582,010-5200-1582,original,1.0000000001761007,120,8.109809136106612e-11
01052001582,010-5200-1582,original,1.0000000001761007,121,-1.6759916627491592e-12
01052001582,010-5200-1582,original,1.0000000001761007,122,-1.6770171529137555e-10
01052001582,010-5200-1582,original,1.0000000001761007,123,-5.175440393622409e-11
01052001582,010-5200-1582,original,1.0000000001761007,124,1.2367063258578853e-10
01052001582,010-5200-1582,original,1.0000000001761007,125,-7.923484944943956e-11
01052001582,010-5200-1582,original,1.0000000001761007,126,-2.876123855226949e-11
01052001582,010-5200-1582,original,1.0000000001761007,127,4.3760146652691444e-11
01052001582,010-5200-1582,original,1.0000000001761007,128,-3.243323012720111e-10
01052001582,010-5200-1582,original,1.0000000001761007,129,-1.6223610552186465e-10
01052001582,010-5200-1582,original,1.0000000001761007,130,1.2948860041474174e-10
01052001582,010-5200-1582,original,1.0000000001761007,131,1.8141615379285443e-12
01052001582,010-5200-1582,original,1.0000000001761007,132,4.85082132482701e-11
01052001582,010-5200-1582,original,1.0000000001761007,133,-4.74834750768416e-10
01052001582,010-5200-1582,original,1.0000000001761007,134,-7.704859794500027e-11
01052001582,010-5200-1582,original,1.0000000001761007,135,6.563411759947227e-11
01052001582,010-5200-1582,original,1.0000000001761007,136,-2.2432688680472862e-11
01052001582,010-5200-1582,original,1.0000000001761007,137,-2.486327873127296e-10
01052001582,010-5200-1582,original,1.0000000001761007,138,-1.3952661218619046e-11
01052001582,010-5200-1582,original,1.0000000001761007,139,9.444410625777049e-11
01052001582,010-5200-1582,original,1.0000000001761007,140,-1.7442865986236104e-10
01052001582,010-5200-1582,original,1.0000000001761007,141,-1.0513702941137977e-10
01052001582,010-5200-1582,original,1.0000000001761007,142,-6.2277538068426995e-12
01052001582,010-5200-1582,original,1.0000000001761007,143,4.907214742960475e-11
01052001582,010-5200-1582,original,1.0000000001761007,144,-3.204940527646075e-10
01052001582,010-5200-1582,original,1.0000000001761007,145,-1.8640477978570774e-10
01052001582,010-5200-1582,original,1.0000000001761007,146,-9.155573502577824e-11
01052001582,010-5200-1582,original,1.0000000001761007,147,5.5032305902242564e-11
01052001582,010-5200-1582,original,1.0000000001761007,148,9.585202720456355e-11
01052001582,010-5200-1582,original,1.0000000001761007,149,1.442498365003839e-11
01052001582,010-5200-1582,original,1.0000000001761007,150,-5.786571108911279e-11
01052001582,010-5200-1582,original,1.0000000001761007,151,-5.655535999808764e-12
01052001582,010-5200-1582,original,1.0000000001761007,152,3.033962703339102e-10
01052001582,010-5200-1582,original,1.0000000001761007,153,-1.6344400043403096e-11
01052001582,010-5200-1582,original,1.0000000001761007,154,2.3425513440600957e-11
01052001582,010-5200-1582,original,1.0000000001761007,155,8.383216325619524e-11
01052001582,010-5200-1582,original,1.0000000001761007,156,9.308703964265553e-11
01052001582,010-5200-1582,original,1.0000000001761007,157,-6.186038434899451e-11
01052001582,010-5200-1582,original,1.0000000001761007,158,1.448148649962106e-11
01052001582,010-5200-1582,original,1.0000000001761007,159,-6.860672423241555e-11
01052001582,010-5200-1582,original,1.0000000001761007,160,1.7665608706815339e-10
01052001582,010-5200-1582,original,1.0000000001761007,161,5.817851316708165e-11
01052001582,010-5200-1582,original,1.0000000001761007,162,-1.1108324143291769e-10
01052001582,010-5200-1582,original,1.0000000001761007,163,1.0785061694999226e-11
01052001582,010-5200-1582,original,1.0000000001761007,164,7.603235083398048e-11
01052001582,010-5200-1582,original,1.0000000001761007,165,1.5419579799783758e-10
01052001582,010-5200-1582,original,1.0000000001761007,166,1.9045178558305228e-11
01052001582,010-5200-1582,original,1.0000000001761007,167,-1.377532577860396e-10
01052001582,010-5200-1582,original,1.0000000001761007,168,1.5417165434286867e-10
01052001582,010-5200-1582,original,1.0000000001761007,169,-4.674296095635606e-11
01052001582,010-5200-1582,original,1.0000000001761007,170,-3.006174327076166e-10
01052001582,010-5200-1582,original,1.0000000001761007,171,0.999999692625661
01052001582,010-5200-1582,original,1.0000000001761007,172,0.9999996904436053
01052001582,010-5200-1582,original,1.0000000001761007,173,1.6872082592949902e-10
01052001582,010-5200-1582,original,1.0000000001761007,174,6.341360565705558e-11
01052001582,010-5200-1582,original,1.0000000001761007,175,3.586196945305522e-10
01052001582,010-5200-1582,original,1.0000000001761007,176,-3.871253493614296e-11
01052001582,010-5200-1582,original,1.0000000001761007,177,-1.1814524515941165e-10
01052001582,010-5200-1582,original,1.0000000001761007,178,5.001741699117967e-11
01052001582,010-5200-1582,original,1.0000000001761007,179,1.6434574025706967e-10
01052001582,010-5200-1582,original,1.0000000001761007,180,1.7283612685609675e-10
01052001582,010-5200-1582,original,1.0000000001761007,181,-6.635705240302972e-10
01052001582,010-5200-1582,original,1.0000000001761007,182,-3.0096203502960203e-10
01052001582,010-5200-1582,original,1.0000000001761007,183,1.8917973358433603e-10
01052001582,010-5200-1582,original,1.0000000001761007,184,-3.0660734859884256e-11
01052001582,010-5200-1582,original,1.0000000001761007,185,-1.6261435860129883e-10
01052001582,010-5200-1582,original,1.0000000001761007,186,2.7668331630086103e-11
01052001582,010-5200-1582,original,1.0000000001761007,187,-3.2136555376687065e-11
01052001582,010-5200-1582,original,1.0000000001761007,188,1.933559686396144e-10
01052001582,010-5200-1582,original,1.0000000001761007,189,-2.054211179885362e-10
01052001582,010-5200-1582,original,1.0000000001761007,190,-1.1347191877633645e-10
01052001582,010-5200-1582,original,1.0000000001761007,191,-2.0553196825174537e-12
01052001582,010-5200-1582,original,1.0000000001761007,192,-4.111623652330533e-11
01052001582,010-5200-1582,original,1.0000000001761007,193,7.294772398021354e-11
01052001582,010-5200-1582,original,1.0000000001761007,194,1.3239897045461843e-11
01052001582,010-5200-1582,original,1.0000000001761007,195,-1.0438156841255535e-10
01052001582,010-5200-1582,original,1.0000000001761007,196,1.678210487277841e-10
01052001582,010-5200-1582,original,1.0000000001761007,197,1.2261132187546065e-10
01052001582,010-5200-1582,original,1.0000000001761007,198,1.7392060133941512e-10
01052001582,010-5200-1582,original,1.0000000001761007,199,-5.941845648891122e-10
01052001582,010-5200-1582,original,1.0000000001761007,200,-6.687596133086121e-11
01052001582,010-5200-1582,original,1.0000000001761007,201,-9.355457717884861e-11
01052001582,010-5200-1582,original,1.0000000001761007,202,2.6562699669894853e-10
01052001582,010-5200-1582,original,1.0000000001761007,203,9.588426501549408e-12
01052001583,010-5200-1583,"one digit, last group",-3.345053386835384e-10,0,6.951070585813043e-11
01052001583,010-5200-1583,"one digit, last group",-3.345053386835384e-10,1,-2.877861257681607e-10
01052001583,010-5200-1583,"one digit, last group",-3.345053386835384e-10,2,-5.2423671514730744e-11
01052001583,010-5200-1583,"one digit, last group",-3.345053386835384e-10,3,1.4209713573157276e-11
01052001583,010-5200-1583,"one digit, last group",-3.345053386835384e-10,4,9.771941750773302e-11
01052001583,010-5200-1583,"one digit, last group",-3.345053386835384e-10,5,2.912255890454178e-10
01052001583,010-5200-1583,"one digit, last group",-3.345053386835384e-10,6,-1.450916895228407e-10
01052001583,010-5200-1583,"one digit, last group",-3.345053386835384e-10,7,4.7712444512860133e-11
01052001583,010-5200-1583,"one digit, last group",-3.345053386835384e-10,8,-2.333586287328468e-10
01052001583,010-5200-1583,"one digit, last group",-3.345053386835384e-10,9,-3.493588290914046e-11
01052001583,010-5200-1583,"one digit, last group",-3.345053386835384e-10,10,6.616812155432727e-11
01052001583,010-5200-1583,"one digit, last group",-3.345053386835384e-10,11,2.1332709530016217e-10
01052001583,010-5200-1583,"one digit, last group",-3.345053386835384e-10,12,-6.651624681576909e-11
01052001583,010-5200-1583,"one digit, last group",-3.345053386835384e-10,13,2.7139636397229235e-11
01052001583,010-5200-1583,"one digit, last group",-3.345053386835384e-10,14,3.0756850381712455e-12
01052001583,010-5200-1583,"one digit, last group",-3.345053386835384e-10,15,-6.104834134138871e-11
01052001583,010-5200-1583,"one digit, last group",-3.345053386835384e-10,16,1.3466373173768044e-10
01052001583,010-5200-1583,"one digit, last group",-3.345053386835384e-10,17,4.799266014658572e-11
01052001583,010-5200-1583,"one digit, last group",-3.345053386835384e-10,18,-2.1341184106767068e-10
01052001583,010-5200-1583,"one digit, last group",-3.345053386835384e-10,19,-4.890230384463377e-11
01052001583,010-5200-1583,"one digit, last group",-3.345053386835384e-10,20,2.4354559436633348e-11
01052001583,010-5200-1583,"one digit, last group",-3.345053386835384e-10,21,-3.6462099565570345e-11
01052001583,010-5200-1583,"one digit, last group",-3.345053386835384e-10,22,-8.685664221410215e-11
01052001583,010-5200-1583,"one digit, last group",-3.345053386835384e-10,23,-3.284954168351362e-11
01052001583,010-5200-1583,"one digit, last group",-3.345053386835384e-10,24,1.5714228509342414e-10
01052001583,010-5200-1583,"one digit, last group",-3.345053386835384e-10,25,-3.918239024007941e-11
01052001583,010-5200-1583,"one digit, last group",-3.345053386835384e-10,26,-1.2191827550437997e-11
01052001583,010-5200-1583,"one digit, last group",-3.345053386835384e-10,27,1.9942470988693187e-13
01052001583,010-5200-1583,"one digit, last group",-3.345053386835384e-10,28,7.500629346211261e-11
01052001583,010-5200-1583,"one digit, last group",-3.345053386835384e-10,29,1.1243294883754474e-10
01052001583,010-5200-1583,"one digit, last group",-3.345053386835384e-10,30,-2.0545878410223508e-10
01052001583,010-5200-1583,"one digit, last group",-3.345053386835384e-10,31,-4.606070080762558e-12
01052001583,010-5200-1583,"one digit, last group",-3.345053386835384e-10,32,1.3405242834120938e-11
01052001583,010-5200-1583,"one digit, last group",-3.345053386835384e-10,33,6.538767434234306e-11
01052001583,010-5200-1583,"one digit, last group",-3.345053386835384e-10,34,-2.474481550204884e-10
01052001583,010-5200-1583,"one digit, last group",-3.345053386835384e-10,35,-3.93878985578537e-11
01052001583,010-5200-1583,"one digit, last group",-3.345053386835384e-10,36,1.1516038813262074e-10
01052001583,010-5200-1583,"one digit, last group",-3.345053386835384e-10,37,-3.68815752715588e-11
01052001583,010-5200-1583,"one digit, last group",-3.345053386835384e-10,38,-9.301930828300101e-11
01052001583,010-5200-1583,"one digit, last group",-3.345053386835384e-10,39,-5.116487828359106e-11
01052001583,010-5200-1583,"one digit, last group",-3.345053386835384e-10,40,-1.4584773503950316e-10
01052001583,010-5200-1583,"one digit, last group",-3.345053386835384e-10,41,1.1062937424787068e-10
01052001583,010-5200-1583,"one digit, last group",-3.345053386835384e-10,42,1.149166973859508e-10
01052001583,010-5200-1583,"one digit, last group",-3.345053386835384e-10,43,2.8174182058077057e-11
01052001583,010-5200-1583,"one digit, last group",-3.345053386835384e-10,44,1.0944759889581228e-11
01052001583,010-5200-1583,"one digit, last group",-3.345053386835384e-10,45,2.7843762832318673e-10
01052001583,010-5200-1583,"one digit, last group",-3.345053386835384e-10,46,-1.0076860402334582e-10
01052001583,010-5200-1583,"one digit, last group",-3.345053386835384e-10,47,-6.054769364041294e-11
01052001583,010-5200-1583,"one digit, last group",-3.345053386835384e-10,48,-3.418695753691468e-11
01052001583,010-5200-1583,"one digit, last group",-3.345053386835384e-10,49,4.7703550903456056e-11
01052001583,010-5200-1583,"one digit, last group",-3.345053386835384e-10,50,1.785011102865403e-10
01052001583,010-5200-1583,"one digit, last group",-3.345053386835384e-10,51,3.340951652927151e-11
01052001583,010-5200-1583,"one digit, last group",-3.345053386835384e-10,52,1.5215682034818316e-10
01052001583,010-5200-1583,"one digit, last group",-3.345053386835384e-10,53,1.014369557162863e-11
01052001583,010-5200-1583,"one digit, last group",-3.345053386835384e-10,54,-5.357034488673776e-11
01052001583,010-5200-1583,"one digit, last group",-3.345053386835384e-10,55,-1.4448724665669392e-10
01052001583,010-5200-1583,"one digit, last group",-3.345053386835384e-10,56,-1.6546764848081012e-10
01052001583,010-5200-1583,"one digit, last group",-3.345053386835384e-10,57,-4.5160910519403584e-11
01052001583,010-5200-1583,"one digit, last group",-3.345053386835384e-10,58,-1.0094069764041235e-11
01052001583,010-5200-1583,"one digit, last group",-3.345053386835384e-10,59,3.750812229720996e-11
01052001583,010-5200-1583,"one digit, last group",-3.345053386835384e-10,60,-7.632110226925792e-11
01052001583,010-5200-1583,"one digit, last group",-3.345053386835384e-10,61,-7.504064873467714e-11
01052001583,010-5200-1583,"one digit, last group",-3.345053386835384e-10,62,2.705656896833419e-10
01052001583,010-5200-1583,"one digit, last group",-3.345053386835384e-10,63,5.6811309158013716e-11
01052001583,010-5200-1583,"one digit, last group",-3.345053386835384e-10,64,1.4622311544934396e-10
01052001583,010-5200-1583,"one digit, last group",-3.345053386835384e-10,65,-1.42939162231353e-10
01052001583,010-5200-1583,"one digit, last group",-3.345053386835384e-10,66,2.565765575521057e-10
01052001583,010-5200-1583,"one digit, last group",-3.345053386835384e-10,67,-7.881214467087629e-11
01052001583,010-5200-1583,"one digit, last group",-3.345053386835384e-10,68,1.1190294274910309e-10
01052001583,010-5200-1583,"one digit, last group",-3.345053386835384e-10,69,1.5885560061361928e-10
01052001583,010-5200-1583,"one digit, last group",-3.345053386835384e-10,70,9.568240672343206e-11
01052001583,010-5200-1583,"one digit, last group",-3.345053386835384e-10,71,8.258334271487573e-11
01052001583,010-5200-1583,"one digit, last group",-3.345053386835384e-10,72,-1.2282133486074197e-11
01052001583,010-5200-1583,"one digit, last group",-3.345053386835384e-10,73,5.196146322823423e-11
01052001583,010-5200-1583,"one digit, last group",-3.345053386835384e-10,74,3.8469132321131333e-10
01052001583,010-5200-1583,"one digit, last group",-3.345053386835384e-10,75,-1.2392636374378674e-11
01052001583,010-5200-1583,"one digit, last group",-3.345053386835384e-10,76,1.5309505923008136e-10
01052001583,010-5200-1583,"one digit, last group",-3.345053386835384e-10,77,-1.2165025970281575e-11
01052001583,010-5200-1583,"one digit, last group",-3.345053386835384e-10,78,-1.2301623936827504e-10
01052001583,010-5200-1583,"one digit, last group",-3.345053386835384e-10,79,2.5532629355263067e-10
01052001583,010-5200-1583,"one digit, last group",-3.345053386835384e-10,80,1.4294039689068407e-11
01052001583,010-5200-1583,"one digit, last group",-3.345053386835384e-10,81,-7.48965241857315e-11
01052001583,010-5200-1583,"one digit, last group",-3.345053386835384e-10,82,-2.2084532080897641e-10
01052001583,010-5200-1583,"one digit, last group",-3.345053386835384e-10,83,-1.775624624520472e-11
01052001583,010-5200-1583,"one digit, last group",-3.345053386835384e-10,84,3.7128476775318706e-11
01052001583,010-5200-1583,"one digit, last group",-3.345053386835384e-10,85,-3.097180260954566e-13
01052001583,010-5200-1583,"one digit, last group",-3.345053386835384e-10,86,5.297925928278367e-10
01052001583,010-5200-1583,"one digit, last group",-3.345053386835384e-10,87,1.409586437907164e-10
01052001583,010-5200-1583,"one digit, last group",-3.345053386835384e-10,88,-1.0936176871027996e-10
01052001583,010-5200-1583,"one digit, last group",-3.345053386835384e-10,89,-1.7305443063969084e-12
01052001583,010-5200-1583,"one digit, last group",-3.345053386835384e-10,90,-5.05318486265896e-11
01052001583,010-5200-1583,"one digit, last group",-3.345053386835384e-10,91,-1.1404629154158028e-10
01052001583,010-5200-1583,"one digit, last group",-3.345053386835384e-10,92,4.164792772793285e-11
01052001583,010-5200-1583,"one digit, last group",-3.345053386835384e-10,93,1.1545515690832117e-10
01052001583,010-5200-1583,"one digit, last group",-3.345053386835384e-10,94,7.0625829701629e-11
01052001583,010-5200-1583,"one digit, last group",-3.345053386835384e-10,95,-3.037628397709839e-11
01052001583,010-5200-1583,"one digit, last group",-3.345053386835384e-10,96,2.4480835391573203e-10
01052001583,010-5200-1583,"one digit, last group",-3.345053386835384e-10,97,2.7272460201782657e-11
01052001583,010-5200-1583,"one digit, last group",-3.345053386835384e-10,98,-1.9130314043524424e-11
01052001583,010-5200-1583,"one digit, last group",-3.345053386835384e-10,99,-5.375973028513284e-12
01052001583,010-5200-1583,"one digit, last group",-3.345053386835384e-10,100,2.3454067564390785e-10
01052001583,010-5200-1583,"one digit, last group",-3.345053386835384e-10,101,-1.4184807590240864e-10
01052001583,010-5200-1583,"one digit, last group",-3.345053386835384e-10,102,-1.1581644907572053e-10
01052001583,010-5200-1583,"one digit, last group",-3.345053386835384e-10,103,5.465901747397904e-10
01052001583,010-5200-1583,"one digit, last group",-3.345053386835384e-10,104,-1.1292809963976213e-10
01052001583,010-5200-1583,"one digit, last group",-3.345053386835384e-10,105,1.0730164618033219e-10
01052001583,010-5200-1583,"one digit, last group",-3.345053386835384e-10,106,-4.9061720388787917e-11
01052001583,010-5200-1583,"one digit, last group",-3.345053386835384e-10,107,-6.105274026139687e-12
01052001583,010-5200-1583,"one digit, last group",-3.345053386835384e-10,108,-9.194337066737662e-11
01052001583,010-5200-1583,"one digit, last group",-3.345053386835384e-10,109,2.976618212091947e-11
01052001583,010-5200-1583,"one digit, last group",-3.345053386835384e-10,110,-2.206307318972936e-11
01052001583,010-5200-1583,"one digit, last group",-3.345053386835384e-10,111,-5.274519122621028e-11
01052001583,010-5200-1583,"one digit, last group",-3.345053386835384e-10,112,8.466719427552259e-11
01052001583,010-5200-1583,"one digit, last group",-3.345053386835384e-10,113,-7.564799855524102e-12
01052001583,010-5200-1583,"one digit, last group",-3.345053386835384e-10,114,-4.59440203023016e-11
01052001583,010-5200-1583,"one digit, last group",-3.345053386835384e-10,115,2.5539592569048246e-11
01052001583,010-5200-1583,"one digit, last group",-3.345053386835384e-10,116,2.5138852015423105e-10
01052001583,010-5200-1583,"one digit, last group",-3.345053386835384e-10,117,2.2363061536261903e-10
01052001583,010-5200-1583,"one digit, last group",-3.345053386835384e-10,118,-3.345087678335261e-10
01052001583,010-5200-1583,"one digit, last group",-3.345053386835384e-10,119,-1.817831948876563e-10
01052001583,010-5200-1583,"one digit, last group",-3.345053386835384e-10,120,-1.5940020869696409e-10
01052001583,010-5200-1583,"one digit, last group",-3.345053386835384e-10,121,3.116862342088903e-10
01052001583,010-5200-1583,"one digit, last group",-3.345053386835384e-10,122,-1.964976480225628e-10
01052001583,010-5200-1583,"one digit, last group",-3.345053386835384e-10,123,-6.233329225603586e-11
01052001583,010-5200-1583,"one digit, last group",-3.345053386835384e-10,124,-3.365102746778287e-10
01052001583,010-5200-1583,"one digit, last group",-3.345053386835384e-10,125,3.786078265675449e-10
01052001583,010-5200-1583,"one digit, last group",-3.345053386835384e-10,126,-5.93479239723891e-12
01052001583,010-5200-1583,"one digit, last group",-3.345053386835384e-10,127,1.3066498541962117e-10
01052001583,010-5200-1583,"one digit, last group",-3.345053386835384e-10,128,1.496710651187774e-11
01052001583,010-5200-1583,"one digit, last group",-3.345053386835384e-10,129,1.1792751583649727e-10
01052001583,010-5200-1583,"one digit, last group",-3.345053386835384e-10,130,-1.5170295638135744e-11
01052001583,010-5200-1583,"one digit, last group",-3.345053386835384e-10,131,1.3729350401428565e-10
01052001583,010-5200-1583,"one digit, last group",-3.345053386835384e-10,132,-2.525604282437518e-10
01052001583,010-5200-1583,"one digit, last group",-3.345053386835384e-10,133,3.9739322664476635e-11
01052001583,010-5200-1583,"one digit, last group",-3.345053386835384e-10,134,3.551440654967718e-11
01052001583,010-5200-1583,"one digit, last group",-3.345053386835384e-10,135,2.5453536644268787e-11
01052001583,010-5200-1583,"one digit, last group",-3.345053386835384e-10,136,2.496541214045106e-11
01052001583,010-5200-1583,"one digit, last group",-3.345053386835384e-10,137,2.8355293376111848e-11
01052001583,010-5200-1583,"one digit, last group",-3.345053386835384e-10,138,1.2516815597109054e-10
01052001583,010-5200-1583,"one digit, last group",-3.345053386835384e-10,139,-4.267323621456711e-11
01052001583,010-5200-1583,"one digit, last group",-3.345053386835384e-10,140,-5.72397889261701e-11
01052001583,010-5200-1583,"one digit, last group",-3.345053386835384e-10,141,3.0514171518023155e-11
01052001583,010-5200-1583,"one digit, last group",-3.345053386835384e-10,142,1.7973155258522258e-10
01052001583,010-5200-1583,"one digit, last group",-3.345053386835384e-10,143,-6.5555523647133564e-12
01052001583,010-5200-1583,"one digit, last group",-3.345053386835384e-10,144,-1.0336047929197779e-11
01052001583,010-5200-1583,"one digit, last group",-3.345053386835384e-10,145,8.927414876569536e-11
01052001583,010-5200-1583,"one digit, last group",-3.345053386835384e-10,146,-1.1210761623880665e-10
01052001583,010-5200-1583,"one digit, last group",-3.345053386835384e-10,147,-9.400968125505806e-11
01052001583,010-5200-1583,"one digit, last group",-3.345053386835384e-10,148,1.9586626260642696e-11
01052001583,010-5200-1583,"one digit, last group",-3.345053386835384e-10,149,3.5953904643057875e-10
01052001583,010-5200-1583,"one digit, last group",-3.345053386835384e-10,150,-4.926680340628299e-11
01052001583,010-5200-1583,"one digit, last group",-3.345053386835384e-10,151,6.008819861753683e-12
01052001583,010-5200-1583,"one digit, last group",-3.345053386835384e-10,152,3.5951256753354925e-10
01052001583,010-5200-1583,"one digit, last group",-3.345053386835384e-10,153,-2.351143706515986e-10
01052001583,010-5200-1583,"one digit, last group",-3.345053386835384e-10,154,-3.027088250217522e-11
01052001583,010-5200-1583,"one digit, last group",-3.345053386835384e-10,155,1.7278757378023162e-10
01052001583,010-5200-1583,"one digit, last group",-3.345053386835384e-10,156,3.13987427517801e-11
01052001583,010-5200-1583,"one digit, last group",-3.345053386835384e-10,157,1.7989758185678285e-11
01052001583,010-5200-1583,"one digit, last group",-3.345053386835384e-10,158,-4.001466467867199e-11
01052001583,010-5200-1583,"one digit, last group",-3.345053386835384e-10,159,1.5648515089621886e-11
01052001583,010-5200-1583,"one digit, last group",-3.345053386835384e-10,160,-1.8883476350082715e-10
01052001583,010-5200-1583,"one digit, last group",-3.345053386835384e-10,161,1.1726494430148834e-12
01052001583,010-5200-1583,"one digit, last group",-3.345053386835384e-10,162,-1.6810951878513584e-11
01052001583,010-5200-1583,"one digit, last group",-3.345053386835384e-10,163,1.1072280418796689e-11
01052001583,010-5200-1583,"one digit, last group",-3.345053386835384e-10,164,1.0492998219406384e-10
01052001583,010-5200-1583,"one digit, last group",-3.345053386835384e-10,165,4.526225833494195e-10
01052001583,010-5200-1583,"one digit, last group",-3.345053386835384e-10,166,6.931378251659942e-11
01052001583,010-5200-1583,"one digit, last group",-3.345053386835384e-10,167,-6.413858842927989e-11
01052001583,010-5200-1583,"one digit, last group",-3.345053386835384e-10,168,-3.7952603818488695e-10
01052001583,010-5200-1583,"one digit, last group",-3.345053386835384e-10,169,-1.1885660584622044e-10
01052001583,010-5200-1583,"one digit, last group",-3.345053386835384e-10,170,-2.637448875686358e-12
01052001583,010-5200-1583,"one digit, last group",-3.345053386835384e-10,171,-5.134168713230602e-09
01052001583,010-5200-1583,"one digit, last group",-3.345053386835384e-10,172,-5.03691425859803e-09
01052001583,010-5200-1583,"one digit, last group",-3.345053386835384e-10,173,-1.5108775644277496e-10
01052001583,010-5200-1583,"one digit, last group",-3.345053386835384e-10,174,8.991929374587469e-11
01052001583,010-5200-1583,"one digit, last group",-3.345053386835384e-10,175,-3.1578598333002523e-10
01052001583,010-5200-1583,"one digit, last group",-3.345053386835384e-10,176,-9.005692513433902e-12
01052001583,010-5200-1583,"one digit, last group",-3.345053386835384e-10,177,6.403558677131603e-11
01052001583,010-5200-1583,"one digit, last group",-3.345053386835384e-10,178,1.5928952303712047e-11
01052001583,010-5200-1583,"one digit, last group",-3.345053386835384e-10,179,3.170282512541625e-10
01052001583,010-5200-1583,"one digit, last group",-3.345053386835384e-10,180,-4.467376206802359e-11
01052001583,010-5200-1583,"one digit, last group",-3.345053386835384e-10,181,-3.417452928809149e-11
01052001583,010-5200-1583,"one digit, last group",-3.345053386835384e-10,182,-3.5616567042549593e-11
01052001583,010-5200-1583,"one digit, last group",-3.345053386835384e-10,183,-9.192105425003427e-11
01052001583,010-5200-1583,"one digit, last group",-3.345053386835384e-10,184,4.4975957213326605e-11
01052001583,010-5200-1583,"one digit, last group",-3.345053386835384e-10,185,-6.126860368770296e-11
01052001583,010-5200-1583,"one digit, last group",-3.345053386835384e-10,186,-6.942320797051724e-11
01052001583,010-5200-1583,"one digit, last group",-3.345053386835384e-10,187,8.221784595015072e-11
01052001583,010-5200-1583,"one digit, last group",-3.345053386835384e-10,188,1.7031076251525777e-11
01052001583,010-5200-1583,"one digit, last group",-3.345053386835384e-10,189,2.926041286486218e-11
01052001583,010-5200-1583,"one digit, last group",-3.345053386835384e-10,190,3.737746861879858e-11
01052001583,010-5200-1583,"one digit, last group",-3.345053386835384e-10,191,-8.136457048074497e-12
01052001583,010-5200-1583,"one digit, last group",-3.345053386835384e-10,192,-4.0907283018212526e-11
01052001583,010-5200-1583,"one digit, last group",-3.345053386835384e-10,193,-3.877883402914182e-10
01052001583,010-5200-1583,"one digit, last group",-3.345053386835384e-10,194,-4.093805050515226e-11
01052001583,010-5200-1583,"one digit, last group",-3.345053386835384e-10,195,-8.157521133578112e-11
01052001583,010-5200-1583,"one digit, last group",-3.345053386835384e-10,196,2.470545590509846e-11
01052001583,010-5200-1583,"one digit, last group",-3.345053386835384e-10,197,5.700773717311101e-12
01052001583,010-5200-1583,"one digit, last group",-3.345053386835384e-10,198,9.81035147097851e-11
01052001583,010-5200-1583,"one digit, last group",-3.345053386835384e-10,199,-3.99520458444529e-10
01052001583,010-5200-1583,"one digit, last group",-3.345053386835384e-10,200,-6.123862197025552e-11
01052001583,010-5200-1583,"one digit, last group",-3.345053386835384e-10,201,-1.9964575704319572e-11
01052001583,010-5200-1583,"one digit, last group",-3.345053386835384e-10,202,-2.63201314679183e-11
01052001583,010-5200-1583,"one digit, last group",-3.345053386835384e-10,203,-3.5329574820752006e-11
00653004858,006-5300-4858,original,1.0000000007279055,0,-7.057181156029548e-12
00653004858,006-5300-4858,original,1.0000000007279055,1,2.993834835316007e-10
00653004858,006-5300-4858,original,1.0000000007279055,2,1.6887147049066332e-10
00653004858,006-5300-4858,original,1.0000000007279055,3,1.6066091099842272e-12
00653004858,006-5300-4858,original,1.0000000007279055,4,8.999406834512384e-11
00653004858,006-5300-4858,original,1.0000000007279055,5,-3.9546897452168463e-10
00653004858,006-5300-4858,original,1.0000000007279055,6,-1.0380857324802338e-10
00653004858,006-5300-4858,original,1.0000000007279055,7,-1.0499075262929527e-10
00653004858,006-5300-4858,original,1.0000000007279055,8,1.9414516434296766e-14
00653004858,006-5300-4858,original,1.0000000007279055,9,-1.7360711842493358e-10
00653004858,006-5300-4858,original,1.0000000007279055,10,-1.5295977677131005e-11
00653004858,006-5300-4858,original,1.0000000007279055,11,-1.7915054694076385e-10
00653004858,006-5300-4858,original,1.0000000007279055,12,1.3764837546776333e-10
00653004858,006-5300-4858,original,1.0000000007279055,13,5.699195495028596e-10
00653004858,006-5300-4858,original,1.0000000007279055,14,-2.239770645232008e-11
00653004858,006-5300-4858,original,1.0000000007279055,15,4.481451401233927e-11
00653004858,006-5300-4858,original,1.0000000007279055,16,-2.2066108041929536e-10
00653004858,006-5300-4858,original,1.0000000007279055,17,-1.9290473137885198e-10
00653004858,006-5300-4858,original,1.0000000007279055,18,1.4089234571734935e-10
00653004858,006-5300-4858,original,1.0000000007279055,19,1.8708136338040814e-11
00653004858,006-5300-4858,original,1.0000000007279055,20,-1.279910780491448e-10
00653004858,006-5300-4858,original,1.0000000007279055,21,5.163583615879553e-11
00653004858,006-5300-4858,original,1.0000000007279055,22,3.235041237396857e-11
00653004858,006-5300-4858,original,1.0000000007279055,23,7.138190427724812e-11
00653004858,006-5300-4858,original,1.0000000007279055,24,-3.0995342056930296e-10
00653004858,006-5300-4858,original,1.0000000007279055,25,-1.1301612147889274e-10
00653004858,006-5300-4858,original,1.0000000007279055,26,-5.976554162448681e-10
00653004858,006-5300-4858,original,1.0000000007279055,27,1.0761547050759752e-10
00653004858,006-5300-4858,original,1.0000000007279055,28,3.977882240216181e-10
00653004858,006-5300-4858,original,1.0000000007279055,29,-7.642037298544869e-11
00653004858,006-5300-4858,original,1.0000000007279055,30,-4.661774967300219e-10
00653004858,006-5300-4858,original,1.0000000007279055,31,1.6453212535982706e-10
00653004858,006-5300-4858,original,1.0000000007279055,32,-2.8609355888204377e-10
00653004858,006-5300-4858,original,1.0000000007279055,33,9.793151035581655e-12
00653004858,006-5300-4858,original,1.0000000007279055,34,8.674779782404746e-11
00653004858,006-5300-4858,original,1.0000000007279055,35,-4.097085872182076e-12
00653004858,006-5300-4858,original,1.0000000007279055,36,1.535156467331631e-10
00653004858,006-5300-4858,original,1.0000000007279055,37,2.993711872339807e-10
00653004858,006-5300-4858,original,1.0000000007279055,38,8.911697729045949e-11
00653004858,006-5300-4858,original,1.0000000007279055,39,8.542997798016339e-12
00653004858,006-5300-4858,original,1.0000000007279055,40,-1.5538079712090043e-10
00653004858,006-5300-4858,original,1.0000000007279055,41,-1.8547482357440805e-10
00653004858,006-5300-4858,original,1.0000000007279055,42,-1.5299663112248746e-11
00653004858,006-5300-4858,original,1.0000000007279055,43,-1.4004319039595303e-11
00653004858,006-5300-4858,original,1.0000000007279055,44,9.097293982540646e-11
00653004858,006-5300-4858,original,1.0000000007279055,45,-2.7296455839554977e-11
00653004858,006-5300-4858,original,1.0000000007279055,46,-7.348095421865286e-11
00653004858,006-5300-4858,original,1.0000000007279055,47,-2.6850292780233846e-10
00653004858,006-5300-4858,original,1.0000000007279055,48,-2.049076101478858e-10
00653004858,006-5300-4858,original,1.0000000007279055,49,1.7911917248665725e-10
00653004858,006-5300-4858,original,1.0000000007279055,50,5.2709224483483904e-11
00653004858,006-5300-4858,original,1.0000000007279055,51,-2.4377064220435338e-12
00653004858,006-5300-4858,original,1.0000000007279055,52,-2.816308268555045e-10
00653004858,006-5300-4858,original,1.0000000007279055,53,-1.54287216960843e-11
00653004858,006-5300-4858,original,1.0000000007279055,54,4.355815731486515e-11
00653004858,006-5300-4858,original,1.0000000007279055,55,-5.262466022288772e-11
00653004858,006-5300-4858,original,1.0000000007279055,56,-7.497433321910875e-11
00653004858,006-5300-4858,original,1.0000000007279055,57,1.2492096885565242e-11
00653004858,006-5300-4858,original,1.0000000007279055,58,8.249754786761842e-11
00653004858,006-5300-4858,original,1.0000000007279055,59,7.968106649239941e-11
00653004858,006-5300-4858,original,1.0000000007279055,60,5.093978201491798e-11
00653004858,006-5300-4858,original,1.0000000007279055,61,-1.2458209957415568e-11
00653004858,006-5300-4858,original,1.0000000007279055,62,-3.011032832926929e-10
00653004858,006-5300-4858,original,1.0000000007279055,63,1.804074798121887e-10
00653004858,006-5300-4858,original,1.0000000007279055,64,2.016319937436673e-10
00653004858,006-5300-4858,original,1.0000000007279055,65,-8.18579669287258e-11
00653004858,006-5300-4858,original,1.0000000007279055,66,-7.254521748585983e-10
00653004858,006-5300-4858,original,1.0000000007279055,67,1.962306329495865e-10
00653004858,006-5300-4858,original,1.0000000007279055,68,-7.959453074500983e-12
00653004858,006-5300-4858,original,1.0000000007279055,69,1.4829183177451593e-10
00653004858,006-5300-4858,original,1.0000000007279055,70,-3.096547919689188e-11
00653004858,006-5300-4858,original,1.0000000007279055,71,-1.429076618780059e-10
00653004858,006-5300-4858,original,1.0000000007279055,72,1.3068667258047884e-11
00653004858,006-5300-4858,original,1.0000000007279055,73,1.3930170274985123e-10
00653004858,006-5300-4858,original,1.0000000007279055,74,5.006195606064253e-10
00653004858,006-5300-4858,original,1.0000000007279055,75,-7.150114679625764e-11
00653004858,006-5300-4858,original,1.0000000007279055,76,-1.4961269708607302e-10
00653004858,006-5300-4858,original,1.0000000007279055,77,-4.964888902848272e-11
00653004858,006-5300-4858,original,1.0000000007279055,78,-2.635061678754195e-10
00653004858,006-5300-4858,original,1.0000000007279055,79,-2.61433431472587e-10
00653004858,006-5300-4858,original,1.0000000007279055,80,2.333631379572255e-11
00653004858,006-5300-4858,original,1.0000000007279055,81,-5.55932070133273e-11
00653004858,006-5300-4858,original,1.0000000007279055,82,-1.9084868865068362e-10
00653004858,006-5300-4858,original,1.0000000007279055,83,-1.8507921611178288e-11
00653004858,006-5300-4858,original,1.0000000007279055,84,-3.257130151000094e-11
00653004858,006-5300-4858,original,1.0000000007279055,85,-9.970467691850882e-12
00653004858,006-5300-4858,original,1.0000000007279055,86,2.0654062100136576e-10
00653004858,006-5300-4858,original,1.0000000007279055,87,1.2435236704401652e-11
00653004858,006-5300-4858,original,1.0000000007279055,88,-3.547093438217642e-11
00653004858,006-5300-4858,original,1.0000000007279055,89,-1.0769711814363338e-10
00653004858,006-5300-4858,original,1.0000000007279055,90,4.716473016066776e-11
00653004858,006-5300-4858,original,1.0000000007279055,91,2.0180858928996372e-10
00653004858,006-5300-4858,original,1.0000000007279055,92,-3.548250860574849e-10
00653004858,006-5300-4858,original,1.0000000007279055,93,-1.0227194996854093e-10
00653004858,006-5300-4858,original,1.0000000007279055,94,-1.0962367749916642e-10
00653004858,006-5300-4858,original,1.0000000007279055,95,-2.664965114532939e-10
00653004858,006-5300-4858,original,1.0000000007279055,96,-5.668067745457787e-10
00653004858,006-5300-4858,original,1.0000000007279055,97,7.321234366621459e-10
00653004858,006-5300-4858,original,1.0000000007279055,98,-5.5023848007397734e-11
00653004858,006-5300-4858,original,1.0000000007279055,99,-2.358200074867987e-11
00653004858,006-5300-4858,original,1.0000000007279055,100,-1.0786715800217886e-10
00653004858,006-5300-4858,original,1.0000000007279055,101,-1.0787984403798374e-10
00653004858,006-5300-4858,original,1.0000000007279055,102,-1.6855400597428055e-10
00653004858,006-5300-4858,original,1.0000000007279055,103,4.132880226917337e-10
00653004858,006-5300-4858,original,1.0000000007279055,104,-1.4891448274409838e-10
00653004858,006-5300-4858,original,1.0000000007279055,105,1.0905861059294115e-11
00653004858,006-5300-4858,original,1.0000000007279055,106,9.903596203684137e-12
00653004858,006-5300-4858,original,1.0000000007279055,107,-1.6049284519579565e-10
00653004858,006-5300-4858,original,1.0000000007279055,108,9.801031765396892e-12
00653004858,006-5300-4858,original,1.0000000007279055,109,8.178032326372115e-11
00653004858,006-5300-4858,original,1.0000000007279055,110,1.692302058284811e-10
00653004858,006-5300-4858,original,1.0000000007279055,111,1.1521234641073496e-10
00653004858,006-5300-4858,original,1.0000000007279055,112,2.528110609588949e-10
00653004858,006-5300-4858,original,1.0000000007279055,113,-1.85196547679563e-11
00653004858,006-5300-4858,original,1.0000000007279055,114,1.0232714033761708e-10
00653004858,006-5300-4858,original,1.0000000007279055,115,-3.9270055612810395e-11
00653004858,006-5300-4858,original,1.0000000007279055,116,4.883125557540737e-11
00653004858,006-5300-4858,original,1.0000000007279055,117,-2.9150623499621827e-10
00653004858,006-5300-4858,original,1.0000000007279055,118,-4.536320560241331e-10
00653004858,006-5300-4858,original,1.0000000007279055,119,-1.760507401546716e-10
00653004858,006-5300-4858,original,1.0000000007279055,120,3.713511551869869e-11
00653004858,006-5300-4858,original,1.0000000007279055,121,-2.1276035949155126e-10
00653004858,006-5300-4858,original,1.0000000007279055,122,-2.2110752126334808e-10
00653004858,006-5300-4858,original,1.0000000007279055,123,5.7273136509990556e-11
00653004858,006-5300-4858,original,1.0000000007279055,124,-2.279830056084145e-10
00653004858,006-5300-4858,original,1.0000000007279055,125,7.966420657010009e-11
00653004858,006-5300-4858,original,1.0000000007279055,126,-9.797805897984837e-11
00653004858,006-5300-4858,original,1.0000000007279055,127,5.693552823922556e-11
00653004858,006-5300-4858,original,1.0000000007279055,128,2.6507912853098217e-10
00653004858,006-5300-4858,original,1.0000000007279055,129,-2.0331182665163552e-10
00653004858,006-5300-4858,original,1.0000000007279055,130,-6.0573050659139e-11
00653004858,006-5300-4858,original,1.0000000007279055,131,-2.1695878926734833e-10
00653004858,006-5300-4858,original,1.0000000007279055,132,-7.791705930442011e-11
00653004858,006-5300-4858,original,1.0000000007279055,133,-5.823698890632036e-11
00653004858,006-5300-4858,original,1.0000000007279055,134,7.424419167133713e-11
00653004858,006-5300-4858,original,1.0000000007279055,135,1.7208365195196687e-10
00653004858,006-5300-4858,original,1.0000000007279055,136,-5.1583755049770624e-11
00653004858,006-5300-4858,original,1.0000000007279055,137,-4.390206659135835e-11
00653004858,006-5300-4858,original,1.0000000007279055,138,-8.49736573056224e-11
00653004858,006-5300-4858,original,1.0000000007279055,139,-1.175500168547189e-10
00653004858,006-5300-4858,original,1.0000000007279055,140,-7.861061692580075e-11
00653004858,006-5300-4858,original,1.0000000007279055,141,-1.797004829643098e-10
00653004858,006-5300-4858,original,1.0000000007279055,142,2.1459418050642129e-10
00653004858,006-5300-4858,original,1.0000000007279055,143,-5.869783371146624e-12
00653004858,006-5300-4858,original,1.0000000007279055,144,-1.5836741328947492e-11
00653004858,006-5300-4858,original,1.0000000007279055,145,2.8757746611308668e-11
00653004858,006-5300-4858,original,1.0000000007279055,146,3.70549669697677e-11
00653004858,006-5300-4858,original,1.0000000007279055,147,-8.887958721104191e-13
00653004858,006-5300-4858,original,1.0000000007279055,148,1.0018081424382763e-10
00653004858,006-5300-4858,original,1.0000000007279055,149,-1.4472702144180247e-10
00653004858,006-5300-4858,original,1.0000000007279055,150,2.2878414120537627e-10
00653004858,006-5300-4858,original,1.0000000007279055,151,-9.283757529868312e-11
00653004858,006-5300-4858,original,1.0000000007279055,152,3.419021344762207e-12
00653004858,006-5300-4858,original,1.0000000007279055,153,-1.777944747309445e-10
00653004858,006-5300-4858,original,1.0000000007279055,154,-1.1914663774760727e-11
00653004858,006-5300-4858,original,1.0000000007279055,155,1.7954792208077346e-10
00653004858,006-5300-4858,original,1.0000000007279055,156,-9.919674341335306e-12
00653004858,006-5300-4858,original,1.0000000007279055,157,-3.277763331568649e-11
00653004858,006-5300-4858,original,1.0000000007279055,158,-4.27394277961872e-11
00653004858,006-5300-4858,original,1.0000000007279055,159,7.380253740723423e-11
00653004858,006-5300-4858,original,1.0000000007279055,160,-3.543202930591481e-10
00653004858,006-5300-4858,original,1.0000000007279055,161,-2.4355385467955982e-11
00653004858,006-5300-4858,original,1.0000000007279055,162,1.1945163097643324e-10
00653004858,006-5300-4858,original,1.0000000007279055,163,-2.5762743842091038e-11
00653004858,006-5300-4858,original,1.0000000007279055,164,6.715470923692753e-11
00653004858,006-5300-4858,original,1.0000000007279055,165,-7.162149985344587e-11
00653004858,006-5300-4858,original,1.0000000007279055,166,5.336151707862519e-11
00653004858,006-5300-4858,original,1.0000000007279055,167,-2.8269749545745985e-10
00653004858,006-5300-4858,original,1.0000000007279055,168,1.655017871780496e-10
00653004858,006-5300-4858,original,1.0000000007279055,169,-4.270925651685132e-10
00653004858,006-5300-4858,original,1.0000000007279055,170,1.0513030406230185e-11
00653004858,006-5300-4858,original,1.0000000007279055,171,-2.0020766019125136e-10
00653004858,006-5300-4858,original,1.0000000007279055,172,1.2028441792958678e-11
00653004858,006-5300-4858,original,1.0000000007279055,173,-9.930299373967818e-11
00653004858,006-5300-4858,original,1.0000000007279055,174,6.1491470048233594e-12
00653004858,006-5300-4858,original,1.0000000007279055,175,-1.749279426684274e-10
00653004858,006-5300-4858,original,1.0000000007279055,176,5.925020564119969e-11
00653004858,006-5300-4858,original,1.0000000007279055,177,3.161254827237709e-10
00653004858,006-5300-4858,original,1.0000000007279055,178,1.4742109223670435e-10
00653004858,006-5300-4858,original,1.0000000007279055,179,2.1288817381671448e-10
00653004858,006-5300-4858,original,1.0000000007279055,180,3.040379066058501e-11
00653004858,006-5300-4858,original,1.0000000007279055,181,-3.74036888191736e-10
00653004858,006-5300-4858,original,1.0000000007279055,182,1.862309318862493e-10
00653004858,006-5300-4858,original,1.0000000007279055,183,3.940351150781187e-10
00653004858,006-5300-4858,original,1.0000000007279055,184,3.0472751908761796e-11
00653004858,006-5300-4858,original,1.0000000007279055,185,-2.7108399282183093e-11
00653004858,006-5300-4858,original,1.0000000007279055,186,-1.178699680856938e-10
00653004858,006-5300-4858,original,1.0000000007279055,187,0.9999996983571084
00653004858,006-5300-4858,original,1.0000000007279055,188,0.9999997004494562
00653004858,006-5300-4858,original,1.0000000007279055,189,2.032913583380519e-10
00653004858,006-5300-4858,original,1.0000000007279055,190,1.203867460105712e-10
00653004858,006-5300-4858,original,1.0000000007279055,191,-4.4681856725433087e-11
00653004858,006-5300-4858,original,1.0000000007279055,192,-6.658978690861633e-13
00653004858,006-5300-4858,original,1.0000000007279055,193,2.663660206857151e-10
00653004858,006-5300-4858,original,1.0000000007279055,194,4.6891716380501816e-11
00653004858,006-5300-4858,original,1.0000000007279055,195,5.652961337774756e-11
00653004858,006-5300-4858,original,1.0000000007279055,196,4.9648218150641025e-11
00653004858,006-5300-4858,original,1.0000000007279055,197,-9.512219183794645e-11
00653004858,006-5300-4858,original,1.0000000007279055,198,-5.560523044093252e-11
00653004858,006-5300-4858,original,1.0000000007279055,199,-4.14666411821293e-10
00653004858,006-5300-4858,original,1.0000000007279055,200,-8.775054754799625e-11
00653004858,006-5300-4858,original,1.0000000007279055,201,-8.029091914961881e-11
00653004858,006-5300-4858,original,1.0000000007279055,202,-4.5715174869993497e-10
00653004858,006-5300-4858,original,1.0000000007279055,203,4.001715641085603e-12
00653004859,006-5300-4859,"one digit, last group",-7.641374817721377e-11,0,-4.277334773295387e-11
00653004859,006-5300-4859,"one digit, last group",-7.641374817721377e-11,1,-6.779564090532516e-11
00653004859,006-5300-4859,"one digit, last group",-7.641374817721377e-11,2,1.592647725032295e-11
00653004859,006-5300-4859,"one digit, last group",-7.641374817721377e-11,3,8.478500694496415e-12
00653004859,006-5300-4859,"one digit, last group",-7.641374817721377e-11,4,1.8211040781198855e-10
00653004859,006-5300-4859,"one digit, last group",-7.641374817721377e-11,5,-5.046432186859688e-11
00653004859,006-5300-4859,"one digit, last group",-7.641374817721377e-11,6,4.3929383083154266e-11
00653004859,006-5300-4859,"one digit, last group",-7.641374817721377e-11,7,-2.3755089569506904e-10
00653004859,006-5300-4859,"one digit, last group",-7.641374817721377e-11,8,-3.7271068176436004e-10
00653004859,006-5300-4859,"one digit, last group",-7.641374817721377e-11,9,5.232595203378248e-11
00653004859,006-5300-4859,"one digit, last group",-7.641374817721377e-11,10,-2.4065527824995987e-11
00653004859,006-5300-4859,"one digit, last group",-7.641374817721377e-11,11,-1.2951440600037375e-10
00653004859,006-5300-4859,"one digit, last group",-7.641374817721377e-11,12,-2.592368929989016e-11
00653004859,006-5300-4859,"one digit, last group",-7.641374817721377e-11,13,2.3212543769209812e-10
00653004859,006-5300-4859,"one digit, last group",-7.641374817721377e-11,14,1.0470074384181717e-11
00653004859,006-5300-4859,"one digit, last group",-7.641374817721377e-11,15,-5.337816084437974e-13
00653004859,006-5300-4859,"one digit, last group",-7.641374817721377e-11,16,2.2402470232136091e-10
00653004859,006-5300-4859,"one digit, last group",-7.641374817721377e-11,17,5.379113579423747e-10
00653004859,006-5300-4859,"one digit, last group",-7.641374817721377e-11,18,-1.4534578509238156e-10
00653004859,006-5300-4859,"one digit, last group",-7.641374817721377e-11,19,-4.83168301438944e-11
00653004859,006-5300-4859,"one digit, last group",-7.641374817721377e-11,20,1.5329284171181877e-10
00653004859,006-5300-4859,"one digit, last group",-7.641374817721377e-11,21,7.279440953387291e-11
00653004859,006-5300-4859,"one digit, last group",-7.641374817721377e-11,22,-1.9664820932385233e-11
00653004859,006-5300-4859,"one digit, last group",-7.641374817721377e-11,23,7.405076926600982e-11
00653004859,006-5300-4859,"one digit, last group",-7.641374817721377e-11,24,3.305462843205552e-11
00653004859,006-5300-4859,"one digit, last group",-7.641374817721377e-11,25,-3.406207822925209e-11
00653004859,006-5300-4859,"one digit, last group",-7.641374817721377e-11,26,-2.7707670315745606e-10
00653004859,006-5300-4859,"one digit, last group",-7.641374817721377e-11,27,6.720758451386207e-11
00653004859,006-5300-4859,"one digit, last group",-7.641374817721377e-11,28,1.6101704455730415e-10
00653004859,006-5300-4859,"one digit, last group",-7.641374817721377e-11,29,-1.4005448544938853e-11
00653004859,006-5300-4859,"one digit, last group",-7.641374817721377e-11,30,-9.423507293906977e-11
00653004859,006-5300-4859,"one digit, last group",-7.641374817721377e-11,31,-1.627772085259156e-10
00653004859,006-5300-4859,"one digit, last group",-7.641374817721377e-11,32,2.728400076410883e-10
00653004859,006-5300-4859,"one digit, last group",-7.641374817721377e-11,33,3.2746337687794744e-10
00653004859,006-5300-4859,"one digit, last group",-7.641374817721377e-11,34,-2.769994394632653e-10
00653004859,006-5300-4859,"one digit, last group",-7.641374817721377e-11,35,-2.4116814042427127e-11
00653004859,006-5300-4859,"one digit, last group",-7.641374817721377e-11,36,-5.411118632205117e-11
00653004859,006-5300-4859,"one digit, last group",-7.641374817721377e-11,37,1.6442106006047858e-11
00653004859,006-5300-4859,"one digit, last group",-7.641374817721377e-11,38,6.136115397727643e-11
00653004859,006-5300-4859,"one digit, last group",-7.641374817721377e-11,39,-3.105373954507995e-12
00653004859,006-5300-4859,"one digit, last group",-7.641374817721377e-11,40,4.891288423092494e-11
00653004859,006-5300-4859,"one digit, last group",-7.641374817721377e-11,41,-2.203729226822113e-11
00653004859,006-5300-4859,"one digit, last group",-7.641374817721377e-11,42,-9.970869591589174e-11
00653004859,006-5300-4859,"one digit, last group",-7.641374817721377e-11,43,5.034513281559417e-11
00653004859,006-5300-4859,"one digit, last group",-7.641374817721377e-11,44,4.460237655385741e-11
00653004859,006-5300-4859,"one digit, last group",-7.641374817721377e-11,45,-1.1325407588754611e-10
00653004859,006-5300-4859,"one digit, last group",-7.641374817721377e-11,46,6.848545312043153e-11
00653004859,006-5300-4859,"one digit, last group",-7.641374817721377e-11,47,-4.6698950567950887e-11
00653004859,006-5300-4859,"one digit, last group",-7.641374817721377e-11,48,-9.015166645684077e-11
00653004859,006-5300-4859,"one digit, last group",-7.641374817721377e-11,49,-2.1780301857635956e-10
00653004859,006-5300-4859,"one digit, last group",-7.641374817721377e-11,50,-2.1005971323759385e-11
00653004859,006-5300-4859,"one digit, last group",-7.641374817721377e-11,51,2.492286745414264e-11
00653004859,006-5300-4859,"one digit, last group",-7.641374817721377e-11,52,-5.2052546789340253e-11
00653004859,006-5300-4859,"one digit, last group",-7.641374817721377e-11,53,-4.3266363883609255e-11
00653004859,006-5300-4859,"one digit, last group",-7.641374817721377e-11,54,-5.900288514112567e-11
00653004859,006-5300-4859,"one digit, last group",-7.641374817721377e-11,55,-2.793182124674042e-10
00653004859,006-5300-4859,"one digit, last group",-7.641374817721377e-11,56,-1.5216777909536079e-10
00653004859,006-5300-4859,"one digit, last group",-7.641374817721377e-11,57,3.3427830485905236e-12
00653004859,006-5300-4859,"one digit, last group",-7.641374817721377e-11,58,-2.5979886811951373e-11
00653004859,006-5300-4859,"one digit, last group",-7.641374817721377e-11,59,-7.753845422841319e-11
00653004859,006-5300-4859,"one digit, last group",-7.641374817721377e-11,60,-3.541201732215308e-10
00653004859,006-5300-4859,"one digit, last group",-7.641374817721377e-11,61,-4.263973889554881e-11
00653004859,006-5300-4859,"one digit, last group",-7.641374817721377e-11,62,-1.7050624304962264e-10
00653004859,006-5300-4859,"one digit, last group",-7.641374817721377e-11,63,-1.4270402846736626e-10
00653004859,006-5300-4859,"one digit, last group",-7.641374817721377e-11,64,-2.4047388434641227e-12
00653004859,006-5300-4859,"one digit, last group",-7.641374817721377e-11,65,1.1743879098297997e-10
00653004859,006-5300-4859,"one digit, last group",-7.641374817721377e-11,66,1.1182119921824708e-10
00653004859,006-5300-4859,"one digit, last group",-7.641374817721377e-11,67,-1.7031423420678565e-10
00653004859,006-5300-4859,"one digit, last group",-7.641374817721377e-11,68,-9.78928747266942e-11
00653004859,006-5300-4859,"one digit, last group",-7.641374817721377e-11,69,7.429243586705752e-11
00653004859,006-5300-4859,"one digit, last group",-7.641374817721377e-11,70,2.1500473657427097e-11
00653004859,006-5300-4859,"one digit, last group",-7.641374817721377e-11,71,-2.4122647043558793e-10
00653004859,006-5300-4859,"one digit, last group",-7.641374817721377e-11,72,1.588071329530258e-11
00653004859,006-5300-4859,"one digit, last group",-7.641374817721377e-11,73,6.839470246546572e-11
00653004859,006-5300-4859,"one digit, last group",-7.641374817721377e-11,74,-1.1624546030205391e-10
00653004859,006-5300-4859,"one digit, last group",-7.641374817721377e-11,75,1.0038698684000715e-10
00653004859,006-5300-4859,"one digit, last group",-7.641374817721377e-11,76,1.1332033578721994e-10
00653004859,006-5300-4859,"one digit, last group",-7.641374817721377e-11,77,4.2791051362731967e-11
00653004859,006-5300-4859,"one digit, last group",-7.641374817721377e-11,78,4.0877548672719424e-11
00653004859,006-5300-4859,"one digit, last group",-7.641374817721377e-11,79,-2.2647339035181775e-10
00653004859,006-5300-4859,"one digit, last group",-7.641374817721377e-11,80,-9.308316577390009e-12
00653004859,006-5300-4859,"one digit, last group",-7.641374817721377e-11,81,2.18458539896408e-10
00653004859,006-5300-4859,"one digit, last group",-7.641374817721377e-11,82,9.844242457529508e-11
00653004859,006-5300-4859,"one digit, last group",-7.641374817721377e-11,83,-9.20354550122997e-11
00653004859,006-5300-4859,"one digit, last group",-7.641374817721377e-11,84,-6.774806848943445e-11
00653004859,006-5300-4859,"one digit, last group",-7.641374817721377e-11,85,-2.4957161746068826e-11
00653004859,006-5300-4859,"one digit, last group",-7.641374817721377e-11,86,-4.338711793960268e-10
00653004859,006-5300-4859,"one digit, last group",-7.641374817721377e-11,87,6.425785406562375e-11
00653004859,006-5300-4859,"one digit, last group",-7.641374817721377e-11,88,-1.8194016620844584e-10
00653004859,006-5300-4859,"one digit, last group",-7.641374817721377e-11,89,-2.254146911361758e-10
00653004859,006-5300-4859,"one digit, last group",-7.641374817721377e-11,90,1.7303947102391257e-10
00653004859,006-5300-4859,"one digit, last group",-7.641374817721377e-11,91,-9.326332936603368e-11
00653004859,006-5300-4859,"one digit, last group",-7.641374817721377e-11,92,-2.0510434587513687e-11
00653004859,006-5300-4859,"one digit, last group",-7.641374817721377e-11,93,-1.880352576415722e-10
00653004859,006-5300-4859,"one digit, last group",-7.641374817721377e-11,94,-7.794468271110747e-11
00653004859,006-5300-4859,"one digit, last group",-7.641374817721377e-11,95,-1.7193294652632218e-10
00653004859,006-5300-4859,"one digit, last group",-7.641374817721377e-11,96,4.459946248384168e-11
00653004859,006-5300-4859,"one digit, last group",-7.641374817721377e-11,97,3.548557112378763e-10
00653004859,006-5300-4859,"one digit, last group",-7.641374817721377e-11,98,-2.670222559924457e-10
00653004859,006-5300-4859,"one digit, last group",-7.641374817721377e-11,99,4.174249316880188e-12
00653004859,006-5300-4859,"one digit, last group",-7.641374817721377e-11,100,1.0108047786283805e-10
00653004859,006-5300-4859,"one digit, last group",-7.641374817721377e-11,101,7.648846001469739e-11
00653004859,006-5300-4859,"one digit, last group",-7.641374817721377e-11,102,4.279072509016139e-10
00653004859,006-5300-4859,"one digit, last group",-7.641374817721377e-11,103,1.592085690276457e-10
00653004859,006-5300-4859,"one digit, last group",-7.641374817721377e-11,104,-9.740757028222e-11
00653004859,006-5300-4859,"one digit, last group",-7.641374817721377e-11,105,2.4433406234350693e-11
00653004859,006-5300-4859,"one digit, last group",-7.641374817721377e-11,106,-2.16893020508555e-11
00653004859,006-5300-4859,"one digit, last group",-7.641374817721377e-11,107,2.5987194577957383e-11
00653004859,006-5300-4859,"one digit, last group",-7.641374817721377e-11,108,1.1575471988750911e-10
00653004859,006-5300-4859,"one digit, last group",-7.641374817721377e-11,109,-1.2785979667649123e-10
00653004859,006-5300-4859,"one digit, last group",-7.641374817721377e-11,110,-9.058792336337084e-11
00653004859,006-5300-4859,"one digit, last group",-7.641374817721377e-11,111,-1.19230992898665e-10
00653004859,006-5300-4859,"one digit, last group",-7.641374817721377e-11,112,-3.387925217385899e-10
00653004859,006-5300-4859,"one digit, last group",-7.641374817721377e-11,113,-5.312156758173288e-12
00653004859,006-5300-4859,"one digit, last group",-7.641374817721377e-11,114,1.0421354137717876e-11
00653004859,006-5300-4859,"one digit, last group",-7.641374817721377e-11,115,-2.8326652311285694e-11
00653004859,006-5300-4859,"one digit, last group",-7.641374817721377e-11,116,-8.955765950208592e-11
00653004859,006-5300-4859,"one digit, last group",-7.641374817721377e-11,117,1.1026056722638587e-10
00653004859,006-5300-4859,"one digit, last group",-7.641374817721377e-11,118,2.2572106002944798e-10
00653004859,006-5300-4859,"one digit, last group",-7.641374817721377e-11,119,-2.0227293246423305e-10
00653004859,006-5300-4859,"one digit, last group",-7.641374817721377e-11,120,5.4739476009196514e-11
00653004859,006-5300-4859,"one digit, last group",-7.641374817721377e-11,121,-2.2041787728366984e-10
00653004859,006-5300-4859,"one digit, last group",-7.641374817721377e-11,122,2.4426394160008465e-10
00653004859,006-5300-4859,"one digit, last group",-7.641374817721377e-11,123,-1.578592669204486e-10
00653004859,006-5300-4859,"one digit, last group",-7.641374817721377e-11,124,1.4047892719450226e-10
00653004859,006-5300-4859,"one digit, last group",-7.641374817721377e-11,125,2.904930650946874e-10
00653004859,006-5300-4859,"one digit, last group",-7.641374817721377e-11,126,7.153392618015876e-11
00653004859,006-5300-4859,"one digit, last group",-7.641374817721377e-11,127,-2.864597697485376e-10
00653004859,006-5300-4859,"one digit, last group",-7.641374817721377e-11,128,-1.0266786997542523e-10
00653004859,006-5300-4859,"one digit, last group",-7.641374817721377e-11,129,-6.64430709471374e-11
00653004859,006-5300-4859,"one digit, last group",-7.641374817721377e-11,130,-4.138048619005501e-11
00653004859,006-5300-4859,"one digit, last group",-7.641374817721377e-11,131,3.6548396392298765e-11
00653004859,006-5300-4859,"one digit, last group",-7.641374817721377e-11,132,-1.6314891300770395e-11
00653004859,006-5300-4859,"one digit, last group",-7.641374817721377e-11,133,-1.6735702558201453e-10
00653004859,006-5300-4859,"one digit, last group",-7.641374817721377e-11,134,1.324281044008242e-10
00653004859,006-5300-4859,"one digit, last group",-7.641374817721377e-11,135,3.709602573932654e-11
00653004859,006-5300-4859,"one digit, last group",-7.641374817721377e-11,136,4.815192508968612e-11
00653004859,006-5300-4859,"one digit, last group",-7.641374817721377e-11,137,1.338963416626764e-10
00653004859,006-5300-4859,"one digit, last group",-7.641374817721377e-11,138,-2.7572179990720022e-11
00653004859,006-5300-4859,"one digit, last group",-7.641374817721377e-11,139,8.151519204231885e-11
00653004859,006-5300-4859,"one digit, last group",-7.641374817721377e-11,140,9.029994827323462e-11
00653004859,006-5300-4859,"one digit, last group",-7.641374817721377e-11,141,3.794332420803442e-10
00653004859,006-5300-4859,"one digit, last group",-7.641374817721377e-11,142,2.0642628014873168e-10
00653004859,006-5300-4859,"one digit, last group",-7.641374817721377e-11,143,-6.984298923884809e-12
00653004859,006-5300-4859,"one digit, last group",-7.641374817721377e-11,144,-2.8800681933497315e-11
00653004859,006-5300-4859,"one digit, last group",-7.641374817721377e-11,145,6.522282753891749e-11
00653004859,006-5300-4859,"one digit, last group",-7.641374817721377e-11,146,3.7702711382366527e-10
00653004859,006-5300-4859,"one digit, last group",-7.641374817721377e-11,147,-1.9420159351945634e-10
00653004859,006-5300-4859,"one digit, last group",-7.641374817721377e-11,148,-5.901099916313177e-11
00653004859,006-5300-4859,"one digit, last group",-7.641374817721377e-11,149,-8.495969076920012e-12
00653004859,006-5300-4859,"one digit, last group",-7.641374817721377e-11,150,-1.3124072266565176e-11
00653004859,006-5300-4859,"one digit, last group",-7.641374817721377e-11,151,9.71414106682751e-11
00653004859,006-5300-4859,"one digit, last group",-7.641374817721377e-11,152,2.1329721319257172e-10
00653004859,006-5300-4859,"one digit, last group",-7.641374817721377e-11,153,-8.927410208069984e-11
00653004859,006-5300-4859,"one digit, last group",-7.641374817721377e-11,154,-1.1401030350195447e-11
00653004859,006-5300-4859,"one digit, last group",-7.641374817721377e-11,155,4.5704659036866095e-10
00653004859,006-5300-4859,"one digit, last group",-7.641374817721377e-11,156,3.1432012374987894e-11
00653004859,006-5300-4859,"one digit, last group",-7.641374817721377e-11,157,-3.1855363379141076e-11
00653004859,006-5300-4859,"one digit, last group",-7.641374817721377e-11,158,-2.8207148702914336e-11
00653004859,006-5300-4859,"one digit, last group",-7.641374817721377e-11,159,2.1040171180699868e-12
00653004859,006-5300-4859,"one digit, last group",-7.641374817721377e-11,160,1.7846585912466268e-10
00653004859,006-5300-4859,"one digit, last group",-7.641374817721377e-11,161,5.337317361706902e-11
00653004859,006-5300-4859,"one digit, last group",-7.641374817721377e-11,162,-3.4620632920865934e-11
00653004859,006-5300-4859,"one digit, last group",-7.641374817721377e-11,163,1.3555390488437638e-12
00653004859,006-5300-4859,"one digit, last group",-7.641374817721377e-11,164,2.046145526352372e-10
00653004859,006-5300-4859,"one digit, last group",-7.641374817721377e-11,165,1.9592175324261058e-11
00653004859,006-5300-4859,"one digit, last group",-7.641374817721377e-11,166,6.508468376489292e-11
00653004859,006-5300-4859,"one digit, last group",-7.641374817721377e-11,167,6.849652087463987e-11
00653004859,006-5300-4859,"one digit, last group",-7.641374817721377e-11,168,1.1421533935542278e-11
00653004859,006-5300-4859,"one digit, last group",-7.641374817721377e-11,169,-2.141362266888446e-10
00653004859,006-5300-4859,"one digit, last group",-7.641374817721377e-11,170,3.9825429357268494e-11
00653004859,006-5300-4859,"one digit, last group",-7.641374817721377e-11,171,-1.5213592758067028e-10
00653004859,006-5300-4859,"one digit, last group",-7.641374817721377e-11,172,1.691962197684205e-11
00653004859,006-5300-4859,"one digit, last group",-7.641374817721377e-11,173,5.323768235640375e-11
00653004859,006-5300-4859,"one digit, last group",-7.641374817721377e-11,174,2.937319944104747e-11
00653004859,006-5300-4859,"one digit, last group",-7.641374817721377e-11,175,-3.009471536546107e-10
00653004859,006-5300-4859,"one digit, last group",-7.641374817721377e-11,176,7.042712471786132e-11
00653004859,006-5300-4859,"one digit, last group",-7.641374817721377e-11,177,1.9783054099188538e-10
00653004859,006-5300-4859,"one digit, last group",-7.641374817721377e-11,178,3.55649316108593e-10
00653004859,006-5300-4859,"one digit, last group",-7.641374817721377e-11,179,-3.425606182350012e-10
00653004859,006-5300-4859,"one digit, last group",-7.641374817721377e-11,180,-9.340925892558227e-11
00653004859,006-5300-4859,"one digit, last group",-7.641374817721377e-11,181,3.595972181402337e-10
00653004859,006-5300-4859,"one digit, last group",-7.641374817721377e-11,182,-1.0918821181992658e-10
00653004859,006-5300-4859,"one digit, last group",-7.641374817721377e-11,183,-2.739017302954206e-10
00653004859,006-5300-4859,"one digit, last group",-7.641374817721377e-11,184,-2.1639759456467535e-12
00653004859,006-5300-4859,"one digit, last group",-7.641374817721377e-11,185,1.2902071925889812e-10
00653004859,006-5300-4859,"one digit, last group",-7.641374817721377e-11,186,8.937418193704692e-11
00653004859,006-5300-4859,"one digit, last group",-7.641374817721377e-11,187,-3.219975421338678e-08
00653004859,006-5300-4859,"one digit, last group",-7.641374817721377e-11,188,3.07570128766885e-09
00653004859,006-5300-4859,"one digit, last group",-7.641374817721377e-11,189,3.814580370707094e-11
00653004859,006-5300-4859,"one digit, last group",-7.641374817721377e-11,190,1.5358114802217314e-10
00653004859,006-5300-4859,"one digit, last group",-7.641374817721377e-11,191,-7.759242460575168e-11
00653004859,006-5300-4859,"one digit, last group",-7.641374817721377e-11,192,-1.172746197964289e-11
00653004859,006-5300-4859,"one digit, last group",-7.641374817721377e-11,193,-2.9954963290283565e-10
00653004859,006-5300-4859,"one digit, last group",-7.641374817721377e-11,194,5.7508690292345827e-11
00653004859,006-5300-4859,"one digit, last group",-7.641374817721377e-11,195,-9.771327174659466e-11
00653004859,006-5300-4859,"one digit, last group",-7.641374817721377e-11,196,1.5685468277644364e-10
00653004859,006-5300-4859,"one digit, last group",-7.641374817721377e-11,197,3.0228000164349664e-11
00653004859,006-5300-4859,"one digit, last group",-7.641374817721377e-11,198,8.774212889877304e-11
00653004859,006-5300-4859,"one digit, last group",-7.641374817721377e-11,199,4.864122634026904e-10
00653004859,006-5300-4859,"one digit, last group",-7.641374817721377e-11,200,-3.960869533390075e-11
00653004859,006-5300-4859,"one digit, last group",-7.641374817721377e-11,201,-2.212570765027991e-11
00653004859,006-5300-4859,"one digit, last group",-7.641374817721377e-11,202,5.860793056738583e-10
00653004859,006-5300-4859,"one digit, last group",-7.641374817721377e-11,203,1.8257523519117952e-11
02050002924,020-5000-2924,"one digit, first group",-1.8086407599390193e-10,0,6.88387698494735e-12
02050002924,020-5000-2924,"one digit, first group",-1.8086407599390193e-10,1,2.41630538466641e-10
02050002924,020-5000-2924,"one digit, first group",-1.8086407599390193e-10,2,-2.5220009881567974e-11
02050002924,020-5000-2924,"one digit, first group",-1.8086407599390193e-10,3,-9.110905669285101e-11
02050002924,020-5000-2924,"one digit, first group",-1.8086407599390193e-10,4,-2.708696198381475e-10
02050002924,020-5000-2924,"one digit, first group",-1.8086407599390193e-10,5,2.0764462343585765e-10
02050002924,020-5000-2924,"one digit, first group",-1.8086407599390193e-10,6,-9.868643655074262e-11
02050002924,020-5000-2924,"one digit, first group",-1.8086407599390193e-10,7,-4.3466819551476356e-11
02050002924,020-5000-2924,"one digit, first group",-1.8086407599390193e-10,8,-8.028955894948635e-11
02050002924,020-5000-2924,"one digit, first group",-1.8086407599390193e-10,9,3.300684955784286e-11
02050002924,020-5000-2924,"one digit, first group",-1.8086407599390193e-10,10,9.830931292840272e-12
02050002924,020-5000-2924,"one digit, first group",-1.8086407599390193e-10,11,-5.569730366072005e-11
02050002924,020-5000-2924,"one digit, first group",-1.8086407599390193e-10,12,-9.67648451596427e-11
02050002924,020-5000-2924,"one digit, first group",-1.8086407599390193e-10,13,2.910215312825767e-10
02050002924,020-5000-2924,"one digit, first group",-1.8086407599390193e-10,14,6.3143236107504e-11
02050002924,020-5000-2924,"one digit, first group",-1.8086407599390193e-10,15,-2.8687455531071858e-11
02050002924,020-5000-2924,"one digit, first group",-1.8086407599390193e-10,16,-4.1859536970914694e-10
02050002924,020-5000-2924,"one digit, first group",-1.8086407599390193e-10,17,-6.420855697608323e-10
02050002924,020-5000-2924,"one digit, first group",-1.8086407599390193e-10,18,-1.3545560173760779e-10
02050002924,020-5000-2924,"one digit, first group",-1.8086407599390193e-10,19,-3.050017516566808e-11
02050002924,020-5000-2924,"one digit, first group",-1.8086407599390193e-10,20,1.6128765475066713e-10
02050002924,020-5000-2924,"one digit, first group",-1.8086407599390193e-10,21,-3.076796403356687e-11
02050002924,020-5000-2924,"one digit, first group",-1.8086407599390193e-10,22,-1.6407650335638407e-11
02050002924,020-5000-2924,"one digit, first group",-1.8086407599390193e-10,23,-1.614537005286972e-11
02050002924,020-5000-2924,"one digit, first group",-1.8086407599390193e-10,24,-3.692092744224026e-11
02050002924,020-5000-2924,"one digit, first group",-1.8086407599390193e-10,25,3.10329799637935e-11
02050002924,020-5000-2924,"one digit, first group",-1.8086407599390193e-10,26,-1.7868372308118546e-10
02050002924,020-5000-2924,"one digit, first group",-1.8086407599390193e-10,27,-1.2405374871452282e-10
02050002924,020-5000-2924,"one digit, first group",-1.8086407599390193e-10,28,-4.2262957958544583e-10
02050002924,020-5000-2924,"one digit, first group",-1.8086407599390193e-10,29,-3.411842431315361e-11
02050002924,020-5000-2924,"one digit, first group",-1.8086407599390193e-10,30,-1.0411340427943643e-10
02050002924,020-5000-2924,"one digit, first group",-1.8086407599390193e-10,31,-1.8181699673348135e-11
02050002924,020-5000-2924,"one digit, first group",-1.8086407599390193e-10,32,-2.6251430641539387e-10
02050002924,020-5000-2924,"one digit, first group",-1.8086407599390193e-10,33,-4.154251515275458e-10
02050002924,020-5000-2924,"one digit, first group",-1.8086407599390193e-10,34,6.221626275322916e-11
02050002924,020-5000-2924,"one digit, first group",-1.8086407599390193e-10,35,1.9942668211611192e-11
02050002924,020-5000-2924,"one digit, first group",-1.8086407599390193e-10,36,5.91183400347605e-11
02050002924,020-5000-2924,"one digit, first group",-1.8086407599390193e-10,37,1.5877446381348323e-10
02050002924,020-5000-2924,"one digit, first group",-1.8086407599390193e-10,38,1.4111516531618138e-10
02050002924,020-5000-2924,"one digit, first group",-1.8086407599390193e-10,39,-1.4722208587586752e-10
02050002924,020-5000-2924,"one digit, first group",-1.8086407599390193e-10,40,-1.283432294315282e-10
02050002924,020-5000-2924,"one digit, first group",-1.8086407599390193e-10,41,1.0064626604373204e-10
02050002924,020-5000-2924,"one digit, first group",-1.8086407599390193e-10,42,1.0586779009824601e-10
02050002924,020-5000-2924,"one digit, first group",-1.8086407599390193e-10,43,-1.0558254252699764e-10
02050002924,020-5000-2924,"one digit, first group",-1.8086407599390193e-10,44,3.418545115696957e-11
02050002924,020-5000-2924,"one digit, first group",-1.8086407599390193e-10,45,-2.121756559741428e-10
02050002924,020-5000-2924,"one digit, first group",-1.8086407599390193e-10,46,7.326373647241377e-11
02050002924,020-5000-2924,"one digit, first group",-1.8086407599390193e-10,47,2.2421516724632858e-10
02050002924,020-5000-2924,"one digit, first group",-1.8086407599390193e-10,48,3.947452005611141e-11
02050002924,020-5000-2924,"one digit, first group",-1.8086407599390193e-10,49,1.354910006646175e-10
02050002924,020-5000-2924,"one digit, first group",-1.8086407599390193e-10,50,2.959155524279923e-10
02050002924,020-5000-2924,"one digit, first group",-1.8086407599390193e-10,51,-5.1952091648641456e-11
02050002924,020-5000-2924,"one digit, first group",-1.8086407599390193e-10,52,-3.127455755188525e-10
02050002924,020-5000-2924,"one digit, first group",-1.8086407599390193e-10,53,-3.930414223695453e-11
02050002924,020-5000-2924,"one digit, first group",-1.8086407599390193e-10,54,-5.696698394357485e-11
02050002924,020-5000-2924,"one digit, first group",-1.8086407599390193e-10,55,3.3434477086219466e-11
02050002924,020-5000-2924,"one digit, first group",-1.8086407599390193e-10,56,-6.118657530961155e-11
02050002924,020-5000-2924,"one digit, first group",-1.8086407599390193e-10,57,5.467791591471614e-11
02050002924,020-5000-2924,"one digit, first group",-1.8086407599390193e-10,58,9.534418990278421e-12
02050002924,020-5000-2924,"one digit, first group",-1.8086407599390193e-10,59,-1.0061424494427188e-10
02050002924,020-5000-2924,"one digit, first group",-1.8086407599390193e-10,60,3.420452493342021e-11
02050002924,020-5000-2924,"one digit, first group",-1.8086407599390193e-10,61,-1.0396775576198003e-10
02050002924,020-5000-2924,"one digit, first group",-1.8086407599390193e-10,62,1.1228532482877605e-10
02050002924,020-5000-2924,"one digit, first group",-1.8086407599390193e-10,63,7.421560258346737e-11
02050002924,020-5000-2924,"one digit, first group",-1.8086407599390193e-10,64,2.1583971492405673e-10
02050002924,020-5000-2924,"one digit, first group",-1.8086407599390193e-10,65,8.70058985284316e-11
02050002924,020-5000-2924,"one digit, first group",-1.8086407599390193e-10,66,4.79825046270891e-10
02050002924,020-5000-2924,"one digit, first group",-1.8086407599390193e-10,67,1.95769248824105e-10
02050002924,020-5000-2924,"one digit, first group",-1.8086407599390193e-10,68,-2.4615516518536334e-10
02050002924,020-5000-2924,"one digit, first group",-1.8086407599390193e-10,69,-1.7632946747783818e-10
02050002924,020-5000-2924,"one digit, first group",-1.8086407599390193e-10,70,-3.5310698828464676e-11
02050002924,020-5000-2924,"one digit, first group",-1.8086407599390193e-10,71,1.8705678929586725e-10
02050002924,020-5000-2924,"one digit, first group",-1.8086407599390193e-10,72,-2.332406454513244e-13
02050002924,020-5000-2924,"one digit, first group",-1.8086407599390193e-10,73,-7.213588950972223e-11
02050002924,020-5000-2924,"one digit, first group",-1.8086407599390193e-10,74,-2.549164162762726e-10
02050002924,020-5000-2924,"one digit, first group",-1.8086407599390193e-10,75,-6.206275373351998e-11
02050002924,020-5000-2924,"one digit, first group",-1.8086407599390193e-10,76,-2.9350635300067896e-11
02050002924,020-5000-2924,"one digit, first group",-1.8086407599390193e-10,77,1.3311346746037696e-11
02050002924,020-5000-2924,"one digit, first group",-1.8086407599390193e-10,78,8.815440064350581e-10
02050002924,020-5000-2924,"one digit, first group",-1.8086407599390193e-10,79,1.850783320314839e-10
02050002924,020-5000-2924,"one digit, first group",-1.8086407599390193e-10,80,-1.0927813954772381e-11
02050002924,020-5000-2924,"one digit, first group",-1.8086407599390193e-10,81,6.724177994311216e-11
02050002924,020-5000-2924,"one digit, first group",-1.8086407599390193e-10,82,1.110741328435052e-10
02050002924,020-5000-2924,"one digit, first group",-1.8086407599390193e-10,83,-5.7465217464500676e-11
02050002924,020-5000-2924,"one digit, first group",-1.8086407599390193e-10,84,3.139767932742978e-11
02050002924,020-5000-2924,"one digit, first group",-1.8086407599390193e-10,85,-4.0885626285782845e-11
02050002924,020-5000-2924,"one digit, first group",-1.8086407599390193e-10,86,5.391773814957563e-11
02050002924,020-5000-2924,"one digit, first group",-1.8086407599390193e-10,87,-1.770131961679673e-11
02050002924,020-5000-2924,"one digit, first group",-1.8086407599390193e-10,88,3.1367497132475147e-11
02050002924,020-5000-2924,"one digit, first group",-1.8086407599390193e-10,89,1.6769019224208686e-10
02050002924,020-5000-2924,"one digit, first group",-1.8086407599390193e-10,90,2.6800728717847236e-10
02050002924,020-5000-2924,"one digit, first group",-1.8086407599390193e-10,91,-2.449521725790474e-10
02050002924,020-5000-2924,"one digit, first group",-1.8086407599390193e-10,92,-3.602316489387803e-10
02050002924,020-5000-2924,"one digit, first group",-1.8086407599390193e-10,93,1.298975842384523e-10
02050002924,020-5000-2924,"one digit, first group",-1.8086407599390193e-10,94,4.0654653822775166e-11
02050002924,020-5000-2924,"one digit, first group",-1.8086407599390193e-10,95,-5.410441382389803e-12
02050002924,020-5000-2924,"one digit, first group",-1.8086407599390193e-10,96,-1.0333530691354892e-10
02050002924,020-5000-2924,"one digit, first group",-1.8086407599390193e-10,97,-1.373408776106845e-10
02050002924,020-5000-2924,"one digit, first group",-1.8086407599390193e-10,98,1.7706435591499286e-10
02050002924,020-5000-2924,"one digit, first group",-1.8086407599390193e-10,99,-4.3999695356369494e-11
02050002924,020-5000-2924,"one digit, first group",-1.8086407599390193e-10,100,1.4247133518307704e-10
02050002924,020-5000-2924,"one digit, first group",-1.8086407599390193e-10,101,9.028622893530052e-12
02050002924,020-5000-2924,"one digit, first group",-1.8086407599390193e-10,102,-5.116974513434358e-10
02050002924,020-5000-2924,"one digit, first group",-1.8086407599390193e-10,103,-1.0237266522280866e-10
02050002924,020-5000-2924,"one digit, first group",-1.8086407599390193e-10,104,-1.6215402240644937e-10
02050002924,020-5000-2924,"one digit, first group",-1.8086407599390193e-10,105,-1.7288132868300416e-10
02050002924,020-5000-2924,"one digit, first group",-1.8086407599390193e-10,106,-1.0117196596046326e-11
02050002924,020-5000-2924,"one digit, first group",-1.8086407599390193e-10,107,7.919931082956665e-11
02050002924,020-5000-2924,"one digit, first group",-1.8086407599390193e-10,108,8.903716500071375e-11
02050002924,020-5000-2924,"one digit, first group",-1.8086407599390193e-10,109,2.9227427102932475e-11
02050002924,020-5000-2924,"one digit, first group",-1.8086407599390193e-10,110,1.3292736622951875e-10
02050002924,020-5000-2924,"one digit, first group",-1.8086407599390193e-10,111,9.72069277014477e-11
02050002924,020-5000-2924,"one digit, first group",-1.8086407599390193e-10,112,-1.03687304213597e-10
02050002924,020-5000-2924,"one digit, first group",-1.8086407599390193e-10,113,-1.0260565327833295e-12
02050002924,020-5000-2924,"one digit, first group",-1.8086407599390193e-10,114,2.0806556849665667e-10
02050002924,020-5000-2924,"one digit, first group",-1.8086407599390193e-10,115,6.38691452417859e-11
02050002924,020-5000-2924,"one digit, first group",-1.8086407599390193e-10,116,6.393492941830353e-11
02050002924,020-5000-2924,"one digit, first group",-1.8086407599390193e-10,117,-3.59775876657483e-10
02050002924,020-5000-2924,"one digit, first group",-1.8086407599390193e-10,118,-2.2708034797497275e-10
02050002924,020-5000-2924,"one digit, first group",-1.8086407599390193e-10,119,-3.9069310085244474e-11
02050002924,020-5000-2924,"one digit, first group",-1.8086407599390193e-10,120,-4.002650131553915e-11
02050002924,020-5000-2924,"one digit, first group",-1.8086407599390193e-10,121,-4.048437806738444e-12
02050002924,020-5000-2924,"one digit, first group",-1.8086407599390193e-10,122,-2.144208831536823e-10
02050002924,020-5000-2924,"one digit, first group",-1.8086407599390193e-10,123,3.7805499700620094e-11
02050002924,020-5000-2924,"one digit, first group",-1.8086407599390193e-10,124,-7.750243673141928e-11
02050002924,020-5000-2924,"one digit, first group",-1.8086407599390193e-10,125,1.2981174579875125e-10
02050002924,020-5000-2924,"one digit, first group",-1.8086407599390193e-10,126,-6.526231155658455e-11
02050002924,020-5000-2924,"one digit, first group",-1.8086407599390193e-10,127,-3.682579396854709e-10
02050002924,020-5000-2924,"one digit, first group",-1.8086407599390193e-10,128,3.147896096309384e-10
02050002924,020-5000-2924,"one digit, first group",-1.8086407599390193e-10,129,2.3500346106993695e-11
02050002924,020-5000-2924,"one digit, first group",-1.8086407599390193e-10,130,3.182714527590636e-11
02050002924,020-5000-2924,"one digit, first group",-1.8086407599390193e-10,131,1.2622298521821176e-11
02050002924,020-5000-2924,"one digit, first group",-1.8086407599390193e-10,132,-6.575793339491386e-11
02050002924,020-5000-2924,"one digit, first group",-1.8086407599390193e-10,133,-2.3989854105348123e-10
02050002924,020-5000-2924,"one digit, first group",-1.8086407599390193e-10,134,2.5478317477544807e-10
02050002924,020-5000-2924,"one digit, first group",-1.8086407599390193e-10,135,1.6127376786854097e-10
02050002924,020-5000-2924,"one digit, first group",-1.8086407599390193e-10,136,-4.2414546638226394e-11
02050002924,020-5000-2924,"one digit, first group",-1.8086407599390193e-10,137,-1.2717806169236902e-10
02050002924,020-5000-2924,"one digit, first group",-1.8086407599390193e-10,138,4.687208509469392e-10
02050002924,020-5000-2924,"one digit, first group",-1.8086407599390193e-10,139,-4.5001785448458906e-11
02050002924,020-5000-2924,"one digit, first group",-1.8086407599390193e-10,140,-6.884134764426548e-11
02050002924,020-5000-2924,"one digit, first group",-1.8086407599390193e-10,141,1.1526114297723793e-11
02050002924,020-5000-2924,"one digit, first group",-1.8086407599390193e-10,142,-2.574047828415362e-09
02050002924,020-5000-2924,"one digit, first group",-1.8086407599390193e-10,143,-9.70287827623607e-09
02050002924,020-5000-2924,"one digit, first group",-1.8086407599390193e-10,144,-3.9687821224509944e-09
02050002924,020-5000-2924,"one digit, first group",-1.8086407599390193e-10,145,-2.552737038522491e-10
02050002924,020-5000-2924,"one digit, first group",-1.8086407599390193e-10,146,-1.460019855691344e-09
02050002924,020-5000-2924,"one digit, first group",-1.8086407599390193e-10,147,2.538890389413277e-10
02050002924,020-5000-2924,"one digit, first group",-1.8086407599390193e-10,148,1.3790562345446589e-09
02050002924,020-5000-2924,"one digit, first group",-1.8086407599390193e-10,149,6.042234522591815e-10
02050002924,020-5000-2924,"one digit, first group",-1.8086407599390193e-10,150,-1.4055025958462093e-10
02050002924,020-5000-2924,"one digit, first group",-1.8086407599390193e-10,151,-7.075362484110824e-11
02050002924,020-5000-2924,"one digit, first group",-1.8086407599390193e-10,152,3.5397224989504904e-10
02050002924,020-5000-2924,"one digit, first group",-1.8086407599390193e-10,153,2.2507337505259653e-11
02050002924,020-5000-2924,"one digit, first group",-1.8086407599390193e-10,154,-2.7410988034572454e-11
02050002924,020-5000-2924,"one digit, first group",-1.8086407599390193e-10,155,1.2725371862562724e-10
02050002924,020-5000-2924,"one digit, first group",-1.8086407599390193e-10,156,-1.8575735109645794e-09
02050002924,020-5000-2924,"one digit, first group",-1.8086407599390193e-10,157,2.7930054602464772e-11
02050002924,020-5000-2924,"one digit, first group",-1.8086407599390193e-10,158,7.16110658622156e-11
02050002924,020-5000-2924,"one digit, first group",-1.8086407599390193e-10,159,-1.8487259207168108e-11
02050002924,020-5000-2924,"one digit, first group",-1.8086407599390193e-10,160,8.826894914821639e-10
02050002924,020-5000-2924,"one digit, first group",-1.8086407599390193e-10,161,-7.900706889716714e-11
02050002924,020-5000-2924,"one digit, first group",-1.8086407599390193e-10,162,3.9364916130092376e-11
02050002924,020-5000-2924,"one digit, first group",-1.8086407599390193e-10,163,4.82488663709931e-10
02050002924,020-5000-2924,"one digit, first group",-1.8086407599390193e-10,164,6.818085930362627e-10
02050002924,020-5000-2924,"one digit, first group",-1.8086407599390193e-10,165,-2.0768208937805448e-10
02050002924,020-5000-2924,"one digit, first group",-1.8086407599390193e-10,166,5.340693140578616e-11
02050002924,020-5000-2924,"one digit, first group",-1.8086407599390193e-10,167,2.0121511555896178e-10
02050002924,020-5000-2924,"one digit, first group",-1.8086407599390193e-10,168,-4.062013170327456e-10
02050002924,020-5000-2924,"one digit, first group",-1.8086407599390193e-10,169,-1.0146061884873342e-10
02050002924,020-5000-2924,"one digit, first group",-1.8086407599390193e-10,170,-5.362272671905229e-11
02050002924,020-5000-2924,"one digit, first group",-1.8086407599390193e-10,171,-1.100238867311397e-10
02050002924,020-5000-2924,"one digit, first group",-1.8086407599390193e-10,172,3.359526152868914e-11
02050002924,020-5000-2924,"one digit, first group",-1.8086407599390193e-10,173,6.056955455124675e-11
02050002924,020-5000-2924,"one digit, first group",-1.8086407599390193e-10,174,3.103408829483311e-11
02050002924,020-5000-2924,"one digit, first group",-1.8086407599390193e-10,175,2.2039303992282095e-10
02050002924,020-5000-2924,"one digit, first group",-1.8086407599390193e-10,176,3.94335137545106e-12
02050002924,020-5000-2924,"one digit, first group",-1.8086407599390193e-10,177,1.4103133458070357e-10
02050002924,020-5000-2924,"one digit, first group",-1.8086407599390193e-10,178,-1.4522534505925957e-10
02050002924,020-5000-2924,"one digit, first group",-1.8086407599390193e-10,179,-1.6702359587919722e-10
02050002924,020-5000-2924,"one digit, first group",-1.8086407599390193e-10,180,1.121902273842648e-11
02050002924,020-5000-2924,"one digit, first group",-1.8086407599390193e-10,181,-2.2497764617410136e-10
02050002924,020-5000-2924,"one digit, first group",-1.8086407599390193e-10,182,7.645731412589003e-11
02050002924,020-5000-2924,"one digit, first group",-1.8086407599390193e-10,183,-8.361066222160462e-11
02050002924,020-5000-2924,"one digit, first group",-1.8086407599390193e-10,184,2.645042744072371e-11
02050002924,020-5000-2924,"one digit, first group",-1.8086407599390193e-10,185,3.768181698971117e-11
02050002924,020-5000-2924,"one digit, first group",-1.8086407599390193e-10,186,1.5337709137358826e-10
02050002924,020-5000-2924,"one digit, first group",-1.8086407599390193e-10,187,-4.835618614811193e-11
02050002924,020-5000-2924,"one digit, first group",-1.8086407599390193e-10,188,-1.1260048416956731e-10
02050002924,020-5000-2924,"one digit, first group",-1.8086407599390193e-10,189,-1.4099516795990938e-10
02050002924,020-5000-2924,"one digit, first group",-1.8086407599390193e-10,190,2.382919059176063e-11
02050002924,020-5000-2924,"one digit, first group",-1.8086407599390193e-10,191,-2.669235655223793e-11
02050002924,020-5000-2924,"one digit, first group",-1.8086407599390193e-10,192,-1.2216744278731985e-10
02050002924,020-5000-2924,"one digit, first group",-1.8086407599390193e-10,193,3.050252269659699e-12
02050002924,020-5000-2924,"one digit, first group",-1.8086407599390193e-10,194,2.955554827792368e-11
02050002924,020-5000-2924,"one digit, first group",-1.8086407599390193e-10,195,2.6931102585315464e-10
02050002924,020-5000-2924,"one digit, first group",-1.8086407599390193e-10,196,-3.413126392699505e-11
02050002924,020-5000-2924,"one digit, first group",-1.8086407599390193e-10,197,-9.410080107957491e-11
02050002924,020-5000-2924,"one digit, first group",-1.8086407599390193e-10,198,3.2352218401144715e-10
02050002924,020-5000-2924,"one digit, first group",-1.8086407599390193e-10,199,2.230055498485153e-10
02050002924,020-5000-2924,"one digit, first group",-1.8086407599390193e-10,200,1.3949563974767977e-10
02050002924,020-5000-2924,"one digit, first group",-1.8086407599390193e-10,201,1.374576163084466e-11
02050002924,020-5000-2924,"one digit, first group",-1.8086407599390193e-10,202,2.519584307723814e-10
02050002924,020-5000-2924,"one digit, first group",-1.8086407599390193e-10,203,-1.328215238029047e-11
01050102924,010-5010-2924,"one digit, middle group",-1.489282866695609e-10,0,-1.31726447166099e-10
01050102924,010-5010-2924,"one digit, middle group",-1.489282866695609e-10,1,-7.04985650305549e-11
01050102924,010-5010-2924,"one digit, middle group",-1.489282866695609e-10,2,-8.86352145020536e-11
01050102924,010-5010-2924,"one digit, middle group",-1.489282866695609e-10,3,-7.280805774815758e-11
01050102924,010-5010-2924,"one digit, middle group",-1.489282866695609e-10,4,-6.087609007477222e-11
01050102924,010-5010-2924,"one digit, middle group",-1.489282866695609e-10,5,1.5718377664412573e-10
01050102924,010-5010-2924,"one digit, middle group",-1.489282866695609e-10,6,7.698136564460966e-11
01050102924,010-5010-2924,"one digit, middle group",-1.489282866695609e-10,7,-2.416780763109097e-10
01050102924,010-5010-2924,"one digit, middle group",-1.489282866695609e-10,8,-4.1326426443307404e-10
01050102924,010-5010-2924,"one digit, middle group",-1.489282866695609e-10,9,-1.0063670241214013e-10
01050102924,010-5010-2924,"one digit, middle group",-1.489282866695609e-10,10,2.1698918501236725e-11
01050102924,010-5010-2924,"one digit, middle group",-1.489282866695609e-10,11,-8.633632080126227e-11
01050102924,010-5010-2924,"one digit, middle group",-1.489282866695609e-10,12,-3.819627466632672e-11
01050102924,010-5010-2924,"one digit, middle group",-1.489282866695609e-10,13,1.6389604748354184e-10
01050102924,010-5010-2924,"one digit, middle group",-1.489282866695609e-10,14,-2.692434948429532e-11
01050102924,010-5010-2924,"one digit, middle group",-1.489282866695609e-10,15,-6.833676594183632e-11
01050102924,010-5010-2924,"one digit, middle group",-1.489282866695609e-10,16,-7.529486045382385e-11
01050102924,010-5010-2924,"one digit, middle group",-1.489282866695609e-10,17,5.453305470059881e-10
01050102924,010-5010-2924,"one digit, middle group",-1.489282866695609e-10,18,-2.108707311826846e-10
01050102924,010-5010-2924,"one digit, middle group",-1.489282866695609e-10,19,2.1312981463343408e-11
01050102924,010-5010-2924,"one digit, middle group",-1.489282866695609e-10,20,-7.826881144182069e-11
01050102924,010-5010-2924,"one digit, middle group",-1.489282866695609e-10,21,-6.61393969532495e-11
01050102924,010-5010-2924,"one digit, middle group",-1.489282866695609e-10,22,-4.226421504260635e-11
01050102924,010-5010-2924,"one digit, middle group",-1.489282866695609e-10,23,-1.4343994085597494e-11
01050102924,010-5010-2924,"one digit, middle group",-1.489282866695609e-10,24,1.9656731587999533e-10
01050102924,010-5010-2924,"one digit, middle group",-1.489282866695609e-10,25,4.7588057964229134e-11
01050102924,010-5010-2924,"one digit, middle group",-1.489282866695609e-10,26,-2.039563796721671e-10
01050102924,010-5010-2924,"one digit, middle group",-1.489282866695609e-10,27,1.6883284475816163e-10
01050102924,010-5010-2924,"one digit, middle group",-1.489282866695609e-10,28,-3.34554153383322e-10
01050102924,010-5010-2924,"one digit, middle group",-1.489282866695609e-10,29,-6.089655213102819e-11
01050102924,010-5010-2924,"one digit, middle group",-1.489282866695609e-10,30,6.16532917282268e-11
01050102924,010-5010-2924,"one digit, middle group",-1.489282866695609e-10,31,-9.482810348286973e-11
01050102924,010-5010-2924,"one digit, middle group",-1.489282866695609e-10,32,2.7151582498733485e-10
01050102924,010-5010-2924,"one digit, middle group",-1.489282866695609e-10,33,-2.9972184849361047e-10
01050102924,010-5010-2924,"one digit, middle group",-1.489282866695609e-10,34,-2.8347460131265568e-11
01050102924,010-5010-2924,"one digit, middle group",-1.489282866695609e-10,35,7.1440775694633245e-12
01050102924,010-5010-2924,"one digit, middle group",-1.489282866695609e-10,36,-4.288174134745758e-11
01050102924,010-5010-2924,"one digit, middle group",-1.489282866695609e-10,37,9.580860592615111e-11
01050102924,010-5010-2924,"one digit, middle group",-1.489282866695609e-10,38,-1.50441199599956e-11
01050102924,010-5010-2924,"one digit, middle group",-1.489282866695609e-10,39,2.294353197087502e-11
01050102924,010-5010-2924,"one digit, middle group",-1.489282866695609e-10,40,1.1797231233624574e-11
01050102924,010-5010-2924,"one digit, middle group",-1.489282866695609e-10,41,1.5041028886044556e-10
01050102924,010-5010-2924,"one digit, middle group",-1.489282866695609e-10,42,1.187770859938552e-10
01050102924,010-5010-2924,"one digit, middle group",-1.489282866695609e-10,43,-1.579551049288968e-11
01050102924,010-5010-2924,"one digit, middle group",-1.489282866695609e-10,44,-2.7573375531235056e-11
01050102924,010-5010-2924,"one digit, middle group",-1.489282866695609e-10,45,1.2388226994402197e-10
01050102924,010-5010-2924,"one digit, middle group",-1.489282866695609e-10,46,9.448834787152974e-11
01050102924,010-5010-2924,"one digit, middle group",-1.489282866695609e-10,47,-3.178335164718196e-10
01050102924,010-5010-2924,"one digit, middle group",-1.489282866695609e-10,48,-1.6228174818703472e-10
01050102924,010-5010-2924,"one digit, middle group",-1.489282866695609e-10,49,-9.79592004642986e-11
01050102924,010-5010-2924,"one digit, middle group",-1.489282866695609e-10,50,3.4043752877719955e-10
01050102924,010-5010-2924,"one digit, middle group",-1.489282866695609e-10,51,-3.027781467881755e-11
01050102924,010-5010-2924,"one digit, middle group",-1.489282866695609e-10,52,-2.1006501429547107e-10
01050102924,010-5010-2924,"one digit, middle group",-1.489282866695609e-10,53,3.6692429535336446e-11
01050102924,010-5010-2924,"one digit, middle group",-1.489282866695609e-10,54,-1.840700357918473e-12
01050102924,010-5010-2924,"one digit, middle group",-1.489282866695609e-10,55,8.726899972674754e-11
01050102924,010-5010-2924,"one digit, middle group",-1.489282866695609e-10,56,1.2268467579026326e-11
01050102924,010-5010-2924,"one digit, middle group",-1.489282866695609e-10,57,-6.597443633708417e-12
01050102924,010-5010-2924,"one digit, middle group",-1.489282866695609e-10,58,-5.077298732637946e-11
01050102924,010-5010-2924,"one digit, middle group",-1.489282866695609e-10,59,-4.468414241137767e-11
01050102924,010-5010-2924,"one digit, middle group",-1.489282866695609e-10,60,-6.489018087006305e-11
01050102924,010-5010-2924,"one digit, middle group",-1.489282866695609e-10,61,-6.49430725992199e-11
01050102924,010-5010-2924,"one digit, middle group",-1.489282866695609e-10,62,-8.0352895680245e-11
01050102924,010-5010-2924,"one digit, middle group",-1.489282866695609e-10,63,-8.022744449212978e-12
01050102924,010-5010-2924,"one digit, middle group",-1.489282866695609e-10,64,-7.425781065704011e-11
01050102924,010-5010-2924,"one digit, middle group",-1.489282866695609e-10,65,5.027288770530146e-11
01050102924,010-5010-2924,"one digit, middle group",-1.489282866695609e-10,66,6.811606814835312e-11
01050102924,010-5010-2924,"one digit, middle group",-1.489282866695609e-10,67,-5.3672678485146465e-11
01050102924,010-5010-2924,"one digit, middle group",-1.489282866695609e-10,68,5.314225170298272e-13
01050102924,010-5010-2924,"one digit, middle group",-1.489282866695609e-10,69,-1.9166291765574985e-10
01050102924,010-5010-2924,"one digit, middle group",-1.489282866695609e-10,70,-5.5236922914175225e-11
01050102924,010-5010-2924,"one digit, middle group",-1.489282866695609e-10,71,8.105714037069756e-12
01050102924,010-5010-2924,"one digit, middle group",-1.489282866695609e-10,72,-1.8608089677788734e-11
01050102924,010-5010-2924,"one digit, middle group",-1.489282866695609e-10,73,-5.10404801371534e-11
01050102924,010-5010-2924,"one digit, middle group",-1.489282866695609e-10,74,5.8057396589026694e-11
01050102924,010-5010-2924,"one digit, middle group",-1.489282866695609e-10,75,7.426730998877956e-12
01050102924,010-5010-2924,"one digit, middle group",-1.489282866695609e-10,76,1.400185255990106e-10
01050102924,010-5010-2924,"one digit, middle group",-1.489282866695609e-10,77,6.100650769740303e-12
01050102924,010-5010-2924,"one digit, middle group",-1.489282866695609e-10,78,2.9108619817594505e-10
01050102924,010-5010-2924,"one digit, middle group",-1.489282866695609e-10,79,-1.245845527003662e-10
01050102924,010-5010-2924,"one digit, middle group",-1.489282866695609e-10,80,-5.2987013202019035e-11
01050102924,010-5010-2924,"one digit, middle group",-1.489282866695609e-10,81,4.299239986518971e-11
01050102924,010-5010-2924,"one digit, middle group",-1.489282866695609e-10,82,-7.579120239704831e-11
01050102924,010-5010-2924,"one digit, middle group",-1.489282866695609e-10,83,4.930041198804718e-11
01050102924,010-5010-2924,"one digit, middle group",-1.489282866695609e-10,84,1.4886783499061742e-10
01050102924,010-5010-2924,"one digit, middle group",-1.489282866695609e-10,85,3.499350545621968e-12
01050102924,010-5010-2924,"one digit, middle group",-1.489282866695609e-10,86,3.562679642160376e-10
01050102924,010-5010-2924,"one digit, middle group",-1.489282866695609e-10,87,-3.407887311689165e-11
01050102924,010-5010-2924,"one digit, middle group",-1.489282866695609e-10,88,1.4390116443098919e-10
01050102924,010-5010-2924,"one digit, middle group",-1.489282866695609e-10,89,1.2496851764804258e-10
01050102924,010-5010-2924,"one digit, middle group",-1.489282866695609e-10,90,-1.4775490137759739e-12
01050102924,010-5010-2924,"one digit, middle group",-1.489282866695609e-10,91,6.75141354091157e-11
01050102924,010-5010-2924,"one digit, middle group",-1.489282866695609e-10,92,2.501349793311338e-10
01050102924,010-5010-2924,"one digit, middle group",-1.489282866695609e-10,93,1.0557619893715048e-10
01050102924,010-5010-2924,"one digit, middle group",-1.489282866695609e-10,94,-2.3369359715950964e-12
01050102924,010-5010-2924,"one digit, middle group",-1.489282866695609e-10,95,1.9377465124489465e-10
01050102924,010-5010-2924,"one digit, middle group",-1.489282866695609e-10,96,-1.7153327936567728e-11
01050102924,010-5010-2924,"one digit, middle group",-1.489282866695609e-10,97,1.3974700513180532e-10
01050102924,010-5010-2924,"one digit, middle group",-1.489282866695609e-10,98,2.0998807182295025e-10
01050102924,010-5010-2924,"one digit, middle group",-1.489282866695609e-10,99,7.817541995044713e-11
01050102924,010-5010-2924,"one digit, middle group",-1.489282866695609e-10,100,-5.811432211763869e-12
01050102924,010-5010-2924,"one digit, middle group",-1.489282866695609e-10,101,2.88086027552368e-10
01050102924,010-5010-2924,"one digit, middle group",-1.489282866695609e-10,102,1.6527158429115573e-10
01050102924,010-5010-2924,"one digit, middle group",-1.489282866695609e-10,103,3.802237303877325e-10
01050102924,010-5010-2924,"one digit, middle group",-1.489282866695609e-10,104,4.3699109845151135e-11
01050102924,010-5010-2924,"one digit, middle group",-1.489282866695609e-10,105,1.5878481279775933e-10
01050102924,010-5010-2924,"one digit, middle group",-1.489282866695609e-10,106,-3.041224783800014e-11
01050102924,010-5010-2924,"one digit, middle group",-1.489282866695609e-10,107,-1.6810057925383084e-10
01050102924,010-5010-2924,"one digit, middle group",-1.489282866695609e-10,108,1.581732198120963e-11
01050102924,010-5010-2924,"one digit, middle group",-1.489282866695609e-10,109,8.137703620560586e-11
01050102924,010-5010-2924,"one digit, middle group",-1.489282866695609e-10,110,4.9159207020454576e-11
01050102924,010-5010-2924,"one digit, middle group",-1.489282866695609e-10,111,-1.2956026165447677e-11
01050102924,010-5010-2924,"one digit, middle group",-1.489282866695609e-10,112,2.1669847371286242e-10
01050102924,010-5010-2924,"one digit, middle group",-1.489282866695609e-10,113,7.576994185741072e-12
01050102924,010-5010-2924,"one digit, middle group",-1.489282866695609e-10,114,8.094091597794612e-11
01050102924,010-5010-2924,"one digit, middle group",-1.489282866695609e-10,115,-5.085163722082842e-11
01050102924,010-5010-2924,"one digit, middle group",-1.489282866695609e-10,116,5.860487057354892e-11
01050102924,010-5010-2924,"one digit, middle group",-1.489282866695609e-10,117,5.389310859744035e-11
01050102924,010-5010-2924,"one digit, middle group",-1.489282866695609e-10,118,-8.687364507021224e-12
01050102924,010-5010-2924,"one digit, middle group",-1.489282866695609e-10,119,4.359605537297632e-11
01050102924,010-5010-2924,"one digit, middle group",-1.489282866695609e-10,120,-9.306682283041077e-11
01050102924,010-5010-2924,"one digit, middle group",-1.489282866695609e-10,121,-2.4457997381430343e-10
01050102924,010-5010-2924,"one digit, middle group",-1.489282866695609e-10,122,7.293047662882458e-11
01050102924,010-5010-2924,"one digit, middle group",-1.489282866695609e-10,123,-2.18824889282397e-11
01050102924,010-5010-2924,"one digit, middle group",-1.489282866695609e-10,124,1.3578288039743242e-10
01050102924,010-5010-2924,"one digit, middle group",-1.489282866695609e-10,125,-5.691373284343608e-11
01050102924,010-5010-2924,"one digit, middle group",-1.489282866695609e-10,126,2.6871513989622786e-10
01050102924,010-5010-2924,"one digit, middle group",-1.489282866695609e-10,127,-3.3567512371087057e-10
01050102924,010-5010-2924,"one digit, middle group",-1.489282866695609e-10,128,4.58827836212341e-10
01050102924,010-5010-2924,"one digit, middle group",-1.489282866695609e-10,129,7.766389187401077e-11
01050102924,010-5010-2924,"one digit, middle group",-1.489282866695609e-10,130,-2.13239580708862e-11
01050102924,010-5010-2924,"one digit, middle group",-1.489282866695609e-10,131,2.4388226830772182e-11
01050102924,010-5010-2924,"one digit, middle group",-1.489282866695609e-10,132,-1.6572327963941265e-11
01050102924,010-5010-2924,"one digit, middle group",-1.489282866695609e-10,133,-1.4829862966257854e-10
01050102924,010-5010-2924,"one digit, middle group",-1.489282866695609e-10,134,-2.6961700436632626e-11
01050102924,010-5010-2924,"one digit, middle group",-1.489282866695609e-10,135,1.2415287719399203e-10
01050102924,010-5010-2924,"one digit, middle group",-1.489282866695609e-10,136,-3.1380373478931456e-11
01050102924,010-5010-2924,"one digit, middle group",-1.489282866695609e-10,137,1.459517522760939e-11
01050102924,010-5010-2924,"one digit, middle group",-1.489282866695609e-10,138,-1.851495003289909e-10
01050102924,010-5010-2924,"one digit, middle group",-1.489282866695609e-10,139,1.3398714580175302e-10
01050102924,010-5010-2924,"one digit, middle group",-1.489282866695609e-10,140,1.4073107594812717e-11
01050102924,010-5010-2924,"one digit, middle group",-1.489282866695609e-10,141,-7.244318162141143e-14
01050102924,010-5010-2924,"one digit, middle group",-1.489282866695609e-10,142,9.82780490828232e-09
01050102924,010-5010-2924,"one digit, middle group",-1.489282866695609e-10,143,1.5636634482088105e-09
01050102924,010-5010-2924,"one digit, middle group",-1.489282866695609e-10,144,-4.078502889767693e-09
01050102924,010-5010-2924,"one digit, middle group",-1.489282866695609e-10,145,8.025550781500271e-10
01050102924,010-5010-2924,"one digit, middle group",-1.489282866695609e-10,146,-1.2822580733084122e-09
01050102924,010-5010-2924,"one digit, middle group",-1.489282866695609e-10,147,3.281069917127572e-09
01050102924,010-5010-2924,"one digit, middle group",-1.489282866695609e-10,148,4.3802357914606895e-09
01050102924,010-5010-2924,"one digit, middle group",-1.489282866695609e-10,149,-4.557687990489625e-09
01050102924,010-5010-2924,"one digit, middle group",-1.489282866695609e-10,150,-1.3406502177067825e-10
01050102924,010-5010-2924,"one digit, middle group",-1.489282866695609e-10,151,1.2550168434808538e-10
01050102924,010-5010-2924,"one digit, middle group",-1.489282866695609e-10,152,1.6270974028203538e-10
01050102924,010-5010-2924,"one digit, middle group",-1.489282866695609e-10,153,5.1518097588554167e-11
01050102924,010-5010-2924,"one digit, middle group",-1.489282866695609e-10,154,1.097954836637065e-10
01050102924,010-5010-2924,"one digit, middle group",-1.489282866695609e-10,155,1.7036637620757894e-10
01050102924,010-5010-2924,"one digit, middle group",-1.489282866695609e-10,156,-1.5161388716186285e-09
01050102924,010-5010-2924,"one digit, middle group",-1.489282866695609e-10,157,3.9724057732907034e-11
01050102924,010-5010-2924,"one digit, middle group",-1.489282866695609e-10,158,6.783908469478963e-11
01050102924,010-5010-2924,"one digit, middle group",-1.489282866695609e-10,159,1.499166307457638e-11
01050102924,010-5010-2924,"one digit, middle group",-1.489282866695609e-10,160,-7.783341083200867e-09
01050102924,010-5010-2924,"one digit, middle group",-1.489282866695609e-10,161,-6.428283662878813e-11
01050102924,010-5010-2924,"one digit, middle group",-1.489282866695609e-10,162,5.186520547133732e-11
01050102924,010-5010-2924,"one digit, middle group",-1.489282866695609e-10,163,-5.08529429760314e-10
01050102924,010-5010-2924,"one digit, middle group",-1.489282866695609e-10,164,-4.554206774919541e-09
01050102924,010-5010-2924,"one digit, middle group",-1.489282866695609e-10,165,8.71512302281091e-11
01050102924,010-5010-2924,"one digit, middle group",-1.489282866695609e-10,166,5.3097533626170444e-12
01050102924,010-5010-2924,"one digit, middle group",-1.489282866695609e-10,167,-4.626199650535885e-11
01050102924,010-5010-2924,"one digit, middle group",-1.489282866695609e-10,168,9.725745442710928e-11
01050102924,010-5010-2924,"one digit, middle group",-1.489282866695609e-10,169,-3.499334231902484e-10
01050102924,010-5010-2924,"one digit, middle group",-1.489282866695609e-10,170,-1.501580272178355e-10
01050102924,010-5010-2924,"one digit, middle group",-1.489282866695609e-10,171,-5.019628072097087e-11
01050102924,010-5010-2924,"one digit, middle group",-1.489282866695609e-10,172,-2.5511912784862126e-11
01050102924,010-5010-2924,"one digit, middle group",-1.489282866695609e-10,173,-1.1363487567656735e-10
01050102924,010-5010-2924,"one digit, middle group",-1.489282866695609e-10,174,6.94833515307474e-11
01050102924,010-5010-2924,"one digit, middle group",-1.489282866695609e-10,175,2.66402256843992e-11
01050102924,010-5010-2924,"one digit, middle group",-1.489282866695609e-10,176,1.753065892380647e-11
01050102924,010-5010-2924,"one digit, middle group",-1.489282866695609e-10,177,-3.930696946334383e-10
01050102924,010-5010-2924,"one digit, middle group",-1.489282866695609e-10,178,2.2924397306537871e-10
01050102924,010-5010-2924,"one digit, middle group",-1.489282866695609e-10,179,6.213674547918266e-10
01050102924,010-5010-2924,"one digit, middle group",-1.489282866695609e-10,180,-1.1192451142326714e-10
01050102924,010-5010-2924,"one digit, middle group",-1.489282866695609e-10,181,-2.465346393038028e-10
01050102924,010-5010-2924,"one digit, middle group",-1.489282866695609e-10,182,2.8648711027613983e-10
01050102924,010-5010-2924,"one digit, middle group",-1.489282866695609e-10,183,9.495366388220135e-11
01050102924,010-5010-2924,"one digit, middle group",-1.489282866695609e-10,184,6.136463036006451e-11
01050102924,010-5010-2924,"one digit, middle group",-1.489282866695609e-10,185,1.0652748900731202e-10
01050102924,010-5010-2924,"one digit, middle group",-1.489282866695609e-10,186,-2.3858159343331536e-10
01050102924,010-5010-2924,"one digit, middle group",-1.489282866695609e-10,187,1.2722092208885337e-10
01050102924,010-5010-2924,"one digit, middle group",-1.489282866695609e-10,188,-1.7415513775450584e-10
01050102924,010-5010-2924,"one digit, middle group",-1.489282866695609e-10,189,2.2857393615228624e-10
01050102924,010-5010-2924,"one digit, middle group",-1.489282866695609e-10,190,-9.503762836306415e-11
01050102924,010-5010-2924,"one digit, middle group",-1.489282866695609e-10,191,-2.0366961512606126e-11
01050102924,010-5010-2924,"one digit, middle group",-1.489282866695609e-10,192,7.282954543287125e-11
01050102924,010-5010-2924,"one digit, middle group",-1.489282866695609e-10,193,-1.2263517103795222e-10
01050102924,010-5010-2924,"one digit, middle group",-1.489282866695609e-10,194,-2.500279515380623e-11
01050102924,010-5010-2924,"one digit, middle group",-1.489282866695609e-10,195,3.5111517718109664e-10
01050102924,010-5010-2924,"one digit, middle group",-1.489282866695609e-10,196,-3.443933442786193e-11
01050102924,010-5010-2924,"one digit, middle group",-1.489282866695609e-10,197,-2.0145325547344844e-10
01050102924,010-5010-2924,"one digit, middle group",-1.489282866695609e-10,198,-1.0724218898494269e-10
01050102924,010-5010-2924,"one digit, middle group",-1.489282866695609e-10,199,-6.705829730820959e-10
01050102924,010-5010-2924,"one digit, middle group",-1.489282866695609e-10,200,-5.62789739088275e-11
01050102924,010-5010-2924,"one digit, middle group",-1.489282866695609e-10,201,8.112151628817654e-11
01050102924,010-5010-2924,"one digit, middle group",-1.489282866695609e-10,202,-3.453075718534459e-10
01050102924,010-5010-2924,"one digit, middle group",-1.489282866695609e-10,203,-2.8776342516250743e-11
01011112222,010-1111-2222,not in the log,-3.156324147702492e-10,0,-6.412922882777892e-11
01011112222,010-1111-2222,not in the log,-3.156324147702492e-10,1,-2.201534260221201e-11
01011112222,010-1111-2222,not in the log,-3.156324147702492e-10,2,2.0084209369020456e-10
01011112222,010-1111-2222,not in the log,-3.156324147702492e-10,3,-3.1746136152592656e-11
01011112222,010-1111-2222,not in the log,-3.156324147702492e-10,4,3.7818797034553326e-11
01011112222,010-1111-2222,not in the log,-3.156324147702492e-10,5,-2.3748019119576186e-10
01011112222,010-1111-2222,not in the log,-3.156324147702492e-10,6,3.1592106087850867e-10
01011112222,010-1111-2222,not in the log,-3.156324147702492e-10,7,-8.726376616016418e-11
01011112222,010-1111-2222,not in the log,-3.156324147702492e-10,8,5.059942194084581e-10
01011112222,010-1111-2222,not in the log,-3.156324147702492e-10,9,-7.370949840729041e-11
01011112222,010-1111-2222,not in the log,-3.156324147702492e-10,10,-3.398414365989025e-11
01011112222,010-1111-2222,not in the log,-3.156324147702492e-10,11,-2.356647880931278e-10
01011112222,010-1111-2222,not in the log,-3.156324147702492e-10,12,4.0574173071973837e-10
01011112222,010-1111-2222,not in the log,-3.156324147702492e-10,13,6.975407761559243e-11
01011112222,010-1111-2222,not in the log,-3.156324147702492e-10,14,-2.048295813115972e-11
01011112222,010-1111-2222,not in the log,-3.156324147702492e-10,15,1.8370997515869933e-11
01011112222,010-1111-2222,not in the log,-3.156324147702492e-10,16,-3.910832363174682e-10
01011112222,010-1111-2222,not in the log,-3.156324147702492e-10,17,-5.320967478931483e-11
01011112222,010-1111-2222,not in the log,-3.156324147702492e-10,18,-1.0526077053682344e-10
01011112222,010-1111-2222,not in the log,-3.156324147702492e-10,19,-5.66167442257832e-11
01011112222,010-1111-2222,not in the log,-3.156324147702492e-10,20,-8.001002746689888e-11
01011112222,010-1111-2222,not in the log,-3.156324147702492e-10,21,2.604786268287985e-10
01011112222,010-1111-2222,not in the log,-3.156324147702492e-10,22,1.056621478161514e-10
01011112222,010-1111-2222,not in the log,-3.156324147702492e-10,23,-6.636193498153525e-11
01011112222,010-1111-2222,not in the log,-3.156324147702492e-10,24,1.9859463630048576e-10
01011112222,010-1111-2222,not in the log,-3.156324147702492e-10,25,8.312472874796665e-11
01011112222,010-1111-2222,not in the log,-3.156324147702492e-10,26,-7.732794550534023e-11
01011112222,010-1111-2222,not in the log,-3.156324147702492e-10,27,-1.725485500454953e-11
01011112222,010-1111-2222,not in the log,-3.156324147702492e-10,28,-1.0776420597864975e-10
01011112222,010-1111-2222,not in the log,-3.156324147702492e-10,29,7.905308001221536e-11
01011112222,010-1111-2222,not in the log,-3.156324147702492e-10,30,-2.021126607515638e-10
01011112222,010-1111-2222,not in the log,-3.156324147702492e-10,31,-7.816935314688514e-11
01011112222,010-1111-2222,not in the log,-3.156324147702492e-10,32,-2.5149221140601917e-10
01011112222,010-1111-2222,not in the log,-3.156324147702492e-10,33,-1.8055683951481647e-11
01011112222,010-1111-2222,not in the log,-3.156324147702492e-10,34,-2.1940725069613823e-11
01011112222,010-1111-2222,not in the log,-3.156324147702492e-10,35,1.2894958047390127e-11
01011112222,010-1111-2222,not in the log,-3.156324147702492e-10,36,4.372241072030018e-11
01011112222,010-1111-2222,not in the log,-3.156324147702492e-10,37,-1.8709094527677783e-11
01011112222,010-1111-2222,not in the log,-3.156324147702492e-10,38,1.0762716114208407e-10
01011112222,010-1111-2222,not in the log,-3.156324147702492e-10,39,6.615087480096409e-11
01011112222,010-1111-2222,not in the log,-3.156324147702492e-10,40,1.9641816895984713e-10
01011112222,010-1111-2222,not in the log,-3.156324147702492e-10,41,1.4374524765870126e-10
01011112222,010-1111-2222,not in the log,-3.156324147702492e-10,42,9.677366251153411e-11
01011112222,010-1111-2222,not in the log,-3.156324147702492e-10,43,4.888930131430563e-11
01011112222,010-1111-2222,not in the log,-3.156324147702492e-10,44,4.7564599369555224e-11
01011112222,010-1111-2222,not in the log,-3.156324147702492e-10,45,-1.1020879771113725e-10
01011112222,010-1111-2222,not in the log,-3.156324147702492e-10,46,1.363578379321563e-10
01011112222,010-1111-2222,not in the log,-3.156324147702492e-10,47,6.484034443480701e-10
01011112222,010-1111-2222,not in the log,-3.156324147702492e-10,48,-1.1580511802879108e-10
01011112222,010-1111-2222,not in the log,-3.156324147702492e-10,49,8.091063073813968e-11
01011112222,010-1111-2222,not in the log,-3.156324147702492e-10,50,-6.820226306395686e-11
01011112222,010-1111-2222,not in the log,-3.156324147702492e-10,51,-2.7025743757189152e-11
01011112222,010-1111-2222,not in the log,-3.156324147702492e-10,52,-1.500450637275725e-11
01011112222,010-1111-2222,not in the log,-3.156324147702492e-10,53,-2.644875127560644e-11
01011112222,010-1111-2222,not in the log,-3.156324147702492e-10,54,4.3188521772970634e-11
01011112222,010-1111-2222,not in the log,-3.156324147702492e-10,55,-3.252851706620519e-11
01011112222,010-1111-2222,not in the log,-3.156324147702492e-10,56,-4.693273397331518e-11
01011112222,010-1111-2222,not in the log,-3.156324147702492e-10,57,4.3848237111520134e-11
01011112222,010-1111-2222,not in the log,-3.156324147702492e-10,58,5.480536992266747e-11
01011112222,010-1111-2222,not in the log,-3.156324147702492e-10,59,1.264302942590777e-10
01011112222,010-1111-2222,not in the log,-3.156324147702492e-10,60,1.3401607666090889e-10
01011112222,010-1111-2222,not in the log,-3.156324147702492e-10,61,1.1193888891693473e-13
01011112222,010-1111-2222,not in the log,-3.156324147702492e-10,62,2.3199521403146385e-11
01011112222,010-1111-2222,not in the log,-3.156324147702492e-10,63,4.5416607701641915e-11
01011112222,010-1111-2222,not in the log,-3.156324147702492e-10,64,-1.6094961215212612e-10
01011112222,010-1111-2222,not in the log,-3.156324147702492e-10,65,1.2334899968709808e-11
01011112222,010-1111-2222,not in the log,-3.156324147702492e-10,66,1.0329580216633118e-10
01011112222,010-1111-2222,not in the log,-3.156324147702492e-10,67,1.4497134684459368e-10
01011112222,010-1111-2222,not in the log,-3.156324147702492e-10,68,-1.209366908710222e-10
01011112222,010-1111-2222,not in the log,-3.156324147702492e-10,69,2.0822538113143021e-10
01011112222,010-1111-2222,not in the log,-3.156324147702492e-10,70,7.375876119805837e-12
01011112222,010-1111-2222,not in the log,-3.156324147702492e-10,71,1.4468977700836356e-10
01011112222,010-1111-2222,not in the log,-3.156324147702492e-10,72,3.0029510484561524e-11
01011112222,010-1111-2222,not in the log,-3.156324147702492e-10,73,4.422015561969882e-11
01011112222,010-1111-2222,not in the log,-3.156324147702492e-10,74,1.5384329437749345e-10
01011112222,010-1111-2222,not in the log,-3.156324147702492e-10,75,3.56747538880911e-11
01011112222,010-1111-2222,not in the log,-3.156324147702492e-10,76,1.503354758967209e-11
01011112222,010-1111-2222,not in the log,-3.156324147702492e-10,77,-1.7175014906419904e-11
01011112222,010-1111-2222,not in the log,-3.156324147702492e-10,78,5.345245281240295e-10
01011112222,010-1111-2222,not in the log,-3.156324147702492e-10,79,5.66861665269242e-11
01011112222,010-1111-2222,not in the log,-3.156324147702492e-10,80,3.941159499208678e-11
01011112222,010-1111-2222,not in the log,-3.156324147702492e-10,81,6.24685473312189e-11
01011112222,010-1111-2222,not in the log,-3.156324147702492e-10,82,2.006191668954081e-10
01011112222,010-1111-2222,not in the log,-3.156324147702492e-10,83,6.425778425501439e-12
01011112222,010-1111-2222,not in the log,-3.156324147702492e-10,84,1.7918534998385468e-11
01011112222,010-1111-2222,not in the log,-3.156324147702492e-10,85,1.6827314755570717e-11
01011112222,010-1111-2222,not in the log,-3.156324147702492e-10,86,-8.548164761814364e-10
01011112222,010-1111-2222,not in the log,-3.156324147702492e-10,87,1.3548654136872238e-11
01011112222,010-1111-2222,not in the log,-3.156324147702492e-10,88,-5.5958508388838223e-11
01011112222,010-1111-2222,not in the log,-3.156324147702492e-10,89,-9.499756983822313e-13
01011112222,010-1111-2222,not in the log,-3.156324147702492e-10,90,-1.2753600459660914e-10
01011112222,010-1111-2222,not in the log,-3.156324147702492e-10,91,1.830239636672744e-10
01011112222,010-1111-2222,not in the log,-3.156324147702492e-10,92,-5.211439267383607e-11
01011112222,010-1111-2222,not in the log,-3.156324147702492e-10,93,1.7361855516642028e-10
01011112222,010-1111-2222,not in the log,-3.156324147702492e-10,94,5.690109083772254e-11
01011112222,010-1111-2222,not in the log,-3.156324147702492e-10,95,1.0596804472156006e-10
01011112222,010-1111-2222,not in the log,-3.156324147702492e-10,96,-2.6066709823861e-10
01011112222,010-1111-2222,not in the log,-3.156324147702492e-10,97,-1.0314649275171091e-11
01011112222,010-1111-2222,not in the log,-3.156324147702492e-10,98,1.7870443980958658e-10
01011112222,010-1111-2222,not in the log,-3.156324147702492e-10,99,2.1196433853028938e-11
01011112222,010-1111-2222,not in the log,-3.156324147702492e-10,100,3.498062411113255e-11
01011112222,010-1111-2222,not in the log,-3.156324147702492e-10,101,6.940802430358771e-14
01011112222,010-1111-2222,not in the log,-3.156324147702492e-10,102,1.458447866274029e-10
01011112222,010-1111-2222,not in the log,-3.156324147702492e-10,103,3.824446967188074e-10
01011112222,010-1111-2222,not in the log,-3.156324147702492e-10,104,8.863583511187849e-11
01011112222,010-1111-2222,not in the log,-3.156324147702492e-10,105,-5.6468124487338e-11
01011112222,010-1111-2222,not in the log,-3.156324147702492e-10,106,9.700875068331225e-11
01011112222,010-1111-2222,not in the log,-3.156324147702492e-10,107,1.9337172556528903e-11
01011112222,010-1111-2222,not in the log,-3.156324147702492e-10,108,5.942388448716126e-11
01011112222,010-1111-2222,not in the log,-3.156324147702492e-10,109,1.1448079081966056e-10
01011112222,010-1111-2222,not in the log,-3.156324147702492e-10,110,-1.1867556107963613e-10
01011112222,010-1111-2222,not in the log,-3.156324147702492e-10,111,2.0312304564491334e-10
01011112222,010-1111-2222,not in the log,-3.156324147702492e-10,112,-1.1609129812154015e-10
01011112222,010-1111-2222,not in the log,-3.156324147702492e-10,113,-4.060729303524111e-12
01011112222,010-1111-2222,not in the log,-3.156324147702492e-10,114,1.2577075752060443e-10
01011112222,010-1111-2222,not in the log,-3.156324147702492e-10,115,3.1379538825700764e-11
01011112222,010-1111-2222,not in the log,-3.156324147702492e-10,116,7.029308385015589e-11
01011112222,010-1111-2222,not in the log,-3.156324147702492e-10,117,-8.839768319276386e-11
01011112222,010-1111-2222,not in the log,-3.156324147702492e-10,118,-7.357335088542804e-11
01011112222,010-1111-2222,not in the log,-3.156324147702492e-10,119,5.930657222719424e-11
01011112222,010-1111-2222,not in the log,-3.156324147702492e-10,120,3.0428088406750653e-11
01011112222,010-1111-2222,not in the log,-3.156324147702492e-10,121,2.9414753349865596e-10
01011112222,010-1111-2222,not in the log,-3.156324147702492e-10,122,-2.026109438003063e-10
01011112222,010-1111-2222,not in the log,-3.156324147702492e-10,123,-9.251362653981217e-12
01011112222,010-1111-2222,not in the log,-3.156324147702492e-10,124,-2.797224260407932e-10
01011112222,010-1111-2222,not in the log,-3.156324147702492e-10,125,-1.3908726990645044e-10
01011112222,010-1111-2222,not in the log,-3.156324147702492e-10,126,-3.107711605429403e-11
01011112222,010-1111-2222,not in the log,-3.156324147702492e-10,127,4.0355217357025604e-11
01011112222,010-1111-2222,not in the log,-3.156324147702492e-10,128,1.581532640919928e-10
01011112222,010-1111-2222,not in the log,-3.156324147702492e-10,129,1.4709147981947252e-10
01011112222,010-1111-2222,not in the log,-3.156324147702492e-10,130,-6.6950003998029075e-12
01011112222,010-1111-2222,not in the log,-3.156324147702492e-10,131,-6.001548511649996e-11
01011112222,010-1111-2222,not in the log,-3.156324147702492e-10,132,-3.887462501118478e-11
01011112222,010-1111-2222,not in the log,-3.156324147702492e-10,133,-2.2321208650757082e-10
01011112222,010-1111-2222,not in the log,-3.156324147702492e-10,134,-3.6376801151521817e-11
01011112222,010-1111-2222,not in the log,-3.156324147702492e-10,135,3.1422834883013456e-11
01011112222,010-1111-2222,not in the log,-3.156324147702492e-10,136,-3.438531800859481e-11
01011112222,010-1111-2222,not in the log,-3.156324147702492e-10,137,-1.8052322296243224e-10
01011112222,010-1111-2222,not in the log,-3.156324147702492e-10,138,-5.3782092474723e-11
01011112222,010-1111-2222,not in the log,-3.156324147702492e-10,139,6.529323383547004e-11
01011112222,010-1111-2222,not in the log,-3.156324147702492e-10,140,1.9172610805420132e-10
01011112222,010-1111-2222,not in the log,-3.156324147702492e-10,141,-2.484820088511636e-10
01011112222,010-1111-2222,not in the log,-3.156324147702492e-10,142,1.7559209605034137e-10
01011112222,010-1111-2222,not in the log,-3.156324147702492e-10,143,1.2649138367216844e-10
01011112222,010-1111-2222,not in the log,-3.156324147702492e-10,144,-9.548698010998846e-11
01011112222,010-1111-2222,not in the log,-3.156324147702492e-10,145,1.2815182978981297e-10
01011112222,010-1111-2222,not in the log,-3.156324147702492e-10,146,1.9359604506182205e-10
01011112222,010-1111-2222,not in the log,-3.156324147702492e-10,147,-1.9618249075858947e-11
01011112222,010-1111-2222,not in the log,-3.156324147702492e-10,148,2.7323748360165626e-11
01011112222,010-1111-2222,not in the log,-3.156324147702492e-10,149,1.2718202181783416e-10
01011112222,010-1111-2222,not in the log,-3.156324147702492e-10,150,-2.0947888869358682e-10
01011112222,010-1111-2222,not in the log,-3.156324147702492e-10,151,2.3905594658936607e-11
01011112222,010-1111-2222,not in the log,-3.156324147702492e-10,152,3.0277261140896344e-10
01011112222,010-1111-2222,not in the log,-3.156324147702492e-10,153,2.58518227753077e-10
01011112222,010-1111-2222,not in the log,-3.156324147702492e-10,154,-1.5289229527124226e-11
01011112222,010-1111-2222,not in the log,-3.156324147702492e-10,155,-2.1852427643406783e-10
01011112222,010-1111-2222,not in the log,-3.156324147702492e-10,156,-2.0573793326183926e-11
01011112222,010-1111-2222,not in the log,-3.156324147702492e-10,157,-3.8085799392661777e-11
01011112222,010-1111-2222,not in the log,-3.156324147702492e-10,158,-1.678492329773151e-12
01011112222,010-1111-2222,not in the log,-3.156324147702492e-10,159,-5.548319123104127e-11
01011112222,010-1111-2222,not in the log,-3.156324147702492e-10,160,1.9868859304405548e-10
01011112222,010-1111-2222,not in the log,-3.156324147702492e-10,161,-5.633488211913709e-11
01011112222,010-1111-2222,not in the log,-3.156324147702492e-10,162,6.261230615415734e-11
01011112222,010-1111-2222,not in the log,-3.156324147702492e-10,163,7.5110628569047e-11
01011112222,010-1111-2222,not in the log,-3.156324147702492e-10,164,-8.560047512221624e-11
01011112222,010-1111-2222,not in the log,-3.156324147702492e-10,165,-1.0356666836105645e-10
01011112222,010-1111-2222,not in the log,-3.156324147702492e-10,166,1.1551602013915372e-10
01011112222,010-1111-2222,not in the log,-3.156324147702492e-10,167,-1.457399343306497e-10
01011112222,010-1111-2222,not in the log,-3.156324147702492e-10,168,-1.8507931774900668e-10
01011112222,010-1111-2222,not in the log,-3.156324147702492e-10,169,-4.5339310566583847e-11
01011112222,010-1111-2222,not in the log,-3.156324147702492e-10,170,-8.567901576899235e-11
01011112222,010-1111-2222,not in the log,-3.156324147702492e-10,171,-1.14751018598937e-10
01011112222,010-1111-2222,not in the log,-3.156324147702492e-10,172,-6.864811668825341e-11
01011112222,010-1111-2222,not in the log,-3.156324147702492e-10,173,-1.9824350620380574e-11
01011112222,010-1111-2222,not in the log,-3.156324147702492e-10,174,-1.3695674149295191e-11
01011112222,010-1111-2222,not in the log,-3.156324147702492e-10,175,-5.298266597097017e-11
01011112222,010-1111-2222,not in the log,-3.156324147702492e-10,176,-2.0196471719454798e-11
01011112222,010-1111-2222,not in the log,-3.156324147702492e-10,177,3.7081766999465944e-10
01011112222,010-1111-2222,not in the log,-3.156324147702492e-10,178,5.2658862902095806e-11
01011112222,010-1111-2222,not in the log,-3.156324147702492e-10,179,4.8900284405747086e-11
01011112222,010-1111-2222,not in the log,-3.156324147702492e-10,180,1.885871508092118e-11
01011112222,010-1111-2222,not in the log,-3.156324147702492e-10,181,-2.4337056772107845e-10
01011112222,010-1111-2222,not in the log,-3.156324147702492e-10,182,-2.9211527890725836e-10
01011112222,010-1111-2222,not in the log,-3.156324147702492e-10,183,1.3246295182408916e-10
01011112222,010-1111-2222,not in the log,-3.156324147702492e-10,184,8.401054712689968e-12
01011112222,010-1111-2222,not in the log,-3.156324147702492e-10,185,-8.471212997883453e-11
01011112222,010-1111-2222,not in the log,-3.156324147702492e-10,186,1.3264232718762355e-11
01011112222,010-1111-2222,not in the log,-3.156324147702492e-10,187,2.229143526762746e-11
01011112222,010-1111-2222,not in the log,-3.156324147702492e-10,188,-2.394860417378893e-10
01011112222,010-1111-2222,not in the log,-3.156324147702492e-10,189,1.2297825219342535e-10
01011112222,010-1111-2222,not in the log,-3.156324147702492e-10,190,-1.855963828673537e-10
01011112222,010-1111-2222,not in the log,-3.156324147702492e-10,191,-5.76612648611892e-12
01011112222,010-1111-2222,not in the log,-3.156324147702492e-10,192,-9.213402359086845e-11
01011112222,010-1111-2222,not in the log,-3.156324147702492e-10,193,-7.338429774589653e-10
01011112222,010-1111-2222,not in the log,-3.156324147702492e-10,194,-4.5693595259514075e-12
01011112222,010-1111-2222,not in the log,-3.156324147702492e-10,195,-1.6419257219389306e-10
01011112222,010-1111-2222,not in the log,-3.156324147702492e-10,196,-1.2676622816232027e-11
01011112222,010-1111-2222,not in the log,-3.156324147702492e-10,197,-1.7310420297748805e-10
01011112222,010-1111-2222,not in the log,-3.156324147702492e-10,198,5.309429252861688e-11
01011112222,010-1111-2222,not in the log,-3.156324147702492e-10,199,-2.1148947330950124e-10
01011112222,010-1111-2222,not in the log,-3.156324147702492e-10,200,-8.000619126263311e-12
01011112222,010-1111-2222,not in the log,-3.156324147702492e-10,201,8.075818253679511e-11
01011112222,010-1111-2222,not in the log,-3.156324147702492e-10,202,-2.781521484886982e-10
01011112222,010-1111-2222,not in the log,-3.156324147702492e-10,203,1.5530851788692225e-11
