target,grouped,description,exist_value,slot,decrypted
01050002924,010-5000-2924,original,1.000000000300836,0,-9.66396366989317e-11
01050002924,010-5000-2924,original,1.000000000300836,1,3.7110925200334153e-10
01050002924,010-5000-2924,original,1.000000000300836,2,-2.277298104494828e-10
01050002924,010-5000-2924,original,1.000000000300836,3,8.7573241333651e-11
01050002924,010-5000-2924,original,1.000000000300836,4,-4.0336677570248635e-11
01050002924,010-5000-2924,original,1.000000000300836,5,4.045276668108486e-10
01050002924,010-5000-2924,original,1.000000000300836,6,-8.904488329262708e-11
01050002924,010-5000-2924,original,1.000000000300836,7,-1.107064111907728e-10
01050002924,010-5000-2924,original,1.000000000300836,8,9.073491825751941e-11
01050002924,010-5000-2924,original,1.000000000300836,9,-1.662952120789109e-11
01050002924,010-5000-2924,original,1.000000000300836,10,-5.407549743384951e-11
01050002924,010-5000-2924,original,1.000000000300836,11,1.3123632743365984e-10
01050002924,010-5000-2924,original,1.000000000300836,12,6.028617285555992e-10
01050002924,010-5000-2924,original,1.000000000300836,13,-3.059168079433266e-10
01050002924,010-5000-2924,original,1.000000000300836,14,9.062024293544793e-11
01050002924,010-5000-2924,original,1.000000000300836,15,-6.861982246542016e-11
01050002924,010-5000-2924,original,1.000000000300836,16,4.3474095654496515e-10
01050002924,010-5000-2924,original,1.000000000300836,17,3.671934873435202e-10
01050002924,010-5000-2924,original,1.000000000300836,18,-4.6642496680080415e-11
01050002924,010-5000-2924,original,1.000000000300836,19,4.976699994380664e-11
01050002924,010-5000-2924,original,1.000000000300836,20,-3.021510669562106e-11
01050002924,010-5000-2924,original,1.000000000300836,21,-1.1491927367442029e-10
01050002924,010-5000-2924,original,1.000000000300836,22,-2.894130435885655e-11
01050002924,010-5000-2924,original,1.000000000300836,23,2.2638934146145628e-11
01050002924,010-5000-2924,original,1.000000000300836,24,-2.0894784359461332e-10
01050002924,010-5000-2924,original,1.000000000300836,25,7.653873976556742e-11
01050002924,010-5000-2924,original,1.000000000300836,26,-2.6832361213695697e-10
01050002924,010-5000-2924,original,1.000000000300836,27,-2.048875045158852e-10
01050002924,010-5000-2924,original,1.000000000300836,28,1.5594515362227598e-10
01050002924,010-5000-2924,original,1.000000000300836,29,3.6303218104436195e-11
01050002924,010-5000-2924,original,1.000000000300836,30,4.893187467406765e-10
01050002924,010-5000-2924,original,1.000000000300836,31,-5.917061267666173e-11
01050002924,010-5000-2924,original,1.000000000300836,32,2.1300289925271023e-12
01050002924,010-5000-2924,original,1.000000000300836,33,1.7088390578548056e-10
01050002924,010-5000-2924,original,1.000000000300836,34,1.2368459963218473e-10
01050002924,010-5000-2924,original,1.000000000300836,35,1.1599611111803017e-11
01050002924,010-5000-2924,original,1.000000000300836,36,-1.3275794433494602e-10
01050002924,010-5000-2924,original,1.000000000300836,37,1.736618565241891e-10
01050002924,010-5000-2924,original,1.000000000300836,38,6.984990966864068e-11
01050002924,010-5000-2924,original,1.000000000300836,39,-1.1798856855484409e-10
01050002924,010-5000-2924,original,1.000000000300836,40,2.2886880344066105e-10
01050002924,010-5000-2924,original,1.000000000300836,41,6.80636125527772e-11
01050002924,010-5000-2924,original,1.000000000300836,42,1.6816326740584655e-10
01050002924,010-5000-2924,original,1.000000000300836,43,-4.199145949845926e-11
01050002924,010-5000-2924,original,1.000000000300836,44,-6.458016372040331e-12
01050002924,010-5000-2924,original,1.000000000300836,45,-3.020215884812536e-10
01050002924,010-5000-2924,original,1.000000000300836,46,1.0893292668548452e-11
01050002924,010-5000-2924,original,1.000000000300836,47,-4.1351095277665607e-11
01050002924,010-5000-2924,original,1.000000000300836,48,-1.6882380822243677e-10
01050002924,010-5000-2924,original,1.000000000300836,49,-5.917975378467827e-11
01050002924,010-5000-2924,original,1.000000000300836,50,2.4504594746866726e-10
01050002924,010-5000-2924,original,1.000000000300836,51,-2.680255382387257e-11
01050002924,010-5000-2924,original,1.000000000300836,52,6.487209646152914e-11
01050002924,010-5000-2924,original,1.000000000300836,53,8.133468597627739e-11
01050002924,010-5000-2924,original,1.000000000300836,54,8.742939555164611e-12
01050002924,010-5000-2924,original,1.000000000300836,55,1.4021814249093155e-10
01050002924,010-5000-2924,original,1.000000000300836,56,-1.1402515530732347e-12
01050002924,010-5000-2924,original,1.000000000300836,57,-7.431791958378638e-12
01050002924,010-5000-2924,original,1.000000000300836,58,7.360255727676554e-11
01050002924,010-5000-2924,original,1.000000000300836,59,2.295852595208462e-10
01050002924,010-5000-2924,original,1.000000000300836,60,1.736256859536033e-10
01050002924,010-5000-2924,original,1.000000000300836,61,4.3349955619610305e-11
01050002924,010-5000-2924,original,1.000000000300836,62,2.5966233410282313e-10
01050002924,010-5000-2924,original,1.000000000300836,63,-9.373944084514996e-11
01050002924,010-5000-2924,original,1.000000000300836,64,-1.0276038869478294e-10
01050002924,010-5000-2924,original,1.000000000300836,65,-4.280672641794552e-11
01050002924,010-5000-2924,original,1.000000000300836,66,-9.00193534723216e-11
01050002924,010-5000-2924,original,1.000000000300836,67,-1.2732023017869675e-10
01050002924,010-5000-2924,original,1.000000000300836,68,-9.26895827470295e-13
01050002924,010-5000-2924,original,1.000000000300836,69,1.659322553333769e-11
01050002924,010-5000-2924,original,1.000000000300836,70,-1.819654379254125e-10
01050002924,010-5000-2924,original,1.000000000300836,71,1.0312569207140689e-10
01050002924,010-5000-2924,original,1.000000000300836,72,-2.050470126584026e-12
01050002924,010-5000-2924,original,1.000000000300836,73,-5.663079945999929e-11
01050002924,010-5000-2924,original,1.000000000300836,74,-1.0881811248705753e-10
01050002924,010-5000-2924,original,1.000000000300836,75,-7.703241938440003e-11
01050002924,010-5000-2924,original,1.000000000300836,76,2.7988510347278873e-11
01050002924,010-5000-2924,original,1.000000000300836,77,4.42234366553679e-11
01050002924,010-5000-2924,original,1.000000000300836,78,2.533577723329453e-10
01050002924,010-5000-2924,original,1.000000000300836,79,-3.7386923898309393e-10
01050002924,010-5000-2924,original,1.000000000300836,80,1.9692733933462315e-12
01050002924,010-5000-2924,original,1.000000000300836,81,-2.7613739476239226e-11
01050002924,010-5000-2924,original,1.000000000300836,82,-2.9044108606486254e-10
01050002924,010-5000-2924,original,1.000000000300836,83,1.864979212636827e-11
01050002924,010-5000-2924,original,1.000000000300836,84,1.3497178087524758e-10
01050002924,010-5000-2924,original,1.000000000300836,85,1.021812755716217e-11
01050002924,010-5000-2924,original,1.000000000300836,86,-1.3880006092162446e-10
01050002924,010-5000-2924,original,1.000000000300836,87,8.28754269541877e-12
01050002924,010-5000-2924,original,1.000000000300836,88,4.029433367805632e-11
01050002924,010-5000-2924,original,1.000000000300836,89,1.5611155566605678e-10
01050002924,010-5000-2924,original,1.000000000300836,90,-5.875414728465028e-11
01050002924,010-5000-2924,original,1.000000000300836,91,-8.474651895477291e-12
01050002924,010-5000-2924,original,1.000000000300836,92,2.250237933591386e-10
01050002924,010-5000-2924,original,1.000000000300836,93,-1.7083013691366567e-10
01050002924,010-5000-2924,original,1.000000000300836,94,2.9604284930515754e-11
01050002924,010-5000-2924,original,1.000000000300836,95,4.1306983670562637e-11
01050002924,010-5000-2924,original,1.000000000300836,96,-1.0533157015253642e-10
01050002924,010-5000-2924,original,1.000000000300836,97,-8.462008405445867e-11
01050002924,010-5000-2924,original,1.000000000300836,98,-1.66129840225307e-10
01050002924,010-5000-2924,original,1.000000000300836,99,5.64317715410543e-11
01050002924,010-5000-2924,original,1.000000000300836,100,-1.6376974016739868e-10
01050002924,010-5000-2924,original,1.000000000300836,101,1.5382190177177791e-10
01050002924,010-5000-2924,original,1.000000000300836,102,-3.7170485936888017e-10
01050002924,010-5000-2924,original,1.000000000300836,103,1.6521219496966367e-10
01050002924,010-5000-2924,original,1.000000000300836,104,-8.725990776508512e-11
01050002924,010-5000-2924,original,1.000000000300836,105,9.441999919532089e-11
01050002924,010-5000-2924,original,1.000000000300836,106,9.015366141418195e-11
01050002924,010-5000-2924,original,1.000000000300836,107,-7.057775793723995e-11
01050002924,010-5000-2924,original,1.000000000300836,108,8.98381546206424e-11
01050002924,010-5000-2924,original,1.000000000300836,109,-2.092803194197456e-12
01050002924,010-5000-2924,original,1.000000000300836,110,8.486435394504667e-11
01050002924,010-5000-2924,original,1.000000000300836,111,1.2932210403519286e-10
01050002924,010-5000-2924,original,1.000000000300836,112,5.037882088790256e-11
01050002924,010-5000-2924,original,1.000000000300836,113,7.661304663285042e-12
01050002924,010-5000-2924,original,1.000000000300836,114,7.348308452087324e-11
01050002924,010-5000-2924,original,1.000000000300836,115,-2.3205444155542212e-11
01050002924,010-5000-2924,original,1.000000000300836,116,9.912188273460623e-11
01050002924,010-5000-2924,original,1.000000000300836,117,4.1368465895615456e-11
01050002924,010-5000-2924,original,1.000000000300836,118,3.455027940107462e-10
01050002924,010-5000-2924,original,1.000000000300836,119,-3.1388561502903006e-10
01050002924,010-5000-2924,original,1.000000000300836,120,1.898668986521101e-11
01050002924,010-5000-2924,original,1.000000000300836,121,2.96054480336171e-11
01050002924,010-5000-2924,original,1.000000000300836,122,-5.52216758559779e-11
01050002924,010-5000-2924,original,1.000000000300836,123,6.978447036940051e-11
01050002924,010-5000-2924,original,1.000000000300836,124,3.84793209678567e-10
01050002924,010-5000-2924,original,1.000000000300836,125,-1.9976725037022792e-10
01050002924,010-5000-2924,original,1.000000000300836,126,7.830375599328531e-11
01050002924,010-5000-2924,original,1.000000000300836,127,2.959254424361133e-11
01050002924,010-5000-2924,original,1.000000000300836,128,-3.161901176673446e-11
01050002924,010-5000-2924,original,1.000000000300836,129,2.5205159130380557e-11
01050002924,010-5000-2924,original,1.000000000300836,130,2.5778185350281786e-11
01050002924,010-5000-2924,original,1.000000000300836,131,3.6221227275974397e-11
01050002924,010-5000-2924,original,1.000000000300836,132,2.4746033946185054e-11
01050002924,010-5000-2924,original,1.000000000300836,133,-8.350735515885798e-11
01050002924,010-5000-2924,original,1.000000000300836,134,-5.988911473947371e-11
01050002924,010-5000-2924,original,1.000000000300836,135,2.2630970038012388e-11
01050002924,010-5000-2924,original,1.000000000300836,136,-2.5564821465096954e-11
01050002924,010-5000-2924,original,1.000000000300836,137,-2.6871775603177573e-11
01050002924,010-5000-2924,original,1.000000000300836,138,2.2208534097818693e-10
01050002924,010-5000-2924,original,1.000000000300836,139,-7.612339180920447e-11
01050002924,010-5000-2924,original,1.000000000300836,140,2.656688031995635e-10
01050002924,010-5000-2924,original,1.000000000300836,141,-3.8989222940326373e-10
01050002924,010-5000-2924,original,1.000000000300836,142,0.9999996841194385
01050002924,010-5000-2924,original,1.000000000300836,143,0.9999996848613606
01050002924,010-5000-2924,original,1.000000000300836,144,0.9999996808394522
01050002924,010-5000-2924,original,1.000000000300836,145,0.999999693226759
01050002924,010-5000-2924,original,1.000000000300836,146,0.9999996937630086
01050002924,010-5000-2924,original,1.000000000300836,147,0.9999996887266214
01050002924,010-5000-2924,original,1.000000000300836,148,0.9999996898678907
01050002924,010-5000-2924,original,1.000000000300836,149,0.9999997070651139
01050002924,010-5000-2924,original,1.000000000300836,150,9.205519546808457e-11
01050002924,010-5000-2924,original,1.000000000300836,151,1.2500255749507732e-10
01050002924,010-5000-2924,original,1.000000000300836,152,-1.5490780358318703e-10
01050002924,010-5000-2924,original,1.000000000300836,153,9.993383833229121e-11
01050002924,010-5000-2924,original,1.000000000300836,154,1.1447646536878312e-10
01050002924,010-5000-2924,original,1.000000000300836,155,5.547378766766247e-10
01050002924,010-5000-2924,original,1.000000000300836,156,0.9999996925097676
01050002924,010-5000-2924,original,1.000000000300836,157,2.235099304608518e-11
01050002924,010-5000-2924,original,1.000000000300836,158,1.5060981941646503e-10
01050002924,010-5000-2924,original,1.000000000300836,159,-2.4425872075375436e-11
01050002924,010-5000-2924,original,1.000000000300836,160,0.9999996931916884
01050002924,010-5000-2924,original,1.000000000300836,161,8.153791089746402e-12
01050002924,010-5000-2924,original,1.000000000300836,162,1.6796936381616336e-11
01050002924,010-5000-2924,original,1.000000000300836,163,0.9999996743219031
01050002924,010-5000-2924,original,1.000000000300836,164,0.9999996884002043
01050002924,010-5000-2924,original,1.000000000300836,165,-4.0249816953344074e-10
01050002924,010-5000-2924,original,1.000000000300836,166,4.297793459232096e-11
01050002924,010-5000-2924,original,1.000000000300836,167,6.539553119510065e-10
01050002924,010-5000-2924,original,1.000000000300836,168,-1.2850596367066075e-10
01050002924,010-5000-2924,original,1.000000000300836,169,-2.8561925746885308e-11
01050002924,010-5000-2924,original,1.000000000300836,170,1.3249684071482593e-10
01050002924,010-5000-2924,original,1.000000000300836,171,2.479370649391211e-10
01050002924,010-5000-2924,original,1.000000000300836,172,1.3907236907561489e-11
01050002924,010-5000-2924,original,1.000000000300836,173,1.689325346615948e-10
01050002924,010-5000-2924,original,1.000000000300836,174,-5.0928956706207235e-11
01050002924,010-5000-2924,original,1.000000000300836,175,2.2556842448002077e-10
01050002924,010-5000-2924,original,1.000000000300836,176,-8.797468168693377e-11
01050002924,010-5000-2924,original,1.000000000300836,177,-1.3143786906167597e-10
01050002924,010-5000-2924,original,1.000000000300836,178,-1.9143132128648722e-11
01050002924,010-5000-2924,original,1.000000000300836,179,-2.3103044686960752e-10
01050002924,010-5000-2924,original,1.000000000300836,180,-2.1535993584957444e-11
01050002924,010-5000-2924,original,1.000000000300836,181,1.6424061577526296e-11
01050002924,010-5000-2924,original,1.000000000300836,182,8.682056028679035e-11
01050002924,010-5000-2924,original,1.000000000300836,183,1.698465483524977e-10
01050002924,010-5000-2924,original,1.000000000300836,184,-8.160407856114657e-11
01050002924,010-5000-2924,original,1.000000000300836,185,-2.8229815088626295e-11
01050002924,010-5000-2924,original,1.000000000300836,186,-6.405986739245459e-11
01050002924,010-5000-2924,original,1.000000000300836,187,-5.6201033202223835e-11
01050002924,010-5000-2924,original,1.000000000300836,188,7.275533171957626e-11
01050002924,010-5000-2924,original,1.000000000300836,189,1.0348872146233934e-10
01050002924,010-5000-2924,original,1.000000000300836,190,1.2898365772794418e-10
01050002924,010-5000-2924,original,1.000000000300836,191,3.8632615327526465e-11
01050002924,010-5000-2924,original,1.000000000300836,192,-1.82041564072561e-11
01050002924,010-5000-2924,original,1.000000000300836,193,3.8774229087601065e-10
01050002924,010-5000-2924,original,1.000000000300836,194,5.860638564135326e-12
01050002924,010-5000-2924,original,1.000000000300836,195,1.9100694917416025e-10
01050002924,010-5000-2924,original,1.000000000300836,196,3.506816055389832e-11
01050002924,010-5000-2924,original,1.000000000300836,197,6.585264722903249e-11
01050002924,010-5000-2924,original,1.000000000300836,198,1.3980629572706925e-11
01050002924,010-5000-2924,original,1.000000000300836,199,-4.599231224209111e-10
01050002924,010-5000-2924,original,1.000000000300836,200,-6.908751076757425e-11
01050002924,010-5000-2924,original,1.000000000300836,201,3.641481493509053e-11
01050002924,010-5000-2924,original,1.000000000300836,202,-4.092691096627426e-10
01050002924,010-5000-2924,original,1.000000000300836,203,2.7876856058954797e-11
01050002925,010-5000-2925,"one digit, last group",2.1450618210535988e-10,0,5.95329951978447e-11
01050002925,010-5000-2925,"one digit, last group",2.1450618210535988e-10,1,-6.642659754552376e-11
01050002925,010-5000-2925,"one digit, last group",2.1450618210535988e-10,2,1.972210833072428e-10
01050002925,010-5000-2925,"one digit, last group",2.1450618210535988e-10,3,7.803713250246957e-11
01050002925,010-5000-2925,"one digit, last group",2.1450618210535988e-10,4,1.4473543539665614e-11
01050002925,010-5000-2925,"one digit, last group",2.1450618210535988e-10,5,2.0274975633333842e-11
01050002925,010-5000-2925,"one digit, last group",2.1450618210535988e-10,6,3.108394669960003e-10
01050002925,010-5000-2925,"one digit, last group",2.1450618210535988e-10,7,-4.3571080661440257e-11
01050002925,010-5000-2925,"one digit, last group",2.1450618210535988e-10,8,1.1560378725237398e-10
01050002925,010-5000-2925,"one digit, last group",2.1450618210535988e-10,9,-4.718827475115639e-11
01050002925,010-5000-2925,"one digit, last group",2.1450618210535988e-10,10,-2.740134098419742e-11
01050002925,010-5000-2925,"one digit, last group",2.1450618210535988e-10,11,-5.211630193876121e-10
01050002925,010-5000-2925,"one digit, last group",2.1450618210535988e-10,12,5.010901106370511e-10
01050002925,010-5000-2925,"one digit, last group",2.1450618210535988e-10,13,6.251173678586411e-11
01050002925,010-5000-2925,"one digit, last group",2.1450618210535988e-10,14,7.172072219568846e-11
01050002925,010-5000-2925,"one digit, last group",2.1450618210535988e-10,15,-3.1681662238521366e-11
01050002925,010-5000-2925,"one digit, last group",2.1450618210535988e-10,16,2.0610538829544542e-10
01050002925,010-5000-2925,"one digit, last group",2.1450618210535988e-10,17,6.180110397020862e-10
01050002925,010-5000-2925,"one digit, last group",2.1450618210535988e-10,18,4.367763134592106e-11
01050002925,010-5000-2925,"one digit, last group",2.1450618210535988e-10,19,1.5396941898252505e-11
01050002925,010-5000-2925,"one digit, last group",2.1450618210535988e-10,20,-1.133822162755767e-10
01050002925,010-5000-2925,"one digit, last group",2.1450618210535988e-10,21,-9.284350991771361e-11
01050002925,010-5000-2925,"one digit, last group",2.1450618210535988e-10,22,6.72461149774002e-14
01050002925,010-5000-2925,"one digit, last group",2.1450618210535988e-10,23,-5.8923718899832186e-12
01050002925,010-5000-2925,"one digit, last group",2.1450618210535988e-10,24,-1.914250722825963e-10
01050002925,010-5000-2925,"one digit, last group",2.1450618210535988e-10,25,9.783506033236687e-11
01050002925,010-5000-2925,"one digit, last group",2.1450618210535988e-10,26,-1.1740970160833367e-11
01050002925,010-5000-2925,"one digit, last group",2.1450618210535988e-10,27,-5.312070210452329e-12
01050002925,010-5000-2925,"one digit, last group",2.1450618210535988e-10,28,-4.5797533389973306e-10
01050002925,010-5000-2925,"one digit, last group",2.1450618210535988e-10,29,6.461484015687359e-11
01050002925,010-5000-2925,"one digit, last group",2.1450618210535988e-10,30,-1.0441305863752071e-10
01050002925,010-5000-2925,"one digit, last group",2.1450618210535988e-10,31,-1.15871427914436e-10
01050002925,010-5000-2925,"one digit, last group",2.1450618210535988e-10,32,5.923675015356447e-11
01050002925,010-5000-2925,"one digit, last group",2.1450618210535988e-10,33,3.7913250535960915e-11
01050002925,010-5000-2925,"one digit, last group",2.1450618210535988e-10,34,7.316147604982063e-12
01050002925,010-5000-2925,"one digit, last group",2.1450618210535988e-10,35,-2.4222879904398113e-11
01050002925,010-5000-2925,"one digit, last group",2.1450618210535988e-10,36,-5.517564888216954e-11
01050002925,010-5000-2925,"one digit, last group",2.1450618210535988e-10,37,-6.896205009660801e-11
01050002925,010-5000-2925,"one digit, last group",2.1450618210535988e-10,38,1.2970777586334895e-10
01050002925,010-5000-2925,"one digit, last group",2.1450618210535988e-10,39,-2.3448512168242406e-10
01050002925,010-5000-2925,"one digit, last group",2.1450618210535988e-10,40,6.280829752825158e-11
01050002925,010-5000-2925,"one digit, last group",2.1450618210535988e-10,41,-2.616409026508491e-11
01050002925,010-5000-2925,"one digit, last group",2.1450618210535988e-10,42,2.7083957820069226e-12
01050002925,010-5000-2925,"one digit, last group",2.1450618210535988e-10,43,-2.5131430185224758e-11
01050002925,010-5000-2925,"one digit, last group",2.1450618210535988e-10,44,1.9967644071703483e-11
01050002925,010-5000-2925,"one digit, last group",2.1450618210535988e-10,45,-7.133045353126036e-11
01050002925,010-5000-2925,"one digit, last group",2.1450618210535988e-10,46,-8.333623730168642e-11
01050002925,010-5000-2925,"one digit, last group",2.1450618210535988e-10,47,-1.320228307150665e-10
01050002925,010-5000-2925,"one digit, last group",2.1450618210535988e-10,48,-2.6975764870161986e-10
01050002925,010-5000-2925,"one digit, last group",2.1450618210535988e-10,49,3.425751219729926e-10
01050002925,010-5000-2925,"one digit, last group",2.1450618210535988e-10,50,-1.5764968775403805e-10
01050002925,010-5000-2925,"one digit, last group",2.1450618210535988e-10,51,-4.6711111654678747e-11
01050002925,010-5000-2925,"one digit, last group",2.1450618210535988e-10,52,-4.605606574165465e-10
01050002925,010-5000-2925,"one digit, last group",2.1450618210535988e-10,53,-9.144130099260739e-11
01050002925,010-5000-2925,"one digit, last group",2.1450618210535988e-10,54,1.325822428640634e-10
01050002925,010-5000-2925,"one digit, last group",2.1450618210535988e-10,55,6.664900817726511e-11
01050002925,010-5000-2925,"one digit, last group",2.1450618210535988e-10,56,-9.089048785562819e-11
01050002925,010-5000-2925,"one digit, last group",2.1450618210535988e-10,57,-5.04197479010064e-11
01050002925,010-5000-2925,"one digit, last group",2.1450618210535988e-10,58,3.372070027283545e-11
01050002925,010-5000-2925,"one digit, last group",2.1450618210535988e-10,59,8.397133788890874e-11
01050002925,010-5000-2925,"one digit, last group",2.1450618210535988e-10,60,1.1870791426211298e-10
01050002925,010-5000-2925,"one digit, last group",2.1450618210535988e-10,61,-7.840304313912781e-11
01050002925,010-5000-2925,"one digit, last group",2.1450618210535988e-10,62,1.9007389083332833e-10
01050002925,010-5000-2925,"one digit, last group",2.1450618210535988e-10,63,-6.808095109572188e-14
01050002925,010-5000-2925,"one digit, last group",2.1450618210535988e-10,64,-2.5160793449470476e-10
01050002925,010-5000-2925,"one digit, last group",2.1450618210535988e-10,65,-1.4740830720043284e-10
01050002925,010-5000-2925,"one digit, last group",2.1450618210535988e-10,66,-7.721495087885785e-12
01050002925,010-5000-2925,"one digit, last group",2.1450618210535988e-10,67,-2.2984118718653393e-10
01050002925,010-5000-2925,"one digit, last group",2.1450618210535988e-10,68,-2.8786480962821866e-11
01050002925,010-5000-2925,"one digit, last group",2.1450618210535988e-10,69,-1.7349758250079733e-10
01050002925,010-5000-2925,"one digit, last group",2.1450618210535988e-10,70,-3.875709475297474e-11
01050002925,010-5000-2925,"one digit, last group",2.1450618210535988e-10,71,-6.704291391947433e-11
01050002925,010-5000-2925,"one digit, last group",2.1450618210535988e-10,72,8.974194786255374e-12
01050002925,010-5000-2925,"one digit, last group",2.1450618210535988e-10,73,-2.0893189560274427e-10
01050002925,010-5000-2925,"one digit, last group",2.1450618210535988e-10,74,-2.0134278443132628e-10
01050002925,010-5000-2925,"one digit, last group",2.1450618210535988e-10,75,5.981360653679552e-11
01050002925,010-5000-2925,"one digit, last group",2.1450618210535988e-10,76,-1.8616168198701206e-10
01050002925,010-5000-2925,"one digit, last group",2.1450618210535988e-10,77,1.1960975136088815e-11
01050002925,010-5000-2925,"one digit, last group",2.1450618210535988e-10,78,-2.418600453435611e-10
01050002925,010-5000-2925,"one digit, last group",2.1450618210535988e-10,79,3.248153224127235e-11
01050002925,010-5000-2925,"one digit, last group",2.1450618210535988e-10,80,2.9356013409925646e-11
01050002925,010-5000-2925,"one digit, last group",2.1450618210535988e-10,81,2.980621877129505e-11
01050002925,010-5000-2925,"one digit, last group",2.1450618210535988e-10,82,5.366637561297243e-10
01050002925,010-5000-2925,"one digit, last group",2.1450618210535988e-10,83,6.559483199362492e-11
01050002925,010-5000-2925,"one digit, last group",2.1450618210535988e-10,84,-9.401289516241092e-11
01050002925,010-5000-2925,"one digit, last group",2.1450618210535988e-10,85,6.14671516448445e-11
01050002925,010-5000-2925,"one digit, last group",2.1450618210535988e-10,86,1.1177591009285946e-10
01050002925,010-5000-2925,"one digit, last group",2.1450618210535988e-10,87,-1.2629220443799386e-10
01050002925,010-5000-2925,"one digit, last group",2.1450618210535988e-10,88,1.586593091127909e-10
01050002925,010-5000-2925,"one digit, last group",2.1450618210535988e-10,89,2.9491277749845584e-11
01050002925,010-5000-2925,"one digit, last group",2.1450618210535988e-10,90,-1.7067893807096012e-11
01050002925,010-5000-2925,"one digit, last group",2.1450618210535988e-10,91,1.261332375066084e-10
01050002925,010-5000-2925,"one digit, last group",2.1450618210535988e-10,92,1.4793070746399404e-10
01050002925,010-5000-2925,"one digit, last group",2.1450618210535988e-10,93,7.8349127028185e-11
01050002925,010-5000-2925,"one digit, last group",2.1450618210535988e-10,94,1.0394927764551804e-10
01050002925,010-5000-2925,"one digit, last group",2.1450618210535988e-10,95,7.572720106511882e-11
01050002925,010-5000-2925,"one digit, last group",2.1450618210535988e-10,96,-3.489715123157139e-10
01050002925,010-5000-2925,"one digit, last group",2.1450618210535988e-10,97,5.287127023577578e-11
01050002925,010-5000-2925,"one digit, last group",2.1450618210535988e-10,98,-4.251582780643049e-11
01050002925,010-5000-2925,"one digit, last group",2.1450618210535988e-10,99,-6.545701379019721e-11
01050002925,010-5000-2925,"one digit, last group",2.1450618210535988e-10,100,9.840923225696112e-12
01050002925,010-5000-2925,"one digit, last group",2.1450618210535988e-10,101,-6.156602498894282e-11
01050002925,010-5000-2925,"one digit, last group",2.1450618210535988e-10,102,2.431466831389546e-10
01050002925,010-5000-2925,"one digit, last group",2.1450618210535988e-10,103,2.1034099170767114e-10
01050002925,010-5000-2925,"one digit, last group",2.1450618210535988e-10,104,2.390103200007721e-10
01050002925,010-5000-2925,"one digit, last group",2.1450618210535988e-10,105,-3.968498087095611e-11
01050002925,010-5000-2925,"one digit, last group",2.1450618210535988e-10,106,-9.304107045744044e-11
01050002925,010-5000-2925,"one digit, last group",2.1450618210535988e-10,107,-1.5178814129326903e-11
01050002925,010-5000-2925,"one digit, last group",2.1450618210535988e-10,108,-8.475876964125147e-11
01050002925,010-5000-2925,"one digit, last group",2.1450618210535988e-10,109,-2.550038914040816e-10
01050002925,010-5000-2925,"one digit, last group",2.1450618210535988e-10,110,-1.8074879193574432e-10
01050002925,010-5000-2925,"one digit, last group",2.1450618210535988e-10,111,-2.0178085716170427e-10
01050002925,010-5000-2925,"one digit, last group",2.1450618210535988e-10,112,1.6769041874996593e-10
01050002925,010-5000-2925,"one digit, last group",2.1450618210535988e-10,113,1.8107361331152328e-11
01050002925,010-5000-2925,"one digit, last group",2.1450618210535988e-10,114,-5.603833198848909e-11
01050002925,010-5000-2925,"one digit, last group",2.1450618210535988e-10,115,6.010351300510234e-12
01050002925,010-5000-2925,"one digit, last group",2.1450618210535988e-10,116,1.2383039601051338e-10
01050002925,010-5000-2925,"one digit, last group",2.1450618210535988e-10,117,1.0460036865666013e-10
01050002925,010-5000-2925,"one digit, last group",2.1450618210535988e-10,118,-4.919683372641636e-10
01050002925,010-5000-2925,"one digit, last group",2.1450618210535988e-10,119,-1.2361490656338434e-10
01050002925,010-5000-2925,"one digit, last group",2.1450618210535988e-10,120,-2.8075075079586503e-11
01050002925,010-5000-2925,"one digit, last group",2.1450618210535988e-10,121,1.3572903389240185e-10
01050002925,010-5000-2925,"one digit, last group",2.1450618210535988e-10,122,8.08024089284887e-11
01050002925,010-5000-2925,"one digit, last group",2.1450618210535988e-10,123,-4.8001451059344793e-11
01050002925,010-5000-2925,"one digit, last group",2.1450618210535988e-10,124,2.97044758340523e-10
01050002925,010-5000-2925,"one digit, last group",2.1450618210535988e-10,125,1.8374794401699144e-10
01050002925,010-5000-2925,"one digit, last group",2.1450618210535988e-10,126,-1.3621650387142539e-11
01050002925,010-5000-2925,"one digit, last group",2.1450618210535988e-10,127,2.415924464178858e-10
01050002925,010-5000-2925,"one digit, last group",2.1450618210535988e-10,128,2.8288588766305043e-11
01050002925,010-5000-2925,"one digit, last group",2.1450618210535988e-10,129,-7.654379494919599e-11
01050002925,010-5000-2925,"one digit, last group",2.1450618210535988e-10,130,6.377442831058634e-12
01050002925,010-5000-2925,"one digit, last group",2.1450618210535988e-10,131,5.347869606160361e-12
01050002925,010-5000-2925,"one digit, last group",2.1450618210535988e-10,132,4.8947891422109466e-12
01050002925,010-5000-2925,"one digit, last group",2.1450618210535988e-10,133,-2.37473792385023e-10
01050002925,010-5000-2925,"one digit, last group",2.1450618210535988e-10,134,2.8000484537517338e-11
01050002925,010-5000-2925,"one digit, last group",2.1450618210535988e-10,135,3.317715331795185e-11
01050002925,010-5000-2925,"one digit, last group",2.1450618210535988e-10,136,1.0191442926429967e-11
01050002925,010-5000-2925,"one digit, last group",2.1450618210535988e-10,137,-1.213563008359163e-10
01050002925,010-5000-2925,"one digit, last group",2.1450618210535988e-10,138,-2.539365186030684e-12
01050002925,010-5000-2925,"one digit, last group",2.1450618210535988e-10,139,8.356000968321587e-11
01050002925,010-5000-2925,"one digit, last group",2.1450618210535988e-10,140,1.4745074896060796e-11
01050002925,010-5000-2925,"one digit, last group",2.1450618210535988e-10,141,-3.4017388799030053e-10
01050002925,010-5000-2925,"one digit, last group",2.1450618210535988e-10,142,1.0387977168448525e-08
01050002925,010-5000-2925,"one digit, last group",2.1450618210535988e-10,143,4.575345336944252e-09
01050002925,010-5000-2925,"one digit, last group",2.1450618210535988e-10,144,9.208064833968218e-10
01050002925,010-5000-2925,"one digit, last group",2.1450618210535988e-10,145,2.3204847907804506e-09
01050002925,010-5000-2925,"one digit, last group",2.1450618210535988e-10,146,-1.005698690897442e-08
01050002925,010-5000-2925,"one digit, last group",2.1450618210535988e-10,147,2.674582486689936e-09
01050002925,010-5000-2925,"one digit, last group",2.1450618210535988e-10,148,-2.492742643476898e-09
01050002925,010-5000-2925,"one digit, last group",2.1450618210535988e-10,149,6.288108552432367e-09
01050002925,010-5000-2925,"one digit, last group",2.1450618210535988e-10,150,3.946076595946363e-11
01050002925,010-5000-2925,"one digit, last group",2.1450618210535988e-10,151,-1.4518436915941158e-11
01050002925,010-5000-2925,"one digit, last group",2.1450618210535988e-10,152,9.139818417149419e-11
01050002925,010-5000-2925,"one digit, last group",2.1450618210535988e-10,153,8.495713455039664e-11
01050002925,010-5000-2925,"one digit, last group",2.1450618210535988e-10,154,9.339765967384192e-11
01050002925,010-5000-2925,"one digit, last group",2.1450618210535988e-10,155,4.5608562162993686e-10
01050002925,010-5000-2925,"one digit, last group",2.1450618210535988e-10,156,3.1304144634910556e-09
01050002925,010-5000-2925,"one digit, last group",2.1450618210535988e-10,157,-8.694316954586522e-11
01050002925,010-5000-2925,"one digit, last group",2.1450618210535988e-10,158,-1.241162888881609e-10
01050002925,010-5000-2925,"one digit, last group",2.1450618210535988e-10,159,3.220105787948725e-11
01050002925,010-5000-2925,"one digit, last group",2.1450618210535988e-10,160,4.335816177359495e-09
01050002925,010-5000-2925,"one digit, last group",2.1450618210535988e-10,161,1.2239753723623617e-12
01050002925,010-5000-2925,"one digit, last group",2.1450618210535988e-10,162,-1.5951328911494962e-10
01050002925,010-5000-2925,"one digit, last group",2.1450618210535988e-10,163,-1.4011228235295085e-09
01050002925,010-5000-2925,"one digit, last group",2.1450618210535988e-10,164,5.9693206125580005e-09
01050002925,010-5000-2925,"one digit, last group",2.1450618210535988e-10,165,-2.521380809462568e-10
01050002925,010-5000-2925,"one digit, last group",2.1450618210535988e-10,166,4.541084100156354e-11
01050002925,010-5000-2925,"one digit, last group",2.1450618210535988e-10,167,-3.9445106743830077e-10
01050002925,010-5000-2925,"one digit, last group",2.1450618210535988e-10,168,-1.2191780667456746e-11
01050002925,010-5000-2925,"one digit, last group",2.1450618210535988e-10,169,1.648992808462113e-10
01050002925,010-5000-2925,"one digit, last group",2.1450618210535988e-10,170,2.5979292053544447e-10
01050002925,010-5000-2925,"one digit, last group",2.1450618210535988e-10,171,-2.2874742261536415e-10
01050002925,010-5000-2925,"one digit, last group",2.1450618210535988e-10,172,-4.976689609411259e-11
01050002925,010-5000-2925,"one digit, last group",2.1450618210535988e-10,173,-1.7866990949645703e-10
01050002925,010-5000-2925,"one digit, last group",2.1450618210535988e-10,174,-7.217469980639641e-11
01050002925,010-5000-2925,"one digit, last group",2.1450618210535988e-10,175,-5.545253850937539e-10
01050002925,010-5000-2925,"one digit, last group",2.1450618210535988e-10,176,5.502967773035446e-11
01050002925,010-5000-2925,"one digit, last group",2.1450618210535988e-10,177,-3.028437479793048e-10
01050002925,010-5000-2925,"one digit, last group",2.1450618210535988e-10,178,-2.422913201840917e-10
01050002925,010-5000-2925,"one digit, last group",2.1450618210535988e-10,179,1.4377610063987595e-10
01050002925,010-5000-2925,"one digit, last group",2.1450618210535988e-10,180,1.6291471927683062e-11
01050002925,010-5000-2925,"one digit, last group",2.1450618210535988e-10,181,-1.486986535105224e-10
01050002925,010-5000-2925,"one digit, last group",2.1450618210535988e-10,182,3.220045847717967e-11
01050002925,010-5000-2925,"one digit, last group",2.1450618210535988e-10,183,4.3422860904050417e-10
01050002925,010-5000-2925,"one digit, last group",2.1450618210535988e-10,184,3.597213963537024e-12
01050002925,010-5000-2925,"one digit, last group",2.1450618210535988e-10,185,-6.420646587873145e-12
01050002925,010-5000-2925,"one digit, last group",2.1450618210535988e-10,186,1.7854325126622667e-10
01050002925,010-5000-2925,"one digit, last group",2.1450618210535988e-10,187,3.873999055195182e-11
01050002925,010-5000-2925,"one digit, last group",2.1450618210535988e-10,188,9.995643907105094e-11
01050002925,010-5000-2925,"one digit, last group",2.1450618210535988e-10,189,1.4362186464199765e-10
01050002925,010-5000-2925,"one digit, last group",2.1450618210535988e-10,190,1.2898995111237597e-10
01050002925,010-5000-2925,"one digit, last group",2.1450618210535988e-10,191,-1.3878777323126429e-11
01050002925,010-5000-2925,"one digit, last group",2.1450618210535988e-10,192,-1.602316916996048e-10
01050002925,010-5000-2925,"one digit, last group",2.1450618210535988e-10,193,-1.0756090063265989e-10
01050002925,010-5000-2925,"one digit, last group",2.1450618210535988e-10,194,1.2252225728292642e-11
01050002925,010-5000-2925,"one digit, last group",2.1450618210535988e-10,195,-4.718181002760157e-11
01050002925,010-5000-2925,"one digit, last group",2.1450618210535988e-10,196,7.459935614987999e-11
01050002925,010-5000-2925,"one digit, last group",2.1450618210535988e-10,197,-3.258657720790008e-10
01050002925,010-5000-2925,"one digit, last group",2.1450618210535988e-10,198,-1.0485012857899124e-10
01050002925,010-5000-2925,"one digit, last group",2.1450618210535988e-10,199,-4.503603208488318e-10
01050002925,010-5000-2925,"one digit, last group",2.1450618210535988e-10,200,-8.520382369856702e-11
01050002925,010-5000-2925,"one digit, last group",2.1450618210535988e-10,201,-1.8914532758304108e-11
01050002925,010-5000-2925,"one digit, last group",2.1450618210535988e-10,202,1.3808679351752047e-10
01050002925,010-5000-2925,"one digit, last group",2.1450618210535988e-10,203,2.3738261102622258e-11
01051009080,010-5100-9080,original,0.9999999998094252,0,-1.4084995677240904e-10
01051009080,010-5100-9080,original,0.9999999998094252,1,1.4957734785600642e-10
01051009080,010-5100-9080,original,0.9999999998094252,2,-2.704543722874588e-10
01051009080,010-5100-9080,original,0.9999999998094252,3,-4.079833812663391e-11
01051009080,010-5100-9080,original,0.9999999998094252,4,-2.777837829552475e-11
01051009080,010-5100-9080,original,0.9999999998094252,5,2.3728655203882893e-10
01051009080,010-5100-9080,original,0.9999999998094252,6,9.537108418341431e-11
01051009080,010-5100-9080,original,0.9999999998094252,7,2.2552404585827373e-11
01051009080,010-5100-9080,original,0.9999999998094252,8,-1.406885300740969e-10
01051009080,010-5100-9080,original,0.9999999998094252,9,-3.1452309983155534e-12
01051009080,010-5100-9080,original,0.9999999998094252,10,5.53466986054349e-12
01051009080,010-5100-9080,original,0.9999999998094252,11,-1.5902920098270987e-10
01051009080,010-5100-9080,original,0.9999999998094252,12,-2.1077300608947417e-10
01051009080,010-5100-9080,original,0.9999999998094252,13,1.4398868991622483e-11
01051009080,010-5100-9080,original,0.9999999998094252,14,5.11596810752289e-11
01051009080,010-5100-9080,original,0.9999999998094252,15,-3.474645525506502e-11
01051009080,010-5100-9080,original,0.9999999998094252,16,2.658279775865774e-11
01051009080,010-5100-9080,original,0.9999999998094252,17,-4.327220381804211e-11
01051009080,010-5100-9080,original,0.9999999998094252,18,2.422275178299842e-10
01051009080,010-5100-9080,original,0.9999999998094252,19,1.221314454225177e-11
01051009080,010-5100-9080,original,0.9999999998094252,20,9.82252421180531e-12
01051009080,010-5100-9080,original,0.9999999998094252,21,9.532701021616758e-11
01051009080,010-5100-9080,original,0.9999999998094252,22,-8.53113180932406e-11
01051009080,010-5100-9080,original,0.9999999998094252,23,6.537630962444217e-11
01051009080,010-5100-9080,original,0.9999999998094252,24,2.0523543446949052e-10
01051009080,010-5100-9080,original,0.9999999998094252,25,-2.435769109138979e-11
01051009080,010-5100-9080,original,0.9999999998094252,26,-1.1358535572336834e-10
01051009080,010-5100-9080,original,0.9999999998094252,27,-1.771423455469496e-10
01051009080,010-5100-9080,original,0.9999999998094252,28,-4.3455953799207114e-10
01051009080,010-5100-9080,original,0.9999999998094252,29,-1.2556238783336303e-10
01051009080,010-5100-9080,original,0.9999999998094252,30,2.4451636807036326e-13
01051009080,010-5100-9080,original,0.9999999998094252,31,1.1476122862993499e-10
01051009080,010-5100-9080,original,0.9999999998094252,32,1.9067350217599295e-11
01051009080,010-5100-9080,original,0.9999999998094252,33,2.493492172232288e-10
01051009080,010-5100-9080,original,0.9999999998094252,34,-1.2105691932009261e-10
01051009080,010-5100-9080,original,0.9999999998094252,35,-1.1524516849362674e-11
01051009080,010-5100-9080,original,0.9999999998094252,36,-2.3585196729937465e-11
01051009080,010-5100-9080,original,0.9999999998094252,37,-2.498745650367079e-10
01051009080,010-5100-9080,original,0.9999999998094252,38,-8.872177674341977e-11
01051009080,010-5100-9080,original,0.9999999998094252,39,-7.823712245734079e-11
01051009080,010-5100-9080,original,0.9999999998094252,40,7.115011070621989e-11
01051009080,010-5100-9080,original,0.9999999998094252,41,-1.0512572902358866e-10
01051009080,010-5100-9080,original,0.9999999998094252,42,1.7110664573826628e-10
01051009080,010-5100-9080,original,0.9999999998094252,43,1.0203602545824549e-11
01051009080,010-5100-9080,original,0.9999999998094252,44,-4.321253114768344e-12
01051009080,010-5100-9080,original,0.9999999998094252,45,4.0609936660376656e-10
01051009080,010-5100-9080,original,0.9999999998094252,46,-5.2869081375950125e-11
01051009080,010-5100-9080,original,0.9999999998094252,47,4.6737842557705596e-11
01051009080,010-5100-9080,original,0.9999999998094252,48,-1.0966071908662488e-10
01051009080,010-5100-9080,original,0.9999999998094252,49,2.4688837509021996e-11
01051009080,010-5100-9080,original,0.9999999998094252,50,-1.9172394380069852e-10
01051009080,010-5100-9080,original,0.9999999998094252,51,4.445180705232218e-11
01051009080,010-5100-9080,original,0.9999999998094252,52,6.667429204861702e-11
01051009080,010-5100-9080,original,0.9999999998094252,53,3.9896129874744384e-11
01051009080,010-5100-9080,original,0.9999999998094252,54,-3.377574463055501e-12
01051009080,010-5100-9080,original,0.9999999998094252,55,6.706252917947024e-11
01051009080,010-5100-9080,original,0.9999999998094252,56,2.4866769334397573e-10
01051009080,010-5100-9080,original,0.9999999998094252,57,9.780844088282227e-12
01051009080,010-5100-9080,original,0.9999999998094252,58,-3.287756749395901e-12
01051009080,010-5100-9080,original,0.9999999998094252,59,2.421224504820719e-11
01051009080,010-5100-9080,original,0.9999999998094252,60,1.7973954829595878e-10
01051009080,010-5100-9080,original,0.9999999998094252,61,2.6303247793894402e-11
01051009080,010-5100-9080,original,0.9999999998094252,62,5.3289256879788616e-12
01051009080,010-5100-9080,original,0.9999999998094252,63,3.84669354488828e-11
01051009080,010-5100-9080,original,0.9999999998094252,64,-2.1627661853082734e-11
01051009080,010-5100-9080,original,0.9999999998094252,65,8.138876182390437e-11
01051009080,010-5100-9080,original,0.9999999998094252,66,-1.7922567179433534e-10
01051009080,010-5100-9080,original,0.9999999998094252,67,1.3947515998193364e-10
01051009080,010-5100-9080,original,0.9999999998094252,68,-1.9603455982631915e-11
01051009080,010-5100-9080,original,0.9999999998094252,69,5.379777883741903e-11
01051009080,010-5100-9080,original,0.9999999998094252,70,-8.096232631476378e-11
01051009080,010-5100-9080,original,0.9999999998094252,71,1.452284334273705e-10
01051009080,010-5100-9080,original,0.9999999998094252,72,2.20192153354294e-12
01051009080,010-5100-9080,original,0.9999999998094252,73,3.9658356488862646e-11
01051009080,010-5100-9080,original,0.9999999998094252,74,-5.0984314870461614e-11
01051009080,010-5100-9080,original,0.9999999998094252,75,-1.505276908918708e-10
01051009080,010-5100-9080,original,0.9999999998094252,76,6.9549940089187e-11
01051009080,010-5100-9080,original,0.9999999998094252,77,-3.670263386390592e-11
01051009080,010-5100-9080,original,0.9999999998094252,78,3.7622746109371007e-11
01051009080,010-5100-9080,original,0.9999999998094252,79,-5.5639920821959093e-11
01051009080,010-5100-9080,original,0.9999999998094252,80,1.8303150674508042e-11
01051009080,010-5100-9080,original,0.9999999998094252,81,-2.2475905474339995e-10
01051009080,010-5100-9080,original,0.9999999998094252,82,-2.718446409031794e-10
01051009080,010-5100-9080,original,0.9999999998094252,83,3.283738991104998e-12
01051009080,010-5100-9080,original,0.9999999998094252,84,1.0418768358534434e-10
01051009080,010-5100-9080,original,0.9999999998094252,85,-3.3047729686811148e-12
01051009080,010-5100-9080,original,0.9999999998094252,86,6.969072446861292e-11
01051009080,010-5100-9080,original,0.9999999998094252,87,-1.726737055500495e-10
01051009080,010-5100-9080,original,0.9999999998094252,88,1.1663214965107177e-10
01051009080,010-5100-9080,original,0.9999999998094252,89,-1.0083487359985945e-10
01051009080,010-5100-9080,original,0.9999999998094252,90,9.524149628042768e-12
01051009080,010-5100-9080,original,0.9999999998094252,91,5.914717464343182e-11
01051009080,010-5100-9080,original,0.9999999998094252,92,1.1868766307161322e-10
01051009080,010-5100-9080,original,0.9999999998094252,93,3.5323892049246997e-12
01051009080,010-5100-9080,original,0.9999999998094252,94,-3.625120393518987e-11
01051009080,010-5100-9080,original,0.9999999998094252,95,-1.061261548424077e-10
01051009080,010-5100-9080,original,0.9999999998094252,96,1.9202318832368664e-10
01051009080,010-5100-9080,original,0.9999999998094252,97,8.23466037308836e-12
01051009080,010-5100-9080,original,0.9999999998094252,98,-2.0376771445097688e-10
01051009080,010-5100-9080,original,0.9999999998094252,99,-1.6525647094274454e-11
01051009080,010-5100-9080,original,0.9999999998094252,100,-1.9986609337941926e-10
01051009080,010-5100-9080,original,0.9999999998094252,101,1.7951775948277954e-10
01051009080,010-5100-9080,original,0.9999999998094252,102,-3.022366137778241e-10
01051009080,010-5100-9080,original,0.9999999998094252,103,5.2151311333845245e-11
01051009080,010-5100-9080,original,0.9999999998094252,104,-6.688746269419627e-11
01051009080,010-5100-9080,original,0.9999999998094252,105,-3.6694368702896744e-11
01051009080,010-5100-9080,original,0.9999999998094252,106,-5.821870828143407e-11
01051009080,010-5100-9080,original,0.9999999998094252,107,-8.496814032375454e-12
01051009080,010-5100-9080,original,0.9999999998094252,108,9.817216540094472e-12
01051009080,010-5100-9080,original,0.9999999998094252,109,-3.2663236232181605e-11
01051009080,010-5100-9080,original,0.9999999998094252,110,6.540506728004508e-11
01051009080,010-5100-9080,original,0.9999999998094252,111,-9.60091431826176e-11
01051009080,010-5100-9080,original,0.9999999998094252,112,1.7419642341016256e-10
01051009080,010-5100-9080,original,0.9999999998094252,113,1.21988196608276e-11
01051009080,010-5100-9080,original,0.9999999998094252,114,-9.994322916270282e-11
01051009080,010-5100-9080,original,0.9999999998094252,115,1.4337919596725218e-12
01051009080,010-5100-9080,original,0.9999999998094252,116,-3.5223509591877945e-11
01051009080,010-5100-9080,original,0.9999999998094252,117,-1.2281331666915196e-10
01051009080,010-5100-9080,original,0.9999999998094252,118,2.0377296236718356e-10
01051009080,010-5100-9080,original,0.9999999998094252,119,-2.4606487983392436e-10
01051009080,010-5100-9080,original,0.9999999998094252,120,-1.457518942225541e-10
01051009080,010-5100-9080,original,0.9999999998094252,121,-5.5134699674062295e-12
01051009080,010-5100-9080,original,0.9999999998094252,122,1.7310617998288292e-10
01051009080,010-5100-9080,original,0.9999999998094252,123,4.983654293391251e-11
01051009080,010-5100-9080,original,0.9999999998094252,124,-9.081084037415712e-11
01051009080,010-5100-9080,original,0.9999999998094252,125,-2.898647228872747e-10
01051009080,010-5100-9080,original,0.9999999998094252,126,-2.3891072250093004e-11
01051009080,010-5100-9080,original,0.9999999998094252,127,3.003743515979023e-11
01051009080,010-5100-9080,original,0.9999999998094252,128,1.7395227967496525e-10
01051009080,010-5100-9080,original,0.9999999998094252,129,2.932610984246822e-11
01051009080,010-5100-9080,original,0.9999999998094252,130,-5.4029149299336074e-11
01051009080,010-5100-9080,original,0.9999999998094252,131,-9.389239083025975e-11
01051009080,010-5100-9080,original,0.9999999998094252,132,1.5217377117601973e-10
01051009080,010-5100-9080,original,0.9999999998094252,133,-1.0154214138911673e-10
01051009080,010-5100-9080,original,0.9999999998094252,134,1.8150668566737376e-11
01051009080,010-5100-9080,original,0.9999999998094252,135,-7.716091801054175e-11
01051009080,010-5100-9080,original,0.9999999998094252,136,2.061490693055274e-11
01051009080,010-5100-9080,original,0.9999999998094252,137,-1.350338127800799e-10
01051009080,010-5100-9080,original,0.9999999998094252,138,-1.3511743506788839e-10
01051009080,010-5100-9080,original,0.9999999998094252,139,-1.0999020307985675e-10
01051009080,010-5100-9080,original,0.9999999998094252,140,-1.7559527716064558e-10
01051009080,010-5100-9080,original,0.9999999998094252,141,-2.663107857292002e-10
01051009080,010-5100-9080,original,0.9999999998094252,142,-1.3649515584579794e-10
01051009080,010-5100-9080,original,0.9999999998094252,143,-1.3964435377325642e-10
01051009080,010-5100-9080,original,0.9999999998094252,144,-1.802370498977284e-10
01051009080,010-5100-9080,original,0.9999999998094252,145,8.211312164365568e-12
01051009080,010-5100-9080,original,0.9999999998094252,146,-7.162555921199519e-11
01051009080,010-5100-9080,original,0.9999999998094252,147,-3.058310951332848e-10
01051009080,010-5100-9080,original,0.9999999998094252,148,-5.398617324098159e-11
01051009080,010-5100-9080,original,0.9999999998094252,149,-7.027118307104489e-10
01051009080,010-5100-9080,original,0.9999999998094252,150,3.6891241682669254e-10
01051009080,010-5100-9080,original,0.9999999998094252,151,-6.67276312139204e-11
01051009080,010-5100-9080,original,0.9999999998094252,152,9.956469448663751e-11
01051009080,010-5100-9080,original,0.9999999998094252,153,1.774246653265329e-10
01051009080,010-5100-9080,original,0.9999999998094252,154,-3.296302084169654e-11
01051009080,010-5100-9080,original,0.9999999998094252,155,-4.0647167531006137e-10
01051009080,010-5100-9080,original,0.9999999998094252,156,-5.118682721817211e-11
01051009080,010-5100-9080,original,0.9999999998094252,157,8.15089357331868e-13
01051009080,010-5100-9080,original,0.9999999998094252,158,2.1109967630096834e-10
01051009080,010-5100-9080,original,0.9999999998094252,159,-3.840139207325823e-11
01051009080,010-5100-9080,original,0.9999999998094252,160,4.282770789645497e-10
01051009080,010-5100-9080,original,0.9999999998094252,161,9.536723221399475e-12
01051009080,010-5100-9080,original,0.9999999998094252,162,-1.011342772365182e-10
01051009080,010-5100-9080,original,0.9999999998094252,163,4.816845274920311e-12
01051009080,010-5100-9080,original,0.9999999998094252,164,2.8322607974030605e-11
01051009080,010-5100-9080,original,0.9999999998094252,165,-8.350989187076629e-12
01051009080,010-5100-9080,original,0.9999999998094252,166,8.562444932823744e-11
01051009080,010-5100-9080,original,0.9999999998094252,167,-4.53579427130468e-11
01051009080,010-5100-9080,original,0.9999999998094252,168,-2.7359821449595085e-10
01051009080,010-5100-9080,original,0.9999999998094252,169,-2.669657519431426e-10
01051009080,010-5100-9080,original,0.9999999998094252,170,-9.104870842891109e-11
01051009080,010-5100-9080,original,0.9999999998094252,171,-1.5401202766332475e-10
01051009080,010-5100-9080,original,0.9999999998094252,172,1.269562215076695e-11
01051009080,010-5100-9080,original,0.9999999998094252,173,-9.746210091337861e-11
01051009080,010-5100-9080,original,0.9999999998094252,174,-2.5099411464362625e-11
01051009080,010-5100-9080,original,0.9999999998094252,175,-7.915923705378847e-10
01051009080,010-5100-9080,original,0.9999999998094252,176,2.4647966623145886e-11
01051009080,010-5100-9080,original,0.9999999998094252,177,-2.944238776428204e-11
01051009080,010-5100-9080,original,0.9999999998094252,178,-1.663992241268685e-10
01051009080,010-5100-9080,original,0.9999999998094252,179,-7.488312712754485e-10
01051009080,010-5100-9080,original,0.9999999998094252,180,1.7917760963943923e-10
01051009080,010-5100-9080,original,0.9999999998094252,181,0.9999997057460871
01051009080,010-5100-9080,original,0.9999999998094252,182,0.9999996898246619
01051009080,010-5100-9080,original,0.9999999998094252,183,0.999999688743777
01051009080,010-5100-9080,original,0.9999999998094252,184,-3.1401247850970604e-11
01051009080,010-5100-9080,original,0.9999999998094252,185,-6.167565684129809e-11
01051009080,010-5100-9080,original,0.9999999998094252,186,-7.111884624517132e-11
01051009080,010-5100-9080,original,0.9999999998094252,187,9.781077645049045e-11
01051009080,010-5100-9080,original,0.9999999998094252,188,-5.496572872896745e-11
01051009080,010-5100-9080,original,0.9999999998094252,189,-1.5342272811441536e-10
01051009080,010-5100-9080,original,0.9999999998094252,190,-2.5071166159740478e-11
01051009080,010-5100-9080,original,0.9999999998094252,191,-4.7906875813934974e-11
01051009080,010-5100-9080,original,0.9999999998094252,192,7.537081256471844e-11
01051009080,010-5100-9080,original,0.9999999998094252,193,-5.738273060955742e-11
01051009080,010-5100-9080,original,0.9999999998094252,194,-7.325128464095622e-12
01051009080,010-5100-9080,original,0.9999999998094252,195,-2.357938115517816e-11
01051009080,010-5100-9080,original,0.9999999998094252,196,4.720981973085917e-12
01051009080,010-5100-9080,original,0.9999999998094252,197,9.609165116679375e-11
01051009080,010-5100-9080,original,0.9999999998094252,198,1.5299731613580942e-10
01051009080,010-5100-9080,original,0.9999999998094252,199,-1.276208781211208e-10
01051009080,010-5100-9080,original,0.9999999998094252,200,-1.0863373433545564e-11
01051009080,010-5100-9080,original,0.9999999998094252,201,1.2389225453240453e-11
01051009080,010-5100-9080,original,0.9999999998094252,202,2.8613464380108353e-10
01051009080,010-5100-9080,original,0.9999999998094252,203,8.705759696614047e-12
01051009081,010-5100-9081,"one digit, last group",-3.89789821494685e-10,0,5.91209957961375e-11
01051009081,010-5100-9081,"one digit, last group",-3.89789821494685e-10,1,6.98909221463234e-11
01051009081,010-5100-9081,"one digit, last group",-3.89789821494685e-10,2,-1.5106251524902006e-10
01051009081,010-5100-9081,"one digit, last group",-3.89789821494685e-10,3,1.2878525075015013e-11
01051009081,010-5100-9081,"one digit, last group",-3.89789821494685e-10,4,1.6037350148797624e-10
01051009081,010-5100-9081,"one digit, last group",-3.89789821494685e-10,5,8.834672082476677e-11
01051009081,010-5100-9081,"one digit, last group",-3.89789821494685e-10,6,9.979981647528211e-12
01051009081,010-5100-9081,"one digit, last group",-3.89789821494685e-10,7,2.718047543859704e-10
01051009081,010-5100-9081,"one digit, last group",-3.89789821494685e-10,8,-1.61389221510204e-10
01051009081,010-5100-9081,"one digit, last group",-3.89789821494685e-10,9,-6.924802061858137e-11
01051009081,010-5100-9081,"one digit, last group",-3.89789821494685e-10,10,-4.0903086148049297e-11
01051009081,010-5100-9081,"one digit, last group",-3.89789821494685e-10,11,4.741417747271308e-10
01051009081,010-5100-9081,"one digit, last group",-3.89789821494685e-10,12,3.1806303752196756e-10
01051009081,010-5100-9081,"one digit, last group",-3.89789821494685e-10,13,2.1734424388931604e-10
01051009081,010-5100-9081,"one digit, last group",-3.89789821494685e-10,14,-7.659139081032862e-11
01051009081,010-5100-9081,"one digit, last group",-3.89789821494685e-10,15,8.824127538096291e-11
01051009081,010-5100-9081,"one digit, last group",-3.89789821494685e-10,16,6.932057887607345e-11
01051009081,010-5100-9081,"one digit, last group",-3.89789821494685e-10,17,7.443518104512484e-11
01051009081,010-5100-9081,"one digit, last group",-3.89789821494685e-10,18,-1.5320899454161466e-10
01051009081,010-5100-9081,"one digit, last group",-3.89789821494685e-10,19,-3.1521609339094895e-11
01051009081,010-5100-9081,"one digit, last group",-3.89789821494685e-10,20,-8.385785072334703e-11
01051009081,010-5100-9081,"one digit, last group",-3.89789821494685e-10,21,-4.7643579084619124e-11
01051009081,010-5100-9081,"one digit, last group",-3.89789821494685e-10,22,-4.647545839017423e-11
01051009081,010-5100-9081,"one digit, last group",-3.89789821494685e-10,23,1.3126542191413918e-10
01051009081,010-5100-9081,"one digit, last group",-3.89789821494685e-10,24,-1.908765733585195e-11
01051009081,010-5100-9081,"one digit, last group",-3.89789821494685e-10,25,-2.8200264215632945e-11
01051009081,010-5100-9081,"one digit, last group",-3.89789821494685e-10,26,1.1476743032553009e-10
01051009081,010-5100-9081,"one digit, last group",-3.89789821494685e-10,27,-3.598823128554592e-11
01051009081,010-5100-9081,"one digit, last group",-3.89789821494685e-10,28,4.863125469504967e-10
01051009081,010-5100-9081,"one digit, last group",-3.89789821494685e-10,29,-1.7906072831539648e-11
01051009081,010-5100-9081,"one digit, last group",-3.89789821494685e-10,30,-6.764361493853623e-11
01051009081,010-5100-9081,"one digit, last group",-3.89789821494685e-10,31,-8.496839158483324e-11
01051009081,010-5100-9081,"one digit, last group",-3.89789821494685e-10,32,-8.851650453144632e-11
01051009081,010-5100-9081,"one digit, last group",-3.89789821494685e-10,33,-3.04308841848693e-10
01051009081,010-5100-9081,"one digit, last group",-3.89789821494685e-10,34,7.86809140193484e-11
01051009081,010-5100-9081,"one digit, last group",-3.89789821494685e-10,35,-1.6031465786647956e-11
01051009081,010-5100-9081,"one digit, last group",-3.89789821494685e-10,36,3.49088883081247e-11
01051009081,010-5100-9081,"one digit, last group",-3.89789821494685e-10,37,-1.1624824138285712e-10
01051009081,010-5100-9081,"one digit, last group",-3.89789821494685e-10,38,1.1549193294736031e-10
01051009081,010-5100-9081,"one digit, last group",-3.89789821494685e-10,39,3.333724056280673e-11
01051009081,010-5100-9081,"one digit, last group",-3.89789821494685e-10,40,3.695916411595177e-10
01051009081,010-5100-9081,"one digit, last group",-3.89789821494685e-10,41,1.2691371100733777e-11
01051009081,010-5100-9081,"one digit, last group",-3.89789821494685e-10,42,-6.307027208727343e-11
01051009081,010-5100-9081,"one digit, last group",-3.89789821494685e-10,43,7.242463518181232e-12
01051009081,010-5100-9081,"one digit, last group",-3.89789821494685e-10,44,-1.050175325628681e-11
01051009081,010-5100-9081,"one digit, last group",-3.89789821494685e-10,45,-3.0544544931618244e-11
01051009081,010-5100-9081,"one digit, last group",-3.89789821494685e-10,46,-1.1040737157156976e-10
01051009081,010-5100-9081,"one digit, last group",-3.89789821494685e-10,47,-6.864088403948487e-11
01051009081,010-5100-9081,"one digit, last group",-3.89789821494685e-10,48,-2.5406710711524297e-11
01051009081,010-5100-9081,"one digit, last group",-3.89789821494685e-10,49,-1.129571129739834e-10
01051009081,010-5100-9081,"one digit, last group",-3.89789821494685e-10,50,3.5185781906269145e-11
01051009081,010-5100-9081,"one digit, last group",-3.89789821494685e-10,51,1.239340723521986e-10
01051009081,010-5100-9081,"one digit, last group",-3.89789821494685e-10,52,-6.197298709152848e-11
01051009081,010-5100-9081,"one digit, last group",-3.89789821494685e-10,53,-6.839155928802545e-11
01051009081,010-5100-9081,"one digit, last group",-3.89789821494685e-10,54,-1.72722736720201e-11
01051009081,010-5100-9081,"one digit, last group",-3.89789821494685e-10,55,-3.3608379422813046e-10
01051009081,010-5100-9081,"one digit, last group",-3.89789821494685e-10,56,2.269108243295228e-10
01051009081,010-5100-9081,"one digit, last group",-3.89789821494685e-10,57,5.904174524556648e-11
01051009081,010-5100-9081,"one digit, last group",-3.89789821494685e-10,58,-2.5125326046946265e-11
01051009081,010-5100-9081,"one digit, last group",-3.89789821494685e-10,59,1.3090986250628285e-10
01051009081,010-5100-9081,"one digit, last group",-3.89789821494685e-10,60,7.594500011503512e-11
01051009081,010-5100-9081,"one digit, last group",-3.89789821494685e-10,61,-2.881470534473246e-11
01051009081,010-5100-9081,"one digit, last group",-3.89789821494685e-10,62,-3.083401040457471e-12
01051009081,010-5100-9081,"one digit, last group",-3.89789821494685e-10,63,9.32227484806685e-11
01051009081,010-5100-9081,"one digit, last group",-3.89789821494685e-10,64,-1.0477538750278957e-10
01051009081,010-5100-9081,"one digit, last group",-3.89789821494685e-10,65,6.23395849998441e-11
01051009081,010-5100-9081,"one digit, last group",-3.89789821494685e-10,66,-2.4123287980335256e-11
01051009081,010-5100-9081,"one digit, last group",-3.89789821494685e-10,67,-1.5686360808445827e-10
01051009081,010-5100-9081,"one digit, last group",-3.89789821494685e-10,68,-1.343365912787916e-10
01051009081,010-5100-9081,"one digit, last group",-3.89789821494685e-10,69,-9.987920563305214e-11
01051009081,010-5100-9081,"one digit, last group",-3.89789821494685e-10,70,1.8484865201803578e-12
01051009081,010-5100-9081,"one digit, last group",-3.89789821494685e-10,71,-9.600396076337248e-11
01051009081,010-5100-9081,"one digit, last group",-3.89789821494685e-10,72,2.7140798027555384e-11
01051009081,010-5100-9081,"one digit, last group",-3.89789821494685e-10,73,5.3695107865200566e-11
01051009081,010-5100-9081,"one digit, last group",-3.89789821494685e-10,74,-1.3454657576762372e-10
01051009081,010-5100-9081,"one digit, last group",-3.89789821494685e-10,75,6.329788548987722e-11
01051009081,010-5100-9081,"one digit, last group",-3.89789821494685e-10,76,-5.629170469082787e-11
01051009081,010-5100-9081,"one digit, last group",-3.89789821494685e-10,77,-4.74735743262581e-11
01051009081,010-5100-9081,"one digit, last group",-3.89789821494685e-10,78,-2.256867902969955e-12
01051009081,010-5100-9081,"one digit, last group",-3.89789821494685e-10,79,-1.1962209910797793e-10
01051009081,010-5100-9081,"one digit, last group",-3.89789821494685e-10,80,7.992719803344601e-11
01051009081,010-5100-9081,"one digit, last group",-3.89789821494685e-10,81,2.9589584008210346e-11
01051009081,010-5100-9081,"one digit, last group",-3.89789821494685e-10,82,-1.5975410066589508e-10
01051009081,010-5100-9081,"one digit, last group",-3.89789821494685e-10,83,-1.5885791359366462e-10
01051009081,010-5100-9081,"one digit, last group",-3.89789821494685e-10,84,-7.342931281861234e-11
01051009081,010-5100-9081,"one digit, last group",-3.89789821494685e-10,85,-3.607011461165948e-11
01051009081,010-5100-9081,"one digit, last group",-3.89789821494685e-10,86,-3.372271754177346e-11
01051009081,010-5100-9081,"one digit, last group",-3.89789821494685e-10,87,2.3314716582857493e-11
01051009081,010-5100-9081,"one digit, last group",-3.89789821494685e-10,88,1.4214696216493618e-11
01051009081,010-5100-9081,"one digit, last group",-3.89789821494685e-10,89,-1.6499756039638064e-10
01051009081,010-5100-9081,"one digit, last group",-3.89789821494685e-10,90,-2.462506610518972e-11
01051009081,010-5100-9081,"one digit, last group",-3.89789821494685e-10,91,3.1538390438998896e-10
01051009081,010-5100-9081,"one digit, last group",-3.89789821494685e-10,92,3.261153385402114e-10
01051009081,010-5100-9081,"one digit, last group",-3.89789821494685e-10,93,-2.2104201753252643e-10
01051009081,010-5100-9081,"one digit, last group",-3.89789821494685e-10,94,-1.323568752399658e-10
01051009081,010-5100-9081,"one digit, last group",-3.89789821494685e-10,95,-1.6025190839830076e-12
01051009081,010-5100-9081,"one digit, last group",-3.89789821494685e-10,96,1.0201518675655906e-10
01051009081,010-5100-9081,"one digit, last group",-3.89789821494685e-10,97,-1.291431538979195e-10
01051009081,010-5100-9081,"one digit, last group",-3.89789821494685e-10,98,2.0496900184301616e-10
01051009081,010-5100-9081,"one digit, last group",-3.89789821494685e-10,99,5.7768708920178825e-11
01051009081,010-5100-9081,"one digit, last group",-3.89789821494685e-10,100,1.5867379180670725e-10
01051009081,010-5100-9081,"one digit, last group",-3.89789821494685e-10,101,-1.4032709892896316e-10
01051009081,010-5100-9081,"one digit, last group",-3.89789821494685e-10,102,-3.204231014012682e-10
01051009081,010-5100-9081,"one digit, last group",-3.89789821494685e-10,103,1.5971624640368072e-10
01051009081,010-5100-9081,"one digit, last group",-3.89789821494685e-10,104,-5.6412210033082835e-11
01051009081,010-5100-9081,"one digit, last group",-3.89789821494685e-10,105,-3.2041134955694684e-11
01051009081,010-5100-9081,"one digit, last group",-3.89789821494685e-10,106,1.3744375721895394e-10
01051009081,010-5100-9081,"one digit, last group",-3.89789821494685e-10,107,-1.1562375895694092e-10
01051009081,010-5100-9081,"one digit, last group",-3.89789821494685e-10,108,-9.032292640253643e-11
01051009081,010-5100-9081,"one digit, last group",-3.89789821494685e-10,109,-8.553831492818356e-11
01051009081,010-5100-9081,"one digit, last group",-3.89789821494685e-10,110,-1.3684009337111578e-10
01051009081,010-5100-9081,"one digit, last group",-3.89789821494685e-10,111,4.4497558513129034e-11
01051009081,010-5100-9081,"one digit, last group",-3.89789821494685e-10,112,4.486028186798353e-11
01051009081,010-5100-9081,"one digit, last group",-3.89789821494685e-10,113,5.49528194414309e-12
01051009081,010-5100-9081,"one digit, last group",-3.89789821494685e-10,114,5.325453901580429e-11
01051009081,010-5100-9081,"one digit, last group",-3.89789821494685e-10,115,-5.803805104565208e-12
01051009081,010-5100-9081,"one digit, last group",-3.89789821494685e-10,116,-1.7033692679732622e-10
01051009081,010-5100-9081,"one digit, last group",-3.89789821494685e-10,117,1.3227987265383425e-10
01051009081,010-5100-9081,"one digit, last group",-3.89789821494685e-10,118,5.624566657541736e-10
01051009081,010-5100-9081,"one digit, last group",-3.89789821494685e-10,119,5.550350849999925e-11
01051009081,010-5100-9081,"one digit, last group",-3.89789821494685e-10,120,-2.6369066424454935e-11
01051009081,010-5100-9081,"one digit, last group",-3.89789821494685e-10,121,-4.048787381303166e-11
01051009081,010-5100-9081,"one digit, last group",-3.89789821494685e-10,122,7.1160811696431064e-12
01051009081,010-5100-9081,"one digit, last group",-3.89789821494685e-10,123,1.8359420870944037e-11
01051009081,010-5100-9081,"one digit, last group",-3.89789821494685e-10,124,-1.4810943798884903e-10
01051009081,010-5100-9081,"one digit, last group",-3.89789821494685e-10,125,-1.8079857086906974e-11
01051009081,010-5100-9081,"one digit, last group",-3.89789821494685e-10,126,1.5288290510587018e-12
01051009081,010-5100-9081,"one digit, last group",-3.89789821494685e-10,127,2.4685575011632445e-10
01051009081,010-5100-9081,"one digit, last group",-3.89789821494685e-10,128,1.1900361352299775e-10
01051009081,010-5100-9081,"one digit, last group",-3.89789821494685e-10,129,7.425635518850976e-11
01051009081,010-5100-9081,"one digit, last group",-3.89789821494685e-10,130,4.283660055728433e-11
01051009081,010-5100-9081,"one digit, last group",-3.89789821494685e-10,131,-1.5448116418696127e-10
01051009081,010-5100-9081,"one digit, last group",-3.89789821494685e-10,132,5.982414907826553e-11
01051009081,010-5100-9081,"one digit, last group",-3.89789821494685e-10,133,1.25062033308221e-11
01051009081,010-5100-9081,"one digit, last group",-3.89789821494685e-10,134,-1.7574169264363037e-10
01051009081,010-5100-9081,"one digit, last group",-3.89789821494685e-10,135,4.787700380888949e-11
01051009081,010-5100-9081,"one digit, last group",-3.89789821494685e-10,136,-4.822395739543778e-11
01051009081,010-5100-9081,"one digit, last group",-3.89789821494685e-10,137,-1.2239405527984686e-10
01051009081,010-5100-9081,"one digit, last group",-3.89789821494685e-10,138,-2.6635690482651665e-11
01051009081,010-5100-9081,"one digit, last group",-3.89789821494685e-10,139,5.353699993926374e-11
01051009081,010-5100-9081,"one digit, last group",-3.89789821494685e-10,140,-2.0842789325612582e-10
01051009081,010-5100-9081,"one digit, last group",-3.89789821494685e-10,141,6.5253129670953024e-12
01051009081,010-5100-9081,"one digit, last group",-3.89789821494685e-10,142,6.204958052676623e-11
01051009081,010-5100-9081,"one digit, last group",-3.89789821494685e-10,143,2.7465616268731002e-11
01051009081,010-5100-9081,"one digit, last group",-3.89789821494685e-10,144,-2.1376812405236716e-11
01051009081,010-5100-9081,"one digit, last group",-3.89789821494685e-10,145,-1.2228684418134975e-10
01051009081,010-5100-9081,"one digit, last group",-3.89789821494685e-10,146,-7.135164614376096e-11
01051009081,010-5100-9081,"one digit, last group",-3.89789821494685e-10,147,3.103277579533991e-10
01051009081,010-5100-9081,"one digit, last group",-3.89789821494685e-10,148,1.627318027422512e-12
01051009081,010-5100-9081,"one digit, last group",-3.89789821494685e-10,149,-1.1107329805932944e-10
01051009081,010-5100-9081,"one digit, last group",-3.89789821494685e-10,150,-3.03048089662101e-11
01051009081,010-5100-9081,"one digit, last group",-3.89789821494685e-10,151,-1.2117425113277467e-10
01051009081,010-5100-9081,"one digit, last group",-3.89789821494685e-10,152,1.1615832071499718e-10
01051009081,010-5100-9081,"one digit, last group",-3.89789821494685e-10,153,1.758217396568661e-10
01051009081,010-5100-9081,"one digit, last group",-3.89789821494685e-10,154,3.445271786930668e-11
01051009081,010-5100-9081,"one digit, last group",-3.89789821494685e-10,155,-2.540238157630781e-10
01051009081,010-5100-9081,"one digit, last group",-3.89789821494685e-10,156,-5.012505581098843e-11
01051009081,010-5100-9081,"one digit, last group",-3.89789821494685e-10,157,1.0045467376511458e-11
01051009081,010-5100-9081,"one digit, last group",-3.89789821494685e-10,158,1.221450788134033e-10
01051009081,010-5100-9081,"one digit, last group",-3.89789821494685e-10,159,1.1625853530714471e-10
01051009081,010-5100-9081,"one digit, last group",-3.89789821494685e-10,160,3.405292043765463e-11
01051009081,010-5100-9081,"one digit, last group",-3.89789821494685e-10,161,2.178802182581725e-11
01051009081,010-5100-9081,"one digit, last group",-3.89789821494685e-10,162,5.460383844771743e-11
01051009081,010-5100-9081,"one digit, last group",-3.89789821494685e-10,163,-3.0328337669009814e-11
01051009081,010-5100-9081,"one digit, last group",-3.89789821494685e-10,164,-2.117696755179205e-11
01051009081,010-5100-9081,"one digit, last group",-3.89789821494685e-10,165,-3.0324397125688603e-10
01051009081,010-5100-9081,"one digit, last group",-3.89789821494685e-10,166,-7.02340968765831e-11
01051009081,010-5100-9081,"one digit, last group",-3.89789821494685e-10,167,-2.912154935712278e-11
01051009081,010-5100-9081,"one digit, last group",-3.89789821494685e-10,168,3.478121339365585e-10
01051009081,010-5100-9081,"one digit, last group",-3.89789821494685e-10,169,-1.0775888745949769e-10
01051009081,010-5100-9081,"one digit, last group",-3.89789821494685e-10,170,1.1215559421133893e-11
01051009081,010-5100-9081,"one digit, last group",-3.89789821494685e-10,171,2.535319117915994e-10
01051009081,010-5100-9081,"one digit, last group",-3.89789821494685e-10,172,-4.161127425021861e-11
01051009081,010-5100-9081,"one digit, last group",-3.89789821494685e-10,173,-2.071141323717626e-10
01051009081,010-5100-9081,"one digit, last group",-3.89789821494685e-10,174,-4.806815546226841e-11
01051009081,010-5100-9081,"one digit, last group",-3.89789821494685e-10,175,-6.188955627295628e-10
01051009081,010-5100-9081,"one digit, last group",-3.89789821494685e-10,176,2.3739709055805055e-11
01051009081,010-5100-9081,"one digit, last group",-3.89789821494685e-10,177,2.858014560898576e-10
01051009081,010-5100-9081,"one digit, last group",-3.89789821494685e-10,178,-5.960043727300383e-11
01051009081,010-5100-9081,"one digit, last group",-3.89789821494685e-10,179,-1.121767357775667e-11
01051009081,010-5100-9081,"one digit, last group",-3.89789821494685e-10,180,-2.3886499028581678e-11
01051009081,010-5100-9081,"one digit, last group",-3.89789821494685e-10,181,-3.837412194500235e-09
01051009081,010-5100-9081,"one digit, last group",-3.89789821494685e-10,182,-1.565108407983577e-09
01051009081,010-5100-9081,"one digit, last group",-3.89789821494685e-10,183,-2.624118262263878e-09
01051009081,010-5100-9081,"one digit, last group",-3.89789821494685e-10,184,-8.23437142822033e-12
01051009081,010-5100-9081,"one digit, last group",-3.89789821494685e-10,185,-5.2109039095088156e-11
01051009081,010-5100-9081,"one digit, last group",-3.89789821494685e-10,186,-2.4136559804907874e-11
01051009081,010-5100-9081,"one digit, last group",-3.89789821494685e-10,187,8.407057943621261e-12
01051009081,010-5100-9081,"one digit, last group",-3.89789821494685e-10,188,8.38776520577266e-12
01051009081,010-5100-9081,"one digit, last group",-3.89789821494685e-10,189,-1.5393533852851482e-10
01051009081,010-5100-9081,"one digit, last group",-3.89789821494685e-10,190,1.6316303050300097e-11
01051009081,010-5100-9081,"one digit, last group",-3.89789821494685e-10,191,1.2990986471180907e-10
01051009081,010-5100-9081,"one digit, last group",-3.89789821494685e-10,192,3.876903059652521e-11
01051009081,010-5100-9081,"one digit, last group",-3.89789821494685e-10,193,-2.6290188196160453e-11
01051009081,010-5100-9081,"one digit, last group",-3.89789821494685e-10,194,2.0417531959829007e-11
01051009081,010-5100-9081,"one digit, last group",-3.89789821494685e-10,195,7.908809871397915e-11
01051009081,010-5100-9081,"one digit, last group",-3.89789821494685e-10,196,2.1342771356413146e-10
01051009081,010-5100-9081,"one digit, last group",-3.89789821494685e-10,197,-2.7400341621295237e-10
01051009081,010-5100-9081,"one digit, last group",-3.89789821494685e-10,198,8.179484884484894e-11
01051009081,010-5100-9081,"one digit, last group",-3.89789821494685e-10,199,4.3429562948675025e-11
01051009081,010-5100-9081,"one digit, last group",-3.89789821494685e-10,200,-1.0323650054367885e-10
01051009081,010-5100-9081,"one digit, last group",-3.89789821494685e-10,201,-5.219136676690656e-11
01051009081,010-5100-9081,"one digit, last group",-3.89789821494685e-10,202,3.882752450553249e-10
01051009081,010-5100-9081,"one digit, last group",-3.89789821494685e-10,203,1.2436131808815077e-11
01052001582,010-5200-1582,original,1.0000000000939862,0,9.506995623045354e-12
01052001582,010-5200-1582,original,1.0000000000939862,1,1.8487362379452767e-10
01052001582,010-5200-1582,original,1.0000000000939862,2,1.4055665990249659e-11
01052001582,010-5200-1582,original,1.0000000000939862,3,2.0877633854690514e-11
01052001582,010-5200-1582,original,1.0000000000939862,4,2.2592026313269847e-10
01052001582,010-5200-1582,original,1.0000000000939862,5,-2.7225746255373217e-10
01052001582,010-5200-1582,original,1.0000000000939862,6,8.909453249313978e-11
01052001582,010-5200-1582,original,1.0000000000939862,7,1.780069457006627e-10
01052001582,010-5200-1582,original,1.0000000000939862,8,8.256714140403953e-11
01052001582,010-5200-1582,original,1.0000000000939862,9,5.883590115168792e-11
01052001582,010-5200-1582,original,1.0000000000939862,10,-9.591575140553974e-12
01052001582,010-5200-1582,original,1.0000000000939862,11,-1.2076777090890035e-10
01052001582,010-5200-1582,original,1.0000000000939862,12,1.323704748240346e-10
01052001582,010-5200-1582,original,1.0000000000939862,13,-3.515159956346482e-10
01052001582,010-5200-1582,original,1.0000000000939862,14,9.101730735860324e-11
01052001582,010-5200-1582,original,1.0000000000939862,15,-2.4669150063673835e-11
01052001582,010-5200-1582,original,1.0000000000939862,16,2.8248198839167077e-10
01052001582,010-5200-1582,original,1.0000000000939862,17,2.1690483593333973e-10
01052001582,010-5200-1582,original,1.0000000000939862,18,-1.2560074057373257e-10
01052001582,010-5200-1582,original,1.0000000000939862,19,1.2560276899347146e-11
01052001582,010-5200-1582,original,1.0000000000939862,20,1.431024290564624e-10
01052001582,010-5200-1582,original,1.0000000000939862,21,-1.8743862265230343e-10
01052001582,010-5200-1582,original,1.0000000000939862,22,4.936296027918695e-11
01052001582,010-5200-1582,original,1.0000000000939862,23,1.263376038295629e-10
01052001582,010-5200-1582,original,1.0000000000939862,24,-2.80543140500233e-10
01052001582,010-5200-1582,original,1.0000000000939862,25,-1.5778551224999401e-10
01052001582,010-5200-1582,original,1.0000000000939862,26,2.571609329959543e-11
01052001582,010-5200-1582,original,1.0000000000939862,27,-5.715142519729396e-12
01052001582,010-5200-1582,original,1.0000000000939862,28,-1.172995005904616e-10
01052001582,010-5200-1582,original,1.0000000000939862,29,-7.957221989778435e-12
01052001582,010-5200-1582,original,1.0000000000939862,30,-7.079153500331195e-11
01052001582,010-5200-1582,original,1.0000000000939862,31,1.2029467330401577e-10
01052001582,010-5200-1582,original,1.0000000000939862,32,-2.6212132605648374e-10
01052001582,010-5200-1582,original,1.0000000000939862,33,-3.0169771709005717e-10
01052001582,010-5200-1582,original,1.0000000000939862,34,1.697503798820309e-10
01052001582,010-5200-1582,original,1.0000000000939862,35,-3.0168783616650196e-12
01052001582,010-5200-1582,original,1.0000000000939862,36,1.5286906590363119e-10
01052001582,010-5200-1582,original,1.0000000000939862,37,8.640720714683155e-11
01052001582,010-5200-1582,original,1.0000000000939862,38,9.305845146971127e-11
01052001582,010-5200-1582,original,1.0000000000939862,39,7.715075877545387e-11
01052001582,010-5200-1582,original,1.0000000000939862,40,-8.111642558985564e-11
01052001582,010-5200-1582,original,1.0000000000939862,41,-4.449853244402345e-12
01052001582,010-5200-1582,original,1.0000000000939862,42,2.0727907575682088e-10
01052001582,010-5200-1582,original,1.0000000000939862,43,1.5923191047153426e-11
01052001582,010-5200-1582,original,1.0000000000939862,44,6.301991004661023e-12
01052001582,010-5200-1582,original,1.0000000000939862,45,3.204461193555662e-10
01052001582,010-5200-1582,original,1.0000000000939862,46,-1.3741995116126173e-11
01052001582,010-5200-1582,original,1.0000000000939862,47,1.4542546173921375e-10
01052001582,010-5200-1582,original,1.0000000000939862,48,2.9190713563869953e-10
01052001582,010-5200-1582,original,1.0000000000939862,49,-9.85919722032434e-11
01052001582,010-5200-1582,original,1.0000000000939862,50,1.0694624436421166e-10
01052001582,010-5200-1582,original,1.0000000000939862,51,9.577175712105333e-11
01052001582,010-5200-1582,original,1.0000000000939862,52,-1.2189880444087974e-10
01052001582,010-5200-1582,original,1.0000000000939862,53,-2.3438204743535523e-11
01052001582,010-5200-1582,original,1.0000000000939862,54,-1.5392709106331125e-11
01052001582,010-5200-1582,original,1.0000000000939862,55,9.608218252649229e-11
01052001582,010-5200-1582,original,1.0000000000939862,56,-1.8280018016513328e-10
01052001582,010-5200-1582,original,1.0000000000939862,57,4.324730790647503e-12
01052001582,010-5200-1582,original,1.0000000000939862,58,-9.630382378628882e-12
01052001582,010-5200-1582,original,1.0000000000939862,59,-1.4654099761667278e-10
01052001582,010-5200-1582,original,1.0000000000939862,60,-1.0221540303547674e-10
01052001582,010-5200-1582,original,1.0000000000939862,61,5.840728478360426e-11
01052001582,010-5200-1582,original,1.0000000000939862,62,9.137845604550921e-11
01052001582,010-5200-1582,original,1.0000000000939862,63,-2.299293035896925e-11
01052001582,010-5200-1582,original,1.0000000000939862,64,-8.594997916709428e-11
01052001582,010-5200-1582,original,1.0000000000939862,65,-2.0190356265125573e-11
01052001582,010-5200-1582,original,1.0000000000939862,66,1.9228818443038864e-10
01052001582,010-5200-1582,original,1.0000000000939862,67,1.5287058765128693e-10
01052001582,010-5200-1582,original,1.0000000000939862,68,1.5711651690996466e-11
01052001582,010-5200-1582,original,1.0000000000939862,69,-4.1347267171177973e-10
01052001582,010-5200-1582,original,1.0000000000939862,70,1.2203660071306603e-10
01052001582,010-5200-1582,original,1.0000000000939862,71,1.7751089015837722e-10
01052001582,010-5200-1582,original,1.0000000000939862,72,2.298754278669496e-12
01052001582,010-5200-1582,original,1.0000000000939862,73,2.6796553934813613e-11
01052001582,010-5200-1582,original,1.0000000000939862,74,1.965187945472966e-10
01052001582,010-5200-1582,original,1.0000000000939862,75,8.344712421540174e-11
01052001582,010-5200-1582,original,1.0000000000939862,76,-6.455697437061117e-11
01052001582,010-5200-1582,original,1.0000000000939862,77,-1.291583795903056e-10
01052001582,010-5200-1582,original,1.0000000000939862,78,1.7385500742369308e-10
01052001582,010-5200-1582,original,1.0000000000939862,79,4.3974226060924496e-11
01052001582,010-5200-1582,original,1.0000000000939862,80,-6.443954516355323e-12
01052001582,010-5200-1582,original,1.0000000000939862,81,1.0281693193456859e-10
01052001582,010-5200-1582,original,1.0000000000939862,82,1.2365154230348448e-10
01052001582,010-5200-1582,original,1.0000000000939862,83,-4.7381740157080686e-11
01052001582,010-5200-1582,original,1.0000000000939862,84,-4.6186803091323835e-11
01052001582,010-5200-1582,original,1.0000000000939862,85,9.56106502865334e-12
01052001582,010-5200-1582,original,1.0000000000939862,86,1.8352779945531664e-11
01052001582,010-5200-1582,original,1.0000000000939862,87,-1.1511938368550055e-10
01052001582,010-5200-1582,original,1.0000000000939862,88,4.8208033473541923e-11
01052001582,010-5200-1582,original,1.0000000000939862,89,-1.6780746146852607e-10
01052001582,010-5200-1582,original,1.0000000000939862,90,3.0096505160970785e-11
01052001582,010-5200-1582,original,1.0000000000939862,91,1.4739198327243082e-11
01052001582,010-5200-1582,original,1.0000000000939862,92,-2.2914118305408325e-10
01052001582,010-5200-1582,original,1.0000000000939862,93,1.2764510787500204e-10
01052001582,010-5200-1582,original,1.0000000000939862,94,-1.0622320010441459e-10
01052001582,010-5200-1582,original,1.0000000000939862,95,7.349095836194723e-12
01052001582,010-5200-1582,original,1.0000000000939862,96,-2.980698115979483e-10
01052001582,010-5200-1582,original,1.0000000000939862,97,-3.417712437289054e-11
01052001582,010-5200-1582,original,1.0000000000939862,98,2.1768773447240085e-10
01052001582,010-5200-1582,original,1.0000000000939862,99,1.4500193539702072e-11
01052001582,010-5200-1582,original,1.0000000000939862,100,-9.114966090936594e-11
01052001582,010-5200-1582,original,1.0000000000939862,101,1.1668838661172702e-10
01052001582,010-5200-1582,original,1.0000000000939862,102,-1.3461542136017518e-11
01052001582,010-5200-1582,original,1.0000000000939862,103,6.015630592776056e-11
01052001582,010-5200-1582,original,1.0000000000939862,104,2.3534001860502076e-11
01052001582,010-5200-1582,original,1.0000000000939862,105,3.6764226705057044e-11
01052001582,010-5200-1582,original,1.0000000000939862,106,-7.909347959037497e-11
01052001582,010-5200-1582,original,1.0000000000939862,107,-3.110278021173555e-11
01052001582,010-5200-1582,original,1.0000000000939862,108,1.6148739863426688e-10
01052001582,010-5200-1582,original,1.0000000000939862,109,1.6595046126568246e-10
01052001582,010-5200-1582,original,1.0000000000939862,110,1.2442087176362154e-10
01052001582,010-5200-1582,original,1.0000000000939862,111,2.8549179334529193e-11
01052001582,010-5200-1582,original,1.0000000000939862,112,1.350843005317286e-10
01052001582,010-5200-1582,original,1.0000000000939862,113,-6.227273191328501e-13
01052001582,010-5200-1582,original,1.0000000000939862,114,1.1706477216948475e-10
01052001582,010-5200-1582,original,1.0000000000939862,115,-3.532635049901606e-11
01052001582,010-5200-1582,original,1.0000000000939862,116,2.1344575284488834e-11
01052001582,010-5200-1582,original,1.0000000000939862,117,-1.4055869146418517e-10
01052001582,010-5200-1582,original,1.0000000000939862,118,-2.1158129274690274e-10
01052001582,010-5200-1582,original,1.0000000000939862,119,-3.1452002842625946e-11
01052001582,010-5200-1582,original,1.0000000000939862,120,-2.712991358964405e-11
01052001582,010-5200-1582,original,1.0000000000939862,121,1.3719965886695466e-10
01052001582,010-5200-1582,original,1.0000000000939862,122,2.2705084070217925e-10
01052001582,010-5200-1582,original,1.0000000000939862,123,-1.6600296640058873e-11
01052001582,010-5200-1582,original,1.0000000000939862,124,-4.2539028700360385e-10
01052001582,010-5200-1582,original,1.0000000000939862,125,-1.7359198656612165e-10
01052001582,010-5200-1582,original,1.0000000000939862,126,-1.0998391702551981e-12
01052001582,010-5200-1582,original,1.0000000000939862,127,-1.5753888262213595e-10
01052001582,010-5200-1582,original,1.0000000000939862,128,2.152086196936617e-10
01052001582,010-5200-1582,original,1.0000000000939862,129,1.1265221245943509e-11
01052001582,010-5200-1582,original,1.0000000000939862,130,2.474319476105991e-12
01052001582,010-5200-1582,original,1.0000000000939862,131,-1.5555212174771804e-11
01052001582,010-5200-1582,original,1.0000000000939862,132,-5.83228984028125e-11
01052001582,010-5200-1582,original,1.0000000000939862,133,1.2213922213925793e-10
01052001582,010-5200-1582,original,1.0000000000939862,134,-2.2285271390869663e-11
01052001582,010-5200-1582,original,1.0000000000939862,135,-1.5009979636176606e-10
01052001582,010-5200-1582,original,1.0000000000939862,136,2.1289436438514094e-11
01052001582,010-5200-1582,original,1.0000000000939862,137,-1.0962051651730585e-10
01052001582,010-5200-1582,original,1.0000000000939862,138,-4.2071925017612145e-11
01052001582,010-5200-1582,original,1.0000000000939862,139,7.504548256201063e-12
01052001582,010-5200-1582,original,1.0000000000939862,140,1.4216923418124837e-10
01052001582,010-5200-1582,original,1.0000000000939862,141,-1.5803180878734693e-10
01052001582,010-5200-1582,original,1.0000000000939862,142,8.966682437502199e-11
01052001582,010-5200-1582,original,1.0000000000939862,143,1.2318472484045406e-10
01052001582,010-5200-1582,original,1.0000000000939862,144,-4.346137775075177e-12
01052001582,010-5200-1582,original,1.0000000000939862,145,-1.97215877745182e-11
01052001582,010-5200-1582,original,1.0000000000939862,146,1.500080838860249e-10
01052001582,010-5200-1582,original,1.0000000000939862,147,-2.596696806850003e-10
01052001582,010-5200-1582,original,1.0000000000939862,148,8.773100709959005e-11
01052001582,010-5200-1582,original,1.0000000000939862,149,9.034246102495674e-11
01052001582,010-5200-1582,original,1.0000000000939862,150,-1.6778249304359782e-10
01052001582,010-5200-1582,original,1.0000000000939862,151,-1.6593834269942875e-10
01052001582,010-5200-1582,original,1.0000000000939862,152,1.8066327315756363e-10
01052001582,010-5200-1582,original,1.0000000000939862,153,-3.734861818535171e-10
01052001582,010-5200-1582,original,1.0000000000939862,154,-4.285515602866062e-11
01052001582,010-5200-1582,original,1.0000000000939862,155,7.410447237019265e-11
01052001582,010-5200-1582,original,1.0000000000939862,156,-2.8030237033180237e-11
01052001582,010-5200-1582,original,1.0000000000939862,157,-9.856380445797883e-11
01052001582,010-5200-1582,original,1.0000000000939862,158,-3.776956291829701e-10
01052001582,010-5200-1582,original,1.0000000000939862,159,-2.346953844957547e-13
01052001582,010-5200-1582,original,1.0000000000939862,160,9.446225921496493e-11
01052001582,010-5200-1582,original,1.0000000000939862,161,-1.4158229464015284e-10
01052001582,010-5200-1582,original,1.0000000000939862,162,-5.595819634052712e-11
01052001582,010-5200-1582,original,1.0000000000939862,163,-2.1235995445757413e-11
01052001582,010-5200-1582,original,1.0000000000939862,164,-3.586704571844166e-12
01052001582,010-5200-1582,original,1.0000000000939862,165,-7.564106936182431e-12
01052001582,010-5200-1582,original,1.0000000000939862,166,1.7817769053548817e-11
01052001582,010-5200-1582,original,1.0000000000939862,167,-2.448813260765786e-10
01052001582,010-5200-1582,original,1.0000000000939862,168,-1.7031568903423726e-10
01052001582,010-5200-1582,original,1.0000000000939862,169,-1.8298394227443017e-11
01052001582,010-5200-1582,original,1.0000000000939862,170,-7.038283532705549e-11
01052001582,010-5200-1582,original,1.0000000000939862,171,0.9999996839365377
01052001582,010-5200-1582,original,1.0000000000939862,172,0.9999996883153217
01052001582,010-5200-1582,original,1.0000000000939862,173,2.6663015967895554e-11
01052001582,010-5200-1582,original,1.0000000000939862,174,4.5107739279536815e-11
01052001582,010-5200-1582,original,1.0000000000939862,175,-1.2460539770296768e-10
01052001582,010-5200-1582,original,1.0000000000939862,176,-3.1704782585261586e-11
01052001582,010-5200-1582,original,1.0000000000939862,177,-1.0208018007123183e-10
01052001582,010-5200-1582,original,1.0000000000939862,178,-1.1343918000030707e-10
01052001582,010-5200-1582,original,1.0000000000939862,179,2.8036653437738416e-10
01052001582,010-5200-1582,original,1.0000000000939862,180,-3.114904970787211e-10
01052001582,010-5200-1582,original,1.0000000000939862,181,2.54456971285853e-10
01052001582,010-5200-1582,original,1.0000000000939862,182,-2.3115071393823883e-10
01052001582,010-5200-1582,original,1.0000000000939862,183,2.1386212061534427e-10
01052001582,010-5200-1582,original,1.0000000000939862,184,1.8216532744773394e-11
01052001582,010-5200-1582,original,1.0000000000939862,185,2.2676476430137306e-11
01052001582,010-5200-1582,original,1.0000000000939862,186,-1.8229123643093163e-11
01052001582,010-5200-1582,original,1.0000000000939862,187,-7.868033765631519e-11
01052001582,010-5200-1582,original,1.0000000000939862,188,-5.319808591135302e-11
01052001582,010-5200-1582,original,1.0000000000939862,189,2.2001146269474458e-10
01052001582,010-5200-1582,original,1.0000000000939862,190,-1.0725807839090032e-10
01052001582,010-5200-1582,original,1.0000000000939862,191,4.122158830755206e-11
01052001582,010-5200-1582,original,1.0000000000939862,192,-1.2577207674164275e-10
01052001582,010-5200-1582,original,1.0000000000939862,193,2.8779799489337543e-10
01052001582,010-5200-1582,original,1.0000000000939862,194,4.6607207560611015e-11
01052001582,010-5200-1582,original,1.0000000000939862,195,1.880325150519573e-10
01052001582,010-5200-1582,original,1.0000000000939862,196,9.670096743509731e-11
01052001582,010-5200-1582,original,1.0000000000939862,197,5.763388852059727e-11
01052001582,010-5200-1582,original,1.0000000000939862,198,4.275237754795287e-11
01052001582,010-5200-1582,original,1.0000000000939862,199,9.007835016042008e-11
01052001582,010-5200-1582,original,1.0000000000939862,200,-5.5754852874728664e-11
01052001582,010-5200-1582,original,1.0000000000939862,201,-5.132010651548777e-11
01052001582,010-5200-1582,original,1.0000000000939862,202,-1.3378115747450675e-10
01052001582,010-5200-1582,original,1.0000000000939862,203,-1.114369519073401e-11
01052001583,010-5200-1583,"one digit, last group",-2.38946888685073e-10,0,4.0340759687646266e-11
01052001583,010-5200-1583,"one digit, last group",-2.38946888685073e-10,1,5.6886368105988417e-11
01052001583,010-5200-1583,"one digit, last group",-2.38946888685073e-10,2,-1.1153700235958208e-10
01052001583,010-5200-1583,"one digit, last group",-2.38946888685073e-10,3,-2.7985437773082342e-11
01052001583,010-5200-1583,"one digit, last group",-2.38946888685073e-10,4,-9.67129236060282e-11
01052001583,010-5200-1583,"one digit, last group",-2.38946888685073e-10,5,-3.897146071363238e-10
01052001583,010-5200-1583,"one digit, last group",-2.38946888685073e-10,6,-1.4003889741180343e-10
01052001583,010-5200-1583,"one digit, last group",-2.38946888685073e-10,7,-2.573629444050413e-10
01052001583,010-5200-1583,"one digit, last group",-2.38946888685073e-10,8,2.4266168733095224e-10
01052001583,010-5200-1583,"one digit, last group",-2.38946888685073e-10,9,5.994201342818761e-11
01052001583,010-5200-1583,"one digit, last group",-2.38946888685073e-10,10,3.491148976691672e-11
01052001583,010-5200-1583,"one digit, last group",-2.38946888685073e-10,11,5.2865466351322335e-11
01052001583,010-5200-1583,"one digit, last group",-2.38946888685073e-10,12,-1.6222607819388234e-10
01052001583,010-5200-1583,"one digit, last group",-2.38946888685073e-10,13,-1.562874610602953e-10
01052001583,010-5200-1583,"one digit, last group",-2.38946888685073e-10,14,3.623381673424649e-11
01052001583,010-5200-1583,"one digit, last group",-2.38946888685073e-10,15,3.0103306302696845e-11
01052001583,010-5200-1583,"one digit, last group",-2.38946888685073e-10,16,-1.4467951618489298e-10
01052001583,010-5200-1583,"one digit, last group",-2.38946888685073e-10,17,-2.7102560299698236e-10
01052001583,010-5200-1583,"one digit, last group",-2.38946888685073e-10,18,2.7800267203098928e-11
01052001583,010-5200-1583,"one digit, last group",-2.38946888685073e-10,19,3.813510162860945e-11
01052001583,010-5200-1583,"one digit, last group",-2.38946888685073e-10,20,-8.732258717365785e-12
01052001583,010-5200-1583,"one digit, last group",-2.38946888685073e-10,21,-2.357777822460727e-11
01052001583,010-5200-1583,"one digit, last group",-2.38946888685073e-10,22,8.919870373137122e-11
01052001583,010-5200-1583,"one digit, last group",-2.38946888685073e-10,23,-4.916602537469247e-13
01052001583,010-5200-1583,"one digit, last group",-2.38946888685073e-10,24,-2.897457710799475e-10
01052001583,010-5200-1583,"one digit, last group",-2.38946888685073e-10,25,-2.1156612603628073e-11
01052001583,010-5200-1583,"one digit, last group",-2.38946888685073e-10,26,1.5754760733695674e-10
01052001583,010-5200-1583,"one digit, last group",-2.38946888685073e-10,27,-1.3944334938418834e-11
01052001583,010-5200-1583,"one digit, last group",-2.38946888685073e-10,28,2.9928548300083464e-10
01052001583,010-5200-1583,"one digit, last group",-2.38946888685073e-10,29,-1.3624069839650971e-10
01052001583,010-5200-1583,"one digit, last group",-2.38946888685073e-10,30,-1.8757037243078262e-10
01052001583,010-5200-1583,"one digit, last group",-2.38946888685073e-10,31,-1.261073519882113e-10
01052001583,010-5200-1583,"one digit, last group",-2.38946888685073e-10,32,-1.2338430445564538e-11
01052001583,010-5200-1583,"one digit, last group",-2.38946888685073e-10,33,-1.2742867223713485e-10
01052001583,010-5200-1583,"one digit, last group",-2.38946888685073e-10,34,9.013591679659624e-11
01052001583,010-5200-1583,"one digit, last group",-2.38946888685073e-10,35,5.830557414147864e-12
01052001583,010-5200-1583,"one digit, last group",-2.38946888685073e-10,36,-3.8398610393639553e-11
01052001583,010-5200-1583,"one digit, last group",-2.38946888685073e-10,37,2.0343395288109717e-10
01052001583,010-5200-1583,"one digit, last group",-2.38946888685073e-10,38,-7.66262094646353e-12
01052001583,010-5200-1583,"one digit, last group",-2.38946888685073e-10,39,3.730533881385084e-11
01052001583,010-5200-1583,"one digit, last group",-2.38946888685073e-10,40,5.694968026628427e-11
01052001583,010-5200-1583,"one digit, last group",-2.38946888685073e-10,41,-2.3994773467641695e-11
01052001583,010-5200-1583,"one digit, last group",-2.38946888685073e-10,42,-2.49147536724688e-10
01052001583,010-5200-1583,"one digit, last group",-2.38946888685073e-10,43,-1.7599953650093413e-11
01052001583,010-5200-1583,"one digit, last group",-2.38946888685073e-10,44,-1.3693411619166904e-11
01052001583,010-5200-1583,"one digit, last group",-2.38946888685073e-10,45,-7.176590408961322e-11
01052001583,010-5200-1583,"one digit, last group",-2.38946888685073e-10,46,-1.642866650284452e-11
01052001583,010-5200-1583,"one digit, last group",-2.38946888685073e-10,47,-2.476051211251083e-11
01052001583,010-5200-1583,"one digit, last group",-2.38946888685073e-10,48,-1.1304071161123987e-10
01052001583,010-5200-1583,"one digit, last group",-2.38946888685073e-10,49,1.437249552110756e-10
01052001583,010-5200-1583,"one digit, last group",-2.38946888685073e-10,50,-6.016906928762275e-10
01052001583,010-5200-1583,"one digit, last group",-2.38946888685073e-10,51,3.677198214762422e-11
01052001583,010-5200-1583,"one digit, last group",-2.38946888685073e-10,52,-1.1094090273899398e-10
01052001583,010-5200-1583,"one digit, last group",-2.38946888685073e-10,53,1.473755856655503e-11
01052001583,010-5200-1583,"one digit, last group",-2.38946888685073e-10,54,-2.171611675795292e-11
01052001583,010-5200-1583,"one digit, last group",-2.38946888685073e-10,55,-7.385663876587394e-11
01052001583,010-5200-1583,"one digit, last group",-2.38946888685073e-10,56,1.4269547382757107e-10
01052001583,010-5200-1583,"one digit, last group",-2.38946888685073e-10,57,-8.762620667237697e-12
01052001583,010-5200-1583,"one digit, last group",-2.38946888685073e-10,58,6.001829664236829e-11
01052001583,010-5200-1583,"one digit, last group",-2.38946888685073e-10,59,-1.766432926391877e-10
01052001583,010-5200-1583,"one digit, last group",-2.38946888685073e-10,60,-3.3697158349071525e-10
01052001583,010-5200-1583,"one digit, last group",-2.38946888685073e-10,61,-5.7609183782694014e-11
01052001583,010-5200-1583,"one digit, last group",-2.38946888685073e-10,62,9.854427278749888e-13
01052001583,010-5200-1583,"one digit, last group",-2.38946888685073e-10,63,4.4150571213904264e-11
01052001583,010-5200-1583,"one digit, last group",-2.38946888685073e-10,64,-1.3399604749195006e-10
01052001583,010-5200-1583,"one digit, last group",-2.38946888685073e-10,65,-8.719888129619394e-11
01052001583,010-5200-1583,"one digit, last group",-2.38946888685073e-10,66,1.702121825136631e-11
01052001583,010-5200-1583,"one digit, last group",-2.38946888685073e-10,67,-8.42662108910447e-11
01052001583,010-5200-1583,"one digit, last group",-2.38946888685073e-10,68,-3.4287605914883703e-10
01052001583,010-5200-1583,"one digit, last group",-2.38946888685073e-10,69,2.45008815018358e-11
01052001583,010-5200-1583,"one digit, last group",-2.38946888685073e-10,70,1.6145244871305488e-13
01052001583,010-5200-1583,"one digit, last group",-2.38946888685073e-10,71,8.079225901130053e-11
01052001583,010-5200-1583,"one digit, last group",-2.38946888685073e-10,72,-1.9716709471704592e-11
01052001583,010-5200-1583,"one digit, last group",-2.38946888685073e-10,73,3.685669006854481e-11
01052001583,010-5200-1583,"one digit, last group",-2.38946888685073e-10,74,1.253232447352264e-10
01052001583,010-5200-1583,"one digit, last group",-2.38946888685073e-10,75,7.972568636694335e-11
01052001583,010-5200-1583,"one digit, last group",-2.38946888685073e-10,76,-1.213755181084268e-10
01052001583,010-5200-1583,"one digit, last group",-2.38946888685073e-10,77,-3.728969701907673e-11
01052001583,010-5200-1583,"one digit, last group",-2.38946888685073e-10,78,1.3952051043028733e-10
01052001583,010-5200-1583,"one digit, last group",-2.38946888685073e-10,79,-1.1312678243574998e-10
01052001583,010-5200-1583,"one digit, last group",-2.38946888685073e-10,80,1.0845334721170754e-10
01052001583,010-5200-1583,"one digit, last group",-2.38946888685073e-10,81,2.038379785078344e-10
01052001583,010-5200-1583,"one digit, last group",-2.38946888685073e-10,82,3.2720001712227825e-10
01052001583,010-5200-1583,"one digit, last group",-2.38946888685073e-10,83,2.0172537306906087e-12
01052001583,010-5200-1583,"one digit, last group",-2.38946888685073e-10,84,4.4736011814761694e-11
01052001583,010-5200-1583,"one digit, last group",-2.38946888685073e-10,85,4.116133205273458e-11
01052001583,010-5200-1583,"one digit, last group",-2.38946888685073e-10,86,3.302442642799127e-10
01052001583,010-5200-1583,"one digit, last group",-2.38946888685073e-10,87,1.8828678043447753e-11
01052001583,010-5200-1583,"one digit, last group",-2.38946888685073e-10,88,8.91600714094327e-11
01052001583,010-5200-1583,"one digit, last group",-2.38946888685073e-10,89,-2.2514973586219574e-10
01052001583,010-5200-1583,"one digit, last group",-2.38946888685073e-10,90,3.7946656491315335e-11
01052001583,010-5200-1583,"one digit, last group",-2.38946888685073e-10,91,1.789890681581421e-10
01052001583,010-5200-1583,"one digit, last group",-2.38946888685073e-10,92,2.044520701345246e-10
01052001583,010-5200-1583,"one digit, last group",-2.38946888685073e-10,93,3.201930590052624e-11
01052001583,010-5200-1583,"one digit, last group",-2.38946888685073e-10,94,-4.2143991402414766e-11
01052001583,010-5200-1583,"one digit, last group",-2.38946888685073e-10,95,1.6414400715904089e-10
01052001583,010-5200-1583,"one digit, last group",-2.38946888685073e-10,96,1.6755382005288221e-10
01052001583,010-5200-1583,"one digit, last group",-2.38946888685073e-10,97,-6.11901038818135e-11
01052001583,010-5200-1583,"one digit, last group",-2.38946888685073e-10,98,-2.5653102470208595e-10
01052001583,010-5200-1583,"one digit, last group",-2.38946888685073e-10,99,-8.112080962596422e-12
01052001583,010-5200-1583,"one digit, last group",-2.38946888685073e-10,100,-7.232688094706648e-11
01052001583,010-5200-1583,"one digit, last group",-2.38946888685073e-10,101,-5.373611685098184e-11
01052001583,010-5200-1583,"one digit, last group",-2.38946888685073e-10,102,-2.1068342183105817e-10
01052001583,010-5200-1583,"one digit, last group",-2.38946888685073e-10,103,2.7107563644178307e-11
01052001583,010-5200-1583,"one digit, last group",-2.38946888685073e-10,104,1.5590791725773737e-10
01052001583,010-5200-1583,"one digit, last group",-2.38946888685073e-10,105,4.656337474464277e-11
01052001583,010-5200-1583,"one digit, last group",-2.38946888685073e-10,106,-2.394024304537418e-11
01052001583,010-5200-1583,"one digit, last group",-2.38946888685073e-10,107,-1.0518613321832044e-10
01052001583,010-5200-1583,"one digit, last group",-2.38946888685073e-10,108,1.3269973593928925e-10
01052001583,010-5200-1583,"one digit, last group",-2.38946888685073e-10,109,2.7027352832708496e-10
01052001583,010-5200-1583,"one digit, last group",-2.38946888685073e-10,110,3.030477421256976e-11
01052001583,010-5200-1583,"one digit, last group",-2.38946888685073e-10,111,-1.6837011388274662e-10
01052001583,010-5200-1583,"one digit, last group",-2.38946888685073e-10,112,-1.3403224490663754e-10
01052001583,010-5200-1583,"one digit, last group",-2.38946888685073e-10,113,-2.6931424199190396e-11
01052001583,010-5200-1583,"one digit, last group",-2.38946888685073e-10,114,-3.999058768343462e-10
01052001583,010-5200-1583,"one digit, last group",-2.38946888685073e-10,115,-4.810738631115705e-12
01052001583,010-5200-1583,"one digit, last group",-2.38946888685073e-10,116,1.181152884652034e-11
01052001583,010-5200-1583,"one digit, last group",-2.38946888685073e-10,117,-1.646554097404361e-10
01052001583,010-5200-1583,"one digit, last group",-2.38946888685073e-10,118,-4.51221276489263e-10
01052001583,010-5200-1583,"one digit, last group",-2.38946888685073e-10,119,8.884316230595267e-11
01052001583,010-5200-1583,"one digit, last group",-2.38946888685073e-10,120,-5.3250937727208897e-11
01052001583,010-5200-1583,"one digit, last group",-2.38946888685073e-10,121,-2.5561293326242203e-10
01052001583,010-5200-1583,"one digit, last group",-2.38946888685073e-10,122,-1.0287765029440256e-11
01052001583,010-5200-1583,"one digit, last group",-2.38946888685073e-10,123,6.272980994740905e-11
01052001583,010-5200-1583,"one digit, last group",-2.38946888685073e-10,124,-4.054483413225843e-10
01052001583,010-5200-1583,"one digit, last group",-2.38946888685073e-10,125,-1.4430843162107072e-10
01052001583,010-5200-1583,"one digit, last group",-2.38946888685073e-10,126,4.44020320043064e-11
01052001583,010-5200-1583,"one digit, last group",-2.38946888685073e-10,127,3.886679434439759e-11
01052001583,010-5200-1583,"one digit, last group",-2.38946888685073e-10,128,2.018791585212468e-11
01052001583,010-5200-1583,"one digit, last group",-2.38946888685073e-10,129,3.6233919379852576e-13
01052001583,010-5200-1583,"one digit, last group",-2.38946888685073e-10,130,-1.817130981183605e-11
01052001583,010-5200-1583,"one digit, last group",-2.38946888685073e-10,131,-1.6932579614375295e-10
01052001583,010-5200-1583,"one digit, last group",-2.38946888685073e-10,132,-3.237086759348905e-11
01052001583,010-5200-1583,"one digit, last group",-2.38946888685073e-10,133,2.46561998808418e-11
01052001583,010-5200-1583,"one digit, last group",-2.38946888685073e-10,134,-8.743596096168445e-11
01052001583,010-5200-1583,"one digit, last group",-2.38946888685073e-10,135,5.669866037925028e-11
01052001583,010-5200-1583,"one digit, last group",-2.38946888685073e-10,136,4.3864487626721007e-11
01052001583,010-5200-1583,"one digit, last group",-2.38946888685073e-10,137,-7.163496716676437e-11
01052001583,010-5200-1583,"one digit, last group",-2.38946888685073e-10,138,-1.178588441358949e-10
01052001583,010-5200-1583,"one digit, last group",-2.38946888685073e-10,139,-8.33671069183718e-11
01052001583,010-5200-1583,"one digit, last group",-2.38946888685073e-10,140,-2.1989965373653864e-10
01052001583,010-5200-1583,"one digit, last group",-2.38946888685073e-10,141,-4.4803738625252366e-11
01052001583,010-5200-1583,"one digit, last group",-2.38946888685073e-10,142,-1.350175242042104e-10
01052001583,010-5200-1583,"one digit, last group",-2.38946888685073e-10,143,1.9847038731569727e-10
01052001583,010-5200-1583,"one digit, last group",-2.38946888685073e-10,144,-5.647585573381939e-12
01052001583,010-5200-1583,"one digit, last group",-2.38946888685073e-10,145,1.1440684612395381e-11
01052001583,010-5200-1583,"one digit, last group",-2.38946888685073e-10,146,-4.921105158621067e-11
01052001583,010-5200-1583,"one digit, last group",-2.38946888685073e-10,147,-1.437905693078484e-10
01052001583,010-5200-1583,"one digit, last group",-2.38946888685073e-10,148,8.339625490918892e-12
01052001583,010-5200-1583,"one digit, last group",-2.38946888685073e-10,149,-2.991228351223656e-10
01052001583,010-5200-1583,"one digit, last group",-2.38946888685073e-10,150,3.759579890331806e-11
01052001583,010-5200-1583,"one digit, last group",-2.38946888685073e-10,151,3.389090961574346e-11
01052001583,010-5200-1583,"one digit, last group",-2.38946888685073e-10,152,-1.059619012556564e-10
01052001583,010-5200-1583,"one digit, last group",-2.38946888685073e-10,153,7.690219200505148e-11
01052001583,010-5200-1583,"one digit, last group",-2.38946888685073e-10,154,-6.07391369306396e-12
01052001583,010-5200-1583,"one digit, last group",-2.38946888685073e-10,155,-3.2758358721004836e-10
01052001583,010-5200-1583,"one digit, last group",-2.38946888685073e-10,156,-9.724588769139072e-11
01052001583,010-5200-1583,"one digit, last group",-2.38946888685073e-10,157,-1.870202646097524e-11
01052001583,010-5200-1583,"one digit, last group",-2.38946888685073e-10,158,-2.4116923860992658e-11
01052001583,010-5200-1583,"one digit, last group",-2.38946888685073e-10,159,-4.208705591416856e-11
01052001583,010-5200-1583,"one digit, last group",-2.38946888685073e-10,160,1.6231251954649119e-10
01052001583,010-5200-1583,"one digit, last group",-2.38946888685073e-10,161,8.870608740717586e-12
01052001583,010-5200-1583,"one digit, last group",-2.38946888685073e-10,162,-1.8167836667239973e-11
01052001583,010-5200-1583,"one digit, last group",-2.38946888685073e-10,163,-9.099934775322037e-13
01052001583,010-5200-1583,"one digit, last group",-2.38946888685073e-10,164,-1.402842670871389e-10
01052001583,010-5200-1583,"one digit, last group",-2.38946888685073e-10,165,1.8908750891784922e-11
01052001583,010-5200-1583,"one digit, last group",-2.38946888685073e-10,166,2.1993025231824224e-11
01052001583,010-5200-1583,"one digit, last group",-2.38946888685073e-10,167,-4.06503772096188e-11
01052001583,010-5200-1583,"one digit, last group",-2.38946888685073e-10,168,-7.992527404052354e-11
01052001583,010-5200-1583,"one digit, last group",-2.38946888685073e-10,169,-1.910685931922133e-10
01052001583,010-5200-1583,"one digit, last group",-2.38946888685073e-10,170,-5.696015112296586e-11
01052001583,010-5200-1583,"one digit, last group",-2.38946888685073e-10,171,-9.967164011004752e-10
01052001583,010-5200-1583,"one digit, last group",-2.38946888685073e-10,172,-6.019184293773604e-10
01052001583,010-5200-1583,"one digit, last group",-2.38946888685073e-10,173,-4.170269306195609e-12
01052001583,010-5200-1583,"one digit, last group",-2.38946888685073e-10,174,6.34969489926087e-11
01052001583,010-5200-1583,"one digit, last group",-2.38946888685073e-10,175,-3.9092020977222774e-10
01052001583,010-5200-1583,"one digit, last group",-2.38946888685073e-10,176,2.2506993736204217e-11
01052001583,010-5200-1583,"one digit, last group",-2.38946888685073e-10,177,-1.8778479179552932e-10
01052001583,010-5200-1583,"one digit, last group",-2.38946888685073e-10,178,-1.6732951654298233e-10
01052001583,010-5200-1583,"one digit, last group",-2.38946888685073e-10,179,4.44203248369371e-11
01052001583,010-5200-1583,"one digit, last group",-2.38946888685073e-10,180,8.899096091752804e-12
01052001583,010-5200-1583,"one digit, last group",-2.38946888685073e-10,181,-2.68843796512919e-10
01052001583,010-5200-1583,"one digit, last group",-2.38946888685073e-10,182,3.3859018995758144e-10
01052001583,010-5200-1583,"one digit, last group",-2.38946888685073e-10,183,1.7953090975236913e-10
01052001583,010-5200-1583,"one digit, last group",-2.38946888685073e-10,184,-1.8813737935250076e-11
01052001583,010-5200-1583,"one digit, last group",-2.38946888685073e-10,185,2.8579736768556842e-11
01052001583,010-5200-1583,"one digit, last group",-2.38946888685073e-10,186,1.455945185578905e-10
01052001583,010-5200-1583,"one digit, last group",-2.38946888685073e-10,187,8.013287178793133e-11
01052001583,010-5200-1583,"one digit, last group",-2.38946888685073e-10,188,-4.750699184401269e-11
01052001583,010-5200-1583,"one digit, last group",-2.38946888685073e-10,189,8.573812661823006e-11
01052001583,010-5200-1583,"one digit, last group",-2.38946888685073e-10,190,-1.2907319920454025e-10
01052001583,010-5200-1583,"one digit, last group",-2.38946888685073e-10,191,-5.0086890038710404e-12
01052001583,010-5200-1583,"one digit, last group",-2.38946888685073e-10,192,-9.047753443035593e-11
01052001583,010-5200-1583,"one digit, last group",-2.38946888685073e-10,193,1.7196675059016465e-10
01052001583,010-5200-1583,"one digit, last group",-2.38946888685073e-10,194,-1.7654229978885734e-11
01052001583,010-5200-1583,"one digit, last group",-2.38946888685073e-10,195,8.024087880574821e-11
01052001583,010-5200-1583,"one digit, last group",-2.38946888685073e-10,196,3.429992034844181e-11
01052001583,010-5200-1583,"one digit, last group",-2.38946888685073e-10,197,-3.246720441880946e-10
01052001583,010-5200-1583,"one digit, last group",-2.38946888685073e-10,198,4.2824125770500423e-11
01052001583,010-5200-1583,"one digit, last group",-2.38946888685073e-10,199,-4.76119091962299e-10
01052001583,010-5200-1583,"one digit, last group",-2.38946888685073e-10,200,5.840030422911866e-11
01052001583,010-5200-1583,"one digit, last group",-2.38946888685073e-10,201,2.8204584963935695e-12
01052001583,010-5200-1583,"one digit, last group",-2.38946888685073e-10,202,-2.568851167448803e-10
01052001583,010-5200-1583,"one digit, last group",-2.38946888685073e-10,203,-1.8342562514803044e-11
00653004858,006-5300-4858,original,1.0000000000285483,0,8.733701373762555e-11
00653004858,006-5300-4858,original,1.0000000000285483,1,1.4979245890944956e-10
00653004858,006-5300-4858,original,1.0000000000285483,2,2.2241776594056163e-10
00653004858,006-5300-4858,original,1.0000000000285483,3,1.7760743324874728e-11
00653004858,006-5300-4858,original,1.0000000000285483,4,-1.5639624608790626e-10
00653004858,006-5300-4858,original,1.0000000000285483,5,1.5935859109779004e-10
00653004858,006-5300-4858,original,1.0000000000285483,6,1.1565169782174883e-10
00653004858,006-5300-4858,original,1.0000000000285483,7,-1.590636464734255e-10
00653004858,006-5300-4858,original,1.0000000000285483,8,1.0097774237660221e-10
00653004858,006-5300-4858,original,1.0000000000285483,9,-7.317700305542305e-11
00653004858,006-5300-4858,original,1.0000000000285483,10,-4.973129901403167e-12
00653004858,006-5300-4858,original,1.0000000000285483,11,1.622620528216715e-11
00653004858,006-5300-4858,original,1.0000000000285483,12,-6.43990472770653e-11
00653004858,006-5300-4858,original,1.0000000000285483,13,2.1583291866275387e-10
00653004858,006-5300-4858,original,1.0000000000285483,14,-6.494500644399309e-11
00653004858,006-5300-4858,original,1.0000000000285483,15,-2.917542395623167e-11
00653004858,006-5300-4858,original,1.0000000000285483,16,3.3798692827924115e-10
00653004858,006-5300-4858,original,1.0000000000285483,17,-9.303734661257509e-11
00653004858,006-5300-4858,original,1.0000000000285483,18,-6.502010734582456e-11
00653004858,006-5300-4858,original,1.0000000000285483,19,1.5926038880873238e-10
00653004858,006-5300-4858,original,1.0000000000285483,20,7.180438653726092e-11
00653004858,006-5300-4858,original,1.0000000000285483,21,-1.1070272375097978e-10
00653004858,006-5300-4858,original,1.0000000000285483,22,-1.7156086704644597e-10
00653004858,006-5300-4858,original,1.0000000000285483,23,-1.5256724883840474e-10
00653004858,006-5300-4858,original,1.0000000000285483,24,2.0821144583879278e-10
00653004858,006-5300-4858,original,1.0000000000285483,25,-7.392830018680689e-11
00653004858,006-5300-4858,original,1.0000000000285483,26,7.424224892079132e-11
00653004858,006-5300-4858,original,1.0000000000285483,27,-2.1157836798720177e-11
00653004858,006-5300-4858,original,1.0000000000285483,28,-2.637874763725582e-10
00653004858,006-5300-4858,original,1.0000000000285483,29,7.838925536528515e-11
00653004858,006-5300-4858,original,1.0000000000285483,30,1.0365587968177077e-10
00653004858,006-5300-4858,original,1.0000000000285483,31,-4.8393310433977554e-11
00653004858,006-5300-4858,original,1.0000000000285483,32,-1.8268096217618857e-10
00653004858,006-5300-4858,original,1.0000000000285483,33,-9.640868421782684e-11
00653004858,006-5300-4858,original,1.0000000000285483,34,-8.68092283743356e-12
00653004858,006-5300-4858,original,1.0000000000285483,35,-6.23123601858426e-11
00653004858,006-5300-4858,original,1.0000000000285483,36,2.7693994822729375e-11
00653004858,006-5300-4858,original,1.0000000000285483,37,1.2435702069172796e-11
00653004858,006-5300-4858,original,1.0000000000285483,38,3.541541544564662e-12
00653004858,006-5300-4858,original,1.0000000000285483,39,-1.3740212011981788e-10
00653004858,006-5300-4858,original,1.0000000000285483,40,-2.9318526593060616e-10
00653004858,006-5300-4858,original,1.0000000000285483,41,-1.2554534349375179e-10
00653004858,006-5300-4858,original,1.0000000000285483,42,8.210162806895692e-11
00653004858,006-5300-4858,original,1.0000000000285483,43,8.404912718350025e-11
00653004858,006-5300-4858,original,1.0000000000285483,44,-2.518682079258273e-11
00653004858,006-5300-4858,original,1.0000000000285483,45,-1.664735569294288e-10
00653004858,006-5300-4858,original,1.0000000000285483,46,-2.2501519511754855e-11
00653004858,006-5300-4858,original,1.0000000000285483,47,-1.6245148008818936e-10
00653004858,006-5300-4858,original,1.0000000000285483,48,2.2522621971886294e-10
00653004858,006-5300-4858,original,1.0000000000285483,49,9.2647760886766e-11
00653004858,006-5300-4858,original,1.0000000000285483,50,-2.4883113556059514e-10
00653004858,006-5300-4858,original,1.0000000000285483,51,1.4005610912090164e-11
00653004858,006-5300-4858,original,1.0000000000285483,52,5.563966697264038e-11
00653004858,006-5300-4858,original,1.0000000000285483,53,-1.8144869516670705e-11
00653004858,006-5300-4858,original,1.0000000000285483,54,3.6494694374862457e-11
00653004858,006-5300-4858,original,1.0000000000285483,55,-6.773631005361257e-11
00653004858,006-5300-4858,original,1.0000000000285483,56,-1.3621042341455726e-10
00653004858,006-5300-4858,original,1.0000000000285483,57,3.5495208870816865e-11
00653004858,006-5300-4858,original,1.0000000000285483,58,-5.901112960866954e-12
00653004858,006-5300-4858,original,1.0000000000285483,59,-1.0660582309385886e-10
00653004858,006-5300-4858,original,1.0000000000285483,60,-1.432440655197871e-10
00653004858,006-5300-4858,original,1.0000000000285483,61,3.3956070395975105e-11
00653004858,006-5300-4858,original,1.0000000000285483,62,2.7937668562091893e-10
00653004858,006-5300-4858,original,1.0000000000285483,63,2.8565732336415418e-12
00653004858,006-5300-4858,original,1.0000000000285483,64,-5.518505839235854e-11
00653004858,006-5300-4858,original,1.0000000000285483,65,8.719254633989151e-11
00653004858,006-5300-4858,original,1.0000000000285483,66,8.970884164897251e-11
00653004858,006-5300-4858,original,1.0000000000285483,67,-8.284479246410666e-11
00653004858,006-5300-4858,original,1.0000000000285483,68,-8.423165476872985e-11
00653004858,006-5300-4858,original,1.0000000000285483,69,-1.8617540347568235e-10
00653004858,006-5300-4858,original,1.0000000000285483,70,1.2350686232332234e-10
00653004858,006-5300-4858,original,1.0000000000285483,71,-1.3637189990078442e-10
00653004858,006-5300-4858,original,1.0000000000285483,72,8.647481561192057e-12
00653004858,006-5300-4858,original,1.0000000000285483,73,1.75108399333391e-10
00653004858,006-5300-4858,original,1.0000000000285483,74,1.0507066585044024e-10
00653004858,006-5300-4858,original,1.0000000000285483,75,4.65842276487873e-11
00653004858,006-5300-4858,original,1.0000000000285483,76,3.4208941347453875e-11
00653004858,006-5300-4858,original,1.0000000000285483,77,-2.0756269872045712e-11
00653004858,006-5300-4858,original,1.0000000000285483,78,-5.430900190438285e-11
00653004858,006-5300-4858,original,1.0000000000285483,79,1.9362472695853178e-10
00653004858,006-5300-4858,original,1.0000000000285483,80,-1.568993225820842e-10
00653004858,006-5300-4858,original,1.0000000000285483,81,2.269732110416418e-10
00653004858,006-5300-4858,original,1.0000000000285483,82,-8.340746866596784e-11
00653004858,006-5300-4858,original,1.0000000000285483,83,-1.890785364400096e-11
00653004858,006-5300-4858,original,1.0000000000285483,84,-2.1917063043204553e-13
00653004858,006-5300-4858,original,1.0000000000285483,85,-1.5192155024517018e-11
00653004858,006-5300-4858,original,1.0000000000285483,86,-4.968261827559226e-10
00653004858,006-5300-4858,original,1.0000000000285483,87,1.923205470462759e-10
00653004858,006-5300-4858,original,1.0000000000285483,88,-3.13237129408021e-11
00653004858,006-5300-4858,original,1.0000000000285483,89,-7.641112757999105e-11
00653004858,006-5300-4858,original,1.0000000000285483,90,8.4653558650314e-11
00653004858,006-5300-4858,original,1.0000000000285483,91,3.6174749042229713e-11
00653004858,006-5300-4858,original,1.0000000000285483,92,-3.1839232807865337e-10
00653004858,006-5300-4858,original,1.0000000000285483,93,1.8816379192293175e-10
00653004858,006-5300-4858,original,1.0000000000285483,94,-3.2447178929318756e-11
00653004858,006-5300-4858,original,1.0000000000285483,95,-9.471373343434727e-11
00653004858,006-5300-4858,original,1.0000000000285483,96,-3.9237585845069754e-10
00653004858,006-5300-4858,original,1.0000000000285483,97,3.405231249897215e-10
00653004858,006-5300-4858,original,1.0000000000285483,98,8.426831080142841e-12
00653004858,006-5300-4858,original,1.0000000000285483,99,8.088015566525233e-11
00653004858,006-5300-4858,original,1.0000000000285483,100,9.110843529829413e-11
00653004858,006-5300-4858,original,1.0000000000285483,101,-2.807880528298244e-10
00653004858,006-5300-4858,original,1.0000000000285483,102,7.15617207826126e-11
00653004858,006-5300-4858,original,1.0000000000285483,103,8.83968026412118e-11
00653004858,006-5300-4858,original,1.0000000000285483,104,-2.175396285840555e-10
00653004858,006-5300-4858,original,1.0000000000285483,105,-6.606816702625901e-12
00653004858,006-5300-4858,original,1.0000000000285483,106,3.2075144588258555e-11
00653004858,006-5300-4858,original,1.0000000000285483,107,-1.3196455259600268e-10
00653004858,006-5300-4858,original,1.0000000000285483,108,6.970226051979359e-11
00653004858,006-5300-4858,original,1.0000000000285483,109,-5.435624681333066e-11
00653004858,006-5300-4858,original,1.0000000000285483,110,-3.1416817436405496e-11
00653004858,006-5300-4858,original,1.0000000000285483,111,2.413997442332564e-10
00653004858,006-5300-4858,original,1.0000000000285483,112,-5.694933132378172e-11
00653004858,006-5300-4858,original,1.0000000000285483,113,7.799167652421168e-12
00653004858,006-5300-4858,original,1.0000000000285483,114,2.0017119639820427e-10
00653004858,006-5300-4858,original,1.0000000000285483,115,2.093343099443351e-11
00653004858,006-5300-4858,original,1.0000000000285483,116,1.2591382687941857e-12
00653004858,006-5300-4858,original,1.0000000000285483,117,-6.671985785887038e-11
00653004858,006-5300-4858,original,1.0000000000285483,118,1.3168298886853282e-10
00653004858,006-5300-4858,original,1.0000000000285483,119,5.67427912077679e-10
00653004858,006-5300-4858,original,1.0000000000285483,120,-3.7541857255165567e-11
00653004858,006-5300-4858,original,1.0000000000285483,121,2.1310770931830206e-10
00653004858,006-5300-4858,original,1.0000000000285483,122,-1.3023587271695376e-10
00653004858,006-5300-4858,original,1.0000000000285483,123,1.9398264953419327e-10
00653004858,006-5300-4858,original,1.0000000000285483,124,2.4231782199614724e-10
00653004858,006-5300-4858,original,1.0000000000285483,125,-2.5023471089830244e-10
00653004858,006-5300-4858,original,1.0000000000285483,126,-2.0377261440851298e-11
00653004858,006-5300-4858,original,1.0000000000285483,127,3.566778395416064e-11
00653004858,006-5300-4858,original,1.0000000000285483,128,-1.0618442241876398e-10
00653004858,006-5300-4858,original,1.0000000000285483,129,-1.3581184417665574e-10
00653004858,006-5300-4858,original,1.0000000000285483,130,3.4162535679437287e-11
00653004858,006-5300-4858,original,1.0000000000285483,131,8.63635429815533e-12
00653004858,006-5300-4858,original,1.0000000000285483,132,-8.763170855054782e-11
00653004858,006-5300-4858,original,1.0000000000285483,133,-8.70956597644527e-11
00653004858,006-5300-4858,original,1.0000000000285483,134,1.8354943759819554e-11
00653004858,006-5300-4858,original,1.0000000000285483,135,5.845648109759881e-11
00653004858,006-5300-4858,original,1.0000000000285483,136,2.1019753236590498e-11
00653004858,006-5300-4858,original,1.0000000000285483,137,1.3261630347661257e-10
00653004858,006-5300-4858,original,1.0000000000285483,138,-2.213506657009858e-10
00653004858,006-5300-4858,original,1.0000000000285483,139,1.9120973569111828e-10
00653004858,006-5300-4858,original,1.0000000000285483,140,1.1203910802174327e-10
00653004858,006-5300-4858,original,1.0000000000285483,141,-3.416350387539816e-12
00653004858,006-5300-4858,original,1.0000000000285483,142,-9.251521348693638e-11
00653004858,006-5300-4858,original,1.0000000000285483,143,3.3883888059994016e-10
00653004858,006-5300-4858,original,1.0000000000285483,144,-6.489925678047878e-11
00653004858,006-5300-4858,original,1.0000000000285483,145,4.875524354552799e-12
00653004858,006-5300-4858,original,1.0000000000285483,146,-6.08128863061264e-11
00653004858,006-5300-4858,original,1.0000000000285483,147,-2.396503430630859e-10
00653004858,006-5300-4858,original,1.0000000000285483,148,-1.759716513076094e-11
00653004858,006-5300-4858,original,1.0000000000285483,149,2.1205885271884045e-10
00653004858,006-5300-4858,original,1.0000000000285483,150,-1.1045752004420583e-11
00653004858,006-5300-4858,original,1.0000000000285483,151,-7.013083534988868e-11
00653004858,006-5300-4858,original,1.0000000000285483,152,-3.4269970801359883e-10
00653004858,006-5300-4858,original,1.0000000000285483,153,-2.635120795768096e-10
00653004858,006-5300-4858,original,1.0000000000285483,154,-1.0124493756673949e-10
00653004858,006-5300-4858,original,1.0000000000285483,155,1.583375897213148e-10
00653004858,006-5300-4858,original,1.0000000000285483,156,6.5382275928149e-11
00653004858,006-5300-4858,original,1.0000000000285483,157,-4.992501630090335e-11
00653004858,006-5300-4858,original,1.0000000000285483,158,-2.388231722552661e-10
00653004858,006-5300-4858,original,1.0000000000285483,159,-6.128082617013374e-11
00653004858,006-5300-4858,original,1.0000000000285483,160,2.556531688442193e-11
00653004858,006-5300-4858,original,1.0000000000285483,161,3.598414841557518e-11
00653004858,006-5300-4858,original,1.0000000000285483,162,-1.2975954011336083e-10
00653004858,006-5300-4858,original,1.0000000000285483,163,-1.2879471545800842e-11
00653004858,006-5300-4858,original,1.0000000000285483,164,3.842087682647382e-12
00653004858,006-5300-4858,original,1.0000000000285483,165,-3.022432682337758e-10
00653004858,006-5300-4858,original,1.0000000000285483,166,2.7567553394817408e-11
00653004858,006-5300-4858,original,1.0000000000285483,167,-2.9830148805376987e-10
00653004858,006-5300-4858,original,1.0000000000285483,168,2.5291010092649873e-10
00653004858,006-5300-4858,original,1.0000000000285483,169,-1.1864007702625433e-10
00653004858,006-5300-4858,original,1.0000000000285483,170,3.375503571228745e-11
00653004858,006-5300-4858,original,1.0000000000285483,171,5.868697365035186e-11
00653004858,006-5300-4858,original,1.0000000000285483,172,3.053609667611069e-11
00653004858,006-5300-4858,original,1.0000000000285483,173,2.1537625953402777e-12
00653004858,006-5300-4858,original,1.0000000000285483,174,2.2529336491435256e-11
00653004858,006-5300-4858,original,1.0000000000285483,175,-1.0068795467113802e-10
00653004858,006-5300-4858,original,1.0000000000285483,176,4.192712682888255e-11
00653004858,006-5300-4858,original,1.0000000000285483,177,-4.09850145215618e-10
00653004858,006-5300-4858,original,1.0000000000285483,178,-8.229891421868464e-11
00653004858,006-5300-4858,original,1.0000000000285483,179,-6.227346435448455e-10
00653004858,006-5300-4858,original,1.0000000000285483,180,4.630554021858276e-11
00653004858,006-5300-4858,original,1.0000000000285483,181,-6.618196203593485e-11
00653004858,006-5300-4858,original,1.0000000000285483,182,1.1614869681207658e-10
00653004858,006-5300-4858,original,1.0000000000285483,183,1.6958799139429742e-10
00653004858,006-5300-4858,original,1.0000000000285483,184,7.942293407417742e-12
00653004858,006-5300-4858,original,1.0000000000285483,185,-4.793650479172098e-11
00653004858,006-5300-4858,original,1.0000000000285483,186,-1.0391054454683574e-10
00653004858,006-5300-4858,original,1.0000000000285483,187,0.999999697629526
00653004858,006-5300-4858,original,1.0000000000285483,188,0.9999996866157441
00653004858,006-5300-4858,original,1.0000000000285483,189,9.996739156797226e-11
00653004858,006-5300-4858,original,1.0000000000285483,190,-3.354581368470729e-11
00653004858,006-5300-4858,original,1.0000000000285483,191,3.213422810722804e-11
00653004858,006-5300-4858,original,1.0000000000285483,192,1.0106728189833983e-10
00653004858,006-5300-4858,original,1.0000000000285483,193,5.495845446773796e-10
00653004858,006-5300-4858,original,1.0000000000285483,194,-9.25504540463939e-12
00653004858,006-5300-4858,original,1.0000000000285483,195,-4.2550707262512435e-10
00653004858,006-5300-4858,original,1.0000000000285483,196,-1.76934571617963e-10
00653004858,006-5300-4858,original,1.0000000000285483,197,7.274517243949322e-14
00653004858,006-5300-4858,original,1.0000000000285483,198,2.0535890862907522e-10
00653004858,006-5300-4858,original,1.0000000000285483,199,4.1300638264783234e-10
00653004858,006-5300-4858,original,1.0000000000285483,200,1.0723472920465642e-11
00653004858,006-5300-4858,original,1.0000000000285483,201,-6.71223884035058e-12
00653004858,006-5300-4858,original,1.0000000000285483,202,3.9248833014589027e-10
00653004858,006-5300-4858,original,1.0000000000285483,203,1.4262843398627146e-11
00653004859,006-5300-4859,"one digit, last group",-1.1973134430084614e-10,0,-1.0306789194509339e-10
00653004859,006-5300-4859,"one digit, last group",-1.1973134430084614e-10,1,-2.3078799162711465e-11
00653004859,006-5300-4859,"one digit, last group",-1.1973134430084614e-10,2,-1.5983167889821315e-10
00653004859,006-5300-4859,"one digit, last group",-1.1973134430084614e-10,3,5.663459351339569e-12
00653004859,006-5300-4859,"one digit, last group",-1.1973134430084614e-10,4,-7.472172187259873e-11
00653004859,006-5300-4859,"one digit, last group",-1.1973134430084614e-10,5,-2.3902467738131765e-10
00653004859,006-5300-4859,"one digit, last group",-1.1973134430084614e-10,6,-1.274040780164447e-12
00653004859,006-5300-4859,"one digit, last group",-1.1973134430084614e-10,7,-1.133983625951888e-10
00653004859,006-5300-4859,"one digit, last group",-1.1973134430084614e-10,8,-2.1128571965774894e-10
00653004859,006-5300-4859,"one digit, last group",-1.1973134430084614e-10,9,-1.210298258126192e-10
00653004859,006-5300-4859,"one digit, last group",-1.1973134430084614e-10,10,2.457480604707244e-11
00653004859,006-5300-4859,"one digit, last group",-1.1973134430084614e-10,11,-6.750145344072664e-11
00653004859,006-5300-4859,"one digit, last group",-1.1973134430084614e-10,12,-3.5468389786542885e-10
00653004859,006-5300-4859,"one digit, last group",-1.1973134430084614e-10,13,-2.877482464862573e-10
00653004859,006-5300-4859,"one digit, last group",-1.1973134430084614e-10,14,-3.282832995685134e-11
00653004859,006-5300-4859,"one digit, last group",-1.1973134430084614e-10,15,5.86335877037667e-11
00653004859,006-5300-4859,"one digit, last group",-1.1973134430084614e-10,16,1.4624051335303206e-10
00653004859,006-5300-4859,"one digit, last group",-1.1973134430084614e-10,17,-4.508754528459669e-10
00653004859,006-5300-4859,"one digit, last group",-1.1973134430084614e-10,18,9.269705072604679e-11
00653004859,006-5300-4859,"one digit, last group",-1.1973134430084614e-10,19,7.370475561234304e-11
00653004859,006-5300-4859,"one digit, last group",-1.1973134430084614e-10,20,5.7582260801422734e-11
00653004859,006-5300-4859,"one digit, last group",-1.1973134430084614e-10,21,1.9677696739642254e-10
00653004859,006-5300-4859,"one digit, last group",-1.1973134430084614e-10,22,6.982030119721434e-11
00653004859,006-5300-4859,"one digit, last group",-1.1973134430084614e-10,23,1.3397390746587248e-10
00653004859,006-5300-4859,"one digit, last group",-1.1973134430084614e-10,24,-1.4219346768517533e-10
00653004859,006-5300-4859,"one digit, last group",-1.1973134430084614e-10,25,1.9969549978229523e-11
00653004859,006-5300-4859,"one digit, last group",-1.1973134430084614e-10,26,-1.068907463739268e-10
00653004859,006-5300-4859,"one digit, last group",-1.1973134430084614e-10,27,-1.5751636667486432e-10
00653004859,006-5300-4859,"one digit, last group",-1.1973134430084614e-10,28,-2.1029730323000063e-10
00653004859,006-5300-4859,"one digit, last group",-1.1973134430084614e-10,29,-2.9645952334134036e-12
00653004859,006-5300-4859,"one digit, last group",-1.1973134430084614e-10,30,6.169133557161884e-10
00653004859,006-5300-4859,"one digit, last group",-1.1973134430084614e-10,31,7.117203894889975e-11
00653004859,006-5300-4859,"one digit, last group",-1.1973134430084614e-10,32,5.578299204070093e-12
00653004859,006-5300-4859,"one digit, last group",-1.1973134430084614e-10,33,-1.6548237338252874e-10
00653004859,006-5300-4859,"one digit, last group",-1.1973134430084614e-10,34,-1.2951420582856308e-10
00653004859,006-5300-4859,"one digit, last group",-1.1973134430084614e-10,35,4.0880515543519196e-11
00653004859,006-5300-4859,"one digit, last group",-1.1973134430084614e-10,36,-9.324924424588204e-11
00653004859,006-5300-4859,"one digit, last group",-1.1973134430084614e-10,37,-2.34167499132168e-10
00653004859,006-5300-4859,"one digit, last group",-1.1973134430084614e-10,38,-1.4286024718090177e-10
00653004859,006-5300-4859,"one digit, last group",-1.1973134430084614e-10,39,4.538178984514759e-11
00653004859,006-5300-4859,"one digit, last group",-1.1973134430084614e-10,40,4.256856842239006e-10
00653004859,006-5300-4859,"one digit, last group",-1.1973134430084614e-10,41,7.61884240953925e-11
00653004859,006-5300-4859,"one digit, last group",-1.1973134430084614e-10,42,1.4519072043326854e-10
00653004859,006-5300-4859,"one digit, last group",-1.1973134430084614e-10,43,7.581507244294927e-11
00653004859,006-5300-4859,"one digit, last group",-1.1973134430084614e-10,44,-3.3568718017033526e-11
00653004859,006-5300-4859,"one digit, last group",-1.1973134430084614e-10,45,-1.2482318141683204e-10
00653004859,006-5300-4859,"one digit, last group",-1.1973134430084614e-10,46,-1.7002345000482617e-11
00653004859,006-5300-4859,"one digit, last group",-1.1973134430084614e-10,47,-1.6967029833892277e-11
00653004859,006-5300-4859,"one digit, last group",-1.1973134430084614e-10,48,-7.923473116984253e-11
00653004859,006-5300-4859,"one digit, last group",-1.1973134430084614e-10,49,-1.2968136383679214e-10
00653004859,006-5300-4859,"one digit, last group",-1.1973134430084614e-10,50,2.3067109027888951e-10
00653004859,006-5300-4859,"one digit, last group",-1.1973134430084614e-10,51,7.365122804772381e-11
00653004859,006-5300-4859,"one digit, last group",-1.1973134430084614e-10,52,-1.2774332294669674e-10
00653004859,006-5300-4859,"one digit, last group",-1.1973134430084614e-10,53,-4.2138229746781954e-11
00653004859,006-5300-4859,"one digit, last group",-1.1973134430084614e-10,54,6.317860150389418e-11
00653004859,006-5300-4859,"one digit, last group",-1.1973134430084614e-10,55,-2.1357643143115447e-10
00653004859,006-5300-4859,"one digit, last group",-1.1973134430084614e-10,56,-1.003607976086945e-10
00653004859,006-5300-4859,"one digit, last group",-1.1973134430084614e-10,57,3.7551531566121145e-11
00653004859,006-5300-4859,"one digit, last group",-1.1973134430084614e-10,58,4.659325921837435e-11
00653004859,006-5300-4859,"one digit, last group",-1.1973134430084614e-10,59,1.5561046558929618e-10
00653004859,006-5300-4859,"one digit, last group",-1.1973134430084614e-10,60,-2.9610307452358114e-11
00653004859,006-5300-4859,"one digit, last group",-1.1973134430084614e-10,61,6.15449709881403e-11
00653004859,006-5300-4859,"one digit, last group",-1.1973134430084614e-10,62,-3.114210454889151e-11
00653004859,006-5300-4859,"one digit, last group",-1.1973134430084614e-10,63,-5.496565396721354e-11
00653004859,006-5300-4859,"one digit, last group",-1.1973134430084614e-10,64,1.4591071440549872e-10
00653004859,006-5300-4859,"one digit, last group",-1.1973134430084614e-10,65,1.05120897394932e-10
00653004859,006-5300-4859,"one digit, last group",-1.1973134430084614e-10,66,-2.154218827844036e-10
00653004859,006-5300-4859,"one digit, last group",-1.1973134430084614e-10,67,4.0902508109283606e-10
00653004859,006-5300-4859,"one digit, last group",-1.1973134430084614e-10,68,4.0527130059737425e-11
00653004859,006-5300-4859,"one digit, last group",-1.1973134430084614e-10,69,-1.7570858532430868e-10
00653004859,006-5300-4859,"one digit, last group",-1.1973134430084614e-10,70,6.832277043910778e-11
00653004859,006-5300-4859,"one digit, last group",-1.1973134430084614e-10,71,2.1246270741091645e-11
00653004859,006-5300-4859,"one digit, last group",-1.1973134430084614e-10,72,7.559548233240442e-12
00653004859,006-5300-4859,"one digit, last group",-1.1973134430084614e-10,73,-2.0277071504328054e-10
00653004859,006-5300-4859,"one digit, last group",-1.1973134430084614e-10,74,-5.587461353962574e-10
00653004859,006-5300-4859,"one digit, last group",-1.1973134430084614e-10,75,-1.0356652529985231e-10
00653004859,006-5300-4859,"one digit, last group",-1.1973134430084614e-10,76,-4.755725917292768e-11
00653004859,006-5300-4859,"one digit, last group",-1.1973134430084614e-10,77,9.03953184977446e-11
00653004859,006-5300-4859,"one digit, last group",-1.1973134430084614e-10,78,8.164048960558481e-10
00653004859,006-5300-4859,"one digit, last group",-1.1973134430084614e-10,79,-2.4166337577127485e-10
00653004859,006-5300-4859,"one digit, last group",-1.1973134430084614e-10,80,1.441269867808211e-10
00653004859,006-5300-4859,"one digit, last group",-1.1973134430084614e-10,81,5.6752999695457416e-11
00653004859,006-5300-4859,"one digit, last group",-1.1973134430084614e-10,82,6.80431192050815e-13
00653004859,006-5300-4859,"one digit, last group",-1.1973134430084614e-10,83,-6.552739103049854e-11
00653004859,006-5300-4859,"one digit, last group",-1.1973134430084614e-10,84,1.3211628471490308e-12
00653004859,006-5300-4859,"one digit, last group",-1.1973134430084614e-10,85,1.2524152564923017e-11
00653004859,006-5300-4859,"one digit, last group",-1.1973134430084614e-10,86,3.0615329329324667e-10
00653004859,006-5300-4859,"one digit, last group",-1.1973134430084614e-10,87,-7.816417393789397e-11
00653004859,006-5300-4859,"one digit, last group",-1.1973134430084614e-10,88,-7.455679124063086e-11
00653004859,006-5300-4859,"one digit, last group",-1.1973134430084614e-10,89,-2.2495629333811805e-10
00653004859,006-5300-4859,"one digit, last group",-1.1973134430084614e-10,90,2.5909858051354358e-12
00653004859,006-5300-4859,"one digit, last group",-1.1973134430084614e-10,91,-1.2792700379876474e-10
00653004859,006-5300-4859,"one digit, last group",-1.1973134430084614e-10,92,-4.690315546715993e-11
00653004859,006-5300-4859,"one digit, last group",-1.1973134430084614e-10,93,-2.5345741036468554e-10
00653004859,006-5300-4859,"one digit, last group",-1.1973134430084614e-10,94,1.0900671708455274e-10
00653004859,006-5300-4859,"one digit, last group",-1.1973134430084614e-10,95,-4.154324321398627e-11
00653004859,006-5300-4859,"one digit, last group",-1.1973134430084614e-10,96,-1.3766538499810978e-10
00653004859,006-5300-4859,"one digit, last group",-1.1973134430084614e-10,97,1.7245522509899906e-10
00653004859,006-5300-4859,"one digit, last group",-1.1973134430084614e-10,98,2.4937662666268523e-10
00653004859,006-5300-4859,"one digit, last group",-1.1973134430084614e-10,99,3.1149692763389135e-11
00653004859,006-5300-4859,"one digit, last group",-1.1973134430084614e-10,100,-6.645764421030017e-11
00653004859,006-5300-4859,"one digit, last group",-1.1973134430084614e-10,101,-4.014084529739854e-11
00653004859,006-5300-4859,"one digit, last group",-1.1973134430084614e-10,102,4.362175358238658e-10
00653004859,006-5300-4859,"one digit, last group",-1.1973134430084614e-10,103,1.7729097239593567e-10
00653004859,006-5300-4859,"one digit, last group",-1.1973134430084614e-10,104,2.472478123358082e-10
00653004859,006-5300-4859,"one digit, last group",-1.1973134430084614e-10,105,-4.0835859412345237e-11
00653004859,006-5300-4859,"one digit, last group",-1.1973134430084614e-10,106,6.653889323323772e-11
00653004859,006-5300-4859,"one digit, last group",-1.1973134430084614e-10,107,6.52631361446351e-11
00653004859,006-5300-4859,"one digit, last group",-1.1973134430084614e-10,108,-1.3859795814984678e-10
00653004859,006-5300-4859,"one digit, last group",-1.1973134430084614e-10,109,-4.0770036879161986e-11
00653004859,006-5300-4859,"one digit, last group",-1.1973134430084614e-10,110,-8.522493327223107e-12
00653004859,006-5300-4859,"one digit, last group",-1.1973134430084614e-10,111,-1.7306874218682082e-10
00653004859,006-5300-4859,"one digit, last group",-1.1973134430084614e-10,112,-3.184112678090162e-10
00653004859,006-5300-4859,"one digit, last group",-1.1973134430084614e-10,113,1.5631577437740375e-11
00653004859,006-5300-4859,"one digit, last group",-1.1973134430084614e-10,114,-2.746823997843627e-10
00653004859,006-5300-4859,"one digit, last group",-1.1973134430084614e-10,115,5.810112325705485e-12
00653004859,006-5300-4859,"one digit, last group",-1.1973134430084614e-10,116,7.333742920846219e-11
00653004859,006-5300-4859,"one digit, last group",-1.1973134430084614e-10,117,-3.07640968802088e-11
00653004859,006-5300-4859,"one digit, last group",-1.1973134430084614e-10,118,-1.3945607739717758e-10
00653004859,006-5300-4859,"one digit, last group",-1.1973134430084614e-10,119,4.8988859571114676e-11
00653004859,006-5300-4859,"one digit, last group",-1.1973134430084614e-10,120,-1.6042035199904114e-10
00653004859,006-5300-4859,"one digit, last group",-1.1973134430084614e-10,121,3.531802763531957e-10
00653004859,006-5300-4859,"one digit, last group",-1.1973134430084614e-10,122,1.4948078698693707e-10
00653004859,006-5300-4859,"one digit, last group",-1.1973134430084614e-10,123,-3.059154091940325e-11
00653004859,006-5300-4859,"one digit, last group",-1.1973134430084614e-10,124,1.9721870310736638e-11
00653004859,006-5300-4859,"one digit, last group",-1.1973134430084614e-10,125,2.5373703282248015e-10
00653004859,006-5300-4859,"one digit, last group",-1.1973134430084614e-10,126,5.849953400965867e-11
00653004859,006-5300-4859,"one digit, last group",-1.1973134430084614e-10,127,-1.6718887522766515e-10
00653004859,006-5300-4859,"one digit, last group",-1.1973134430084614e-10,128,-7.496234591908403e-11
00653004859,006-5300-4859,"one digit, last group",-1.1973134430084614e-10,129,-1.476334747749493e-11
00653004859,006-5300-4859,"one digit, last group",-1.1973134430084614e-10,130,-1.9763935864669092e-11
00653004859,006-5300-4859,"one digit, last group",-1.1973134430084614e-10,131,-9.450926595288212e-11
00653004859,006-5300-4859,"one digit, last group",-1.1973134430084614e-10,132,2.9363633996888437e-13
00653004859,006-5300-4859,"one digit, last group",-1.1973134430084614e-10,133,2.75599485843983e-11
00653004859,006-5300-4859,"one digit, last group",-1.1973134430084614e-10,134,-7.071143443901825e-11
00653004859,006-5300-4859,"one digit, last group",-1.1973134430084614e-10,135,3.637244972032803e-11
00653004859,006-5300-4859,"one digit, last group",-1.1973134430084614e-10,136,5.6690253417276634e-12
00653004859,006-5300-4859,"one digit, last group",-1.1973134430084614e-10,137,-1.4761257963800145e-10
00653004859,006-5300-4859,"one digit, last group",-1.1973134430084614e-10,138,3.2148424746314675e-11
00653004859,006-5300-4859,"one digit, last group",-1.1973134430084614e-10,139,1.0903104313056363e-10
00653004859,006-5300-4859,"one digit, last group",-1.1973134430084614e-10,140,-1.149255699235997e-10
00653004859,006-5300-4859,"one digit, last group",-1.1973134430084614e-10,141,8.616357395881531e-11
00653004859,006-5300-4859,"one digit, last group",-1.1973134430084614e-10,142,2.0998605027412344e-10
00653004859,006-5300-4859,"one digit, last group",-1.1973134430084614e-10,143,2.9354143934618316e-10
00653004859,006-5300-4859,"one digit, last group",-1.1973134430084614e-10,144,1.766007637602709e-11
00653004859,006-5300-4859,"one digit, last group",-1.1973134430084614e-10,145,5.502831367755401e-11
00653004859,006-5300-4859,"one digit, last group",-1.1973134430084614e-10,146,-8.714072748769939e-11
00653004859,006-5300-4859,"one digit, last group",-1.1973134430084614e-10,147,-2.5225871970770777e-10
00653004859,006-5300-4859,"one digit, last group",-1.1973134430084614e-10,148,-5.213259035091606e-11
00653004859,006-5300-4859,"one digit, last group",-1.1973134430084614e-10,149,1.9956963258744848e-10
00653004859,006-5300-4859,"one digit, last group",-1.1973134430084614e-10,150,-2.1044066884033464e-10
00653004859,006-5300-4859,"one digit, last group",-1.1973134430084614e-10,151,4.927445319585456e-11
00653004859,006-5300-4859,"one digit, last group",-1.1973134430084614e-10,152,-2.729364183573785e-10
00653004859,006-5300-4859,"one digit, last group",-1.1973134430084614e-10,153,1.4422683648513056e-10
00653004859,006-5300-4859,"one digit, last group",-1.1973134430084614e-10,154,-9.706001798352437e-12
00653004859,006-5300-4859,"one digit, last group",-1.1973134430084614e-10,155,-4.2624620223071894e-10
00653004859,006-5300-4859,"one digit, last group",-1.1973134430084614e-10,156,1.3167868422472108e-11
00653004859,006-5300-4859,"one digit, last group",-1.1973134430084614e-10,157,3.747217864052605e-11
00653004859,006-5300-4859,"one digit, last group",-1.1973134430084614e-10,158,1.3481471508637817e-10
00653004859,006-5300-4859,"one digit, last group",-1.1973134430084614e-10,159,-1.8193801314526372e-10
00653004859,006-5300-4859,"one digit, last group",-1.1973134430084614e-10,160,3.207384914056041e-10
00653004859,006-5300-4859,"one digit, last group",-1.1973134430084614e-10,161,-8.526453590845725e-11
00653004859,006-5300-4859,"one digit, last group",-1.1973134430084614e-10,162,2.2443715765506538e-11
00653004859,006-5300-4859,"one digit, last group",-1.1973134430084614e-10,163,-2.634491791242773e-11
00653004859,006-5300-4859,"one digit, last group",-1.1973134430084614e-10,164,2.9747114061227787e-10
00653004859,006-5300-4859,"one digit, last group",-1.1973134430084614e-10,165,1.7893779415668658e-10
00653004859,006-5300-4859,"one digit, last group",-1.1973134430084614e-10,166,-1.814987978688007e-10
00653004859,006-5300-4859,"one digit, last group",-1.1973134430084614e-10,167,-3.5749186875332945e-10
00653004859,006-5300-4859,"one digit, last group",-1.1973134430084614e-10,168,8.10365731389419e-12
00653004859,006-5300-4859,"one digit, last group",-1.1973134430084614e-10,169,-3.0882024745270873e-10
00653004859,006-5300-4859,"one digit, last group",-1.1973134430084614e-10,170,4.428012120830268e-11
00653004859,006-5300-4859,"one digit, last group",-1.1973134430084614e-10,171,1.8625453793109614e-10
00653004859,006-5300-4859,"one digit, last group",-1.1973134430084614e-10,172,7.552968867583737e-11
00653004859,006-5300-4859,"one digit, last group",-1.1973134430084614e-10,173,6.140956148874341e-11
00653004859,006-5300-4859,"one digit, last group",-1.1973134430084614e-10,174,-1.1486061687463635e-10
00653004859,006-5300-4859,"one digit, last group",-1.1973134430084614e-10,175,3.6987006050598875e-10
00653004859,006-5300-4859,"one digit, last group",-1.1973134430084614e-10,176,-4.7445069447986575e-11
00653004859,006-5300-4859,"one digit, last group",-1.1973134430084614e-10,177,1.7544887532625844e-10
00653004859,006-5300-4859,"one digit, last group",-1.1973134430084614e-10,178,1.6754080179323802e-10
00653004859,006-5300-4859,"one digit, last group",-1.1973134430084614e-10,179,5.537201870271243e-10
00653004859,006-5300-4859,"one digit, last group",-1.1973134430084614e-10,180,-7.166314394127103e-12
00653004859,006-5300-4859,"one digit, last group",-1.1973134430084614e-10,181,5.346695482147497e-10
00653004859,006-5300-4859,"one digit, last group",-1.1973134430084614e-10,182,4.90739286079684e-11
00653004859,006-5300-4859,"one digit, last group",-1.1973134430084614e-10,183,-2.123623685197472e-11
00653004859,006-5300-4859,"one digit, last group",-1.1973134430084614e-10,184,-7.721650090318083e-12
00653004859,006-5300-4859,"one digit, last group",-1.1973134430084614e-10,185,-7.224146483990356e-11
00653004859,006-5300-4859,"one digit, last group",-1.1973134430084614e-10,186,-8.960725273133061e-11
00653004859,006-5300-4859,"one digit, last group",-1.1973134430084614e-10,187,4.0181495378469314e-09
00653004859,006-5300-4859,"one digit, last group",-1.1973134430084614e-10,188,-8.301288597812558e-09
00653004859,006-5300-4859,"one digit, last group",-1.1973134430084614e-10,189,-1.6344803701536083e-10
00653004859,006-5300-4859,"one digit, last group",-1.1973134430084614e-10,190,8.215908045552267e-11
00653004859,006-5300-4859,"one digit, last group",-1.1973134430084614e-10,191,1.6160646835329166e-11
00653004859,006-5300-4859,"one digit, last group",-1.1973134430084614e-10,192,1.0556889382788252e-10
00653004859,006-5300-4859,"one digit, last group",-1.1973134430084614e-10,193,-3.921833365304676e-10
00653004859,006-5300-4859,"one digit, last group",-1.1973134430084614e-10,194,-7.996015669894253e-12
00653004859,006-5300-4859,"one digit, last group",-1.1973134430084614e-10,195,-1.5498411762867072e-10
00653004859,006-5300-4859,"one digit, last group",-1.1973134430084614e-10,196,5.5191975835631356e-11
00653004859,006-5300-4859,"one digit, last group",-1.1973134430084614e-10,197,-1.4363396646354036e-10
00653004859,006-5300-4859,"one digit, last group",-1.1973134430084614e-10,198,-2.3400272729863117e-10
00653004859,006-5300-4859,"one digit, last group",-1.1973134430084614e-10,199,4.839377350802304e-10
00653004859,006-5300-4859,"one digit, last group",-1.1973134430084614e-10,200,1.0800159151577137e-11
00653004859,006-5300-4859,"one digit, last group",-1.1973134430084614e-10,201,4.5499356727820506e-11
00653004859,006-5300-4859,"one digit, last group",-1.1973134430084614e-10,202,2.1936851537470841e-10
00653004859,006-5300-4859,"one digit, last group",-1.1973134430084614e-10,203,1.5774201849011036e-11
02050002924,020-5000-2924,"one digit, first group",-2.3814371444625513e-10,0,2.2505928292724727e-12
02050002924,020-5000-2924,"one digit, first group",-2.3814371444625513e-10,1,-1.8097867938661145e-10
02050002924,020-5000-2924,"one digit, first group",-2.3814371444625513e-10,2,-2.6833724441723514e-10
02050002924,020-5000-2924,"one digit, first group",-2.3814371444625513e-10,3,-6.496802934897061e-11
02050002924,020-5000-2924,"one digit, first group",-2.3814371444625513e-10,4,1.4942289187050015e-11
02050002924,020-5000-2924,"one digit, first group",-2.3814371444625513e-10,5,-3.9574196285964777e-10
02050002924,020-5000-2924,"one digit, first group",-2.3814371444625513e-10,6,1.9049271783379797e-11
02050002924,020-5000-2924,"one digit, first group",-2.3814371444625513e-10,7,-2.33254716342713e-10
02050002924,020-5000-2924,"one digit, first group",-2.3814371444625513e-10,8,2.363560041976324e-10
02050002924,020-5000-2924,"one digit, first group",-2.3814371444625513e-10,9,6.000303477635426e-11
02050002924,020-5000-2924,"one digit, first group",-2.3814371444625513e-10,10,3.6486441316007004e-11
02050002924,020-5000-2924,"one digit, first group",-2.3814371444625513e-10,11,2.024614568555774e-12
02050002924,020-5000-2924,"one digit, first group",-2.3814371444625513e-10,12,-1.0450621469079428e-10
02050002924,020-5000-2924,"one digit, first group",-2.3814371444625513e-10,13,2.998972069301058e-10
02050002924,020-5000-2924,"one digit, first group",-2.3814371444625513e-10,14,-4.823976154102604e-11
02050002924,020-5000-2924,"one digit, first group",-2.3814371444625513e-10,15,-8.761597846537257e-11
02050002924,020-5000-2924,"one digit, first group",-2.3814371444625513e-10,16,-6.212337704125277e-11
02050002924,020-5000-2924,"one digit, first group",-2.3814371444625513e-10,17,1.3291443935552553e-10
02050002924,020-5000-2924,"one digit, first group",-2.3814371444625513e-10,18,-4.4393814282932313e-11
02050002924,020-5000-2924,"one digit, first group",-2.3814371444625513e-10,19,-7.860245923746659e-11
02050002924,020-5000-2924,"one digit, first group",-2.3814371444625513e-10,20,-1.523898984123267e-10
02050002924,020-5000-2924,"one digit, first group",-2.3814371444625513e-10,21,2.031963482345224e-11
02050002924,020-5000-2924,"one digit, first group",-2.3814371444625513e-10,22,-4.181096222182336e-11
02050002924,020-5000-2924,"one digit, first group",-2.3814371444625513e-10,23,9.995919727003555e-12
02050002924,020-5000-2924,"one digit, first group",-2.3814371444625513e-10,24,1.484490214226533e-10
02050002924,020-5000-2924,"one digit, first group",-2.3814371444625513e-10,25,6.550629020025907e-11
02050002924,020-5000-2924,"one digit, first group",-2.3814371444625513e-10,26,-5.468125803828789e-10
02050002924,020-5000-2924,"one digit, first group",-2.3814371444625513e-10,27,-1.195963125947284e-10
02050002924,020-5000-2924,"one digit, first group",-2.3814371444625513e-10,28,3.3561402441978153e-10
02050002924,020-5000-2924,"one digit, first group",-2.3814371444625513e-10,29,-8.60617458615287e-11
02050002924,020-5000-2924,"one digit, first group",-2.3814371444625513e-10,30,-3.1311949642314364e-10
02050002924,020-5000-2924,"one digit, first group",-2.3814371444625513e-10,31,1.4680414524345552e-11
02050002924,020-5000-2924,"one digit, first group",-2.3814371444625513e-10,32,-5.936481362436502e-11
02050002924,020-5000-2924,"one digit, first group",-2.3814371444625513e-10,33,1.1546989798712413e-10
02050002924,020-5000-2924,"one digit, first group",-2.3814371444625513e-10,34,-2.0100330315771266e-10
02050002924,020-5000-2924,"one digit, first group",-2.3814371444625513e-10,35,-2.872761187125597e-11
02050002924,020-5000-2924,"one digit, first group",-2.3814371444625513e-10,36,-1.040073606177208e-11
02050002924,020-5000-2924,"one digit, first group",-2.3814371444625513e-10,37,3.9052827296496655e-11
02050002924,020-5000-2924,"one digit, first group",-2.3814371444625513e-10,38,-4.1524734654368296e-12
02050002924,020-5000-2924,"one digit, first group",-2.3814371444625513e-10,39,1.018204126878851e-10
02050002924,020-5000-2924,"one digit, first group",-2.3814371444625513e-10,40,-2.8269916469776425e-10
02050002924,020-5000-2924,"one digit, first group",-2.3814371444625513e-10,41,1.0004343552719583e-10
02050002924,020-5000-2924,"one digit, first group",-2.3814371444625513e-10,42,-1.4503947851271168e-11
02050002924,020-5000-2924,"one digit, first group",-2.3814371444625513e-10,43,-3.9047076659373185e-11
02050002924,020-5000-2924,"one digit, first group",-2.3814371444625513e-10,44,-9.522187698306389e-12
02050002924,020-5000-2924,"one digit, first group",-2.3814371444625513e-10,45,-1.9313778847691156e-11
02050002924,020-5000-2924,"one digit, first group",-2.3814371444625513e-10,46,-1.4155324690070145e-10
02050002924,020-5000-2924,"one digit, first group",-2.3814371444625513e-10,47,-1.564381964923286e-10
02050002924,020-5000-2924,"one digit, first group",-2.3814371444625513e-10,48,1.1089182433208663e-10
02050002924,020-5000-2924,"one digit, first group",-2.3814371444625513e-10,49,8.293753207515945e-11
02050002924,020-5000-2924,"one digit, first group",-2.3814371444625513e-10,50,4.544066268660014e-11
02050002924,020-5000-2924,"one digit, first group",-2.3814371444625513e-10,51,-2.5626289660548454e-11
02050002924,020-5000-2924,"one digit, first group",-2.3814371444625513e-10,52,-3.803307560205943e-11
02050002924,020-5000-2924,"one digit, first group",-2.3814371444625513e-10,53,6.356428312785421e-12
02050002924,020-5000-2924,"one digit, first group",-2.3814371444625513e-10,54,1.9498636222879898e-11
02050002924,020-5000-2924,"one digit, first group",-2.3814371444625513e-10,55,2.8552612148569932e-11
02050002924,020-5000-2924,"one digit, first group",-2.3814371444625513e-10,56,2.2071320882067835e-10
02050002924,020-5000-2924,"one digit, first group",-2.3814371444625513e-10,57,-4.566855299837402e-13
02050002924,020-5000-2924,"one digit, first group",-2.3814371444625513e-10,58,-5.772166752752663e-11
02050002924,020-5000-2924,"one digit, first group",-2.3814371444625513e-10,59,2.2768870425736362e-10
02050002924,020-5000-2924,"one digit, first group",-2.3814371444625513e-10,60,-3.4706595074756094e-10
02050002924,020-5000-2924,"one digit, first group",-2.3814371444625513e-10,61,3.3550442043239806e-11
02050002924,020-5000-2924,"one digit, first group",-2.3814371444625513e-10,62,-1.188635072900673e-11
02050002924,020-5000-2924,"one digit, first group",-2.3814371444625513e-10,63,-9.737984026804324e-11
02050002924,020-5000-2924,"one digit, first group",-2.3814371444625513e-10,64,4.0283995049422316e-10
02050002924,020-5000-2924,"one digit, first group",-2.3814371444625513e-10,65,-6.433589842795647e-11
02050002924,020-5000-2924,"one digit, first group",-2.3814371444625513e-10,66,2.1786480609380275e-10
02050002924,020-5000-2924,"one digit, first group",-2.3814371444625513e-10,67,-9.84748583737142e-11
02050002924,020-5000-2924,"one digit, first group",-2.3814371444625513e-10,68,-4.5109518226545595e-11
02050002924,020-5000-2924,"one digit, first group",-2.3814371444625513e-10,69,2.896303917902737e-10
02050002924,020-5000-2924,"one digit, first group",-2.3814371444625513e-10,70,-4.410605817706322e-11
02050002924,020-5000-2924,"one digit, first group",-2.3814371444625513e-10,71,9.59663552330256e-11
02050002924,020-5000-2924,"one digit, first group",-2.3814371444625513e-10,72,-3.9505142379257556e-12
02050002924,020-5000-2924,"one digit, first group",-2.3814371444625513e-10,73,1.9146652548198348e-10
02050002924,020-5000-2924,"one digit, first group",-2.3814371444625513e-10,74,8.902592825116786e-11
02050002924,020-5000-2924,"one digit, first group",-2.3814371444625513e-10,75,-7.538919406998705e-11
02050002924,020-5000-2924,"one digit, first group",-2.3814371444625513e-10,76,-1.255476602044186e-10
02050002924,020-5000-2924,"one digit, first group",-2.3814371444625513e-10,77,-1.1674643060540905e-13
02050002924,020-5000-2924,"one digit, first group",-2.3814371444625513e-10,78,8.02846493492585e-11
02050002924,020-5000-2924,"one digit, first group",-2.3814371444625513e-10,79,2.3187730100876544e-10
02050002924,020-5000-2924,"one digit, first group",-2.3814371444625513e-10,80,-1.4165116135568308e-10
02050002924,020-5000-2924,"one digit, first group",-2.3814371444625513e-10,81,5.471301861927562e-11
02050002924,020-5000-2924,"one digit, first group",-2.3814371444625513e-10,82,-3.866619816520251e-10
02050002924,020-5000-2924,"one digit, first group",-2.3814371444625513e-10,83,7.945708856264244e-11
02050002924,020-5000-2924,"one digit, first group",-2.3814371444625513e-10,84,-1.538898696713843e-11
02050002924,020-5000-2924,"one digit, first group",-2.3814371444625513e-10,85,-1.0821989765066909e-11
02050002924,020-5000-2924,"one digit, first group",-2.3814371444625513e-10,86,-4.808499648081918e-10
02050002924,020-5000-2924,"one digit, first group",-2.3814371444625513e-10,87,2.7370158142082196e-11
02050002924,020-5000-2924,"one digit, first group",-2.3814371444625513e-10,88,6.862374420727469e-11
02050002924,020-5000-2924,"one digit, first group",-2.3814371444625513e-10,89,8.171335459893795e-11
02050002924,020-5000-2924,"one digit, first group",-2.3814371444625513e-10,90,-4.426340104615244e-11
02050002924,020-5000-2924,"one digit, first group",-2.3814371444625513e-10,91,2.9999579982793897e-11
02050002924,020-5000-2924,"one digit, first group",-2.3814371444625513e-10,92,1.333382955024281e-11
02050002924,020-5000-2924,"one digit, first group",-2.3814371444625513e-10,93,-8.82438186896496e-11
02050002924,020-5000-2924,"one digit, first group",-2.3814371444625513e-10,94,4.4238092681961945e-11
02050002924,020-5000-2924,"one digit, first group",-2.3814371444625513e-10,95,-1.7029737818976337e-10
02050002924,020-5000-2924,"one digit, first group",-2.3814371444625513e-10,96,-2.4300422990813907e-10
02050002924,020-5000-2924,"one digit, first group",-2.3814371444625513e-10,97,2.1258264994541745e-10
02050002924,020-5000-2924,"one digit, first group",-2.3814371444625513e-10,98,5.495556528987162e-11
02050002924,020-5000-2924,"one digit, first group",-2.3814371444625513e-10,99,-4.6370935362372776e-11
02050002924,020-5000-2924,"one digit, first group",-2.3814371444625513e-10,100,-3.850079470628972e-11
02050002924,020-5000-2924,"one digit, first group",-2.3814371444625513e-10,101,-2.1378231292347852e-10
02050002924,020-5000-2924,"one digit, first group",-2.3814371444625513e-10,102,1.4333451819279605e-10
02050002924,020-5000-2924,"one digit, first group",-2.3814371444625513e-10,103,-2.1358014970606628e-10
02050002924,020-5000-2924,"one digit, first group",-2.3814371444625513e-10,104,-3.8402948789382724e-11
02050002924,020-5000-2924,"one digit, first group",-2.3814371444625513e-10,105,2.1435654218095756e-11
02050002924,020-5000-2924,"one digit, first group",-2.3814371444625513e-10,106,6.087985275257284e-11
02050002924,020-5000-2924,"one digit, first group",-2.3814371444625513e-10,107,8.432478349490082e-11
02050002924,020-5000-2924,"one digit, first group",-2.3814371444625513e-10,108,-5.558039775054446e-11
02050002924,020-5000-2924,"one digit, first group",-2.3814371444625513e-10,109,-1.5768955236623106e-10
02050002924,020-5000-2924,"one digit, first group",-2.3814371444625513e-10,110,-9.261099638029248e-11
02050002924,020-5000-2924,"one digit, first group",-2.3814371444625513e-10,111,-7.606393195743137e-11
02050002924,020-5000-2924,"one digit, first group",-2.3814371444625513e-10,112,-2.7786642327253466e-10
02050002924,020-5000-2924,"one digit, first group",-2.3814371444625513e-10,113,1.9220957452967654e-11
02050002924,020-5000-2924,"one digit, first group",-2.3814371444625513e-10,114,-7.720874791760895e-12
02050002924,020-5000-2924,"one digit, first group",-2.3814371444625513e-10,115,1.5906571786333042e-11
02050002924,020-5000-2924,"one digit, first group",-2.3814371444625513e-10,116,-8.361770741490968e-12
02050002924,020-5000-2924,"one digit, first group",-2.3814371444625513e-10,117,-6.510782388491129e-11
02050002924,020-5000-2924,"one digit, first group",-2.3814371444625513e-10,118,8.134892385470104e-11
02050002924,020-5000-2924,"one digit, first group",-2.3814371444625513e-10,119,1.100540562978371e-11
02050002924,020-5000-2924,"one digit, first group",-2.3814371444625513e-10,120,-1.4163759789984395e-10
02050002924,020-5000-2924,"one digit, first group",-2.3814371444625513e-10,121,2.7465291275725097e-10
02050002924,020-5000-2924,"one digit, first group",-2.3814371444625513e-10,122,6.975231788726908e-11
02050002924,020-5000-2924,"one digit, first group",-2.3814371444625513e-10,123,-1.1837837451242773e-10
02050002924,020-5000-2924,"one digit, first group",-2.3814371444625513e-10,124,-1.4421122587936887e-10
02050002924,020-5000-2924,"one digit, first group",-2.3814371444625513e-10,125,-4.3787152459428257e-10
02050002924,020-5000-2924,"one digit, first group",-2.3814371444625513e-10,126,6.67442648681087e-11
02050002924,020-5000-2924,"one digit, first group",-2.3814371444625513e-10,127,2.0383644971315796e-10
02050002924,020-5000-2924,"one digit, first group",-2.3814371444625513e-10,128,1.7148792023838527e-10
02050002924,020-5000-2924,"one digit, first group",-2.3814371444625513e-10,129,-1.251962698333386e-10
02050002924,020-5000-2924,"one digit, first group",-2.3814371444625513e-10,130,6.96974753729593e-11
02050002924,020-5000-2924,"one digit, first group",-2.3814371444625513e-10,131,-3.1351760643307444e-10
02050002924,020-5000-2924,"one digit, first group",-2.3814371444625513e-10,132,-8.108964236255589e-11
02050002924,020-5000-2924,"one digit, first group",-2.3814371444625513e-10,133,1.8754465532886908e-10
02050002924,020-5000-2924,"one digit, first group",-2.3814371444625513e-10,134,-3.1997628698944176e-10
02050002924,020-5000-2924,"one digit, first group",-2.3814371444625513e-10,135,-1.206715921174693e-10
02050002924,020-5000-2924,"one digit, first group",-2.3814371444625513e-10,136,-2.267183035788037e-11
02050002924,020-5000-2924,"one digit, first group",-2.3814371444625513e-10,137,-4.844203029711135e-13
02050002924,020-5000-2924,"one digit, first group",-2.3814371444625513e-10,138,-5.117252105428661e-12
02050002924,020-5000-2924,"one digit, first group",-2.3814371444625513e-10,139,4.4186910388882297e-11
02050002924,020-5000-2924,"one digit, first group",-2.3814371444625513e-10,140,1.5084416180171233e-10
02050002924,020-5000-2924,"one digit, first group",-2.3814371444625513e-10,141,-3.6834179913074495e-10
02050002924,020-5000-2924,"one digit, first group",-2.3814371444625513e-10,142,-2.526625603559571e-10
02050002924,020-5000-2924,"one digit, first group",-2.3814371444625513e-10,143,3.6768796750597304e-09
02050002924,020-5000-2924,"one digit, first group",-2.3814371444625513e-10,144,3.044899163194342e-11
02050002924,020-5000-2924,"one digit, first group",-2.3814371444625513e-10,145,-3.313319869245316e-09
02050002924,020-5000-2924,"one digit, first group",-2.3814371444625513e-10,146,-2.2919480209201458e-09
02050002924,020-5000-2924,"one digit, first group",-2.3814371444625513e-10,147,-8.985982154357659e-09
02050002924,020-5000-2924,"one digit, first group",-2.3814371444625513e-10,148,7.524320603145016e-10
02050002924,020-5000-2924,"one digit, first group",-2.3814371444625513e-10,149,1.0455557136649826e-08
02050002924,020-5000-2924,"one digit, first group",-2.3814371444625513e-10,150,1.4262267874708691e-10
02050002924,020-5000-2924,"one digit, first group",-2.3814371444625513e-10,151,2.878403056989896e-11
02050002924,020-5000-2924,"one digit, first group",-2.3814371444625513e-10,152,1.854733692059944e-10
02050002924,020-5000-2924,"one digit, first group",-2.3814371444625513e-10,153,1.0513321062279444e-10
02050002924,020-5000-2924,"one digit, first group",-2.3814371444625513e-10,154,-1.3984695163460362e-11
02050002924,020-5000-2924,"one digit, first group",-2.3814371444625513e-10,155,2.7469319752271943e-10
02050002924,020-5000-2924,"one digit, first group",-2.3814371444625513e-10,156,-1.1860265278817866e-09
02050002924,020-5000-2924,"one digit, first group",-2.3814371444625513e-10,157,1.9297670619840438e-12
02050002924,020-5000-2924,"one digit, first group",-2.3814371444625513e-10,158,9.148873775084867e-11
02050002924,020-5000-2924,"one digit, first group",-2.3814371444625513e-10,159,-2.2792300300894524e-11
02050002924,020-5000-2924,"one digit, first group",-2.3814371444625513e-10,160,-1.4770227499357204e-09
02050002924,020-5000-2924,"one digit, first group",-2.3814371444625513e-10,161,-1.4021628022504243e-10
02050002924,020-5000-2924,"one digit, first group",-2.3814371444625513e-10,162,2.2616860017773648e-11
02050002924,020-5000-2924,"one digit, first group",-2.3814371444625513e-10,163,-2.5611455491578985e-09
02050002924,020-5000-2924,"one digit, first group",-2.3814371444625513e-10,164,-1.073373722741084e-09
02050002924,020-5000-2924,"one digit, first group",-2.3814371444625513e-10,165,2.2377049970186363e-10
02050002924,020-5000-2924,"one digit, first group",-2.3814371444625513e-10,166,8.17037528979018e-11
02050002924,020-5000-2924,"one digit, first group",-2.3814371444625513e-10,167,1.9631932070180404e-10
02050002924,020-5000-2924,"one digit, first group",-2.3814371444625513e-10,168,1.1414909426408852e-10
02050002924,020-5000-2924,"one digit, first group",-2.3814371444625513e-10,169,4.043444561655701e-11
02050002924,020-5000-2924,"one digit, first group",-2.3814371444625513e-10,170,1.3641767369119315e-10
02050002924,020-5000-2924,"one digit, first group",-2.3814371444625513e-10,171,-1.6040887246212587e-10
02050002924,020-5000-2924,"one digit, first group",-2.3814371444625513e-10,172,-6.608851864853425e-11
02050002924,020-5000-2924,"one digit, first group",-2.3814371444625513e-10,173,-2.0796839339843858e-10
02050002924,020-5000-2924,"one digit, first group",-2.3814371444625513e-10,174,2.0978433335909932e-11
02050002924,020-5000-2924,"one digit, first group",-2.3814371444625513e-10,175,2.594260320341491e-10
02050002924,020-5000-2924,"one digit, first group",-2.3814371444625513e-10,176,2.9818908480877084e-11
02050002924,020-5000-2924,"one digit, first group",-2.3814371444625513e-10,177,1.5520900026910358e-10
02050002924,020-5000-2924,"one digit, first group",-2.3814371444625513e-10,178,-2.494239368192166e-11
02050002924,020-5000-2924,"one digit, first group",-2.3814371444625513e-10,179,1.4861438887941714e-10
02050002924,020-5000-2924,"one digit, first group",-2.3814371444625513e-10,180,-3.2868171672964943e-10
02050002924,020-5000-2924,"one digit, first group",-2.3814371444625513e-10,181,-4.3317839324044956e-10
02050002924,020-5000-2924,"one digit, first group",-2.3814371444625513e-10,182,-8.929995237369315e-11
02050002924,020-5000-2924,"one digit, first group",-2.3814371444625513e-10,183,1.8448844033225465e-10
02050002924,020-5000-2924,"one digit, first group",-2.3814371444625513e-10,184,1.834968500486359e-11
02050002924,020-5000-2924,"one digit, first group",-2.3814371444625513e-10,185,-3.8767081405861726e-14
02050002924,020-5000-2924,"one digit, first group",-2.3814371444625513e-10,186,-1.8985668605650772e-10
02050002924,020-5000-2924,"one digit, first group",-2.3814371444625513e-10,187,9.643504827787728e-12
02050002924,020-5000-2924,"one digit, first group",-2.3814371444625513e-10,188,9.81543634247679e-11
02050002924,020-5000-2924,"one digit, first group",-2.3814371444625513e-10,189,-1.6623284274813736e-11
02050002924,020-5000-2924,"one digit, first group",-2.3814371444625513e-10,190,1.0646441644723865e-10
02050002924,020-5000-2924,"one digit, first group",-2.3814371444625513e-10,191,6.717786109199925e-11
02050002924,020-5000-2924,"one digit, first group",-2.3814371444625513e-10,192,-7.904025578252566e-11
02050002924,020-5000-2924,"one digit, first group",-2.3814371444625513e-10,193,-9.553882083483891e-11
02050002924,020-5000-2924,"one digit, first group",-2.3814371444625513e-10,194,-1.2561468818136595e-11
02050002924,020-5000-2924,"one digit, first group",-2.3814371444625513e-10,195,-7.181080725420296e-11
02050002924,020-5000-2924,"one digit, first group",-2.3814371444625513e-10,196,-5.436837273752975e-11
02050002924,020-5000-2924,"one digit, first group",-2.3814371444625513e-10,197,3.780951728426359e-10
02050002924,020-5000-2924,"one digit, first group",-2.3814371444625513e-10,198,-8.77428788518016e-11
02050002924,020-5000-2924,"one digit, first group",-2.3814371444625513e-10,199,5.414647099329369e-11
02050002924,020-5000-2924,"one digit, first group",-2.3814371444625513e-10,200,5.2544926708620215e-11
02050002924,020-5000-2924,"one digit, first group",-2.3814371444625513e-10,201,-8.653466975178184e-11
02050002924,020-5000-2924,"one digit, first group",-2.3814371444625513e-10,202,7.104289209078205e-10
02050002924,020-5000-2924,"one digit, first group",-2.3814371444625513e-10,203,1.6201648222715844e-11
01050102924,010-5010-2924,"one digit, middle group",-1.458368540584082e-10,0,9.804541650450325e-11
01050102924,010-5010-2924,"one digit, middle group",-1.458368540584082e-10,1,-2.1386124686663938e-10
01050102924,010-5010-2924,"one digit, middle group",-1.458368540584082e-10,2,1.755485909891897e-10
01050102924,010-5010-2924,"one digit, middle group",-1.458368540584082e-10,3,-2.250307905135384e-11
01050102924,010-5010-2924,"one digit, middle group",-1.458368540584082e-10,4,3.2650030190898246e-10
01050102924,010-5010-2924,"one digit, middle group",-1.458368540584082e-10,5,3.2701639426041693e-10
01050102924,010-5010-2924,"one digit, middle group",-1.458368540584082e-10,6,-1.7716186816241873e-10
01050102924,010-5010-2924,"one digit, middle group",-1.458368540584082e-10,7,1.279576835893615e-10
01050102924,010-5010-2924,"one digit, middle group",-1.458368540584082e-10,8,1.6361779132054962e-10
01050102924,010-5010-2924,"one digit, middle group",-1.458368540584082e-10,9,1.1510020208051584e-10
01050102924,010-5010-2924,"one digit, middle group",-1.458368540584082e-10,10,2.718749063951591e-11
01050102924,010-5010-2924,"one digit, middle group",-1.458368540584082e-10,11,1.0944014041587511e-10
01050102924,010-5010-2924,"one digit, middle group",-1.458368540584082e-10,12,7.614710887061852e-11
01050102924,010-5010-2924,"one digit, middle group",-1.458368540584082e-10,13,2.6871997348788196e-10
01050102924,010-5010-2924,"one digit, middle group",-1.458368540584082e-10,14,-3.800895391258549e-11
01050102924,010-5010-2924,"one digit, middle group",-1.458368540584082e-10,15,3.6340181396944894e-11
01050102924,010-5010-2924,"one digit, middle group",-1.458368540584082e-10,16,2.658982524462853e-10
01050102924,010-5010-2924,"one digit, middle group",-1.458368540584082e-10,17,1.6943557063313092e-10
01050102924,010-5010-2924,"one digit, middle group",-1.458368540584082e-10,18,1.6726315501840528e-11
01050102924,010-5010-2924,"one digit, middle group",-1.458368540584082e-10,19,-6.52302413564527e-11
01050102924,010-5010-2924,"one digit, middle group",-1.458368540584082e-10,20,-2.3569332922439693e-11
01050102924,010-5010-2924,"one digit, middle group",-1.458368540584082e-10,21,-4.5447791672364617e-11
01050102924,010-5010-2924,"one digit, middle group",-1.458368540584082e-10,22,-1.4797012060000083e-11
01050102924,010-5010-2924,"one digit, middle group",-1.458368540584082e-10,23,4.435259945963671e-11
01050102924,010-5010-2924,"one digit, middle group",-1.458368540584082e-10,24,1.5391199252308524e-10
01050102924,010-5010-2924,"one digit, middle group",-1.458368540584082e-10,25,1.2046316611271179e-11
01050102924,010-5010-2924,"one digit, middle group",-1.458368540584082e-10,26,7.763353923012295e-11
01050102924,010-5010-2924,"one digit, middle group",-1.458368540584082e-10,27,-1.2612752448730265e-10
01050102924,010-5010-2924,"one digit, middle group",-1.458368540584082e-10,28,1.9268364669063232e-10
01050102924,010-5010-2924,"one digit, middle group",-1.458368540584082e-10,29,-1.6481684990773228e-11
01050102924,010-5010-2924,"one digit, middle group",-1.458368540584082e-10,30,-1.0788406496854124e-10
01050102924,010-5010-2924,"one digit, middle group",-1.458368540584082e-10,31,2.538062112289767e-10
01050102924,010-5010-2924,"one digit, middle group",-1.458368540584082e-10,32,9.51853874007104e-11
01050102924,010-5010-2924,"one digit, middle group",-1.458368540584082e-10,33,2.1883858918211748e-10
01050102924,010-5010-2924,"one digit, middle group",-1.458368540584082e-10,34,-1.960578339151618e-10
01050102924,010-5010-2924,"one digit, middle group",-1.458368540584082e-10,35,1.7459422894240687e-11
01050102924,010-5010-2924,"one digit, middle group",-1.458368540584082e-10,36,-4.535541315310569e-11
01050102924,010-5010-2924,"one digit, middle group",-1.458368540584082e-10,37,1.335535696170195e-10
01050102924,010-5010-2924,"one digit, middle group",-1.458368540584082e-10,38,4.7112341948543344e-11
01050102924,010-5010-2924,"one digit, middle group",-1.458368540584082e-10,39,-3.570378139842661e-10
01050102924,010-5010-2924,"one digit, middle group",-1.458368540584082e-10,40,-2.600176242683739e-10
01050102924,010-5010-2924,"one digit, middle group",-1.458368540584082e-10,41,7.061723584056526e-11
01050102924,010-5010-2924,"one digit, middle group",-1.458368540584082e-10,42,1.069135827432351e-10
01050102924,010-5010-2924,"one digit, middle group",-1.458368540584082e-10,43,-4.08298630179565e-12
01050102924,010-5010-2924,"one digit, middle group",-1.458368540584082e-10,44,-4.284069797024814e-11
01050102924,010-5010-2924,"one digit, middle group",-1.458368540584082e-10,45,-1.67526916017905e-10
01050102924,010-5010-2924,"one digit, middle group",-1.458368540584082e-10,46,5.819212104935284e-11
01050102924,010-5010-2924,"one digit, middle group",-1.458368540584082e-10,47,-1.4207398352026381e-10
01050102924,010-5010-2924,"one digit, middle group",-1.458368540584082e-10,48,-9.376370970832993e-11
01050102924,010-5010-2924,"one digit, middle group",-1.458368540584082e-10,49,2.618617356291999e-11
01050102924,010-5010-2924,"one digit, middle group",-1.458368540584082e-10,50,1.8362198027913938e-11
01050102924,010-5010-2924,"one digit, middle group",-1.458368540584082e-10,51,5.314562780751109e-12
01050102924,010-5010-2924,"one digit, middle group",-1.458368540584082e-10,52,3.456364480072917e-10
01050102924,010-5010-2924,"one digit, middle group",-1.458368540584082e-10,53,5.0516229304315493e-11
01050102924,010-5010-2924,"one digit, middle group",-1.458368540584082e-10,54,6.900726676689077e-11
01050102924,010-5010-2924,"one digit, middle group",-1.458368540584082e-10,55,1.5296523382252092e-10
01050102924,010-5010-2924,"one digit, middle group",-1.458368540584082e-10,56,-2.0368374836316605e-10
01050102924,010-5010-2924,"one digit, middle group",-1.458368540584082e-10,57,3.7043595707049e-11
01050102924,010-5010-2924,"one digit, middle group",-1.458368540584082e-10,58,-2.845308794710564e-11
01050102924,010-5010-2924,"one digit, middle group",-1.458368540584082e-10,59,-1.0734086306346157e-11
01050102924,010-5010-2924,"one digit, middle group",-1.458368540584082e-10,60,-1.4515282560816806e-11
01050102924,010-5010-2924,"one digit, middle group",-1.458368540584082e-10,61,-3.429138873053414e-11
01050102924,010-5010-2924,"one digit, middle group",-1.458368540584082e-10,62,-6.608402060174723e-11
01050102924,010-5010-2924,"one digit, middle group",-1.458368540584082e-10,63,-6.369616248335337e-11
01050102924,010-5010-2924,"one digit, middle group",-1.458368540584082e-10,64,2.0054717684322385e-11
01050102924,010-5010-2924,"one digit, middle group",-1.458368540584082e-10,65,-1.5464258102014167e-10
01050102924,010-5010-2924,"one digit, middle group",-1.458368540584082e-10,66,-1.4326930656905152e-10
01050102924,010-5010-2924,"one digit, middle group",-1.458368540584082e-10,67,6.065290645563952e-11
01050102924,010-5010-2924,"one digit, middle group",-1.458368540584082e-10,68,-2.2081480788558068e-10
01050102924,010-5010-2924,"one digit, middle group",-1.458368540584082e-10,69,-4.6868679951899754e-11
01050102924,010-5010-2924,"one digit, middle group",-1.458368540584082e-10,70,4.1332950770557525e-11
01050102924,010-5010-2924,"one digit, middle group",-1.458368540584082e-10,71,-1.1217368905950457e-11
01050102924,010-5010-2924,"one digit, middle group",-1.458368540584082e-10,72,1.598544653536027e-11
01050102924,010-5010-2924,"one digit, middle group",-1.458368540584082e-10,73,1.8458757934815547e-10
01050102924,010-5010-2924,"one digit, middle group",-1.458368540584082e-10,74,6.613432632480243e-11
01050102924,010-5010-2924,"one digit, middle group",-1.458368540584082e-10,75,2.8247695497077232e-11
01050102924,010-5010-2924,"one digit, middle group",-1.458368540584082e-10,76,-1.5015070002001178e-10
01050102924,010-5010-2924,"one digit, middle group",-1.458368540584082e-10,77,-3.207023787207421e-12
01050102924,010-5010-2924,"one digit, middle group",-1.458368540584082e-10,78,1.0089892980674389e-10
01050102924,010-5010-2924,"one digit, middle group",-1.458368540584082e-10,79,1.3256682380311136e-10
01050102924,010-5010-2924,"one digit, middle group",-1.458368540584082e-10,80,1.6249434621000137e-11
01050102924,010-5010-2924,"one digit, middle group",-1.458368540584082e-10,81,1.589658967355761e-10
01050102924,010-5010-2924,"one digit, middle group",-1.458368540584082e-10,82,-1.2154982690079312e-10
01050102924,010-5010-2924,"one digit, middle group",-1.458368540584082e-10,83,1.1810357065877803e-10
01050102924,010-5010-2924,"one digit, middle group",-1.458368540584082e-10,84,8.800833667789929e-11
01050102924,010-5010-2924,"one digit, middle group",-1.458368540584082e-10,85,2.4914006450939534e-11
01050102924,010-5010-2924,"one digit, middle group",-1.458368540584082e-10,86,8.007094983408284e-10
01050102924,010-5010-2924,"one digit, middle group",-1.458368540584082e-10,87,-2.516292238289314e-10
01050102924,010-5010-2924,"one digit, middle group",-1.458368540584082e-10,88,3.847314487753406e-11
01050102924,010-5010-2924,"one digit, middle group",-1.458368540584082e-10,89,7.609460306284412e-11
01050102924,010-5010-2924,"one digit, middle group",-1.458368540584082e-10,90,-1.4383287115957376e-10
01050102924,010-5010-2924,"one digit, middle group",-1.458368540584082e-10,91,4.6926894573622526e-11
01050102924,010-5010-2924,"one digit, middle group",-1.458368540584082e-10,92,-3.9079275832584227e-10
01050102924,010-5010-2924,"one digit, middle group",-1.458368540584082e-10,93,-5.243234296571537e-11
01050102924,010-5010-2924,"one digit, middle group",-1.458368540584082e-10,94,8.326340698956327e-11
01050102924,010-5010-2924,"one digit, middle group",-1.458368540584082e-10,95,1.324531206651706e-10
01050102924,010-5010-2924,"one digit, middle group",-1.458368540584082e-10,96,-1.8610177690659202e-11
01050102924,010-5010-2924,"one digit, middle group",-1.458368540584082e-10,97,-1.403422964360513e-10
01050102924,010-5010-2924,"one digit, middle group",-1.458368540584082e-10,98,9.226654039435864e-11
01050102924,010-5010-2924,"one digit, middle group",-1.458368540584082e-10,99,6.985099393360859e-11
01050102924,010-5010-2924,"one digit, middle group",-1.458368540584082e-10,100,1.4639123273917846e-10
01050102924,010-5010-2924,"one digit, middle group",-1.458368540584082e-10,101,1.5538372918366812e-10
01050102924,010-5010-2924,"one digit, middle group",-1.458368540584082e-10,102,-4.5688044223941777e-10
01050102924,010-5010-2924,"one digit, middle group",-1.458368540584082e-10,103,-1.5240150028729355e-10
01050102924,010-5010-2924,"one digit, middle group",-1.458368540584082e-10,104,-1.6513774873942686e-10
01050102924,010-5010-2924,"one digit, middle group",-1.458368540584082e-10,105,-8.835091560414558e-11
01050102924,010-5010-2924,"one digit, middle group",-1.458368540584082e-10,106,-1.3727076896164891e-10
01050102924,010-5010-2924,"one digit, middle group",-1.458368540584082e-10,107,6.661424035075633e-11
01050102924,010-5010-2924,"one digit, middle group",-1.458368540584082e-10,108,-6.870204895596501e-11
01050102924,010-5010-2924,"one digit, middle group",-1.458368540584082e-10,109,-1.8285537215469711e-10
01050102924,010-5010-2924,"one digit, middle group",-1.458368540584082e-10,110,1.2629508429652745e-10
01050102924,010-5010-2924,"one digit, middle group",-1.458368540584082e-10,111,1.8154912649544873e-10
01050102924,010-5010-2924,"one digit, middle group",-1.458368540584082e-10,112,5.265945826505286e-11
01050102924,010-5010-2924,"one digit, middle group",-1.458368540584082e-10,113,2.3741300051753e-11
01050102924,010-5010-2924,"one digit, middle group",-1.458368540584082e-10,114,4.184295010894217e-11
01050102924,010-5010-2924,"one digit, middle group",-1.458368540584082e-10,115,4.7890914746826103e-11
01050102924,010-5010-2924,"one digit, middle group",-1.458368540584082e-10,116,2.1945517744293504e-10
01050102924,010-5010-2924,"one digit, middle group",-1.458368540584082e-10,117,-2.7959640838183287e-10
01050102924,010-5010-2924,"one digit, middle group",-1.458368540584082e-10,118,-2.417656030823017e-10
01050102924,010-5010-2924,"one digit, middle group",-1.458368540584082e-10,119,-1.9268951848532395e-10
01050102924,010-5010-2924,"one digit, middle group",-1.458368540584082e-10,120,5.139015961626548e-11
01050102924,010-5010-2924,"one digit, middle group",-1.458368540584082e-10,121,-2.1122177893958117e-10
01050102924,010-5010-2924,"one digit, middle group",-1.458368540584082e-10,122,-5.838903458183917e-11
01050102924,010-5010-2924,"one digit, middle group",-1.458368540584082e-10,123,-4.1391721204697355e-11
01050102924,010-5010-2924,"one digit, middle group",-1.458368540584082e-10,124,-6.670588544856259e-11
01050102924,010-5010-2924,"one digit, middle group",-1.458368540584082e-10,125,2.2808471587534795e-10
01050102924,010-5010-2924,"one digit, middle group",-1.458368540584082e-10,126,4.905276112249554e-11
01050102924,010-5010-2924,"one digit, middle group",-1.458368540584082e-10,127,-1.4772712852949262e-10
01050102924,010-5010-2924,"one digit, middle group",-1.458368540584082e-10,128,-1.0254686696723965e-10
01050102924,010-5010-2924,"one digit, middle group",-1.458368540584082e-10,129,-8.667563098687391e-11
01050102924,010-5010-2924,"one digit, middle group",-1.458368540584082e-10,130,-6.301339601147482e-11
01050102924,010-5010-2924,"one digit, middle group",-1.458368540584082e-10,131,-6.421659544073157e-11
01050102924,010-5010-2924,"one digit, middle group",-1.458368540584082e-10,132,9.471114563732982e-11
01050102924,010-5010-2924,"one digit, middle group",-1.458368540584082e-10,133,1.141019551626353e-11
01050102924,010-5010-2924,"one digit, middle group",-1.458368540584082e-10,134,-1.546480841844196e-10
01050102924,010-5010-2924,"one digit, middle group",-1.458368540584082e-10,135,1.1443261317753527e-10
01050102924,010-5010-2924,"one digit, middle group",-1.458368540584082e-10,136,-5.632640737668038e-12
01050102924,010-5010-2924,"one digit, middle group",-1.458368540584082e-10,137,1.685767631084619e-10
01050102924,010-5010-2924,"one digit, middle group",-1.458368540584082e-10,138,-1.0098870203693521e-10
01050102924,010-5010-2924,"one digit, middle group",-1.458368540584082e-10,139,-6.291557023808811e-11
01050102924,010-5010-2924,"one digit, middle group",-1.458368540584082e-10,140,-1.725586696054799e-10
01050102924,010-5010-2924,"one digit, middle group",-1.458368540584082e-10,141,-1.6064310556928886e-10
01050102924,010-5010-2924,"one digit, middle group",-1.458368540584082e-10,142,-1.4885446366043507e-09
01050102924,010-5010-2924,"one digit, middle group",-1.458368540584082e-10,143,1.062232512115898e-09
01050102924,010-5010-2924,"one digit, middle group",-1.458368540584082e-10,144,1.3606887106554569e-08
01050102924,010-5010-2924,"one digit, middle group",-1.458368540584082e-10,145,-2.96182705892666e-09
01050102924,010-5010-2924,"one digit, middle group",-1.458368540584082e-10,146,3.801180141998362e-09
01050102924,010-5010-2924,"one digit, middle group",-1.458368540584082e-10,147,4.4693209334655975e-09
01050102924,010-5010-2924,"one digit, middle group",-1.458368540584082e-10,148,7.790040833996086e-09
01050102924,010-5010-2924,"one digit, middle group",-1.458368540584082e-10,149,2.6941462398224718e-09
01050102924,010-5010-2924,"one digit, middle group",-1.458368540584082e-10,150,2.4323130009988195e-10
01050102924,010-5010-2924,"one digit, middle group",-1.458368540584082e-10,151,-3.0381094622430406e-11
01050102924,010-5010-2924,"one digit, middle group",-1.458368540584082e-10,152,3.358202812310352e-10
01050102924,010-5010-2924,"one digit, middle group",-1.458368540584082e-10,153,3.6299563999716613e-11
01050102924,010-5010-2924,"one digit, middle group",-1.458368540584082e-10,154,-2.3098834204455165e-11
01050102924,010-5010-2924,"one digit, middle group",-1.458368540584082e-10,155,1.7091172352837167e-10
01050102924,010-5010-2924,"one digit, middle group",-1.458368540584082e-10,156,-3.172747223082082e-09
01050102924,010-5010-2924,"one digit, middle group",-1.458368540584082e-10,157,4.25518003638561e-12
01050102924,010-5010-2924,"one digit, middle group",-1.458368540584082e-10,158,-1.18058308553551e-10
01050102924,010-5010-2924,"one digit, middle group",-1.458368540584082e-10,159,-1.3105736670262867e-10
01050102924,010-5010-2924,"one digit, middle group",-1.458368540584082e-10,160,-3.6429157541522436e-09
01050102924,010-5010-2924,"one digit, middle group",-1.458368540584082e-10,161,7.206646589673654e-11
01050102924,010-5010-2924,"one digit, middle group",-1.458368540584082e-10,162,-2.605287525108358e-11
01050102924,010-5010-2924,"one digit, middle group",-1.458368540584082e-10,163,-1.5023350015224274e-09
01050102924,010-5010-2924,"one digit, middle group",-1.458368540584082e-10,164,2.059936032708324e-09
01050102924,010-5010-2924,"one digit, middle group",-1.458368540584082e-10,165,5.425476797020465e-11
01050102924,010-5010-2924,"one digit, middle group",-1.458368540584082e-10,166,3.480718515455654e-11
01050102924,010-5010-2924,"one digit, middle group",-1.458368540584082e-10,167,-5.724222203233166e-10
01050102924,010-5010-2924,"one digit, middle group",-1.458368540584082e-10,168,2.4888308579589845e-11
01050102924,010-5010-2924,"one digit, middle group",-1.458368540584082e-10,169,8.855084365185678e-11
01050102924,010-5010-2924,"one digit, middle group",-1.458368540584082e-10,170,-9.22871990445737e-12
01050102924,010-5010-2924,"one digit, middle group",-1.458368540584082e-10,171,1.786648130872214e-10
01050102924,010-5010-2924,"one digit, middle group",-1.458368540584082e-10,172,5.907635480409155e-12
01050102924,010-5010-2924,"one digit, middle group",-1.458368540584082e-10,173,-7.006091251396637e-12
01050102924,010-5010-2924,"one digit, middle group",-1.458368540584082e-10,174,-7.086538551001183e-11
01050102924,010-5010-2924,"one digit, middle group",-1.458368540584082e-10,175,4.352996299305753e-10
01050102924,010-5010-2924,"one digit, middle group",-1.458368540584082e-10,176,-8.09587283181955e-12
01050102924,010-5010-2924,"one digit, middle group",-1.458368540584082e-10,177,2.4167894997996125e-10
01050102924,010-5010-2924,"one digit, middle group",-1.458368540584082e-10,178,2.712309451731358e-10
01050102924,010-5010-2924,"one digit, middle group",-1.458368540584082e-10,179,-2.622082616830415e-10
01050102924,010-5010-2924,"one digit, middle group",-1.458368540584082e-10,180,-6.860598384753445e-12
01050102924,010-5010-2924,"one digit, middle group",-1.458368540584082e-10,181,-7.708561155673704e-10
01050102924,010-5010-2924,"one digit, middle group",-1.458368540584082e-10,182,4.5481691278216106e-11
01050102924,010-5010-2924,"one digit, middle group",-1.458368540584082e-10,183,8.574873713348338e-11
01050102924,010-5010-2924,"one digit, middle group",-1.458368540584082e-10,184,-1.8282748095493107e-11
01050102924,010-5010-2924,"one digit, middle group",-1.458368540584082e-10,185,1.2223353903524757e-11
01050102924,010-5010-2924,"one digit, middle group",-1.458368540584082e-10,186,8.614468546260784e-12
01050102924,010-5010-2924,"one digit, middle group",-1.458368540584082e-10,187,-7.426374727161972e-11
01050102924,010-5010-2924,"one digit, middle group",-1.458368540584082e-10,188,1.4164713512032053e-10
01050102924,010-5010-2924,"one digit, middle group",-1.458368540584082e-10,189,-1.8753180407424166e-10
01050102924,010-5010-2924,"one digit, middle group",-1.458368540584082e-10,190,-8.414632847880845e-11
01050102924,010-5010-2924,"one digit, middle group",-1.458368540584082e-10,191,-8.612735052174333e-11
01050102924,010-5010-2924,"one digit, middle group",-1.458368540584082e-10,192,-1.1989626066439463e-11
01050102924,010-5010-2924,"one digit, middle group",-1.458368540584082e-10,193,-2.4153447061931845e-10
01050102924,010-5010-2924,"one digit, middle group",-1.458368540584082e-10,194,-4.4667802188251984e-11
01050102924,010-5010-2924,"one digit, middle group",-1.458368540584082e-10,195,4.5914216117429365e-10
01050102924,010-5010-2924,"one digit, middle group",-1.458368540584082e-10,196,-6.855126846733605e-12
01050102924,010-5010-2924,"one digit, middle group",-1.458368540584082e-10,197,2.527527967384301e-10
01050102924,010-5010-2924,"one digit, middle group",-1.458368540584082e-10,198,-4.537997370885114e-11
01050102924,010-5010-2924,"one digit, middle group",-1.458368540584082e-10,199,-1.9246081539308834e-10
01050102924,010-5010-2924,"one digit, middle group",-1.458368540584082e-10,200,-3.927292151063666e-11
01050102924,010-5010-2924,"one digit, middle group",-1.458368540584082e-10,201,7.1256885914798374e-12
01050102924,010-5010-2924,"one digit, middle group",-1.458368540584082e-10,202,-3.761783165323487e-11
01050102924,010-5010-2924,"one digit, middle group",-1.458368540584082e-10,203,-1.6784722238319928e-11
01011112222,010-1111-2222,not in the log,-1.22862669615096e-10,0,-1.035561607719712e-10
01011112222,010-1111-2222,not in the log,-1.22862669615096e-10,1,3.4629004023050936e-10
01011112222,010-1111-2222,not in the log,-1.22862669615096e-10,2,3.741945169177047e-11
01011112222,010-1111-2222,not in the log,-1.22862669615096e-10,3,7.649431782991547e-12
01011112222,010-1111-2222,not in the log,-1.22862669615096e-10,4,-8.638940620262366e-11
01011112222,010-1111-2222,not in the log,-1.22862669615096e-10,5,-5.580303024941744e-10
01011112222,010-1111-2222,not in the log,-1.22862669615096e-10,6,7.442715412365484e-12
01011112222,010-1111-2222,not in the log,-1.22862669615096e-10,7,-1.4723601296809168e-10
01011112222,010-1111-2222,not in the log,-1.22862669615096e-10,8,-2.574406363873003e-10
01011112222,010-1111-2222,not in the log,-1.22862669615096e-10,9,-1.8173813003305592e-11
01011112222,010-1111-2222,not in the log,-1.22862669615096e-10,10,-2.7864623812333067e-11
01011112222,010-1111-2222,not in the log,-1.22862669615096e-10,11,-2.1716562449016073e-10
01011112222,010-1111-2222,not in the log,-1.22862669615096e-10,12,-2.1637203490281643e-10
01011112222,010-1111-2222,not in the log,-1.22862669615096e-10,13,-1.0621891862029799e-10
01011112222,010-1111-2222,not in the log,-1.22862669615096e-10,14,3.1811645555725324e-11
01011112222,010-1111-2222,not in the log,-1.22862669615096e-10,15,9.986566971379934e-11
01011112222,010-1111-2222,not in the log,-1.22862669615096e-10,16,-4.163328150875691e-10
01011112222,010-1111-2222,not in the log,-1.22862669615096e-10,17,2.198216000677892e-10
01011112222,010-1111-2222,not in the log,-1.22862669615096e-10,18,-3.101302235038317e-10
01011112222,010-1111-2222,not in the log,-1.22862669615096e-10,19,-4.882860884825343e-11
01011112222,010-1111-2222,not in the log,-1.22862669615096e-10,20,-1.8985674772976347e-11
01011112222,010-1111-2222,not in the log,-1.22862669615096e-10,21,5.6311085365527206e-11
01011112222,010-1111-2222,not in the log,-1.22862669615096e-10,22,-1.4138689149263045e-11
01011112222,010-1111-2222,not in the log,-1.22862669615096e-10,23,-2.8440287824852627e-11
01011112222,010-1111-2222,not in the log,-1.22862669615096e-10,24,-2.986958773123905e-10
01011112222,010-1111-2222,not in the log,-1.22862669615096e-10,25,-2.2666592160027762e-11
01011112222,010-1111-2222,not in the log,-1.22862669615096e-10,26,-2.5947736306112035e-10
01011112222,010-1111-2222,not in the log,-1.22862669615096e-10,27,8.274302253521374e-12
01011112222,010-1111-2222,not in the log,-1.22862669615096e-10,28,5.056445572405002e-11
01011112222,010-1111-2222,not in the log,-1.22862669615096e-10,29,8.533481746867491e-11
01011112222,010-1111-2222,not in the log,-1.22862669615096e-10,30,-7.739645218340615e-10
01011112222,010-1111-2222,not in the log,-1.22862669615096e-10,31,-7.842075193549159e-12
01011112222,010-1111-2222,not in the log,-1.22862669615096e-10,32,1.068199988135488e-10
01011112222,010-1111-2222,not in the log,-1.22862669615096e-10,33,-1.0106037745765235e-10
01011112222,010-1111-2222,not in the log,-1.22862669615096e-10,34,-5.568535538500282e-11
01011112222,010-1111-2222,not in the log,-1.22862669615096e-10,35,5.0250170267264785e-11
01011112222,010-1111-2222,not in the log,-1.22862669615096e-10,36,-9.216945816421131e-11
01011112222,010-1111-2222,not in the log,-1.22862669615096e-10,37,-1.1857946642957754e-10
01011112222,010-1111-2222,not in the log,-1.22862669615096e-10,38,9.302498022313855e-11
01011112222,010-1111-2222,not in the log,-1.22862669615096e-10,39,-1.834785059590673e-11
01011112222,010-1111-2222,not in the log,-1.22862669615096e-10,40,-7.76433526180223e-11
01011112222,010-1111-2222,not in the log,-1.22862669615096e-10,41,3.511451287669075e-11
01011112222,010-1111-2222,not in the log,-1.22862669615096e-10,42,-2.620205188307237e-10
01011112222,010-1111-2222,not in the log,-1.22862669615096e-10,43,4.3213691384517056e-11
01011112222,010-1111-2222,not in the log,-1.22862669615096e-10,44,3.23790969314964e-11
01011112222,010-1111-2222,not in the log,-1.22862669615096e-10,45,-4.371799641740758e-10
01011112222,010-1111-2222,not in the log,-1.22862669615096e-10,46,-9.881535638074525e-11
01011112222,010-1111-2222,not in the log,-1.22862669615096e-10,47,7.273506572598387e-11
01011112222,010-1111-2222,not in the log,-1.22862669615096e-10,48,1.742068157589785e-10
01011112222,010-1111-2222,not in the log,-1.22862669615096e-10,49,-2.2550635401640716e-10
01011112222,010-1111-2222,not in the log,-1.22862669615096e-10,50,-6.804881039166954e-11
01011112222,010-1111-2222,not in the log,-1.22862669615096e-10,51,-5.705181398740749e-12
01011112222,010-1111-2222,not in the log,-1.22862669615096e-10,52,-1.1276043535006444e-10
01011112222,010-1111-2222,not in the log,-1.22862669615096e-10,53,-4.892446554465173e-11
01011112222,010-1111-2222,not in the log,-1.22862669615096e-10,54,4.3453939408822226e-11
01011112222,010-1111-2222,not in the log,-1.22862669615096e-10,55,7.366238149756496e-11
01011112222,010-1111-2222,not in the log,-1.22862669615096e-10,56,-1.2440133513106574e-10
01011112222,010-1111-2222,not in the log,-1.22862669615096e-10,57,8.02142151761427e-11
01011112222,010-1111-2222,not in the log,-1.22862669615096e-10,58,-3.903962622047965e-11
01011112222,010-1111-2222,not in the log,-1.22862669615096e-10,59,4.596033008895706e-11
01011112222,010-1111-2222,not in the log,-1.22862669615096e-10,60,-4.134420019600567e-11
01011112222,010-1111-2222,not in the log,-1.22862669615096e-10,61,-2.3595299582893997e-11
01011112222,010-1111-2222,not in the log,-1.22862669615096e-10,62,-2.540178917512891e-11
01011112222,010-1111-2222,not in the log,-1.22862669615096e-10,63,4.6566850479485186e-11
01011112222,010-1111-2222,not in the log,-1.22862669615096e-10,64,-8.593314121184936e-11
01011112222,010-1111-2222,not in the log,-1.22862669615096e-10,65,1.7067265506929952e-11
01011112222,010-1111-2222,not in the log,-1.22862669615096e-10,66,5.509955526465096e-10
01011112222,010-1111-2222,not in the log,-1.22862669615096e-10,67,-1.0228630668402428e-10
01011112222,010-1111-2222,not in the log,-1.22862669615096e-10,68,-5.955602276626956e-11
01011112222,010-1111-2222,not in the log,-1.22862669615096e-10,69,7.264187147833388e-11
01011112222,010-1111-2222,not in the log,-1.22862669615096e-10,70,-4.3654336064322755e-11
01011112222,010-1111-2222,not in the log,-1.22862669615096e-10,71,-1.0895677991854988e-10
01011112222,010-1111-2222,not in the log,-1.22862669615096e-10,72,1.5157422660546442e-11
01011112222,010-1111-2222,not in the log,-1.22862669615096e-10,73,-1.2560655975030284e-11
01011112222,010-1111-2222,not in the log,-1.22862669615096e-10,74,-1.729239561096224e-10
01011112222,010-1111-2222,not in the log,-1.22862669615096e-10,75,-1.3223437050242565e-10
01011112222,010-1111-2222,not in the log,-1.22862669615096e-10,76,2.5919250928503587e-11
01011112222,010-1111-2222,not in the log,-1.22862669615096e-10,77,-1.3947480512026191e-10
01011112222,010-1111-2222,not in the log,-1.22862669615096e-10,78,-1.669945555191371e-10
01011112222,010-1111-2222,not in the log,-1.22862669615096e-10,79,-3.076775146422538e-11
01011112222,010-1111-2222,not in the log,-1.22862669615096e-10,80,1.2906538481854445e-11
01011112222,010-1111-2222,not in the log,-1.22862669615096e-10,81,-1.2354852357825114e-10
01011112222,010-1111-2222,not in the log,-1.22862669615096e-10,82,5.40324612327213e-10
01011112222,010-1111-2222,not in the log,-1.22862669615096e-10,83,-1.0072282860996214e-10
01011112222,010-1111-2222,not in the log,-1.22862669615096e-10,84,6.602591666093694e-11
01011112222,010-1111-2222,not in the log,-1.22862669615096e-10,85,-2.0707896316550135e-11
01011112222,010-1111-2222,not in the log,-1.22862669615096e-10,86,-5.417087118672419e-11
01011112222,010-1111-2222,not in the log,-1.22862669615096e-10,87,-3.0763173121498507e-11
01011112222,010-1111-2222,not in the log,-1.22862669615096e-10,88,9.641609127167752e-11
01011112222,010-1111-2222,not in the log,-1.22862669615096e-10,89,2.8095474005057534e-10
01011112222,010-1111-2222,not in the log,-1.22862669615096e-10,90,-1.3803323998131166e-11
01011112222,010-1111-2222,not in the log,-1.22862669615096e-10,91,-1.683445544308672e-10
01011112222,010-1111-2222,not in the log,-1.22862669615096e-10,92,-2.750015344825564e-10
01011112222,010-1111-2222,not in the log,-1.22862669615096e-10,93,-7.278220364752467e-11
01011112222,010-1111-2222,not in the log,-1.22862669615096e-10,94,-6.198546653564002e-11
01011112222,010-1111-2222,not in the log,-1.22862669615096e-10,95,1.3932135470472917e-10
01011112222,010-1111-2222,not in the log,-1.22862669615096e-10,96,2.710158322197072e-10
01011112222,010-1111-2222,not in the log,-1.22862669615096e-10,97,-1.5077615349063928e-10
01011112222,010-1111-2222,not in the log,-1.22862669615096e-10,98,1.1635424757355904e-10
01011112222,010-1111-2222,not in the log,-1.22862669615096e-10,99,1.9309230850229067e-11
01011112222,010-1111-2222,not in the log,-1.22862669615096e-10,100,-7.418913590624228e-11
01011112222,010-1111-2222,not in the log,-1.22862669615096e-10,101,-7.834983778219032e-11
01011112222,010-1111-2222,not in the log,-1.22862669615096e-10,102,2.515793622715354e-10
01011112222,010-1111-2222,not in the log,-1.22862669615096e-10,103,-4.292878587010741e-10
01011112222,010-1111-2222,not in the log,-1.22862669615096e-10,104,-1.0601462180886691e-10
01011112222,010-1111-2222,not in the log,-1.22862669615096e-10,105,-1.570584180983942e-10
01011112222,010-1111-2222,not in the log,-1.22862669615096e-10,106,4.017414098944226e-11
01011112222,010-1111-2222,not in the log,-1.22862669615096e-10,107,2.9893928137481772e-12
01011112222,010-1111-2222,not in the log,-1.22862669615096e-10,108,-5.677903959359006e-11
01011112222,010-1111-2222,not in the log,-1.22862669615096e-10,109,3.565170545737446e-10
01011112222,010-1111-2222,not in the log,-1.22862669615096e-10,110,-8.291435276677433e-11
01011112222,010-1111-2222,not in the log,-1.22862669615096e-10,111,-3.219330861163025e-11
01011112222,010-1111-2222,not in the log,-1.22862669615096e-10,112,5.4237605691658164e-11
01011112222,010-1111-2222,not in the log,-1.22862669615096e-10,113,-2.0377828736422238e-11
01011112222,010-1111-2222,not in the log,-1.22862669615096e-10,114,-1.3027090430770443e-10
01011112222,010-1111-2222,not in the log,-1.22862669615096e-10,115,1.1852284072814593e-11
01011112222,010-1111-2222,not in the log,-1.22862669615096e-10,116,1.428561131838169e-10
01011112222,010-1111-2222,not in the log,-1.22862669615096e-10,117,-7.522414046022774e-11
01011112222,010-1111-2222,not in the log,-1.22862669615096e-10,118,3.732333838862336e-10
01011112222,010-1111-2222,not in the log,-1.22862669615096e-10,119,7.2188328720476126e-12
01011112222,010-1111-2222,not in the log,-1.22862669615096e-10,120,-9.410056201467207e-11
01011112222,010-1111-2222,not in the log,-1.22862669615096e-10,121,-2.7782268254346155e-10
01011112222,010-1111-2222,not in the log,-1.22862669615096e-10,122,9.636853984650114e-11
01011112222,010-1111-2222,not in the log,-1.22862669615096e-10,123,2.200167289325041e-11
01011112222,010-1111-2222,not in the log,-1.22862669615096e-10,124,-7.153920862354428e-11
01011112222,010-1111-2222,not in the log,-1.22862669615096e-10,125,-2.6596544565956563e-10
01011112222,010-1111-2222,not in the log,-1.22862669615096e-10,126,6.754082421516134e-11
01011112222,010-1111-2222,not in the log,-1.22862669615096e-10,127,9.70675857058972e-11
01011112222,010-1111-2222,not in the log,-1.22862669615096e-10,128,2.4564460177061087e-10
01011112222,010-1111-2222,not in the log,-1.22862669615096e-10,129,-4.3699301927110744e-11
01011112222,010-1111-2222,not in the log,-1.22862669615096e-10,130,-1.3825074919870186e-11
01011112222,010-1111-2222,not in the log,-1.22862669615096e-10,131,-1.0056639762426984e-10
01011112222,010-1111-2222,not in the log,-1.22862669615096e-10,132,1.6780529334540217e-11
01011112222,010-1111-2222,not in the log,-1.22862669615096e-10,133,-1.2146752009499452e-10
01011112222,010-1111-2222,not in the log,-1.22862669615096e-10,134,2.1597112917135705e-11
01011112222,010-1111-2222,not in the log,-1.22862669615096e-10,135,5.20664124591575e-11
01011112222,010-1111-2222,not in the log,-1.22862669615096e-10,136,-1.8854479329959295e-13
01011112222,010-1111-2222,not in the log,-1.22862669615096e-10,137,-2.084844309111103e-10
01011112222,010-1111-2222,not in the log,-1.22862669615096e-10,138,8.599102524164401e-11
01011112222,010-1111-2222,not in the log,-1.22862669615096e-10,139,-5.591472487767201e-11
01011112222,010-1111-2222,not in the log,-1.22862669615096e-10,140,1.0853716354390968e-10
01011112222,010-1111-2222,not in the log,-1.22862669615096e-10,141,1.754378489871668e-10
01011112222,010-1111-2222,not in the log,-1.22862669615096e-10,142,-3.2415918453720934e-11
01011112222,010-1111-2222,not in the log,-1.22862669615096e-10,143,9.655727108636201e-11
01011112222,010-1111-2222,not in the log,-1.22862669615096e-10,144,2.380528388538027e-10
01011112222,010-1111-2222,not in the log,-1.22862669615096e-10,145,1.5906694656243004e-10
01011112222,010-1111-2222,not in the log,-1.22862669615096e-10,146,-3.795703458367817e-11
01011112222,010-1111-2222,not in the log,-1.22862669615096e-10,147,3.4729553208539425e-11
01011112222,010-1111-2222,not in the log,-1.22862669615096e-10,148,-2.6812358670358206e-11
01011112222,010-1111-2222,not in the log,-1.22862669615096e-10,149,1.1358144734097531e-10
01011112222,010-1111-2222,not in the log,-1.22862669615096e-10,150,2.473600690249752e-10
01011112222,010-1111-2222,not in the log,-1.22862669615096e-10,151,-5.218236046113711e-11
01011112222,010-1111-2222,not in the log,-1.22862669615096e-10,152,2.619684002224792e-10
01011112222,010-1111-2222,not in the log,-1.22862669615096e-10,153,3.466097495688834e-10
01011112222,010-1111-2222,not in the log,-1.22862669615096e-10,154,-2.148973172344591e-11
01011112222,010-1111-2222,not in the log,-1.22862669615096e-10,155,-7.187278835091536e-11
01011112222,010-1111-2222,not in the log,-1.22862669615096e-10,156,-6.956430509211974e-11
01011112222,010-1111-2222,not in the log,-1.22862669615096e-10,157,-1.035346405107325e-10
01011112222,010-1111-2222,not in the log,-1.22862669615096e-10,158,8.26165052723785e-11
01011112222,010-1111-2222,not in the log,-1.22862669615096e-10,159,2.927556508827687e-11
01011112222,010-1111-2222,not in the log,-1.22862669615096e-10,160,-2.075481952052891e-10
01011112222,010-1111-2222,not in the log,-1.22862669615096e-10,161,-5.3721953500907336e-11
01011112222,010-1111-2222,not in the log,-1.22862669615096e-10,162,4.9163462653066367e-11
01011112222,010-1111-2222,not in the log,-1.22862669615096e-10,163,-4.258324681910619e-11
01011112222,010-1111-2222,not in the log,-1.22862669615096e-10,164,-5.0494166973388624e-11
01011112222,010-1111-2222,not in the log,-1.22862669615096e-10,165,-1.3853088425714962e-10
01011112222,010-1111-2222,not in the log,-1.22862669615096e-10,166,8.711924651691434e-11
01011112222,010-1111-2222,not in the log,-1.22862669615096e-10,167,-2.56538666467477e-10
01011112222,010-1111-2222,not in the log,-1.22862669615096e-10,168,-7.135545042059983e-11
01011112222,010-1111-2222,not in the log,-1.22862669615096e-10,169,-8.324808443007673e-11
01011112222,010-1111-2222,not in the log,-1.22862669615096e-10,170,5.922751972875e-11
01011112222,010-1111-2222,not in the log,-1.22862669615096e-10,171,-4.382554430593261e-11
01011112222,010-1111-2222,not in the log,-1.22862669615096e-10,172,5.735820649329228e-13
01011112222,010-1111-2222,not in the log,-1.22862669615096e-10,173,-3.893682422326716e-11
01011112222,010-1111-2222,not in the log,-1.22862669615096e-10,174,1.4522671263987362e-10
01011112222,010-1111-2222,not in the log,-1.22862669615096e-10,175,4.851090047605837e-10
01011112222,010-1111-2222,not in the log,-1.22862669615096e-10,176,-9.30787566213804e-14
01011112222,010-1111-2222,not in the log,-1.22862669615096e-10,177,-4.5910607534595084e-10
01011112222,010-1111-2222,not in the log,-1.22862669615096e-10,178,-4.5555123487233063e-11
01011112222,010-1111-2222,not in the log,-1.22862669615096e-10,179,-1.9293608564571088e-10
01011112222,010-1111-2222,not in the log,-1.22862669615096e-10,180,-1.2924364154171194e-11
01011112222,010-1111-2222,not in the log,-1.22862669615096e-10,181,2.640707821759144e-10
01011112222,010-1111-2222,not in the log,-1.22862669615096e-10,182,2.385364517261515e-11
01011112222,010-1111-2222,not in the log,-1.22862669615096e-10,183,1.679963913469165e-10
01011112222,010-1111-2222,not in the log,-1.22862669615096e-10,184,-1.4975986483648865e-13
01011112222,010-1111-2222,not in the log,-1.22862669615096e-10,185,-8.059022578917055e-11
01011112222,010-1111-2222,not in the log,-1.22862669615096e-10,186,-1.3659358779567708e-10
01011112222,010-1111-2222,not in the log,-1.22862669615096e-10,187,2.355077488607768e-11
01011112222,010-1111-2222,not in the log,-1.22862669615096e-10,188,1.2530738430731587e-10
01011112222,010-1111-2222,not in the log,-1.22862669615096e-10,189,-1.350646974437682e-10
01011112222,010-1111-2222,not in the log,-1.22862669615096e-10,190,-4.03492524575426e-11
01011112222,010-1111-2222,not in the log,-1.22862669615096e-10,191,-1.49440028534582e-11
01011112222,010-1111-2222,not in the log,-1.22862669615096e-10,192,-3.086467985452117e-11
01011112222,010-1111-2222,not in the log,-1.22862669615096e-10,193,1.202841599665041e-10
01011112222,010-1111-2222,not in the log,-1.22862669615096e-10,194,2.426111007973659e-11
01011112222,010-1111-2222,not in the log,-1.22862669615096e-10,195,-1.5155729921559583e-10
01011112222,010-1111-2222,not in the log,-1.22862669615096e-10,196,8.666108077681405e-11
01011112222,010-1111-2222,not in the log,-1.22862669615096e-10,197,1.0445238118224873e-10
01011112222,010-1111-2222,not in the log,-1.22862669615096e-10,198,-1.4107012576863633e-10
01011112222,010-1111-2222,not in the log,-1.22862669615096e-10,199,1.3658386310023032e-10
01011112222,010-1111-2222,not in the log,-1.22862669615096e-10,200,-2.8723669147003317e-11
01011112222,010-1111-2222,not in the log,-1.22862669615096e-10,201,-4.8407899214224514e-11
01011112222,010-1111-2222,not in the log,-1.22862669615096e-10,202,-1.3970066565993259e-10
01011112222,010-1111-2222,not in the log,-1.22862669615096e-10,203,3.280342011088451e-11
