target,grouped,description,exist_value,slot,decrypted
01050002924,010-5000-2924,original,1.0000000005276737,0,-4.849402774556919e-12
01050002924,010-5000-2924,original,1.0000000005276737,1,-6.847430606451753e-11
01050002924,010-5000-2924,original,1.0000000005276737,2,5.441425095962979e-12
01050002924,010-5000-2924,original,1.0000000005276737,3,6.199171331674068e-11
01050002924,010-5000-2924,original,1.0000000005276737,4,8.52906470621606e-11
01050002924,010-5000-2924,original,1.0000000005276737,5,-2.733070411289834e-10
01050002924,010-5000-2924,original,1.0000000005276737,6,9.680337839713553e-11
01050002924,010-5000-2924,original,1.0000000005276737,7,3.128080229505639e-10
01050002924,010-5000-2924,original,1.0000000005276737,8,-6.394110299317823e-11
01050002924,010-5000-2924,original,1.0000000005276737,9,1.6471386112510387e-10
01050002924,010-5000-2924,original,1.0000000005276737,10,7.965616421138607e-11
01050002924,010-5000-2924,original,1.0000000005276737,11,-3.0244382434962787e-10
01050002924,010-5000-2924,original,1.0000000005276737,12,-5.8204418354448464e-11
01050002924,010-5000-2924,original,1.0000000005276737,13,-1.8749901523320745e-10
01050002924,010-5000-2924,original,1.0000000005276737,14,-2.5037645438973525e-11
01050002924,010-5000-2924,original,1.0000000005276737,15,-6.189222754009518e-12
01050002924,010-5000-2924,original,1.0000000005276737,16,-4.2406930808057727e-10
01050002924,010-5000-2924,original,1.0000000005276737,17,1.1798352996790162e-10
01050002924,010-5000-2924,original,1.0000000005276737,18,1.631341999996375e-10
01050002924,010-5000-2924,original,1.0000000005276737,19,-6.196296945933816e-11
01050002924,010-5000-2924,original,1.0000000005276737,20,-2.627735387949164e-10
01050002924,010-5000-2924,original,1.0000000005276737,21,9.044238249684937e-11
01050002924,010-5000-2924,original,1.0000000005276737,22,-2.605617056141322e-10
01050002924,010-5000-2924,original,1.0000000005276737,23,-1.0321944365830903e-10
01050002924,010-5000-2924,original,1.0000000005276737,24,5.0092912497927767e-11
01050002924,010-5000-2924,original,1.0000000005276737,25,-5.7616604614971105e-11
01050002924,010-5000-2924,original,1.0000000005276737,26,1.2863663124416137e-10
01050002924,010-5000-2924,original,1.0000000005276737,27,-6.970969386901003e-11
01050002924,010-5000-2924,original,1.0000000005276737,28,-2.599450981284802e-11
01050002924,010-5000-2924,original,1.0000000005276737,29,5.911535716371564e-11
01050002924,010-5000-2924,original,1.0000000005276737,30,1.9543704539230979e-10
01050002924,010-5000-2924,original,1.0000000005276737,31,1.0244226005456096e-10
01050002924,010-5000-2924,original,1.0000000005276737,32,-6.690083018964894e-10
01050002924,010-5000-2924,original,1.0000000005276737,33,3.001244072605601e-10
01050002924,010-5000-2924,original,1.0000000005276737,34,-2.3586643560292795e-11
01050002924,010-5000-2924,original,1.0000000005276737,35,-1.49238397617349e-11
01050002924,010-5000-2924,original,1.0000000005276737,36,1.7881152337704136e-10
01050002924,010-5000-2924,original,1.0000000005276737,37,-1.9917721625299539e-10
01050002924,010-5000-2924,original,1.0000000005276737,38,-6.728258419237695e-11
01050002924,010-5000-2924,original,1.0000000005276737,39,3.4523639706675546e-11
01050002924,010-5000-2924,original,1.0000000005276737,40,1.2007506096041064e-10
01050002924,010-5000-2924,original,1.0000000005276737,41,-2.2519303284593194e-11
01050002924,010-5000-2924,original,1.0000000005276737,42,2.0247415335053933e-10
01050002924,010-5000-2924,original,1.0000000005276737,43,-1.4264780103193539e-12
01050002924,010-5000-2924,original,1.0000000005276737,44,-3.093172172042677e-11
01050002924,010-5000-2924,original,1.0000000005276737,45,-1.3192735839098128e-10
01050002924,010-5000-2924,original,1.0000000005276737,46,5.992215648647543e-12
01050002924,010-5000-2924,original,1.0000000005276737,47,-3.598231194930274e-11
01050002924,010-5000-2924,original,1.0000000005276737,48,-7.67109775614155e-11
01050002924,010-5000-2924,original,1.0000000005276737,49,3.072036840524282e-10
01050002924,010-5000-2924,original,1.0000000005276737,50,1.4895792156342516e-10
01050002924,010-5000-2924,original,1.0000000005276737,51,-6.0767902417587965e-12
01050002924,010-5000-2924,original,1.0000000005276737,52,-1.5170169185952684e-10
01050002924,010-5000-2924,original,1.0000000005276737,53,7.496040224340234e-12
01050002924,010-5000-2924,original,1.0000000005276737,54,-2.3448225301042636e-11
01050002924,010-5000-2924,original,1.0000000005276737,55,-1.1052194210186885e-10
01050002924,010-5000-2924,original,1.0000000005276737,56,-1.1091814199151519e-10
01050002924,010-5000-2924,original,1.0000000005276737,57,4.64192079128367e-11
01050002924,010-5000-2924,original,1.0000000005276737,58,1.351751973554236e-11
01050002924,010-5000-2924,original,1.0000000005276737,59,2.247223793400283e-10
01050002924,010-5000-2924,original,1.0000000005276737,60,3.1585600218716273e-10
01050002924,010-5000-2924,original,1.0000000005276737,61,3.470854349802143e-11
01050002924,010-5000-2924,original,1.0000000005276737,62,-3.418862494663509e-11
01050002924,010-5000-2924,original,1.0000000005276737,63,7.809809959164623e-11
01050002924,010-5000-2924,original,1.0000000005276737,64,-2.9489614991055065e-10
01050002924,010-5000-2924,original,1.0000000005276737,65,1.0050136359140643e-10
01050002924,010-5000-2924,original,1.0000000005276737,66,1.5714468627650946e-10
01050002924,010-5000-2924,original,1.0000000005276737,67,-3.045043549980685e-10
01050002924,010-5000-2924,original,1.0000000005276737,68,-4.493008929597223e-11
01050002924,010-5000-2924,original,1.0000000005276737,69,-3.265581477284736e-11
01050002924,010-5000-2924,original,1.0000000005276737,70,-7.661716434769783e-11
01050002924,010-5000-2924,original,1.0000000005276737,71,-7.839961059680474e-11
01050002924,010-5000-2924,original,1.0000000005276737,72,-1.8996552656670886e-11
01050002924,010-5000-2924,original,1.0000000005276737,73,6.46080268352583e-11
01050002924,010-5000-2924,original,1.0000000005276737,74,3.7863713181269614e-10
01050002924,010-5000-2924,original,1.0000000005276737,75,-8.56027299555277e-11
01050002924,010-5000-2924,original,1.0000000005276737,76,-6.86031140317769e-11
01050002924,010-5000-2924,original,1.0000000005276737,77,-1.2751885956562107e-11
01050002924,010-5000-2924,original,1.0000000005276737,78,-4.536395539051709e-10
01050002924,010-5000-2924,original,1.0000000005276737,79,-1.6873177603845092e-11
01050002924,010-5000-2924,original,1.0000000005276737,80,-1.9983819192790154e-10
01050002924,010-5000-2924,original,1.0000000005276737,81,1.481102951588396e-10
01050002924,010-5000-2924,original,1.0000000005276737,82,4.5072451114527075e-10
01050002924,010-5000-2924,original,1.0000000005276737,83,9.090423111530658e-11
01050002924,010-5000-2924,original,1.0000000005276737,84,-4.542918095360006e-11
01050002924,010-5000-2924,original,1.0000000005276737,85,-4.277499693290703e-11
01050002924,010-5000-2924,original,1.0000000005276737,86,1.6277665506314386e-10
01050002924,010-5000-2924,original,1.0000000005276737,87,2.8765008954449447e-11
01050002924,010-5000-2924,original,1.0000000005276737,88,1.1225384279297195e-10
01050002924,010-5000-2924,original,1.0000000005276737,89,-6.027124678148673e-11
01050002924,010-5000-2924,original,1.0000000005276737,90,7.853388218512839e-11
01050002924,010-5000-2924,original,1.0000000005276737,91,-1.1248680715893812e-10
01050002924,010-5000-2924,original,1.0000000005276737,92,-1.317095474098138e-10
01050002924,010-5000-2924,original,1.0000000005276737,93,1.2879028252931041e-11
01050002924,010-5000-2924,original,1.0000000005276737,94,1.3815980152588673e-11
01050002924,010-5000-2924,original,1.0000000005276737,95,-3.1444997973126727e-10
01050002924,010-5000-2924,original,1.0000000005276737,96,-6.892843131062375e-12
01050002924,010-5000-2924,original,1.0000000005276737,97,-1.699330598556654e-10
01050002924,010-5000-2924,original,1.0000000005276737,98,-2.356939832615778e-10
01050002924,010-5000-2924,original,1.0000000005276737,99,-4.487863291916184e-11
01050002924,010-5000-2924,original,1.0000000005276737,100,-2.481236348827489e-10
01050002924,010-5000-2924,original,1.0000000005276737,101,-3.6230859464300075e-10
01050002924,010-5000-2924,original,1.0000000005276737,102,-2.356106455380274e-10
01050002924,010-5000-2924,original,1.0000000005276737,103,1.3689096408413468e-10
01050002924,010-5000-2924,original,1.0000000005276737,104,3.1233748326189443e-11
01050002924,010-5000-2924,original,1.0000000005276737,105,-2.8023325194723483e-11
01050002924,010-5000-2924,original,1.0000000005276737,106,1.016472440103002e-10
01050002924,010-5000-2924,original,1.0000000005276737,107,-4.560675651618315e-11
01050002924,010-5000-2924,original,1.0000000005276737,108,1.236199622930171e-10
01050002924,010-5000-2924,original,1.0000000005276737,109,-1.2185794889622875e-11
01050002924,010-5000-2924,original,1.0000000005276737,110,2.037404311748143e-11
01050002924,010-5000-2924,original,1.0000000005276737,111,6.377099452673976e-11
01050002924,010-5000-2924,original,1.0000000005276737,112,1.0517768809362077e-10
01050002924,010-5000-2924,original,1.0000000005276737,113,6.83287920704002e-12
01050002924,010-5000-2924,original,1.0000000005276737,114,6.941969964947005e-11
01050002924,010-5000-2924,original,1.0000000005276737,115,1.0061410374611813e-11
01050002924,010-5000-2924,original,1.0000000005276737,116,-3.169478515701266e-11
01050002924,010-5000-2924,original,1.0000000005276737,117,1.2457113958779577e-11
01050002924,010-5000-2924,original,1.0000000005276737,118,-2.4204156128956158e-11
01050002924,010-5000-2924,original,1.0000000005276737,119,-4.3645152768875216e-11
01050002924,010-5000-2924,original,1.0000000005276737,120,-5.417114122107911e-11
01050002924,010-5000-2924,original,1.0000000005276737,121,-2.1773177889503105e-10
01050002924,010-5000-2924,original,1.0000000005276737,122,-4.050670045538354e-11
01050002924,010-5000-2924,original,1.0000000005276737,123,-9.36197675811517e-11
01050002924,010-5000-2924,original,1.0000000005276737,124,-1.0066622392079144e-10
01050002924,010-5000-2924,original,1.0000000005276737,125,1.0604100179158677e-10
01050002924,010-5000-2924,original,1.0000000005276737,126,-5.150194229520826e-11
01050002924,010-5000-2924,original,1.0000000005276737,127,-3.606573683887185e-10
01050002924,010-5000-2924,original,1.0000000005276737,128,3.4140105681219155e-10
01050002924,010-5000-2924,original,1.0000000005276737,129,1.0502409477110895e-10
01050002924,010-5000-2924,original,1.0000000005276737,130,-4.8230402462204445e-11
01050002924,010-5000-2924,original,1.0000000005276737,131,-1.3433870343762983e-10
01050002924,010-5000-2924,original,1.0000000005276737,132,-6.28260127096488e-11
01050002924,010-5000-2924,original,1.0000000005276737,133,-1.6726509398532427e-10
01050002924,010-5000-2924,original,1.0000000005276737,134,-6.091572866374425e-11
01050002924,010-5000-2924,original,1.0000000005276737,135,1.5790701168101732e-10
01050002924,010-5000-2924,original,1.0000000005276737,136,3.024366212170684e-11
01050002924,010-5000-2924,original,1.0000000005276737,137,-1.6461072383137682e-10
01050002924,010-5000-2924,original,1.0000000005276737,138,9.325496403622253e-11
01050002924,010-5000-2924,original,1.0000000005276737,139,-1.495922528154389e-11
01050002924,010-5000-2924,original,1.0000000005276737,140,-3.164758832245957e-10
01050002924,010-5000-2924,original,1.0000000005276737,141,-3.940330677360477e-11
01050002924,010-5000-2924,original,1.0000000005276737,142,0.9999996845286321
01050002924,010-5000-2924,original,1.0000000005276737,143,0.9999996845709314
01050002924,010-5000-2924,original,1.0000000005276737,144,0.9999996945004832
01050002924,010-5000-2924,original,1.0000000005276737,145,0.9999996882275295
01050002924,010-5000-2924,original,1.0000000005276737,146,0.9999996834349956
01050002924,010-5000-2924,original,1.0000000005276737,147,0.9999996874020993
01050002924,010-5000-2924,original,1.0000000005276737,148,0.9999996781617639
01050002924,010-5000-2924,original,1.0000000005276737,149,0.9999996956519965
01050002924,010-5000-2924,original,1.0000000005276737,150,-1.0648485464664936e-10
01050002924,010-5000-2924,original,1.0000000005276737,151,-2.3247359601352186e-11
01050002924,010-5000-2924,original,1.0000000005276737,152,4.144942027150708e-10
01050002924,010-5000-2924,original,1.0000000005276737,153,2.715409308344901e-10
01050002924,010-5000-2924,original,1.0000000005276737,154,-5.460838913543142e-11
01050002924,010-5000-2924,original,1.0000000005276737,155,-3.0905004558020204e-10
01050002924,010-5000-2924,original,1.0000000005276737,156,0.9999996960031037
01050002924,010-5000-2924,original,1.0000000005276737,157,-7.747142983878652e-11
01050002924,010-5000-2924,original,1.0000000005276737,158,-8.924486146316363e-11
01050002924,010-5000-2924,original,1.0000000005276737,159,-2.06395133122973e-11
01050002924,010-5000-2924,original,1.0000000005276737,160,0.9999996783495382
01050002924,010-5000-2924,original,1.0000000005276737,161,5.985937301574279e-11
01050002924,010-5000-2924,original,1.0000000005276737,162,-3.111638615491166e-11
01050002924,010-5000-2924,original,1.0000000005276737,163,0.9999996964305503
01050002924,010-5000-2924,original,1.0000000005276737,164,0.9999997119654526
01050002924,010-5000-2924,original,1.0000000005276737,165,-2.4723633955885738e-11
01050002924,010-5000-2924,original,1.0000000005276737,166,-1.4327364180328134e-11
01050002924,010-5000-2924,original,1.0000000005276737,167,4.163241219241549e-10
01050002924,010-5000-2924,original,1.0000000005276737,168,6.283732238085024e-10
01050002924,010-5000-2924,original,1.0000000005276737,169,2.650673338755356e-10
01050002924,010-5000-2924,original,1.0000000005276737,170,-2.422797322006065e-10
01050002924,010-5000-2924,original,1.0000000005276737,171,-3.029009962377746e-11
01050002924,010-5000-2924,original,1.0000000005276737,172,2.908045600151229e-11
01050002924,010-5000-2924,original,1.0000000005276737,173,-1.5447519004585338e-10
01050002924,010-5000-2924,original,1.0000000005276737,174,-2.7462894169859217e-11
01050002924,010-5000-2924,original,1.0000000005276737,175,4.767003610204115e-11
01050002924,010-5000-2924,original,1.0000000005276737,176,7.460652101531497e-11
01050002924,010-5000-2924,original,1.0000000005276737,177,4.708972424776338e-12
01050002924,010-5000-2924,original,1.0000000005276737,178,6.227025422392907e-11
01050002924,010-5000-2924,original,1.0000000005276737,179,-3.3907253016749254e-10
01050002924,010-5000-2924,original,1.0000000005276737,180,1.0204808447027152e-10
01050002924,010-5000-2924,original,1.0000000005276737,181,-3.3307116663223274e-10
01050002924,010-5000-2924,original,1.0000000005276737,182,-3.254550740886351e-11
01050002924,010-5000-2924,original,1.0000000005276737,183,3.4573189260407574e-11
01050002924,010-5000-2924,original,1.0000000005276737,184,5.111728184604387e-11
01050002924,010-5000-2924,original,1.0000000005276737,185,5.33909224312323e-11
01050002924,010-5000-2924,original,1.0000000005276737,186,2.278998807058561e-10
01050002924,010-5000-2924,original,1.0000000005276737,187,5.530198119256513e-12
01050002924,010-5000-2924,original,1.0000000005276737,188,-1.152641926687498e-10
01050002924,010-5000-2924,original,1.0000000005276737,189,-1.7687649458237596e-10
01050002924,010-5000-2924,original,1.0000000005276737,190,-2.09871023293159e-10
01050002924,010-5000-2924,original,1.0000000005276737,191,-1.917931065394853e-11
01050002924,010-5000-2924,original,1.0000000005276737,192,9.424906422964295e-11
01050002924,010-5000-2924,original,1.0000000005276737,193,6.520991553436122e-11
01050002924,010-5000-2924,original,1.0000000005276737,194,-3.302616196137679e-11
01050002924,010-5000-2924,original,1.0000000005276737,195,-1.7019502696610084e-10
01050002924,010-5000-2924,original,1.0000000005276737,196,7.274316390348107e-11
01050002924,010-5000-2924,original,1.0000000005276737,197,5.552172548873924e-11
01050002924,010-5000-2924,original,1.0000000005276737,198,1.1484760929629154e-10
01050002924,010-5000-2924,original,1.0000000005276737,199,7.116078317022128e-10
01050002924,010-5000-2924,original,1.0000000005276737,200,7.800804544619013e-11
01050002924,010-5000-2924,original,1.0000000005276737,201,-2.8916920391476047e-11
01050002924,010-5000-2924,original,1.0000000005276737,202,1.5353328436565578e-10
01050002924,010-5000-2924,original,1.0000000005276737,203,1.5155721392445987e-11
01050002925,010-5000-2925,"one digit, last group",1.3161006141048872e-10,0,-1.3504793001974761e-10
01050002925,010-5000-2925,"one digit, last group",1.3161006141048872e-10,1,1.392515667849087e-11
01050002925,010-5000-2925,"one digit, last group",1.3161006141048872e-10,2,1.676674167228928e-10
01050002925,010-5000-2925,"one digit, last group",1.3161006141048872e-10,3,5.475199517881775e-11
01050002925,010-5000-2925,"one digit, last group",1.3161006141048872e-10,4,5.329158182329044e-11
01050002925,010-5000-2925,"one digit, last group",1.3161006141048872e-10,5,1.9272731037670552e-10
01050002925,010-5000-2925,"one digit, last group",1.3161006141048872e-10,6,1.0923188687131668e-10
01050002925,010-5000-2925,"one digit, last group",1.3161006141048872e-10,7,1.740049417578232e-11
01050002925,010-5000-2925,"one digit, last group",1.3161006141048872e-10,8,5.701553543219572e-11
01050002925,010-5000-2925,"one digit, last group",1.3161006141048872e-10,9,5.7200970998539294e-11
01050002925,010-5000-2925,"one digit, last group",1.3161006141048872e-10,10,2.2007282084531595e-11
01050002925,010-5000-2925,"one digit, last group",1.3161006141048872e-10,11,-3.137403466041625e-11
01050002925,010-5000-2925,"one digit, last group",1.3161006141048872e-10,12,-4.5019787738288995e-10
01050002925,010-5000-2925,"one digit, last group",1.3161006141048872e-10,13,-4.1255146715470623e-10
01050002925,010-5000-2925,"one digit, last group",1.3161006141048872e-10,14,-1.7157280076439496e-10
01050002925,010-5000-2925,"one digit, last group",1.3161006141048872e-10,15,5.1649619209900373e-14
01050002925,010-5000-2925,"one digit, last group",1.3161006141048872e-10,16,1.282528317884908e-11
01050002925,010-5000-2925,"one digit, last group",1.3161006141048872e-10,17,2.344769795200307e-10
01050002925,010-5000-2925,"one digit, last group",1.3161006141048872e-10,18,-9.069906675386511e-11
01050002925,010-5000-2925,"one digit, last group",1.3161006141048872e-10,19,-3.0522410679348545e-11
01050002925,010-5000-2925,"one digit, last group",1.3161006141048872e-10,20,8.374584123631544e-12
01050002925,010-5000-2925,"one digit, last group",1.3161006141048872e-10,21,2.7498475023282216e-10
01050002925,010-5000-2925,"one digit, last group",1.3161006141048872e-10,22,9.699431676444548e-11
01050002925,010-5000-2925,"one digit, last group",1.3161006141048872e-10,23,-8.825650350329292e-11
01050002925,010-5000-2925,"one digit, last group",1.3161006141048872e-10,24,-1.6857462074614105e-10
01050002925,010-5000-2925,"one digit, last group",1.3161006141048872e-10,25,-1.4751766413790464e-12
01050002925,010-5000-2925,"one digit, last group",1.3161006141048872e-10,26,-3.850720701161247e-10
01050002925,010-5000-2925,"one digit, last group",1.3161006141048872e-10,27,-1.514512499468188e-11
01050002925,010-5000-2925,"one digit, last group",1.3161006141048872e-10,28,2.0874280148739156e-11
01050002925,010-5000-2925,"one digit, last group",1.3161006141048872e-10,29,1.464334567762174e-10
01050002925,010-5000-2925,"one digit, last group",1.3161006141048872e-10,30,-1.4895185213784035e-11
01050002925,010-5000-2925,"one digit, last group",1.3161006141048872e-10,31,1.4145381911402977e-10
01050002925,010-5000-2925,"one digit, last group",1.3161006141048872e-10,32,-1.6813161308304313e-10
01050002925,010-5000-2925,"one digit, last group",1.3161006141048872e-10,33,-2.4404683141996806e-10
01050002925,010-5000-2925,"one digit, last group",1.3161006141048872e-10,34,-7.723703799845345e-11
01050002925,010-5000-2925,"one digit, last group",1.3161006141048872e-10,35,5.5161762181233685e-11
01050002925,010-5000-2925,"one digit, last group",1.3161006141048872e-10,36,-4.443781422450462e-11
01050002925,010-5000-2925,"one digit, last group",1.3161006141048872e-10,37,1.1831344104776882e-10
01050002925,010-5000-2925,"one digit, last group",1.3161006141048872e-10,38,-3.736615674533634e-11
01050002925,010-5000-2925,"one digit, last group",1.3161006141048872e-10,39,-8.63325613135148e-11
01050002925,010-5000-2925,"one digit, last group",1.3161006141048872e-10,40,-2.2957925608467378e-10
01050002925,010-5000-2925,"one digit, last group",1.3161006141048872e-10,41,3.3966040747361924e-11
01050002925,010-5000-2925,"one digit, last group",1.3161006141048872e-10,42,-4.053068135951528e-11
01050002925,010-5000-2925,"one digit, last group",1.3161006141048872e-10,43,-4.3057612601143e-11
01050002925,010-5000-2925,"one digit, last group",1.3161006141048872e-10,44,-1.6590750631800873e-11
01050002925,010-5000-2925,"one digit, last group",1.3161006141048872e-10,45,-6.390942430699924e-11
01050002925,010-5000-2925,"one digit, last group",1.3161006141048872e-10,46,6.342726911140551e-11
01050002925,010-5000-2925,"one digit, last group",1.3161006141048872e-10,47,-2.0588594913283555e-10
01050002925,010-5000-2925,"one digit, last group",1.3161006141048872e-10,48,2.403097580303335e-10
01050002925,010-5000-2925,"one digit, last group",1.3161006141048872e-10,49,-6.437818036540582e-11
01050002925,010-5000-2925,"one digit, last group",1.3161006141048872e-10,50,-2.467635617018713e-10
01050002925,010-5000-2925,"one digit, last group",1.3161006141048872e-10,51,1.2111287803107237e-11
01050002925,010-5000-2925,"one digit, last group",1.3161006141048872e-10,52,2.565038642653818e-10
01050002925,010-5000-2925,"one digit, last group",1.3161006141048872e-10,53,-1.0144366616156994e-10
01050002925,010-5000-2925,"one digit, last group",1.3161006141048872e-10,54,6.178526502094251e-11
01050002925,010-5000-2925,"one digit, last group",1.3161006141048872e-10,55,-6.776544661604545e-11
01050002925,010-5000-2925,"one digit, last group",1.3161006141048872e-10,56,-3.192069553747721e-11
01050002925,010-5000-2925,"one digit, last group",1.3161006141048872e-10,57,-3.0928052913575986e-11
01050002925,010-5000-2925,"one digit, last group",1.3161006141048872e-10,58,6.795592800860928e-11
01050002925,010-5000-2925,"one digit, last group",1.3161006141048872e-10,59,-7.888680178498156e-11
01050002925,010-5000-2925,"one digit, last group",1.3161006141048872e-10,60,4.307121383608116e-11
01050002925,010-5000-2925,"one digit, last group",1.3161006141048872e-10,61,-1.228221716146172e-10
01050002925,010-5000-2925,"one digit, last group",1.3161006141048872e-10,62,2.470227912637631e-10
01050002925,010-5000-2925,"one digit, last group",1.3161006141048872e-10,63,1.550856002086253e-11
01050002925,010-5000-2925,"one digit, last group",1.3161006141048872e-10,64,2.2482229747673087e-10
01050002925,010-5000-2925,"one digit, last group",1.3161006141048872e-10,65,1.7837014557357607e-11
01050002925,010-5000-2925,"one digit, last group",1.3161006141048872e-10,66,-3.0454088468100274e-10
01050002925,010-5000-2925,"one digit, last group",1.3161006141048872e-10,67,-9.213008323198122e-11
01050002925,010-5000-2925,"one digit, last group",1.3161006141048872e-10,68,-1.2990952181977898e-11
01050002925,010-5000-2925,"one digit, last group",1.3161006141048872e-10,69,-1.3627378781018092e-10
01050002925,010-5000-2925,"one digit, last group",1.3161006141048872e-10,70,6.528048454167628e-11
01050002925,010-5000-2925,"one digit, last group",1.3161006141048872e-10,71,4.21324199470539e-11
01050002925,010-5000-2925,"one digit, last group",1.3161006141048872e-10,72,2.18970780554141e-11
01050002925,010-5000-2925,"one digit, last group",1.3161006141048872e-10,73,4.924889791303751e-11
01050002925,010-5000-2925,"one digit, last group",1.3161006141048872e-10,74,5.6291600668567554e-11
01050002925,010-5000-2925,"one digit, last group",1.3161006141048872e-10,75,3.9375097574990205e-11
01050002925,010-5000-2925,"one digit, last group",1.3161006141048872e-10,76,-2.8473518177232298e-12
01050002925,010-5000-2925,"one digit, last group",1.3161006141048872e-10,77,7.383353149306406e-11
01050002925,010-5000-2925,"one digit, last group",1.3161006141048872e-10,78,2.4631541291997285e-10
01050002925,010-5000-2925,"one digit, last group",1.3161006141048872e-10,79,1.2231089902192003e-10
01050002925,010-5000-2925,"one digit, last group",1.3161006141048872e-10,80,1.5300381930472393e-10
01050002925,010-5000-2925,"one digit, last group",1.3161006141048872e-10,81,-9.302227008363893e-11
01050002925,010-5000-2925,"one digit, last group",1.3161006141048872e-10,82,7.768584522378738e-12
01050002925,010-5000-2925,"one digit, last group",1.3161006141048872e-10,83,4.1278795484933065e-11
01050002925,010-5000-2925,"one digit, last group",1.3161006141048872e-10,84,3.7356350733702244e-11
01050002925,010-5000-2925,"one digit, last group",1.3161006141048872e-10,85,-2.071646381229763e-11
01050002925,010-5000-2925,"one digit, last group",1.3161006141048872e-10,86,-6.124339009669046e-10
01050002925,010-5000-2925,"one digit, last group",1.3161006141048872e-10,87,1.5851374246681137e-10
01050002925,010-5000-2925,"one digit, last group",1.3161006141048872e-10,88,-3.024014711704783e-11
01050002925,010-5000-2925,"one digit, last group",1.3161006141048872e-10,89,1.3354205943994143e-10
01050002925,010-5000-2925,"one digit, last group",1.3161006141048872e-10,90,-1.3539673334864175e-10
01050002925,010-5000-2925,"one digit, last group",1.3161006141048872e-10,91,-3.7391907287638754e-11
01050002925,010-5000-2925,"one digit, last group",1.3161006141048872e-10,92,-4.4798325963622487e-10
01050002925,010-5000-2925,"one digit, last group",1.3161006141048872e-10,93,-1.8034871468347694e-11
01050002925,010-5000-2925,"one digit, last group",1.3161006141048872e-10,94,9.79177071155438e-11
01050002925,010-5000-2925,"one digit, last group",1.3161006141048872e-10,95,1.9649118787310424e-10
01050002925,010-5000-2925,"one digit, last group",1.3161006141048872e-10,96,-2.6706630210807765e-11
01050002925,010-5000-2925,"one digit, last group",1.3161006141048872e-10,97,-1.7523229324631538e-10
01050002925,010-5000-2925,"one digit, last group",1.3161006141048872e-10,98,-3.722912097787417e-11
01050002925,010-5000-2925,"one digit, last group",1.3161006141048872e-10,99,-2.9681472648322293e-11
01050002925,010-5000-2925,"one digit, last group",1.3161006141048872e-10,100,1.3546199342221994e-10
01050002925,010-5000-2925,"one digit, last group",1.3161006141048872e-10,101,-7.72064953995498e-11
01050002925,010-5000-2925,"one digit, last group",1.3161006141048872e-10,102,3.6503745588761854e-11
01050002925,010-5000-2925,"one digit, last group",1.3161006141048872e-10,103,1.6734510906327434e-11
01050002925,010-5000-2925,"one digit, last group",1.3161006141048872e-10,104,-1.1397790172556789e-11
01050002925,010-5000-2925,"one digit, last group",1.3161006141048872e-10,105,4.550784184646834e-11
01050002925,010-5000-2925,"one digit, last group",1.3161006141048872e-10,106,-8.112352690599019e-11
01050002925,010-5000-2925,"one digit, last group",1.3161006141048872e-10,107,5.037870235895359e-11
01050002925,010-5000-2925,"one digit, last group",1.3161006141048872e-10,108,-3.1446219642276846e-11
01050002925,010-5000-2925,"one digit, last group",1.3161006141048872e-10,109,-2.6481123773952464e-10
01050002925,010-5000-2925,"one digit, last group",1.3161006141048872e-10,110,2.0446624510092777e-11
01050002925,010-5000-2925,"one digit, last group",1.3161006141048872e-10,111,5.2314206947471e-12
01050002925,010-5000-2925,"one digit, last group",1.3161006141048872e-10,112,-3.0226158999706826e-10
01050002925,010-5000-2925,"one digit, last group",1.3161006141048872e-10,113,9.22739112800089e-12
01050002925,010-5000-2925,"one digit, last group",1.3161006141048872e-10,114,2.2851793094748226e-11
01050002925,010-5000-2925,"one digit, last group",1.3161006141048872e-10,115,-2.7270057623435533e-11
01050002925,010-5000-2925,"one digit, last group",1.3161006141048872e-10,116,-1.16861700867699e-10
01050002925,010-5000-2925,"one digit, last group",1.3161006141048872e-10,117,-1.8018798770228826e-10
01050002925,010-5000-2925,"one digit, last group",1.3161006141048872e-10,118,-7.39909496398101e-10
01050002925,010-5000-2925,"one digit, last group",1.3161006141048872e-10,119,-8.407071817976319e-11
01050002925,010-5000-2925,"one digit, last group",1.3161006141048872e-10,120,8.735378659734267e-11
01050002925,010-5000-2925,"one digit, last group",1.3161006141048872e-10,121,-2.503489515914538e-10
01050002925,010-5000-2925,"one digit, last group",1.3161006141048872e-10,122,-9.535132777987502e-11
01050002925,010-5000-2925,"one digit, last group",1.3161006141048872e-10,123,1.1267835553314248e-10
01050002925,010-5000-2925,"one digit, last group",1.3161006141048872e-10,124,-3.1768650229064374e-10
01050002925,010-5000-2925,"one digit, last group",1.3161006141048872e-10,125,2.9859428703090905e-10
01050002925,010-5000-2925,"one digit, last group",1.3161006141048872e-10,126,-5.0962659973977436e-11
01050002925,010-5000-2925,"one digit, last group",1.3161006141048872e-10,127,8.611817075288758e-11
01050002925,010-5000-2925,"one digit, last group",1.3161006141048872e-10,128,-2.504659212190649e-11
01050002925,010-5000-2925,"one digit, last group",1.3161006141048872e-10,129,-7.921825692288401e-11
01050002925,010-5000-2925,"one digit, last group",1.3161006141048872e-10,130,5.831407549304861e-11
01050002925,010-5000-2925,"one digit, last group",1.3161006141048872e-10,131,1.4480768575895555e-10
01050002925,010-5000-2925,"one digit, last group",1.3161006141048872e-10,132,3.9147190589146404e-11
01050002925,010-5000-2925,"one digit, last group",1.3161006141048872e-10,133,-4.017709463727344e-12
01050002925,010-5000-2925,"one digit, last group",1.3161006141048872e-10,134,1.503462603623232e-11
01050002925,010-5000-2925,"one digit, last group",1.3161006141048872e-10,135,1.1747574217126715e-10
01050002925,010-5000-2925,"one digit, last group",1.3161006141048872e-10,136,-6.742884058526613e-12
01050002925,010-5000-2925,"one digit, last group",1.3161006141048872e-10,137,1.2486927042347056e-11
01050002925,010-5000-2925,"one digit, last group",1.3161006141048872e-10,138,4.8630225309931546e-11
01050002925,010-5000-2925,"one digit, last group",1.3161006141048872e-10,139,7.763021371278853e-11
01050002925,010-5000-2925,"one digit, last group",1.3161006141048872e-10,140,9.658616266953876e-11
01050002925,010-5000-2925,"one digit, last group",1.3161006141048872e-10,141,2.6078022788522124e-11
01050002925,010-5000-2925,"one digit, last group",1.3161006141048872e-10,142,-4.6432408322590873e-10
01050002925,010-5000-2925,"one digit, last group",1.3161006141048872e-10,143,2.69640210177516e-09
01050002925,010-5000-2925,"one digit, last group",1.3161006141048872e-10,144,-3.4094875581291274e-09
01050002925,010-5000-2925,"one digit, last group",1.3161006141048872e-10,145,-4.1525116256416884e-10
01050002925,010-5000-2925,"one digit, last group",1.3161006141048872e-10,146,-1.4977403464117322e-08
01050002925,010-5000-2925,"one digit, last group",1.3161006141048872e-10,147,1.3494935870140127e-09
01050002925,010-5000-2925,"one digit, last group",1.3161006141048872e-10,148,-1.604714835000162e-09
01050002925,010-5000-2925,"one digit, last group",1.3161006141048872e-10,149,-2.5395329647767684e-09
01050002925,010-5000-2925,"one digit, last group",1.3161006141048872e-10,150,-1.3674285504902566e-10
01050002925,010-5000-2925,"one digit, last group",1.3161006141048872e-10,151,1.60446299982025e-10
01050002925,010-5000-2925,"one digit, last group",1.3161006141048872e-10,152,3.0194223680771624e-10
01050002925,010-5000-2925,"one digit, last group",1.3161006141048872e-10,153,-9.874012620620693e-11
01050002925,010-5000-2925,"one digit, last group",1.3161006141048872e-10,154,-3.189625380076411e-11
01050002925,010-5000-2925,"one digit, last group",1.3161006141048872e-10,155,-4.3635863264473214e-10
01050002925,010-5000-2925,"one digit, last group",1.3161006141048872e-10,156,-2.939514103489593e-09
01050002925,010-5000-2925,"one digit, last group",1.3161006141048872e-10,157,9.283794184590292e-11
01050002925,010-5000-2925,"one digit, last group",1.3161006141048872e-10,158,-1.5631581781345305e-10
01050002925,010-5000-2925,"one digit, last group",1.3161006141048872e-10,159,-9.060082281865714e-11
01050002925,010-5000-2925,"one digit, last group",1.3161006141048872e-10,160,-1.4059255758532416e-08
01050002925,010-5000-2925,"one digit, last group",1.3161006141048872e-10,161,3.3196243824563725e-12
01050002925,010-5000-2925,"one digit, last group",1.3161006141048872e-10,162,2.888756064695197e-11
01050002925,010-5000-2925,"one digit, last group",1.3161006141048872e-10,163,-1.4275758139463905e-09
01050002925,010-5000-2925,"one digit, last group",1.3161006141048872e-10,164,-1.8839389861008504e-09
01050002925,010-5000-2925,"one digit, last group",1.3161006141048872e-10,165,-8.055852478107975e-11
01050002925,010-5000-2925,"one digit, last group",1.3161006141048872e-10,166,6.244894086210339e-11
01050002925,010-5000-2925,"one digit, last group",1.3161006141048872e-10,167,-1.607953506899992e-10
01050002925,010-5000-2925,"one digit, last group",1.3161006141048872e-10,168,-1.496609798228852e-10
01050002925,010-5000-2925,"one digit, last group",1.3161006141048872e-10,169,-1.9407470575083846e-10
01050002925,010-5000-2925,"one digit, last group",1.3161006141048872e-10,170,9.612430793276364e-11
01050002925,010-5000-2925,"one digit, last group",1.3161006141048872e-10,171,1.4800010500007882e-10
01050002925,010-5000-2925,"one digit, last group",1.3161006141048872e-10,172,5.622653171686197e-11
01050002925,010-5000-2925,"one digit, last group",1.3161006141048872e-10,173,1.5932537775712846e-10
01050002925,010-5000-2925,"one digit, last group",1.3161006141048872e-10,174,5.983383994333976e-11
01050002925,010-5000-2925,"one digit, last group",1.3161006141048872e-10,175,-3.149019899884161e-10
01050002925,010-5000-2925,"one digit, last group",1.3161006141048872e-10,176,-4.134595544669756e-11
01050002925,010-5000-2925,"one digit, last group",1.3161006141048872e-10,177,2.7453421716433714e-10
01050002925,010-5000-2925,"one digit, last group",1.3161006141048872e-10,178,-1.0139952557798891e-10
01050002925,010-5000-2925,"one digit, last group",1.3161006141048872e-10,179,-2.094705777105011e-10
01050002925,010-5000-2925,"one digit, last group",1.3161006141048872e-10,180,8.804454163161973e-11
01050002925,010-5000-2925,"one digit, last group",1.3161006141048872e-10,181,-1.541934600258046e-10
01050002925,010-5000-2925,"one digit, last group",1.3161006141048872e-10,182,5.196068446045875e-10
01050002925,010-5000-2925,"one digit, last group",1.3161006141048872e-10,183,1.1732550566825113e-10
01050002925,010-5000-2925,"one digit, last group",1.3161006141048872e-10,184,2.7361959495135603e-11
01050002925,010-5000-2925,"one digit, last group",1.3161006141048872e-10,185,1.3820259814947108e-10
01050002925,010-5000-2925,"one digit, last group",1.3161006141048872e-10,186,1.2444949335347144e-10
01050002925,010-5000-2925,"one digit, last group",1.3161006141048872e-10,187,-3.3217582882543594e-11
01050002925,010-5000-2925,"one digit, last group",1.3161006141048872e-10,188,9.585668849367457e-11
01050002925,010-5000-2925,"one digit, last group",1.3161006141048872e-10,189,1.195433714718045e-10
01050002925,010-5000-2925,"one digit, last group",1.3161006141048872e-10,190,1.2804027314091022e-10
01050002925,010-5000-2925,"one digit, last group",1.3161006141048872e-10,191,5.271830482200054e-11
01050002925,010-5000-2925,"one digit, last group",1.3161006141048872e-10,192,5.722984747275312e-12
01050002925,010-5000-2925,"one digit, last group",1.3161006141048872e-10,193,7.144169782642072e-11
01050002925,010-5000-2925,"one digit, last group",1.3161006141048872e-10,194,1.831584080643678e-11
01050002925,010-5000-2925,"one digit, last group",1.3161006141048872e-10,195,-2.7535631442206782e-11
01050002925,010-5000-2925,"one digit, last group",1.3161006141048872e-10,196,-5.4248789230080144e-11
01050002925,010-5000-2925,"one digit, last group",1.3161006141048872e-10,197,-4.665382825968743e-10
01050002925,010-5000-2925,"one digit, last group",1.3161006141048872e-10,198,2.0684466553595258e-11
01050002925,010-5000-2925,"one digit, last group",1.3161006141048872e-10,199,-3.1748435467272546e-10
01050002925,010-5000-2925,"one digit, last group",1.3161006141048872e-10,200,1.5285159744155936e-10
01050002925,010-5000-2925,"one digit, last group",1.3161006141048872e-10,201,-4.394335153473484e-11
01050002925,010-5000-2925,"one digit, last group",1.3161006141048872e-10,202,-6.313036536620294e-12
01050002925,010-5000-2925,"one digit, last group",1.3161006141048872e-10,203,-3.184807283885857e-11
01051009080,010-5100-9080,original,1.0000000002053018,0,-7.712633377414551e-11
01051009080,010-5100-9080,original,1.0000000002053018,1,-6.716590601460543e-11
01051009080,010-5100-9080,original,1.0000000002053018,2,8.240382910353683e-11
01051009080,010-5100-9080,original,1.0000000002053018,3,2.362148107626277e-11
01051009080,010-5100-9080,original,1.0000000002053018,4,-1.7305012975995989e-10
01051009080,010-5100-9080,original,1.0000000002053018,5,2.558698689379884e-10
01051009080,010-5100-9080,original,1.0000000002053018,6,1.6612405377242883e-10
01051009080,010-5100-9080,original,1.0000000002053018,7,8.73166167992834e-11
01051009080,010-5100-9080,original,1.0000000002053018,8,2.20271980606784e-10
01051009080,010-5100-9080,original,1.0000000002053018,9,-4.555688817659383e-11
01051009080,010-5100-9080,original,1.0000000002053018,10,-8.806271236777186e-12
01051009080,010-5100-9080,original,1.0000000002053018,11,-3.683769193421618e-10
01051009080,010-5100-9080,original,1.0000000002053018,12,-2.311972537089546e-10
01051009080,010-5100-9080,original,1.0000000002053018,13,-1.9632504019415078e-11
01051009080,010-5100-9080,original,1.0000000002053018,14,2.1953660853203662e-11
01051009080,010-5100-9080,original,1.0000000002053018,15,-2.495074642361397e-12
01051009080,010-5100-9080,original,1.0000000002053018,16,3.778064792453598e-11
01051009080,010-5100-9080,original,1.0000000002053018,17,2.422440127482636e-12
01051009080,010-5100-9080,original,1.0000000002053018,18,-1.9618430327435283e-10
01051009080,010-5100-9080,original,1.0000000002053018,19,2.943055021087426e-11
01051009080,010-5100-9080,original,1.0000000002053018,20,-2.446317804891243e-10
01051009080,010-5100-9080,original,1.0000000002053018,21,-1.7674079850026333e-10
01051009080,010-5100-9080,original,1.0000000002053018,22,1.219819085936155e-11
01051009080,010-5100-9080,original,1.0000000002053018,23,-5.6645517131445096e-11
01051009080,010-5100-9080,original,1.0000000002053018,24,-1.0097868662592509e-10
01051009080,010-5100-9080,original,1.0000000002053018,25,-1.6020124372916793e-10
01051009080,010-5100-9080,original,1.0000000002053018,26,-9.948849274866699e-11
01051009080,010-5100-9080,original,1.0000000002053018,27,-1.6055160442240198e-10
01051009080,010-5100-9080,original,1.0000000002053018,28,1.1970295915072797e-10
01051009080,010-5100-9080,original,1.0000000002053018,29,6.116326745132864e-14
01051009080,010-5100-9080,original,1.0000000002053018,30,-6.839438147361596e-10
01051009080,010-5100-9080,original,1.0000000002053018,31,-2.444868032974262e-10
01051009080,010-5100-9080,original,1.0000000002053018,32,-6.669666699433266e-11
01051009080,010-5100-9080,original,1.0000000002053018,33,-2.8225903519387947e-11
01051009080,010-5100-9080,original,1.0000000002053018,34,-1.910713195589527e-11
01051009080,010-5100-9080,original,1.0000000002053018,35,-1.0198567138980679e-10
01051009080,010-5100-9080,original,1.0000000002053018,36,8.540761754692743e-12
01051009080,010-5100-9080,original,1.0000000002053018,37,1.8631745535923877e-10
01051009080,010-5100-9080,original,1.0000000002053018,38,9.562855396287076e-11
01051009080,010-5100-9080,original,1.0000000002053018,39,-6.104793406131927e-11
01051009080,010-5100-9080,original,1.0000000002053018,40,1.8456722678045672e-10
01051009080,010-5100-9080,original,1.0000000002053018,41,-1.1885419643438803e-10
01051009080,010-5100-9080,original,1.0000000002053018,42,3.3728038456551786e-10
01051009080,010-5100-9080,original,1.0000000002053018,43,3.6351682961973053e-12
01051009080,010-5100-9080,original,1.0000000002053018,44,5.4262237225376454e-11
01051009080,010-5100-9080,original,1.0000000002053018,45,3.2695267901187205e-10
01051009080,010-5100-9080,original,1.0000000002053018,46,-4.570471996205598e-11
01051009080,010-5100-9080,original,1.0000000002053018,47,2.1005969403059626e-10
01051009080,010-5100-9080,original,1.0000000002053018,48,3.570215355025268e-12
01051009080,010-5100-9080,original,1.0000000002053018,49,-1.0261811759647148e-11
01051009080,010-5100-9080,original,1.0000000002053018,50,-1.3189640692728594e-10
01051009080,010-5100-9080,original,1.0000000002053018,51,-4.9815497807346367e-11
01051009080,010-5100-9080,original,1.0000000002053018,52,-1.0198485605896604e-10
01051009080,010-5100-9080,original,1.0000000002053018,53,-4.2329139968552434e-11
01051009080,010-5100-9080,original,1.0000000002053018,54,6.687792978290405e-12
01051009080,010-5100-9080,original,1.0000000002053018,55,-6.096310287259735e-11
01051009080,010-5100-9080,original,1.0000000002053018,56,2.6925076896943976e-10
01051009080,010-5100-9080,original,1.0000000002053018,57,7.542180370166358e-11
01051009080,010-5100-9080,original,1.0000000002053018,58,6.751939947649572e-13
01051009080,010-5100-9080,original,1.0000000002053018,59,2.0227073053522045e-10
01051009080,010-5100-9080,original,1.0000000002053018,60,-1.7622776597730068e-11
01051009080,010-5100-9080,original,1.0000000002053018,61,-1.207922220322986e-10
01051009080,010-5100-9080,original,1.0000000002053018,62,5.3838595823671313e-11
01051009080,010-5100-9080,original,1.0000000002053018,63,3.215756061416387e-11
01051009080,010-5100-9080,original,1.0000000002053018,64,8.776056505280088e-11
01051009080,010-5100-9080,original,1.0000000002053018,65,-1.0591140636233019e-10
01051009080,010-5100-9080,original,1.0000000002053018,66,2.5180324380979363e-10
01051009080,010-5100-9080,original,1.0000000002053018,67,9.19998321932624e-11
01051009080,010-5100-9080,original,1.0000000002053018,68,2.0543686137405325e-10
01051009080,010-5100-9080,original,1.0000000002053018,69,1.0428316268856882e-10
01051009080,010-5100-9080,original,1.0000000002053018,70,7.100194248194105e-11
01051009080,010-5100-9080,original,1.0000000002053018,71,-3.8427219142121346e-11
01051009080,010-5100-9080,original,1.0000000002053018,72,-1.0974078874835887e-12
01051009080,010-5100-9080,original,1.0000000002053018,73,-9.37880841325293e-11
01051009080,010-5100-9080,original,1.0000000002053018,74,5.831080169548779e-11
01051009080,010-5100-9080,original,1.0000000002053018,75,-1.52633811200387e-10
01051009080,010-5100-9080,original,1.0000000002053018,76,-6.869049169442198e-11
01051009080,010-5100-9080,original,1.0000000002053018,77,1.0925308187034553e-10
01051009080,010-5100-9080,original,1.0000000002053018,78,-1.3534160028240017e-10
01051009080,010-5100-9080,original,1.0000000002053018,79,4.548636857759375e-11
01051009080,010-5100-9080,original,1.0000000002053018,80,-1.5743759156306653e-10
01051009080,010-5100-9080,original,1.0000000002053018,81,2.865883531316494e-10
01051009080,010-5100-9080,original,1.0000000002053018,82,4.856739976823093e-10
01051009080,010-5100-9080,original,1.0000000002053018,83,6.423115039875136e-11
01051009080,010-5100-9080,original,1.0000000002053018,84,1.4259997368314232e-10
01051009080,010-5100-9080,original,1.0000000002053018,85,-7.499195885235404e-11
01051009080,010-5100-9080,original,1.0000000002053018,86,3.317899688886471e-10
01051009080,010-5100-9080,original,1.0000000002053018,87,-1.527918410693151e-11
01051009080,010-5100-9080,original,1.0000000002053018,88,-5.2386115503205993e-11
01051009080,010-5100-9080,original,1.0000000002053018,89,2.4710641858784702e-11
01051009080,010-5100-9080,original,1.0000000002053018,90,2.2344081763434732e-10
01051009080,010-5100-9080,original,1.0000000002053018,91,-2.923810705238009e-10
01051009080,010-5100-9080,original,1.0000000002053018,92,-1.0597629151967011e-10
01051009080,010-5100-9080,original,1.0000000002053018,93,7.108271696563399e-11
01051009080,010-5100-9080,original,1.0000000002053018,94,-4.1607600186452646e-11
01051009080,010-5100-9080,original,1.0000000002053018,95,8.127877000022021e-11
01051009080,010-5100-9080,original,1.0000000002053018,96,3.4241875963392657e-10
01051009080,010-5100-9080,original,1.0000000002053018,97,2.1468452937111929e-10
01051009080,010-5100-9080,original,1.0000000002053018,98,1.7448448999861654e-10
01051009080,010-5100-9080,original,1.0000000002053018,99,1.9694765844271472e-11
01051009080,010-5100-9080,original,1.0000000002053018,100,3.373005412464759e-11
01051009080,010-5100-9080,original,1.0000000002053018,101,-1.9885331435768844e-10
01051009080,010-5100-9080,original,1.0000000002053018,102,4.9345273964608485e-11
01051009080,010-5100-9080,original,1.0000000002053018,103,-2.659654218949911e-10
01051009080,010-5100-9080,original,1.0000000002053018,104,-9.590889917937565e-11
01051009080,010-5100-9080,original,1.0000000002053018,105,2.8439542937767282e-11
01051009080,010-5100-9080,original,1.0000000002053018,106,-4.318953938832925e-11
01051009080,010-5100-9080,original,1.0000000002053018,107,2.0299148072636943e-11
01051009080,010-5100-9080,original,1.0000000002053018,108,2.73291857983199e-11
01051009080,010-5100-9080,original,1.0000000002053018,109,-2.296774599870435e-10
01051009080,010-5100-9080,original,1.0000000002053018,110,9.091312511315116e-11
01051009080,010-5100-9080,original,1.0000000002053018,111,-5.8172574106977515e-11
01051009080,010-5100-9080,original,1.0000000002053018,112,5.231079132204339e-11
01051009080,010-5100-9080,original,1.0000000002053018,113,2.473836874574115e-11
01051009080,010-5100-9080,original,1.0000000002053018,114,-6.7513248719855656e-12
01051009080,010-5100-9080,original,1.0000000002053018,115,6.247718904435691e-11
01051009080,010-5100-9080,original,1.0000000002053018,116,9.975418611745252e-11
01051009080,010-5100-9080,original,1.0000000002053018,117,2.4063283927386778e-11
01051009080,010-5100-9080,original,1.0000000002053018,118,-4.473835066680891e-11
01051009080,010-5100-9080,original,1.0000000002053018,119,-1.9826162720776263e-10
01051009080,010-5100-9080,original,1.0000000002053018,120,8.61364056431875e-11
01051009080,010-5100-9080,original,1.0000000002053018,121,2.8993741348355056e-10
01051009080,010-5100-9080,original,1.0000000002053018,122,9.78553194265737e-11
01051009080,010-5100-9080,original,1.0000000002053018,123,-1.1666772023129994e-11
01051009080,010-5100-9080,original,1.0000000002053018,124,3.1182604576246005e-10
01051009080,010-5100-9080,original,1.0000000002053018,125,8.570390051712212e-11
01051009080,010-5100-9080,original,1.0000000002053018,126,-5.2935868859366785e-11
01051009080,010-5100-9080,original,1.0000000002053018,127,-4.9160692807814014e-11
01051009080,010-5100-9080,original,1.0000000002053018,128,2.722530304296053e-10
01051009080,010-5100-9080,original,1.0000000002053018,129,-1.0260189594647081e-10
01051009080,010-5100-9080,original,1.0000000002053018,130,-7.430557458446754e-11
01051009080,010-5100-9080,original,1.0000000002053018,131,-2.5870875192787536e-10
01051009080,010-5100-9080,original,1.0000000002053018,132,-1.1356723999697718e-10
01051009080,010-5100-9080,original,1.0000000002053018,133,5.856993008925724e-11
01051009080,010-5100-9080,original,1.0000000002053018,134,2.649675706774807e-11
01051009080,010-5100-9080,original,1.0000000002053018,135,9.110271334329979e-12
01051009080,010-5100-9080,original,1.0000000002053018,136,-3.8584186942211215e-11
01051009080,010-5100-9080,original,1.0000000002053018,137,9.12492138598478e-11
01051009080,010-5100-9080,original,1.0000000002053018,138,-9.344628080374307e-11
01051009080,010-5100-9080,original,1.0000000002053018,139,1.2517368723758926e-10
01051009080,010-5100-9080,original,1.0000000002053018,140,2.7128078399106227e-10
01051009080,010-5100-9080,original,1.0000000002053018,141,-2.423295912600659e-10
01051009080,010-5100-9080,original,1.0000000002053018,142,-2.6473710781377046e-11
01051009080,010-5100-9080,original,1.0000000002053018,143,4.4432513968613794e-11
01051009080,010-5100-9080,original,1.0000000002053018,144,-1.2779679484469845e-11
01051009080,010-5100-9080,original,1.0000000002053018,145,-1.55127513266157e-11
01051009080,010-5100-9080,original,1.0000000002053018,146,-4.22488127446126e-11
01051009080,010-5100-9080,original,1.0000000002053018,147,-5.254395850285876e-11
01051009080,010-5100-9080,original,1.0000000002053018,148,8.865435214136432e-12
01051009080,010-5100-9080,original,1.0000000002053018,149,-3.9292316645427e-11
01051009080,010-5100-9080,original,1.0000000002053018,150,1.5086225585155747e-10
01051009080,010-5100-9080,original,1.0000000002053018,151,-1.3927578999703365e-10
01051009080,010-5100-9080,original,1.0000000002053018,152,9.90832164306623e-11
01051009080,010-5100-9080,original,1.0000000002053018,153,-2.889940439363799e-10
01051009080,010-5100-9080,original,1.0000000002053018,154,1.7773372587348475e-11
01051009080,010-5100-9080,original,1.0000000002053018,155,-1.6690455067583537e-10
01051009080,010-5100-9080,original,1.0000000002053018,156,4.458097619217869e-11
01051009080,010-5100-9080,original,1.0000000002053018,157,9.612923409742508e-11
01051009080,010-5100-9080,original,1.0000000002053018,158,-8.313313462807184e-11
01051009080,010-5100-9080,original,1.0000000002053018,159,-8.380225378675153e-11
01051009080,010-5100-9080,original,1.0000000002053018,160,2.0707276885498193e-10
01051009080,010-5100-9080,original,1.0000000002053018,161,-1.0823660106633823e-10
01051009080,010-5100-9080,original,1.0000000002053018,162,4.086501550479078e-11
01051009080,010-5100-9080,original,1.0000000002053018,163,2.2501080905550576e-11
01051009080,010-5100-9080,original,1.0000000002053018,164,-4.089506569383178e-12
01051009080,010-5100-9080,original,1.0000000002053018,165,4.496261342885912e-12
01051009080,010-5100-9080,original,1.0000000002053018,166,8.863176717587874e-13
01051009080,010-5100-9080,original,1.0000000002053018,167,2.1062212417332908e-10
01051009080,010-5100-9080,original,1.0000000002053018,168,-2.0736551015010406e-10
01051009080,010-5100-9080,original,1.0000000002053018,169,-9.090748159892032e-11
01051009080,010-5100-9080,original,1.0000000002053018,170,-9.395740156354033e-11
01051009080,010-5100-9080,original,1.0000000002053018,171,1.201078982059361e-10
01051009080,010-5100-9080,original,1.0000000002053018,172,8.602889694994029e-11
01051009080,010-5100-9080,original,1.0000000002053018,173,-5.6499439390458496e-11
01051009080,010-5100-9080,original,1.0000000002053018,174,-1.438565474447144e-10
01051009080,010-5100-9080,original,1.0000000002053018,175,2.9339067822613045e-10
01051009080,010-5100-9080,original,1.0000000002053018,176,6.255589713631955e-11
01051009080,010-5100-9080,original,1.0000000002053018,177,3.237817587574383e-10
01051009080,010-5100-9080,original,1.0000000002053018,178,5.1732378306544587e-11
01051009080,010-5100-9080,original,1.0000000002053018,179,1.003874047445424e-10
01051009080,010-5100-9080,original,1.0000000002053018,180,9.562779528548214e-11
01051009080,010-5100-9080,original,1.0000000002053018,181,0.9999996773477066
01051009080,010-5100-9080,original,1.0000000002053018,182,0.9999996879807493
01051009080,010-5100-9080,original,1.0000000002053018,183,0.9999997002965633
01051009080,010-5100-9080,original,1.0000000002053018,184,-5.026636327841849e-11
01051009080,010-5100-9080,original,1.0000000002053018,185,7.861957745097087e-11
01051009080,010-5100-9080,original,1.0000000002053018,186,-1.6376264385208838e-10
01051009080,010-5100-9080,original,1.0000000002053018,187,2.4257583917072807e-11
01051009080,010-5100-9080,original,1.0000000002053018,188,2.3210270559495002e-11
01051009080,010-5100-9080,original,1.0000000002053018,189,6.644961369854518e-12
01051009080,010-5100-9080,original,1.0000000002053018,190,8.971312503438386e-11
01051009080,010-5100-9080,original,1.0000000002053018,191,5.033203895435329e-11
01051009080,010-5100-9080,original,1.0000000002053018,192,-8.23246945877472e-11
01051009080,010-5100-9080,original,1.0000000002053018,193,8.797660854425586e-11
01051009080,010-5100-9080,original,1.0000000002053018,194,8.978393825342574e-12
01051009080,010-5100-9080,original,1.0000000002053018,195,5.21591273090103e-12
01051009080,010-5100-9080,original,1.0000000002053018,196,7.444303317286302e-11
01051009080,010-5100-9080,original,1.0000000002053018,197,2.488089055622998e-10
01051009080,010-5100-9080,original,1.0000000002053018,198,-9.306138449901e-11
01051009080,010-5100-9080,original,1.0000000002053018,199,-2.355158906854929e-12
01051009080,010-5100-9080,original,1.0000000002053018,200,-1.5983799389427338e-11
01051009080,010-5100-9080,original,1.0000000002053018,201,-6.0925093263268e-11
01051009080,010-5100-9080,original,1.0000000002053018,202,1.3532617555888816e-10
01051009080,010-5100-9080,original,1.0000000002053018,203,1.4299233606218054e-11
01051009081,010-5100-9081,"one digit, last group",1.842972317294549e-10,0,5.4196277365941724e-11
01051009081,010-5100-9081,"one digit, last group",1.842972317294549e-10,1,3.5693243281813703e-10
01051009081,010-5100-9081,"one digit, last group",1.842972317294549e-10,2,3.468423175855876e-10
01051009081,010-5100-9081,"one digit, last group",1.842972317294549e-10,3,-1.7643148195299706e-11
01051009081,010-5100-9081,"one digit, last group",1.842972317294549e-10,4,1.7025609027473278e-10
01051009081,010-5100-9081,"one digit, last group",1.842972317294549e-10,5,-4.041612985159365e-10
01051009081,010-5100-9081,"one digit, last group",1.842972317294549e-10,6,-1.8253528674038422e-10
01051009081,010-5100-9081,"one digit, last group",1.842972317294549e-10,7,-2.7085483148214872e-11
01051009081,010-5100-9081,"one digit, last group",1.842972317294549e-10,8,5.330755694232059e-11
01051009081,010-5100-9081,"one digit, last group",1.842972317294549e-10,9,-4.4604231415055424e-11
01051009081,010-5100-9081,"one digit, last group",1.842972317294549e-10,10,9.071222352836341e-12
01051009081,010-5100-9081,"one digit, last group",1.842972317294549e-10,11,-8.4411185631099e-11
01051009081,010-5100-9081,"one digit, last group",1.842972317294549e-10,12,1.2320740002664807e-10
01051009081,010-5100-9081,"one digit, last group",1.842972317294549e-10,13,1.519808097129063e-10
01051009081,010-5100-9081,"one digit, last group",1.842972317294549e-10,14,8.839185718123124e-12
01051009081,010-5100-9081,"one digit, last group",1.842972317294549e-10,15,1.2036489623291862e-13
01051009081,010-5100-9081,"one digit, last group",1.842972317294549e-10,16,2.6536696497850034e-10
01051009081,010-5100-9081,"one digit, last group",1.842972317294549e-10,17,-1.4468774211974053e-11
01051009081,010-5100-9081,"one digit, last group",1.842972317294549e-10,18,-8.252764460892108e-11
01051009081,010-5100-9081,"one digit, last group",1.842972317294549e-10,19,-1.3938140040727692e-10
01051009081,010-5100-9081,"one digit, last group",1.842972317294549e-10,20,-6.657317335255686e-11
01051009081,010-5100-9081,"one digit, last group",1.842972317294549e-10,21,-9.966264991715703e-12
01051009081,010-5100-9081,"one digit, last group",1.842972317294549e-10,22,-2.510563276366435e-10
01051009081,010-5100-9081,"one digit, last group",1.842972317294549e-10,23,-9.800578362351998e-13
01051009081,010-5100-9081,"one digit, last group",1.842972317294549e-10,24,-5.829470457064557e-10
01051009081,010-5100-9081,"one digit, last group",1.842972317294549e-10,25,-2.1981426970893512e-11
01051009081,010-5100-9081,"one digit, last group",1.842972317294549e-10,26,3.354988038207962e-10
01051009081,010-5100-9081,"one digit, last group",1.842972317294549e-10,27,2.375949963503873e-11
01051009081,010-5100-9081,"one digit, last group",1.842972317294549e-10,28,-1.7804213262332407e-10
01051009081,010-5100-9081,"one digit, last group",1.842972317294549e-10,29,3.5229204666201956e-11
01051009081,010-5100-9081,"one digit, last group",1.842972317294549e-10,30,-2.3683620166535715e-10
01051009081,010-5100-9081,"one digit, last group",1.842972317294549e-10,31,-1.375806663509468e-10
01051009081,010-5100-9081,"one digit, last group",1.842972317294549e-10,32,2.3233085291571403e-10
01051009081,010-5100-9081,"one digit, last group",1.842972317294549e-10,33,-1.0538685175322788e-10
01051009081,010-5100-9081,"one digit, last group",1.842972317294549e-10,34,-6.250553386376231e-11
01051009081,010-5100-9081,"one digit, last group",1.842972317294549e-10,35,-2.2641278366482874e-12
01051009081,010-5100-9081,"one digit, last group",1.842972317294549e-10,36,-1.3410478279963373e-10
01051009081,010-5100-9081,"one digit, last group",1.842972317294549e-10,37,1.72493640358937e-10
01051009081,010-5100-9081,"one digit, last group",1.842972317294549e-10,38,-3.774403783557923e-11
01051009081,010-5100-9081,"one digit, last group",1.842972317294549e-10,39,1.8206914208318636e-12
01051009081,010-5100-9081,"one digit, last group",1.842972317294549e-10,40,1.0430976316809729e-10
01051009081,010-5100-9081,"one digit, last group",1.842972317294549e-10,41,1.3827452679534762e-15
01051009081,010-5100-9081,"one digit, last group",1.842972317294549e-10,42,6.892326915054195e-11
01051009081,010-5100-9081,"one digit, last group",1.842972317294549e-10,43,2.1540838982635298e-11
01051009081,010-5100-9081,"one digit, last group",1.842972317294549e-10,44,-2.2006239798541924e-11
01051009081,010-5100-9081,"one digit, last group",1.842972317294549e-10,45,-2.8967242193705067e-11
01051009081,010-5100-9081,"one digit, last group",1.842972317294549e-10,46,2.990972939038578e-11
01051009081,010-5100-9081,"one digit, last group",1.842972317294549e-10,47,-2.774493332665095e-11
01051009081,010-5100-9081,"one digit, last group",1.842972317294549e-10,48,1.1274414999342507e-11
01051009081,010-5100-9081,"one digit, last group",1.842972317294549e-10,49,-8.894448291222956e-11
01051009081,010-5100-9081,"one digit, last group",1.842972317294549e-10,50,-1.6846057660263626e-10
01051009081,010-5100-9081,"one digit, last group",1.842972317294549e-10,51,-3.3500710917400824e-11
01051009081,010-5100-9081,"one digit, last group",1.842972317294549e-10,52,-2.53916203397803e-10
01051009081,010-5100-9081,"one digit, last group",1.842972317294549e-10,53,-7.258920921050894e-11
01051009081,010-5100-9081,"one digit, last group",1.842972317294549e-10,54,9.407292329611703e-12
01051009081,010-5100-9081,"one digit, last group",1.842972317294549e-10,55,-1.7131152840824031e-10
01051009081,010-5100-9081,"one digit, last group",1.842972317294549e-10,56,-4.291374440690731e-11
01051009081,010-5100-9081,"one digit, last group",1.842972317294549e-10,57,-5.222070344202706e-11
01051009081,010-5100-9081,"one digit, last group",1.842972317294549e-10,58,1.3398028780843822e-11
01051009081,010-5100-9081,"one digit, last group",1.842972317294549e-10,59,-2.2082977805769284e-10
01051009081,010-5100-9081,"one digit, last group",1.842972317294549e-10,60,1.1173463746272201e-10
01051009081,010-5100-9081,"one digit, last group",1.842972317294549e-10,61,-5.0483262544035357e-11
01051009081,010-5100-9081,"one digit, last group",1.842972317294549e-10,62,-1.1382352613974597e-10
01051009081,010-5100-9081,"one digit, last group",1.842972317294549e-10,63,-1.9556300505267733e-11
01051009081,010-5100-9081,"one digit, last group",1.842972317294549e-10,64,-1.4198659051197845e-10
01051009081,010-5100-9081,"one digit, last group",1.842972317294549e-10,65,5.012431343214987e-11
01051009081,010-5100-9081,"one digit, last group",1.842972317294549e-10,66,-4.2904844966762394e-10
01051009081,010-5100-9081,"one digit, last group",1.842972317294549e-10,67,1.230974770122303e-11
01051009081,010-5100-9081,"one digit, last group",1.842972317294549e-10,68,7.803187858433672e-11
01051009081,010-5100-9081,"one digit, last group",1.842972317294549e-10,69,2.64997176039855e-10
01051009081,010-5100-9081,"one digit, last group",1.842972317294549e-10,70,2.6762407111310942e-11
01051009081,010-5100-9081,"one digit, last group",1.842972317294549e-10,71,3.842624671003002e-11
01051009081,010-5100-9081,"one digit, last group",1.842972317294549e-10,72,3.129006072932326e-11
01051009081,010-5100-9081,"one digit, last group",1.842972317294549e-10,73,-8.077124649639437e-11
01051009081,010-5100-9081,"one digit, last group",1.842972317294549e-10,74,3.912515172694111e-11
01051009081,010-5100-9081,"one digit, last group",1.842972317294549e-10,75,-1.0613027052096842e-11
01051009081,010-5100-9081,"one digit, last group",1.842972317294549e-10,76,5.446483881035759e-11
01051009081,010-5100-9081,"one digit, last group",1.842972317294549e-10,77,5.600575035070714e-12
01051009081,010-5100-9081,"one digit, last group",1.842972317294549e-10,78,9.828044528245619e-11
01051009081,010-5100-9081,"one digit, last group",1.842972317294549e-10,79,1.8756021059332727e-11
01051009081,010-5100-9081,"one digit, last group",1.842972317294549e-10,80,-3.11198209030273e-11
01051009081,010-5100-9081,"one digit, last group",1.842972317294549e-10,81,-3.967287071856348e-10
01051009081,010-5100-9081,"one digit, last group",1.842972317294549e-10,82,-1.4706831035510733e-10
01051009081,010-5100-9081,"one digit, last group",1.842972317294549e-10,83,1.0554602843150985e-10
01051009081,010-5100-9081,"one digit, last group",1.842972317294549e-10,84,2.7122840671008374e-11
01051009081,010-5100-9081,"one digit, last group",1.842972317294549e-10,85,4.221244727264423e-11
01051009081,010-5100-9081,"one digit, last group",1.842972317294549e-10,86,-4.558881297038124e-10
01051009081,010-5100-9081,"one digit, last group",1.842972317294549e-10,87,-1.6178477321114805e-10
01051009081,010-5100-9081,"one digit, last group",1.842972317294549e-10,88,-1.7682296832414925e-11
01051009081,010-5100-9081,"one digit, last group",1.842972317294549e-10,89,2.478856745905187e-10
01051009081,010-5100-9081,"one digit, last group",1.842972317294549e-10,90,-9.97472952554563e-11
01051009081,010-5100-9081,"one digit, last group",1.842972317294549e-10,91,2.3089273375152467e-10
01051009081,010-5100-9081,"one digit, last group",1.842972317294549e-10,92,7.320862957707852e-11
01051009081,010-5100-9081,"one digit, last group",1.842972317294549e-10,93,4.842872699095288e-11
01051009081,010-5100-9081,"one digit, last group",1.842972317294549e-10,94,-3.664951809563311e-11
01051009081,010-5100-9081,"one digit, last group",1.842972317294549e-10,95,-2.40624713704544e-11
01051009081,010-5100-9081,"one digit, last group",1.842972317294549e-10,96,3.936974913171481e-11
01051009081,010-5100-9081,"one digit, last group",1.842972317294549e-10,97,1.7159088290405578e-10
01051009081,010-5100-9081,"one digit, last group",1.842972317294549e-10,98,-1.2036440948709685e-10
01051009081,010-5100-9081,"one digit, last group",1.842972317294549e-10,99,-5.6271940806495435e-11
01051009081,010-5100-9081,"one digit, last group",1.842972317294549e-10,100,-6.256256555033292e-11
01051009081,010-5100-9081,"one digit, last group",1.842972317294549e-10,101,6.303223213951227e-11
01051009081,010-5100-9081,"one digit, last group",1.842972317294549e-10,102,2.980998069570696e-10
01051009081,010-5100-9081,"one digit, last group",1.842972317294549e-10,103,1.8037933827649987e-10
01051009081,010-5100-9081,"one digit, last group",1.842972317294549e-10,104,1.3707612260411304e-10
01051009081,010-5100-9081,"one digit, last group",1.842972317294549e-10,105,4.8711341426880873e-11
01051009081,010-5100-9081,"one digit, last group",1.842972317294549e-10,106,8.271430844854096e-11
01051009081,010-5100-9081,"one digit, last group",1.842972317294549e-10,107,-2.9674287162176125e-11
01051009081,010-5100-9081,"one digit, last group",1.842972317294549e-10,108,-1.2461798490123675e-10
01051009081,010-5100-9081,"one digit, last group",1.842972317294549e-10,109,3.7578935461508595e-12
01051009081,010-5100-9081,"one digit, last group",1.842972317294549e-10,110,-2.0971919924951335e-10
01051009081,010-5100-9081,"one digit, last group",1.842972317294549e-10,111,8.23013128316692e-11
01051009081,010-5100-9081,"one digit, last group",1.842972317294549e-10,112,-6.484358508709252e-11
01051009081,010-5100-9081,"one digit, last group",1.842972317294549e-10,113,1.4701358205682728e-11
01051009081,010-5100-9081,"one digit, last group",1.842972317294549e-10,114,-1.3063041768062157e-10
01051009081,010-5100-9081,"one digit, last group",1.842972317294549e-10,115,2.750171432282892e-11
01051009081,010-5100-9081,"one digit, last group",1.842972317294549e-10,116,6.440536069754273e-11
01051009081,010-5100-9081,"one digit, last group",1.842972317294549e-10,117,1.3244979789564268e-10
01051009081,010-5100-9081,"one digit, last group",1.842972317294549e-10,118,-1.232440279542751e-10
01051009081,010-5100-9081,"one digit, last group",1.842972317294549e-10,119,-6.022346310664422e-11
01051009081,010-5100-9081,"one digit, last group",1.842972317294549e-10,120,-6.718066737439231e-12
01051009081,010-5100-9081,"one digit, last group",1.842972317294549e-10,121,-4.994035087900955e-10
01051009081,010-5100-9081,"one digit, last group",1.842972317294549e-10,122,-1.3911452669471148e-10
01051009081,010-5100-9081,"one digit, last group",1.842972317294549e-10,123,6.884349838622978e-11
01051009081,010-5100-9081,"one digit, last group",1.842972317294549e-10,124,-3.3220781970014593e-10
01051009081,010-5100-9081,"one digit, last group",1.842972317294549e-10,125,-5.7709812896716454e-11
01051009081,010-5100-9081,"one digit, last group",1.842972317294549e-10,126,-7.973977115651516e-11
01051009081,010-5100-9081,"one digit, last group",1.842972317294549e-10,127,9.919762285687009e-11
01051009081,010-5100-9081,"one digit, last group",1.842972317294549e-10,128,2.2481309041646655e-10
01051009081,010-5100-9081,"one digit, last group",1.842972317294549e-10,129,-1.1222488611225807e-10
01051009081,010-5100-9081,"one digit, last group",1.842972317294549e-10,130,2.7196473705266436e-11
01051009081,010-5100-9081,"one digit, last group",1.842972317294549e-10,131,6.755590910215348e-11
01051009081,010-5100-9081,"one digit, last group",1.842972317294549e-10,132,-4.6251147306543356e-11
01051009081,010-5100-9081,"one digit, last group",1.842972317294549e-10,133,-8.149906398931424e-11
01051009081,010-5100-9081,"one digit, last group",1.842972317294549e-10,134,-2.5117280567056734e-11
01051009081,010-5100-9081,"one digit, last group",1.842972317294549e-10,135,1.4917795812708107e-10
01051009081,010-5100-9081,"one digit, last group",1.842972317294549e-10,136,4.3494740961001937e-11
01051009081,010-5100-9081,"one digit, last group",1.842972317294549e-10,137,-9.71739688760286e-11
01051009081,010-5100-9081,"one digit, last group",1.842972317294549e-10,138,-7.366685252563e-11
01051009081,010-5100-9081,"one digit, last group",1.842972317294549e-10,139,2.010803461066668e-10
01051009081,010-5100-9081,"one digit, last group",1.842972317294549e-10,140,-3.883944955825188e-11
01051009081,010-5100-9081,"one digit, last group",1.842972317294549e-10,141,-3.076429665556952e-10
01051009081,010-5100-9081,"one digit, last group",1.842972317294549e-10,142,1.5616527724792658e-10
01051009081,010-5100-9081,"one digit, last group",1.842972317294549e-10,143,2.0188863383914993e-10
01051009081,010-5100-9081,"one digit, last group",1.842972317294549e-10,144,6.295086677246235e-11
01051009081,010-5100-9081,"one digit, last group",1.842972317294549e-10,145,5.7161641226171494e-11
01051009081,010-5100-9081,"one digit, last group",1.842972317294549e-10,146,1.343508938827206e-10
01051009081,010-5100-9081,"one digit, last group",1.842972317294549e-10,147,-1.1746760701725652e-10
01051009081,010-5100-9081,"one digit, last group",1.842972317294549e-10,148,-4.101535386806495e-11
01051009081,010-5100-9081,"one digit, last group",1.842972317294549e-10,149,-1.0479210668420566e-10
01051009081,010-5100-9081,"one digit, last group",1.842972317294549e-10,150,2.177995966680836e-10
01051009081,010-5100-9081,"one digit, last group",1.842972317294549e-10,151,-8.004622522538318e-11
01051009081,010-5100-9081,"one digit, last group",1.842972317294549e-10,152,-4.67787855909057e-10
01051009081,010-5100-9081,"one digit, last group",1.842972317294549e-10,153,-2.3324140570943157e-11
01051009081,010-5100-9081,"one digit, last group",1.842972317294549e-10,154,5.51929672532337e-11
01051009081,010-5100-9081,"one digit, last group",1.842972317294549e-10,155,-2.2681282802346072e-10
01051009081,010-5100-9081,"one digit, last group",1.842972317294549e-10,156,-5.1320967366479714e-11
01051009081,010-5100-9081,"one digit, last group",1.842972317294549e-10,157,4.0075038564053203e-11
01051009081,010-5100-9081,"one digit, last group",1.842972317294549e-10,158,1.31579199019271e-10
01051009081,010-5100-9081,"one digit, last group",1.842972317294549e-10,159,-8.671801219409867e-11
01051009081,010-5100-9081,"one digit, last group",1.842972317294549e-10,160,1.0643304110903138e-11
01051009081,010-5100-9081,"one digit, last group",1.842972317294549e-10,161,7.887818956957769e-12
01051009081,010-5100-9081,"one digit, last group",1.842972317294549e-10,162,-2.8962246272369328e-11
01051009081,010-5100-9081,"one digit, last group",1.842972317294549e-10,163,-9.793065847309566e-13
01051009081,010-5100-9081,"one digit, last group",1.842972317294549e-10,164,-1.8129855397352584e-10
01051009081,010-5100-9081,"one digit, last group",1.842972317294549e-10,165,1.1307608823984971e-11
01051009081,010-5100-9081,"one digit, last group",1.842972317294549e-10,166,7.926157819523883e-12
01051009081,010-5100-9081,"one digit, last group",1.842972317294549e-10,167,1.334086445321956e-10
01051009081,010-5100-9081,"one digit, last group",1.842972317294549e-10,168,-1.0201348482692314e-10
01051009081,010-5100-9081,"one digit, last group",1.842972317294549e-10,169,-2.5892520369367874e-10
01051009081,010-5100-9081,"one digit, last group",1.842972317294549e-10,170,3.963836604173506e-11
01051009081,010-5100-9081,"one digit, last group",1.842972317294549e-10,171,7.73881387694202e-11
01051009081,010-5100-9081,"one digit, last group",1.842972317294549e-10,172,2.472991967462574e-11
01051009081,010-5100-9081,"one digit, last group",1.842972317294549e-10,173,7.680370325688384e-11
01051009081,010-5100-9081,"one digit, last group",1.842972317294549e-10,174,-8.40902064898602e-12
01051009081,010-5100-9081,"one digit, last group",1.842972317294549e-10,175,-1.8584079121720362e-10
01051009081,010-5100-9081,"one digit, last group",1.842972317294549e-10,176,6.132059565540781e-11
01051009081,010-5100-9081,"one digit, last group",1.842972317294549e-10,177,-2.5843476049680924e-10
01051009081,010-5100-9081,"one digit, last group",1.842972317294549e-10,178,2.491055175543385e-10
01051009081,010-5100-9081,"one digit, last group",1.842972317294549e-10,179,2.1935513062077777e-10
01051009081,010-5100-9081,"one digit, last group",1.842972317294549e-10,180,-9.154301332986903e-11
01051009081,010-5100-9081,"one digit, last group",1.842972317294549e-10,181,-3.1388888858324816e-09
01051009081,010-5100-9081,"one digit, last group",1.842972317294549e-10,182,-6.891311769492232e-11
01051009081,010-5100-9081,"one digit, last group",1.842972317294549e-10,183,1.5367719493347322e-09
01051009081,010-5100-9081,"one digit, last group",1.842972317294549e-10,184,-1.4746594712576677e-11
01051009081,010-5100-9081,"one digit, last group",1.842972317294549e-10,185,-1.0207216837615563e-10
01051009081,010-5100-9081,"one digit, last group",1.842972317294549e-10,186,5.116938770832372e-11
01051009081,010-5100-9081,"one digit, last group",1.842972317294549e-10,187,-6.619110046411248e-11
01051009081,010-5100-9081,"one digit, last group",1.842972317294549e-10,188,-7.896190192895292e-11
01051009081,010-5100-9081,"one digit, last group",1.842972317294549e-10,189,1.209955222443562e-10
01051009081,010-5100-9081,"one digit, last group",1.842972317294549e-10,190,2.0677077545690176e-10
01051009081,010-5100-9081,"one digit, last group",1.842972317294549e-10,191,1.9393463918364208e-11
01051009081,010-5100-9081,"one digit, last group",1.842972317294549e-10,192,6.569620304392912e-11
01051009081,010-5100-9081,"one digit, last group",1.842972317294549e-10,193,3.948852955459959e-10
01051009081,010-5100-9081,"one digit, last group",1.842972317294549e-10,194,5.3177827451199724e-11
01051009081,010-5100-9081,"one digit, last group",1.842972317294549e-10,195,1.0823174389409863e-11
01051009081,010-5100-9081,"one digit, last group",1.842972317294549e-10,196,8.070869754279782e-11
01051009081,010-5100-9081,"one digit, last group",1.842972317294549e-10,197,-3.134058902259992e-11
01051009081,010-5100-9081,"one digit, last group",1.842972317294549e-10,198,-1.0703637242510998e-10
01051009081,010-5100-9081,"one digit, last group",1.842972317294549e-10,199,-5.906431854181005e-10
01051009081,010-5100-9081,"one digit, last group",1.842972317294549e-10,200,8.785579935158714e-11
01051009081,010-5100-9081,"one digit, last group",1.842972317294549e-10,201,-3.8719062323611756e-11
01051009081,010-5100-9081,"one digit, last group",1.842972317294549e-10,202,3.167594728606118e-10
01051009081,010-5100-9081,"one digit, last group",1.842972317294549e-10,203,2.106102653738928e-12
01052001582,010-5200-1582,original,1.0000000005704475,0,-3.0305001242263055e-11
01052001582,010-5200-1582,original,1.0000000005704475,1,2.1741273147575653e-10
01052001582,010-5200-1582,original,1.0000000005704475,2,-3.59459239954242e-11
01052001582,010-5200-1582,original,1.0000000005704475,3,4.219788675911472e-12
01052001582,010-5200-1582,original,1.0000000005704475,4,1.1640857900140987e-10
01052001582,010-5200-1582,original,1.0000000005704475,5,-2.097065453887023e-11
01052001582,010-5200-1582,original,1.0000000005704475,6,-1.6228606456409754e-10
01052001582,010-5200-1582,original,1.0000000005704475,7,-9.410010773519426e-11
01052001582,010-5200-1582,original,1.0000000005704475,8,2.7125196223440686e-10
01052001582,010-5200-1582,original,1.0000000005704475,9,3.773024247293132e-11
01052001582,010-5200-1582,original,1.0000000005704475,10,3.328717536333676e-11
01052001582,010-5200-1582,original,1.0000000005704475,11,-5.157886763366012e-10
01052001582,010-5200-1582,original,1.0000000005704475,12,-2.689407354770799e-10
01052001582,010-5200-1582,original,1.0000000005704475,13,3.8366786297174805e-10
01052001582,010-5200-1582,original,1.0000000005704475,14,-1.0272756028095704e-10
01052001582,010-5200-1582,original,1.0000000005704475,15,-7.007052535696007e-11
01052001582,010-5200-1582,original,1.0000000005704475,16,-2.96089032563669e-10
01052001582,010-5200-1582,original,1.0000000005704475,17,-1.305407097717127e-10
01052001582,010-5200-1582,original,1.0000000005704475,18,1.8192796283064885e-11
01052001582,010-5200-1582,original,1.0000000005704475,19,4.1648343876485876e-11
01052001582,010-5200-1582,original,1.0000000005704475,20,9.177014638316345e-11
01052001582,010-5200-1582,original,1.0000000005704475,21,1.3075910913658144e-11
01052001582,010-5200-1582,original,1.0000000005704475,22,-2.3591037551849964e-10
01052001582,010-5200-1582,original,1.0000000005704475,23,8.894035990263353e-11
01052001582,010-5200-1582,original,1.0000000005704475,24,9.714590510838362e-12
01052001582,010-5200-1582,original,1.0000000005704475,25,9.690614112063937e-11
01052001582,010-5200-1582,original,1.0000000005704475,26,1.0016549453156759e-10
01052001582,010-5200-1582,original,1.0000000005704475,27,1.068660436001607e-10
01052001582,010-5200-1582,original,1.0000000005704475,28,1.277401763596413e-10
01052001582,010-5200-1582,original,1.0000000005704475,29,1.7921098196377717e-11
01052001582,010-5200-1582,original,1.0000000005704475,30,-3.342770259737539e-10
01052001582,010-5200-1582,original,1.0000000005704475,31,-2.1242512308430125e-10
01052001582,010-5200-1582,original,1.0000000005704475,32,3.163771641865349e-10
01052001582,010-5200-1582,original,1.0000000005704475,33,-1.471389912330756e-10
01052001582,010-5200-1582,original,1.0000000005704475,34,-1.5098123215666288e-10
01052001582,010-5200-1582,original,1.0000000005704475,35,4.05996954900975e-11
01052001582,010-5200-1582,original,1.0000000005704475,36,9.929028407877835e-11
01052001582,010-5200-1582,original,1.0000000005704475,37,1.606085551954722e-10
01052001582,010-5200-1582,original,1.0000000005704475,38,7.936086341761848e-12
01052001582,010-5200-1582,original,1.0000000005704475,39,1.7606288086783534e-10
01052001582,010-5200-1582,original,1.0000000005704475,40,-2.093037937694226e-10
01052001582,010-5200-1582,original,1.0000000005704475,41,-1.1024121309015997e-10
01052001582,010-5200-1582,original,1.0000000005704475,42,-2.203253534243359e-11
01052001582,010-5200-1582,original,1.0000000005704475,43,3.154040330470405e-11
01052001582,010-5200-1582,original,1.0000000005704475,44,3.050999549391511e-11
01052001582,010-5200-1582,original,1.0000000005704475,45,4.7019892538241486e-11
01052001582,010-5200-1582,original,1.0000000005704475,46,5.801176648975052e-11
01052001582,010-5200-1582,original,1.0000000005704475,47,-8.495783931581806e-11
01052001582,010-5200-1582,original,1.0000000005704475,48,2.7892361033124667e-12
01052001582,010-5200-1582,original,1.0000000005704475,49,-6.985918626353575e-11
01052001582,010-5200-1582,original,1.0000000005704475,50,-2.0278483390095718e-11
01052001582,010-5200-1582,original,1.0000000005704475,51,1.4358304589929218e-11
01052001582,010-5200-1582,original,1.0000000005704475,52,-8.32224811989368e-11
01052001582,010-5200-1582,original,1.0000000005704475,53,-3.3330755528970866e-12
01052001582,010-5200-1582,original,1.0000000005704475,54,6.967387593509555e-11
01052001582,010-5200-1582,original,1.0000000005704475,55,1.1659635039153417e-10
01052001582,010-5200-1582,original,1.0000000005704475,56,-1.1745533600883214e-10
01052001582,010-5200-1582,original,1.0000000005704475,57,-2.002842290986714e-11
01052001582,010-5200-1582,original,1.0000000005704475,58,1.5270959167949195e-11
01052001582,010-5200-1582,original,1.0000000005704475,59,1.1067220697542022e-10
01052001582,010-5200-1582,original,1.0000000005704475,60,-1.8858069903816152e-10
01052001582,010-5200-1582,original,1.0000000005704475,61,3.6264165710793e-11
01052001582,010-5200-1582,original,1.0000000005704475,62,6.101659620023767e-11
01052001582,010-5200-1582,original,1.0000000005704475,63,-8.681041062632769e-11
01052001582,010-5200-1582,original,1.0000000005704475,64,4.5037652108731103e-11
01052001582,010-5200-1582,original,1.0000000005704475,65,2.6695993777651175e-10
01052001582,010-5200-1582,original,1.0000000005704475,66,-2.0575331656557168e-10
01052001582,010-5200-1582,original,1.0000000005704475,67,-1.1822853153695569e-10
01052001582,010-5200-1582,original,1.0000000005704475,68,-8.004658809501285e-11
01052001582,010-5200-1582,original,1.0000000005704475,69,4.717605718824933e-12
01052001582,010-5200-1582,original,1.0000000005704475,70,-2.0906845422561846e-11
01052001582,010-5200-1582,original,1.0000000005704475,71,-9.470370604578465e-11
01052001582,010-5200-1582,original,1.0000000005704475,72,4.170010880784934e-12
01052001582,010-5200-1582,original,1.0000000005704475,73,5.0409780680255124e-11
01052001582,010-5200-1582,original,1.0000000005704475,74,-4.168908022205393e-10
01052001582,010-5200-1582,original,1.0000000005704475,75,-6.806854512725421e-11
01052001582,010-5200-1582,original,1.0000000005704475,76,-8.365549422836205e-11
01052001582,010-5200-1582,original,1.0000000005704475,77,-7.336642537251518e-11
01052001582,010-5200-1582,original,1.0000000005704475,78,-1.841088282906939e-10
01052001582,010-5200-1582,original,1.0000000005704475,79,-3.2521952857544704e-11
01052001582,010-5200-1582,original,1.0000000005704475,80,-3.154476535074193e-11
01052001582,010-5200-1582,original,1.0000000005704475,81,2.1470411481380663e-10
01052001582,010-5200-1582,original,1.0000000005704475,82,2.76358571776866e-11
01052001582,010-5200-1582,original,1.0000000005704475,83,-3.9910205813252975e-12
01052001582,010-5200-1582,original,1.0000000005704475,84,-8.834804071590169e-11
01052001582,010-5200-1582,original,1.0000000005704475,85,2.7051474724624703e-11
01052001582,010-5200-1582,original,1.0000000005704475,86,-4.5434985912955235e-10
01052001582,010-5200-1582,original,1.0000000005704475,87,1.9056865113630944e-10
01052001582,010-5200-1582,original,1.0000000005704475,88,-3.448674812937995e-11
01052001582,010-5200-1582,original,1.0000000005704475,89,6.84714198227021e-12
01052001582,010-5200-1582,original,1.0000000005704475,90,-8.705455708889906e-11
01052001582,010-5200-1582,original,1.0000000005704475,91,-2.6690331998007727e-11
01052001582,010-5200-1582,original,1.0000000005704475,92,-1.4646585111165524e-10
01052001582,010-5200-1582,original,1.0000000005704475,93,1.3981070040191372e-10
01052001582,010-5200-1582,original,1.0000000005704475,94,8.448998506459648e-12
01052001582,010-5200-1582,original,1.0000000005704475,95,1.2199488616612211e-10
01052001582,010-5200-1582,original,1.0000000005704475,96,1.870828581143551e-10
01052001582,010-5200-1582,original,1.0000000005704475,97,3.698302924797429e-11
01052001582,010-5200-1582,original,1.0000000005704475,98,-2.296451736512009e-12
01052001582,010-5200-1582,original,1.0000000005704475,99,2.8063871530457514e-11
01052001582,010-5200-1582,original,1.0000000005704475,100,7.758844581924647e-11
01052001582,010-5200-1582,original,1.0000000005704475,101,-9.253689995185643e-11
01052001582,010-5200-1582,original,1.0000000005704475,102,2.6580286618352996e-10
01052001582,010-5200-1582,original,1.0000000005704475,103,-2.1536474351353332e-10
01052001582,010-5200-1582,original,1.0000000005704475,104,2.1238944867101865e-10
01052001582,010-5200-1582,original,1.0000000005704475,105,1.5483414293375148e-10
01052001582,010-5200-1582,original,1.0000000005704475,106,-9.904909966505734e-11
01052001582,010-5200-1582,original,1.0000000005704475,107,2.2826522477992753e-11
01052001582,010-5200-1582,original,1.0000000005704475,108,1.5253455339377504e-10
01052001582,010-5200-1582,original,1.0000000005704475,109,2.0576611522134132e-10
01052001582,010-5200-1582,original,1.0000000005704475,110,-7.885170681973672e-12
01052001582,010-5200-1582,original,1.0000000005704475,111,2.4616627471479397e-11
01052001582,010-5200-1582,original,1.0000000005704475,112,-1.8919457552387365e-10
01052001582,010-5200-1582,original,1.0000000005704475,113,7.14746671135087e-12
01052001582,010-5200-1582,original,1.0000000005704475,114,-4.826905263138165e-11
01052001582,010-5200-1582,original,1.0000000005704475,115,2.879998801547479e-11
01052001582,010-5200-1582,original,1.0000000005704475,116,2.2958899930032904e-11
01052001582,010-5200-1582,original,1.0000000005704475,117,-1.9810132279139473e-10
01052001582,010-5200-1582,original,1.0000000005704475,118,1.297933034124965e-10
01052001582,010-5200-1582,original,1.0000000005704475,119,4.378991611718444e-11
01052001582,010-5200-1582,original,1.0000000005704475,120,8.364348877252683e-11
01052001582,010-5200-1582,original,1.0000000005704475,121,7.467515296147773e-11
01052001582,010-5200-1582,original,1.0000000005704475,122,-1.6080814488369525e-10
01052001582,010-5200-1582,original,1.0000000005704475,123,-6.701978903258127e-12
01052001582,010-5200-1582,original,1.0000000005704475,124,-3.80242217936974e-10
01052001582,010-5200-1582,original,1.0000000005704475,125,1.8773365342845755e-10
01052001582,010-5200-1582,original,1.0000000005704475,126,-1.303980619937424e-10
01052001582,010-5200-1582,original,1.0000000005704475,127,-2.99107829873456e-10
01052001582,010-5200-1582,original,1.0000000005704475,128,1.28327356949067e-10
01052001582,010-5200-1582,original,1.0000000005704475,129,5.222795694577191e-11
01052001582,010-5200-1582,original,1.0000000005704475,130,1.3288859362421706e-10
01052001582,010-5200-1582,original,1.0000000005704475,131,3.174508586145836e-10
01052001582,010-5200-1582,original,1.0000000005704475,132,7.071488549239286e-11
01052001582,010-5200-1582,original,1.0000000005704475,133,-9.872798868189901e-11
01052001582,010-5200-1582,original,1.0000000005704475,134,2.1347605380316157e-10
01052001582,010-5200-1582,original,1.0000000005704475,135,-2.0100113201216448e-11
01052001582,010-5200-1582,original,1.0000000005704475,136,-3.766881721505828e-11
01052001582,010-5200-1582,original,1.0000000005704475,137,-1.627453694647329e-10
01052001582,010-5200-1582,original,1.0000000005704475,138,-2.5021069626324407e-11
01052001582,010-5200-1582,original,1.0000000005704475,139,-1.4865992740291344e-10
01052001582,010-5200-1582,original,1.0000000005704475,140,-2.9347430719427365e-11
01052001582,010-5200-1582,original,1.0000000005704475,141,9.061319935580107e-11
01052001582,010-5200-1582,original,1.0000000005704475,142,-1.919283524206151e-10
01052001582,010-5200-1582,original,1.0000000005704475,143,-2.0049972219947426e-10
01052001582,010-5200-1582,original,1.0000000005704475,144,-4.006755520659504e-11
01052001582,010-5200-1582,original,1.0000000005704475,145,-7.214415168243866e-11
01052001582,010-5200-1582,original,1.0000000005704475,146,-1.556792395472127e-10
01052001582,010-5200-1582,original,1.0000000005704475,147,-1.0592865182298496e-10
01052001582,010-5200-1582,original,1.0000000005704475,148,3.4748973401925203e-12
01052001582,010-5200-1582,original,1.0000000005704475,149,-8.834517853669056e-11
01052001582,010-5200-1582,original,1.0000000005704475,150,5.0607121947235066e-11
01052001582,010-5200-1582,original,1.0000000005704475,151,1.0824281723690796e-10
01052001582,010-5200-1582,original,1.0000000005704475,152,1.5814356137608056e-11
01052001582,010-5200-1582,original,1.0000000005704475,153,-4.3046213156822847e-11
01052001582,010-5200-1582,original,1.0000000005704475,154,-4.320855943624471e-11
01052001582,010-5200-1582,original,1.0000000005704475,155,3.305288184372908e-10
01052001582,010-5200-1582,original,1.0000000005704475,156,-4.272961232168031e-11
01052001582,010-5200-1582,original,1.0000000005704475,157,-7.201561108498894e-11
01052001582,010-5200-1582,original,1.0000000005704475,158,-2.4052744017489345e-10
01052001582,010-5200-1582,original,1.0000000005704475,159,7.934099677418234e-11
01052001582,010-5200-1582,original,1.0000000005704475,160,2.9242087882354816e-11
01052001582,010-5200-1582,original,1.0000000005704475,161,7.827008825249354e-12
01052001582,010-5200-1582,original,1.0000000005704475,162,-2.3998105436143934e-12
01052001582,010-5200-1582,original,1.0000000005704475,163,-6.11017538682587e-11
01052001582,010-5200-1582,original,1.0000000005704475,164,2.2703087280138093e-10
01052001582,010-5200-1582,original,1.0000000005704475,165,-9.634218752361722e-11
01052001582,010-5200-1582,original,1.0000000005704475,166,2.4210461221854908e-12
01052001582,010-5200-1582,original,1.0000000005704475,167,-8.225116654958475e-11
01052001582,010-5200-1582,original,1.0000000005704475,168,-2.4727171814857403e-10
01052001582,010-5200-1582,original,1.0000000005704475,169,7.767938443439611e-11
01052001582,010-5200-1582,original,1.0000000005704475,170,2.0430772120192307e-10
01052001582,010-5200-1582,original,1.0000000005704475,171,0.9999996969717028
01052001582,010-5200-1582,original,1.0000000005704475,172,0.999999690835344
01052001582,010-5200-1582,original,1.0000000005704475,173,8.896639129685158e-11
01052001582,010-5200-1582,original,1.0000000005704475,174,3.348431044505853e-11
01052001582,010-5200-1582,original,1.0000000005704475,175,3.038151089615764e-10
01052001582,010-5200-1582,original,1.0000000005704475,176,-7.67562973995442e-12
01052001582,010-5200-1582,original,1.0000000005704475,177,1.9895546794838233e-10
01052001582,010-5200-1582,original,1.0000000005704475,178,-1.0443991766496757e-10
01052001582,010-5200-1582,original,1.0000000005704475,179,-1.3257864113828391e-11
01052001582,010-5200-1582,original,1.0000000005704475,180,-2.4639191226171358e-11
01052001582,010-5200-1582,original,1.0000000005704475,181,-1.4771438481813924e-10
01052001582,010-5200-1582,original,1.0000000005704475,182,-3.0038736398105833e-10
01052001582,010-5200-1582,original,1.0000000005704475,183,1.0643082009857656e-10
01052001582,010-5200-1582,original,1.0000000005704475,184,7.556557428026437e-12
01052001582,010-5200-1582,original,1.0000000005704475,185,4.5596236022387754e-11
01052001582,010-5200-1582,original,1.0000000005704475,186,-7.173143068167982e-11
01052001582,010-5200-1582,original,1.0000000005704475,187,1.3479518154811225e-10
01052001582,010-5200-1582,original,1.0000000005704475,188,-1.4004469275737914e-10
01052001582,010-5200-1582,original,1.0000000005704475,189,-2.1261870882578967e-10
01052001582,010-5200-1582,original,1.0000000005704475,190,2.6973989897043596e-10
01052001582,010-5200-1582,original,1.0000000005704475,191,-2.97063820306317e-11
01052001582,010-5200-1582,original,1.0000000005704475,192,2.0309490736186806e-10
01052001582,010-5200-1582,original,1.0000000005704475,193,-7.628866885752756e-11
01052001582,010-5200-1582,original,1.0000000005704475,194,8.301095628874535e-13
01052001582,010-5200-1582,original,1.0000000005704475,195,6.674991678414182e-11
01052001582,010-5200-1582,original,1.0000000005704475,196,-3.261730541339905e-11
01052001582,010-5200-1582,original,1.0000000005704475,197,-1.343834330535657e-10
01052001582,010-5200-1582,original,1.0000000005704475,198,5.783814227120262e-11
01052001582,010-5200-1582,original,1.0000000005704475,199,4.513056940858581e-11
01052001582,010-5200-1582,original,1.0000000005704475,200,2.8862249197902073e-11
01052001582,010-5200-1582,original,1.0000000005704475,201,-8.385960013188775e-11
01052001582,010-5200-1582,original,1.0000000005704475,202,-1.8059708689131023e-10
01052001582,010-5200-1582,original,1.0000000005704475,203,3.2293600453000586e-12
01052001583,010-5200-1583,"one digit, last group",-3.988029938511934e-10,0,-2.895910217047518e-11
01052001583,010-5200-1583,"one digit, last group",-3.988029938511934e-10,1,-4.4490144436812827e-10
01052001583,010-5200-1583,"one digit, last group",-3.988029938511934e-10,2,-1.1272571872221018e-10
01052001583,010-5200-1583,"one digit, last group",-3.988029938511934e-10,3,4.1155231465590456e-11
01052001583,010-5200-1583,"one digit, last group",-3.988029938511934e-10,4,-2.9577560684156993e-10
01052001583,010-5200-1583,"one digit, last group",-3.988029938511934e-10,5,8.209245037489842e-11
01052001583,010-5200-1583,"one digit, last group",-3.988029938511934e-10,6,8.850819377870335e-11
01052001583,010-5200-1583,"one digit, last group",-3.988029938511934e-10,7,7.236631371188008e-11
01052001583,010-5200-1583,"one digit, last group",-3.988029938511934e-10,8,4.234327383361121e-11
01052001583,010-5200-1583,"one digit, last group",-3.988029938511934e-10,9,1.1127749514855758e-11
01052001583,010-5200-1583,"one digit, last group",-3.988029938511934e-10,10,-2.1864331133909286e-11
01052001583,010-5200-1583,"one digit, last group",-3.988029938511934e-10,11,-3.7814077001219493e-10
01052001583,010-5200-1583,"one digit, last group",-3.988029938511934e-10,12,-7.527070278376934e-12
01052001583,010-5200-1583,"one digit, last group",-3.988029938511934e-10,13,-1.8947667535246675e-10
01052001583,010-5200-1583,"one digit, last group",-3.988029938511934e-10,14,3.35082206798127e-11
01052001583,010-5200-1583,"one digit, last group",-3.988029938511934e-10,15,-3.7886698100439874e-12
01052001583,010-5200-1583,"one digit, last group",-3.988029938511934e-10,16,7.794854875937715e-11
01052001583,010-5200-1583,"one digit, last group",-3.988029938511934e-10,17,4.3508526105434945e-10
01052001583,010-5200-1583,"one digit, last group",-3.988029938511934e-10,18,1.6827451019648213e-10
01052001583,010-5200-1583,"one digit, last group",-3.988029938511934e-10,19,1.0133665825862724e-11
01052001583,010-5200-1583,"one digit, last group",-3.988029938511934e-10,20,2.3094808641252594e-10
01052001583,010-5200-1583,"one digit, last group",-3.988029938511934e-10,21,1.3176144148566908e-10
01052001583,010-5200-1583,"one digit, last group",-3.988029938511934e-10,22,1.49815435442588e-10
01052001583,010-5200-1583,"one digit, last group",-3.988029938511934e-10,23,-1.321957049954027e-11
01052001583,010-5200-1583,"one digit, last group",-3.988029938511934e-10,24,-3.938661401172066e-10
01052001583,010-5200-1583,"one digit, last group",-3.988029938511934e-10,25,-7.242322518352186e-11
01052001583,010-5200-1583,"one digit, last group",-3.988029938511934e-10,26,-3.582307548733406e-10
01052001583,010-5200-1583,"one digit, last group",-3.988029938511934e-10,27,-7.47884821249e-11
01052001583,010-5200-1583,"one digit, last group",-3.988029938511934e-10,28,-1.0983138386542499e-10
01052001583,010-5200-1583,"one digit, last group",-3.988029938511934e-10,29,-5.1266968928731666e-11
01052001583,010-5200-1583,"one digit, last group",-3.988029938511934e-10,30,1.7499440154872934e-10
01052001583,010-5200-1583,"one digit, last group",-3.988029938511934e-10,31,6.608789089515365e-11
01052001583,010-5200-1583,"one digit, last group",-3.988029938511934e-10,32,2.4754101304714654e-10
01052001583,010-5200-1583,"one digit, last group",-3.988029938511934e-10,33,1.4178227800746451e-10
01052001583,010-5200-1583,"one digit, last group",-3.988029938511934e-10,34,-6.641408566747326e-11
01052001583,010-5200-1583,"one digit, last group",-3.988029938511934e-10,35,4.04519874421808e-11
01052001583,010-5200-1583,"one digit, last group",-3.988029938511934e-10,36,-5.179816001453144e-11
01052001583,010-5200-1583,"one digit, last group",-3.988029938511934e-10,37,1.188065030792994e-10
01052001583,010-5200-1583,"one digit, last group",-3.988029938511934e-10,38,-5.6491369348276874e-11
01052001583,010-5200-1583,"one digit, last group",-3.988029938511934e-10,39,-1.6969547541049918e-10
01052001583,010-5200-1583,"one digit, last group",-3.988029938511934e-10,40,1.882663283886759e-10
01052001583,010-5200-1583,"one digit, last group",-3.988029938511934e-10,41,1.0354300974369986e-11
01052001583,010-5200-1583,"one digit, last group",-3.988029938511934e-10,42,-1.5315698797083122e-10
01052001583,010-5200-1583,"one digit, last group",-3.988029938511934e-10,43,2.0177515904150242e-11
01052001583,010-5200-1583,"one digit, last group",-3.988029938511934e-10,44,2.8866500819176815e-11
01052001583,010-5200-1583,"one digit, last group",-3.988029938511934e-10,45,-1.9709377536596727e-10
01052001583,010-5200-1583,"one digit, last group",-3.988029938511934e-10,46,-1.121680278804191e-10
01052001583,010-5200-1583,"one digit, last group",-3.988029938511934e-10,47,-2.7815025311760186e-11
01052001583,010-5200-1583,"one digit, last group",-3.988029938511934e-10,48,-1.4721633530246536e-10
01052001583,010-5200-1583,"one digit, last group",-3.988029938511934e-10,49,2.8811561726684745e-11
01052001583,010-5200-1583,"one digit, last group",-3.988029938511934e-10,50,6.334389995458271e-10
01052001583,010-5200-1583,"one digit, last group",-3.988029938511934e-10,51,3.429693217903956e-11
01052001583,010-5200-1583,"one digit, last group",-3.988029938511934e-10,52,1.772910576488139e-10
01052001583,010-5200-1583,"one digit, last group",-3.988029938511934e-10,53,-5.472604603525669e-12
01052001583,010-5200-1583,"one digit, last group",-3.988029938511934e-10,54,1.2809439812729843e-11
01052001583,010-5200-1583,"one digit, last group",-3.988029938511934e-10,55,-1.1162888784722902e-11
01052001583,010-5200-1583,"one digit, last group",-3.988029938511934e-10,56,-1.2088009536407797e-10
01052001583,010-5200-1583,"one digit, last group",-3.988029938511934e-10,57,1.3946141460015149e-11
01052001583,010-5200-1583,"one digit, last group",-3.988029938511934e-10,58,-8.118775776240331e-11
01052001583,010-5200-1583,"one digit, last group",-3.988029938511934e-10,59,8.873182954024358e-12
01052001583,010-5200-1583,"one digit, last group",-3.988029938511934e-10,60,-1.6817966169960815e-10
01052001583,010-5200-1583,"one digit, last group",-3.988029938511934e-10,61,-2.2603323385730055e-10
01052001583,010-5200-1583,"one digit, last group",-3.988029938511934e-10,62,1.299219701019863e-10
01052001583,010-5200-1583,"one digit, last group",-3.988029938511934e-10,63,5.895818845131951e-11
01052001583,010-5200-1583,"one digit, last group",-3.988029938511934e-10,64,-9.09493871798203e-12
01052001583,010-5200-1583,"one digit, last group",-3.988029938511934e-10,65,-7.003161682316397e-11
01052001583,010-5200-1583,"one digit, last group",-3.988029938511934e-10,66,8.602826349241155e-10
01052001583,010-5200-1583,"one digit, last group",-3.988029938511934e-10,67,-1.0977491612034047e-11
01052001583,010-5200-1583,"one digit, last group",-3.988029938511934e-10,68,-6.730601746212968e-11
01052001583,010-5200-1583,"one digit, last group",-3.988029938511934e-10,69,1.7939150059094683e-10
01052001583,010-5200-1583,"one digit, last group",-3.988029938511934e-10,70,5.7586660338160064e-11
01052001583,010-5200-1583,"one digit, last group",-3.988029938511934e-10,71,-8.500813078686431e-11
01052001583,010-5200-1583,"one digit, last group",-3.988029938511934e-10,72,-1.007661569725597e-11
01052001583,010-5200-1583,"one digit, last group",-3.988029938511934e-10,73,3.5382436320162914e-11
01052001583,010-5200-1583,"one digit, last group",-3.988029938511934e-10,74,-9.681188838723635e-11
01052001583,010-5200-1583,"one digit, last group",-3.988029938511934e-10,75,5.143474708728307e-12
01052001583,010-5200-1583,"one digit, last group",-3.988029938511934e-10,76,1.808569749251982e-10
01052001583,010-5200-1583,"one digit, last group",-3.988029938511934e-10,77,-1.8352645346917372e-10
01052001583,010-5200-1583,"one digit, last group",-3.988029938511934e-10,78,-1.0877298955813056e-10
01052001583,010-5200-1583,"one digit, last group",-3.988029938511934e-10,79,-1.2443163082597091e-10
01052001583,010-5200-1583,"one digit, last group",-3.988029938511934e-10,80,9.538221695879034e-11
01052001583,010-5200-1583,"one digit, last group",-3.988029938511934e-10,81,5.702383482052966e-11
01052001583,010-5200-1583,"one digit, last group",-3.988029938511934e-10,82,-1.7145619155191054e-10
01052001583,010-5200-1583,"one digit, last group",-3.988029938511934e-10,83,-5.926667904169041e-11
01052001583,010-5200-1583,"one digit, last group",-3.988029938511934e-10,84,-1.4768276884019085e-11
01052001583,010-5200-1583,"one digit, last group",-3.988029938511934e-10,85,1.9978670887004214e-11
01052001583,010-5200-1583,"one digit, last group",-3.988029938511934e-10,86,-3.155239870756609e-10
01052001583,010-5200-1583,"one digit, last group",-3.988029938511934e-10,87,1.2956803516525482e-11
01052001583,010-5200-1583,"one digit, last group",-3.988029938511934e-10,88,-7.263813531692237e-11
01052001583,010-5200-1583,"one digit, last group",-3.988029938511934e-10,89,-3.064137886055535e-11
01052001583,010-5200-1583,"one digit, last group",-3.988029938511934e-10,90,6.360245835851272e-12
01052001583,010-5200-1583,"one digit, last group",-3.988029938511934e-10,91,-2.248367271297952e-10
01052001583,010-5200-1583,"one digit, last group",-3.988029938511934e-10,92,3.9534904506166646e-11
01052001583,010-5200-1583,"one digit, last group",-3.988029938511934e-10,93,-8.968324398826464e-11
01052001583,010-5200-1583,"one digit, last group",-3.988029938511934e-10,94,7.01171308063681e-11
01052001583,010-5200-1583,"one digit, last group",-3.988029938511934e-10,95,-1.0546665621485865e-10
01052001583,010-5200-1583,"one digit, last group",-3.988029938511934e-10,96,-6.03663693262585e-10
01052001583,010-5200-1583,"one digit, last group",-3.988029938511934e-10,97,-1.3666620631448228e-10
01052001583,010-5200-1583,"one digit, last group",-3.988029938511934e-10,98,1.6986329978649583e-10
01052001583,010-5200-1583,"one digit, last group",-3.988029938511934e-10,99,1.9599377066247455e-11
01052001583,010-5200-1583,"one digit, last group",-3.988029938511934e-10,100,1.1029197608112689e-10
01052001583,010-5200-1583,"one digit, last group",-3.988029938511934e-10,101,1.6422706573403014e-10
01052001583,010-5200-1583,"one digit, last group",-3.988029938511934e-10,102,-1.3241453045941e-10
01052001583,010-5200-1583,"one digit, last group",-3.988029938511934e-10,103,2.655020013554348e-10
01052001583,010-5200-1583,"one digit, last group",-3.988029938511934e-10,104,2.170928102078038e-10
01052001583,010-5200-1583,"one digit, last group",-3.988029938511934e-10,105,1.4336425095271227e-11
01052001583,010-5200-1583,"one digit, last group",-3.988029938511934e-10,106,1.6562549728188684e-11
01052001583,010-5200-1583,"one digit, last group",-3.988029938511934e-10,107,-8.692602141095832e-11
01052001583,010-5200-1583,"one digit, last group",-3.988029938511934e-10,108,8.779752567498885e-11
01052001583,010-5200-1583,"one digit, last group",-3.988029938511934e-10,109,-8.138196048868489e-12
01052001583,010-5200-1583,"one digit, last group",-3.988029938511934e-10,110,7.868683410578557e-11
01052001583,010-5200-1583,"one digit, last group",-3.988029938511934e-10,111,-1.2177189307094264e-10
01052001583,010-5200-1583,"one digit, last group",-3.988029938511934e-10,112,1.365337477044826e-10
01052001583,010-5200-1583,"one digit, last group",-3.988029938511934e-10,113,-1.1154956687734892e-11
01052001583,010-5200-1583,"one digit, last group",-3.988029938511934e-10,114,-2.242513136750051e-10
01052001583,010-5200-1583,"one digit, last group",-3.988029938511934e-10,115,2.1152128127972764e-12
01052001583,010-5200-1583,"one digit, last group",-3.988029938511934e-10,116,-1.0166686001924268e-10
01052001583,010-5200-1583,"one digit, last group",-3.988029938511934e-10,117,-1.4560045761345492e-10
01052001583,010-5200-1583,"one digit, last group",-3.988029938511934e-10,118,-9.635676816253685e-11
01052001583,010-5200-1583,"one digit, last group",-3.988029938511934e-10,119,-1.752547830989377e-10
01052001583,010-5200-1583,"one digit, last group",-3.988029938511934e-10,120,-3.0948705741799006e-11
01052001583,010-5200-1583,"one digit, last group",-3.988029938511934e-10,121,-2.750521221000861e-10
01052001583,010-5200-1583,"one digit, last group",-3.988029938511934e-10,122,7.676731804395909e-11
01052001583,010-5200-1583,"one digit, last group",-3.988029938511934e-10,123,8.239919115721086e-11
01052001583,010-5200-1583,"one digit, last group",-3.988029938511934e-10,124,-1.176482955389298e-10
01052001583,010-5200-1583,"one digit, last group",-3.988029938511934e-10,125,-1.6615052235437298e-10
01052001583,010-5200-1583,"one digit, last group",-3.988029938511934e-10,126,-1.4960042587375668e-11
01052001583,010-5200-1583,"one digit, last group",-3.988029938511934e-10,127,-9.079378958089341e-11
01052001583,010-5200-1583,"one digit, last group",-3.988029938511934e-10,128,1.696960944492462e-10
01052001583,010-5200-1583,"one digit, last group",-3.988029938511934e-10,129,1.2033978396363828e-10
01052001583,010-5200-1583,"one digit, last group",-3.988029938511934e-10,130,-3.0113631587341645e-11
01052001583,010-5200-1583,"one digit, last group",-3.988029938511934e-10,131,-1.3058492805881598e-10
01052001583,010-5200-1583,"one digit, last group",-3.988029938511934e-10,132,2.939641815141988e-11
01052001583,010-5200-1583,"one digit, last group",-3.988029938511934e-10,133,6.010652871589456e-11
01052001583,010-5200-1583,"one digit, last group",-3.988029938511934e-10,134,7.856491920051047e-11
01052001583,010-5200-1583,"one digit, last group",-3.988029938511934e-10,135,-5.6571150005076016e-11
01052001583,010-5200-1583,"one digit, last group",-3.988029938511934e-10,136,1.062190352758115e-11
01052001583,010-5200-1583,"one digit, last group",-3.988029938511934e-10,137,-6.76981868272413e-11
01052001583,010-5200-1583,"one digit, last group",-3.988029938511934e-10,138,-9.029838769835113e-11
01052001583,010-5200-1583,"one digit, last group",-3.988029938511934e-10,139,-2.3062277769977776e-12
01052001583,010-5200-1583,"one digit, last group",-3.988029938511934e-10,140,-3.015853306293099e-10
01052001583,010-5200-1583,"one digit, last group",-3.988029938511934e-10,141,8.768425444026982e-11
01052001583,010-5200-1583,"one digit, last group",-3.988029938511934e-10,142,1.9215584984153027e-10
01052001583,010-5200-1583,"one digit, last group",-3.988029938511934e-10,143,4.225687660537767e-11
01052001583,010-5200-1583,"one digit, last group",-3.988029938511934e-10,144,1.1224398825405815e-10
01052001583,010-5200-1583,"one digit, last group",-3.988029938511934e-10,145,-1.1477010228597645e-10
01052001583,010-5200-1583,"one digit, last group",-3.988029938511934e-10,146,-1.5411471571010153e-10
01052001583,010-5200-1583,"one digit, last group",-3.988029938511934e-10,147,-3.475212041874473e-10
01052001583,010-5200-1583,"one digit, last group",-3.988029938511934e-10,148,-8.62046675283541e-11
01052001583,010-5200-1583,"one digit, last group",-3.988029938511934e-10,149,-9.948772584135037e-11
01052001583,010-5200-1583,"one digit, last group",-3.988029938511934e-10,150,1.490711519058616e-11
01052001583,010-5200-1583,"one digit, last group",-3.988029938511934e-10,151,-6.078992975615825e-11
01052001583,010-5200-1583,"one digit, last group",-3.988029938511934e-10,152,-1.9501589579735303e-10
01052001583,010-5200-1583,"one digit, last group",-3.988029938511934e-10,153,-2.1331357167960672e-10
01052001583,010-5200-1583,"one digit, last group",-3.988029938511934e-10,154,4.944599610899488e-12
01052001583,010-5200-1583,"one digit, last group",-3.988029938511934e-10,155,4.5626782539205946e-10
01052001583,010-5200-1583,"one digit, last group",-3.988029938511934e-10,156,-9.337220193392395e-11
01052001583,010-5200-1583,"one digit, last group",-3.988029938511934e-10,157,2.39747052756623e-12
01052001583,010-5200-1583,"one digit, last group",-3.988029938511934e-10,158,-1.8612821238367895e-11
01052001583,010-5200-1583,"one digit, last group",-3.988029938511934e-10,159,-5.718199586477584e-11
01052001583,010-5200-1583,"one digit, last group",-3.988029938511934e-10,160,-1.8188017729964728e-11
01052001583,010-5200-1583,"one digit, last group",-3.988029938511934e-10,161,-1.6057775123642385e-11
01052001583,010-5200-1583,"one digit, last group",-3.988029938511934e-10,162,5.4704014672885326e-11
01052001583,010-5200-1583,"one digit, last group",-3.988029938511934e-10,163,-3.399999893307069e-11
01052001583,010-5200-1583,"one digit, last group",-3.988029938511934e-10,164,-3.5716940757025867e-10
01052001583,010-5200-1583,"one digit, last group",-3.988029938511934e-10,165,-1.1258619277940547e-10
01052001583,010-5200-1583,"one digit, last group",-3.988029938511934e-10,166,-4.797770871844575e-11
01052001583,010-5200-1583,"one digit, last group",-3.988029938511934e-10,167,-1.1888108953003212e-10
01052001583,010-5200-1583,"one digit, last group",-3.988029938511934e-10,168,-2.995289018604918e-10
01052001583,010-5200-1583,"one digit, last group",-3.988029938511934e-10,169,-1.6909234235807292e-10
01052001583,010-5200-1583,"one digit, last group",-3.988029938511934e-10,170,-1.2682031521504596e-10
01052001583,010-5200-1583,"one digit, last group",-3.988029938511934e-10,171,-1.3398083900839126e-08
01052001583,010-5200-1583,"one digit, last group",-3.988029938511934e-10,172,-4.174207393632289e-09
01052001583,010-5200-1583,"one digit, last group",-3.988029938511934e-10,173,8.122922381442958e-11
01052001583,010-5200-1583,"one digit, last group",-3.988029938511934e-10,174,7.9517754136889e-11
01052001583,010-5200-1583,"one digit, last group",-3.988029938511934e-10,175,5.480595003591096e-10
01052001583,010-5200-1583,"one digit, last group",-3.988029938511934e-10,176,-5.9231739161465695e-12
01052001583,010-5200-1583,"one digit, last group",-3.988029938511934e-10,177,-1.3423476000735417e-10
01052001583,010-5200-1583,"one digit, last group",-3.988029938511934e-10,178,-1.4373519338420797e-10
01052001583,010-5200-1583,"one digit, last group",-3.988029938511934e-10,179,-8.903211655831898e-11
01052001583,010-5200-1583,"one digit, last group",-3.988029938511934e-10,180,1.4420688715126412e-10
01052001583,010-5200-1583,"one digit, last group",-3.988029938511934e-10,181,-3.7474019331818075e-10
01052001583,010-5200-1583,"one digit, last group",-3.988029938511934e-10,182,3.3148687790837897e-10
01052001583,010-5200-1583,"one digit, last group",-3.988029938511934e-10,183,1.0522884035832739e-10
01052001583,010-5200-1583,"one digit, last group",-3.988029938511934e-10,184,4.347990737951112e-11
01052001583,010-5200-1583,"one digit, last group",-3.988029938511934e-10,185,4.588976385575038e-11
01052001583,010-5200-1583,"one digit, last group",-3.988029938511934e-10,186,7.72005752737279e-11
01052001583,010-5200-1583,"one digit, last group",-3.988029938511934e-10,187,-3.42264216808511e-11
01052001583,010-5200-1583,"one digit, last group",-3.988029938511934e-10,188,3.294229115871262e-11
01052001583,010-5200-1583,"one digit, last group",-3.988029938511934e-10,189,2.374674713261104e-10
01052001583,010-5200-1583,"one digit, last group",-3.988029938511934e-10,190,9.088413562067989e-11
01052001583,010-5200-1583,"one digit, last group",-3.988029938511934e-10,191,7.27553024100294e-11
01052001583,010-5200-1583,"one digit, last group",-3.988029938511934e-10,192,4.255927245293537e-11
01052001583,010-5200-1583,"one digit, last group",-3.988029938511934e-10,193,6.9530129932197e-10
01052001583,010-5200-1583,"one digit, last group",-3.988029938511934e-10,194,4.706871135891038e-11
01052001583,010-5200-1583,"one digit, last group",-3.988029938511934e-10,195,-1.1919237443618293e-10
01052001583,010-5200-1583,"one digit, last group",-3.988029938511934e-10,196,1.27590988925515e-10
01052001583,010-5200-1583,"one digit, last group",-3.988029938511934e-10,197,1.86606083183178e-10
01052001583,010-5200-1583,"one digit, last group",-3.988029938511934e-10,198,1.0389206180639838e-11
01052001583,010-5200-1583,"one digit, last group",-3.988029938511934e-10,199,-3.771869283017378e-10
01052001583,010-5200-1583,"one digit, last group",-3.988029938511934e-10,200,-4.425351141118527e-11
01052001583,010-5200-1583,"one digit, last group",-3.988029938511934e-10,201,-2.0418696455183923e-12
01052001583,010-5200-1583,"one digit, last group",-3.988029938511934e-10,202,3.717763953242702e-10
01052001583,010-5200-1583,"one digit, last group",-3.988029938511934e-10,203,-2.991635204783013e-11
00653004858,006-5300-4858,original,1.0000000003951373,0,-5.606040553222736e-11
00653004858,006-5300-4858,original,1.0000000003951373,1,1.141181768163375e-10
00653004858,006-5300-4858,original,1.0000000003951373,2,4.1120644784661e-11
00653004858,006-5300-4858,original,1.0000000003951373,3,-5.440055030625881e-11
00653004858,006-5300-4858,original,1.0000000003951373,4,1.958727908035497e-10
00653004858,006-5300-4858,original,1.0000000003951373,5,2.3674223371502784e-10
00653004858,006-5300-4858,original,1.0000000003951373,6,-2.849033354995827e-11
00653004858,006-5300-4858,original,1.0000000003951373,7,-1.379760079962524e-11
00653004858,006-5300-4858,original,1.0000000003951373,8,-2.5897917130931044e-11
00653004858,006-5300-4858,original,1.0000000003951373,9,-1.9206500048663898e-11
00653004858,006-5300-4858,original,1.0000000003951373,10,4.350914016939889e-11
00653004858,006-5300-4858,original,1.0000000003951373,11,-4.0474695071233065e-10
00653004858,006-5300-4858,original,1.0000000003951373,12,-1.9020560532802392e-10
00653004858,006-5300-4858,original,1.0000000003951373,13,-1.7698609428063116e-11
00653004858,006-5300-4858,original,1.0000000003951373,14,-7.727416059629621e-11
00653004858,006-5300-4858,original,1.0000000003951373,15,3.103566193894743e-11
00653004858,006-5300-4858,original,1.0000000003951373,16,-5.466248721414077e-10
00653004858,006-5300-4858,original,1.0000000003951373,17,7.754151509384346e-11
00653004858,006-5300-4858,original,1.0000000003951373,18,-2.398474453633742e-11
00653004858,006-5300-4858,original,1.0000000003951373,19,-2.4650620154347045e-11
00653004858,006-5300-4858,original,1.0000000003951373,20,-2.0712820669049672e-10
00653004858,006-5300-4858,original,1.0000000003951373,21,-1.9881936156399575e-11
00653004858,006-5300-4858,original,1.0000000003951373,22,-4.833246828761589e-11
00653004858,006-5300-4858,original,1.0000000003951373,23,2.1142813524620832e-10
00653004858,006-5300-4858,original,1.0000000003951373,24,4.718687498639192e-10
00653004858,006-5300-4858,original,1.0000000003951373,25,-2.9661269620966e-11
00653004858,006-5300-4858,original,1.0000000003951373,26,1.8749260563613538e-10
00653004858,006-5300-4858,original,1.0000000003951373,27,-8.497129485492094e-11
00653004858,006-5300-4858,original,1.0000000003951373,28,4.254281991074764e-11
00653004858,006-5300-4858,original,1.0000000003951373,29,-7.1726766639245e-11
00653004858,006-5300-4858,original,1.0000000003951373,30,1.8772604448329307e-10
00653004858,006-5300-4858,original,1.0000000003951373,31,5.62094518292711e-12
00653004858,006-5300-4858,original,1.0000000003951373,32,-1.2510222245231194e-10
00653004858,006-5300-4858,original,1.0000000003951373,33,2.891875832307332e-10
00653004858,006-5300-4858,original,1.0000000003951373,34,-1.0278791221588942e-10
00653004858,006-5300-4858,original,1.0000000003951373,35,-7.402480741862792e-11
00653004858,006-5300-4858,original,1.0000000003951373,36,1.7365449500149614e-11
00653004858,006-5300-4858,original,1.0000000003951373,37,-3.724904340625862e-11
00653004858,006-5300-4858,original,1.0000000003951373,38,-1.6059965739446863e-10
00653004858,006-5300-4858,original,1.0000000003951373,39,1.3698165067836755e-10
00653004858,006-5300-4858,original,1.0000000003951373,40,-1.2643114880991467e-11
00653004858,006-5300-4858,original,1.0000000003951373,41,-1.0426371935444493e-10
00653004858,006-5300-4858,original,1.0000000003951373,42,1.3413250823392001e-10
00653004858,006-5300-4858,original,1.0000000003951373,43,9.727473176206476e-11
00653004858,006-5300-4858,original,1.0000000003951373,44,9.059542672260863e-12
00653004858,006-5300-4858,original,1.0000000003951373,45,5.5241859293208904e-11
00653004858,006-5300-4858,original,1.0000000003951373,46,-7.435210574580027e-11
00653004858,006-5300-4858,original,1.0000000003951373,47,-2.624897884013804e-10
00653004858,006-5300-4858,original,1.0000000003951373,48,2.3232391974348058e-11
00653004858,006-5300-4858,original,1.0000000003951373,49,1.5248539313171673e-10
00653004858,006-5300-4858,original,1.0000000003951373,50,1.209913762720386e-10
00653004858,006-5300-4858,original,1.0000000003951373,51,-3.3305140133455095e-11
00653004858,006-5300-4858,original,1.0000000003951373,52,-2.529208480251685e-10
00653004858,006-5300-4858,original,1.0000000003951373,53,2.0678795806896563e-11
00653004858,006-5300-4858,original,1.0000000003951373,54,4.5895430805132194e-11
00653004858,006-5300-4858,original,1.0000000003951373,55,6.723174456499925e-11
00653004858,006-5300-4858,original,1.0000000003951373,56,1.2009485182711566e-10
00653004858,006-5300-4858,original,1.0000000003951373,57,-4.175841396490264e-11
00653004858,006-5300-4858,original,1.0000000003951373,58,7.601275425196753e-11
00653004858,006-5300-4858,original,1.0000000003951373,59,-7.666120530060805e-11
00653004858,006-5300-4858,original,1.0000000003951373,60,1.1745039774785578e-10
00653004858,006-5300-4858,original,1.0000000003951373,61,-6.212298525847568e-11
00653004858,006-5300-4858,original,1.0000000003951373,62,8.557793270421437e-11
00653004858,006-5300-4858,original,1.0000000003951373,63,2.15908954738674e-10
00653004858,006-5300-4858,original,1.0000000003951373,64,-3.197586669755347e-11
00653004858,006-5300-4858,original,1.0000000003951373,65,-5.3928976182543786e-11
00653004858,006-5300-4858,original,1.0000000003951373,66,-5.452702553149403e-11
00653004858,006-5300-4858,original,1.0000000003951373,67,-1.1026492746538148e-10
00653004858,006-5300-4858,original,1.0000000003951373,68,-5.89346001441027e-11
00653004858,006-5300-4858,original,1.0000000003951373,69,-3.6865055701504e-10
00653004858,006-5300-4858,original,1.0000000003951373,70,-1.6764068474748875e-10
00653004858,006-5300-4858,original,1.0000000003951373,71,-1.4258335183306015e-10
00653004858,006-5300-4858,original,1.0000000003951373,72,-4.920718527006712e-11
00653004858,006-5300-4858,original,1.0000000003951373,73,-8.522300121394157e-11
00653004858,006-5300-4858,original,1.0000000003951373,74,4.4927152477331265e-11
00653004858,006-5300-4858,original,1.0000000003951373,75,-2.0625298317376493e-11
00653004858,006-5300-4858,original,1.0000000003951373,76,1.4655988289499287e-11
00653004858,006-5300-4858,original,1.0000000003951373,77,-4.5209448095641107e-11
00653004858,006-5300-4858,original,1.0000000003951373,78,-4.259931970302978e-11
00653004858,006-5300-4858,original,1.0000000003951373,79,1.323091107073957e-10
00653004858,006-5300-4858,original,1.0000000003951373,80,-6.966254759487441e-11
00653004858,006-5300-4858,original,1.0000000003951373,81,4.3294002830216116e-11
00653004858,006-5300-4858,original,1.0000000003951373,82,1.5177882430238982e-11
00653004858,006-5300-4858,original,1.0000000003951373,83,2.5568686025771173e-11
00653004858,006-5300-4858,original,1.0000000003951373,84,1.1247815761328614e-10
00653004858,006-5300-4858,original,1.0000000003951373,85,3.245142492783212e-11
00653004858,006-5300-4858,original,1.0000000003951373,86,-1.066125682453396e-10
00653004858,006-5300-4858,original,1.0000000003951373,87,1.2136598923484298e-11
00653004858,006-5300-4858,original,1.0000000003951373,88,2.128134767189725e-11
00653004858,006-5300-4858,original,1.0000000003951373,89,-8.549991455268613e-11
00653004858,006-5300-4858,original,1.0000000003951373,90,-5.422854202128258e-11
00653004858,006-5300-4858,original,1.0000000003951373,91,2.9339196232314864e-11
00653004858,006-5300-4858,original,1.0000000003951373,92,-3.154407339246666e-10
00653004858,006-5300-4858,original,1.0000000003951373,93,2.0251132925442863e-11
00653004858,006-5300-4858,original,1.0000000003951373,94,-9.593262962051857e-11
00653004858,006-5300-4858,original,1.0000000003951373,95,3.4664845166368185e-11
00653004858,006-5300-4858,original,1.0000000003951373,96,7.335986815926353e-10
00653004858,006-5300-4858,original,1.0000000003951373,97,4.348609444754695e-11
00653004858,006-5300-4858,original,1.0000000003951373,98,5.020242313821419e-12
00653004858,006-5300-4858,original,1.0000000003951373,99,-3.322069711828517e-11
00653004858,006-5300-4858,original,1.0000000003951373,100,1.9658100325487658e-10
00653004858,006-5300-4858,original,1.0000000003951373,101,2.6291574197164507e-12
00653004858,006-5300-4858,original,1.0000000003951373,102,9.044179457494422e-11
00653004858,006-5300-4858,original,1.0000000003951373,103,6.052191180225723e-12
00653004858,006-5300-4858,original,1.0000000003951373,104,-3.851289600895351e-11
00653004858,006-5300-4858,original,1.0000000003951373,105,2.598542658738474e-11
00653004858,006-5300-4858,original,1.0000000003951373,106,5.2704549713962326e-11
00653004858,006-5300-4858,original,1.0000000003951373,107,1.6609088553108015e-11
00653004858,006-5300-4858,original,1.0000000003951373,108,-4.996390085996488e-11
00653004858,006-5300-4858,original,1.0000000003951373,109,1.3216640852598253e-10
00653004858,006-5300-4858,original,1.0000000003951373,110,-9.848142421233268e-11
00653004858,006-5300-4858,original,1.0000000003951373,111,-5.926152512894018e-12
00653004858,006-5300-4858,original,1.0000000003951373,112,-2.5446740403318755e-10
00653004858,006-5300-4858,original,1.0000000003951373,113,-4.422957583614894e-12
00653004858,006-5300-4858,original,1.0000000003951373,114,1.1679736001065145e-11
00653004858,006-5300-4858,original,1.0000000003951373,115,-6.320916300739941e-11
00653004858,006-5300-4858,original,1.0000000003951373,116,-1.2551251170769295e-10
00653004858,006-5300-4858,original,1.0000000003951373,117,-4.45320955846579e-11
00653004858,006-5300-4858,original,1.0000000003951373,118,-4.123749692515645e-10
00653004858,006-5300-4858,original,1.0000000003951373,119,1.0701685298294646e-10
00653004858,006-5300-4858,original,1.0000000003951373,120,1.0196895435964938e-10
00653004858,006-5300-4858,original,1.0000000003951373,121,-9.314433207034517e-11
00653004858,006-5300-4858,original,1.0000000003951373,122,2.312955939005113e-11
00653004858,006-5300-4858,original,1.0000000003951373,123,-8.367020032495268e-11
00653004858,006-5300-4858,original,1.0000000003951373,124,-1.778410272452768e-10
00653004858,006-5300-4858,original,1.0000000003951373,125,-2.5340655322625993e-10
00653004858,006-5300-4858,original,1.0000000003951373,126,8.801279782196726e-11
00653004858,006-5300-4858,original,1.0000000003951373,127,-9.137991111489908e-11
00653004858,006-5300-4858,original,1.0000000003951373,128,1.7356111537092063e-10
00653004858,006-5300-4858,original,1.0000000003951373,129,-1.607045120597623e-14
00653004858,006-5300-4858,original,1.0000000003951373,130,2.6636114070206997e-12
00653004858,006-5300-4858,original,1.0000000003951373,131,3.03614311750799e-11
00653004858,006-5300-4858,original,1.0000000003951373,132,-1.6009531989426448e-10
00653004858,006-5300-4858,original,1.0000000003951373,133,-3.300115923435877e-11
00653004858,006-5300-4858,original,1.0000000003951373,134,-1.059534402139879e-10
00653004858,006-5300-4858,original,1.0000000003951373,135,1.7363653926897787e-10
00653004858,006-5300-4858,original,1.0000000003951373,136,-2.249338164335137e-11
00653004858,006-5300-4858,original,1.0000000003951373,137,1.5636732988840485e-10
00653004858,006-5300-4858,original,1.0000000003951373,138,1.5105884913271735e-10
00653004858,006-5300-4858,original,1.0000000003951373,139,-2.0622089599870607e-10
00653004858,006-5300-4858,original,1.0000000003951373,140,-5.914595569763095e-11
00653004858,006-5300-4858,original,1.0000000003951373,141,-1.376138642572011e-10
00653004858,006-5300-4858,original,1.0000000003951373,142,-9.138314252042284e-11
00653004858,006-5300-4858,original,1.0000000003951373,143,-2.5459655147128244e-10
00653004858,006-5300-4858,original,1.0000000003951373,144,-2.0939177285744589e-10
00653004858,006-5300-4858,original,1.0000000003951373,145,-7.931984285240302e-11
00653004858,006-5300-4858,original,1.0000000003951373,146,1.1365260003084012e-10
00653004858,006-5300-4858,original,1.0000000003951373,147,-7.95438264506507e-11
00653004858,006-5300-4858,original,1.0000000003951373,148,1.3268432989845476e-11
00653004858,006-5300-4858,original,1.0000000003951373,149,-5.2199747423154605e-12
00653004858,006-5300-4858,original,1.0000000003951373,150,3.2861870008657954e-11
00653004858,006-5300-4858,original,1.0000000003951373,151,2.0144173846218465e-11
00653004858,006-5300-4858,original,1.0000000003951373,152,-7.278688121182314e-10
00653004858,006-5300-4858,original,1.0000000003951373,153,1.4314976457670671e-10
00653004858,006-5300-4858,original,1.0000000003951373,154,-1.9487998915374768e-11
00653004858,006-5300-4858,original,1.0000000003951373,155,-1.0551167139312272e-11
00653004858,006-5300-4858,original,1.0000000003951373,156,-9.849380282778776e-11
00653004858,006-5300-4858,original,1.0000000003951373,157,-4.5793486238185966e-11
00653004858,006-5300-4858,original,1.0000000003951373,158,-7.547560506651442e-11
00653004858,006-5300-4858,original,1.0000000003951373,159,7.777369373154412e-11
00653004858,006-5300-4858,original,1.0000000003951373,160,3.0071675378301786e-10
00653004858,006-5300-4858,original,1.0000000003951373,161,-1.1890061464644597e-10
00653004858,006-5300-4858,original,1.0000000003951373,162,-2.879400738736287e-11
00653004858,006-5300-4858,original,1.0000000003951373,163,-6.352556161483942e-12
00653004858,006-5300-4858,original,1.0000000003951373,164,1.559177686828815e-10
00653004858,006-5300-4858,original,1.0000000003951373,165,-4.718504173618234e-10
00653004858,006-5300-4858,original,1.0000000003951373,166,-5.589158531592129e-11
00653004858,006-5300-4858,original,1.0000000003951373,167,-2.2236113001034603e-10
00653004858,006-5300-4858,original,1.0000000003951373,168,-1.470407125885487e-10
00653004858,006-5300-4858,original,1.0000000003951373,169,8.357399880978588e-11
00653004858,006-5300-4858,original,1.0000000003951373,170,-1.1561813800054029e-11
00653004858,006-5300-4858,original,1.0000000003951373,171,-1.5448206154142827e-10
00653004858,006-5300-4858,original,1.0000000003951373,172,7.018999299810739e-11
00653004858,006-5300-4858,original,1.0000000003951373,173,2.4344219742674435e-12
00653004858,006-5300-4858,original,1.0000000003951373,174,5.1102777817861444e-11
00653004858,006-5300-4858,original,1.0000000003951373,175,2.2965115655766457e-10
00653004858,006-5300-4858,original,1.0000000003951373,176,-5.210535424157853e-11
00653004858,006-5300-4858,original,1.0000000003951373,177,1.1150266225564875e-10
00653004858,006-5300-4858,original,1.0000000003951373,178,-3.1513147681888443e-10
00653004858,006-5300-4858,original,1.0000000003951373,179,3.219511713228852e-10
00653004858,006-5300-4858,original,1.0000000003951373,180,-3.84107695592136e-11
00653004858,006-5300-4858,original,1.0000000003951373,181,-9.794215956068653e-11
00653004858,006-5300-4858,original,1.0000000003951373,182,-2.6508989026555744e-11
00653004858,006-5300-4858,original,1.0000000003951373,183,-1.3236883905776216e-10
00653004858,006-5300-4858,original,1.0000000003951373,184,3.819195849369906e-11
00653004858,006-5300-4858,original,1.0000000003951373,185,-8.795561076502873e-11
00653004858,006-5300-4858,original,1.0000000003951373,186,-1.4223129108345015e-11
00653004858,006-5300-4858,original,1.0000000003951373,187,0.9999996909329867
00653004858,006-5300-4858,original,1.0000000003951373,188,0.9999996823331969
00653004858,006-5300-4858,original,1.0000000003951373,189,-6.638157363966405e-11
00653004858,006-5300-4858,original,1.0000000003951373,190,5.6535021811398764e-11
00653004858,006-5300-4858,original,1.0000000003951373,191,5.850576414028472e-11
00653004858,006-5300-4858,original,1.0000000003951373,192,5.888695073295755e-11
00653004858,006-5300-4858,original,1.0000000003951373,193,-5.817305670706284e-10
00653004858,006-5300-4858,original,1.0000000003951373,194,2.7621974249658082e-11
00653004858,006-5300-4858,original,1.0000000003951373,195,4.716226453872885e-11
00653004858,006-5300-4858,original,1.0000000003951373,196,4.0974200181656006e-11
00653004858,006-5300-4858,original,1.0000000003951373,197,-3.74507250886776e-10
00653004858,006-5300-4858,original,1.0000000003951373,198,3.7714117139312915e-11
00653004858,006-5300-4858,original,1.0000000003951373,199,3.758288725847888e-10
00653004858,006-5300-4858,original,1.0000000003951373,200,7.31804846636518e-11
00653004858,006-5300-4858,original,1.0000000003951373,201,5.656656056848133e-11
00653004858,006-5300-4858,original,1.0000000003951373,202,-2.665477356610032e-10
00653004858,006-5300-4858,original,1.0000000003951373,203,2.3918569428219817e-11
00653004859,006-5300-4859,"one digit, last group",-1.5037720923335705e-10,0,1.0600165343062017e-10
00653004859,006-5300-4859,"one digit, last group",-1.5037720923335705e-10,1,-1.5362443065285322e-10
00653004859,006-5300-4859,"one digit, last group",-1.5037720923335705e-10,2,-2.1611513134064307e-10
00653004859,006-5300-4859,"one digit, last group",-1.5037720923335705e-10,3,-2.6630062083314665e-11
00653004859,006-5300-4859,"one digit, last group",-1.5037720923335705e-10,4,-1.5388586640557997e-10
00653004859,006-5300-4859,"one digit, last group",-1.5037720923335705e-10,5,-6.78055365342066e-11
00653004859,006-5300-4859,"one digit, last group",-1.5037720923335705e-10,6,-7.921439151689181e-11
00653004859,006-5300-4859,"one digit, last group",-1.5037720923335705e-10,7,-9.641662222301639e-11
00653004859,006-5300-4859,"one digit, last group",-1.5037720923335705e-10,8,-1.284363783351985e-10
00653004859,006-5300-4859,"one digit, last group",-1.5037720923335705e-10,9,-5.8756436506064986e-12
00653004859,006-5300-4859,"one digit, last group",-1.5037720923335705e-10,10,-3.18771363589906e-11
00653004859,006-5300-4859,"one digit, last group",-1.5037720923335705e-10,11,3.297526253041236e-10
00653004859,006-5300-4859,"one digit, last group",-1.5037720923335705e-10,12,-8.065251599597426e-11
00653004859,006-5300-4859,"one digit, last group",-1.5037720923335705e-10,13,3.5684907782917424e-10
00653004859,006-5300-4859,"one digit, last group",-1.5037720923335705e-10,14,3.6957336439031494e-11
00653004859,006-5300-4859,"one digit, last group",-1.5037720923335705e-10,15,2.572809244003993e-11
00653004859,006-5300-4859,"one digit, last group",-1.5037720923335705e-10,16,-2.445989740022721e-10
00653004859,006-5300-4859,"one digit, last group",-1.5037720923335705e-10,17,4.20408015883871e-10
00653004859,006-5300-4859,"one digit, last group",-1.5037720923335705e-10,18,-4.254507288881302e-11
00653004859,006-5300-4859,"one digit, last group",-1.5037720923335705e-10,19,2.540171461454522e-11
00653004859,006-5300-4859,"one digit, last group",-1.5037720923335705e-10,20,-2.047492295080911e-10
00653004859,006-5300-4859,"one digit, last group",-1.5037720923335705e-10,21,-7.813250897188267e-12
00653004859,006-5300-4859,"one digit, last group",-1.5037720923335705e-10,22,2.252754292331881e-11
00653004859,006-5300-4859,"one digit, last group",-1.5037720923335705e-10,23,2.205789641801245e-10
00653004859,006-5300-4859,"one digit, last group",-1.5037720923335705e-10,24,-2.797338871493343e-11
00653004859,006-5300-4859,"one digit, last group",-1.5037720923335705e-10,25,-1.8873847748666146e-10
00653004859,006-5300-4859,"one digit, last group",-1.5037720923335705e-10,26,3.561694592226447e-10
00653004859,006-5300-4859,"one digit, last group",-1.5037720923335705e-10,27,-1.8459430192045655e-10
00653004859,006-5300-4859,"one digit, last group",-1.5037720923335705e-10,28,7.696177097987422e-11
00653004859,006-5300-4859,"one digit, last group",-1.5037720923335705e-10,29,4.291166409917039e-11
00653004859,006-5300-4859,"one digit, last group",-1.5037720923335705e-10,30,1.3009684777273294e-10
00653004859,006-5300-4859,"one digit, last group",-1.5037720923335705e-10,31,4.6950852676804584e-11
00653004859,006-5300-4859,"one digit, last group",-1.5037720923335705e-10,32,2.689534576343695e-11
00653004859,006-5300-4859,"one digit, last group",-1.5037720923335705e-10,33,-1.432349218556009e-10
00653004859,006-5300-4859,"one digit, last group",-1.5037720923335705e-10,34,-1.758118754863103e-10
00653004859,006-5300-4859,"one digit, last group",-1.5037720923335705e-10,35,3.734706438105051e-11
00653004859,006-5300-4859,"one digit, last group",-1.5037720923335705e-10,36,1.3034590761697644e-11
00653004859,006-5300-4859,"one digit, last group",-1.5037720923335705e-10,37,1.1773790325817763e-10
00653004859,006-5300-4859,"one digit, last group",-1.5037720923335705e-10,38,1.2197181003473816e-10
00653004859,006-5300-4859,"one digit, last group",-1.5037720923335705e-10,39,-3.32599915990523e-11
00653004859,006-5300-4859,"one digit, last group",-1.5037720923335705e-10,40,2.5072755243180726e-10
00653004859,006-5300-4859,"one digit, last group",-1.5037720923335705e-10,41,-6.270137729812687e-11
00653004859,006-5300-4859,"one digit, last group",-1.5037720923335705e-10,42,-7.269949193574085e-12
00653004859,006-5300-4859,"one digit, last group",-1.5037720923335705e-10,43,1.2561649630019763e-11
00653004859,006-5300-4859,"one digit, last group",-1.5037720923335705e-10,44,-1.594377760127022e-11
00653004859,006-5300-4859,"one digit, last group",-1.5037720923335705e-10,45,-9.683949657658692e-11
00653004859,006-5300-4859,"one digit, last group",-1.5037720923335705e-10,46,-2.030826799210923e-11
00653004859,006-5300-4859,"one digit, last group",-1.5037720923335705e-10,47,-1.8899711505724535e-11
00653004859,006-5300-4859,"one digit, last group",-1.5037720923335705e-10,48,9.687419837746423e-11
00653004859,006-5300-4859,"one digit, last group",-1.5037720923335705e-10,49,-2.0671827279790242e-11
00653004859,006-5300-4859,"one digit, last group",-1.5037720923335705e-10,50,3.67794406798341e-10
00653004859,006-5300-4859,"one digit, last group",-1.5037720923335705e-10,51,-7.786849721233432e-11
00653004859,006-5300-4859,"one digit, last group",-1.5037720923335705e-10,52,6.386617619544352e-11
00653004859,006-5300-4859,"one digit, last group",-1.5037720923335705e-10,53,-8.029414800989585e-11
00653004859,006-5300-4859,"one digit, last group",-1.5037720923335705e-10,54,-4.2259697979808015e-12
00653004859,006-5300-4859,"one digit, last group",-1.5037720923335705e-10,55,2.0607881470870578e-10
00653004859,006-5300-4859,"one digit, last group",-1.5037720923335705e-10,56,1.1920507020250124e-10
00653004859,006-5300-4859,"one digit, last group",-1.5037720923335705e-10,57,1.0753221138744296e-11
00653004859,006-5300-4859,"one digit, last group",-1.5037720923335705e-10,58,-1.4117563331743558e-11
00653004859,006-5300-4859,"one digit, last group",-1.5037720923335705e-10,59,-2.0232229942958587e-11
00653004859,006-5300-4859,"one digit, last group",-1.5037720923335705e-10,60,9.994591982799575e-11
00653004859,006-5300-4859,"one digit, last group",-1.5037720923335705e-10,61,1.2714230034820956e-11
00653004859,006-5300-4859,"one digit, last group",-1.5037720923335705e-10,62,-1.3415080140111853e-10
00653004859,006-5300-4859,"one digit, last group",-1.5037720923335705e-10,63,1.9539626490833073e-10
00653004859,006-5300-4859,"one digit, last group",-1.5037720923335705e-10,64,-3.0244653008345174e-12
00653004859,006-5300-4859,"one digit, last group",-1.5037720923335705e-10,65,-1.6072985568614947e-10
00653004859,006-5300-4859,"one digit, last group",-1.5037720923335705e-10,66,-2.720578161520882e-10
00653004859,006-5300-4859,"one digit, last group",-1.5037720923335705e-10,67,-1.6281493833169464e-10
00653004859,006-5300-4859,"one digit, last group",-1.5037720923335705e-10,68,2.1000619964335377e-10
00653004859,006-5300-4859,"one digit, last group",-1.5037720923335705e-10,69,1.5083239842645843e-11
00653004859,006-5300-4859,"one digit, last group",-1.5037720923335705e-10,70,-5.112529986928966e-11
00653004859,006-5300-4859,"one digit, last group",-1.5037720923335705e-10,71,4.1831726034351545e-11
00653004859,006-5300-4859,"one digit, last group",-1.5037720923335705e-10,72,9.909562016743273e-12
00653004859,006-5300-4859,"one digit, last group",-1.5037720923335705e-10,73,8.073783541870618e-11
00653004859,006-5300-4859,"one digit, last group",-1.5037720923335705e-10,74,-1.0397756250874724e-10
00653004859,006-5300-4859,"one digit, last group",-1.5037720923335705e-10,75,-1.7418623562813084e-12
00653004859,006-5300-4859,"one digit, last group",-1.5037720923335705e-10,76,-5.502196975246308e-11
00653004859,006-5300-4859,"one digit, last group",-1.5037720923335705e-10,77,-2.301808095940549e-11
00653004859,006-5300-4859,"one digit, last group",-1.5037720923335705e-10,78,-1.6156921028810994e-10
00653004859,006-5300-4859,"one digit, last group",-1.5037720923335705e-10,79,2.1376508344074327e-11
00653004859,006-5300-4859,"one digit, last group",-1.5037720923335705e-10,80,5.406436015811462e-11
00653004859,006-5300-4859,"one digit, last group",-1.5037720923335705e-10,81,1.5914165710557862e-10
00653004859,006-5300-4859,"one digit, last group",-1.5037720923335705e-10,82,1.4443089563870373e-10
00653004859,006-5300-4859,"one digit, last group",-1.5037720923335705e-10,83,-1.0085599981576176e-10
00653004859,006-5300-4859,"one digit, last group",-1.5037720923335705e-10,84,-2.3118250709339698e-11
00653004859,006-5300-4859,"one digit, last group",-1.5037720923335705e-10,85,-7.446395858573478e-12
00653004859,006-5300-4859,"one digit, last group",-1.5037720923335705e-10,86,-5.408451715350483e-10
00653004859,006-5300-4859,"one digit, last group",-1.5037720923335705e-10,87,-5.043282017408199e-11
00653004859,006-5300-4859,"one digit, last group",-1.5037720923335705e-10,88,-2.5169453316217257e-11
00653004859,006-5300-4859,"one digit, last group",-1.5037720923335705e-10,89,1.9036476061608338e-10
00653004859,006-5300-4859,"one digit, last group",-1.5037720923335705e-10,90,4.3350204500587566e-12
00653004859,006-5300-4859,"one digit, last group",-1.5037720923335705e-10,91,6.55149439502066e-11
00653004859,006-5300-4859,"one digit, last group",-1.5037720923335705e-10,92,2.4322093973552804e-10
00653004859,006-5300-4859,"one digit, last group",-1.5037720923335705e-10,93,1.342122932695466e-10
00653004859,006-5300-4859,"one digit, last group",-1.5037720923335705e-10,94,8.148553435316151e-11
00653004859,006-5300-4859,"one digit, last group",-1.5037720923335705e-10,95,1.3659899999410488e-10
00653004859,006-5300-4859,"one digit, last group",-1.5037720923335705e-10,96,2.128237529112177e-10
00653004859,006-5300-4859,"one digit, last group",-1.5037720923335705e-10,97,-5.229871495219512e-10
00653004859,006-5300-4859,"one digit, last group",-1.5037720923335705e-10,98,-4.83345440598274e-12
00653004859,006-5300-4859,"one digit, last group",-1.5037720923335705e-10,99,-9.882338322922098e-11
00653004859,006-5300-4859,"one digit, last group",-1.5037720923335705e-10,100,1.7834346144479795e-10
00653004859,006-5300-4859,"one digit, last group",-1.5037720923335705e-10,101,-1.3379846279969136e-10
00653004859,006-5300-4859,"one digit, last group",-1.5037720923335705e-10,102,2.4829759627672763e-10
00653004859,006-5300-4859,"one digit, last group",-1.5037720923335705e-10,103,6.092251964762803e-11
00653004859,006-5300-4859,"one digit, last group",-1.5037720923335705e-10,104,5.569580812306331e-12
00653004859,006-5300-4859,"one digit, last group",-1.5037720923335705e-10,105,-1.9529962604248432e-11
00653004859,006-5300-4859,"one digit, last group",-1.5037720923335705e-10,106,-5.886910712400292e-11
00653004859,006-5300-4859,"one digit, last group",-1.5037720923335705e-10,107,-4.2498943272755135e-11
00653004859,006-5300-4859,"one digit, last group",-1.5037720923335705e-10,108,-1.055599749400703e-10
00653004859,006-5300-4859,"one digit, last group",-1.5037720923335705e-10,109,1.0584132752503947e-11
00653004859,006-5300-4859,"one digit, last group",-1.5037720923335705e-10,110,-7.293254864554625e-11
00653004859,006-5300-4859,"one digit, last group",-1.5037720923335705e-10,111,-1.5081011267491727e-10
00653004859,006-5300-4859,"one digit, last group",-1.5037720923335705e-10,112,-4.852425178783897e-11
00653004859,006-5300-4859,"one digit, last group",-1.5037720923335705e-10,113,-3.4022643923891904e-11
00653004859,006-5300-4859,"one digit, last group",-1.5037720923335705e-10,114,1.0360406205908348e-10
00653004859,006-5300-4859,"one digit, last group",-1.5037720923335705e-10,115,2.4879651655377068e-11
00653004859,006-5300-4859,"one digit, last group",-1.5037720923335705e-10,116,-2.0863419429154784e-11
00653004859,006-5300-4859,"one digit, last group",-1.5037720923335705e-10,117,-3.7026845947495276e-10
00653004859,006-5300-4859,"one digit, last group",-1.5037720923335705e-10,118,3.876157096498592e-11
00653004859,006-5300-4859,"one digit, last group",-1.5037720923335705e-10,119,5.5700748185096556e-11
00653004859,006-5300-4859,"one digit, last group",-1.5037720923335705e-10,120,1.6635174236846676e-11
00653004859,006-5300-4859,"one digit, last group",-1.5037720923335705e-10,121,3.3297819074473686e-11
00653004859,006-5300-4859,"one digit, last group",-1.5037720923335705e-10,122,5.3994316134816956e-11
00653004859,006-5300-4859,"one digit, last group",-1.5037720923335705e-10,123,-1.3899305442603916e-11
00653004859,006-5300-4859,"one digit, last group",-1.5037720923335705e-10,124,-2.000785276279738e-10
00653004859,006-5300-4859,"one digit, last group",-1.5037720923335705e-10,125,-2.6025280183508294e-10
00653004859,006-5300-4859,"one digit, last group",-1.5037720923335705e-10,126,1.1757793551896393e-11
00653004859,006-5300-4859,"one digit, last group",-1.5037720923335705e-10,127,-1.660015010574851e-10
00653004859,006-5300-4859,"one digit, last group",-1.5037720923335705e-10,128,1.5382148044829453e-10
00653004859,006-5300-4859,"one digit, last group",-1.5037720923335705e-10,129,1.1464461421752277e-10
00653004859,006-5300-4859,"one digit, last group",-1.5037720923335705e-10,130,-8.400079997519226e-11
00653004859,006-5300-4859,"one digit, last group",-1.5037720923335705e-10,131,5.290276877255355e-11
00653004859,006-5300-4859,"one digit, last group",-1.5037720923335705e-10,132,-5.992506076081303e-11
00653004859,006-5300-4859,"one digit, last group",-1.5037720923335705e-10,133,1.7645174245872695e-10
00653004859,006-5300-4859,"one digit, last group",-1.5037720923335705e-10,134,-5.392488970722218e-11
00653004859,006-5300-4859,"one digit, last group",-1.5037720923335705e-10,135,2.6777341331424207e-11
00653004859,006-5300-4859,"one digit, last group",-1.5037720923335705e-10,136,3.2055576060420577e-11
00653004859,006-5300-4859,"one digit, last group",-1.5037720923335705e-10,137,4.439931576343295e-11
00653004859,006-5300-4859,"one digit, last group",-1.5037720923335705e-10,138,-1.3247824746904059e-10
00653004859,006-5300-4859,"one digit, last group",-1.5037720923335705e-10,139,1.0472853286970946e-10
00653004859,006-5300-4859,"one digit, last group",-1.5037720923335705e-10,140,-1.2323416711223446e-11
00653004859,006-5300-4859,"one digit, last group",-1.5037720923335705e-10,141,-2.391077623489125e-10
00653004859,006-5300-4859,"one digit, last group",-1.5037720923335705e-10,142,-2.5308024961344324e-10
00653004859,006-5300-4859,"one digit, last group",-1.5037720923335705e-10,143,-1.569046162825386e-11
00653004859,006-5300-4859,"one digit, last group",-1.5037720923335705e-10,144,-2.370825671149141e-10
00653004859,006-5300-4859,"one digit, last group",-1.5037720923335705e-10,145,-2.1663994668839906e-10
00653004859,006-5300-4859,"one digit, last group",-1.5037720923335705e-10,146,-1.4035685607597449e-11
00653004859,006-5300-4859,"one digit, last group",-1.5037720923335705e-10,147,3.8678391552282876e-10
00653004859,006-5300-4859,"one digit, last group",-1.5037720923335705e-10,148,-6.621165645406236e-11
00653004859,006-5300-4859,"one digit, last group",-1.5037720923335705e-10,149,1.289226736451497e-10
00653004859,006-5300-4859,"one digit, last group",-1.5037720923335705e-10,150,1.624549998252903e-10
00653004859,006-5300-4859,"one digit, last group",-1.5037720923335705e-10,151,5.816634656791432e-11
00653004859,006-5300-4859,"one digit, last group",-1.5037720923335705e-10,152,1.1243946307417058e-10
00653004859,006-5300-4859,"one digit, last group",-1.5037720923335705e-10,153,-1.1336573659720769e-11
00653004859,006-5300-4859,"one digit, last group",-1.5037720923335705e-10,154,5.967393868553376e-11
00653004859,006-5300-4859,"one digit, last group",-1.5037720923335705e-10,155,-6.89854320184258e-11
00653004859,006-5300-4859,"one digit, last group",-1.5037720923335705e-10,156,-1.0360662752615615e-10
00653004859,006-5300-4859,"one digit, last group",-1.5037720923335705e-10,157,7.28533276524658e-11
00653004859,006-5300-4859,"one digit, last group",-1.5037720923335705e-10,158,-1.7940639334249244e-10
00653004859,006-5300-4859,"one digit, last group",-1.5037720923335705e-10,159,1.2694577800531796e-10
00653004859,006-5300-4859,"one digit, last group",-1.5037720923335705e-10,160,-6.926379743457787e-11
00653004859,006-5300-4859,"one digit, last group",-1.5037720923335705e-10,161,-4.643995581738098e-11
00653004859,006-5300-4859,"one digit, last group",-1.5037720923335705e-10,162,-6.427387826576512e-11
00653004859,006-5300-4859,"one digit, last group",-1.5037720923335705e-10,163,-4.113368929890409e-11
00653004859,006-5300-4859,"one digit, last group",-1.5037720923335705e-10,164,-1.5104255109017686e-10
00653004859,006-5300-4859,"one digit, last group",-1.5037720923335705e-10,165,1.4127157243155416e-10
00653004859,006-5300-4859,"one digit, last group",-1.5037720923335705e-10,166,-1.393233128862139e-11
00653004859,006-5300-4859,"one digit, last group",-1.5037720923335705e-10,167,1.314710015109557e-10
00653004859,006-5300-4859,"one digit, last group",-1.5037720923335705e-10,168,5.893225465420163e-13
00653004859,006-5300-4859,"one digit, last group",-1.5037720923335705e-10,169,2.7139604006318594e-11
00653004859,006-5300-4859,"one digit, last group",-1.5037720923335705e-10,170,4.5509524428673805e-11
00653004859,006-5300-4859,"one digit, last group",-1.5037720923335705e-10,171,-2.27501302900664e-10
00653004859,006-5300-4859,"one digit, last group",-1.5037720923335705e-10,172,-1.0476015656431683e-11
00653004859,006-5300-4859,"one digit, last group",-1.5037720923335705e-10,173,1.0030116694885467e-10
00653004859,006-5300-4859,"one digit, last group",-1.5037720923335705e-10,174,-4.876988697024282e-11
00653004859,006-5300-4859,"one digit, last group",-1.5037720923335705e-10,175,-9.343810331576171e-11
00653004859,006-5300-4859,"one digit, last group",-1.5037720923335705e-10,176,-2.263783854905609e-11
00653004859,006-5300-4859,"one digit, last group",-1.5037720923335705e-10,177,-1.6961205347010025e-10
00653004859,006-5300-4859,"one digit, last group",-1.5037720923335705e-10,178,5.45763289975082e-11
00653004859,006-5300-4859,"one digit, last group",-1.5037720923335705e-10,179,-3.199605300089691e-10
00653004859,006-5300-4859,"one digit, last group",-1.5037720923335705e-10,180,-1.735087943376913e-10
00653004859,006-5300-4859,"one digit, last group",-1.5037720923335705e-10,181,-3.6896835282648215e-11
00653004859,006-5300-4859,"one digit, last group",-1.5037720923335705e-10,182,2.1983760443727254e-10
00653004859,006-5300-4859,"one digit, last group",-1.5037720923335705e-10,183,1.1177159565758022e-10
00653004859,006-5300-4859,"one digit, last group",-1.5037720923335705e-10,184,-3.818672505532829e-12
00653004859,006-5300-4859,"one digit, last group",-1.5037720923335705e-10,185,6.18816078619069e-12
00653004859,006-5300-4859,"one digit, last group",-1.5037720923335705e-10,186,3.199023301516373e-11
00653004859,006-5300-4859,"one digit, last group",-1.5037720923335705e-10,187,2.409212687313356e-09
00653004859,006-5300-4859,"one digit, last group",-1.5037720923335705e-10,188,-1.588009145768401e-09
00653004859,006-5300-4859,"one digit, last group",-1.5037720923335705e-10,189,1.0499753479007348e-10
00653004859,006-5300-4859,"one digit, last group",-1.5037720923335705e-10,190,1.4423059166298525e-10
00653004859,006-5300-4859,"one digit, last group",-1.5037720923335705e-10,191,7.483296707931857e-11
00653004859,006-5300-4859,"one digit, last group",-1.5037720923335705e-10,192,7.77647015453081e-11
00653004859,006-5300-4859,"one digit, last group",-1.5037720923335705e-10,193,9.752012013541074e-11
00653004859,006-5300-4859,"one digit, last group",-1.5037720923335705e-10,194,-2.2891285824724975e-11
00653004859,006-5300-4859,"one digit, last group",-1.5037720923335705e-10,195,-3.7905059603742946e-10
00653004859,006-5300-4859,"one digit, last group",-1.5037720923335705e-10,196,-6.532145670775427e-11
00653004859,006-5300-4859,"one digit, last group",-1.5037720923335705e-10,197,9.067642447742716e-12
00653004859,006-5300-4859,"one digit, last group",-1.5037720923335705e-10,198,6.085170914458211e-11
00653004859,006-5300-4859,"one digit, last group",-1.5037720923335705e-10,199,-8.523279341821106e-10
00653004859,006-5300-4859,"one digit, last group",-1.5037720923335705e-10,200,-1.2462421248917697e-10
00653004859,006-5300-4859,"one digit, last group",-1.5037720923335705e-10,201,6.018468177825186e-11
00653004859,006-5300-4859,"one digit, last group",-1.5037720923335705e-10,202,-5.187643043086455e-11
00653004859,006-5300-4859,"one digit, last group",-1.5037720923335705e-10,203,3.2631161652406e-12
02050002924,020-5000-2924,"one digit, first group",2.525322947283198e-10,0,-4.698186155506246e-11
02050002924,020-5000-2924,"one digit, first group",2.525322947283198e-10,1,-8.888279290826253e-11
02050002924,020-5000-2924,"one digit, first group",2.525322947283198e-10,2,-1.7291127525789472e-10
02050002924,020-5000-2924,"one digit, first group",2.525322947283198e-10,3,-2.9167214832710446e-11
02050002924,020-5000-2924,"one digit, first group",2.525322947283198e-10,4,2.1224805231207467e-10
02050002924,020-5000-2924,"one digit, first group",2.525322947283198e-10,5,-1.380165336164336e-10
02050002924,020-5000-2924,"one digit, first group",2.525322947283198e-10,6,9.718491830955536e-11
02050002924,020-5000-2924,"one digit, first group",2.525322947283198e-10,7,-7.847873792939085e-11
02050002924,020-5000-2924,"one digit, first group",2.525322947283198e-10,8,1.0437785676792233e-10
02050002924,020-5000-2924,"one digit, first group",2.525322947283198e-10,9,1.0959619396430768e-11
02050002924,020-5000-2924,"one digit, first group",2.525322947283198e-10,10,-5.0527432292296e-11
02050002924,020-5000-2924,"one digit, first group",2.525322947283198e-10,11,-9.553093144754861e-11
02050002924,020-5000-2924,"one digit, first group",2.525322947283198e-10,12,-2.3055421319065827e-10
02050002924,020-5000-2924,"one digit, first group",2.525322947283198e-10,13,-1.5998645821741206e-10
02050002924,020-5000-2924,"one digit, first group",2.525322947283198e-10,14,4.543808153647495e-11
02050002924,020-5000-2924,"one digit, first group",2.525322947283198e-10,15,5.055364701636117e-13
02050002924,020-5000-2924,"one digit, first group",2.525322947283198e-10,16,5.127813683126591e-11
02050002924,020-5000-2924,"one digit, first group",2.525322947283198e-10,17,-2.191027100008735e-10
02050002924,020-5000-2924,"one digit, first group",2.525322947283198e-10,18,-1.956512255583912e-10
02050002924,020-5000-2924,"one digit, first group",2.525322947283198e-10,19,-1.6519307377353574e-11
02050002924,020-5000-2924,"one digit, first group",2.525322947283198e-10,20,3.2137175747093156e-11
02050002924,020-5000-2924,"one digit, first group",2.525322947283198e-10,21,-6.311785051287621e-11
02050002924,020-5000-2924,"one digit, first group",2.525322947283198e-10,22,-2.293845774058422e-11
02050002924,020-5000-2924,"one digit, first group",2.525322947283198e-10,23,-1.797029652234562e-10
02050002924,020-5000-2924,"one digit, first group",2.525322947283198e-10,24,-4.773766387774656e-11
02050002924,020-5000-2924,"one digit, first group",2.525322947283198e-10,25,4.617874901294536e-11
02050002924,020-5000-2924,"one digit, first group",2.525322947283198e-10,26,5.803497038405753e-10
02050002924,020-5000-2924,"one digit, first group",2.525322947283198e-10,27,1.7066136597029096e-10
02050002924,020-5000-2924,"one digit, first group",2.525322947283198e-10,28,-1.2058088469497185e-11
02050002924,020-5000-2924,"one digit, first group",2.525322947283198e-10,29,9.954526089175533e-11
02050002924,020-5000-2924,"one digit, first group",2.525322947283198e-10,30,-4.0166854618539836e-10
02050002924,020-5000-2924,"one digit, first group",2.525322947283198e-10,31,2.1317005903208596e-10
02050002924,020-5000-2924,"one digit, first group",2.525322947283198e-10,32,-1.3758102418774733e-10
02050002924,020-5000-2924,"one digit, first group",2.525322947283198e-10,33,-2.882204980760107e-10
02050002924,020-5000-2924,"one digit, first group",2.525322947283198e-10,34,-5.71351434244488e-11
02050002924,020-5000-2924,"one digit, first group",2.525322947283198e-10,35,6.667157025280957e-11
02050002924,020-5000-2924,"one digit, first group",2.525322947283198e-10,36,2.7630194678581546e-11
02050002924,020-5000-2924,"one digit, first group",2.525322947283198e-10,37,3.131374108194508e-10
02050002924,020-5000-2924,"one digit, first group",2.525322947283198e-10,38,-1.1175263766322043e-10
02050002924,020-5000-2924,"one digit, first group",2.525322947283198e-10,39,1.4989859839293517e-10
02050002924,020-5000-2924,"one digit, first group",2.525322947283198e-10,40,3.742100311058923e-10
02050002924,020-5000-2924,"one digit, first group",2.525322947283198e-10,41,-8.313589703719566e-11
02050002924,020-5000-2924,"one digit, first group",2.525322947283198e-10,42,-5.286533043214756e-12
02050002924,020-5000-2924,"one digit, first group",2.525322947283198e-10,43,-4.296909383188792e-12
02050002924,020-5000-2924,"one digit, first group",2.525322947283198e-10,44,5.826081298195359e-11
02050002924,020-5000-2924,"one digit, first group",2.525322947283198e-10,45,1.0744056719038546e-10
02050002924,020-5000-2924,"one digit, first group",2.525322947283198e-10,46,5.0110633704118496e-11
02050002924,020-5000-2924,"one digit, first group",2.525322947283198e-10,47,-1.7521974579292817e-11
02050002924,020-5000-2924,"one digit, first group",2.525322947283198e-10,48,-6.320933412001544e-11
02050002924,020-5000-2924,"one digit, first group",2.525322947283198e-10,49,1.9811682933103492e-10
02050002924,020-5000-2924,"one digit, first group",2.525322947283198e-10,50,2.1641671723753928e-10
02050002924,020-5000-2924,"one digit, first group",2.525322947283198e-10,51,-3.0014065207057714e-11
02050002924,020-5000-2924,"one digit, first group",2.525322947283198e-10,52,1.95174649564476e-10
02050002924,020-5000-2924,"one digit, first group",2.525322947283198e-10,53,-1.0937323212068946e-10
02050002924,020-5000-2924,"one digit, first group",2.525322947283198e-10,54,-7.923141984156644e-11
02050002924,020-5000-2924,"one digit, first group",2.525322947283198e-10,55,1.9862933216929432e-10
02050002924,020-5000-2924,"one digit, first group",2.525322947283198e-10,56,2.973933685706114e-11
02050002924,020-5000-2924,"one digit, first group",2.525322947283198e-10,57,1.473835259364533e-11
02050002924,020-5000-2924,"one digit, first group",2.525322947283198e-10,58,-4.22027789006964e-12
02050002924,020-5000-2924,"one digit, first group",2.525322947283198e-10,59,4.605160488077187e-11
02050002924,020-5000-2924,"one digit, first group",2.525322947283198e-10,60,-2.0527329996380064e-10
02050002924,020-5000-2924,"one digit, first group",2.525322947283198e-10,61,1.7028052536138597e-10
02050002924,020-5000-2924,"one digit, first group",2.525322947283198e-10,62,4.0417716579825344e-11
02050002924,020-5000-2924,"one digit, first group",2.525322947283198e-10,63,7.474980692153595e-11
02050002924,020-5000-2924,"one digit, first group",2.525322947283198e-10,64,3.1116109075951955e-10
02050002924,020-5000-2924,"one digit, first group",2.525322947283198e-10,65,-1.980624647074988e-11
02050002924,020-5000-2924,"one digit, first group",2.525322947283198e-10,66,7.503812968190883e-12
02050002924,020-5000-2924,"one digit, first group",2.525322947283198e-10,67,5.668953200384454e-11
02050002924,020-5000-2924,"one digit, first group",2.525322947283198e-10,68,-7.31447012633922e-11
02050002924,020-5000-2924,"one digit, first group",2.525322947283198e-10,69,1.4788345272260667e-10
02050002924,020-5000-2924,"one digit, first group",2.525322947283198e-10,70,-9.396403509061876e-11
02050002924,020-5000-2924,"one digit, first group",2.525322947283198e-10,71,3.3124420096513343e-11
02050002924,020-5000-2924,"one digit, first group",2.525322947283198e-10,72,-2.71015476344775e-12
02050002924,020-5000-2924,"one digit, first group",2.525322947283198e-10,73,1.4466011497440185e-10
02050002924,020-5000-2924,"one digit, first group",2.525322947283198e-10,74,-1.8020559541003763e-10
02050002924,020-5000-2924,"one digit, first group",2.525322947283198e-10,75,-2.3847872296568897e-11
02050002924,020-5000-2924,"one digit, first group",2.525322947283198e-10,76,-1.2265113547334558e-10
02050002924,020-5000-2924,"one digit, first group",2.525322947283198e-10,77,-6.8772155465811e-11
02050002924,020-5000-2924,"one digit, first group",2.525322947283198e-10,78,2.306285157176357e-10
02050002924,020-5000-2924,"one digit, first group",2.525322947283198e-10,79,1.6363000680140548e-10
02050002924,020-5000-2924,"one digit, first group",2.525322947283198e-10,80,-1.68846843895646e-11
02050002924,020-5000-2924,"one digit, first group",2.525322947283198e-10,81,-1.6686812801950437e-10
02050002924,020-5000-2924,"one digit, first group",2.525322947283198e-10,82,5.008009664754367e-10
02050002924,020-5000-2924,"one digit, first group",2.525322947283198e-10,83,-8.955518749350905e-11
02050002924,020-5000-2924,"one digit, first group",2.525322947283198e-10,84,-5.743211668835002e-11
02050002924,020-5000-2924,"one digit, first group",2.525322947283198e-10,85,3.250524049972517e-11
02050002924,020-5000-2924,"one digit, first group",2.525322947283198e-10,86,1.7989392157971596e-10
02050002924,020-5000-2924,"one digit, first group",2.525322947283198e-10,87,6.374232731971427e-11
02050002924,020-5000-2924,"one digit, first group",2.525322947283198e-10,88,5.656073633801431e-11
02050002924,020-5000-2924,"one digit, first group",2.525322947283198e-10,89,2.6096726095001603e-10
02050002924,020-5000-2924,"one digit, first group",2.525322947283198e-10,90,-1.5747883968408392e-10
02050002924,020-5000-2924,"one digit, first group",2.525322947283198e-10,91,3.531193793537102e-10
02050002924,020-5000-2924,"one digit, first group",2.525322947283198e-10,92,3.748476219096088e-11
02050002924,020-5000-2924,"one digit, first group",2.525322947283198e-10,93,3.052327505776163e-11
02050002924,020-5000-2924,"one digit, first group",2.525322947283198e-10,94,3.48152028958892e-12
02050002924,020-5000-2924,"one digit, first group",2.525322947283198e-10,95,1.7094177922876704e-10
02050002924,020-5000-2924,"one digit, first group",2.525322947283198e-10,96,4.7824838375290135e-11
02050002924,020-5000-2924,"one digit, first group",2.525322947283198e-10,97,-1.7473223818739e-10
02050002924,020-5000-2924,"one digit, first group",2.525322947283198e-10,98,1.3081713514662495e-10
02050002924,020-5000-2924,"one digit, first group",2.525322947283198e-10,99,-2.352958535341313e-11
02050002924,020-5000-2924,"one digit, first group",2.525322947283198e-10,100,8.931763294045244e-11
02050002924,020-5000-2924,"one digit, first group",2.525322947283198e-10,101,5.047240842472566e-12
02050002924,020-5000-2924,"one digit, first group",2.525322947283198e-10,102,4.864791344860099e-10
02050002924,020-5000-2924,"one digit, first group",2.525322947283198e-10,103,2.2652924632507752e-10
02050002924,020-5000-2924,"one digit, first group",2.525322947283198e-10,104,-2.650827988445716e-10
02050002924,020-5000-2924,"one digit, first group",2.525322947283198e-10,105,4.0401835491499815e-11
02050002924,020-5000-2924,"one digit, first group",2.525322947283198e-10,106,-3.471069219553398e-11
02050002924,020-5000-2924,"one digit, first group",2.525322947283198e-10,107,7.253273365917501e-11
02050002924,020-5000-2924,"one digit, first group",2.525322947283198e-10,108,5.749390103064656e-11
02050002924,020-5000-2924,"one digit, first group",2.525322947283198e-10,109,1.0792951673039623e-10
02050002924,020-5000-2924,"one digit, first group",2.525322947283198e-10,110,2.7471923724075317e-11
02050002924,020-5000-2924,"one digit, first group",2.525322947283198e-10,111,1.134296842786675e-11
02050002924,020-5000-2924,"one digit, first group",2.525322947283198e-10,112,2.9511944049896413e-10
02050002924,020-5000-2924,"one digit, first group",2.525322947283198e-10,113,-9.907892058375182e-13
02050002924,020-5000-2924,"one digit, first group",2.525322947283198e-10,114,2.064495132735806e-10
02050002924,020-5000-2924,"one digit, first group",2.525322947283198e-10,115,-1.4485152041347824e-11
02050002924,020-5000-2924,"one digit, first group",2.525322947283198e-10,116,8.396926875691722e-11
02050002924,020-5000-2924,"one digit, first group",2.525322947283198e-10,117,-2.507480660237203e-11
02050002924,020-5000-2924,"one digit, first group",2.525322947283198e-10,118,-1.339439777055287e-11
02050002924,020-5000-2924,"one digit, first group",2.525322947283198e-10,119,5.983014646819907e-11
02050002924,020-5000-2924,"one digit, first group",2.525322947283198e-10,120,1.0979813332275957e-12
02050002924,020-5000-2924,"one digit, first group",2.525322947283198e-10,121,2.2662474551072683e-10
02050002924,020-5000-2924,"one digit, first group",2.525322947283198e-10,122,3.948769331338908e-11
02050002924,020-5000-2924,"one digit, first group",2.525322947283198e-10,123,-3.051991124656032e-11
02050002924,020-5000-2924,"one digit, first group",2.525322947283198e-10,124,-2.823551971641871e-10
02050002924,020-5000-2924,"one digit, first group",2.525322947283198e-10,125,-2.8041249366711675e-10
02050002924,020-5000-2924,"one digit, first group",2.525322947283198e-10,126,-4.225996664474895e-11
02050002924,020-5000-2924,"one digit, first group",2.525322947283198e-10,127,4.389943319715363e-10
02050002924,020-5000-2924,"one digit, first group",2.525322947283198e-10,128,2.5672265546509548e-11
02050002924,020-5000-2924,"one digit, first group",2.525322947283198e-10,129,-2.077418840690808e-12
02050002924,020-5000-2924,"one digit, first group",2.525322947283198e-10,130,6.539556460502554e-11
02050002924,020-5000-2924,"one digit, first group",2.525322947283198e-10,131,9.401450310229605e-11
02050002924,020-5000-2924,"one digit, first group",2.525322947283198e-10,132,-1.1516758389121704e-10
02050002924,020-5000-2924,"one digit, first group",2.525322947283198e-10,133,-1.5236998512435422e-10
02050002924,020-5000-2924,"one digit, first group",2.525322947283198e-10,134,-1.993340090457903e-11
02050002924,020-5000-2924,"one digit, first group",2.525322947283198e-10,135,-6.703510086948393e-11
02050002924,020-5000-2924,"one digit, first group",2.525322947283198e-10,136,1.8245261842584473e-11
02050002924,020-5000-2924,"one digit, first group",2.525322947283198e-10,137,5.578700554195915e-11
02050002924,020-5000-2924,"one digit, first group",2.525322947283198e-10,138,-7.83317369755128e-12
02050002924,020-5000-2924,"one digit, first group",2.525322947283198e-10,139,-9.886340399951828e-11
02050002924,020-5000-2924,"one digit, first group",2.525322947283198e-10,140,1.5798299746234138e-10
02050002924,020-5000-2924,"one digit, first group",2.525322947283198e-10,141,-2.528201989233048e-10
02050002924,020-5000-2924,"one digit, first group",2.525322947283198e-10,142,-2.4991356496341057e-09
02050002924,020-5000-2924,"one digit, first group",2.525322947283198e-10,143,3.80971233128311e-09
02050002924,020-5000-2924,"one digit, first group",2.525322947283198e-10,144,1.3669181991995664e-08
02050002924,020-5000-2924,"one digit, first group",2.525322947283198e-10,145,2.66227747130003e-10
02050002924,020-5000-2924,"one digit, first group",2.525322947283198e-10,146,-7.339191758045846e-10
02050002924,020-5000-2924,"one digit, first group",2.525322947283198e-10,147,8.474517755009805e-09
02050002924,020-5000-2924,"one digit, first group",2.525322947283198e-10,148,1.5961053186282713e-09
02050002924,020-5000-2924,"one digit, first group",2.525322947283198e-10,149,-2.2394841661906566e-09
02050002924,020-5000-2924,"one digit, first group",2.525322947283198e-10,150,-2.008003587414301e-10
02050002924,020-5000-2924,"one digit, first group",2.525322947283198e-10,151,1.3447117177389399e-11
02050002924,020-5000-2924,"one digit, first group",2.525322947283198e-10,152,-4.0563583810631664e-10
02050002924,020-5000-2924,"one digit, first group",2.525322947283198e-10,153,3.972941476060105e-11
02050002924,020-5000-2924,"one digit, first group",2.525322947283198e-10,154,-8.793578028886724e-12
02050002924,020-5000-2924,"one digit, first group",2.525322947283198e-10,155,-5.868718104907236e-10
02050002924,020-5000-2924,"one digit, first group",2.525322947283198e-10,156,-7.644426717955196e-10
02050002924,020-5000-2924,"one digit, first group",2.525322947283198e-10,157,-3.0718621760453546e-11
02050002924,020-5000-2924,"one digit, first group",2.525322947283198e-10,158,-1.982325812860342e-10
02050002924,020-5000-2924,"one digit, first group",2.525322947283198e-10,159,8.421839630978521e-11
02050002924,020-5000-2924,"one digit, first group",2.525322947283198e-10,160,9.718515272105251e-11
02050002924,020-5000-2924,"one digit, first group",2.525322947283198e-10,161,-9.701263689420417e-11
02050002924,020-5000-2924,"one digit, first group",2.525322947283198e-10,162,-8.554590136714911e-11
02050002924,020-5000-2924,"one digit, first group",2.525322947283198e-10,163,1.3080314013317588e-09
02050002924,020-5000-2924,"one digit, first group",2.525322947283198e-10,164,-2.22287746872221e-09
02050002924,020-5000-2924,"one digit, first group",2.525322947283198e-10,165,-1.0747622376382846e-10
02050002924,020-5000-2924,"one digit, first group",2.525322947283198e-10,166,-1.6180750219376515e-11
02050002924,020-5000-2924,"one digit, first group",2.525322947283198e-10,167,3.832691710417696e-10
02050002924,020-5000-2924,"one digit, first group",2.525322947283198e-10,168,-1.1372806394677726e-10
02050002924,020-5000-2924,"one digit, first group",2.525322947283198e-10,169,-4.392789590181684e-11
02050002924,020-5000-2924,"one digit, first group",2.525322947283198e-10,170,-1.2919011217618048e-10
02050002924,020-5000-2924,"one digit, first group",2.525322947283198e-10,171,-1.8844348276134834e-11
02050002924,020-5000-2924,"one digit, first group",2.525322947283198e-10,172,-3.1826985495606007e-11
02050002924,020-5000-2924,"one digit, first group",2.525322947283198e-10,173,6.706641074633441e-11
02050002924,020-5000-2924,"one digit, first group",2.525322947283198e-10,174,9.161171468900159e-11
02050002924,020-5000-2924,"one digit, first group",2.525322947283198e-10,175,3.5464399039608424e-10
02050002924,020-5000-2924,"one digit, first group",2.525322947283198e-10,176,-2.9902913227105406e-11
02050002924,020-5000-2924,"one digit, first group",2.525322947283198e-10,177,1.0116824007366319e-10
02050002924,020-5000-2924,"one digit, first group",2.525322947283198e-10,178,1.1415401201516093e-10
02050002924,020-5000-2924,"one digit, first group",2.525322947283198e-10,179,-1.1829556267302047e-10
02050002924,020-5000-2924,"one digit, first group",2.525322947283198e-10,180,-1.7143163372320187e-10
02050002924,020-5000-2924,"one digit, first group",2.525322947283198e-10,181,5.300176179164625e-10
02050002924,020-5000-2924,"one digit, first group",2.525322947283198e-10,182,-2.584683941427642e-10
02050002924,020-5000-2924,"one digit, first group",2.525322947283198e-10,183,1.42868768312808e-10
02050002924,020-5000-2924,"one digit, first group",2.525322947283198e-10,184,4.1197227822565635e-11
02050002924,020-5000-2924,"one digit, first group",2.525322947283198e-10,185,-3.6723802092383875e-11
02050002924,020-5000-2924,"one digit, first group",2.525322947283198e-10,186,-1.0640481210422833e-10
02050002924,020-5000-2924,"one digit, first group",2.525322947283198e-10,187,-8.454077476642697e-11
02050002924,020-5000-2924,"one digit, first group",2.525322947283198e-10,188,-8.136103217232808e-11
02050002924,020-5000-2924,"one digit, first group",2.525322947283198e-10,189,-1.2675366388480034e-10
02050002924,020-5000-2924,"one digit, first group",2.525322947283198e-10,190,-9.205450453305687e-12
02050002924,020-5000-2924,"one digit, first group",2.525322947283198e-10,191,-3.0115773733076815e-11
02050002924,020-5000-2924,"one digit, first group",2.525322947283198e-10,192,2.624161537629562e-10
02050002924,020-5000-2924,"one digit, first group",2.525322947283198e-10,193,-3.46594372105574e-11
02050002924,020-5000-2924,"one digit, first group",2.525322947283198e-10,194,-4.933970080361186e-11
02050002924,020-5000-2924,"one digit, first group",2.525322947283198e-10,195,-3.0472600868740845e-10
02050002924,020-5000-2924,"one digit, first group",2.525322947283198e-10,196,-8.631645319833287e-11
02050002924,020-5000-2924,"one digit, first group",2.525322947283198e-10,197,1.2709226977034856e-10
02050002924,020-5000-2924,"one digit, first group",2.525322947283198e-10,198,2.5094619154517554e-10
02050002924,020-5000-2924,"one digit, first group",2.525322947283198e-10,199,-1.0551652185389549e-10
02050002924,020-5000-2924,"one digit, first group",2.525322947283198e-10,200,-1.4378140117551075e-12
02050002924,020-5000-2924,"one digit, first group",2.525322947283198e-10,201,6.755852114640042e-11
02050002924,020-5000-2924,"one digit, first group",2.525322947283198e-10,202,-2.2671972606739953e-10
02050002924,020-5000-2924,"one digit, first group",2.525322947283198e-10,203,-4.795286972418596e-11
01050102924,010-5010-2924,"one digit, middle group",-2.6209875392698242e-11,0,-6.094776083678121e-11
01050102924,010-5010-2924,"one digit, middle group",-2.6209875392698242e-11,1,3.936960536010489e-10
01050102924,010-5010-2924,"one digit, middle group",-2.6209875392698242e-11,2,2.0466120368726712e-10
01050102924,010-5010-2924,"one digit, middle group",-2.6209875392698242e-11,3,2.6197449116084554e-11
01050102924,010-5010-2924,"one digit, middle group",-2.6209875392698242e-11,4,-2.6699770495790676e-10
01050102924,010-5010-2924,"one digit, middle group",-2.6209875392698242e-11,5,3.513935077912423e-10
01050102924,010-5010-2924,"one digit, middle group",-2.6209875392698242e-11,6,-3.08708089025726e-11
01050102924,010-5010-2924,"one digit, middle group",-2.6209875392698242e-11,7,-1.0624078834054138e-10
01050102924,010-5010-2924,"one digit, middle group",-2.6209875392698242e-11,8,-2.233272937660372e-10
01050102924,010-5010-2924,"one digit, middle group",-2.6209875392698242e-11,9,8.41043835014075e-11
01050102924,010-5010-2924,"one digit, middle group",-2.6209875392698242e-11,10,1.769178940914094e-11
01050102924,010-5010-2924,"one digit, middle group",-2.6209875392698242e-11,11,1.2470373160262673e-10
01050102924,010-5010-2924,"one digit, middle group",-2.6209875392698242e-11,12,3.849391044509574e-11
01050102924,010-5010-2924,"one digit, middle group",-2.6209875392698242e-11,13,-2.129869891248524e-10
01050102924,010-5010-2924,"one digit, middle group",-2.6209875392698242e-11,14,3.271877253197234e-11
01050102924,010-5010-2924,"one digit, middle group",-2.6209875392698242e-11,15,4.081642514619392e-11
01050102924,010-5010-2924,"one digit, middle group",-2.6209875392698242e-11,16,1.7459109626883784e-11
01050102924,010-5010-2924,"one digit, middle group",-2.6209875392698242e-11,17,7.016937439052802e-11
01050102924,010-5010-2924,"one digit, middle group",-2.6209875392698242e-11,18,1.6530794638148385e-10
01050102924,010-5010-2924,"one digit, middle group",-2.6209875392698242e-11,19,3.969608996548111e-12
01050102924,010-5010-2924,"one digit, middle group",-2.6209875392698242e-11,20,-9.33835766692508e-11
01050102924,010-5010-2924,"one digit, middle group",-2.6209875392698242e-11,21,8.704001992265122e-11
01050102924,010-5010-2924,"one digit, middle group",-2.6209875392698242e-11,22,4.134833133662725e-11
01050102924,010-5010-2924,"one digit, middle group",-2.6209875392698242e-11,23,3.164535626563339e-10
01050102924,010-5010-2924,"one digit, middle group",-2.6209875392698242e-11,24,3.0677729801926186e-11
01050102924,010-5010-2924,"one digit, middle group",-2.6209875392698242e-11,25,1.0871706082899449e-10
01050102924,010-5010-2924,"one digit, middle group",-2.6209875392698242e-11,26,-5.010868514576855e-11
01050102924,010-5010-2924,"one digit, middle group",-2.6209875392698242e-11,27,9.033130795012982e-11
01050102924,010-5010-2924,"one digit, middle group",-2.6209875392698242e-11,28,1.384853041057618e-10
01050102924,010-5010-2924,"one digit, middle group",-2.6209875392698242e-11,29,8.907108649734493e-11
01050102924,010-5010-2924,"one digit, middle group",-2.6209875392698242e-11,30,3.885458157821482e-10
01050102924,010-5010-2924,"one digit, middle group",-2.6209875392698242e-11,31,-4.707256574315152e-11
01050102924,010-5010-2924,"one digit, middle group",-2.6209875392698242e-11,32,6.183201221214961e-10
01050102924,010-5010-2924,"one digit, middle group",-2.6209875392698242e-11,33,-3.106700412627596e-10
01050102924,010-5010-2924,"one digit, middle group",-2.6209875392698242e-11,34,-2.83950093468904e-10
01050102924,010-5010-2924,"one digit, middle group",-2.6209875392698242e-11,35,-5.120896418305253e-12
01050102924,010-5010-2924,"one digit, middle group",-2.6209875392698242e-11,36,1.0432301291385657e-11
01050102924,010-5010-2924,"one digit, middle group",-2.6209875392698242e-11,37,4.172991456626746e-11
01050102924,010-5010-2924,"one digit, middle group",-2.6209875392698242e-11,38,-8.023299214525634e-12
01050102924,010-5010-2924,"one digit, middle group",-2.6209875392698242e-11,39,-1.1741167390371401e-10
01050102924,010-5010-2924,"one digit, middle group",-2.6209875392698242e-11,40,3.373669891815425e-10
01050102924,010-5010-2924,"one digit, middle group",-2.6209875392698242e-11,41,1.1020439215901332e-11
01050102924,010-5010-2924,"one digit, middle group",-2.6209875392698242e-11,42,-7.644411686156682e-11
01050102924,010-5010-2924,"one digit, middle group",-2.6209875392698242e-11,43,1.1157285529370005e-10
01050102924,010-5010-2924,"one digit, middle group",-2.6209875392698242e-11,44,-3.439599651226007e-11
01050102924,010-5010-2924,"one digit, middle group",-2.6209875392698242e-11,45,-8.961419741945927e-11
01050102924,010-5010-2924,"one digit, middle group",-2.6209875392698242e-11,46,2.7862463164042392e-11
01050102924,010-5010-2924,"one digit, middle group",-2.6209875392698242e-11,47,1.7605734642100949e-10
01050102924,010-5010-2924,"one digit, middle group",-2.6209875392698242e-11,48,1.496572542825359e-11
01050102924,010-5010-2924,"one digit, middle group",-2.6209875392698242e-11,49,-2.2318225742188855e-11
01050102924,010-5010-2924,"one digit, middle group",-2.6209875392698242e-11,50,-4.269395653245378e-10
01050102924,010-5010-2924,"one digit, middle group",-2.6209875392698242e-11,51,4.4026781910812015e-11
01050102924,010-5010-2924,"one digit, middle group",-2.6209875392698242e-11,52,-2.8780736143093523e-10
01050102924,010-5010-2924,"one digit, middle group",-2.6209875392698242e-11,53,-5.705292288348816e-11
01050102924,010-5010-2924,"one digit, middle group",-2.6209875392698242e-11,54,6.782685971219982e-11
01050102924,010-5010-2924,"one digit, middle group",-2.6209875392698242e-11,55,3.549742297729363e-11
01050102924,010-5010-2924,"one digit, middle group",-2.6209875392698242e-11,56,8.443059549546441e-11
01050102924,010-5010-2924,"one digit, middle group",-2.6209875392698242e-11,57,9.288843965003526e-12
01050102924,010-5010-2924,"one digit, middle group",-2.6209875392698242e-11,58,1.3553585771222344e-11
01050102924,010-5010-2924,"one digit, middle group",-2.6209875392698242e-11,59,1.2063168002827455e-10
01050102924,010-5010-2924,"one digit, middle group",-2.6209875392698242e-11,60,5.153530411963835e-11
01050102924,010-5010-2924,"one digit, middle group",-2.6209875392698242e-11,61,-2.7517117509513203e-13
01050102924,010-5010-2924,"one digit, middle group",-2.6209875392698242e-11,62,1.5542440490467076e-10
01050102924,010-5010-2924,"one digit, middle group",-2.6209875392698242e-11,63,-1.0706018248410337e-10
01050102924,010-5010-2924,"one digit, middle group",-2.6209875392698242e-11,64,1.483341279787627e-10
01050102924,010-5010-2924,"one digit, middle group",-2.6209875392698242e-11,65,8.466201157850127e-11
01050102924,010-5010-2924,"one digit, middle group",-2.6209875392698242e-11,66,-4.5195087257413124e-10
01050102924,010-5010-2924,"one digit, middle group",-2.6209875392698242e-11,67,1.3196226335472836e-10
01050102924,010-5010-2924,"one digit, middle group",-2.6209875392698242e-11,68,-7.352582451185662e-11
01050102924,010-5010-2924,"one digit, middle group",-2.6209875392698242e-11,69,5.143398832724609e-10
01050102924,010-5010-2924,"one digit, middle group",-2.6209875392698242e-11,70,5.97662828300045e-11
01050102924,010-5010-2924,"one digit, middle group",-2.6209875392698242e-11,71,8.295694655312188e-11
01050102924,010-5010-2924,"one digit, middle group",-2.6209875392698242e-11,72,-2.3442481973656013e-11
01050102924,010-5010-2924,"one digit, middle group",-2.6209875392698242e-11,73,1.2311600221233875e-12
01050102924,010-5010-2924,"one digit, middle group",-2.6209875392698242e-11,74,-2.259415155586475e-10
01050102924,010-5010-2924,"one digit, middle group",-2.6209875392698242e-11,75,-2.2217716821031573e-11
01050102924,010-5010-2924,"one digit, middle group",-2.6209875392698242e-11,76,-6.229187157002023e-11
01050102924,010-5010-2924,"one digit, middle group",-2.6209875392698242e-11,77,1.3929960348829419e-11
01050102924,010-5010-2924,"one digit, middle group",-2.6209875392698242e-11,78,3.197752276779158e-10
01050102924,010-5010-2924,"one digit, middle group",-2.6209875392698242e-11,79,2.2511842611901434e-10
01050102924,010-5010-2924,"one digit, middle group",-2.6209875392698242e-11,80,1.7066461067108462e-10
01050102924,010-5010-2924,"one digit, middle group",-2.6209875392698242e-11,81,-1.7798200346429413e-11
01050102924,010-5010-2924,"one digit, middle group",-2.6209875392698242e-11,82,5.826923958543041e-12
01050102924,010-5010-2924,"one digit, middle group",-2.6209875392698242e-11,83,3.409931162128295e-11
01050102924,010-5010-2924,"one digit, middle group",-2.6209875392698242e-11,84,1.23844092541574e-12
01050102924,010-5010-2924,"one digit, middle group",-2.6209875392698242e-11,85,5.090748647318868e-11
01050102924,010-5010-2924,"one digit, middle group",-2.6209875392698242e-11,86,2.1126641201694672e-10
01050102924,010-5010-2924,"one digit, middle group",-2.6209875392698242e-11,87,3.929412433165983e-11
01050102924,010-5010-2924,"one digit, middle group",-2.6209875392698242e-11,88,-1.218493427910402e-10
01050102924,010-5010-2924,"one digit, middle group",-2.6209875392698242e-11,89,-2.0712515845179809e-10
01050102924,010-5010-2924,"one digit, middle group",-2.6209875392698242e-11,90,8.432676050209148e-11
01050102924,010-5010-2924,"one digit, middle group",-2.6209875392698242e-11,91,-3.543122930922566e-10
01050102924,010-5010-2924,"one digit, middle group",-2.6209875392698242e-11,92,-3.5438431972030297e-10
01050102924,010-5010-2924,"one digit, middle group",-2.6209875392698242e-11,93,4.6969149205891995e-11
01050102924,010-5010-2924,"one digit, middle group",-2.6209875392698242e-11,94,6.075111044547805e-11
01050102924,010-5010-2924,"one digit, middle group",-2.6209875392698242e-11,95,-2.3905108768336025e-10
01050102924,010-5010-2924,"one digit, middle group",-2.6209875392698242e-11,96,2.209120599093182e-10
01050102924,010-5010-2924,"one digit, middle group",-2.6209875392698242e-11,97,-3.4822512553830124e-11
01050102924,010-5010-2924,"one digit, middle group",-2.6209875392698242e-11,98,-1.2840750927165477e-10
01050102924,010-5010-2924,"one digit, middle group",-2.6209875392698242e-11,99,-9.441988655858586e-11
01050102924,010-5010-2924,"one digit, middle group",-2.6209875392698242e-11,100,2.4067558991446667e-10
01050102924,010-5010-2924,"one digit, middle group",-2.6209875392698242e-11,101,1.8719167288473912e-14
01050102924,010-5010-2924,"one digit, middle group",-2.6209875392698242e-11,102,-5.022603299999827e-11
01050102924,010-5010-2924,"one digit, middle group",-2.6209875392698242e-11,103,1.6436570998472388e-10
01050102924,010-5010-2924,"one digit, middle group",-2.6209875392698242e-11,104,4.138598619855815e-12
01050102924,010-5010-2924,"one digit, middle group",-2.6209875392698242e-11,105,1.810659847103931e-11
01050102924,010-5010-2924,"one digit, middle group",-2.6209875392698242e-11,106,-1.157213339336096e-11
01050102924,010-5010-2924,"one digit, middle group",-2.6209875392698242e-11,107,-3.102011859613378e-11
01050102924,010-5010-2924,"one digit, middle group",-2.6209875392698242e-11,108,-1.2059233305801911e-11
01050102924,010-5010-2924,"one digit, middle group",-2.6209875392698242e-11,109,-1.7393737295056376e-10
01050102924,010-5010-2924,"one digit, middle group",-2.6209875392698242e-11,110,-7.098615690045278e-11
01050102924,010-5010-2924,"one digit, middle group",-2.6209875392698242e-11,111,1.4725200109483726e-10
01050102924,010-5010-2924,"one digit, middle group",-2.6209875392698242e-11,112,-3.0297834302495754e-11
01050102924,010-5010-2924,"one digit, middle group",-2.6209875392698242e-11,113,-1.630632423451173e-11
01050102924,010-5010-2924,"one digit, middle group",-2.6209875392698242e-11,114,-2.605387447638087e-10
01050102924,010-5010-2924,"one digit, middle group",-2.6209875392698242e-11,115,4.525547916369301e-11
01050102924,010-5010-2924,"one digit, middle group",-2.6209875392698242e-11,116,-4.360133489788578e-11
01050102924,010-5010-2924,"one digit, middle group",-2.6209875392698242e-11,117,4.870275054858866e-12
01050102924,010-5010-2924,"one digit, middle group",-2.6209875392698242e-11,118,-4.2179783901047845e-10
01050102924,010-5010-2924,"one digit, middle group",-2.6209875392698242e-11,119,-1.041403679884556e-10
01050102924,010-5010-2924,"one digit, middle group",-2.6209875392698242e-11,120,1.5803930694288535e-11
01050102924,010-5010-2924,"one digit, middle group",-2.6209875392698242e-11,121,3.4270960558590547e-10
01050102924,010-5010-2924,"one digit, middle group",-2.6209875392698242e-11,122,-9.788347956642314e-11
01050102924,010-5010-2924,"one digit, middle group",-2.6209875392698242e-11,123,6.45507154626591e-11
01050102924,010-5010-2924,"one digit, middle group",-2.6209875392698242e-11,124,-4.531388833422634e-10
01050102924,010-5010-2924,"one digit, middle group",-2.6209875392698242e-11,125,6.249348363837546e-11
01050102924,010-5010-2924,"one digit, middle group",-2.6209875392698242e-11,126,-3.2960107525899997e-11
01050102924,010-5010-2924,"one digit, middle group",-2.6209875392698242e-11,127,-6.859338166727118e-11
01050102924,010-5010-2924,"one digit, middle group",-2.6209875392698242e-11,128,1.4825511057559083e-10
01050102924,010-5010-2924,"one digit, middle group",-2.6209875392698242e-11,129,7.292507070941055e-11
01050102924,010-5010-2924,"one digit, middle group",-2.6209875392698242e-11,130,8.82441579245381e-13
01050102924,010-5010-2924,"one digit, middle group",-2.6209875392698242e-11,131,1.5065661457124889e-10
01050102924,010-5010-2924,"one digit, middle group",-2.6209875392698242e-11,132,3.015465272302909e-11
01050102924,010-5010-2924,"one digit, middle group",-2.6209875392698242e-11,133,-1.3928811069010774e-10
01050102924,010-5010-2924,"one digit, middle group",-2.6209875392698242e-11,134,1.9184757122658456e-11
01050102924,010-5010-2924,"one digit, middle group",-2.6209875392698242e-11,135,3.33045465337369e-11
01050102924,010-5010-2924,"one digit, middle group",-2.6209875392698242e-11,136,-5.490191473082722e-11
01050102924,010-5010-2924,"one digit, middle group",-2.6209875392698242e-11,137,9.929810278789325e-11
01050102924,010-5010-2924,"one digit, middle group",-2.6209875392698242e-11,138,2.6655065044307622e-11
01050102924,010-5010-2924,"one digit, middle group",-2.6209875392698242e-11,139,-1.424690817061571e-10
01050102924,010-5010-2924,"one digit, middle group",-2.6209875392698242e-11,140,-2.0762552126991061e-10
01050102924,010-5010-2924,"one digit, middle group",-2.6209875392698242e-11,141,3.633161522681148e-11
01050102924,010-5010-2924,"one digit, middle group",-2.6209875392698242e-11,142,1.138341471481742e-09
01050102924,010-5010-2924,"one digit, middle group",-2.6209875392698242e-11,143,-1.6415597416050203e-09
01050102924,010-5010-2924,"one digit, middle group",-2.6209875392698242e-11,144,-3.290278321696024e-09
01050102924,010-5010-2924,"one digit, middle group",-2.6209875392698242e-11,145,9.725002793527263e-10
01050102924,010-5010-2924,"one digit, middle group",-2.6209875392698242e-11,146,-3.7191455308110234e-09
01050102924,010-5010-2924,"one digit, middle group",-2.6209875392698242e-11,147,1.5807513037699675e-08
01050102924,010-5010-2924,"one digit, middle group",-2.6209875392698242e-11,148,-1.4916099770401324e-09
01050102924,010-5010-2924,"one digit, middle group",-2.6209875392698242e-11,149,-9.549454902997463e-10
01050102924,010-5010-2924,"one digit, middle group",-2.6209875392698242e-11,150,1.564657024037497e-10
01050102924,010-5010-2924,"one digit, middle group",-2.6209875392698242e-11,151,1.4094038025035815e-11
01050102924,010-5010-2924,"one digit, middle group",-2.6209875392698242e-11,152,-2.296886075606164e-10
01050102924,010-5010-2924,"one digit, middle group",-2.6209875392698242e-11,153,8.479997608591268e-11
01050102924,010-5010-2924,"one digit, middle group",-2.6209875392698242e-11,154,-9.865246777579828e-12
01050102924,010-5010-2924,"one digit, middle group",-2.6209875392698242e-11,155,-5.938994672158519e-11
01050102924,010-5010-2924,"one digit, middle group",-2.6209875392698242e-11,156,3.745680492889124e-09
01050102924,010-5010-2924,"one digit, middle group",-2.6209875392698242e-11,157,-2.020028692920924e-11
01050102924,010-5010-2924,"one digit, middle group",-2.6209875392698242e-11,158,-2.7062369823376802e-11
01050102924,010-5010-2924,"one digit, middle group",-2.6209875392698242e-11,159,-1.2036097139328021e-11
01050102924,010-5010-2924,"one digit, middle group",-2.6209875392698242e-11,160,1.5868971504370703e-09
01050102924,010-5010-2924,"one digit, middle group",-2.6209875392698242e-11,161,6.640755414361665e-11
01050102924,010-5010-2924,"one digit, middle group",-2.6209875392698242e-11,162,-1.9392244289746634e-11
01050102924,010-5010-2924,"one digit, middle group",-2.6209875392698242e-11,163,2.6365948868162355e-09
01050102924,010-5010-2924,"one digit, middle group",-2.6209875392698242e-11,164,-3.4147684531386927e-09
01050102924,010-5010-2924,"one digit, middle group",-2.6209875392698242e-11,165,3.0021322235303536e-11
01050102924,010-5010-2924,"one digit, middle group",-2.6209875392698242e-11,166,-4.4923991440068896e-11
01050102924,010-5010-2924,"one digit, middle group",-2.6209875392698242e-11,167,-1.1530331139018953e-10
01050102924,010-5010-2924,"one digit, middle group",-2.6209875392698242e-11,168,-1.751312345749531e-10
01050102924,010-5010-2924,"one digit, middle group",-2.6209875392698242e-11,169,-2.2183476922077498e-10
01050102924,010-5010-2924,"one digit, middle group",-2.6209875392698242e-11,170,2.612397292904862e-10
01050102924,010-5010-2924,"one digit, middle group",-2.6209875392698242e-11,171,-4.0790820079783016e-10
01050102924,010-5010-2924,"one digit, middle group",-2.6209875392698242e-11,172,4.921905850160726e-11
01050102924,010-5010-2924,"one digit, middle group",-2.6209875392698242e-11,173,-4.235482851582781e-11
01050102924,010-5010-2924,"one digit, middle group",-2.6209875392698242e-11,174,5.106586686515136e-11
01050102924,010-5010-2924,"one digit, middle group",-2.6209875392698242e-11,175,-8.754667180181813e-11
01050102924,010-5010-2924,"one digit, middle group",-2.6209875392698242e-11,176,-2.0296256622814554e-11
01050102924,010-5010-2924,"one digit, middle group",-2.6209875392698242e-11,177,1.7296733141375242e-10
01050102924,010-5010-2924,"one digit, middle group",-2.6209875392698242e-11,178,2.044340883878607e-10
01050102924,010-5010-2924,"one digit, middle group",-2.6209875392698242e-11,179,-1.995211734039148e-10
01050102924,010-5010-2924,"one digit, middle group",-2.6209875392698242e-11,180,-2.8105444856489968e-11
01050102924,010-5010-2924,"one digit, middle group",-2.6209875392698242e-11,181,-2.534635386108362e-10
01050102924,010-5010-2924,"one digit, middle group",-2.6209875392698242e-11,182,-1.9657764393366905e-11
01050102924,010-5010-2924,"one digit, middle group",-2.6209875392698242e-11,183,-5.890785599270725e-11
01050102924,010-5010-2924,"one digit, middle group",-2.6209875392698242e-11,184,3.244169311832902e-12
01050102924,010-5010-2924,"one digit, middle group",-2.6209875392698242e-11,185,1.103730610939292e-11
01050102924,010-5010-2924,"one digit, middle group",-2.6209875392698242e-11,186,1.4439771483886288e-10
01050102924,010-5010-2924,"one digit, middle group",-2.6209875392698242e-11,187,-8.31632081133618e-11
01050102924,010-5010-2924,"one digit, middle group",-2.6209875392698242e-11,188,-1.5808162790022363e-10
01050102924,010-5010-2924,"one digit, middle group",-2.6209875392698242e-11,189,4.1050989630014034e-11
01050102924,010-5010-2924,"one digit, middle group",-2.6209875392698242e-11,190,8.688775708350365e-11
01050102924,010-5010-2924,"one digit, middle group",-2.6209875392698242e-11,191,1.5056129997591767e-11
01050102924,010-5010-2924,"one digit, middle group",-2.6209875392698242e-11,192,4.57155114513344e-11
01050102924,010-5010-2924,"one digit, middle group",-2.6209875392698242e-11,193,2.60728859683103e-10
01050102924,010-5010-2924,"one digit, middle group",-2.6209875392698242e-11,194,-6.791869360422571e-12
01050102924,010-5010-2924,"one digit, middle group",-2.6209875392698242e-11,195,-5.898226050264542e-11
01050102924,010-5010-2924,"one digit, middle group",-2.6209875392698242e-11,196,-3.8439116310238385e-11
01050102924,010-5010-2924,"one digit, middle group",-2.6209875392698242e-11,197,2.9573126717039765e-11
01050102924,010-5010-2924,"one digit, middle group",-2.6209875392698242e-11,198,1.1102430995598729e-10
01050102924,010-5010-2924,"one digit, middle group",-2.6209875392698242e-11,199,-1.8204093864055206e-10
01050102924,010-5010-2924,"one digit, middle group",-2.6209875392698242e-11,200,3.348448892857418e-11
01050102924,010-5010-2924,"one digit, middle group",-2.6209875392698242e-11,201,6.391528605061648e-12
01050102924,010-5010-2924,"one digit, middle group",-2.6209875392698242e-11,202,5.103471197953341e-10
01050102924,010-5010-2924,"one digit, middle group",-2.6209875392698242e-11,203,4.0195056717450306e-12
01011112222,010-1111-2222,not in the log,-4.406113981420907e-10,0,-6.539145949668134e-11
01011112222,010-1111-2222,not in the log,-4.406113981420907e-10,1,-5.2740240345027205e-11
01011112222,010-1111-2222,not in the log,-4.406113981420907e-10,2,-1.3769195866069586e-10
01011112222,010-1111-2222,not in the log,-4.406113981420907e-10,3,-9.841244381866238e-11
01011112222,010-1111-2222,not in the log,-4.406113981420907e-10,4,7.140722802577362e-11
01011112222,010-1111-2222,not in the log,-4.406113981420907e-10,5,1.6313091666106353e-10
01011112222,010-1111-2222,not in the log,-4.406113981420907e-10,6,-6.732399870388538e-11
01011112222,010-1111-2222,not in the log,-4.406113981420907e-10,7,-1.007935228718912e-10
01011112222,010-1111-2222,not in the log,-4.406113981420907e-10,8,1.5905579684225282e-10
01011112222,010-1111-2222,not in the log,-4.406113981420907e-10,9,7.116129933801175e-11
01011112222,010-1111-2222,not in the log,-4.406113981420907e-10,10,-1.52181740200497e-12
01011112222,010-1111-2222,not in the log,-4.406113981420907e-10,11,6.198068550412231e-11
01011112222,010-1111-2222,not in the log,-4.406113981420907e-10,12,-1.532813014235683e-10
01011112222,010-1111-2222,not in the log,-4.406113981420907e-10,13,8.027956901324449e-11
01011112222,010-1111-2222,not in the log,-4.406113981420907e-10,14,9.228438963983587e-11
01011112222,010-1111-2222,not in the log,-4.406113981420907e-10,15,7.283534316331408e-11
01011112222,010-1111-2222,not in the log,-4.406113981420907e-10,16,1.1185633984396592e-10
01011112222,010-1111-2222,not in the log,-4.406113981420907e-10,17,2.037998551398693e-10
01011112222,010-1111-2222,not in the log,-4.406113981420907e-10,18,-3.586429341225448e-10
01011112222,010-1111-2222,not in the log,-4.406113981420907e-10,19,1.4911588143093363e-11
01011112222,010-1111-2222,not in the log,-4.406113981420907e-10,20,1.700974887128335e-10
01011112222,010-1111-2222,not in the log,-4.406113981420907e-10,21,2.2342871150700123e-11
01011112222,010-1111-2222,not in the log,-4.406113981420907e-10,22,-1.270902916751008e-10
01011112222,010-1111-2222,not in the log,-4.406113981420907e-10,23,-1.5230328728106108e-10
01011112222,010-1111-2222,not in the log,-4.406113981420907e-10,24,-5.207844131506144e-10
01011112222,010-1111-2222,not in the log,-4.406113981420907e-10,25,-4.0709280237003116e-11
01011112222,010-1111-2222,not in the log,-4.406113981420907e-10,26,-1.198500992381305e-11
01011112222,010-1111-2222,not in the log,-4.406113981420907e-10,27,-1.9750553314892647e-10
01011112222,010-1111-2222,not in the log,-4.406113981420907e-10,28,-8.607092452673905e-11
01011112222,010-1111-2222,not in the log,-4.406113981420907e-10,29,1.9927479211145987e-10
01011112222,010-1111-2222,not in the log,-4.406113981420907e-10,30,3.0029014350726814e-14
01011112222,010-1111-2222,not in the log,-4.406113981420907e-10,31,-4.037590338529202e-12
01011112222,010-1111-2222,not in the log,-4.406113981420907e-10,32,1.645559617228751e-10
01011112222,010-1111-2222,not in the log,-4.406113981420907e-10,33,2.860823581205675e-11
01011112222,010-1111-2222,not in the log,-4.406113981420907e-10,34,-3.2578088810106165e-10
01011112222,010-1111-2222,not in the log,-4.406113981420907e-10,35,-6.135376783718873e-11
01011112222,010-1111-2222,not in the log,-4.406113981420907e-10,36,4.8745303473581124e-11
01011112222,010-1111-2222,not in the log,-4.406113981420907e-10,37,1.1878150335117997e-10
01011112222,010-1111-2222,not in the log,-4.406113981420907e-10,38,-2.4069746241295677e-11
01011112222,010-1111-2222,not in the log,-4.406113981420907e-10,39,-3.0118701445750224e-10
01011112222,010-1111-2222,not in the log,-4.406113981420907e-10,40,3.9984571514106217e-10
01011112222,010-1111-2222,not in the log,-4.406113981420907e-10,41,-1.3669515906544522e-11
01011112222,010-1111-2222,not in the log,-4.406113981420907e-10,42,1.1586022861784284e-10
01011112222,010-1111-2222,not in the log,-4.406113981420907e-10,43,-1.440442650858994e-11
01011112222,010-1111-2222,not in the log,-4.406113981420907e-10,44,6.97184831458845e-11
01011112222,010-1111-2222,not in the log,-4.406113981420907e-10,45,-6.429246657623607e-11
01011112222,010-1111-2222,not in the log,-4.406113981420907e-10,46,-9.481273576200154e-11
01011112222,010-1111-2222,not in the log,-4.406113981420907e-10,47,-9.240036212913517e-11
01011112222,010-1111-2222,not in the log,-4.406113981420907e-10,48,1.7173570492486363e-10
01011112222,010-1111-2222,not in the log,-4.406113981420907e-10,49,2.845231407255535e-10
01011112222,010-1111-2222,not in the log,-4.406113981420907e-10,50,-9.999724275818231e-12
01011112222,010-1111-2222,not in the log,-4.406113981420907e-10,51,1.4158533814855433e-12
01011112222,010-1111-2222,not in the log,-4.406113981420907e-10,52,1.8129765844810823e-11
01011112222,010-1111-2222,not in the log,-4.406113981420907e-10,53,-3.787126120099269e-11
01011112222,010-1111-2222,not in the log,-4.406113981420907e-10,54,-9.742814968447795e-11
01011112222,010-1111-2222,not in the log,-4.406113981420907e-10,55,-3.246175672427154e-10
01011112222,010-1111-2222,not in the log,-4.406113981420907e-10,56,2.016925124831178e-10
01011112222,010-1111-2222,not in the log,-4.406113981420907e-10,57,3.361291920423555e-11
01011112222,010-1111-2222,not in the log,-4.406113981420907e-10,58,-9.497661747406524e-11
01011112222,010-1111-2222,not in the log,-4.406113981420907e-10,59,7.627464423332775e-12
01011112222,010-1111-2222,not in the log,-4.406113981420907e-10,60,-1.1720051499182677e-10
01011112222,010-1111-2222,not in the log,-4.406113981420907e-10,61,5.4112215770826536e-11
01011112222,010-1111-2222,not in the log,-4.406113981420907e-10,62,-2.2135554876083814e-11
01011112222,010-1111-2222,not in the log,-4.406113981420907e-10,63,5.0867048500956376e-11
01011112222,010-1111-2222,not in the log,-4.406113981420907e-10,64,-1.6359850803371237e-10
01011112222,010-1111-2222,not in the log,-4.406113981420907e-10,65,2.596308988202016e-10
01011112222,010-1111-2222,not in the log,-4.406113981420907e-10,66,-4.908012087939838e-11
01011112222,010-1111-2222,not in the log,-4.406113981420907e-10,67,-5.1957536025159726e-11
01011112222,010-1111-2222,not in the log,-4.406113981420907e-10,68,-7.824446260989337e-11
01011112222,010-1111-2222,not in the log,-4.406113981420907e-10,69,2.0711978429056736e-10
01011112222,010-1111-2222,not in the log,-4.406113981420907e-10,70,8.345182821232636e-11
01011112222,010-1111-2222,not in the log,-4.406113981420907e-10,71,-1.5817610458518764e-12
01011112222,010-1111-2222,not in the log,-4.406113981420907e-10,72,3.743909470939933e-11
01011112222,010-1111-2222,not in the log,-4.406113981420907e-10,73,4.2077575495601904e-11
01011112222,010-1111-2222,not in the log,-4.406113981420907e-10,74,-3.852396503886566e-10
01011112222,010-1111-2222,not in the log,-4.406113981420907e-10,75,-4.2455401357972365e-11
01011112222,010-1111-2222,not in the log,-4.406113981420907e-10,76,2.179057728912054e-11
01011112222,010-1111-2222,not in the log,-4.406113981420907e-10,77,7.616307105459273e-11
01011112222,010-1111-2222,not in the log,-4.406113981420907e-10,78,-1.0626560364104172e-10
01011112222,010-1111-2222,not in the log,-4.406113981420907e-10,79,-5.967468726099303e-11
01011112222,010-1111-2222,not in the log,-4.406113981420907e-10,80,-5.7609832065490114e-11
01011112222,010-1111-2222,not in the log,-4.406113981420907e-10,81,2.518009432347867e-10
01011112222,010-1111-2222,not in the log,-4.406113981420907e-10,82,7.113412264515528e-11
01011112222,010-1111-2222,not in the log,-4.406113981420907e-10,83,3.9470184013521556e-11
01011112222,010-1111-2222,not in the log,-4.406113981420907e-10,84,-1.128944919794756e-10
01011112222,010-1111-2222,not in the log,-4.406113981420907e-10,85,4.172565474069807e-11
01011112222,010-1111-2222,not in the log,-4.406113981420907e-10,86,-2.663422676909402e-10
01011112222,010-1111-2222,not in the log,-4.406113981420907e-10,87,6.624573133958119e-11
01011112222,010-1111-2222,not in the log,-4.406113981420907e-10,88,-6.583248742900921e-11
01011112222,010-1111-2222,not in the log,-4.406113981420907e-10,89,9.259243123404879e-11
01011112222,010-1111-2222,not in the log,-4.406113981420907e-10,90,5.1476410266188784e-11
01011112222,010-1111-2222,not in the log,-4.406113981420907e-10,91,2.7876062130345275e-10
01011112222,010-1111-2222,not in the log,-4.406113981420907e-10,92,4.2808165337748e-10
01011112222,010-1111-2222,not in the log,-4.406113981420907e-10,93,1.856744427027959e-10
01011112222,010-1111-2222,not in the log,-4.406113981420907e-10,94,-9.574499011812819e-11
01011112222,010-1111-2222,not in the log,-4.406113981420907e-10,95,1.4056487510090681e-10
01011112222,010-1111-2222,not in the log,-4.406113981420907e-10,96,-1.6358943851908142e-10
01011112222,010-1111-2222,not in the log,-4.406113981420907e-10,97,5.017399238976886e-11
01011112222,010-1111-2222,not in the log,-4.406113981420907e-10,98,-5.462844272065786e-12
01011112222,010-1111-2222,not in the log,-4.406113981420907e-10,99,6.111381026493972e-11
01011112222,010-1111-2222,not in the log,-4.406113981420907e-10,100,4.188371652628331e-10
01011112222,010-1111-2222,not in the log,-4.406113981420907e-10,101,-1.5570428470759315e-10
01011112222,010-1111-2222,not in the log,-4.406113981420907e-10,102,-1.7246370876365737e-10
01011112222,010-1111-2222,not in the log,-4.406113981420907e-10,103,4.162412267534407e-10
01011112222,010-1111-2222,not in the log,-4.406113981420907e-10,104,-7.415948558085435e-11
01011112222,010-1111-2222,not in the log,-4.406113981420907e-10,105,-1.866913075798764e-12
01011112222,010-1111-2222,not in the log,-4.406113981420907e-10,106,-1.2458883393367644e-10
01011112222,010-1111-2222,not in the log,-4.406113981420907e-10,107,-1.818635565860758e-11
01011112222,010-1111-2222,not in the log,-4.406113981420907e-10,108,6.822933498685831e-11
01011112222,010-1111-2222,not in the log,-4.406113981420907e-10,109,-1.5753577033103704e-11
01011112222,010-1111-2222,not in the log,-4.406113981420907e-10,110,7.966407870610009e-11
01011112222,010-1111-2222,not in the log,-4.406113981420907e-10,111,2.1961955234755385e-10
01011112222,010-1111-2222,not in the log,-4.406113981420907e-10,112,-3.0210996816444737e-10
01011112222,010-1111-2222,not in the log,-4.406113981420907e-10,113,-2.777490765760456e-13
01011112222,010-1111-2222,not in the log,-4.406113981420907e-10,114,-5.452974257031977e-11
01011112222,010-1111-2222,not in the log,-4.406113981420907e-10,115,4.815712741416012e-11
01011112222,010-1111-2222,not in the log,-4.406113981420907e-10,116,-1.6121923791738466e-11
01011112222,010-1111-2222,not in the log,-4.406113981420907e-10,117,-1.153439521668038e-10
01011112222,010-1111-2222,not in the log,-4.406113981420907e-10,118,2.848272367534142e-10
01011112222,010-1111-2222,not in the log,-4.406113981420907e-10,119,-2.596282593420148e-10
01011112222,010-1111-2222,not in the log,-4.406113981420907e-10,120,2.33019776809095e-11
01011112222,010-1111-2222,not in the log,-4.406113981420907e-10,121,2.0130880165578054e-10
01011112222,010-1111-2222,not in the log,-4.406113981420907e-10,122,1.1857903474137473e-10
01011112222,010-1111-2222,not in the log,-4.406113981420907e-10,123,-1.0782359161661202e-10
01011112222,010-1111-2222,not in the log,-4.406113981420907e-10,124,-1.580297041576845e-11
01011112222,010-1111-2222,not in the log,-4.406113981420907e-10,125,9.86618789614022e-12
01011112222,010-1111-2222,not in the log,-4.406113981420907e-10,126,-5.580905337794282e-11
01011112222,010-1111-2222,not in the log,-4.406113981420907e-10,127,-1.6760379795947973e-11
01011112222,010-1111-2222,not in the log,-4.406113981420907e-10,128,2.0723704386098992e-10
01011112222,010-1111-2222,not in the log,-4.406113981420907e-10,129,1.0600820734282426e-10
01011112222,010-1111-2222,not in the log,-4.406113981420907e-10,130,-5.222196107008372e-12
01011112222,010-1111-2222,not in the log,-4.406113981420907e-10,131,8.20582620144152e-11
01011112222,010-1111-2222,not in the log,-4.406113981420907e-10,132,-1.0045588599283411e-10
01011112222,010-1111-2222,not in the log,-4.406113981420907e-10,133,-1.0698653852414359e-10
01011112222,010-1111-2222,not in the log,-4.406113981420907e-10,134,4.4067633098823694e-11
01011112222,010-1111-2222,not in the log,-4.406113981420907e-10,135,-1.1960748745238403e-10
01011112222,010-1111-2222,not in the log,-4.406113981420907e-10,136,-2.502223449434976e-11
01011112222,010-1111-2222,not in the log,-4.406113981420907e-10,137,1.2479185144545036e-10
01011112222,010-1111-2222,not in the log,-4.406113981420907e-10,138,8.819982027144567e-11
01011112222,010-1111-2222,not in the log,-4.406113981420907e-10,139,5.731010804374177e-11
01011112222,010-1111-2222,not in the log,-4.406113981420907e-10,140,4.369036127473176e-11
01011112222,010-1111-2222,not in the log,-4.406113981420907e-10,141,4.1445064807401875e-11
01011112222,010-1111-2222,not in the log,-4.406113981420907e-10,142,2.4253737401480934e-10
01011112222,010-1111-2222,not in the log,-4.406113981420907e-10,143,-6.087059119946931e-12
01011112222,010-1111-2222,not in the log,-4.406113981420907e-10,144,6.593318210750131e-11
01011112222,010-1111-2222,not in the log,-4.406113981420907e-10,145,-2.5835457559495085e-11
01011112222,010-1111-2222,not in the log,-4.406113981420907e-10,146,-1.4589367124458858e-10
01011112222,010-1111-2222,not in the log,-4.406113981420907e-10,147,1.5489090476087513e-10
01011112222,010-1111-2222,not in the log,-4.406113981420907e-10,148,2.193523853429933e-10
01011112222,010-1111-2222,not in the log,-4.406113981420907e-10,149,-2.2882757148939838e-10
01011112222,010-1111-2222,not in the log,-4.406113981420907e-10,150,-5.983720497101593e-11
01011112222,010-1111-2222,not in the log,-4.406113981420907e-10,151,3.714534492926826e-11
01011112222,010-1111-2222,not in the log,-4.406113981420907e-10,152,2.3912170738488345e-10
01011112222,010-1111-2222,not in the log,-4.406113981420907e-10,153,-1.5112774730242033e-10
01011112222,010-1111-2222,not in the log,-4.406113981420907e-10,154,7.891771522358926e-11
01011112222,010-1111-2222,not in the log,-4.406113981420907e-10,155,1.689624176003331e-10
01011112222,010-1111-2222,not in the log,-4.406113981420907e-10,156,9.687297366277829e-11
01011112222,010-1111-2222,not in the log,-4.406113981420907e-10,157,-3.077813500123891e-11
01011112222,010-1111-2222,not in the log,-4.406113981420907e-10,158,-1.7242143403545797e-10
01011112222,010-1111-2222,not in the log,-4.406113981420907e-10,159,-1.588939799978673e-10
01011112222,010-1111-2222,not in the log,-4.406113981420907e-10,160,1.2544245880523674e-10
01011112222,010-1111-2222,not in the log,-4.406113981420907e-10,161,-8.244529978075894e-12
01011112222,010-1111-2222,not in the log,-4.406113981420907e-10,162,4.329548275141848e-11
01011112222,010-1111-2222,not in the log,-4.406113981420907e-10,163,-4.093856840379738e-12
01011112222,010-1111-2222,not in the log,-4.406113981420907e-10,164,8.803704469479718e-11
01011112222,010-1111-2222,not in the log,-4.406113981420907e-10,165,5.7834100406492784e-11
01011112222,010-1111-2222,not in the log,-4.406113981420907e-10,166,-6.488330535788237e-11
01011112222,010-1111-2222,not in the log,-4.406113981420907e-10,167,-9.274486333865312e-11
01011112222,010-1111-2222,not in the log,-4.406113981420907e-10,168,2.3037257545260627e-10
01011112222,010-1111-2222,not in the log,-4.406113981420907e-10,169,-1.077723806605689e-10
01011112222,010-1111-2222,not in the log,-4.406113981420907e-10,170,-8.163663355789369e-11
01011112222,010-1111-2222,not in the log,-4.406113981420907e-10,171,1.783645633391982e-11
01011112222,010-1111-2222,not in the log,-4.406113981420907e-10,172,-5.731361547160407e-11
01011112222,010-1111-2222,not in the log,-4.406113981420907e-10,173,1.4580009901924641e-10
01011112222,010-1111-2222,not in the log,-4.406113981420907e-10,174,2.966838274060579e-11
01011112222,010-1111-2222,not in the log,-4.406113981420907e-10,175,2.820385809483428e-10
01011112222,010-1111-2222,not in the log,-4.406113981420907e-10,176,6.66986271556121e-11
01011112222,010-1111-2222,not in the log,-4.406113981420907e-10,177,-1.637257351795656e-10
01011112222,010-1111-2222,not in the log,-4.406113981420907e-10,178,3.9336161433530946e-11
01011112222,010-1111-2222,not in the log,-4.406113981420907e-10,179,2.554408051897133e-10
01011112222,010-1111-2222,not in the log,-4.406113981420907e-10,180,4.4948102649780804e-10
01011112222,010-1111-2222,not in the log,-4.406113981420907e-10,181,5.2834392135995927e-11
01011112222,010-1111-2222,not in the log,-4.406113981420907e-10,182,7.44295698200391e-11
01011112222,010-1111-2222,not in the log,-4.406113981420907e-10,183,1.4665002480566e-10
01011112222,010-1111-2222,not in the log,-4.406113981420907e-10,184,1.78802723988104e-11
01011112222,010-1111-2222,not in the log,-4.406113981420907e-10,185,6.748101656043848e-11
01011112222,010-1111-2222,not in the log,-4.406113981420907e-10,186,-4.981433395515317e-11
01011112222,010-1111-2222,not in the log,-4.406113981420907e-10,187,5.24572428988736e-12
01011112222,010-1111-2222,not in the log,-4.406113981420907e-10,188,1.0478047615606793e-10
01011112222,010-1111-2222,not in the log,-4.406113981420907e-10,189,-2.60569246403766e-12
01011112222,010-1111-2222,not in the log,-4.406113981420907e-10,190,1.0948413321282242e-11
01011112222,010-1111-2222,not in the log,-4.406113981420907e-10,191,1.6224631621389128e-11
01011112222,010-1111-2222,not in the log,-4.406113981420907e-10,192,-2.551257040237593e-10
01011112222,010-1111-2222,not in the log,-4.406113981420907e-10,193,2.1060943195681972e-10
01011112222,010-1111-2222,not in the log,-4.406113981420907e-10,194,-2.4019590268556717e-12
01011112222,010-1111-2222,not in the log,-4.406113981420907e-10,195,4.3423867789953583e-10
01011112222,010-1111-2222,not in the log,-4.406113981420907e-10,196,1.3297513255776065e-10
01011112222,010-1111-2222,not in the log,-4.406113981420907e-10,197,-1.0520272332417012e-10
01011112222,010-1111-2222,not in the log,-4.406113981420907e-10,198,-2.185692733336799e-10
01011112222,010-1111-2222,not in the log,-4.406113981420907e-10,199,3.460807963197332e-10
01011112222,010-1111-2222,not in the log,-4.406113981420907e-10,200,6.921017608036695e-11
01011112222,010-1111-2222,not in the log,-4.406113981420907e-10,201,-6.734851915196448e-13
01011112222,010-1111-2222,not in the log,-4.406113981420907e-10,202,2.234701702733096e-10
01011112222,010-1111-2222,not in the log,-4.406113981420907e-10,203,3.909011702109834e-11
