target,grouped,description,exist_value,slot,decrypted
01050002924,010-5000-2924,original,0.9999999999830677,0,3.385677843418833e-11
01050002924,010-5000-2924,original,0.9999999999830677,1,-1.5704624210313896e-10
01050002924,010-5000-2924,original,0.9999999999830677,2,-2.655880977038934e-12
01050002924,010-5000-2924,original,0.9999999999830677,3,-1.017087635142932e-11
01050002924,010-5000-2924,original,0.9999999999830677,4,-7.275055192203206e-11
01050002924,010-5000-2924,original,0.9999999999830677,5,2.7597524107685743e-10
01050002924,010-5000-2924,original,0.9999999999830677,6,2.2556619181388891e-10
01050002924,010-5000-2924,original,0.9999999999830677,7,-3.697493442556221e-11
01050002924,010-5000-2924,original,0.9999999999830677,8,3.745930381411613e-12
01050002924,010-5000-2924,original,0.9999999999830677,9,1.054351491933894e-11
01050002924,010-5000-2924,original,0.9999999999830677,10,-2.1886716897971174e-11
01050002924,010-5000-2924,original,0.9999999999830677,11,-2.480152827043217e-11
01050002924,010-5000-2924,original,0.9999999999830677,12,4.905146390765771e-13
01050002924,010-5000-2924,original,0.9999999999830677,13,-4.459985927425559e-12
01050002924,010-5000-2924,original,0.9999999999830677,14,1.202320993731278e-10
01050002924,010-5000-2924,original,0.9999999999830677,15,-6.597648242367602e-11
01050002924,010-5000-2924,original,0.9999999999830677,16,1.7052040002091474e-10
01050002924,010-5000-2924,original,0.9999999999830677,17,4.125778140318277e-10
01050002924,010-5000-2924,original,0.9999999999830677,18,1.5017673928709865e-10
01050002924,010-5000-2924,original,0.9999999999830677,19,8.961135272162329e-12
01050002924,010-5000-2924,original,0.9999999999830677,20,1.1262309059281321e-10
01050002924,010-5000-2924,original,0.9999999999830677,21,1.6998961326263975e-10
01050002924,010-5000-2924,original,0.9999999999830677,22,9.513880805307733e-11
01050002924,010-5000-2924,original,0.9999999999830677,23,2.757186320742439e-12
01050002924,010-5000-2924,original,0.9999999999830677,24,-4.2464553700277124e-10
01050002924,010-5000-2924,original,0.9999999999830677,25,4.848814753017918e-11
01050002924,010-5000-2924,original,0.9999999999830677,26,2.020427726679358e-12
01050002924,010-5000-2924,original,0.9999999999830677,27,2.0237161107556953e-11
01050002924,010-5000-2924,original,0.9999999999830677,28,-5.640671020674797e-11
01050002924,010-5000-2924,original,0.9999999999830677,29,1.3185856075851376e-10
01050002924,010-5000-2924,original,0.9999999999830677,30,-5.2344422199237195e-11
01050002924,010-5000-2924,original,0.9999999999830677,31,-4.135246437413554e-12
01050002924,010-5000-2924,original,0.9999999999830677,32,-1.6634106316568814e-10
01050002924,010-5000-2924,original,0.9999999999830677,33,-9.67203885257173e-11
01050002924,010-5000-2924,original,0.9999999999830677,34,1.7210874761195855e-10
01050002924,010-5000-2924,original,0.9999999999830677,35,9.486006927763845e-11
01050002924,010-5000-2924,original,0.9999999999830677,36,-1.6094422831515795e-11
01050002924,010-5000-2924,original,0.9999999999830677,37,-1.802271558612251e-10
01050002924,010-5000-2924,original,0.9999999999830677,38,-1.5265991806364052e-10
01050002924,010-5000-2924,original,0.9999999999830677,39,-3.256048980452742e-11
01050002924,010-5000-2924,original,0.9999999999830677,40,-1.247691762216354e-10
01050002924,010-5000-2924,original,0.9999999999830677,41,-3.010690423642953e-11
01050002924,010-5000-2924,original,0.9999999999830677,42,3.5917883217631655e-11
01050002924,010-5000-2924,original,0.9999999999830677,43,-8.996998968974392e-11
01050002924,010-5000-2924,original,0.9999999999830677,44,-2.8848487826742338e-11
01050002924,010-5000-2924,original,0.9999999999830677,45,-2.4122848359249933e-10
01050002924,010-5000-2924,original,0.9999999999830677,46,-5.546112251665906e-11
01050002924,010-5000-2924,original,0.9999999999830677,47,1.536642754466528e-10
01050002924,010-5000-2924,original,0.9999999999830677,48,1.181928388660582e-10
01050002924,010-5000-2924,original,0.9999999999830677,49,1.537339385044816e-10
01050002924,010-5000-2924,original,0.9999999999830677,50,-1.796831484927718e-11
01050002924,010-5000-2924,original,0.9999999999830677,51,3.2421131112155005e-11
01050002924,010-5000-2924,original,0.9999999999830677,52,-2.7377618390060544e-10
01050002924,010-5000-2924,original,0.9999999999830677,53,5.208995858970061e-11
01050002924,010-5000-2924,original,0.9999999999830677,54,3.6177225505375268e-12
01050002924,010-5000-2924,original,0.9999999999830677,55,2.747030859136189e-10
01050002924,010-5000-2924,original,0.9999999999830677,56,-3.528412971964295e-11
01050002924,010-5000-2924,original,0.9999999999830677,57,9.939233080315419e-11
01050002924,010-5000-2924,original,0.9999999999830677,58,-4.202545487260968e-11
01050002924,010-5000-2924,original,0.9999999999830677,59,-2.2060527132102786e-11
01050002924,010-5000-2924,original,0.9999999999830677,60,1.61578502860197e-10
01050002924,010-5000-2924,original,0.9999999999830677,61,-1.0619676059436631e-10
01050002924,010-5000-2924,original,0.9999999999830677,62,3.348118267813084e-10
01050002924,010-5000-2924,original,0.9999999999830677,63,1.2218073377902675e-11
01050002924,010-5000-2924,original,0.9999999999830677,64,-1.062337635081785e-10
01050002924,010-5000-2924,original,0.9999999999830677,65,-1.022453562903719e-10
01050002924,010-5000-2924,original,0.9999999999830677,66,2.2981568505065227e-10
01050002924,010-5000-2924,original,0.9999999999830677,67,2.0833260960066738e-10
01050002924,010-5000-2924,original,0.9999999999830677,68,-5.204534051481342e-11
01050002924,010-5000-2924,original,0.9999999999830677,69,-1.7506209551085733e-10
01050002924,010-5000-2924,original,0.9999999999830677,70,3.44475390826282e-11
01050002924,010-5000-2924,original,0.9999999999830677,71,-1.1073105488961177e-12
01050002924,010-5000-2924,original,0.9999999999830677,72,2.6467170008534308e-11
01050002924,010-5000-2924,original,0.9999999999830677,73,2.3768515937374345e-11
01050002924,010-5000-2924,original,0.9999999999830677,74,-2.7601311872658414e-10
01050002924,010-5000-2924,original,0.9999999999830677,75,1.0113465674268927e-10
01050002924,010-5000-2924,original,0.9999999999830677,76,-1.0602908774901498e-10
01050002924,010-5000-2924,original,0.9999999999830677,77,-2.635446238682505e-11
01050002924,010-5000-2924,original,0.9999999999830677,78,-1.0724818652194837e-10
01050002924,010-5000-2924,original,0.9999999999830677,79,2.2676058663353915e-10
01050002924,010-5000-2924,original,0.9999999999830677,80,1.7296827832828904e-11
01050002924,010-5000-2924,original,0.9999999999830677,81,-3.694003793694119e-10
01050002924,010-5000-2924,original,0.9999999999830677,82,7.001813184092548e-11
01050002924,010-5000-2924,original,0.9999999999830677,83,4.83827656756752e-11
01050002924,010-5000-2924,original,0.9999999999830677,84,4.66225977137871e-11
01050002924,010-5000-2924,original,0.9999999999830677,85,2.2907171395982465e-11
01050002924,010-5000-2924,original,0.9999999999830677,86,-3.783189451019447e-11
01050002924,010-5000-2924,original,0.9999999999830677,87,-4.201514395896108e-11
01050002924,010-5000-2924,original,0.9999999999830677,88,2.099115129964015e-11
01050002924,010-5000-2924,original,0.9999999999830677,89,4.361439718359585e-11
01050002924,010-5000-2924,original,0.9999999999830677,90,-1.999142776791141e-10
01050002924,010-5000-2924,original,0.9999999999830677,91,4.559826558968052e-10
01050002924,010-5000-2924,original,0.9999999999830677,92,-1.0566961489831701e-10
01050002924,010-5000-2924,original,0.9999999999830677,93,1.6137887476924765e-10
01050002924,010-5000-2924,original,0.9999999999830677,94,-1.932744104648462e-11
01050002924,010-5000-2924,original,0.9999999999830677,95,-2.0712075412000146e-12
01050002924,010-5000-2924,original,0.9999999999830677,96,1.1284540246243374e-10
01050002924,010-5000-2924,original,0.9999999999830677,97,1.5178657101272433e-10
01050002924,010-5000-2924,original,0.9999999999830677,98,1.7389176929916232e-10
01050002924,010-5000-2924,original,0.9999999999830677,99,5.720690372786267e-11
01050002924,010-5000-2924,original,0.9999999999830677,100,-6.98409189596689e-11
01050002924,010-5000-2924,original,0.9999999999830677,101,2.417477403853178e-10
01050002924,010-5000-2924,original,0.9999999999830677,102,-9.345616805436892e-11
01050002924,010-5000-2924,original,0.9999999999830677,103,-8.111080857007622e-11
01050002924,010-5000-2924,original,0.9999999999830677,104,7.621522533945627e-11
01050002924,010-5000-2924,original,0.9999999999830677,105,-5.327092901990765e-11
01050002924,010-5000-2924,original,0.9999999999830677,106,-5.3187170466804316e-11
01050002924,010-5000-2924,original,0.9999999999830677,107,1.197601656541879e-10
01050002924,010-5000-2924,original,0.9999999999830677,108,-2.8219204165882558e-11
01050002924,010-5000-2924,original,0.9999999999830677,109,3.5102122813850426e-10
01050002924,010-5000-2924,original,0.9999999999830677,110,6.65402429376277e-11
01050002924,010-5000-2924,original,0.9999999999830677,111,-1.5565191594713033e-10
01050002924,010-5000-2924,original,0.9999999999830677,112,-2.5882524476496192e-11
01050002924,010-5000-2924,original,0.9999999999830677,113,1.1307796745789835e-11
01050002924,010-5000-2924,original,0.9999999999830677,114,-3.4553644425492333e-10
01050002924,010-5000-2924,original,0.9999999999830677,115,6.008656878048201e-12
01050002924,010-5000-2924,original,0.9999999999830677,116,3.845873094479183e-11
01050002924,010-5000-2924,original,0.9999999999830677,117,-2.5406824287352122e-11
01050002924,010-5000-2924,original,0.9999999999830677,118,6.954827370039338e-11
01050002924,010-5000-2924,original,0.9999999999830677,119,-1.5041385125358654e-10
01050002924,010-5000-2924,original,0.9999999999830677,120,-3.646216118010707e-11
01050002924,010-5000-2924,original,0.9999999999830677,121,2.773011778755351e-10
01050002924,010-5000-2924,original,0.9999999999830677,122,-2.779021765550959e-10
01050002924,010-5000-2924,original,0.9999999999830677,123,1.4742437761467645e-10
01050002924,010-5000-2924,original,0.9999999999830677,124,1.5061082488874686e-10
01050002924,010-5000-2924,original,0.9999999999830677,125,-6.263486493037458e-11
01050002924,010-5000-2924,original,0.9999999999830677,126,-7.942105145144793e-11
01050002924,010-5000-2924,original,0.9999999999830677,127,1.7689146768080118e-10
01050002924,010-5000-2924,original,0.9999999999830677,128,8.029550075245111e-11
01050002924,010-5000-2924,original,0.9999999999830677,129,8.949353161570217e-11
01050002924,010-5000-2924,original,0.9999999999830677,130,-2.4524160850356356e-11
01050002924,010-5000-2924,original,0.9999999999830677,131,1.510547734562688e-10
01050002924,010-5000-2924,original,0.9999999999830677,132,-1.3651467921028647e-11
01050002924,010-5000-2924,original,0.9999999999830677,133,-1.954119736349484e-10
01050002924,010-5000-2924,original,0.9999999999830677,134,5.5040135423483895e-11
01050002924,010-5000-2924,original,0.9999999999830677,135,-1.8195196518696194e-10
01050002924,010-5000-2924,original,0.9999999999830677,136,4.36610096280687e-11
01050002924,010-5000-2924,original,0.9999999999830677,137,-9.354234297026247e-11
01050002924,010-5000-2924,original,0.9999999999830677,138,-8.472544984183415e-12
01050002924,010-5000-2924,original,0.9999999999830677,139,4.3750851180224437e-10
01050002924,010-5000-2924,original,0.9999999999830677,140,-1.3470571019979277e-10
01050002924,010-5000-2924,original,0.9999999999830677,141,4.982094135191501e-10
01050002924,010-5000-2924,original,0.9999999999830677,142,0.9999996848140409
01050002924,010-5000-2924,original,0.9999999999830677,143,0.9999997132849325
01050002924,010-5000-2924,original,0.9999999999830677,144,0.9999996858933314
01050002924,010-5000-2924,original,0.9999999999830677,145,0.9999996914060085
01050002924,010-5000-2924,original,0.9999999999830677,146,0.9999997085999162
01050002924,010-5000-2924,original,0.9999999999830677,147,0.9999996807394571
01050002924,010-5000-2924,original,0.9999999999830677,148,0.9999996911045173
01050002924,010-5000-2924,original,0.9999999999830677,149,0.999999699988834
01050002924,010-5000-2924,original,0.9999999999830677,150,1.9705984455143166e-10
01050002924,010-5000-2924,original,0.9999999999830677,151,-1.5011802969439203e-10
01050002924,010-5000-2924,original,0.9999999999830677,152,-2.62019028535045e-10
01050002924,010-5000-2924,original,0.9999999999830677,153,3.839275844260898e-11
01050002924,010-5000-2924,original,0.9999999999830677,154,-1.9571661849230752e-11
01050002924,010-5000-2924,original,0.9999999999830677,155,-4.607473568909641e-11
01050002924,010-5000-2924,original,0.9999999999830677,156,0.9999996748016043
01050002924,010-5000-2924,original,0.9999999999830677,157,-1.7292771038648734e-11
01050002924,010-5000-2924,original,0.9999999999830677,158,1.5410596555876677e-10
01050002924,010-5000-2924,original,0.9999999999830677,159,1.2840271204467789e-11
01050002924,010-5000-2924,original,0.9999999999830677,160,0.9999996968251503
01050002924,010-5000-2924,original,0.9999999999830677,161,-4.154830758205413e-11
01050002924,010-5000-2924,original,0.9999999999830677,162,-1.2326095638369556e-10
01050002924,010-5000-2924,original,0.9999999999830677,163,0.9999996903362424
01050002924,010-5000-2924,original,0.9999999999830677,164,0.9999996896649378
01050002924,010-5000-2924,original,0.9999999999830677,165,1.7672505228476425e-10
01050002924,010-5000-2924,original,0.9999999999830677,166,6.021850032910266e-11
01050002924,010-5000-2924,original,0.9999999999830677,167,-7.126728130153936e-11
01050002924,010-5000-2924,original,0.9999999999830677,168,-7.756788062456078e-11
01050002924,010-5000-2924,original,0.9999999999830677,169,2.3600264044653307e-10
01050002924,010-5000-2924,original,0.9999999999830677,170,9.674777801624579e-11
01050002924,010-5000-2924,original,0.9999999999830677,171,-4.538607394752846e-12
01050002924,010-5000-2924,original,0.9999999999830677,172,2.5956461015154724e-12
01050002924,010-5000-2924,original,0.9999999999830677,173,5.953621680844775e-11
01050002924,010-5000-2924,original,0.9999999999830677,174,4.3005419689378217e-11
01050002924,010-5000-2924,original,0.9999999999830677,175,2.9324634186140684e-10
01050002924,010-5000-2924,original,0.9999999999830677,176,5.843843230743068e-11
01050002924,010-5000-2924,original,0.9999999999830677,177,2.450991066860474e-10
01050002924,010-5000-2924,original,0.9999999999830677,178,2.782716305131526e-11
01050002924,010-5000-2924,original,0.9999999999830677,179,2.7436850919469835e-10
01050002924,010-5000-2924,original,0.9999999999830677,180,-7.627295002879844e-11
01050002924,010-5000-2924,original,0.9999999999830677,181,7.937845419909647e-10
01050002924,010-5000-2924,original,0.9999999999830677,182,1.0117949532237504e-10
01050002924,010-5000-2924,original,0.9999999999830677,183,-2.032825087589888e-10
01050002924,010-5000-2924,original,0.9999999999830677,184,-1.5891540924495264e-11
01050002924,010-5000-2924,original,0.9999999999830677,185,-1.8394445901288597e-11
01050002924,010-5000-2924,original,0.9999999999830677,186,1.4682999091950054e-10
01050002924,010-5000-2924,original,0.9999999999830677,187,7.856955269635692e-12
01050002924,010-5000-2924,original,0.9999999999830677,188,9.233265737739262e-11
01050002924,010-5000-2924,original,0.9999999999830677,189,3.510996514628193e-11
01050002924,010-5000-2924,original,0.9999999999830677,190,6.160061010359982e-11
01050002924,010-5000-2924,original,0.9999999999830677,191,9.501291790021742e-12
01050002924,010-5000-2924,original,0.9999999999830677,192,-3.837122058107773e-12
01050002924,010-5000-2924,original,0.9999999999830677,193,4.0070099997243656e-10
01050002924,010-5000-2924,original,0.9999999999830677,194,-2.3361665941901344e-11
01050002924,010-5000-2924,original,0.9999999999830677,195,4.3496727861109153e-11
01050002924,010-5000-2924,original,0.9999999999830677,196,7.655218726048188e-12
01050002924,010-5000-2924,original,0.9999999999830677,197,9.11585605804522e-11
01050002924,010-5000-2924,original,0.9999999999830677,198,-2.0583261615907315e-10
01050002924,010-5000-2924,original,0.9999999999830677,199,5.036907412025695e-11
01050002924,010-5000-2924,original,0.9999999999830677,200,3.115224236857495e-12
01050002924,010-5000-2924,original,0.9999999999830677,201,-2.9030705922127972e-11
01050002924,010-5000-2924,original,0.9999999999830677,202,-2.351892665731319e-10
01050002924,010-5000-2924,original,0.9999999999830677,203,-4.515740598009423e-12
01050002925,010-5000-2925,"one digit, last group",-1.92213975158997e-10,0,2.0368069621770665e-10
01050002925,010-5000-2925,"one digit, last group",-1.92213975158997e-10,1,-1.4719810268812958e-10
01050002925,010-5000-2925,"one digit, last group",-1.92213975158997e-10,2,1.6862475274374067e-10
01050002925,010-5000-2925,"one digit, last group",-1.92213975158997e-10,3,-1.4767356849371506e-11
01050002925,010-5000-2925,"one digit, last group",-1.92213975158997e-10,4,-1.7239736212317217e-10
01050002925,010-5000-2925,"one digit, last group",-1.92213975158997e-10,5,-9.852675029375761e-11
01050002925,010-5000-2925,"one digit, last group",-1.92213975158997e-10,6,-6.06461125283159e-11
01050002925,010-5000-2925,"one digit, last group",-1.92213975158997e-10,7,-7.313234244322028e-11
01050002925,010-5000-2925,"one digit, last group",-1.92213975158997e-10,8,5.176604389623922e-11
01050002925,010-5000-2925,"one digit, last group",-1.92213975158997e-10,9,1.5274700386176663e-11
01050002925,010-5000-2925,"one digit, last group",-1.92213975158997e-10,10,-2.818460663368568e-12
01050002925,010-5000-2925,"one digit, last group",-1.92213975158997e-10,11,-1.2782381463948472e-10
01050002925,010-5000-2925,"one digit, last group",-1.92213975158997e-10,12,-3.644227534786886e-10
01050002925,010-5000-2925,"one digit, last group",-1.92213975158997e-10,13,-1.6216225388425038e-10
01050002925,010-5000-2925,"one digit, last group",-1.92213975158997e-10,14,-5.847708629591913e-11
01050002925,010-5000-2925,"one digit, last group",-1.92213975158997e-10,15,2.3532071731066557e-12
01050002925,010-5000-2925,"one digit, last group",-1.92213975158997e-10,16,-2.378774696868293e-10
01050002925,010-5000-2925,"one digit, last group",-1.92213975158997e-10,17,-1.1769840473316467e-09
01050002925,010-5000-2925,"one digit, last group",-1.92213975158997e-10,18,-7.248812951748411e-11
01050002925,010-5000-2925,"one digit, last group",-1.92213975158997e-10,19,-7.691215144585215e-11
01050002925,010-5000-2925,"one digit, last group",-1.92213975158997e-10,20,1.2481837839028495e-10
01050002925,010-5000-2925,"one digit, last group",-1.92213975158997e-10,21,2.7492596645263247e-10
01050002925,010-5000-2925,"one digit, last group",-1.92213975158997e-10,22,9.26684768289846e-11
01050002925,010-5000-2925,"one digit, last group",-1.92213975158997e-10,23,6.583438243446655e-11
01050002925,010-5000-2925,"one digit, last group",-1.92213975158997e-10,24,-6.565596799175137e-10
01050002925,010-5000-2925,"one digit, last group",-1.92213975158997e-10,25,5.933385645410041e-11
01050002925,010-5000-2925,"one digit, last group",-1.92213975158997e-10,26,3.4979008352096984e-10
01050002925,010-5000-2925,"one digit, last group",-1.92213975158997e-10,27,3.4284335167694027e-11
01050002925,010-5000-2925,"one digit, last group",-1.92213975158997e-10,28,-4.1112450687804036e-10
01050002925,010-5000-2925,"one digit, last group",-1.92213975158997e-10,29,4.117005798263388e-11
01050002925,010-5000-2925,"one digit, last group",-1.92213975158997e-10,30,1.3013079996947925e-10
01050002925,010-5000-2925,"one digit, last group",-1.92213975158997e-10,31,-7.2403189046931875e-12
01050002925,010-5000-2925,"one digit, last group",-1.92213975158997e-10,32,-3.111507869014913e-10
01050002925,010-5000-2925,"one digit, last group",-1.92213975158997e-10,33,-1.266353293467392e-10
01050002925,010-5000-2925,"one digit, last group",-1.92213975158997e-10,34,2.7010773845641447e-10
01050002925,010-5000-2925,"one digit, last group",-1.92213975158997e-10,35,1.4841980693276424e-11
01050002925,010-5000-2925,"one digit, last group",-1.92213975158997e-10,36,2.6532804895993943e-11
01050002925,010-5000-2925,"one digit, last group",-1.92213975158997e-10,37,-7.482267203913015e-11
01050002925,010-5000-2925,"one digit, last group",-1.92213975158997e-10,38,1.4700685743702553e-11
01050002925,010-5000-2925,"one digit, last group",-1.92213975158997e-10,39,2.593738824307176e-11
01050002925,010-5000-2925,"one digit, last group",-1.92213975158997e-10,40,1.3728028182858575e-10
01050002925,010-5000-2925,"one digit, last group",-1.92213975158997e-10,41,4.2643973791486406e-11
01050002925,010-5000-2925,"one digit, last group",-1.92213975158997e-10,42,-2.150790191913504e-11
01050002925,010-5000-2925,"one digit, last group",-1.92213975158997e-10,43,-3.48814346567563e-11
01050002925,010-5000-2925,"one digit, last group",-1.92213975158997e-10,44,7.596891493448177e-12
01050002925,010-5000-2925,"one digit, last group",-1.92213975158997e-10,45,2.4767517285849027e-11
01050002925,010-5000-2925,"one digit, last group",-1.92213975158997e-10,46,2.1664203242634132e-11
01050002925,010-5000-2925,"one digit, last group",-1.92213975158997e-10,47,-3.4438254936619704e-10
01050002925,010-5000-2925,"one digit, last group",-1.92213975158997e-10,48,-2.5714726724568533e-11
01050002925,010-5000-2925,"one digit, last group",-1.92213975158997e-10,49,-7.834587259008172e-11
01050002925,010-5000-2925,"one digit, last group",-1.92213975158997e-10,50,-3.05837256890874e-10
01050002925,010-5000-2925,"one digit, last group",-1.92213975158997e-10,51,2.703103690241015e-11
01050002925,010-5000-2925,"one digit, last group",-1.92213975158997e-10,52,-2.0384995366814172e-10
01050002925,010-5000-2925,"one digit, last group",-1.92213975158997e-10,53,1.1660607006888162e-11
01050002925,010-5000-2925,"one digit, last group",-1.92213975158997e-10,54,-5.865101601225029e-11
01050002925,010-5000-2925,"one digit, last group",-1.92213975158997e-10,55,1.9654634859275504e-10
01050002925,010-5000-2925,"one digit, last group",-1.92213975158997e-10,56,3.16155436549233e-10
01050002925,010-5000-2925,"one digit, last group",-1.92213975158997e-10,57,1.541843322331283e-11
01050002925,010-5000-2925,"one digit, last group",-1.92213975158997e-10,58,-3.480175801852408e-12
01050002925,010-5000-2925,"one digit, last group",-1.92213975158997e-10,59,1.4029338069299064e-10
01050002925,010-5000-2925,"one digit, last group",-1.92213975158997e-10,60,-3.1183990598323994e-10
01050002925,010-5000-2925,"one digit, last group",-1.92213975158997e-10,61,8.950396464836052e-11
01050002925,010-5000-2925,"one digit, last group",-1.92213975158997e-10,62,-4.3540835312951735e-11
01050002925,010-5000-2925,"one digit, last group",-1.92213975158997e-10,63,-8.935404228976659e-11
01050002925,010-5000-2925,"one digit, last group",-1.92213975158997e-10,64,1.428200439316106e-11
01050002925,010-5000-2925,"one digit, last group",-1.92213975158997e-10,65,-1.7024313644609315e-10
01050002925,010-5000-2925,"one digit, last group",-1.92213975158997e-10,66,1.9241543355524885e-11
01050002925,010-5000-2925,"one digit, last group",-1.92213975158997e-10,67,-4.431300306582521e-11
01050002925,010-5000-2925,"one digit, last group",-1.92213975158997e-10,68,-1.7489278645162918e-10
01050002925,010-5000-2925,"one digit, last group",-1.92213975158997e-10,69,2.3328328393778196e-11
01050002925,010-5000-2925,"one digit, last group",-1.92213975158997e-10,70,6.057666373637278e-11
01050002925,010-5000-2925,"one digit, last group",-1.92213975158997e-10,71,2.9789691804799565e-11
01050002925,010-5000-2925,"one digit, last group",-1.92213975158997e-10,72,1.1482602121348544e-11
01050002925,010-5000-2925,"one digit, last group",-1.92213975158997e-10,73,1.3057917440340816e-10
01050002925,010-5000-2925,"one digit, last group",-1.92213975158997e-10,74,-3.529600097224536e-10
01050002925,010-5000-2925,"one digit, last group",-1.92213975158997e-10,75,-7.489741332223363e-11
01050002925,010-5000-2925,"one digit, last group",-1.92213975158997e-10,76,-9.786766524725201e-12
01050002925,010-5000-2925,"one digit, last group",-1.92213975158997e-10,77,2.5757352720026085e-11
01050002925,010-5000-2925,"one digit, last group",-1.92213975158997e-10,78,2.035645446955067e-10
01050002925,010-5000-2925,"one digit, last group",-1.92213975158997e-10,79,-1.3045310338150605e-10
01050002925,010-5000-2925,"one digit, last group",-1.92213975158997e-10,80,1.801809397166e-10
01050002925,010-5000-2925,"one digit, last group",-1.92213975158997e-10,81,2.0187334594933715e-10
01050002925,010-5000-2925,"one digit, last group",-1.92213975158997e-10,82,-3.6933995283734156e-10
01050002925,010-5000-2925,"one digit, last group",-1.92213975158997e-10,83,-1.0790008627978094e-10
01050002925,010-5000-2925,"one digit, last group",-1.92213975158997e-10,84,-3.624573023805831e-11
01050002925,010-5000-2925,"one digit, last group",-1.92213975158997e-10,85,-4.1876505409519344e-11
01050002925,010-5000-2925,"one digit, last group",-1.92213975158997e-10,86,1.1521180168745989e-11
01050002925,010-5000-2925,"one digit, last group",-1.92213975158997e-10,87,-3.3294552933108586e-11
01050002925,010-5000-2925,"one digit, last group",-1.92213975158997e-10,88,-4.492863610566057e-15
01050002925,010-5000-2925,"one digit, last group",-1.92213975158997e-10,89,-4.715229721610162e-11
01050002925,010-5000-2925,"one digit, last group",-1.92213975158997e-10,90,1.7491552668908283e-10
01050002925,010-5000-2925,"one digit, last group",-1.92213975158997e-10,91,-4.2110447753383685e-11
01050002925,010-5000-2925,"one digit, last group",-1.92213975158997e-10,92,-1.5494110067261213e-11
01050002925,010-5000-2925,"one digit, last group",-1.92213975158997e-10,93,1.593940515352508e-10
01050002925,010-5000-2925,"one digit, last group",-1.92213975158997e-10,94,-1.3959636905228366e-11
01050002925,010-5000-2925,"one digit, last group",-1.92213975158997e-10,95,-1.2339779315432292e-10
01050002925,010-5000-2925,"one digit, last group",-1.92213975158997e-10,96,-1.4450586420951362e-11
01050002925,010-5000-2925,"one digit, last group",-1.92213975158997e-10,97,1.0506933078541817e-10
01050002925,010-5000-2925,"one digit, last group",-1.92213975158997e-10,98,-3.5023708427125167e-10
01050002925,010-5000-2925,"one digit, last group",-1.92213975158997e-10,99,2.493442396252703e-11
01050002925,010-5000-2925,"one digit, last group",-1.92213975158997e-10,100,1.0921318864188746e-10
01050002925,010-5000-2925,"one digit, last group",-1.92213975158997e-10,101,-1.702032035913516e-11
01050002925,010-5000-2925,"one digit, last group",-1.92213975158997e-10,102,7.893050865665979e-11
01050002925,010-5000-2925,"one digit, last group",-1.92213975158997e-10,103,2.7875603049853956e-10
01050002925,010-5000-2925,"one digit, last group",-1.92213975158997e-10,104,2.708036045615696e-10
01050002925,010-5000-2925,"one digit, last group",-1.92213975158997e-10,105,3.7582103980227864e-11
01050002925,010-5000-2925,"one digit, last group",-1.92213975158997e-10,106,1.2561334627050924e-11
01050002925,010-5000-2925,"one digit, last group",-1.92213975158997e-10,107,-7.100683735946458e-11
01050002925,010-5000-2925,"one digit, last group",-1.92213975158997e-10,108,4.524300965761964e-11
01050002925,010-5000-2925,"one digit, last group",-1.92213975158997e-10,109,-2.0336896653827577e-10
01050002925,010-5000-2925,"one digit, last group",-1.92213975158997e-10,110,-2.598887276912635e-10
01050002925,010-5000-2925,"one digit, last group",-1.92213975158997e-10,111,1.1893547656089484e-10
01050002925,010-5000-2925,"one digit, last group",-1.92213975158997e-10,112,-3.6726997707684735e-10
01050002925,010-5000-2925,"one digit, last group",-1.92213975158997e-10,113,-6.07538609765521e-12
01050002925,010-5000-2925,"one digit, last group",-1.92213975158997e-10,114,2.823790668076778e-11
01050002925,010-5000-2925,"one digit, last group",-1.92213975158997e-10,115,2.8437866768653542e-11
01050002925,010-5000-2925,"one digit, last group",-1.92213975158997e-10,116,-8.992648189501805e-11
01050002925,010-5000-2925,"one digit, last group",-1.92213975158997e-10,117,-1.68594486112659e-10
01050002925,010-5000-2925,"one digit, last group",-1.92213975158997e-10,118,4.48007214016861e-10
01050002925,010-5000-2925,"one digit, last group",-1.92213975158997e-10,119,-3.0935704638028385e-10
01050002925,010-5000-2925,"one digit, last group",-1.92213975158997e-10,120,7.556325219831985e-11
01050002925,010-5000-2925,"one digit, last group",-1.92213975158997e-10,121,-2.5015216671510713e-10
01050002925,010-5000-2925,"one digit, last group",-1.92213975158997e-10,122,-5.975823450611341e-11
01050002925,010-5000-2925,"one digit, last group",-1.92213975158997e-10,123,-3.470816506742459e-11
01050002925,010-5000-2925,"one digit, last group",-1.92213975158997e-10,124,1.8500778778581172e-10
01050002925,010-5000-2925,"one digit, last group",-1.92213975158997e-10,125,-2.7967612804712396e-10
01050002925,010-5000-2925,"one digit, last group",-1.92213975158997e-10,126,1.1188157461755298e-10
01050002925,010-5000-2925,"one digit, last group",-1.92213975158997e-10,127,-5.356603625996378e-11
01050002925,010-5000-2925,"one digit, last group",-1.92213975158997e-10,128,-2.1826277943008032e-11
01050002925,010-5000-2925,"one digit, last group",-1.92213975158997e-10,129,4.108218864819244e-11
01050002925,010-5000-2925,"one digit, last group",-1.92213975158997e-10,130,-1.2289226793016602e-11
01050002925,010-5000-2925,"one digit, last group",-1.92213975158997e-10,131,-2.1637061487476072e-10
01050002925,010-5000-2925,"one digit, last group",-1.92213975158997e-10,132,1.2711626192307709e-10
01050002925,010-5000-2925,"one digit, last group",-1.92213975158997e-10,133,1.6023496842399412e-10
01050002925,010-5000-2925,"one digit, last group",-1.92213975158997e-10,134,5.559402421253322e-11
01050002925,010-5000-2925,"one digit, last group",-1.92213975158997e-10,135,9.671732984563031e-11
01050002925,010-5000-2925,"one digit, last group",-1.92213975158997e-10,136,-5.6588437463879506e-12
01050002925,010-5000-2925,"one digit, last group",-1.92213975158997e-10,137,5.950877458319962e-11
01050002925,010-5000-2925,"one digit, last group",-1.92213975158997e-10,138,8.450851467416955e-11
01050002925,010-5000-2925,"one digit, last group",-1.92213975158997e-10,139,-1.1721658006332437e-10
01050002925,010-5000-2925,"one digit, last group",-1.92213975158997e-10,140,2.0799157846530465e-10
01050002925,010-5000-2925,"one digit, last group",-1.92213975158997e-10,141,9.755472831632e-11
01050002925,010-5000-2925,"one digit, last group",-1.92213975158997e-10,142,-1.6582440572097675e-09
01050002925,010-5000-2925,"one digit, last group",-1.92213975158997e-10,143,8.774466640034499e-10
01050002925,010-5000-2925,"one digit, last group",-1.92213975158997e-10,144,-4.775542621617951e-09
01050002925,010-5000-2925,"one digit, last group",-1.92213975158997e-10,145,-1.362465903967213e-08
01050002925,010-5000-2925,"one digit, last group",-1.92213975158997e-10,146,-9.368520526544763e-10
01050002925,010-5000-2925,"one digit, last group",-1.92213975158997e-10,147,6.114716607616111e-09
01050002925,010-5000-2925,"one digit, last group",-1.92213975158997e-10,148,-1.210659275963208e-09
01050002925,010-5000-2925,"one digit, last group",-1.92213975158997e-10,149,1.4013817294752122e-09
01050002925,010-5000-2925,"one digit, last group",-1.92213975158997e-10,150,1.2258659412962042e-10
01050002925,010-5000-2925,"one digit, last group",-1.92213975158997e-10,151,-9.628903156506272e-12
01050002925,010-5000-2925,"one digit, last group",-1.92213975158997e-10,152,-2.6144841873999765e-11
01050002925,010-5000-2925,"one digit, last group",-1.92213975158997e-10,153,-1.2986363424967935e-10
01050002925,010-5000-2925,"one digit, last group",-1.92213975158997e-10,154,2.4466295201599865e-11
01050002925,010-5000-2925,"one digit, last group",-1.92213975158997e-10,155,3.4425844192912497e-10
01050002925,010-5000-2925,"one digit, last group",-1.92213975158997e-10,156,1.398092524786415e-09
01050002925,010-5000-2925,"one digit, last group",-1.92213975158997e-10,157,-7.600624443655077e-12
01050002925,010-5000-2925,"one digit, last group",-1.92213975158997e-10,158,7.896510300172127e-11
01050002925,010-5000-2925,"one digit, last group",-1.92213975158997e-10,159,3.9948580666127917e-11
01050002925,010-5000-2925,"one digit, last group",-1.92213975158997e-10,160,-1.0200173964158828e-08
01050002925,010-5000-2925,"one digit, last group",-1.92213975158997e-10,161,5.3947554614783923e-11
01050002925,010-5000-2925,"one digit, last group",-1.92213975158997e-10,162,-1.6967447960375678e-11
01050002925,010-5000-2925,"one digit, last group",-1.92213975158997e-10,163,2.7468073659580665e-10
01050002925,010-5000-2925,"one digit, last group",-1.92213975158997e-10,164,-1.1173385857608982e-09
01050002925,010-5000-2925,"one digit, last group",-1.92213975158997e-10,165,-1.2121461764901799e-11
01050002925,010-5000-2925,"one digit, last group",-1.92213975158997e-10,166,4.3675044042671333e-11
01050002925,010-5000-2925,"one digit, last group",-1.92213975158997e-10,167,-3.664840855585485e-10
01050002925,010-5000-2925,"one digit, last group",-1.92213975158997e-10,168,3.547067986729688e-10
01050002925,010-5000-2925,"one digit, last group",-1.92213975158997e-10,169,1.3879524023036954e-10
01050002925,010-5000-2925,"one digit, last group",-1.92213975158997e-10,170,1.7036425976216973e-10
01050002925,010-5000-2925,"one digit, last group",-1.92213975158997e-10,171,1.3960428882578475e-10
01050002925,010-5000-2925,"one digit, last group",-1.92213975158997e-10,172,5.2863061045389715e-11
01050002925,010-5000-2925,"one digit, last group",-1.92213975158997e-10,173,-7.154809263056645e-11
01050002925,010-5000-2925,"one digit, last group",-1.92213975158997e-10,174,1.8856118754752156e-11
01050002925,010-5000-2925,"one digit, last group",-1.92213975158997e-10,175,1.0581506545995594e-10
01050002925,010-5000-2925,"one digit, last group",-1.92213975158997e-10,176,1.3700090746720899e-11
01050002925,010-5000-2925,"one digit, last group",-1.92213975158997e-10,177,2.193398638649453e-10
01050002925,010-5000-2925,"one digit, last group",-1.92213975158997e-10,178,1.801242421241515e-10
01050002925,010-5000-2925,"one digit, last group",-1.92213975158997e-10,179,-1.3274466560533573e-10
01050002925,010-5000-2925,"one digit, last group",-1.92213975158997e-10,180,1.7098393298392124e-10
01050002925,010-5000-2925,"one digit, last group",-1.92213975158997e-10,181,-4.792523343632875e-10
01050002925,010-5000-2925,"one digit, last group",-1.92213975158997e-10,182,-1.3304430168457688e-10
01050002925,010-5000-2925,"one digit, last group",-1.92213975158997e-10,183,5.599132214297803e-11
01050002925,010-5000-2925,"one digit, last group",-1.92213975158997e-10,184,-8.953940892197762e-11
01050002925,010-5000-2925,"one digit, last group",-1.92213975158997e-10,185,-9.129774887855897e-11
01050002925,010-5000-2925,"one digit, last group",-1.92213975158997e-10,186,7.688920146850594e-11
01050002925,010-5000-2925,"one digit, last group",-1.92213975158997e-10,187,1.2787775907258684e-10
01050002925,010-5000-2925,"one digit, last group",-1.92213975158997e-10,188,-2.6419133528344072e-11
01050002925,010-5000-2925,"one digit, last group",-1.92213975158997e-10,189,1.6627586175402556e-10
01050002925,010-5000-2925,"one digit, last group",-1.92213975158997e-10,190,-9.869184899610522e-11
01050002925,010-5000-2925,"one digit, last group",-1.92213975158997e-10,191,6.759252687353419e-11
01050002925,010-5000-2925,"one digit, last group",-1.92213975158997e-10,192,6.794283518512183e-11
01050002925,010-5000-2925,"one digit, last group",-1.92213975158997e-10,193,2.0601078595436576e-10
01050002925,010-5000-2925,"one digit, last group",-1.92213975158997e-10,194,-4.549240192899377e-11
01050002925,010-5000-2925,"one digit, last group",-1.92213975158997e-10,195,4.245504110441425e-10
01050002925,010-5000-2925,"one digit, last group",-1.92213975158997e-10,196,1.1293783996588937e-10
01050002925,010-5000-2925,"one digit, last group",-1.92213975158997e-10,197,4.8253448865157846e-11
01050002925,010-5000-2925,"one digit, last group",-1.92213975158997e-10,198,2.4968758269999493e-10
01050002925,010-5000-2925,"one digit, last group",-1.92213975158997e-10,199,4.178170103681038e-11
01050002925,010-5000-2925,"one digit, last group",-1.92213975158997e-10,200,-1.5268954592705492e-10
01050002925,010-5000-2925,"one digit, last group",-1.92213975158997e-10,201,3.687556045023493e-12
01050002925,010-5000-2925,"one digit, last group",-1.92213975158997e-10,202,-5.46911997206983e-10
01050002925,010-5000-2925,"one digit, last group",-1.92213975158997e-10,203,-1.4378337275002673e-11
01051009080,010-5100-9080,original,0.9999999999349204,0,1.0758352890138344e-10
01051009080,010-5100-9080,original,0.9999999999349204,1,-2.8754730766700767e-10
01051009080,010-5100-9080,original,0.9999999999349204,2,-1.5605774417950441e-10
01051009080,010-5100-9080,original,0.9999999999349204,3,3.276677812956344e-11
01051009080,010-5100-9080,original,0.9999999999349204,4,-7.9346326629312e-11
01051009080,010-5100-9080,original,0.9999999999349204,5,5.417913239140265e-10
01051009080,010-5100-9080,original,0.9999999999349204,6,-2.4966272256313433e-10
01051009080,010-5100-9080,original,0.9999999999349204,7,5.893936015473127e-11
01051009080,010-5100-9080,original,0.9999999999349204,8,4.000074646185836e-10
01051009080,010-5100-9080,original,0.9999999999349204,9,-9.818631398015809e-11
01051009080,010-5100-9080,original,0.9999999999349204,10,-1.4665075665517332e-12
01051009080,010-5100-9080,original,0.9999999999349204,11,8.033958417358256e-11
01051009080,010-5100-9080,original,0.9999999999349204,12,-1.8637702977769098e-10
01051009080,010-5100-9080,original,0.9999999999349204,13,-6.717818511181463e-10
01051009080,010-5100-9080,original,0.9999999999349204,14,-4.114682187002659e-11
01051009080,010-5100-9080,original,0.9999999999349204,15,-3.271183748613508e-11
01051009080,010-5100-9080,original,0.9999999999349204,16,-2.6686926808399816e-11
01051009080,010-5100-9080,original,0.9999999999349204,17,-2.9949706580050487e-10
01051009080,010-5100-9080,original,0.9999999999349204,18,8.093995358074334e-11
01051009080,010-5100-9080,original,0.9999999999349204,19,-5.286642905235006e-11
01051009080,010-5100-9080,original,0.9999999999349204,20,4.2107628153633946e-11
01051009080,010-5100-9080,original,0.9999999999349204,21,-8.704343331093267e-11
01051009080,010-5100-9080,original,0.9999999999349204,22,3.931289525050112e-11
01051009080,010-5100-9080,original,0.9999999999349204,23,-8.652457072630267e-11
01051009080,010-5100-9080,original,0.9999999999349204,24,-3.129756194355366e-10
01051009080,010-5100-9080,original,0.9999999999349204,25,6.480591941315915e-11
01051009080,010-5100-9080,original,0.9999999999349204,26,1.4895928955552035e-10
01051009080,010-5100-9080,original,0.9999999999349204,27,-1.567614047716216e-10
01051009080,010-5100-9080,original,0.9999999999349204,28,3.0747167736979366e-10
01051009080,010-5100-9080,original,0.9999999999349204,29,-3.35760315797953e-11
01051009080,010-5100-9080,original,0.9999999999349204,30,4.6132986727870735e-10
01051009080,010-5100-9080,original,0.9999999999349204,31,8.401795034515387e-11
01051009080,010-5100-9080,original,0.9999999999349204,32,-1.6715329696135314e-10
01051009080,010-5100-9080,original,0.9999999999349204,33,2.30232899494234e-10
01051009080,010-5100-9080,original,0.9999999999349204,34,1.4399219221944208e-10
01051009080,010-5100-9080,original,0.9999999999349204,35,-3.833418534107243e-11
01051009080,010-5100-9080,original,0.9999999999349204,36,3.165675511339266e-11
01051009080,010-5100-9080,original,0.9999999999349204,37,5.955620091190331e-11
01051009080,010-5100-9080,original,0.9999999999349204,38,6.185369466343107e-11
01051009080,010-5100-9080,original,0.9999999999349204,39,7.010393729651304e-11
01051009080,010-5100-9080,original,0.9999999999349204,40,-3.9456668557978437e-10
01051009080,010-5100-9080,original,0.9999999999349204,41,-2.114604173352334e-11
01051009080,010-5100-9080,original,0.9999999999349204,42,-1.8229602759363934e-10
01051009080,010-5100-9080,original,0.9999999999349204,43,3.5661967862657285e-11
01051009080,010-5100-9080,original,0.9999999999349204,44,-1.9121503498975252e-12
01051009080,010-5100-9080,original,0.9999999999349204,45,-1.333371200473456e-10
01051009080,010-5100-9080,original,0.9999999999349204,46,2.503555198105804e-11
01051009080,010-5100-9080,original,0.9999999999349204,47,-9.070782419412518e-11
01051009080,010-5100-9080,original,0.9999999999349204,48,-5.190993063772078e-11
01051009080,010-5100-9080,original,0.9999999999349204,49,9.191942017874694e-12
01051009080,010-5100-9080,original,0.9999999999349204,50,-2.1510195772295195e-10
01051009080,010-5100-9080,original,0.9999999999349204,51,-9.341827842247337e-11
01051009080,010-5100-9080,original,0.9999999999349204,52,-1.1263985057112454e-11
01051009080,010-5100-9080,original,0.9999999999349204,53,1.936094539173089e-11
01051009080,010-5100-9080,original,0.9999999999349204,54,6.684310659522552e-11
01051009080,010-5100-9080,original,0.9999999999349204,55,1.8016278208700711e-10
01051009080,010-5100-9080,original,0.9999999999349204,56,8.280502409471559e-11
01051009080,010-5100-9080,original,0.9999999999349204,57,-1.0013611760683954e-11
01051009080,010-5100-9080,original,0.9999999999349204,58,1.0091972617979922e-10
01051009080,010-5100-9080,original,0.9999999999349204,59,-1.16355148613039e-11
01051009080,010-5100-9080,original,0.9999999999349204,60,1.6255352803075994e-10
01051009080,010-5100-9080,original,0.9999999999349204,61,7.191356765206668e-11
01051009080,010-5100-9080,original,0.9999999999349204,62,-4.4147378431564465e-11
01051009080,010-5100-9080,original,0.9999999999349204,63,-8.498593001333639e-11
01051009080,010-5100-9080,original,0.9999999999349204,64,1.5711263482997387e-10
01051009080,010-5100-9080,original,0.9999999999349204,65,1.4726592761957485e-10
01051009080,010-5100-9080,original,0.9999999999349204,66,1.8204732921143828e-10
01051009080,010-5100-9080,original,0.9999999999349204,67,2.200556728293798e-11
01051009080,010-5100-9080,original,0.9999999999349204,68,2.481648857971152e-10
01051009080,010-5100-9080,original,0.9999999999349204,69,6.405151954514247e-11
01051009080,010-5100-9080,original,0.9999999999349204,70,8.6765991853883e-11
01051009080,010-5100-9080,original,0.9999999999349204,71,-1.9930332469409995e-10
01051009080,010-5100-9080,original,0.9999999999349204,72,-5.825956293872236e-12
01051009080,010-5100-9080,original,0.9999999999349204,73,-1.3027543931132183e-11
01051009080,010-5100-9080,original,0.9999999999349204,74,-3.100675585827919e-11
01051009080,010-5100-9080,original,0.9999999999349204,75,9.240892226890345e-11
01051009080,010-5100-9080,original,0.9999999999349204,76,-6.542798177727127e-11
01051009080,010-5100-9080,original,0.9999999999349204,77,-6.288095451576825e-11
01051009080,010-5100-9080,original,0.9999999999349204,78,-2.0554209683900998e-10
01051009080,010-5100-9080,original,0.9999999999349204,79,4.750309455105519e-12
01051009080,010-5100-9080,original,0.9999999999349204,80,1.0017259194761307e-10
01051009080,010-5100-9080,original,0.9999999999349204,81,-3.778171515846249e-10
01051009080,010-5100-9080,original,0.9999999999349204,82,2.758951346875062e-10
01051009080,010-5100-9080,original,0.9999999999349204,83,-7.849903949621423e-11
01051009080,010-5100-9080,original,0.9999999999349204,84,-7.168571403623012e-11
01051009080,010-5100-9080,original,0.9999999999349204,85,-7.558115701166285e-12
01051009080,010-5100-9080,original,0.9999999999349204,86,1.2939211475422581e-10
01051009080,010-5100-9080,original,0.9999999999349204,87,-8.985765813616475e-11
01051009080,010-5100-9080,original,0.9999999999349204,88,1.9570317374600824e-10
01051009080,010-5100-9080,original,0.9999999999349204,89,-3.7557041481728846e-11
01051009080,010-5100-9080,original,0.9999999999349204,90,-1.5697197995629277e-10
01051009080,010-5100-9080,original,0.9999999999349204,91,-1.5986383643709596e-10
01051009080,010-5100-9080,original,0.9999999999349204,92,-1.5422108986611328e-10
01051009080,010-5100-9080,original,0.9999999999349204,93,6.318132469969633e-11
01051009080,010-5100-9080,original,0.9999999999349204,94,-7.415620308674408e-11
01051009080,010-5100-9080,original,0.9999999999349204,95,1.732487181107083e-13
01051009080,010-5100-9080,original,0.9999999999349204,96,4.058502989250452e-10
01051009080,010-5100-9080,original,0.9999999999349204,97,-3.382488239671721e-10
01051009080,010-5100-9080,original,0.9999999999349204,98,-1.4901869136344154e-10
01051009080,010-5100-9080,original,0.9999999999349204,99,-4.3669775505362844e-11
01051009080,010-5100-9080,original,0.9999999999349204,100,2.0838635972757107e-11
01051009080,010-5100-9080,original,0.9999999999349204,101,2.9555660473876937e-10
01051009080,010-5100-9080,original,0.9999999999349204,102,7.935662058636492e-12
01051009080,010-5100-9080,original,0.9999999999349204,103,-2.913061549443027e-10
01051009080,010-5100-9080,original,0.9999999999349204,104,-3.1068470490436497e-10
01051009080,010-5100-9080,original,0.9999999999349204,105,4.070632959562752e-11
01051009080,010-5100-9080,original,0.9999999999349204,106,1.71670005667622e-10
01051009080,010-5100-9080,original,0.9999999999349204,107,3.2267944954791276e-11
01051009080,010-5100-9080,original,0.9999999999349204,108,1.9978877221307943e-11
01051009080,010-5100-9080,original,0.9999999999349204,109,-2.91260965005386e-10
01051009080,010-5100-9080,original,0.9999999999349204,110,9.538247563709045e-11
01051009080,010-5100-9080,original,0.9999999999349204,111,-9.834538403013008e-11
01051009080,010-5100-9080,original,0.9999999999349204,112,3.5691041430288855e-11
01051009080,010-5100-9080,original,0.9999999999349204,113,-5.085156746329266e-12
01051009080,010-5100-9080,original,0.9999999999349204,114,-1.1086900525510818e-10
01051009080,010-5100-9080,original,0.9999999999349204,115,-3.7735063997731015e-11
01051009080,010-5100-9080,original,0.9999999999349204,116,-5.719981748297043e-11
01051009080,010-5100-9080,original,0.9999999999349204,117,-3.055885861334532e-10
01051009080,010-5100-9080,original,0.9999999999349204,118,2.8919410736498164e-10
01051009080,010-5100-9080,original,0.9999999999349204,119,-2.450466269110204e-10
01051009080,010-5100-9080,original,0.9999999999349204,120,-3.033852626270906e-11
01051009080,010-5100-9080,original,0.9999999999349204,121,-9.93753166260551e-11
01051009080,010-5100-9080,original,0.9999999999349204,122,4.3156925134317043e-11
01051009080,010-5100-9080,original,0.9999999999349204,123,2.4541400144555396e-11
01051009080,010-5100-9080,original,0.9999999999349204,124,-3.637166098961161e-10
01051009080,010-5100-9080,original,0.9999999999349204,125,-1.8918550947665206e-10
01051009080,010-5100-9080,original,0.9999999999349204,126,-6.677146274568756e-11
01051009080,010-5100-9080,original,0.9999999999349204,127,-1.762368761049007e-10
01051009080,010-5100-9080,original,0.9999999999349204,128,-1.9871170277454472e-10
01051009080,010-5100-9080,original,0.9999999999349204,129,2.351692827181171e-10
01051009080,010-5100-9080,original,0.9999999999349204,130,-9.813790066033809e-12
01051009080,010-5100-9080,original,0.9999999999349204,131,1.2288969414006995e-10
01051009080,010-5100-9080,original,0.9999999999349204,132,-8.891289062538232e-11
01051009080,010-5100-9080,original,0.9999999999349204,133,6.109094169245303e-11
01051009080,010-5100-9080,original,0.9999999999349204,134,-1.2012324894777293e-10
01051009080,010-5100-9080,original,0.9999999999349204,135,7.466378350748249e-14
01051009080,010-5100-9080,original,0.9999999999349204,136,-1.490905313757887e-11
01051009080,010-5100-9080,original,0.9999999999349204,137,-3.5069135991612357e-11
01051009080,010-5100-9080,original,0.9999999999349204,138,7.811613623748219e-11
01051009080,010-5100-9080,original,0.9999999999349204,139,-9.868899485981623e-11
01051009080,010-5100-9080,original,0.9999999999349204,140,7.445328981857338e-11
01051009080,010-5100-9080,original,0.9999999999349204,141,-8.167312743550567e-11
01051009080,010-5100-9080,original,0.9999999999349204,142,-9.775900412356588e-11
01051009080,010-5100-9080,original,0.9999999999349204,143,-1.3357153466890591e-11
01051009080,010-5100-9080,original,0.9999999999349204,144,1.698932850159113e-10
01051009080,010-5100-9080,original,0.9999999999349204,145,9.955099764775426e-11
01051009080,010-5100-9080,original,0.9999999999349204,146,3.434330218936395e-10
01051009080,010-5100-9080,original,0.9999999999349204,147,8.515038237624111e-11
01051009080,010-5100-9080,original,0.9999999999349204,148,3.696209364053915e-11
01051009080,010-5100-9080,original,0.9999999999349204,149,8.511421714651284e-11
01051009080,010-5100-9080,original,0.9999999999349204,150,2.6056710095820113e-10
01051009080,010-5100-9080,original,0.9999999999349204,151,6.464952542408589e-11
01051009080,010-5100-9080,original,0.9999999999349204,152,-3.911587505084905e-10
01051009080,010-5100-9080,original,0.9999999999349204,153,-9.581331336245828e-11
01051009080,010-5100-9080,original,0.9999999999349204,154,2.3048295973308777e-11
01051009080,010-5100-9080,original,0.9999999999349204,155,-1.4907463282186e-10
01051009080,010-5100-9080,original,0.9999999999349204,156,-2.4693454507705105e-11
01051009080,010-5100-9080,original,0.9999999999349204,157,-6.65575858801795e-11
01051009080,010-5100-9080,original,0.9999999999349204,158,4.1249546215380896e-11
01051009080,010-5100-9080,original,0.9999999999349204,159,-4.09977018621163e-11
01051009080,010-5100-9080,original,0.9999999999349204,160,-2.4479834019909614e-11
01051009080,010-5100-9080,original,0.9999999999349204,161,-2.3673440665205507e-11
01051009080,010-5100-9080,original,0.9999999999349204,162,4.696370358340207e-11
01051009080,010-5100-9080,original,0.9999999999349204,163,4.540778598826174e-12
01051009080,010-5100-9080,original,0.9999999999349204,164,7.165469108425768e-11
01051009080,010-5100-9080,original,0.9999999999349204,165,-4.765987503625183e-11
01051009080,010-5100-9080,original,0.9999999999349204,166,-6.457932990836064e-11
01051009080,010-5100-9080,original,0.9999999999349204,167,1.581348780881579e-10
01051009080,010-5100-9080,original,0.9999999999349204,168,-1.5172107814198158e-10
01051009080,010-5100-9080,original,0.9999999999349204,169,-5.312451488607329e-11
01051009080,010-5100-9080,original,0.9999999999349204,170,-1.2725293071846876e-10
01051009080,010-5100-9080,original,0.9999999999349204,171,-2.1796622906707252e-10
01051009080,010-5100-9080,original,0.9999999999349204,172,3.7274782915526984e-11
01051009080,010-5100-9080,original,0.9999999999349204,173,7.032134606749896e-11
01051009080,010-5100-9080,original,0.9999999999349204,174,1.1459742116718807e-10
01051009080,010-5100-9080,original,0.9999999999349204,175,1.0871963202572923e-10
01051009080,010-5100-9080,original,0.9999999999349204,176,8.490934662185985e-11
01051009080,010-5100-9080,original,0.9999999999349204,177,-1.8275657403304597e-10
01051009080,010-5100-9080,original,0.9999999999349204,178,-8.029201949467078e-11
01051009080,010-5100-9080,original,0.9999999999349204,179,1.5227446086562248e-10
01051009080,010-5100-9080,original,0.9999999999349204,180,-1.0211822926510822e-10
01051009080,010-5100-9080,original,0.9999999999349204,181,0.9999996114928017
01051009080,010-5100-9080,original,0.9999999999349204,182,0.9999997151922897
01051009080,010-5100-9080,original,0.9999999999349204,183,0.9999997660687957
01051009080,010-5100-9080,original,0.9999999999349204,184,2.1631058079300465e-11
01051009080,010-5100-9080,original,0.9999999999349204,185,-2.0950303171389887e-11
01051009080,010-5100-9080,original,0.9999999999349204,186,1.890237610962424e-10
01051009080,010-5100-9080,original,0.9999999999349204,187,-1.3408499113120693e-10
01051009080,010-5100-9080,original,0.9999999999349204,188,6.608765585659234e-11
01051009080,010-5100-9080,original,0.9999999999349204,189,-2.8652624534403074e-11
01051009080,010-5100-9080,original,0.9999999999349204,190,-3.1963048191999464e-11
01051009080,010-5100-9080,original,0.9999999999349204,191,3.6504404242247196e-11
01051009080,010-5100-9080,original,0.9999999999349204,192,-1.1437466587133354e-10
01051009080,010-5100-9080,original,0.9999999999349204,193,1.5907791141144535e-10
01051009080,010-5100-9080,original,0.9999999999349204,194,2.2917831933494578e-11
01051009080,010-5100-9080,original,0.9999999999349204,195,-2.423963505162411e-10
01051009080,010-5100-9080,original,0.9999999999349204,196,3.526974886598038e-11
01051009080,010-5100-9080,original,0.9999999999349204,197,-1.9721962280171965e-10
01051009080,010-5100-9080,original,0.9999999999349204,198,3.231884175201515e-11
01051009080,010-5100-9080,original,0.9999999999349204,199,3.0760483118766123e-10
01051009080,010-5100-9080,original,0.9999999999349204,200,-1.1372044791417623e-10
01051009080,010-5100-9080,original,0.9999999999349204,201,-4.989735753140396e-12
01051009080,010-5100-9080,original,0.9999999999349204,202,1.7856735994192622e-10
01051009080,010-5100-9080,original,0.9999999999349204,203,4.313497942856144e-11
01051009081,010-5100-9081,"one digit, last group",-2.1539990806212395e-10,0,-1.5024088285717056e-10
01051009081,010-5100-9081,"one digit, last group",-2.1539990806212395e-10,1,3.911478868528201e-12
01051009081,010-5100-9081,"one digit, last group",-2.1539990806212395e-10,2,5.378082175041616e-11
01051009081,010-5100-9081,"one digit, last group",-2.1539990806212395e-10,3,-1.762059666076812e-11
01051009081,010-5100-9081,"one digit, last group",-2.1539990806212395e-10,4,-1.62254040193134e-10
01051009081,010-5100-9081,"one digit, last group",-2.1539990806212395e-10,5,-2.6544214313281994e-10
01051009081,010-5100-9081,"one digit, last group",-2.1539990806212395e-10,6,-2.8925794829571125e-11
01051009081,010-5100-9081,"one digit, last group",-2.1539990806212395e-10,7,2.524478860017593e-11
01051009081,010-5100-9081,"one digit, last group",-2.1539990806212395e-10,8,8.369498026800691e-12
01051009081,010-5100-9081,"one digit, last group",-2.1539990806212395e-10,9,6.854242777153001e-12
01051009081,010-5100-9081,"one digit, last group",-2.1539990806212395e-10,10,2.08779470544828e-11
01051009081,010-5100-9081,"one digit, last group",-2.1539990806212395e-10,11,2.2316857939114655e-10
01051009081,010-5100-9081,"one digit, last group",-2.1539990806212395e-10,12,1.0185318432674851e-10
01051009081,010-5100-9081,"one digit, last group",-2.1539990806212395e-10,13,9.541967325088432e-11
01051009081,010-5100-9081,"one digit, last group",-2.1539990806212395e-10,14,1.0178944989620722e-10
01051009081,010-5100-9081,"one digit, last group",-2.1539990806212395e-10,15,1.8455194263360385e-12
01051009081,010-5100-9081,"one digit, last group",-2.1539990806212395e-10,16,1.9825629908565673e-10
01051009081,010-5100-9081,"one digit, last group",-2.1539990806212395e-10,17,-1.3568794289974205e-10
01051009081,010-5100-9081,"one digit, last group",-2.1539990806212395e-10,18,-1.9690908213335304e-10
01051009081,010-5100-9081,"one digit, last group",-2.1539990806212395e-10,19,2.7572867221445335e-11
01051009081,010-5100-9081,"one digit, last group",-2.1539990806212395e-10,20,3.2166922425410385e-11
01051009081,010-5100-9081,"one digit, last group",-2.1539990806212395e-10,21,-7.027907132190065e-11
01051009081,010-5100-9081,"one digit, last group",-2.1539990806212395e-10,22,9.886434880353302e-12
01051009081,010-5100-9081,"one digit, last group",-2.1539990806212395e-10,23,-3.687253162377759e-11
01051009081,010-5100-9081,"one digit, last group",-2.1539990806212395e-10,24,5.352847996847856e-10
01051009081,010-5100-9081,"one digit, last group",-2.1539990806212395e-10,25,-3.367604535940307e-11
01051009081,010-5100-9081,"one digit, last group",-2.1539990806212395e-10,26,-5.429022427638122e-10
01051009081,010-5100-9081,"one digit, last group",-2.1539990806212395e-10,27,1.0307493491597233e-10
01051009081,010-5100-9081,"one digit, last group",-2.1539990806212395e-10,28,6.179603034266118e-10
01051009081,010-5100-9081,"one digit, last group",-2.1539990806212395e-10,29,-8.259815139547812e-11
01051009081,010-5100-9081,"one digit, last group",-2.1539990806212395e-10,30,5.511358041789571e-10
01051009081,010-5100-9081,"one digit, last group",-2.1539990806212395e-10,31,1.3864520306015548e-10
01051009081,010-5100-9081,"one digit, last group",-2.1539990806212395e-10,32,2.4821936909720705e-10
01051009081,010-5100-9081,"one digit, last group",-2.1539990806212395e-10,33,1.967107549762311e-10
01051009081,010-5100-9081,"one digit, last group",-2.1539990806212395e-10,34,1.191632275550609e-10
01051009081,010-5100-9081,"one digit, last group",-2.1539990806212395e-10,35,-7.808591151364704e-11
01051009081,010-5100-9081,"one digit, last group",-2.1539990806212395e-10,36,-3.9117193614546525e-11
01051009081,010-5100-9081,"one digit, last group",-2.1539990806212395e-10,37,7.365661721962997e-11
01051009081,010-5100-9081,"one digit, last group",-2.1539990806212395e-10,38,5.2470982494886165e-12
01051009081,010-5100-9081,"one digit, last group",-2.1539990806212395e-10,39,7.546797470544763e-12
01051009081,010-5100-9081,"one digit, last group",-2.1539990806212395e-10,40,-2.2952959745441177e-10
01051009081,010-5100-9081,"one digit, last group",-2.1539990806212395e-10,41,-5.99871649738057e-11
01051009081,010-5100-9081,"one digit, last group",-2.1539990806212395e-10,42,1.9463494600473798e-11
01051009081,010-5100-9081,"one digit, last group",-2.1539990806212395e-10,43,-3.7214353559438125e-11
01051009081,010-5100-9081,"one digit, last group",-2.1539990806212395e-10,44,3.2560440121978235e-11
01051009081,010-5100-9081,"one digit, last group",-2.1539990806212395e-10,45,3.1706639254649234e-10
01051009081,010-5100-9081,"one digit, last group",-2.1539990806212395e-10,46,-5.5611750108387574e-11
01051009081,010-5100-9081,"one digit, last group",-2.1539990806212395e-10,47,1.8250297708212197e-10
01051009081,010-5100-9081,"one digit, last group",-2.1539990806212395e-10,48,2.7481198513271643e-10
01051009081,010-5100-9081,"one digit, last group",-2.1539990806212395e-10,49,1.4761659145532938e-10
01051009081,010-5100-9081,"one digit, last group",-2.1539990806212395e-10,50,5.408219189803343e-11
01051009081,010-5100-9081,"one digit, last group",-2.1539990806212395e-10,51,-2.236714431633575e-11
01051009081,010-5100-9081,"one digit, last group",-2.1539990806212395e-10,52,1.1638491278720942e-10
01051009081,010-5100-9081,"one digit, last group",-2.1539990806212395e-10,53,-2.7922529655116258e-11
01051009081,010-5100-9081,"one digit, last group",-2.1539990806212395e-10,54,8.132804960165436e-12
01051009081,010-5100-9081,"one digit, last group",-2.1539990806212395e-10,55,-3.550888190990326e-10
01051009081,010-5100-9081,"one digit, last group",-2.1539990806212395e-10,56,-3.025843481398255e-11
01051009081,010-5100-9081,"one digit, last group",-2.1539990806212395e-10,57,-1.3864883023098669e-11
01051009081,010-5100-9081,"one digit, last group",-2.1539990806212395e-10,58,7.413283137633033e-12
01051009081,010-5100-9081,"one digit, last group",-2.1539990806212395e-10,59,1.9343089208846252e-11
01051009081,010-5100-9081,"one digit, last group",-2.1539990806212395e-10,60,5.307210136943401e-11
01051009081,010-5100-9081,"one digit, last group",-2.1539990806212395e-10,61,2.3974831816504728e-11
01051009081,010-5100-9081,"one digit, last group",-2.1539990806212395e-10,62,-5.7065575074604765e-11
01051009081,010-5100-9081,"one digit, last group",-2.1539990806212395e-10,63,1.3272425851423562e-10
01051009081,010-5100-9081,"one digit, last group",-2.1539990806212395e-10,64,-1.0090828363908683e-10
01051009081,010-5100-9081,"one digit, last group",-2.1539990806212395e-10,65,-5.117268366183408e-11
01051009081,010-5100-9081,"one digit, last group",-2.1539990806212395e-10,66,-2.052371546828299e-10
01051009081,010-5100-9081,"one digit, last group",-2.1539990806212395e-10,67,4.039825488761134e-11
01051009081,010-5100-9081,"one digit, last group",-2.1539990806212395e-10,68,8.902369605441156e-12
01051009081,010-5100-9081,"one digit, last group",-2.1539990806212395e-10,69,-9.054308605497281e-11
01051009081,010-5100-9081,"one digit, last group",-2.1539990806212395e-10,70,-8.448271785374088e-11
01051009081,010-5100-9081,"one digit, last group",-2.1539990806212395e-10,71,3.12696897257473e-11
01051009081,010-5100-9081,"one digit, last group",-2.1539990806212395e-10,72,1.9701354844437584e-12
01051009081,010-5100-9081,"one digit, last group",-2.1539990806212395e-10,73,-1.990963299809673e-10
01051009081,010-5100-9081,"one digit, last group",-2.1539990806212395e-10,74,5.185440281949714e-11
01051009081,010-5100-9081,"one digit, last group",-2.1539990806212395e-10,75,4.124423376670493e-11
01051009081,010-5100-9081,"one digit, last group",-2.1539990806212395e-10,76,7.52149334684706e-11
01051009081,010-5100-9081,"one digit, last group",-2.1539990806212395e-10,77,1.0142298914429031e-10
01051009081,010-5100-9081,"one digit, last group",-2.1539990806212395e-10,78,2.5716617579798183e-10
01051009081,010-5100-9081,"one digit, last group",-2.1539990806212395e-10,79,9.120275275640737e-12
01051009081,010-5100-9081,"one digit, last group",-2.1539990806212395e-10,80,1.0914351769943379e-10
01051009081,010-5100-9081,"one digit, last group",-2.1539990806212395e-10,81,-1.0512258371675164e-10
01051009081,010-5100-9081,"one digit, last group",-2.1539990806212395e-10,82,1.3462432390414244e-10
01051009081,010-5100-9081,"one digit, last group",-2.1539990806212395e-10,83,3.26955847233122e-11
01051009081,010-5100-9081,"one digit, last group",-2.1539990806212395e-10,84,5.175915810088142e-11
01051009081,010-5100-9081,"one digit, last group",-2.1539990806212395e-10,85,-5.011512237406726e-11
01051009081,010-5100-9081,"one digit, last group",-2.1539990806212395e-10,86,-2.1010368502564074e-10
01051009081,010-5100-9081,"one digit, last group",-2.1539990806212395e-10,87,1.0221335565044385e-10
01051009081,010-5100-9081,"one digit, last group",-2.1539990806212395e-10,88,9.842202462053113e-11
01051009081,010-5100-9081,"one digit, last group",-2.1539990806212395e-10,89,5.402406078029394e-11
01051009081,010-5100-9081,"one digit, last group",-2.1539990806212395e-10,90,1.4948069005258052e-11
01051009081,010-5100-9081,"one digit, last group",-2.1539990806212395e-10,91,-8.521377619997762e-12
01051009081,010-5100-9081,"one digit, last group",-2.1539990806212395e-10,92,8.730536419838325e-11
01051009081,010-5100-9081,"one digit, last group",-2.1539990806212395e-10,93,9.473928890066486e-11
01051009081,010-5100-9081,"one digit, last group",-2.1539990806212395e-10,94,-1.107810536595357e-11
01051009081,010-5100-9081,"one digit, last group",-2.1539990806212395e-10,95,-1.526674078165888e-10
01051009081,010-5100-9081,"one digit, last group",-2.1539990806212395e-10,96,1.4802306732043466e-10
01051009081,010-5100-9081,"one digit, last group",-2.1539990806212395e-10,97,3.0283664889267966e-10
01051009081,010-5100-9081,"one digit, last group",-2.1539990806212395e-10,98,9.94320035359416e-11
01051009081,010-5100-9081,"one digit, last group",-2.1539990806212395e-10,99,-3.365125899374724e-11
01051009081,010-5100-9081,"one digit, last group",-2.1539990806212395e-10,100,-8.15144894295065e-11
01051009081,010-5100-9081,"one digit, last group",-2.1539990806212395e-10,101,2.2433911127600518e-10
01051009081,010-5100-9081,"one digit, last group",-2.1539990806212395e-10,102,4.899703115949997e-10
01051009081,010-5100-9081,"one digit, last group",-2.1539990806212395e-10,103,7.689964170329877e-11
01051009081,010-5100-9081,"one digit, last group",-2.1539990806212395e-10,104,-8.737463720649854e-11
01051009081,010-5100-9081,"one digit, last group",-2.1539990806212395e-10,105,7.823732089209056e-11
01051009081,010-5100-9081,"one digit, last group",-2.1539990806212395e-10,106,-1.0272705456059336e-10
01051009081,010-5100-9081,"one digit, last group",-2.1539990806212395e-10,107,1.1817543215175857e-11
01051009081,010-5100-9081,"one digit, last group",-2.1539990806212395e-10,108,-9.595761917730349e-11
01051009081,010-5100-9081,"one digit, last group",-2.1539990806212395e-10,109,-1.40011030423332e-10
01051009081,010-5100-9081,"one digit, last group",-2.1539990806212395e-10,110,1.199685981321716e-10
01051009081,010-5100-9081,"one digit, last group",-2.1539990806212395e-10,111,-3.4323558822869e-10
01051009081,010-5100-9081,"one digit, last group",-2.1539990806212395e-10,112,8.443227511750954e-12
01051009081,010-5100-9081,"one digit, last group",-2.1539990806212395e-10,113,-6.609882732392904e-12
01051009081,010-5100-9081,"one digit, last group",-2.1539990806212395e-10,114,7.52537860467503e-11
01051009081,010-5100-9081,"one digit, last group",-2.1539990806212395e-10,115,-2.8874039370751125e-11
01051009081,010-5100-9081,"one digit, last group",-2.1539990806212395e-10,116,5.998286758490573e-11
01051009081,010-5100-9081,"one digit, last group",-2.1539990806212395e-10,117,4.446121340626729e-10
01051009081,010-5100-9081,"one digit, last group",-2.1539990806212395e-10,118,3.1292037443835223e-10
01051009081,010-5100-9081,"one digit, last group",-2.1539990806212395e-10,119,-1.1957967269950263e-10
01051009081,010-5100-9081,"one digit, last group",-2.1539990806212395e-10,120,8.701771419925486e-12
01051009081,010-5100-9081,"one digit, last group",-2.1539990806212395e-10,121,-4.3378711804241306e-11
01051009081,010-5100-9081,"one digit, last group",-2.1539990806212395e-10,122,-1.3334435333402585e-10
01051009081,010-5100-9081,"one digit, last group",-2.1539990806212395e-10,123,-1.7996245899665377e-12
01051009081,010-5100-9081,"one digit, last group",-2.1539990806212395e-10,124,2.5440242296631134e-10
01051009081,010-5100-9081,"one digit, last group",-2.1539990806212395e-10,125,-4.801783319998572e-11
01051009081,010-5100-9081,"one digit, last group",-2.1539990806212395e-10,126,1.2682959541948262e-12
01051009081,010-5100-9081,"one digit, last group",-2.1539990806212395e-10,127,-2.51498459750771e-10
01051009081,010-5100-9081,"one digit, last group",-2.1539990806212395e-10,128,-9.099361025994136e-11
01051009081,010-5100-9081,"one digit, last group",-2.1539990806212395e-10,129,1.454438607201016e-10
01051009081,010-5100-9081,"one digit, last group",-2.1539990806212395e-10,130,-1.3750152032277367e-10
01051009081,010-5100-9081,"one digit, last group",-2.1539990806212395e-10,131,8.278709167693354e-11
01051009081,010-5100-9081,"one digit, last group",-2.1539990806212395e-10,132,-2.6841752971648577e-11
01051009081,010-5100-9081,"one digit, last group",-2.1539990806212395e-10,133,-1.1398641302428093e-11
01051009081,010-5100-9081,"one digit, last group",-2.1539990806212395e-10,134,1.4965491119061738e-10
01051009081,010-5100-9081,"one digit, last group",-2.1539990806212395e-10,135,9.991336311555618e-12
01051009081,010-5100-9081,"one digit, last group",-2.1539990806212395e-10,136,-2.571738563632894e-11
01051009081,010-5100-9081,"one digit, last group",-2.1539990806212395e-10,137,-4.21211820461695e-11
01051009081,010-5100-9081,"one digit, last group",-2.1539990806212395e-10,138,1.4041257731684124e-10
01051009081,010-5100-9081,"one digit, last group",-2.1539990806212395e-10,139,-7.494093406131097e-12
01051009081,010-5100-9081,"one digit, last group",-2.1539990806212395e-10,140,7.543934377930799e-12
01051009081,010-5100-9081,"one digit, last group",-2.1539990806212395e-10,141,-8.730368408922362e-11
01051009081,010-5100-9081,"one digit, last group",-2.1539990806212395e-10,142,7.270000178382238e-11
01051009081,010-5100-9081,"one digit, last group",-2.1539990806212395e-10,143,-3.1105703095043767e-10
01051009081,010-5100-9081,"one digit, last group",-2.1539990806212395e-10,144,-1.5521842235592514e-11
01051009081,010-5100-9081,"one digit, last group",-2.1539990806212395e-10,145,-1.8122603197300433e-10
01051009081,010-5100-9081,"one digit, last group",-2.1539990806212395e-10,146,-1.3417602084304033e-10
01051009081,010-5100-9081,"one digit, last group",-2.1539990806212395e-10,147,1.1367051033472084e-10
01051009081,010-5100-9081,"one digit, last group",-2.1539990806212395e-10,148,1.0083651430766841e-10
01051009081,010-5100-9081,"one digit, last group",-2.1539990806212395e-10,149,-7.155544532458118e-11
01051009081,010-5100-9081,"one digit, last group",-2.1539990806212395e-10,150,9.177929165429441e-11
01051009081,010-5100-9081,"one digit, last group",-2.1539990806212395e-10,151,-5.710099835624874e-11
01051009081,010-5100-9081,"one digit, last group",-2.1539990806212395e-10,152,-6.8857858322417735e-12
01051009081,010-5100-9081,"one digit, last group",-2.1539990806212395e-10,153,1.9984559648583094e-10
01051009081,010-5100-9081,"one digit, last group",-2.1539990806212395e-10,154,-6.357252667906937e-11
01051009081,010-5100-9081,"one digit, last group",-2.1539990806212395e-10,155,-3.173953298270675e-11
01051009081,010-5100-9081,"one digit, last group",-2.1539990806212395e-10,156,-1.9302799352682976e-11
01051009081,010-5100-9081,"one digit, last group",-2.1539990806212395e-10,157,5.656089441486659e-11
01051009081,010-5100-9081,"one digit, last group",-2.1539990806212395e-10,158,3.3104450354402164e-11
01051009081,010-5100-9081,"one digit, last group",-2.1539990806212395e-10,159,-5.828271953669606e-12
01051009081,010-5100-9081,"one digit, last group",-2.1539990806212395e-10,160,-1.6891987442064883e-10
01051009081,010-5100-9081,"one digit, last group",-2.1539990806212395e-10,161,4.077808928950711e-11
01051009081,010-5100-9081,"one digit, last group",-2.1539990806212395e-10,162,-1.095328620483301e-10
01051009081,010-5100-9081,"one digit, last group",-2.1539990806212395e-10,163,4.651015358570194e-11
01051009081,010-5100-9081,"one digit, last group",-2.1539990806212395e-10,164,-7.943570417707591e-12
01051009081,010-5100-9081,"one digit, last group",-2.1539990806212395e-10,165,9.670901593893297e-11
01051009081,010-5100-9081,"one digit, last group",-2.1539990806212395e-10,166,-6.485547297561739e-11
01051009081,010-5100-9081,"one digit, last group",-2.1539990806212395e-10,167,-1.4681790244025122e-10
01051009081,010-5100-9081,"one digit, last group",-2.1539990806212395e-10,168,-7.087347997031575e-11
01051009081,010-5100-9081,"one digit, last group",-2.1539990806212395e-10,169,1.0717808072964352e-11
01051009081,010-5100-9081,"one digit, last group",-2.1539990806212395e-10,170,1.2944810372818896e-10
01051009081,010-5100-9081,"one digit, last group",-2.1539990806212395e-10,171,-5.982913112356478e-11
01051009081,010-5100-9081,"one digit, last group",-2.1539990806212395e-10,172,9.117340100228157e-11
01051009081,010-5100-9081,"one digit, last group",-2.1539990806212395e-10,173,-1.500697500538777e-10
01051009081,010-5100-9081,"one digit, last group",-2.1539990806212395e-10,174,9.034173440474384e-11
01051009081,010-5100-9081,"one digit, last group",-2.1539990806212395e-10,175,-2.813871084099826e-10
01051009081,010-5100-9081,"one digit, last group",-2.1539990806212395e-10,176,5.037070195128751e-12
01051009081,010-5100-9081,"one digit, last group",-2.1539990806212395e-10,177,2.5638534264093877e-10
01051009081,010-5100-9081,"one digit, last group",-2.1539990806212395e-10,178,-1.1348213254467343e-10
01051009081,010-5100-9081,"one digit, last group",-2.1539990806212395e-10,179,-5.262390381340646e-10
01051009081,010-5100-9081,"one digit, last group",-2.1539990806212395e-10,180,1.799758506758548e-10
01051009081,010-5100-9081,"one digit, last group",-2.1539990806212395e-10,181,-1.0695159829984742e-08
01051009081,010-5100-9081,"one digit, last group",-2.1539990806212395e-10,182,-1.3328128569711384e-09
01051009081,010-5100-9081,"one digit, last group",-2.1539990806212395e-10,183,-1.999665539706572e-09
01051009081,010-5100-9081,"one digit, last group",-2.1539990806212395e-10,184,1.0354632920250505e-10
01051009081,010-5100-9081,"one digit, last group",-2.1539990806212395e-10,185,2.1093440350171348e-11
01051009081,010-5100-9081,"one digit, last group",-2.1539990806212395e-10,186,1.0839207373876479e-10
01051009081,010-5100-9081,"one digit, last group",-2.1539990806212395e-10,187,-5.726380179015046e-11
01051009081,010-5100-9081,"one digit, last group",-2.1539990806212395e-10,188,-4.3424793434765585e-11
01051009081,010-5100-9081,"one digit, last group",-2.1539990806212395e-10,189,-2.4000902458433076e-10
01051009081,010-5100-9081,"one digit, last group",-2.1539990806212395e-10,190,1.2275317282971174e-10
01051009081,010-5100-9081,"one digit, last group",-2.1539990806212395e-10,191,4.807857415922469e-12
01051009081,010-5100-9081,"one digit, last group",-2.1539990806212395e-10,192,1.0607455293932112e-10
01051009081,010-5100-9081,"one digit, last group",-2.1539990806212395e-10,193,-8.952416631081879e-10
01051009081,010-5100-9081,"one digit, last group",-2.1539990806212395e-10,194,-6.39002741352488e-11
01051009081,010-5100-9081,"one digit, last group",-2.1539990806212395e-10,195,-1.0516663520421712e-10
01051009081,010-5100-9081,"one digit, last group",-2.1539990806212395e-10,196,-4.459619797008514e-11
01051009081,010-5100-9081,"one digit, last group",-2.1539990806212395e-10,197,1.489720486437341e-10
01051009081,010-5100-9081,"one digit, last group",-2.1539990806212395e-10,198,2.2553944132558353e-12
01051009081,010-5100-9081,"one digit, last group",-2.1539990806212395e-10,199,-4.452329963575316e-10
01051009081,010-5100-9081,"one digit, last group",-2.1539990806212395e-10,200,-5.875576497068835e-11
01051009081,010-5100-9081,"one digit, last group",-2.1539990806212395e-10,201,2.3822065323702073e-11
01051009081,010-5100-9081,"one digit, last group",-2.1539990806212395e-10,202,2.3167647227307047e-10
01051009081,010-5100-9081,"one digit, last group",-2.1539990806212395e-10,203,1.3057390578343646e-11
01052001582,010-5200-1582,original,1.0000000000490201,0,4.401128130461784e-11
01052001582,010-5200-1582,original,1.0000000000490201,1,-6.659546647760017e-11
01052001582,010-5200-1582,original,1.0000000000490201,2,3.073694820546538e-10
01052001582,010-5200-1582,original,1.0000000000490201,3,-9.181501966350194e-11
01052001582,010-5200-1582,original,1.0000000000490201,4,5.3035109795697394e-11
01052001582,010-5200-1582,original,1.0000000000490201,5,2.2886207493774914e-10
01052001582,010-5200-1582,original,1.0000000000490201,6,-5.823612027205963e-11
01052001582,010-5200-1582,original,1.0000000000490201,7,8.246118638560877e-11
01052001582,010-5200-1582,original,1.0000000000490201,8,-1.511161994615237e-11
01052001582,010-5200-1582,original,1.0000000000490201,9,8.185448391350114e-11
01052001582,010-5200-1582,original,1.0000000000490201,10,-2.828530630393435e-11
01052001582,010-5200-1582,original,1.0000000000490201,11,-1.3502984333039728e-10
01052001582,010-5200-1582,original,1.0000000000490201,12,-3.104144834111738e-10
01052001582,010-5200-1582,original,1.0000000000490201,13,-7.89232461433276e-12
01052001582,010-5200-1582,original,1.0000000000490201,14,-7.63816767521212e-11
01052001582,010-5200-1582,original,1.0000000000490201,15,1.9029287740488385e-11
01052001582,010-5200-1582,original,1.0000000000490201,16,3.8458293882992593e-10
01052001582,010-5200-1582,original,1.0000000000490201,17,-1.759771658328852e-10
01052001582,010-5200-1582,original,1.0000000000490201,18,2.85476513957315e-10
01052001582,010-5200-1582,original,1.0000000000490201,19,-4.808227355871185e-11
01052001582,010-5200-1582,original,1.0000000000490201,20,-1.630631965938551e-10
01052001582,010-5200-1582,original,1.0000000000490201,21,-5.1367864976227774e-11
01052001582,010-5200-1582,original,1.0000000000490201,22,2.1457960463456716e-11
01052001582,010-5200-1582,original,1.0000000000490201,23,1.1273039702911143e-10
01052001582,010-5200-1582,original,1.0000000000490201,24,-1.5638986757113303e-10
01052001582,010-5200-1582,original,1.0000000000490201,25,3.287561976035125e-11
01052001582,010-5200-1582,original,1.0000000000490201,26,3.301846188348966e-10
01052001582,010-5200-1582,original,1.0000000000490201,27,-2.680828217980025e-10
01052001582,010-5200-1582,original,1.0000000000490201,28,1.6333064409756167e-10
01052001582,010-5200-1582,original,1.0000000000490201,29,4.148842892847312e-11
01052001582,010-5200-1582,original,1.0000000000490201,30,-1.971382916098451e-10
01052001582,010-5200-1582,original,1.0000000000490201,31,1.451231382966925e-10
01052001582,010-5200-1582,original,1.0000000000490201,32,-3.634045706964889e-11
01052001582,010-5200-1582,original,1.0000000000490201,33,-4.232236926377848e-10
01052001582,010-5200-1582,original,1.0000000000490201,34,-1.3895373024997987e-10
01052001582,010-5200-1582,original,1.0000000000490201,35,1.2623551189732626e-11
01052001582,010-5200-1582,original,1.0000000000490201,36,-5.149461502730123e-11
01052001582,010-5200-1582,original,1.0000000000490201,37,-6.646118659891203e-11
01052001582,010-5200-1582,original,1.0000000000490201,38,-2.401194746144995e-10
01052001582,010-5200-1582,original,1.0000000000490201,39,-1.5049531372706113e-11
01052001582,010-5200-1582,original,1.0000000000490201,40,3.7237459876140805e-12
01052001582,010-5200-1582,original,1.0000000000490201,41,9.8118596530261e-11
01052001582,010-5200-1582,original,1.0000000000490201,42,1.753848135960528e-10
01052001582,010-5200-1582,original,1.0000000000490201,43,1.1223998653305103e-10
01052001582,010-5200-1582,original,1.0000000000490201,44,-3.017278423036595e-11
01052001582,010-5200-1582,original,1.0000000000490201,45,-1.437125791539967e-10
01052001582,010-5200-1582,original,1.0000000000490201,46,6.680329512611869e-11
01052001582,010-5200-1582,original,1.0000000000490201,47,-2.5483454191121145e-10
01052001582,010-5200-1582,original,1.0000000000490201,48,8.188136005022777e-11
01052001582,010-5200-1582,original,1.0000000000490201,49,1.0735413619832023e-10
01052001582,010-5200-1582,original,1.0000000000490201,50,-9.079140883862307e-11
01052001582,010-5200-1582,original,1.0000000000490201,51,2.910393725777663e-11
01052001582,010-5200-1582,original,1.0000000000490201,52,-2.34507555492403e-10
01052001582,010-5200-1582,original,1.0000000000490201,53,1.1357300165902406e-11
01052001582,010-5200-1582,original,1.0000000000490201,54,-1.7966644159550983e-10
01052001582,010-5200-1582,original,1.0000000000490201,55,-2.832067817303199e-10
01052001582,010-5200-1582,original,1.0000000000490201,56,-1.0269096288588948e-10
01052001582,010-5200-1582,original,1.0000000000490201,57,1.515080022726674e-11
01052001582,010-5200-1582,original,1.0000000000490201,58,5.039241341496804e-11
01052001582,010-5200-1582,original,1.0000000000490201,59,1.5718856353283732e-10
01052001582,010-5200-1582,original,1.0000000000490201,60,1.9434737340297308e-11
01052001582,010-5200-1582,original,1.0000000000490201,61,2.7862308477713847e-11
01052001582,010-5200-1582,original,1.0000000000490201,62,-1.5446026682171883e-10
01052001582,010-5200-1582,original,1.0000000000490201,63,1.4133662917260978e-10
01052001582,010-5200-1582,original,1.0000000000490201,64,-3.6745653895869045e-11
01052001582,010-5200-1582,original,1.0000000000490201,65,6.665693445973363e-11
01052001582,010-5200-1582,original,1.0000000000490201,66,2.948344610838461e-10
01052001582,010-5200-1582,original,1.0000000000490201,67,-2.7734353956335026e-11
01052001582,010-5200-1582,original,1.0000000000490201,68,-1.3483550545723278e-10
01052001582,010-5200-1582,original,1.0000000000490201,69,-3.615501654536939e-10
01052001582,010-5200-1582,original,1.0000000000490201,70,4.1313189269223634e-11
01052001582,010-5200-1582,original,1.0000000000490201,71,-7.708684295518043e-12
01052001582,010-5200-1582,original,1.0000000000490201,72,2.969920197597392e-12
01052001582,010-5200-1582,original,1.0000000000490201,73,-8.652846164936085e-11
01052001582,010-5200-1582,original,1.0000000000490201,74,-1.806268659445055e-10
01052001582,010-5200-1582,original,1.0000000000490201,75,-8.71095099079825e-11
01052001582,010-5200-1582,original,1.0000000000490201,76,-9.405255614787637e-11
01052001582,010-5200-1582,original,1.0000000000490201,77,2.2300944873495585e-11
01052001582,010-5200-1582,original,1.0000000000490201,78,1.1560424542902386e-10
01052001582,010-5200-1582,original,1.0000000000490201,79,-3.690658418178978e-10
01052001582,010-5200-1582,original,1.0000000000490201,80,7.292122871300118e-11
01052001582,010-5200-1582,original,1.0000000000490201,81,-1.3929915076157417e-10
01052001582,010-5200-1582,original,1.0000000000490201,82,-1.8004987248491956e-10
01052001582,010-5200-1582,original,1.0000000000490201,83,5.391785571488935e-11
01052001582,010-5200-1582,original,1.0000000000490201,84,-8.08857578720635e-11
01052001582,010-5200-1582,original,1.0000000000490201,85,-2.7172619963244884e-11
01052001582,010-5200-1582,original,1.0000000000490201,86,7.545796426594909e-11
01052001582,010-5200-1582,original,1.0000000000490201,87,-7.432100319933367e-13
01052001582,010-5200-1582,original,1.0000000000490201,88,-3.285448015517117e-11
01052001582,010-5200-1582,original,1.0000000000490201,89,-3.639687366652167e-10
01052001582,010-5200-1582,original,1.0000000000490201,90,2.8767963974156224e-11
01052001582,010-5200-1582,original,1.0000000000490201,91,2.63060118168865e-10
01052001582,010-5200-1582,original,1.0000000000490201,92,3.684355440067221e-10
01052001582,010-5200-1582,original,1.0000000000490201,93,-5.097602439385502e-11
01052001582,010-5200-1582,original,1.0000000000490201,94,1.0118939422504896e-10
01052001582,010-5200-1582,original,1.0000000000490201,95,2.8992167611138776e-10
01052001582,010-5200-1582,original,1.0000000000490201,96,-4.52178481444849e-11
01052001582,010-5200-1582,original,1.0000000000490201,97,7.780108181038929e-11
01052001582,010-5200-1582,original,1.0000000000490201,98,-6.31548333719661e-11
01052001582,010-5200-1582,original,1.0000000000490201,99,-4.233883139184791e-11
01052001582,010-5200-1582,original,1.0000000000490201,100,1.7195519952733182e-11
01052001582,010-5200-1582,original,1.0000000000490201,101,2.54968304838284e-10
01052001582,010-5200-1582,original,1.0000000000490201,102,2.3136579328640345e-10
01052001582,010-5200-1582,original,1.0000000000490201,103,5.224344037601687e-11
01052001582,010-5200-1582,original,1.0000000000490201,104,4.043399650830722e-10
01052001582,010-5200-1582,original,1.0000000000490201,105,4.271032297017035e-11
01052001582,010-5200-1582,original,1.0000000000490201,106,-5.927379920508614e-11
01052001582,010-5200-1582,original,1.0000000000490201,107,-1.1694287254759684e-10
01052001582,010-5200-1582,original,1.0000000000490201,108,-1.4141627918872205e-11
01052001582,010-5200-1582,original,1.0000000000490201,109,-3.286869252356877e-11
01052001582,010-5200-1582,original,1.0000000000490201,110,1.1122323820268903e-10
01052001582,010-5200-1582,original,1.0000000000490201,111,-6.762877381420255e-11
01052001582,010-5200-1582,original,1.0000000000490201,112,-3.557287697479184e-11
01052001582,010-5200-1582,original,1.0000000000490201,113,1.0932465511041397e-11
01052001582,010-5200-1582,original,1.0000000000490201,114,-9.85000494165174e-11
01052001582,010-5200-1582,original,1.0000000000490201,115,-2.7434446822779188e-11
01052001582,010-5200-1582,original,1.0000000000490201,116,1.4118997310520604e-10
01052001582,010-5200-1582,original,1.0000000000490201,117,2.0769580079602203e-10
01052001582,010-5200-1582,original,1.0000000000490201,118,-1.9146687099214785e-10
01052001582,010-5200-1582,original,1.0000000000490201,119,4.3550215813521985e-10
01052001582,010-5200-1582,original,1.0000000000490201,120,-5.044603354690161e-11
01052001582,010-5200-1582,original,1.0000000000490201,121,3.984815445515259e-10
01052001582,010-5200-1582,original,1.0000000000490201,122,2.719527421078905e-10
01052001582,010-5200-1582,original,1.0000000000490201,123,2.3541552951201225e-11
01052001582,010-5200-1582,original,1.0000000000490201,124,-1.9775960319680926e-10
01052001582,010-5200-1582,original,1.0000000000490201,125,-2.8755430925830806e-10
01052001582,010-5200-1582,original,1.0000000000490201,126,6.129134058497922e-13
01052001582,010-5200-1582,original,1.0000000000490201,127,-9.557450961529226e-11
01052001582,010-5200-1582,original,1.0000000000490201,128,2.3914538487816453e-10
01052001582,010-5200-1582,original,1.0000000000490201,129,-1.757389408990995e-11
01052001582,010-5200-1582,original,1.0000000000490201,130,-2.2346001282738144e-11
01052001582,010-5200-1582,original,1.0000000000490201,131,2.0812261018784093e-10
01052001582,010-5200-1582,original,1.0000000000490201,132,-1.2297904162704831e-11
01052001582,010-5200-1582,original,1.0000000000490201,133,-1.9505547235829744e-10
01052001582,010-5200-1582,original,1.0000000000490201,134,-8.21829197172463e-11
01052001582,010-5200-1582,original,1.0000000000490201,135,-2.4412726870740066e-11
01052001582,010-5200-1582,original,1.0000000000490201,136,2.3442825168342733e-11
01052001582,010-5200-1582,original,1.0000000000490201,137,-1.1896709253494028e-11
01052001582,010-5200-1582,original,1.0000000000490201,138,-1.6106419579465916e-10
01052001582,010-5200-1582,original,1.0000000000490201,139,-1.667666925919592e-10
01052001582,010-5200-1582,original,1.0000000000490201,140,-8.595826442211054e-11
01052001582,010-5200-1582,original,1.0000000000490201,141,2.4264752621910015e-10
01052001582,010-5200-1582,original,1.0000000000490201,142,2.692338653470737e-10
01052001582,010-5200-1582,original,1.0000000000490201,143,-2.0931176034970656e-11
01052001582,010-5200-1582,original,1.0000000000490201,144,8.216068519930966e-11
01052001582,010-5200-1582,original,1.0000000000490201,145,2.6645976192975007e-10
01052001582,010-5200-1582,original,1.0000000000490201,146,1.4135470080368564e-10
01052001582,010-5200-1582,original,1.0000000000490201,147,-2.681150556711088e-10
01052001582,010-5200-1582,original,1.0000000000490201,148,-1.526656069524605e-11
01052001582,010-5200-1582,original,1.0000000000490201,149,-1.4294810057967938e-10
01052001582,010-5200-1582,original,1.0000000000490201,150,-7.1427650811607e-13
01052001582,010-5200-1582,original,1.0000000000490201,151,1.3209982779754133e-10
01052001582,010-5200-1582,original,1.0000000000490201,152,4.5516729419138565e-10
01052001582,010-5200-1582,original,1.0000000000490201,153,-7.333932354551602e-11
01052001582,010-5200-1582,original,1.0000000000490201,154,2.4011850367973252e-11
01052001582,010-5200-1582,original,1.0000000000490201,155,2.219095079991762e-10
01052001582,010-5200-1582,original,1.0000000000490201,156,2.6291429143711644e-11
01052001582,010-5200-1582,original,1.0000000000490201,157,1.0354184037274891e-11
01052001582,010-5200-1582,original,1.0000000000490201,158,1.0378290747785741e-10
01052001582,010-5200-1582,original,1.0000000000490201,159,2.4170286449404774e-12
01052001582,010-5200-1582,original,1.0000000000490201,160,-6.701294699075038e-10
01052001582,010-5200-1582,original,1.0000000000490201,161,-3.989345579944669e-11
01052001582,010-5200-1582,original,1.0000000000490201,162,1.3628690757638574e-10
01052001582,010-5200-1582,original,1.0000000000490201,163,1.7485075823398112e-11
01052001582,010-5200-1582,original,1.0000000000490201,164,-2.0012562133490044e-10
01052001582,010-5200-1582,original,1.0000000000490201,165,8.598616290669973e-11
01052001582,010-5200-1582,original,1.0000000000490201,166,2.6992114670853087e-11
01052001582,010-5200-1582,original,1.0000000000490201,167,-4.105606779302972e-10
01052001582,010-5200-1582,original,1.0000000000490201,168,-1.0942384217843643e-10
01052001582,010-5200-1582,original,1.0000000000490201,169,-2.3138183349927034e-10
01052001582,010-5200-1582,original,1.0000000000490201,170,1.475933211360829e-10
01052001582,010-5200-1582,original,1.0000000000490201,171,0.9999996561980065
01052001582,010-5200-1582,original,1.0000000000490201,172,0.9999996862747069
01052001582,010-5200-1582,original,1.0000000000490201,173,8.404024420473179e-11
01052001582,010-5200-1582,original,1.0000000000490201,174,-4.530434105397371e-11
01052001582,010-5200-1582,original,1.0000000000490201,175,-3.5909041468029884e-11
01052001582,010-5200-1582,original,1.0000000000490201,176,-4.4179139719495614e-11
01052001582,010-5200-1582,original,1.0000000000490201,177,-1.0263777649258524e-10
01052001582,010-5200-1582,original,1.0000000000490201,178,-1.1974135899990405e-10
01052001582,010-5200-1582,original,1.0000000000490201,179,3.700075027123197e-11
01052001582,010-5200-1582,original,1.0000000000490201,180,-2.6327240110184882e-11
01052001582,010-5200-1582,original,1.0000000000490201,181,-2.1130997443578505e-10
01052001582,010-5200-1582,original,1.0000000000490201,182,7.463898322867563e-11
01052001582,010-5200-1582,original,1.0000000000490201,183,3.2990662709450476e-10
01052001582,010-5200-1582,original,1.0000000000490201,184,-1.8954096958390156e-11
01052001582,010-5200-1582,original,1.0000000000490201,185,7.986702777040743e-11
01052001582,010-5200-1582,original,1.0000000000490201,186,1.074878994852893e-10
01052001582,010-5200-1582,original,1.0000000000490201,187,1.2531083895877438e-10
01052001582,010-5200-1582,original,1.0000000000490201,188,-4.373213933145549e-11
01052001582,010-5200-1582,original,1.0000000000490201,189,-6.421948142851198e-11
01052001582,010-5200-1582,original,1.0000000000490201,190,-3.512132754682633e-11
01052001582,010-5200-1582,original,1.0000000000490201,191,9.358046499669756e-11
01052001582,010-5200-1582,original,1.0000000000490201,192,6.643971738953834e-11
01052001582,010-5200-1582,original,1.0000000000490201,193,4.882215551793191e-10
01052001582,010-5200-1582,original,1.0000000000490201,194,1.4581921434657808e-11
01052001582,010-5200-1582,original,1.0000000000490201,195,-8.914361641569851e-11
01052001582,010-5200-1582,original,1.0000000000490201,196,-1.2634001212211857e-10
01052001582,010-5200-1582,original,1.0000000000490201,197,-2.1243604041815035e-10
01052001582,010-5200-1582,original,1.0000000000490201,198,4.725692686221261e-11
01052001582,010-5200-1582,original,1.0000000000490201,199,-4.417787571015713e-10
01052001582,010-5200-1582,original,1.0000000000490201,200,1.5346688474925394e-10
01052001582,010-5200-1582,original,1.0000000000490201,201,-1.5229375956788638e-11
01052001582,010-5200-1582,original,1.0000000000490201,202,-1.6043714507612703e-10
01052001582,010-5200-1582,original,1.0000000000490201,203,1.0694239069611509e-11
01052001583,010-5200-1583,"one digit, last group",-2.3039788345379906e-10,0,1.3202580821527227e-11
01052001583,010-5200-1583,"one digit, last group",-2.3039788345379906e-10,1,5.97808007893258e-11
01052001583,010-5200-1583,"one digit, last group",-2.3039788345379906e-10,2,1.5456682975654625e-10
01052001583,010-5200-1583,"one digit, last group",-2.3039788345379906e-10,3,3.421625927055875e-11
01052001583,010-5200-1583,"one digit, last group",-2.3039788345379906e-10,4,1.4654833799810044e-10
01052001583,010-5200-1583,"one digit, last group",-2.3039788345379906e-10,5,2.677379389806494e-10
01052001583,010-5200-1583,"one digit, last group",-2.3039788345379906e-10,6,-1.1356617724663575e-11
01052001583,010-5200-1583,"one digit, last group",-2.3039788345379906e-10,7,-7.682070881221769e-11
01052001583,010-5200-1583,"one digit, last group",-2.3039788345379906e-10,8,1.1840328393495882e-10
01052001583,010-5200-1583,"one digit, last group",-2.3039788345379906e-10,9,9.804338150866064e-11
01052001583,010-5200-1583,"one digit, last group",-2.3039788345379906e-10,10,3.4189427491756754e-11
01052001583,010-5200-1583,"one digit, last group",-2.3039788345379906e-10,11,-9.560103449804786e-11
01052001583,010-5200-1583,"one digit, last group",-2.3039788345379906e-10,12,-1.4752566712580613e-10
01052001583,010-5200-1583,"one digit, last group",-2.3039788345379906e-10,13,-1.6744452380777592e-11
01052001583,010-5200-1583,"one digit, last group",-2.3039788345379906e-10,14,3.268771077302859e-11
01052001583,010-5200-1583,"one digit, last group",-2.3039788345379906e-10,15,3.883181853648382e-11
01052001583,010-5200-1583,"one digit, last group",-2.3039788345379906e-10,16,-2.1740729729179035e-10
01052001583,010-5200-1583,"one digit, last group",-2.3039788345379906e-10,17,2.1816113623978713e-10
01052001583,010-5200-1583,"one digit, last group",-2.3039788345379906e-10,18,7.25232682826238e-11
01052001583,010-5200-1583,"one digit, last group",-2.3039788345379906e-10,19,-5.924230615256172e-11
01052001583,010-5200-1583,"one digit, last group",-2.3039788345379906e-10,20,-1.857865291351265e-11
01052001583,010-5200-1583,"one digit, last group",-2.3039788345379906e-10,21,1.012344463626935e-10
01052001583,010-5200-1583,"one digit, last group",-2.3039788345379906e-10,22,-1.452340715999178e-10
01052001583,010-5200-1583,"one digit, last group",-2.3039788345379906e-10,23,1.8687212171244446e-10
01052001583,010-5200-1583,"one digit, last group",-2.3039788345379906e-10,24,5.521343069013345e-10
01052001583,010-5200-1583,"one digit, last group",-2.3039788345379906e-10,25,1.3480910372124812e-10
01052001583,010-5200-1583,"one digit, last group",-2.3039788345379906e-10,26,-1.95942257742918e-10
01052001583,010-5200-1583,"one digit, last group",-2.3039788345379906e-10,27,-2.4430802222407875e-12
01052001583,010-5200-1583,"one digit, last group",-2.3039788345379906e-10,28,3.3997092864990757e-10
01052001583,010-5200-1583,"one digit, last group",-2.3039788345379906e-10,29,8.633028158589945e-11
01052001583,010-5200-1583,"one digit, last group",-2.3039788345379906e-10,30,-3.5438829306206597e-10
01052001583,010-5200-1583,"one digit, last group",-2.3039788345379906e-10,31,-1.679376941073929e-11
01052001583,010-5200-1583,"one digit, last group",-2.3039788345379906e-10,32,9.214978739603492e-11
01052001583,010-5200-1583,"one digit, last group",-2.3039788345379906e-10,33,2.700238397789074e-10
01052001583,010-5200-1583,"one digit, last group",-2.3039788345379906e-10,34,9.887128741206556e-11
01052001583,010-5200-1583,"one digit, last group",-2.3039788345379906e-10,35,5.3852205400832e-11
01052001583,010-5200-1583,"one digit, last group",-2.3039788345379906e-10,36,-3.6984520208799705e-11
01052001583,010-5200-1583,"one digit, last group",-2.3039788345379906e-10,37,-1.1382011636684854e-10
01052001583,010-5200-1583,"one digit, last group",-2.3039788345379906e-10,38,-1.208684760846364e-10
01052001583,010-5200-1583,"one digit, last group",-2.3039788345379906e-10,39,6.462048294127136e-11
01052001583,010-5200-1583,"one digit, last group",-2.3039788345379906e-10,40,-2.650909308793096e-10
01052001583,010-5200-1583,"one digit, last group",-2.3039788345379906e-10,41,-5.4649103796497116e-11
01052001583,010-5200-1583,"one digit, last group",-2.3039788345379906e-10,42,-4.57635241255769e-11
01052001583,010-5200-1583,"one digit, last group",-2.3039788345379906e-10,43,1.011910083632731e-11
01052001583,010-5200-1583,"one digit, last group",-2.3039788345379906e-10,44,2.1591471117214856e-11
01052001583,010-5200-1583,"one digit, last group",-2.3039788345379906e-10,45,-3.739374778216565e-10
01052001583,010-5200-1583,"one digit, last group",-2.3039788345379906e-10,46,-5.433428470017919e-11
01052001583,010-5200-1583,"one digit, last group",-2.3039788345379906e-10,47,1.8314723057911173e-10
01052001583,010-5200-1583,"one digit, last group",-2.3039788345379906e-10,48,-2.84931629350392e-11
01052001583,010-5200-1583,"one digit, last group",-2.3039788345379906e-10,49,-2.859827017685931e-10
01052001583,010-5200-1583,"one digit, last group",-2.3039788345379906e-10,50,-2.756966359454562e-10
01052001583,010-5200-1583,"one digit, last group",-2.3039788345379906e-10,51,1.3397581468592658e-10
01052001583,010-5200-1583,"one digit, last group",-2.3039788345379906e-10,52,3.679348917226042e-10
01052001583,010-5200-1583,"one digit, last group",-2.3039788345379906e-10,53,-1.0909668070476469e-10
01052001583,010-5200-1583,"one digit, last group",-2.3039788345379906e-10,54,-2.166239480296975e-11
01052001583,010-5200-1583,"one digit, last group",-2.3039788345379906e-10,55,-1.494159446155151e-11
01052001583,010-5200-1583,"one digit, last group",-2.3039788345379906e-10,56,-3.3705149252890766e-12
01052001583,010-5200-1583,"one digit, last group",-2.3039788345379906e-10,57,2.1075970913363772e-11
01052001583,010-5200-1583,"one digit, last group",-2.3039788345379906e-10,58,5.106202290197216e-11
01052001583,010-5200-1583,"one digit, last group",-2.3039788345379906e-10,59,6.070010508721587e-11
01052001583,010-5200-1583,"one digit, last group",-2.3039788345379906e-10,60,-1.0124512139705756e-10
01052001583,010-5200-1583,"one digit, last group",-2.3039788345379906e-10,61,-3.692166568206375e-11
01052001583,010-5200-1583,"one digit, last group",-2.3039788345379906e-10,62,-7.799132319905004e-12
01052001583,010-5200-1583,"one digit, last group",-2.3039788345379906e-10,63,-1.8338670591909382e-10
01052001583,010-5200-1583,"one digit, last group",-2.3039788345379906e-10,64,1.932840899954686e-10
01052001583,010-5200-1583,"one digit, last group",-2.3039788345379906e-10,65,-2.2985508029508422e-11
01052001583,010-5200-1583,"one digit, last group",-2.3039788345379906e-10,66,2.844061996644619e-10
01052001583,010-5200-1583,"one digit, last group",-2.3039788345379906e-10,67,1.617279684037985e-10
01052001583,010-5200-1583,"one digit, last group",-2.3039788345379906e-10,68,-6.011871216173485e-11
01052001583,010-5200-1583,"one digit, last group",-2.3039788345379906e-10,69,1.7122033384343273e-10
01052001583,010-5200-1583,"one digit, last group",-2.3039788345379906e-10,70,-6.815540545476483e-11
01052001583,010-5200-1583,"one digit, last group",-2.3039788345379906e-10,71,-8.296379032499026e-11
01052001583,010-5200-1583,"one digit, last group",-2.3039788345379906e-10,72,-8.32249166459913e-12
01052001583,010-5200-1583,"one digit, last group",-2.3039788345379906e-10,73,1.7425134695863766e-10
01052001583,010-5200-1583,"one digit, last group",-2.3039788345379906e-10,74,-1.0170239483257512e-10
01052001583,010-5200-1583,"one digit, last group",-2.3039788345379906e-10,75,-3.311444032388604e-11
01052001583,010-5200-1583,"one digit, last group",-2.3039788345379906e-10,76,-6.194915455613512e-11
01052001583,010-5200-1583,"one digit, last group",-2.3039788345379906e-10,77,-1.8043297268240643e-11
01052001583,010-5200-1583,"one digit, last group",-2.3039788345379906e-10,78,2.8256281396031703e-10
01052001583,010-5200-1583,"one digit, last group",-2.3039788345379906e-10,79,1.289188514058386e-10
01052001583,010-5200-1583,"one digit, last group",-2.3039788345379906e-10,80,1.1321477499921109e-10
01052001583,010-5200-1583,"one digit, last group",-2.3039788345379906e-10,81,1.5600753987067454e-10
01052001583,010-5200-1583,"one digit, last group",-2.3039788345379906e-10,82,3.233866305490025e-10
01052001583,010-5200-1583,"one digit, last group",-2.3039788345379906e-10,83,9.724728449455566e-11
01052001583,010-5200-1583,"one digit, last group",-2.3039788345379906e-10,84,5.67977994049968e-11
01052001583,010-5200-1583,"one digit, last group",-2.3039788345379906e-10,85,2.949534608788289e-11
01052001583,010-5200-1583,"one digit, last group",-2.3039788345379906e-10,86,4.39155625940259e-10
01052001583,010-5200-1583,"one digit, last group",-2.3039788345379906e-10,87,-1.886251750246917e-11
01052001583,010-5200-1583,"one digit, last group",-2.3039788345379906e-10,88,-1.072733696077036e-10
01052001583,010-5200-1583,"one digit, last group",-2.3039788345379906e-10,89,-1.963016091480458e-10
01052001583,010-5200-1583,"one digit, last group",-2.3039788345379906e-10,90,-3.1171782166861357e-11
01052001583,010-5200-1583,"one digit, last group",-2.3039788345379906e-10,91,1.748587827838826e-10
01052001583,010-5200-1583,"one digit, last group",-2.3039788345379906e-10,92,-2.240671913945919e-10
01052001583,010-5200-1583,"one digit, last group",-2.3039788345379906e-10,93,2.3004002866001176e-10
01052001583,010-5200-1583,"one digit, last group",-2.3039788345379906e-10,94,4.948016994191811e-12
01052001583,010-5200-1583,"one digit, last group",-2.3039788345379906e-10,95,4.606570119129001e-11
01052001583,010-5200-1583,"one digit, last group",-2.3039788345379906e-10,96,-3.1294453394281034e-10
01052001583,010-5200-1583,"one digit, last group",-2.3039788345379906e-10,97,1.910974052289921e-10
01052001583,010-5200-1583,"one digit, last group",-2.3039788345379906e-10,98,-1.3754386609016508e-11
01052001583,010-5200-1583,"one digit, last group",-2.3039788345379906e-10,99,-8.83366333203373e-11
01052001583,010-5200-1583,"one digit, last group",-2.3039788345379906e-10,100,-1.3291524154049574e-10
01052001583,010-5200-1583,"one digit, last group",-2.3039788345379906e-10,101,1.8781357167967895e-10
01052001583,010-5200-1583,"one digit, last group",-2.3039788345379906e-10,102,5.785200541407793e-10
01052001583,010-5200-1583,"one digit, last group",-2.3039788345379906e-10,103,-1.6922641475764047e-10
01052001583,010-5200-1583,"one digit, last group",-2.3039788345379906e-10,104,-6.384217185321465e-11
01052001583,010-5200-1583,"one digit, last group",-2.3039788345379906e-10,105,6.724724721305535e-11
01052001583,010-5200-1583,"one digit, last group",-2.3039788345379906e-10,106,9.222585584342492e-11
01052001583,010-5200-1583,"one digit, last group",-2.3039788345379906e-10,107,8.85888270421255e-11
01052001583,010-5200-1583,"one digit, last group",-2.3039788345379906e-10,108,6.936476883944966e-11
01052001583,010-5200-1583,"one digit, last group",-2.3039788345379906e-10,109,-5.3569105481853033e-11
01052001583,010-5200-1583,"one digit, last group",-2.3039788345379906e-10,110,-1.439016890960569e-10
01052001583,010-5200-1583,"one digit, last group",-2.3039788345379906e-10,111,-4.536066427490183e-12
01052001583,010-5200-1583,"one digit, last group",-2.3039788345379906e-10,112,8.453381942722973e-11
01052001583,010-5200-1583,"one digit, last group",-2.3039788345379906e-10,113,9.005226083364118e-12
01052001583,010-5200-1583,"one digit, last group",-2.3039788345379906e-10,114,-1.0598643989581678e-10
01052001583,010-5200-1583,"one digit, last group",-2.3039788345379906e-10,115,-6.8527255471830484e-12
01052001583,010-5200-1583,"one digit, last group",-2.3039788345379906e-10,116,6.865376335456611e-11
01052001583,010-5200-1583,"one digit, last group",-2.3039788345379906e-10,117,2.6073815624023813e-10
01052001583,010-5200-1583,"one digit, last group",-2.3039788345379906e-10,118,4.341158013000213e-11
01052001583,010-5200-1583,"one digit, last group",-2.3039788345379906e-10,119,-1.5192343250095288e-10
01052001583,010-5200-1583,"one digit, last group",-2.3039788345379906e-10,120,6.516623342538357e-11
01052001583,010-5200-1583,"one digit, last group",-2.3039788345379906e-10,121,4.0169139274794494e-10
01052001583,010-5200-1583,"one digit, last group",-2.3039788345379906e-10,122,2.332864796419631e-10
01052001583,010-5200-1583,"one digit, last group",-2.3039788345379906e-10,123,5.305937854117271e-11
01052001583,010-5200-1583,"one digit, last group",-2.3039788345379906e-10,124,-1.7825310573630736e-10
01052001583,010-5200-1583,"one digit, last group",-2.3039788345379906e-10,125,-9.099521878502522e-11
01052001583,010-5200-1583,"one digit, last group",-2.3039788345379906e-10,126,-2.1522939627484922e-11
01052001583,010-5200-1583,"one digit, last group",-2.3039788345379906e-10,127,-9.5523795118899e-11
01052001583,010-5200-1583,"one digit, last group",-2.3039788345379906e-10,128,-1.8669623654788715e-10
01052001583,010-5200-1583,"one digit, last group",-2.3039788345379906e-10,129,-2.0897513436126835e-11
01052001583,010-5200-1583,"one digit, last group",-2.3039788345379906e-10,130,3.3328283297768775e-12
01052001583,010-5200-1583,"one digit, last group",-2.3039788345379906e-10,131,2.598097774357962e-10
01052001583,010-5200-1583,"one digit, last group",-2.3039788345379906e-10,132,1.456597036772893e-10
01052001583,010-5200-1583,"one digit, last group",-2.3039788345379906e-10,133,-4.4639137727906047e-11
01052001583,010-5200-1583,"one digit, last group",-2.3039788345379906e-10,134,6.025491845459836e-12
01052001583,010-5200-1583,"one digit, last group",-2.3039788345379906e-10,135,-1.0066703828678715e-10
01052001583,010-5200-1583,"one digit, last group",-2.3039788345379906e-10,136,6.109846705979686e-12
01052001583,010-5200-1583,"one digit, last group",-2.3039788345379906e-10,137,-2.7726561140253542e-11
01052001583,010-5200-1583,"one digit, last group",-2.3039788345379906e-10,138,-1.325004453069455e-10
01052001583,010-5200-1583,"one digit, last group",-2.3039788345379906e-10,139,1.4236441534573547e-10
01052001583,010-5200-1583,"one digit, last group",-2.3039788345379906e-10,140,2.0495742700979168e-10
01052001583,010-5200-1583,"one digit, last group",-2.3039788345379906e-10,141,-8.15485574658558e-11
01052001583,010-5200-1583,"one digit, last group",-2.3039788345379906e-10,142,1.8990780329202663e-10
01052001583,010-5200-1583,"one digit, last group",-2.3039788345379906e-10,143,3.0007085362021297e-10
01052001583,010-5200-1583,"one digit, last group",-2.3039788345379906e-10,144,-2.6866404922696042e-11
01052001583,010-5200-1583,"one digit, last group",-2.3039788345379906e-10,145,-1.7463773508011326e-10
01052001583,010-5200-1583,"one digit, last group",-2.3039788345379906e-10,146,-7.366243593206236e-11
01052001583,010-5200-1583,"one digit, last group",-2.3039788345379906e-10,147,1.9143661882821587e-11
01052001583,010-5200-1583,"one digit, last group",-2.3039788345379906e-10,148,-3.0699899387493e-11
01052001583,010-5200-1583,"one digit, last group",-2.3039788345379906e-10,149,9.818795512095375e-11
01052001583,010-5200-1583,"one digit, last group",-2.3039788345379906e-10,150,-5.221487301275207e-11
01052001583,010-5200-1583,"one digit, last group",-2.3039788345379906e-10,151,2.983654689998972e-11
01052001583,010-5200-1583,"one digit, last group",-2.3039788345379906e-10,152,2.4579815594289795e-11
01052001583,010-5200-1583,"one digit, last group",-2.3039788345379906e-10,153,-8.603696587303605e-11
01052001583,010-5200-1583,"one digit, last group",-2.3039788345379906e-10,154,-1.1871102571840395e-10
01052001583,010-5200-1583,"one digit, last group",-2.3039788345379906e-10,155,-4.3036700867617475e-11
01052001583,010-5200-1583,"one digit, last group",-2.3039788345379906e-10,156,2.505503133377673e-11
01052001583,010-5200-1583,"one digit, last group",-2.3039788345379906e-10,157,1.2375354951043213e-11
01052001583,010-5200-1583,"one digit, last group",-2.3039788345379906e-10,158,2.587169467973471e-10
01052001583,010-5200-1583,"one digit, last group",-2.3039788345379906e-10,159,5.676527482300286e-11
01052001583,010-5200-1583,"one digit, last group",-2.3039788345379906e-10,160,-6.927689860980312e-11
01052001583,010-5200-1583,"one digit, last group",-2.3039788345379906e-10,161,1.62946565294906e-11
01052001583,010-5200-1583,"one digit, last group",-2.3039788345379906e-10,162,5.1345934826837657e-11
01052001583,010-5200-1583,"one digit, last group",-2.3039788345379906e-10,163,4.06808678595965e-11
01052001583,010-5200-1583,"one digit, last group",-2.3039788345379906e-10,164,1.2495424557699142e-10
01052001583,010-5200-1583,"one digit, last group",-2.3039788345379906e-10,165,4.222003498846661e-11
01052001583,010-5200-1583,"one digit, last group",-2.3039788345379906e-10,166,-8.740262917132817e-12
01052001583,010-5200-1583,"one digit, last group",-2.3039788345379906e-10,167,-2.0134125086795065e-10
01052001583,010-5200-1583,"one digit, last group",-2.3039788345379906e-10,168,1.1971396373902202e-10
01052001583,010-5200-1583,"one digit, last group",-2.3039788345379906e-10,169,3.6408319311570905e-10
01052001583,010-5200-1583,"one digit, last group",-2.3039788345379906e-10,170,8.402249388178566e-12
01052001583,010-5200-1583,"one digit, last group",-2.3039788345379906e-10,171,-1.3526353657292304e-08
01052001583,010-5200-1583,"one digit, last group",-2.3039788345379906e-10,172,1.7991452356106865e-09
01052001583,010-5200-1583,"one digit, last group",-2.3039788345379906e-10,173,1.303176626949707e-10
01052001583,010-5200-1583,"one digit, last group",-2.3039788345379906e-10,174,6.764992724591021e-11
01052001583,010-5200-1583,"one digit, last group",-2.3039788345379906e-10,175,2.8562561237390937e-11
01052001583,010-5200-1583,"one digit, last group",-2.3039788345379906e-10,176,1.5006683886115095e-11
01052001583,010-5200-1583,"one digit, last group",-2.3039788345379906e-10,177,3.5773180256316385e-11
01052001583,010-5200-1583,"one digit, last group",-2.3039788345379906e-10,178,-1.3068222209671032e-10
01052001583,010-5200-1583,"one digit, last group",-2.3039788345379906e-10,179,1.2997698323385742e-10
01052001583,010-5200-1583,"one digit, last group",-2.3039788345379906e-10,180,-2.3132501150854042e-10
01052001583,010-5200-1583,"one digit, last group",-2.3039788345379906e-10,181,4.0880627619265704e-10
01052001583,010-5200-1583,"one digit, last group",-2.3039788345379906e-10,182,2.5764301638817703e-10
01052001583,010-5200-1583,"one digit, last group",-2.3039788345379906e-10,183,6.343562114376323e-11
01052001583,010-5200-1583,"one digit, last group",-2.3039788345379906e-10,184,4.6105211501911163e-11
01052001583,010-5200-1583,"one digit, last group",-2.3039788345379906e-10,185,1.73427091457573e-10
01052001583,010-5200-1583,"one digit, last group",-2.3039788345379906e-10,186,-1.1362584114282578e-10
01052001583,010-5200-1583,"one digit, last group",-2.3039788345379906e-10,187,2.6777800419066003e-11
01052001583,010-5200-1583,"one digit, last group",-2.3039788345379906e-10,188,1.5652459835916236e-10
01052001583,010-5200-1583,"one digit, last group",-2.3039788345379906e-10,189,1.4202028974021186e-11
01052001583,010-5200-1583,"one digit, last group",-2.3039788345379906e-10,190,-1.4206673234789018e-10
01052001583,010-5200-1583,"one digit, last group",-2.3039788345379906e-10,191,-2.796250992181321e-11
01052001583,010-5200-1583,"one digit, last group",-2.3039788345379906e-10,192,-6.277858549788174e-11
01052001583,010-5200-1583,"one digit, last group",-2.3039788345379906e-10,193,-2.2917196682346417e-10
01052001583,010-5200-1583,"one digit, last group",-2.3039788345379906e-10,194,5.55413945306706e-11
01052001583,010-5200-1583,"one digit, last group",-2.3039788345379906e-10,195,-2.2284511287775364e-10
01052001583,010-5200-1583,"one digit, last group",-2.3039788345379906e-10,196,-1.578314929253588e-10
01052001583,010-5200-1583,"one digit, last group",-2.3039788345379906e-10,197,5.7975274397384716e-11
01052001583,010-5200-1583,"one digit, last group",-2.3039788345379906e-10,198,2.2822688700900615e-10
01052001583,010-5200-1583,"one digit, last group",-2.3039788345379906e-10,199,-3.93887387343146e-11
01052001583,010-5200-1583,"one digit, last group",-2.3039788345379906e-10,200,4.2650384510143446e-11
01052001583,010-5200-1583,"one digit, last group",-2.3039788345379906e-10,201,-5.9292153330044274e-12
01052001583,010-5200-1583,"one digit, last group",-2.3039788345379906e-10,202,5.973193572013149e-10
01052001583,010-5200-1583,"one digit, last group",-2.3039788345379906e-10,203,-2.55119173803985e-11
00653004858,006-5300-4858,original,1.000000000606942,0,-5.687037566047726e-11
00653004858,006-5300-4858,original,1.000000000606942,1,-1.170431009143669e-10
00653004858,006-5300-4858,original,1.000000000606942,2,-3.736115866624671e-10
00653004858,006-5300-4858,original,1.000000000606942,3,-2.5870870422509942e-11
00653004858,006-5300-4858,original,1.000000000606942,4,-5.318956119980806e-11
00653004858,006-5300-4858,original,1.000000000606942,5,6.99420154564081e-11
00653004858,006-5300-4858,original,1.000000000606942,6,2.1007172085761981e-10
00653004858,006-5300-4858,original,1.000000000606942,7,-6.982351602491398e-11
00653004858,006-5300-4858,original,1.000000000606942,8,1.7993648578582068e-10
00653004858,006-5300-4858,original,1.000000000606942,9,1.1981649967519467e-11
00653004858,006-5300-4858,original,1.000000000606942,10,-3.052307540876633e-11
00653004858,006-5300-4858,original,1.000000000606942,11,-1.586524879404475e-10
00653004858,006-5300-4858,original,1.000000000606942,12,2.462804672536011e-10
00653004858,006-5300-4858,original,1.000000000606942,13,-3.108303552915007e-10
00653004858,006-5300-4858,original,1.000000000606942,14,-3.5135836794488484e-11
00653004858,006-5300-4858,original,1.000000000606942,15,1.4494274850704174e-11
00653004858,006-5300-4858,original,1.000000000606942,16,7.351731798005997e-11
00653004858,006-5300-4858,original,1.000000000606942,17,3.8418783516169956e-10
00653004858,006-5300-4858,original,1.000000000606942,18,1.5861217301645675e-10
00653004858,006-5300-4858,original,1.000000000606942,19,4.977235236268004e-11
00653004858,006-5300-4858,original,1.000000000606942,20,-1.4038993000774799e-10
00653004858,006-5300-4858,original,1.000000000606942,21,-4.280329439545964e-11
00653004858,006-5300-4858,original,1.000000000606942,22,2.62498941778139e-10
00653004858,006-5300-4858,original,1.000000000606942,23,-6.348407842403792e-11
00653004858,006-5300-4858,original,1.000000000606942,24,4.605606945660868e-11
00653004858,006-5300-4858,original,1.000000000606942,25,-1.8195207006059503e-10
00653004858,006-5300-4858,original,1.000000000606942,26,-1.0157034531528594e-10
00653004858,006-5300-4858,original,1.000000000606942,27,6.086697632012224e-11
00653004858,006-5300-4858,original,1.000000000606942,28,7.719189657245356e-11
00653004858,006-5300-4858,original,1.000000000606942,29,-3.931899258680548e-11
00653004858,006-5300-4858,original,1.000000000606942,30,-5.351876918886937e-11
00653004858,006-5300-4858,original,1.000000000606942,31,-2.20369114941463e-11
00653004858,006-5300-4858,original,1.000000000606942,32,-1.0239922928133384e-10
00653004858,006-5300-4858,original,1.000000000606942,33,7.007066142541052e-12
00653004858,006-5300-4858,original,1.000000000606942,34,-3.097899202381726e-11
00653004858,006-5300-4858,original,1.000000000606942,35,6.102036525651412e-11
00653004858,006-5300-4858,original,1.000000000606942,36,1.5164895022876175e-12
00653004858,006-5300-4858,original,1.000000000606942,37,-1.2300101886860307e-10
00653004858,006-5300-4858,original,1.000000000606942,38,4.0561514287905784e-12
00653004858,006-5300-4858,original,1.000000000606942,39,9.877557694676884e-11
00653004858,006-5300-4858,original,1.000000000606942,40,-8.206868275817635e-12
00653004858,006-5300-4858,original,1.000000000606942,41,4.7247328611639854e-11
00653004858,006-5300-4858,original,1.000000000606942,42,2.8756495080087962e-11
00653004858,006-5300-4858,original,1.000000000606942,43,9.322090495085323e-11
00653004858,006-5300-4858,original,1.000000000606942,44,-2.0639520648551728e-11
00653004858,006-5300-4858,original,1.000000000606942,45,-1.0596474212690425e-11
00653004858,006-5300-4858,original,1.000000000606942,46,1.5544086078488068e-10
00653004858,006-5300-4858,original,1.000000000606942,47,5.333064965533364e-10
00653004858,006-5300-4858,original,1.000000000606942,48,1.5913739581837042e-10
00653004858,006-5300-4858,original,1.000000000606942,49,2.6266815783501145e-10
00653004858,006-5300-4858,original,1.000000000606942,50,-3.9166769190886904e-10
00653004858,006-5300-4858,original,1.000000000606942,51,-6.077676359770447e-11
00653004858,006-5300-4858,original,1.000000000606942,52,-8.517806276507284e-11
00653004858,006-5300-4858,original,1.000000000606942,53,-3.271977368787074e-11
00653004858,006-5300-4858,original,1.000000000606942,54,-9.364147978121928e-11
00653004858,006-5300-4858,original,1.000000000606942,55,-2.7952763242472596e-10
00653004858,006-5300-4858,original,1.000000000606942,56,-7.902759190630948e-12
00653004858,006-5300-4858,original,1.000000000606942,57,2.969233140270678e-12
00653004858,006-5300-4858,original,1.000000000606942,58,-3.106481064720977e-11
00653004858,006-5300-4858,original,1.000000000606942,59,-1.9301815169046497e-10
00653004858,006-5300-4858,original,1.000000000606942,60,-1.380597806440457e-10
00653004858,006-5300-4858,original,1.000000000606942,61,-1.5262955753316396e-10
00653004858,006-5300-4858,original,1.000000000606942,62,-1.5171528306227475e-10
00653004858,006-5300-4858,original,1.000000000606942,63,4.6164948943849066e-11
00653004858,006-5300-4858,original,1.000000000606942,64,-1.930255661493002e-10
00653004858,006-5300-4858,original,1.000000000606942,65,6.817699028720887e-11
00653004858,006-5300-4858,original,1.000000000606942,66,-1.5081334101528015e-10
00653004858,006-5300-4858,original,1.000000000606942,67,-1.150071670725066e-10
00653004858,006-5300-4858,original,1.000000000606942,68,7.724902453677386e-11
00653004858,006-5300-4858,original,1.000000000606942,69,2.565948464965273e-11
00653004858,006-5300-4858,original,1.000000000606942,70,4.110231704545453e-11
00653004858,006-5300-4858,original,1.000000000606942,71,5.295420977872383e-11
00653004858,006-5300-4858,original,1.000000000606942,72,2.24446637129698e-11
00653004858,006-5300-4858,original,1.000000000606942,73,-2.395144153669003e-10
00653004858,006-5300-4858,original,1.000000000606942,74,-1.302235389699572e-10
00653004858,006-5300-4858,original,1.000000000606942,75,-9.088224917206308e-11
00653004858,006-5300-4858,original,1.000000000606942,76,1.2144670122600436e-11
00653004858,006-5300-4858,original,1.000000000606942,77,-1.4042242599822496e-10
00653004858,006-5300-4858,original,1.000000000606942,78,2.45854132575022e-10
00653004858,006-5300-4858,original,1.000000000606942,79,2.1262113050452228e-10
00653004858,006-5300-4858,original,1.000000000606942,80,8.373992491939998e-12
00653004858,006-5300-4858,original,1.000000000606942,81,-1.785378837246665e-10
00653004858,006-5300-4858,original,1.000000000606942,82,-3.522612695621135e-10
00653004858,006-5300-4858,original,1.000000000606942,83,-6.855724675359925e-12
00653004858,006-5300-4858,original,1.000000000606942,84,2.1274624320277299e-10
00653004858,006-5300-4858,original,1.000000000606942,85,3.7872555384552935e-12
00653004858,006-5300-4858,original,1.000000000606942,86,-9.097895064358915e-10
00653004858,006-5300-4858,original,1.000000000606942,87,1.4072205018627173e-11
00653004858,006-5300-4858,original,1.000000000606942,88,-1.2191268258059428e-10
00653004858,006-5300-4858,original,1.000000000606942,89,1.9644422038190214e-11
00653004858,006-5300-4858,original,1.000000000606942,90,1.1505587031209382e-10
00653004858,006-5300-4858,original,1.000000000606942,91,6.206406397346818e-11
00653004858,006-5300-4858,original,1.000000000606942,92,-2.003716380882281e-10
00653004858,006-5300-4858,original,1.000000000606942,93,-3.052123435412086e-10
00653004858,006-5300-4858,original,1.000000000606942,94,7.857606379945407e-11
00653004858,006-5300-4858,original,1.000000000606942,95,-8.590843981851853e-12
00653004858,006-5300-4858,original,1.000000000606942,96,4.268306924487329e-10
00653004858,006-5300-4858,original,1.000000000606942,97,-1.0774289281794054e-10
00653004858,006-5300-4858,original,1.000000000606942,98,-1.9585231071720925e-11
00653004858,006-5300-4858,original,1.000000000606942,99,7.145031842237087e-12
00653004858,006-5300-4858,original,1.000000000606942,100,-2.092519448246845e-11
00653004858,006-5300-4858,original,1.000000000606942,101,2.4077778538582927e-10
00653004858,006-5300-4858,original,1.000000000606942,102,-2.539502635407621e-10
00653004858,006-5300-4858,original,1.000000000606942,103,-5.018551631296197e-11
00653004858,006-5300-4858,original,1.000000000606942,104,-1.8750516493418406e-10
00653004858,006-5300-4858,original,1.000000000606942,105,7.506021976434602e-11
00653004858,006-5300-4858,original,1.000000000606942,106,-5.55010278849727e-11
00653004858,006-5300-4858,original,1.000000000606942,107,4.1185001545750095e-11
00653004858,006-5300-4858,original,1.000000000606942,108,1.0510137666650628e-10
00653004858,006-5300-4858,original,1.000000000606942,109,-1.7206680399275333e-11
00653004858,006-5300-4858,original,1.000000000606942,110,-3.9127540439116047e-11
00653004858,006-5300-4858,original,1.000000000606942,111,4.7361325222252975e-11
00653004858,006-5300-4858,original,1.000000000606942,112,2.7062055970948016e-10
00653004858,006-5300-4858,original,1.000000000606942,113,-1.9128739338288816e-11
00653004858,006-5300-4858,original,1.000000000606942,114,-2.42402762242595e-10
00653004858,006-5300-4858,original,1.000000000606942,115,-7.108554540272882e-12
00653004858,006-5300-4858,original,1.000000000606942,116,9.290771028036311e-12
00653004858,006-5300-4858,original,1.000000000606942,117,4.676118646315993e-13
00653004858,006-5300-4858,original,1.000000000606942,118,-7.031810449108852e-10
00653004858,006-5300-4858,original,1.000000000606942,119,-1.409275416048599e-11
00653004858,006-5300-4858,original,1.000000000606942,120,2.2818523890011325e-11
00653004858,006-5300-4858,original,1.000000000606942,121,1.4752414974450123e-10
00653004858,006-5300-4858,original,1.000000000606942,122,3.416793299021993e-10
00653004858,006-5300-4858,original,1.000000000606942,123,1.4957153305580094e-10
00653004858,006-5300-4858,original,1.000000000606942,124,-7.320546151296273e-11
00653004858,006-5300-4858,original,1.000000000606942,125,1.936980437323176e-10
00653004858,006-5300-4858,original,1.000000000606942,126,-1.0442845452879478e-11
00653004858,006-5300-4858,original,1.000000000606942,127,-1.64073753294155e-10
00653004858,006-5300-4858,original,1.000000000606942,128,2.237749921545744e-10
00653004858,006-5300-4858,original,1.000000000606942,129,1.1611819170222944e-10
00653004858,006-5300-4858,original,1.000000000606942,130,-3.768082338133601e-11
00653004858,006-5300-4858,original,1.000000000606942,131,1.5549177869521217e-10
00653004858,006-5300-4858,original,1.000000000606942,132,1.1714202316958702e-10
00653004858,006-5300-4858,original,1.000000000606942,133,2.6670339730196825e-11
00653004858,006-5300-4858,original,1.000000000606942,134,-1.372140136605106e-10
00653004858,006-5300-4858,original,1.000000000606942,135,1.2844560165204184e-10
00653004858,006-5300-4858,original,1.000000000606942,136,-1.806074269277484e-11
00653004858,006-5300-4858,original,1.000000000606942,137,3.122342602064283e-11
00653004858,006-5300-4858,original,1.000000000606942,138,1.6367164950456685e-11
00653004858,006-5300-4858,original,1.000000000606942,139,9.987096902620523e-11
00653004858,006-5300-4858,original,1.000000000606942,140,-8.722167104278292e-11
00653004858,006-5300-4858,original,1.000000000606942,141,3.5827500269654483e-10
00653004858,006-5300-4858,original,1.000000000606942,142,-1.2094077110990615e-10
00653004858,006-5300-4858,original,1.000000000606942,143,4.245964583154262e-11
00653004858,006-5300-4858,original,1.000000000606942,144,-1.451001015645084e-10
00653004858,006-5300-4858,original,1.000000000606942,145,1.4322303068520804e-10
00653004858,006-5300-4858,original,1.000000000606942,146,8.091459596522664e-11
00653004858,006-5300-4858,original,1.000000000606942,147,-1.0122165539609994e-10
00653004858,006-5300-4858,original,1.000000000606942,148,-1.12072894156383e-10
00653004858,006-5300-4858,original,1.000000000606942,149,1.989931025929787e-10
00653004858,006-5300-4858,original,1.000000000606942,150,1.946314799477069e-10
00653004858,006-5300-4858,original,1.000000000606942,151,-7.626726056267175e-13
00653004858,006-5300-4858,original,1.000000000606942,152,1.2184163389265674e-12
00653004858,006-5300-4858,original,1.000000000606942,153,2.129246025624039e-10
00653004858,006-5300-4858,original,1.000000000606942,154,-2.913440480735805e-11
00653004858,006-5300-4858,original,1.000000000606942,155,2.3652805907520892e-11
00653004858,006-5300-4858,original,1.000000000606942,156,9.041552672577876e-11
00653004858,006-5300-4858,original,1.000000000606942,157,-3.149853642548833e-11
00653004858,006-5300-4858,original,1.000000000606942,158,1.182519184499508e-11
00653004858,006-5300-4858,original,1.000000000606942,159,1.0818042281256257e-10
00653004858,006-5300-4858,original,1.000000000606942,160,-5.407328965616856e-11
00653004858,006-5300-4858,original,1.000000000606942,161,8.040609575047234e-11
00653004858,006-5300-4858,original,1.000000000606942,162,8.622359048336266e-11
00653004858,006-5300-4858,original,1.000000000606942,163,1.9811118432839813e-11
00653004858,006-5300-4858,original,1.000000000606942,164,1.8040899106311281e-10
00653004858,006-5300-4858,original,1.000000000606942,165,-1.3995541201798271e-10
00653004858,006-5300-4858,original,1.000000000606942,166,-8.882732765073166e-11
00653004858,006-5300-4858,original,1.000000000606942,167,-4.804137496391945e-10
00653004858,006-5300-4858,original,1.000000000606942,168,1.0716192796698621e-10
00653004858,006-5300-4858,original,1.000000000606942,169,9.144489847366502e-11
00653004858,006-5300-4858,original,1.000000000606942,170,-1.3165222748235696e-12
00653004858,006-5300-4858,original,1.000000000606942,171,-2.7579948582625024e-10
00653004858,006-5300-4858,original,1.000000000606942,172,-7.244112856718449e-13
00653004858,006-5300-4858,original,1.000000000606942,173,6.7049896832561534e-12
00653004858,006-5300-4858,original,1.000000000606942,174,5.3512423719375095e-12
00653004858,006-5300-4858,original,1.000000000606942,175,1.6150098755823198e-10
00653004858,006-5300-4858,original,1.000000000606942,176,1.1496233789328723e-10
00653004858,006-5300-4858,original,1.000000000606942,177,5.171553357015686e-10
00653004858,006-5300-4858,original,1.000000000606942,178,1.5515206330641565e-10
00653004858,006-5300-4858,original,1.000000000606942,179,3.4510678150131605e-10
00653004858,006-5300-4858,original,1.000000000606942,180,-2.4991115617658056e-10
00653004858,006-5300-4858,original,1.000000000606942,181,1.5899741977284333e-10
00653004858,006-5300-4858,original,1.000000000606942,182,2.8454275807651543e-10
00653004858,006-5300-4858,original,1.000000000606942,183,1.5751984383004225e-10
00653004858,006-5300-4858,original,1.000000000606942,184,-2.2085516256276756e-11
00653004858,006-5300-4858,original,1.000000000606942,185,-2.103778951140675e-11
00653004858,006-5300-4858,original,1.000000000606942,186,-2.0838304232648503e-10
00653004858,006-5300-4858,original,1.000000000606942,187,0.9999996961992267
00653004858,006-5300-4858,original,1.000000000606942,188,0.9999996838806938
00653004858,006-5300-4858,original,1.000000000606942,189,-1.1268881600556237e-10
00653004858,006-5300-4858,original,1.000000000606942,190,2.1598505873981416e-10
00653004858,006-5300-4858,original,1.000000000606942,191,2.6936761026220485e-11
00653004858,006-5300-4858,original,1.000000000606942,192,-6.657749612152813e-11
00653004858,006-5300-4858,original,1.000000000606942,193,-4.0238813803219407e-10
00653004858,006-5300-4858,original,1.000000000606942,194,1.0432665226927776e-11
00653004858,006-5300-4858,original,1.000000000606942,195,-1.2209033865508276e-10
00653004858,006-5300-4858,original,1.000000000606942,196,-1.5614736355619703e-10
00653004858,006-5300-4858,original,1.000000000606942,197,-1.606412282273865e-10
00653004858,006-5300-4858,original,1.000000000606942,198,2.0844882278371464e-10
00653004858,006-5300-4858,original,1.000000000606942,199,-4.4605549422443246e-10
00653004858,006-5300-4858,original,1.000000000606942,200,1.5012652986304027e-10
00653004858,006-5300-4858,original,1.000000000606942,201,-9.531985743991834e-12
00653004858,006-5300-4858,original,1.000000000606942,202,2.303607685966495e-10
00653004858,006-5300-4858,original,1.000000000606942,203,-3.4168952810215435e-13
00653004859,006-5300-4859,"one digit, last group",2.013031169712503e-10,0,1.7771446530867983e-10
00653004859,006-5300-4859,"one digit, last group",2.013031169712503e-10,1,-3.8383653767573716e-11
00653004859,006-5300-4859,"one digit, last group",2.013031169712503e-10,2,2.703487250628642e-11
00653004859,006-5300-4859,"one digit, last group",2.013031169712503e-10,3,-1.6097082011213865e-12
00653004859,006-5300-4859,"one digit, last group",2.013031169712503e-10,4,1.8820432387343666e-10
00653004859,006-5300-4859,"one digit, last group",2.013031169712503e-10,5,-4.967829805437375e-10
00653004859,006-5300-4859,"one digit, last group",2.013031169712503e-10,6,-1.2486609776294944e-10
00653004859,006-5300-4859,"one digit, last group",2.013031169712503e-10,7,-9.691875530967694e-11
00653004859,006-5300-4859,"one digit, last group",2.013031169712503e-10,8,2.2747030761583715e-10
00653004859,006-5300-4859,"one digit, last group",2.013031169712503e-10,9,-7.667448478681463e-11
00653004859,006-5300-4859,"one digit, last group",2.013031169712503e-10,10,-5.044987658822387e-12
00653004859,006-5300-4859,"one digit, last group",2.013031169712503e-10,11,5.3918557187875116e-11
00653004859,006-5300-4859,"one digit, last group",2.013031169712503e-10,12,2.8779704717128507e-11
00653004859,006-5300-4859,"one digit, last group",2.013031169712503e-10,13,-2.5761657528943544e-11
00653004859,006-5300-4859,"one digit, last group",2.013031169712503e-10,14,-1.6528900119772873e-10
00653004859,006-5300-4859,"one digit, last group",2.013031169712503e-10,15,-3.5153115600174747e-12
00653004859,006-5300-4859,"one digit, last group",2.013031169712503e-10,16,1.2272240612426592e-10
00653004859,006-5300-4859,"one digit, last group",2.013031169712503e-10,17,-1.6310775322430316e-10
00653004859,006-5300-4859,"one digit, last group",2.013031169712503e-10,18,-2.0000295357463175e-10
00653004859,006-5300-4859,"one digit, last group",2.013031169712503e-10,19,-3.888815444960544e-11
00653004859,006-5300-4859,"one digit, last group",2.013031169712503e-10,20,1.0025478363986524e-10
00653004859,006-5300-4859,"one digit, last group",2.013031169712503e-10,21,3.956484072003726e-10
00653004859,006-5300-4859,"one digit, last group",2.013031169712503e-10,22,-5.47386611892243e-11
00653004859,006-5300-4859,"one digit, last group",2.013031169712503e-10,23,6.461891978974951e-11
00653004859,006-5300-4859,"one digit, last group",2.013031169712503e-10,24,-2.3125247054453932e-10
00653004859,006-5300-4859,"one digit, last group",2.013031169712503e-10,25,9.492744315890432e-11
00653004859,006-5300-4859,"one digit, last group",2.013031169712503e-10,26,-4.2444647333284067e-10
00653004859,006-5300-4859,"one digit, last group",2.013031169712503e-10,27,6.425568968643077e-11
00653004859,006-5300-4859,"one digit, last group",2.013031169712503e-10,28,1.047079364153975e-10
00653004859,006-5300-4859,"one digit, last group",2.013031169712503e-10,29,-6.616228110997687e-11
00653004859,006-5300-4859,"one digit, last group",2.013031169712503e-10,30,-5.557897853392254e-10
00653004859,006-5300-4859,"one digit, last group",2.013031169712503e-10,31,-1.0169192150451346e-12
00653004859,006-5300-4859,"one digit, last group",2.013031169712503e-10,32,2.7210263551081047e-10
00653004859,006-5300-4859,"one digit, last group",2.013031169712503e-10,33,3.0289987527479376e-10
00653004859,006-5300-4859,"one digit, last group",2.013031169712503e-10,34,-8.186365686600565e-12
00653004859,006-5300-4859,"one digit, last group",2.013031169712503e-10,35,4.3231205211163306e-11
00653004859,006-5300-4859,"one digit, last group",2.013031169712503e-10,36,-7.658043557024509e-11
00653004859,006-5300-4859,"one digit, last group",2.013031169712503e-10,37,-1.1344689778803308e-10
00653004859,006-5300-4859,"one digit, last group",2.013031169712503e-10,38,1.77409854748817e-10
00653004859,006-5300-4859,"one digit, last group",2.013031169712503e-10,39,-5.478905102092723e-11
00653004859,006-5300-4859,"one digit, last group",2.013031169712503e-10,40,-3.1869897265390044e-11
00653004859,006-5300-4859,"one digit, last group",2.013031169712503e-10,41,1.8080437254070817e-11
00653004859,006-5300-4859,"one digit, last group",2.013031169712503e-10,42,-9.931303112602654e-11
00653004859,006-5300-4859,"one digit, last group",2.013031169712503e-10,43,4.998655454752999e-11
00653004859,006-5300-4859,"one digit, last group",2.013031169712503e-10,44,4.413632913884589e-12
00653004859,006-5300-4859,"one digit, last group",2.013031169712503e-10,45,-1.6857883449844243e-10
00653004859,006-5300-4859,"one digit, last group",2.013031169712503e-10,46,4.352673961141748e-11
00653004859,006-5300-4859,"one digit, last group",2.013031169712503e-10,47,1.7028285406825006e-10
00653004859,006-5300-4859,"one digit, last group",2.013031169712503e-10,48,-7.14974672034379e-11
00653004859,006-5300-4859,"one digit, last group",2.013031169712503e-10,49,2.79226259859124e-10
00653004859,006-5300-4859,"one digit, last group",2.013031169712503e-10,50,-3.8135105181646874e-11
00653004859,006-5300-4859,"one digit, last group",2.013031169712503e-10,51,-2.7363421231088685e-11
00653004859,006-5300-4859,"one digit, last group",2.013031169712503e-10,52,-1.9552496859675584e-10
00653004859,006-5300-4859,"one digit, last group",2.013031169712503e-10,53,-1.5876210550891364e-11
00653004859,006-5300-4859,"one digit, last group",2.013031169712503e-10,54,-2.026002918245817e-11
00653004859,006-5300-4859,"one digit, last group",2.013031169712503e-10,55,-3.7853094995123696e-10
00653004859,006-5300-4859,"one digit, last group",2.013031169712503e-10,56,2.527337364132656e-10
00653004859,006-5300-4859,"one digit, last group",2.013031169712503e-10,57,-1.3566834831474284e-11
00653004859,006-5300-4859,"one digit, last group",2.013031169712503e-10,58,3.4270766471285926e-11
00653004859,006-5300-4859,"one digit, last group",2.013031169712503e-10,59,-3.644175122308379e-11
00653004859,006-5300-4859,"one digit, last group",2.013031169712503e-10,60,1.790308664175246e-10
00653004859,006-5300-4859,"one digit, last group",2.013031169712503e-10,61,8.433881555174411e-11
00653004859,006-5300-4859,"one digit, last group",2.013031169712503e-10,62,-1.4570386981221997e-10
00653004859,006-5300-4859,"one digit, last group",2.013031169712503e-10,63,5.767106791894751e-11
00653004859,006-5300-4859,"one digit, last group",2.013031169712503e-10,64,2.182157347199929e-10
00653004859,006-5300-4859,"one digit, last group",2.013031169712503e-10,65,2.1794046618235618e-10
00653004859,006-5300-4859,"one digit, last group",2.013031169712503e-10,66,1.4209931907744358e-10
00653004859,006-5300-4859,"one digit, last group",2.013031169712503e-10,67,-2.961943570368368e-10
00653004859,006-5300-4859,"one digit, last group",2.013031169712503e-10,68,1.5006652434989405e-10
00653004859,006-5300-4859,"one digit, last group",2.013031169712503e-10,69,9.915995524925475e-11
00653004859,006-5300-4859,"one digit, last group",2.013031169712503e-10,70,-9.212980256441732e-11
00653004859,006-5300-4859,"one digit, last group",2.013031169712503e-10,71,-5.635213409376463e-12
00653004859,006-5300-4859,"one digit, last group",2.013031169712503e-10,72,8.788184672652057e-12
00653004859,006-5300-4859,"one digit, last group",2.013031169712503e-10,73,-6.102057953071848e-11
00653004859,006-5300-4859,"one digit, last group",2.013031169712503e-10,74,-1.3209473757731393e-11
00653004859,006-5300-4859,"one digit, last group",2.013031169712503e-10,75,-5.426182288595229e-11
00653004859,006-5300-4859,"one digit, last group",2.013031169712503e-10,76,9.950308972148725e-12
00653004859,006-5300-4859,"one digit, last group",2.013031169712503e-10,77,4.428952606319124e-11
00653004859,006-5300-4859,"one digit, last group",2.013031169712503e-10,78,-3.2558350293090683e-10
00653004859,006-5300-4859,"one digit, last group",2.013031169712503e-10,79,1.6462623951392683e-10
00653004859,006-5300-4859,"one digit, last group",2.013031169712503e-10,80,-1.3152213975820218e-11
00653004859,006-5300-4859,"one digit, last group",2.013031169712503e-10,81,-2.0491955901823862e-10
00653004859,006-5300-4859,"one digit, last group",2.013031169712503e-10,82,-2.0699963211581372e-10
00653004859,006-5300-4859,"one digit, last group",2.013031169712503e-10,83,3.2913055117974236e-11
00653004859,006-5300-4859,"one digit, last group",2.013031169712503e-10,84,-8.04797857601799e-11
00653004859,006-5300-4859,"one digit, last group",2.013031169712503e-10,85,-1.3249535995458433e-11
00653004859,006-5300-4859,"one digit, last group",2.013031169712503e-10,86,-8.674478938790265e-11
00653004859,006-5300-4859,"one digit, last group",2.013031169712503e-10,87,-3.400021351370966e-11
00653004859,006-5300-4859,"one digit, last group",2.013031169712503e-10,88,-3.5286199969936035e-12
00653004859,006-5300-4859,"one digit, last group",2.013031169712503e-10,89,5.753092988711341e-11
00653004859,006-5300-4859,"one digit, last group",2.013031169712503e-10,90,-6.053323700539603e-13
00653004859,006-5300-4859,"one digit, last group",2.013031169712503e-10,91,5.045681061906313e-11
00653004859,006-5300-4859,"one digit, last group",2.013031169712503e-10,92,1.0007094973792927e-10
00653004859,006-5300-4859,"one digit, last group",2.013031169712503e-10,93,1.3149772414835553e-10
00653004859,006-5300-4859,"one digit, last group",2.013031169712503e-10,94,3.221473103028934e-11
00653004859,006-5300-4859,"one digit, last group",2.013031169712503e-10,95,-4.7256955368099534e-11
00653004859,006-5300-4859,"one digit, last group",2.013031169712503e-10,96,-5.219112535203827e-11
00653004859,006-5300-4859,"one digit, last group",2.013031169712503e-10,97,-2.7202784455051347e-10
00653004859,006-5300-4859,"one digit, last group",2.013031169712503e-10,98,1.013631285903938e-10
00653004859,006-5300-4859,"one digit, last group",2.013031169712503e-10,99,5.7124994349092765e-11
00653004859,006-5300-4859,"one digit, last group",2.013031169712503e-10,100,-1.990835958735515e-10
00653004859,006-5300-4859,"one digit, last group",2.013031169712503e-10,101,-3.465191256224332e-11
00653004859,006-5300-4859,"one digit, last group",2.013031169712503e-10,102,5.759780870055365e-12
00653004859,006-5300-4859,"one digit, last group",2.013031169712503e-10,103,-2.7816343935472976e-10
00653004859,006-5300-4859,"one digit, last group",2.013031169712503e-10,104,-1.159807644427347e-10
00653004859,006-5300-4859,"one digit, last group",2.013031169712503e-10,105,3.820247757285324e-11
00653004859,006-5300-4859,"one digit, last group",2.013031169712503e-10,106,-9.657421476206922e-12
00653004859,006-5300-4859,"one digit, last group",2.013031169712503e-10,107,2.246091078397529e-11
00653004859,006-5300-4859,"one digit, last group",2.013031169712503e-10,108,4.545367410796087e-11
00653004859,006-5300-4859,"one digit, last group",2.013031169712503e-10,109,7.669089924697498e-11
00653004859,006-5300-4859,"one digit, last group",2.013031169712503e-10,110,1.78047189740162e-11
00653004859,006-5300-4859,"one digit, last group",2.013031169712503e-10,111,2.0298471034120275e-10
00653004859,006-5300-4859,"one digit, last group",2.013031169712503e-10,112,8.228533213931715e-11
00653004859,006-5300-4859,"one digit, last group",2.013031169712503e-10,113,-9.33778889657266e-12
00653004859,006-5300-4859,"one digit, last group",2.013031169712503e-10,114,-1.5854212042027686e-10
00653004859,006-5300-4859,"one digit, last group",2.013031169712503e-10,115,9.417332074160893e-12
00653004859,006-5300-4859,"one digit, last group",2.013031169712503e-10,116,6.798050189520833e-11
00653004859,006-5300-4859,"one digit, last group",2.013031169712503e-10,117,-1.27299349406703e-10
00653004859,006-5300-4859,"one digit, last group",2.013031169712503e-10,118,-8.556342721220254e-11
00653004859,006-5300-4859,"one digit, last group",2.013031169712503e-10,119,-6.322079473329256e-11
00653004859,006-5300-4859,"one digit, last group",2.013031169712503e-10,120,-2.6601178974757135e-11
00653004859,006-5300-4859,"one digit, last group",2.013031169712503e-10,121,-4.3876134985034835e-11
00653004859,006-5300-4859,"one digit, last group",2.013031169712503e-10,122,9.77507250737744e-11
00653004859,006-5300-4859,"one digit, last group",2.013031169712503e-10,123,1.178496588297252e-10
00653004859,006-5300-4859,"one digit, last group",2.013031169712503e-10,124,-1.92178573181533e-10
00653004859,006-5300-4859,"one digit, last group",2.013031169712503e-10,125,-2.3816932514532334e-10
00653004859,006-5300-4859,"one digit, last group",2.013031169712503e-10,126,6.083746006047639e-11
00653004859,006-5300-4859,"one digit, last group",2.013031169712503e-10,127,2.501475885286556e-10
00653004859,006-5300-4859,"one digit, last group",2.013031169712503e-10,128,-1.9600171232292935e-11
00653004859,006-5300-4859,"one digit, last group",2.013031169712503e-10,129,-8.69241983296659e-12
00653004859,006-5300-4859,"one digit, last group",2.013031169712503e-10,130,1.0587200207046265e-10
00653004859,006-5300-4859,"one digit, last group",2.013031169712503e-10,131,1.0198519808232188e-10
00653004859,006-5300-4859,"one digit, last group",2.013031169712503e-10,132,-1.0831525319805635e-10
00653004859,006-5300-4859,"one digit, last group",2.013031169712503e-10,133,-7.803823279017596e-11
00653004859,006-5300-4859,"one digit, last group",2.013031169712503e-10,134,-1.949654456176084e-10
00653004859,006-5300-4859,"one digit, last group",2.013031169712503e-10,135,-9.368843588953576e-11
00653004859,006-5300-4859,"one digit, last group",2.013031169712503e-10,136,2.3844572333398243e-11
00653004859,006-5300-4859,"one digit, last group",2.013031169712503e-10,137,-2.4168819878069432e-11
00653004859,006-5300-4859,"one digit, last group",2.013031169712503e-10,138,6.50781510706475e-12
00653004859,006-5300-4859,"one digit, last group",2.013031169712503e-10,139,2.746850844966898e-11
00653004859,006-5300-4859,"one digit, last group",2.013031169712503e-10,140,5.3465515914142886e-11
00653004859,006-5300-4859,"one digit, last group",2.013031169712503e-10,141,-1.9407128779903063e-10
00653004859,006-5300-4859,"one digit, last group",2.013031169712503e-10,142,-1.0831186185013772e-10
00653004859,006-5300-4859,"one digit, last group",2.013031169712503e-10,143,1.4467703225413395e-10
00653004859,006-5300-4859,"one digit, last group",2.013031169712503e-10,144,1.1317455290629425e-10
00653004859,006-5300-4859,"one digit, last group",2.013031169712503e-10,145,4.101000211210372e-11
00653004859,006-5300-4859,"one digit, last group",2.013031169712503e-10,146,1.3333437477677416e-10
00653004859,006-5300-4859,"one digit, last group",2.013031169712503e-10,147,-1.6505430226382019e-10
00653004859,006-5300-4859,"one digit, last group",2.013031169712503e-10,148,1.8897869271853165e-11
00653004859,006-5300-4859,"one digit, last group",2.013031169712503e-10,149,-1.7688395934350425e-10
00653004859,006-5300-4859,"one digit, last group",2.013031169712503e-10,150,9.052156415737012e-11
00653004859,006-5300-4859,"one digit, last group",2.013031169712503e-10,151,2.0002333148466938e-10
00653004859,006-5300-4859,"one digit, last group",2.013031169712503e-10,152,-1.810320419906391e-10
00653004859,006-5300-4859,"one digit, last group",2.013031169712503e-10,153,2.0478431309915592e-10
00653004859,006-5300-4859,"one digit, last group",2.013031169712503e-10,154,-3.134975787495612e-11
00653004859,006-5300-4859,"one digit, last group",2.013031169712503e-10,155,1.0276214562145775e-10
00653004859,006-5300-4859,"one digit, last group",2.013031169712503e-10,156,4.366510537967731e-11
00653004859,006-5300-4859,"one digit, last group",2.013031169712503e-10,157,-3.228466977681681e-11
00653004859,006-5300-4859,"one digit, last group",2.013031169712503e-10,158,8.078128980156202e-11
00653004859,006-5300-4859,"one digit, last group",2.013031169712503e-10,159,-1.9139437359911757e-10
00653004859,006-5300-4859,"one digit, last group",2.013031169712503e-10,160,8.903967406406293e-11
00653004859,006-5300-4859,"one digit, last group",2.013031169712503e-10,161,-9.297534340576835e-11
00653004859,006-5300-4859,"one digit, last group",2.013031169712503e-10,162,3.831486073043905e-11
00653004859,006-5300-4859,"one digit, last group",2.013031169712503e-10,163,-3.3096199676632045e-11
00653004859,006-5300-4859,"one digit, last group",2.013031169712503e-10,164,2.444988157366923e-11
00653004859,006-5300-4859,"one digit, last group",2.013031169712503e-10,165,1.1141028201798708e-10
00653004859,006-5300-4859,"one digit, last group",2.013031169712503e-10,166,-1.1355277272253056e-10
00653004859,006-5300-4859,"one digit, last group",2.013031169712503e-10,167,1.3612522518126996e-10
00653004859,006-5300-4859,"one digit, last group",2.013031169712503e-10,168,1.060604909304978e-10
00653004859,006-5300-4859,"one digit, last group",2.013031169712503e-10,169,-3.573820110914811e-10
00653004859,006-5300-4859,"one digit, last group",2.013031169712503e-10,170,1.8178420934866943e-10
00653004859,006-5300-4859,"one digit, last group",2.013031169712503e-10,171,2.3815128706597112e-11
00653004859,006-5300-4859,"one digit, last group",2.013031169712503e-10,172,-7.475423309207234e-11
00653004859,006-5300-4859,"one digit, last group",2.013031169712503e-10,173,-1.216141225700653e-11
00653004859,006-5300-4859,"one digit, last group",2.013031169712503e-10,174,1.2164898508010752e-10
00653004859,006-5300-4859,"one digit, last group",2.013031169712503e-10,175,2.7858906360819845e-10
00653004859,006-5300-4859,"one digit, last group",2.013031169712503e-10,176,-3.1688555743266457e-11
00653004859,006-5300-4859,"one digit, last group",2.013031169712503e-10,177,-1.1175779460271518e-10
00653004859,006-5300-4859,"one digit, last group",2.013031169712503e-10,178,-7.684106310338396e-11
00653004859,006-5300-4859,"one digit, last group",2.013031169712503e-10,179,3.569709668398779e-10
00653004859,006-5300-4859,"one digit, last group",2.013031169712503e-10,180,1.3403972728423463e-10
00653004859,006-5300-4859,"one digit, last group",2.013031169712503e-10,181,-4.500970717194431e-10
00653004859,006-5300-4859,"one digit, last group",2.013031169712503e-10,182,3.218451659653529e-11
00653004859,006-5300-4859,"one digit, last group",2.013031169712503e-10,183,3.0481885958689564e-10
00653004859,006-5300-4859,"one digit, last group",2.013031169712503e-10,184,5.373370517713335e-11
00653004859,006-5300-4859,"one digit, last group",2.013031169712503e-10,185,7.573934877608779e-11
00653004859,006-5300-4859,"one digit, last group",2.013031169712503e-10,186,3.742454518625622e-11
00653004859,006-5300-4859,"one digit, last group",2.013031169712503e-10,187,5.781419246665984e-09
00653004859,006-5300-4859,"one digit, last group",2.013031169712503e-10,188,2.8028736385666047e-09
00653004859,006-5300-4859,"one digit, last group",2.013031169712503e-10,189,1.334022186322025e-10
00653004859,006-5300-4859,"one digit, last group",2.013031169712503e-10,190,-1.1977879773078612e-10
00653004859,006-5300-4859,"one digit, last group",2.013031169712503e-10,191,2.0314248862345885e-11
00653004859,006-5300-4859,"one digit, last group",2.013031169712503e-10,192,-1.172743269321493e-10
00653004859,006-5300-4859,"one digit, last group",2.013031169712503e-10,193,-1.0003303879999846e-10
00653004859,006-5300-4859,"one digit, last group",2.013031169712503e-10,194,1.3931567559367458e-12
00653004859,006-5300-4859,"one digit, last group",2.013031169712503e-10,195,-1.983628379645e-10
00653004859,006-5300-4859,"one digit, last group",2.013031169712503e-10,196,-2.1694477689707438e-11
00653004859,006-5300-4859,"one digit, last group",2.013031169712503e-10,197,-6.516241511081479e-11
00653004859,006-5300-4859,"one digit, last group",2.013031169712503e-10,198,-3.044203012752463e-11
00653004859,006-5300-4859,"one digit, last group",2.013031169712503e-10,199,-1.4970379855120381e-10
00653004859,006-5300-4859,"one digit, last group",2.013031169712503e-10,200,-5.2257854569470507e-11
00653004859,006-5300-4859,"one digit, last group",2.013031169712503e-10,201,1.40522538934983e-11
00653004859,006-5300-4859,"one digit, last group",2.013031169712503e-10,202,2.8804777107493304e-10
00653004859,006-5300-4859,"one digit, last group",2.013031169712503e-10,203,1.0686357290822342e-11
02050002924,020-5000-2924,"one digit, first group",-2.172422662230883e-10,0,8.114328320966449e-13
02050002924,020-5000-2924,"one digit, first group",-2.172422662230883e-10,1,-1.4352155014728666e-10
02050002924,020-5000-2924,"one digit, first group",-2.172422662230883e-10,2,2.707323838106978e-11
02050002924,020-5000-2924,"one digit, first group",-2.172422662230883e-10,3,-7.230417931769307e-11
02050002924,020-5000-2924,"one digit, first group",-2.172422662230883e-10,4,8.612451464406748e-12
02050002924,020-5000-2924,"one digit, first group",-2.172422662230883e-10,5,2.6493806027739006e-10
02050002924,020-5000-2924,"one digit, first group",-2.172422662230883e-10,6,-6.015651222683637e-11
02050002924,020-5000-2924,"one digit, first group",-2.172422662230883e-10,7,2.8315605003363183e-10
02050002924,020-5000-2924,"one digit, first group",-2.172422662230883e-10,8,-8.168068326517855e-12
02050002924,020-5000-2924,"one digit, first group",-2.172422662230883e-10,9,9.933707809399377e-11
02050002924,020-5000-2924,"one digit, first group",-2.172422662230883e-10,10,1.7821440725941978e-11
02050002924,020-5000-2924,"one digit, first group",-2.172422662230883e-10,11,-9.178325253329475e-12
02050002924,020-5000-2924,"one digit, first group",-2.172422662230883e-10,12,-1.4636195961096002e-10
02050002924,020-5000-2924,"one digit, first group",-2.172422662230883e-10,13,6.550930326576136e-11
02050002924,020-5000-2924,"one digit, first group",-2.172422662230883e-10,14,7.604183407812572e-11
02050002924,020-5000-2924,"one digit, first group",-2.172422662230883e-10,15,6.296762896669392e-11
02050002924,020-5000-2924,"one digit, first group",-2.172422662230883e-10,16,-2.494467406161088e-10
02050002924,020-5000-2924,"one digit, first group",-2.172422662230883e-10,17,-6.04566448457795e-10
02050002924,020-5000-2924,"one digit, first group",-2.172422662230883e-10,18,1.2871684746203837e-11
02050002924,020-5000-2924,"one digit, first group",-2.172422662230883e-10,19,1.9292503300238745e-11
02050002924,020-5000-2924,"one digit, first group",-2.172422662230883e-10,20,1.1663087290322356e-10
02050002924,020-5000-2924,"one digit, first group",-2.172422662230883e-10,21,6.475446010660324e-12
02050002924,020-5000-2924,"one digit, first group",-2.172422662230883e-10,22,-2.8622234611735487e-12
02050002924,020-5000-2924,"one digit, first group",-2.172422662230883e-10,23,9.179799860198169e-11
02050002924,020-5000-2924,"one digit, first group",-2.172422662230883e-10,24,-1.6113275129625702e-10
02050002924,020-5000-2924,"one digit, first group",-2.172422662230883e-10,25,-7.333321028890746e-11
02050002924,020-5000-2924,"one digit, first group",-2.172422662230883e-10,26,-2.775366723379223e-11
02050002924,020-5000-2924,"one digit, first group",-2.172422662230883e-10,27,1.0993469052010398e-10
02050002924,020-5000-2924,"one digit, first group",-2.172422662230883e-10,28,-7.618185985703458e-11
02050002924,020-5000-2924,"one digit, first group",-2.172422662230883e-10,29,2.4955092731118197e-11
02050002924,020-5000-2924,"one digit, first group",-2.172422662230883e-10,30,-1.8521796835665585e-10
02050002924,020-5000-2924,"one digit, first group",-2.172422662230883e-10,31,2.8791384109359846e-10
02050002924,020-5000-2924,"one digit, first group",-2.172422662230883e-10,32,1.1402419794322592e-10
02050002924,020-5000-2924,"one digit, first group",-2.172422662230883e-10,33,2.1300513839905793e-10
02050002924,020-5000-2924,"one digit, first group",-2.172422662230883e-10,34,-1.2127635279169232e-10
02050002924,020-5000-2924,"one digit, first group",-2.172422662230883e-10,35,1.0471303976722012e-10
02050002924,020-5000-2924,"one digit, first group",-2.172422662230883e-10,36,6.490200666758582e-12
02050002924,020-5000-2924,"one digit, first group",-2.172422662230883e-10,37,1.607345885264378e-11
02050002924,020-5000-2924,"one digit, first group",-2.172422662230883e-10,38,-1.5046574956468265e-10
02050002924,020-5000-2924,"one digit, first group",-2.172422662230883e-10,39,-1.2628215179434972e-10
02050002924,020-5000-2924,"one digit, first group",-2.172422662230883e-10,40,-2.0071520708607656e-10
02050002924,020-5000-2924,"one digit, first group",-2.172422662230883e-10,41,1.6567258598190014e-12
02050002924,020-5000-2924,"one digit, first group",-2.172422662230883e-10,42,-3.118555634985523e-11
02050002924,020-5000-2924,"one digit, first group",-2.172422662230883e-10,43,-7.266478494145366e-11
02050002924,020-5000-2924,"one digit, first group",-2.172422662230883e-10,44,-1.3522539878698902e-12
02050002924,020-5000-2924,"one digit, first group",-2.172422662230883e-10,45,-1.1400794304265397e-10
02050002924,020-5000-2924,"one digit, first group",-2.172422662230883e-10,46,-7.749340711920297e-11
02050002924,020-5000-2924,"one digit, first group",-2.172422662230883e-10,47,-2.487782590206277e-10
02050002924,020-5000-2924,"one digit, first group",-2.172422662230883e-10,48,-9.242989575965266e-11
02050002924,020-5000-2924,"one digit, first group",-2.172422662230883e-10,49,-1.8092261468675577e-11
02050002924,020-5000-2924,"one digit, first group",-2.172422662230883e-10,50,2.041290026243435e-11
02050002924,020-5000-2924,"one digit, first group",-2.172422662230883e-10,51,-6.436026389393466e-11
02050002924,020-5000-2924,"one digit, first group",-2.172422662230883e-10,52,-3.88897326649246e-10
02050002924,020-5000-2924,"one digit, first group",-2.172422662230883e-10,53,-4.523061545081609e-11
02050002924,020-5000-2924,"one digit, first group",-2.172422662230883e-10,54,8.212373856468192e-11
02050002924,020-5000-2924,"one digit, first group",-2.172422662230883e-10,55,-2.3516546988317233e-10
02050002924,020-5000-2924,"one digit, first group",-2.172422662230883e-10,56,2.949613822372112e-10
02050002924,020-5000-2924,"one digit, first group",-2.172422662230883e-10,57,4.023463430096067e-11
02050002924,020-5000-2924,"one digit, first group",-2.172422662230883e-10,58,-5.812897498688357e-11
02050002924,020-5000-2924,"one digit, first group",-2.172422662230883e-10,59,-1.4335248055332113e-10
02050002924,020-5000-2924,"one digit, first group",-2.172422662230883e-10,60,2.1405395543464626e-10
02050002924,020-5000-2924,"one digit, first group",-2.172422662230883e-10,61,1.1169110054603996e-10
02050002924,020-5000-2924,"one digit, first group",-2.172422662230883e-10,62,1.2088168722820213e-12
02050002924,020-5000-2924,"one digit, first group",-2.172422662230883e-10,63,-7.08957391579563e-11
02050002924,020-5000-2924,"one digit, first group",-2.172422662230883e-10,64,-2.7502720288512767e-11
02050002924,020-5000-2924,"one digit, first group",-2.172422662230883e-10,65,-4.664352766197693e-11
02050002924,020-5000-2924,"one digit, first group",-2.172422662230883e-10,66,3.6176821295907705e-10
02050002924,020-5000-2924,"one digit, first group",-2.172422662230883e-10,67,-9.069988154569004e-11
02050002924,020-5000-2924,"one digit, first group",-2.172422662230883e-10,68,7.569835567321497e-11
02050002924,020-5000-2924,"one digit, first group",-2.172422662230883e-10,69,6.458922111921396e-11
02050002924,020-5000-2924,"one digit, first group",-2.172422662230883e-10,70,-2.702327077167306e-11
02050002924,020-5000-2924,"one digit, first group",-2.172422662230883e-10,71,-9.377834332000935e-11
02050002924,020-5000-2924,"one digit, first group",-2.172422662230883e-10,72,1.460870547910894e-11
02050002924,020-5000-2924,"one digit, first group",-2.172422662230883e-10,73,-2.1155853165001683e-12
02050002924,020-5000-2924,"one digit, first group",-2.172422662230883e-10,74,2.669772782609173e-10
02050002924,020-5000-2924,"one digit, first group",-2.172422662230883e-10,75,4.08213583227444e-11
02050002924,020-5000-2924,"one digit, first group",-2.172422662230883e-10,76,1.8036918264157176e-11
02050002924,020-5000-2924,"one digit, first group",-2.172422662230883e-10,77,9.064242954378283e-11
02050002924,020-5000-2924,"one digit, first group",-2.172422662230883e-10,78,-7.660521478666159e-12
02050002924,020-5000-2924,"one digit, first group",-2.172422662230883e-10,79,-2.7113600735808487e-10
02050002924,020-5000-2924,"one digit, first group",-2.172422662230883e-10,80,3.750558835562257e-11
02050002924,020-5000-2924,"one digit, first group",-2.172422662230883e-10,81,-1.8279082552074513e-11
02050002924,020-5000-2924,"one digit, first group",-2.172422662230883e-10,82,-3.739516754082526e-10
02050002924,020-5000-2924,"one digit, first group",-2.172422662230883e-10,83,4.511459421557976e-11
02050002924,020-5000-2924,"one digit, first group",-2.172422662230883e-10,84,1.5608667250740055e-11
02050002924,020-5000-2924,"one digit, first group",-2.172422662230883e-10,85,-5.072093856299913e-12
02050002924,020-5000-2924,"one digit, first group",-2.172422662230883e-10,86,-2.88525893428753e-10
02050002924,020-5000-2924,"one digit, first group",-2.172422662230883e-10,87,-6.662291433359142e-11
02050002924,020-5000-2924,"one digit, first group",-2.172422662230883e-10,88,2.6655381119856996e-10
02050002924,020-5000-2924,"one digit, first group",-2.172422662230883e-10,89,-1.7881240071946026e-10
02050002924,020-5000-2924,"one digit, first group",-2.172422662230883e-10,90,-6.459004657333927e-11
02050002924,020-5000-2924,"one digit, first group",-2.172422662230883e-10,91,-6.579950266124771e-11
02050002924,020-5000-2924,"one digit, first group",-2.172422662230883e-10,92,3.6754132664548647e-10
02050002924,020-5000-2924,"one digit, first group",-2.172422662230883e-10,93,-1.4967752286524583e-10
02050002924,020-5000-2924,"one digit, first group",-2.172422662230883e-10,94,-2.2499818679625447e-10
02050002924,020-5000-2924,"one digit, first group",-2.172422662230883e-10,95,1.2306067729533846e-11
02050002924,020-5000-2924,"one digit, first group",-2.172422662230883e-10,96,4.735426214457358e-11
02050002924,020-5000-2924,"one digit, first group",-2.172422662230883e-10,97,-1.021138322678941e-10
02050002924,020-5000-2924,"one digit, first group",-2.172422662230883e-10,98,-5.04268237490009e-11
02050002924,020-5000-2924,"one digit, first group",-2.172422662230883e-10,99,-4.879291937851054e-11
02050002924,020-5000-2924,"one digit, first group",-2.172422662230883e-10,100,9.649200362681327e-11
02050002924,020-5000-2924,"one digit, first group",-2.172422662230883e-10,101,-7.265028571117691e-11
02050002924,020-5000-2924,"one digit, first group",-2.172422662230883e-10,102,-4.023006722367827e-10
02050002924,020-5000-2924,"one digit, first group",-2.172422662230883e-10,103,-2.570214767515237e-10
02050002924,020-5000-2924,"one digit, first group",-2.172422662230883e-10,104,1.1005495939835775e-10
02050002924,020-5000-2924,"one digit, first group",-2.172422662230883e-10,105,-7.896229854287029e-11
02050002924,020-5000-2924,"one digit, first group",-2.172422662230883e-10,106,4.1218663495676425e-11
02050002924,020-5000-2924,"one digit, first group",-2.172422662230883e-10,107,-7.829270490565058e-12
02050002924,020-5000-2924,"one digit, first group",-2.172422662230883e-10,108,-2.0608427014373223e-11
02050002924,020-5000-2924,"one digit, first group",-2.172422662230883e-10,109,-4.668109815187884e-11
02050002924,020-5000-2924,"one digit, first group",-2.172422662230883e-10,110,-9.881517518089857e-11
02050002924,020-5000-2924,"one digit, first group",-2.172422662230883e-10,111,3.4078716921465e-11
02050002924,020-5000-2924,"one digit, first group",-2.172422662230883e-10,112,1.0612877558790828e-10
02050002924,020-5000-2924,"one digit, first group",-2.172422662230883e-10,113,2.21050292732259e-11
02050002924,020-5000-2924,"one digit, first group",-2.172422662230883e-10,114,-9.708854145997295e-11
02050002924,020-5000-2924,"one digit, first group",-2.172422662230883e-10,115,-6.092377608303313e-11
02050002924,020-5000-2924,"one digit, first group",-2.172422662230883e-10,116,5.2918067844847425e-11
02050002924,020-5000-2924,"one digit, first group",-2.172422662230883e-10,117,5.015718520208649e-11
02050002924,020-5000-2924,"one digit, first group",-2.172422662230883e-10,118,1.9713612939346587e-10
02050002924,020-5000-2924,"one digit, first group",-2.172422662230883e-10,119,3.1023577779722304e-11
02050002924,020-5000-2924,"one digit, first group",-2.172422662230883e-10,120,-2.0815325961527192e-11
02050002924,020-5000-2924,"one digit, first group",-2.172422662230883e-10,121,-9.514336521605585e-11
02050002924,020-5000-2924,"one digit, first group",-2.172422662230883e-10,122,1.513215081287684e-11
02050002924,020-5000-2924,"one digit, first group",-2.172422662230883e-10,123,-1.4127878629950898e-10
02050002924,020-5000-2924,"one digit, first group",-2.172422662230883e-10,124,4.2054056564625544e-10
02050002924,020-5000-2924,"one digit, first group",-2.172422662230883e-10,125,-1.8041097121222968e-10
02050002924,020-5000-2924,"one digit, first group",-2.172422662230883e-10,126,-2.0762089064964748e-11
02050002924,020-5000-2924,"one digit, first group",-2.172422662230883e-10,127,3.4687693319822613e-10
02050002924,020-5000-2924,"one digit, first group",-2.172422662230883e-10,128,-1.2965078025889414e-10
02050002924,020-5000-2924,"one digit, first group",-2.172422662230883e-10,129,-8.942498780826593e-11
02050002924,020-5000-2924,"one digit, first group",-2.172422662230883e-10,130,9.178135669331566e-11
02050002924,020-5000-2924,"one digit, first group",-2.172422662230883e-10,131,5.870532750642824e-11
02050002924,020-5000-2924,"one digit, first group",-2.172422662230883e-10,132,-9.045226708593034e-11
02050002924,020-5000-2924,"one digit, first group",-2.172422662230883e-10,133,-1.1605143003942548e-10
02050002924,020-5000-2924,"one digit, first group",-2.172422662230883e-10,134,-9.687767533424487e-11
02050002924,020-5000-2924,"one digit, first group",-2.172422662230883e-10,135,-1.9796399049773117e-10
02050002924,020-5000-2924,"one digit, first group",-2.172422662230883e-10,136,2.1584703735541872e-12
02050002924,020-5000-2924,"one digit, first group",-2.172422662230883e-10,137,1.502192483551135e-10
02050002924,020-5000-2924,"one digit, first group",-2.172422662230883e-10,138,2.745090373799942e-10
02050002924,020-5000-2924,"one digit, first group",-2.172422662230883e-10,139,-7.930417024403078e-11
02050002924,020-5000-2924,"one digit, first group",-2.172422662230883e-10,140,-2.71599837792735e-10
02050002924,020-5000-2924,"one digit, first group",-2.172422662230883e-10,141,-2.6954361013062886e-10
02050002924,020-5000-2924,"one digit, first group",-2.172422662230883e-10,142,1.0013333307318762e-09
02050002924,020-5000-2924,"one digit, first group",-2.172422662230883e-10,143,-4.829020264222155e-09
02050002924,020-5000-2924,"one digit, first group",-2.172422662230883e-10,144,-2.6656380762835592e-08
02050002924,020-5000-2924,"one digit, first group",-2.172422662230883e-10,145,-4.284667251546925e-09
02050002924,020-5000-2924,"one digit, first group",-2.172422662230883e-10,146,1.7439772871425783e-09
02050002924,020-5000-2924,"one digit, first group",-2.172422662230883e-10,147,7.756771299160403e-09
02050002924,020-5000-2924,"one digit, first group",-2.172422662230883e-10,148,-5.595018403072979e-10
02050002924,020-5000-2924,"one digit, first group",-2.172422662230883e-10,149,9.916919628508786e-09
02050002924,020-5000-2924,"one digit, first group",-2.172422662230883e-10,150,9.452272104726374e-12
02050002924,020-5000-2924,"one digit, first group",-2.172422662230883e-10,151,-2.0016174976618336e-10
02050002924,020-5000-2924,"one digit, first group",-2.172422662230883e-10,152,1.8336787401998387e-10
02050002924,020-5000-2924,"one digit, first group",-2.172422662230883e-10,153,3.0575116989603394e-10
02050002924,020-5000-2924,"one digit, first group",-2.172422662230883e-10,154,-1.2018667258068092e-11
02050002924,020-5000-2924,"one digit, first group",-2.172422662230883e-10,155,2.1200566963166192e-10
02050002924,020-5000-2924,"one digit, first group",-2.172422662230883e-10,156,-3.1844303153623487e-09
02050002924,020-5000-2924,"one digit, first group",-2.172422662230883e-10,157,9.199421596751087e-11
02050002924,020-5000-2924,"one digit, first group",-2.172422662230883e-10,158,4.7493629495748777e-11
02050002924,020-5000-2924,"one digit, first group",-2.172422662230883e-10,159,5.691647562596571e-11
02050002924,020-5000-2924,"one digit, first group",-2.172422662230883e-10,160,-4.37162556001628e-09
02050002924,020-5000-2924,"one digit, first group",-2.172422662230883e-10,161,-5.786662042552868e-11
02050002924,020-5000-2924,"one digit, first group",-2.172422662230883e-10,162,6.336682914868382e-11
02050002924,020-5000-2924,"one digit, first group",-2.172422662230883e-10,163,-1.8932476175642773e-09
02050002924,020-5000-2924,"one digit, first group",-2.172422662230883e-10,164,5.120334037963328e-09
02050002924,020-5000-2924,"one digit, first group",-2.172422662230883e-10,165,2.1696951074840545e-10
02050002924,020-5000-2924,"one digit, first group",-2.172422662230883e-10,166,4.457710921312577e-12
02050002924,020-5000-2924,"one digit, first group",-2.172422662230883e-10,167,-1.0763393007158716e-11
02050002924,020-5000-2924,"one digit, first group",-2.172422662230883e-10,168,-1.686054424372258e-10
02050002924,020-5000-2924,"one digit, first group",-2.172422662230883e-10,169,3.7356098357601666e-11
02050002924,020-5000-2924,"one digit, first group",-2.172422662230883e-10,170,2.75649009750549e-11
02050002924,020-5000-2924,"one digit, first group",-2.172422662230883e-10,171,-2.2392302171913802e-10
02050002924,020-5000-2924,"one digit, first group",-2.172422662230883e-10,172,3.376902205287264e-11
02050002924,020-5000-2924,"one digit, first group",-2.172422662230883e-10,173,5.493147262439118e-11
02050002924,020-5000-2924,"one digit, first group",-2.172422662230883e-10,174,-6.948581449394442e-12
02050002924,020-5000-2924,"one digit, first group",-2.172422662230883e-10,175,-4.2897052944061e-10
02050002924,020-5000-2924,"one digit, first group",-2.172422662230883e-10,176,-2.0204245259418403e-11
02050002924,020-5000-2924,"one digit, first group",-2.172422662230883e-10,177,2.936568800341249e-10
02050002924,020-5000-2924,"one digit, first group",-2.172422662230883e-10,178,7.657126059895854e-11
02050002924,020-5000-2924,"one digit, first group",-2.172422662230883e-10,179,-5.016574499756125e-11
02050002924,020-5000-2924,"one digit, first group",-2.172422662230883e-10,180,-7.89760306792676e-11
02050002924,020-5000-2924,"one digit, first group",-2.172422662230883e-10,181,-3.6256158503769076e-10
02050002924,020-5000-2924,"one digit, first group",-2.172422662230883e-10,182,-7.370933106867608e-11
02050002924,020-5000-2924,"one digit, first group",-2.172422662230883e-10,183,2.289968688407224e-10
02050002924,020-5000-2924,"one digit, first group",-2.172422662230883e-10,184,-1.6911276769931258e-11
02050002924,020-5000-2924,"one digit, first group",-2.172422662230883e-10,185,1.3558306021691237e-10
02050002924,020-5000-2924,"one digit, first group",-2.172422662230883e-10,186,-1.7284714380337507e-10
02050002924,020-5000-2924,"one digit, first group",-2.172422662230883e-10,187,1.0564035110863743e-10
02050002924,020-5000-2924,"one digit, first group",-2.172422662230883e-10,188,1.199341617695381e-10
02050002924,020-5000-2924,"one digit, first group",-2.172422662230883e-10,189,2.744279578222472e-11
02050002924,020-5000-2924,"one digit, first group",-2.172422662230883e-10,190,-1.8910424230834044e-10
02050002924,020-5000-2924,"one digit, first group",-2.172422662230883e-10,191,7.916088785508124e-11
02050002924,020-5000-2924,"one digit, first group",-2.172422662230883e-10,192,4.0621197993370203e-11
02050002924,020-5000-2924,"one digit, first group",-2.172422662230883e-10,193,1.6138293754537065e-10
02050002924,020-5000-2924,"one digit, first group",-2.172422662230883e-10,194,-2.339855925167756e-11
02050002924,020-5000-2924,"one digit, first group",-2.172422662230883e-10,195,-6.671309491394428e-11
02050002924,020-5000-2924,"one digit, first group",-2.172422662230883e-10,196,-6.036428492946415e-11
02050002924,020-5000-2924,"one digit, first group",-2.172422662230883e-10,197,8.691065224280887e-11
02050002924,020-5000-2924,"one digit, first group",-2.172422662230883e-10,198,1.6593860249925823e-10
02050002924,020-5000-2924,"one digit, first group",-2.172422662230883e-10,199,-7.575522471038931e-10
02050002924,020-5000-2924,"one digit, first group",-2.172422662230883e-10,200,-4.943388802368557e-13
02050002924,020-5000-2924,"one digit, first group",-2.172422662230883e-10,201,1.5630671314091605e-11
02050002924,020-5000-2924,"one digit, first group",-2.172422662230883e-10,202,-3.45824280434853e-10
02050002924,020-5000-2924,"one digit, first group",-2.172422662230883e-10,203,5.470611764097055e-12
01050102924,010-5010-2924,"one digit, middle group",3.854738620558214e-10,0,7.138043236373919e-12
01050102924,010-5010-2924,"one digit, middle group",3.854738620558214e-10,1,-2.5698000217152554e-11
01050102924,010-5010-2924,"one digit, middle group",3.854738620558214e-10,2,1.7354532966779472e-10
01050102924,010-5010-2924,"one digit, middle group",3.854738620558214e-10,3,-5.5111702971758127e-11
01050102924,010-5010-2924,"one digit, middle group",3.854738620558214e-10,4,3.617091791365955e-11
01050102924,010-5010-2924,"one digit, middle group",3.854738620558214e-10,5,-3.742263702470943e-10
01050102924,010-5010-2924,"one digit, middle group",3.854738620558214e-10,6,2.652415669867948e-10
01050102924,010-5010-2924,"one digit, middle group",3.854738620558214e-10,7,-2.042299375731228e-10
01050102924,010-5010-2924,"one digit, middle group",3.854738620558214e-10,8,3.359891344576141e-11
01050102924,010-5010-2924,"one digit, middle group",3.854738620558214e-10,9,-1.037609038506136e-10
01050102924,010-5010-2924,"one digit, middle group",3.854738620558214e-10,10,-4.3488826075381736e-11
01050102924,010-5010-2924,"one digit, middle group",3.854738620558214e-10,11,1.3881117844213998e-10
01050102924,010-5010-2924,"one digit, middle group",3.854738620558214e-10,12,-2.1273834014864868e-10
01050102924,010-5010-2924,"one digit, middle group",3.854738620558214e-10,13,3.160474421409574e-10
01050102924,010-5010-2924,"one digit, middle group",3.854738620558214e-10,14,3.7162845370140317e-11
01050102924,010-5010-2924,"one digit, middle group",3.854738620558214e-10,15,-7.271325671686083e-12
01050102924,010-5010-2924,"one digit, middle group",3.854738620558214e-10,16,1.462144016421134e-10
01050102924,010-5010-2924,"one digit, middle group",3.854738620558214e-10,17,-2.4807725866528373e-10
01050102924,010-5010-2924,"one digit, middle group",3.854738620558214e-10,18,9.799613496370263e-11
01050102924,010-5010-2924,"one digit, middle group",3.854738620558214e-10,19,5.1318133663617994e-11
01050102924,010-5010-2924,"one digit, middle group",3.854738620558214e-10,20,-5.003068342378315e-11
01050102924,010-5010-2924,"one digit, middle group",3.854738620558214e-10,21,-4.84233095723802e-12
01050102924,010-5010-2924,"one digit, middle group",3.854738620558214e-10,22,2.994235427904358e-11
01050102924,010-5010-2924,"one digit, middle group",3.854738620558214e-10,23,-1.9682336416789202e-11
01050102924,010-5010-2924,"one digit, middle group",3.854738620558214e-10,24,-5.339568712067745e-10
01050102924,010-5010-2924,"one digit, middle group",3.854738620558214e-10,25,7.61039983473833e-11
01050102924,010-5010-2924,"one digit, middle group",3.854738620558214e-10,26,-1.5483796962554419e-10
01050102924,010-5010-2924,"one digit, middle group",3.854738620558214e-10,27,-9.403700589340398e-11
01050102924,010-5010-2924,"one digit, middle group",3.854738620558214e-10,28,2.018606931048765e-10
01050102924,010-5010-2924,"one digit, middle group",3.854738620558214e-10,29,-5.1819741934024825e-11
01050102924,010-5010-2924,"one digit, middle group",3.854738620558214e-10,30,6.995159099496318e-11
01050102924,010-5010-2924,"one digit, middle group",3.854738620558214e-10,31,1.505342366383356e-10
01050102924,010-5010-2924,"one digit, middle group",3.854738620558214e-10,32,1.9107412959725283e-10
01050102924,010-5010-2924,"one digit, middle group",3.854738620558214e-10,33,-3.178463043596726e-11
01050102924,010-5010-2924,"one digit, middle group",3.854738620558214e-10,34,-8.91544460274486e-11
01050102924,010-5010-2924,"one digit, middle group",3.854738620558214e-10,35,1.0034038138475073e-11
01050102924,010-5010-2924,"one digit, middle group",3.854738620558214e-10,36,-4.991140115766161e-11
01050102924,010-5010-2924,"one digit, middle group",3.854738620558214e-10,37,-7.158240928706242e-11
01050102924,010-5010-2924,"one digit, middle group",3.854738620558214e-10,38,2.7202069721268426e-11
01050102924,010-5010-2924,"one digit, middle group",3.854738620558214e-10,39,3.251567188952305e-10
01050102924,010-5010-2924,"one digit, middle group",3.854738620558214e-10,40,1.806231488309606e-10
01050102924,010-5010-2924,"one digit, middle group",3.854738620558214e-10,41,-1.0339432418961603e-10
01050102924,010-5010-2924,"one digit, middle group",3.854738620558214e-10,42,9.201909790532558e-11
01050102924,010-5010-2924,"one digit, middle group",3.854738620558214e-10,43,2.3350527996189983e-11
01050102924,010-5010-2924,"one digit, middle group",3.854738620558214e-10,44,2.994079286121311e-11
01050102924,010-5010-2924,"one digit, middle group",3.854738620558214e-10,45,-2.2458382898232922e-10
01050102924,010-5010-2924,"one digit, middle group",3.854738620558214e-10,46,-1.0797920762473328e-10
01050102924,010-5010-2924,"one digit, middle group",3.854738620558214e-10,47,9.312746263241941e-11
01050102924,010-5010-2924,"one digit, middle group",3.854738620558214e-10,48,7.603063589604384e-11
01050102924,010-5010-2924,"one digit, middle group",3.854738620558214e-10,49,-6.350902280624109e-11
01050102924,010-5010-2924,"one digit, middle group",3.854738620558214e-10,50,-3.7393019715463893e-10
01050102924,010-5010-2924,"one digit, middle group",3.854738620558214e-10,51,-7.661971231367787e-11
01050102924,010-5010-2924,"one digit, middle group",3.854738620558214e-10,52,-2.2802463182655299e-10
01050102924,010-5010-2924,"one digit, middle group",3.854738620558214e-10,53,-4.067553793739975e-11
01050102924,010-5010-2924,"one digit, middle group",3.854738620558214e-10,54,2.7670347152751353e-11
01050102924,010-5010-2924,"one digit, middle group",3.854738620558214e-10,55,-3.935664265271838e-10
01050102924,010-5010-2924,"one digit, middle group",3.854738620558214e-10,56,-1.6867897714890283e-10
01050102924,010-5010-2924,"one digit, middle group",3.854738620558214e-10,57,-3.354212637815384e-11
01050102924,010-5010-2924,"one digit, middle group",3.854738620558214e-10,58,-2.5583488409380178e-11
01050102924,010-5010-2924,"one digit, middle group",3.854738620558214e-10,59,4.128669136630554e-11
01050102924,010-5010-2924,"one digit, middle group",3.854738620558214e-10,60,-2.9609172036190924e-11
01050102924,010-5010-2924,"one digit, middle group",3.854738620558214e-10,61,-1.2315939376814351e-11
01050102924,010-5010-2924,"one digit, middle group",3.854738620558214e-10,62,1.8950954268599876e-11
01050102924,010-5010-2924,"one digit, middle group",3.854738620558214e-10,63,5.986411769422217e-11
01050102924,010-5010-2924,"one digit, middle group",3.854738620558214e-10,64,-1.2517688090860358e-11
01050102924,010-5010-2924,"one digit, middle group",3.854738620558214e-10,65,6.164724284408049e-11
01050102924,010-5010-2924,"one digit, middle group",3.854738620558214e-10,66,-4.061746477669081e-10
01050102924,010-5010-2924,"one digit, middle group",3.854738620558214e-10,67,3.1151921256669473e-12
01050102924,010-5010-2924,"one digit, middle group",3.854738620558214e-10,68,5.581778527426238e-11
01050102924,010-5010-2924,"one digit, middle group",3.854738620558214e-10,69,3.090088325528385e-10
01050102924,010-5010-2924,"one digit, middle group",3.854738620558214e-10,70,8.699503560762123e-11
01050102924,010-5010-2924,"one digit, middle group",3.854738620558214e-10,71,-9.529158870534226e-11
01050102924,010-5010-2924,"one digit, middle group",3.854738620558214e-10,72,2.3364182785816626e-12
01050102924,010-5010-2924,"one digit, middle group",3.854738620558214e-10,73,-1.1249995721377848e-10
01050102924,010-5010-2924,"one digit, middle group",3.854738620558214e-10,74,3.5072589486839903e-10
01050102924,010-5010-2924,"one digit, middle group",3.854738620558214e-10,75,-5.2883467261995934e-11
01050102924,010-5010-2924,"one digit, middle group",3.854738620558214e-10,76,-2.5790274445911134e-11
01050102924,010-5010-2924,"one digit, middle group",3.854738620558214e-10,77,-1.0057322382015956e-10
01050102924,010-5010-2924,"one digit, middle group",3.854738620558214e-10,78,-4.57955029557467e-10
01050102924,010-5010-2924,"one digit, middle group",3.854738620558214e-10,79,1.0439103411691305e-10
01050102924,010-5010-2924,"one digit, middle group",3.854738620558214e-10,80,1.3022748689817345e-10
01050102924,010-5010-2924,"one digit, middle group",3.854738620558214e-10,81,1.8981421064730127e-10
01050102924,010-5010-2924,"one digit, middle group",3.854738620558214e-10,82,1.713225834393075e-10
01050102924,010-5010-2924,"one digit, middle group",3.854738620558214e-10,83,3.453730399980195e-11
01050102924,010-5010-2924,"one digit, middle group",3.854738620558214e-10,84,3.4716405089220344e-11
01050102924,010-5010-2924,"one digit, middle group",3.854738620558214e-10,85,-1.6082134827367228e-11
01050102924,010-5010-2924,"one digit, middle group",3.854738620558214e-10,86,3.000047655837224e-10
01050102924,010-5010-2924,"one digit, middle group",3.854738620558214e-10,87,1.7547672375171972e-10
01050102924,010-5010-2924,"one digit, middle group",3.854738620558214e-10,88,3.594818000229258e-11
01050102924,010-5010-2924,"one digit, middle group",3.854738620558214e-10,89,2.505608509988306e-10
01050102924,010-5010-2924,"one digit, middle group",3.854738620558214e-10,90,2.2537736807753048e-10
01050102924,010-5010-2924,"one digit, middle group",3.854738620558214e-10,91,1.660692981319665e-10
01050102924,010-5010-2924,"one digit, middle group",3.854738620558214e-10,92,-1.3394201200542204e-10
01050102924,010-5010-2924,"one digit, middle group",3.854738620558214e-10,93,-1.2727013978687329e-11
01050102924,010-5010-2924,"one digit, middle group",3.854738620558214e-10,94,-1.0079246555560546e-10
01050102924,010-5010-2924,"one digit, middle group",3.854738620558214e-10,95,-8.13828114069563e-11
01050102924,010-5010-2924,"one digit, middle group",3.854738620558214e-10,96,9.432137050343876e-11
01050102924,010-5010-2924,"one digit, middle group",3.854738620558214e-10,97,-1.407009374087452e-10
01050102924,010-5010-2924,"one digit, middle group",3.854738620558214e-10,98,-1.77585307421228e-10
01050102924,010-5010-2924,"one digit, middle group",3.854738620558214e-10,99,-5.497933286240923e-11
01050102924,010-5010-2924,"one digit, middle group",3.854738620558214e-10,100,4.2709371135467555e-11
01050102924,010-5010-2924,"one digit, middle group",3.854738620558214e-10,101,-5.908037617473873e-11
01050102924,010-5010-2924,"one digit, middle group",3.854738620558214e-10,102,-2.844873575416049e-10
01050102924,010-5010-2924,"one digit, middle group",3.854738620558214e-10,103,-6.04544785454437e-11
01050102924,010-5010-2924,"one digit, middle group",3.854738620558214e-10,104,2.421428167656634e-10
01050102924,010-5010-2924,"one digit, middle group",3.854738620558214e-10,105,-7.42551032938615e-12
01050102924,010-5010-2924,"one digit, middle group",3.854738620558214e-10,106,1.8886915468365956e-11
01050102924,010-5010-2924,"one digit, middle group",3.854738620558214e-10,107,-1.8416935131391943e-10
01050102924,010-5010-2924,"one digit, middle group",3.854738620558214e-10,108,-5.539220755012545e-11
01050102924,010-5010-2924,"one digit, middle group",3.854738620558214e-10,109,-1.6538947250413674e-11
01050102924,010-5010-2924,"one digit, middle group",3.854738620558214e-10,110,3.801001018566352e-12
01050102924,010-5010-2924,"one digit, middle group",3.854738620558214e-10,111,-1.8139758020213972e-10
01050102924,010-5010-2924,"one digit, middle group",3.854738620558214e-10,112,5.390834315855916e-11
01050102924,010-5010-2924,"one digit, middle group",3.854738620558214e-10,113,1.5608564454268422e-12
01050102924,010-5010-2924,"one digit, middle group",3.854738620558214e-10,114,-2.3286710805706983e-11
01050102924,010-5010-2924,"one digit, middle group",3.854738620558214e-10,115,5.114894592174326e-11
01050102924,010-5010-2924,"one digit, middle group",3.854738620558214e-10,116,-1.4595633386339784e-11
01050102924,010-5010-2924,"one digit, middle group",3.854738620558214e-10,117,-3.3640177072781494e-11
01050102924,010-5010-2924,"one digit, middle group",3.854738620558214e-10,118,-8.578621998548938e-11
01050102924,010-5010-2924,"one digit, middle group",3.854738620558214e-10,119,-2.0485214895043675e-10
01050102924,010-5010-2924,"one digit, middle group",3.854738620558214e-10,120,-6.555330696497986e-12
01050102924,010-5010-2924,"one digit, middle group",3.854738620558214e-10,121,-4.783633940477173e-10
01050102924,010-5010-2924,"one digit, middle group",3.854738620558214e-10,122,1.2054684485766814e-10
01050102924,010-5010-2924,"one digit, middle group",3.854738620558214e-10,123,-1.093692356695073e-10
01050102924,010-5010-2924,"one digit, middle group",3.854738620558214e-10,124,-1.3288741082894702e-10
01050102924,010-5010-2924,"one digit, middle group",3.854738620558214e-10,125,-2.786724999107993e-10
01050102924,010-5010-2924,"one digit, middle group",3.854738620558214e-10,126,-5.738730263248867e-11
01050102924,010-5010-2924,"one digit, middle group",3.854738620558214e-10,127,2.381787974380107e-10
01050102924,010-5010-2924,"one digit, middle group",3.854738620558214e-10,128,-5.576021348803492e-11
01050102924,010-5010-2924,"one digit, middle group",3.854738620558214e-10,129,5.942948590073726e-12
01050102924,010-5010-2924,"one digit, middle group",3.854738620558214e-10,130,4.6816738732538966e-11
01050102924,010-5010-2924,"one digit, middle group",3.854738620558214e-10,131,-4.023584560405877e-10
01050102924,010-5010-2924,"one digit, middle group",3.854738620558214e-10,132,-9.035475928811099e-13
01050102924,010-5010-2924,"one digit, middle group",3.854738620558214e-10,133,1.829531372353383e-10
01050102924,010-5010-2924,"one digit, middle group",3.854738620558214e-10,134,-2.5585484703498836e-10
01050102924,010-5010-2924,"one digit, middle group",3.854738620558214e-10,135,-9.318280865144497e-11
01050102924,010-5010-2924,"one digit, middle group",3.854738620558214e-10,136,-6.276862189904012e-11
01050102924,010-5010-2924,"one digit, middle group",3.854738620558214e-10,137,1.3714629591816011e-10
01050102924,010-5010-2924,"one digit, middle group",3.854738620558214e-10,138,1.2549224351333392e-10
01050102924,010-5010-2924,"one digit, middle group",3.854738620558214e-10,139,-1.30288008022593e-10
01050102924,010-5010-2924,"one digit, middle group",3.854738620558214e-10,140,-5.4492185681108425e-12
01050102924,010-5010-2924,"one digit, middle group",3.854738620558214e-10,141,-9.092637932938229e-11
01050102924,010-5010-2924,"one digit, middle group",3.854738620558214e-10,142,8.057262632331222e-10
01050102924,010-5010-2924,"one digit, middle group",3.854738620558214e-10,143,-2.2483038524891887e-08
01050102924,010-5010-2924,"one digit, middle group",3.854738620558214e-10,144,-1.2769498423070085e-09
01050102924,010-5010-2924,"one digit, middle group",3.854738620558214e-10,145,8.701917279010313e-10
01050102924,010-5010-2924,"one digit, middle group",3.854738620558214e-10,146,1.479338306181348e-09
01050102924,010-5010-2924,"one digit, middle group",3.854738620558214e-10,147,1.563631873875325e-08
01050102924,010-5010-2924,"one digit, middle group",3.854738620558214e-10,148,-1.6948361437911755e-10
01050102924,010-5010-2924,"one digit, middle group",3.854738620558214e-10,149,-3.4433640193851044e-10
01050102924,010-5010-2924,"one digit, middle group",3.854738620558214e-10,150,9.127317344308399e-11
01050102924,010-5010-2924,"one digit, middle group",3.854738620558214e-10,151,5.837561785381255e-11
01050102924,010-5010-2924,"one digit, middle group",3.854738620558214e-10,152,2.4908250349694673e-10
01050102924,010-5010-2924,"one digit, middle group",3.854738620558214e-10,153,1.692674948539023e-10
01050102924,010-5010-2924,"one digit, middle group",3.854738620558214e-10,154,-9.80578301119394e-11
01050102924,010-5010-2924,"one digit, middle group",3.854738620558214e-10,155,-1.493826664215993e-10
01050102924,010-5010-2924,"one digit, middle group",3.854738620558214e-10,156,-2.193034069699787e-09
01050102924,010-5010-2924,"one digit, middle group",3.854738620558214e-10,157,1.0339273474114572e-10
01050102924,010-5010-2924,"one digit, middle group",3.854738620558214e-10,158,2.967794351035342e-11
01050102924,010-5010-2924,"one digit, middle group",3.854738620558214e-10,159,-1.0215020055963676e-10
01050102924,010-5010-2924,"one digit, middle group",3.854738620558214e-10,160,1.9981544577309023e-08
01050102924,010-5010-2924,"one digit, middle group",3.854738620558214e-10,161,9.213185750039902e-11
01050102924,010-5010-2924,"one digit, middle group",3.854738620558214e-10,162,1.5316112503093068e-11
01050102924,010-5010-2924,"one digit, middle group",3.854738620558214e-10,163,2.1779348337458878e-09
01050102924,010-5010-2924,"one digit, middle group",3.854738620558214e-10,164,1.772357779742972e-08
01050102924,010-5010-2924,"one digit, middle group",3.854738620558214e-10,165,-2.83557941095746e-10
01050102924,010-5010-2924,"one digit, middle group",3.854738620558214e-10,166,3.7419122300632185e-11
01050102924,010-5010-2924,"one digit, middle group",3.854738620558214e-10,167,-4.6464548193378394e-10
01050102924,010-5010-2924,"one digit, middle group",3.854738620558214e-10,168,-4.353303884011406e-10
01050102924,010-5010-2924,"one digit, middle group",3.854738620558214e-10,169,3.901084460056314e-10
01050102924,010-5010-2924,"one digit, middle group",3.854738620558214e-10,170,3.49967069621621e-11
01050102924,010-5010-2924,"one digit, middle group",3.854738620558214e-10,171,1.198797616273964e-10
01050102924,010-5010-2924,"one digit, middle group",3.854738620558214e-10,172,2.4173461197925415e-11
01050102924,010-5010-2924,"one digit, middle group",3.854738620558214e-10,173,1.0705663101082586e-10
01050102924,010-5010-2924,"one digit, middle group",3.854738620558214e-10,174,-2.113765264544895e-11
01050102924,010-5010-2924,"one digit, middle group",3.854738620558214e-10,175,2.0358118041787223e-10
01050102924,010-5010-2924,"one digit, middle group",3.854738620558214e-10,176,1.4024330616299993e-10
01050102924,010-5010-2924,"one digit, middle group",3.854738620558214e-10,177,-2.9754305499686033e-10
01050102924,010-5010-2924,"one digit, middle group",3.854738620558214e-10,178,7.875084429645678e-11
01050102924,010-5010-2924,"one digit, middle group",3.854738620558214e-10,179,4.317800976436626e-10
01050102924,010-5010-2924,"one digit, middle group",3.854738620558214e-10,180,3.3733385420571444e-11
01050102924,010-5010-2924,"one digit, middle group",3.854738620558214e-10,181,1.973296554778717e-10
01050102924,010-5010-2924,"one digit, middle group",3.854738620558214e-10,182,-2.704976603886717e-10
01050102924,010-5010-2924,"one digit, middle group",3.854738620558214e-10,183,6.081038439348634e-11
01050102924,010-5010-2924,"one digit, middle group",3.854738620558214e-10,184,-7.990260661127191e-12
01050102924,010-5010-2924,"one digit, middle group",3.854738620558214e-10,185,8.263051387067957e-11
01050102924,010-5010-2924,"one digit, middle group",3.854738620558214e-10,186,-1.4610834160638e-10
01050102924,010-5010-2924,"one digit, middle group",3.854738620558214e-10,187,2.441015196811931e-12
01050102924,010-5010-2924,"one digit, middle group",3.854738620558214e-10,188,-6.687435907109361e-11
01050102924,010-5010-2924,"one digit, middle group",3.854738620558214e-10,189,7.9416955875566e-11
01050102924,010-5010-2924,"one digit, middle group",3.854738620558214e-10,190,3.352588612115336e-11
01050102924,010-5010-2924,"one digit, middle group",3.854738620558214e-10,191,-3.018840151774169e-11
01050102924,010-5010-2924,"one digit, middle group",3.854738620558214e-10,192,-3.549318111412672e-11
01050102924,010-5010-2924,"one digit, middle group",3.854738620558214e-10,193,-3.3802937195303935e-10
01050102924,010-5010-2924,"one digit, middle group",3.854738620558214e-10,194,-3.100638453219511e-11
01050102924,010-5010-2924,"one digit, middle group",3.854738620558214e-10,195,7.459245647988942e-11
01050102924,010-5010-2924,"one digit, middle group",3.854738620558214e-10,196,-4.290728835862476e-11
01050102924,010-5010-2924,"one digit, middle group",3.854738620558214e-10,197,1.47453069022839e-10
01050102924,010-5010-2924,"one digit, middle group",3.854738620558214e-10,198,4.2256090532509096e-10
01050102924,010-5010-2924,"one digit, middle group",3.854738620558214e-10,199,8.328802561500749e-11
01050102924,010-5010-2924,"one digit, middle group",3.854738620558214e-10,200,-1.6524507925833958e-10
01050102924,010-5010-2924,"one digit, middle group",3.854738620558214e-10,201,-3.980200908457151e-12
01050102924,010-5010-2924,"one digit, middle group",3.854738620558214e-10,202,3.580360314374454e-10
01050102924,010-5010-2924,"one digit, middle group",3.854738620558214e-10,203,4.782671575130972e-11
01011112222,010-1111-2222,not in the log,-2.4840291360809574e-11,0,-2.220570165727922e-11
01011112222,010-1111-2222,not in the log,-2.4840291360809574e-11,1,-1.8072200298833915e-10
01011112222,010-1111-2222,not in the log,-2.4840291360809574e-11,2,-1.1537990280244422e-10
01011112222,010-1111-2222,not in the log,-2.4840291360809574e-11,3,-4.207721771529226e-12
01011112222,010-1111-2222,not in the log,-2.4840291360809574e-11,4,-1.2832783383012563e-10
01011112222,010-1111-2222,not in the log,-2.4840291360809574e-11,5,1.2906247595640003e-10
01011112222,010-1111-2222,not in the log,-2.4840291360809574e-11,6,-1.1105946169254537e-10
01011112222,010-1111-2222,not in the log,-2.4840291360809574e-11,7,-1.4005485702577443e-10
01011112222,010-1111-2222,not in the log,-2.4840291360809574e-11,8,-2.0166543277460614e-10
01011112222,010-1111-2222,not in the log,-2.4840291360809574e-11,9,-7.107827458205328e-11
01011112222,010-1111-2222,not in the log,-2.4840291360809574e-11,10,2.0223027036352273e-12
01011112222,010-1111-2222,not in the log,-2.4840291360809574e-11,11,-6.652660827987307e-11
01011112222,010-1111-2222,not in the log,-2.4840291360809574e-11,12,-1.269318676472475e-10
01011112222,010-1111-2222,not in the log,-2.4840291360809574e-11,13,8.847012155610765e-11
01011112222,010-1111-2222,not in the log,-2.4840291360809574e-11,14,4.606748107354288e-11
01011112222,010-1111-2222,not in the log,-2.4840291360809574e-11,15,-8.832761967279159e-11
01011112222,010-1111-2222,not in the log,-2.4840291360809574e-11,16,-1.2281920452147562e-10
01011112222,010-1111-2222,not in the log,-2.4840291360809574e-11,17,1.8495607612899292e-11
01011112222,010-1111-2222,not in the log,-2.4840291360809574e-11,18,-8.634943357279537e-11
01011112222,010-1111-2222,not in the log,-2.4840291360809574e-11,19,-1.972748697265167e-10
01011112222,010-1111-2222,not in the log,-2.4840291360809574e-11,20,-3.95206061739808e-10
01011112222,010-1111-2222,not in the log,-2.4840291360809574e-11,21,-5.082112539660572e-11
01011112222,010-1111-2222,not in the log,-2.4840291360809574e-11,22,-8.043042112851837e-11
01011112222,010-1111-2222,not in the log,-2.4840291360809574e-11,23,-9.548889597969598e-11
01011112222,010-1111-2222,not in the log,-2.4840291360809574e-11,24,-6.72862652847041e-11
01011112222,010-1111-2222,not in the log,-2.4840291360809574e-11,25,3.3771897407165084e-11
01011112222,010-1111-2222,not in the log,-2.4840291360809574e-11,26,2.1193636576841931e-10
01011112222,010-1111-2222,not in the log,-2.4840291360809574e-11,27,1.8738596498756737e-10
01011112222,010-1111-2222,not in the log,-2.4840291360809574e-11,28,-8.609000165738267e-11
01011112222,010-1111-2222,not in the log,-2.4840291360809574e-11,29,-8.061909072698541e-11
01011112222,010-1111-2222,not in the log,-2.4840291360809574e-11,30,-3.1413882477631744e-12
01011112222,010-1111-2222,not in the log,-2.4840291360809574e-11,31,-1.7982507233585095e-11
01011112222,010-1111-2222,not in the log,-2.4840291360809574e-11,32,-1.6890145836008128e-11
01011112222,010-1111-2222,not in the log,-2.4840291360809574e-11,33,2.3084952685106373e-10
01011112222,010-1111-2222,not in the log,-2.4840291360809574e-11,34,-7.454566047790022e-11
01011112222,010-1111-2222,not in the log,-2.4840291360809574e-11,35,6.999121890411757e-11
01011112222,010-1111-2222,not in the log,-2.4840291360809574e-11,36,6.946480155607529e-11
01011112222,010-1111-2222,not in the log,-2.4840291360809574e-11,37,1.8271129493758957e-10
01011112222,010-1111-2222,not in the log,-2.4840291360809574e-11,38,1.0976524196474182e-10
01011112222,010-1111-2222,not in the log,-2.4840291360809574e-11,39,3.199148533761302e-10
01011112222,010-1111-2222,not in the log,-2.4840291360809574e-11,40,3.0143685131337574e-10
01011112222,010-1111-2222,not in the log,-2.4840291360809574e-11,41,-5.937026072319868e-12
01011112222,010-1111-2222,not in the log,-2.4840291360809574e-11,42,-1.9259796428045722e-10
01011112222,010-1111-2222,not in the log,-2.4840291360809574e-11,43,2.351481575874556e-12
01011112222,010-1111-2222,not in the log,-2.4840291360809574e-11,44,1.8563288890542205e-12
01011112222,010-1111-2222,not in the log,-2.4840291360809574e-11,45,7.088990789869796e-11
01011112222,010-1111-2222,not in the log,-2.4840291360809574e-11,46,4.930410859729114e-11
01011112222,010-1111-2222,not in the log,-2.4840291360809574e-11,47,1.5335432724447878e-10
01011112222,010-1111-2222,not in the log,-2.4840291360809574e-11,48,-1.9499719376083068e-11
01011112222,010-1111-2222,not in the log,-2.4840291360809574e-11,49,1.9512935029258172e-10
01011112222,010-1111-2222,not in the log,-2.4840291360809574e-11,50,-5.7249892706512977e-11
01011112222,010-1111-2222,not in the log,-2.4840291360809574e-11,51,-8.470857748353829e-11
01011112222,010-1111-2222,not in the log,-2.4840291360809574e-11,52,-5.1578127900784904e-11
01011112222,010-1111-2222,not in the log,-2.4840291360809574e-11,53,6.311309819403056e-11
01011112222,010-1111-2222,not in the log,-2.4840291360809574e-11,54,-7.259353791694116e-12
01011112222,010-1111-2222,not in the log,-2.4840291360809574e-11,55,6.60447651006636e-11
01011112222,010-1111-2222,not in the log,-2.4840291360809574e-11,56,1.1196161724600282e-10
01011112222,010-1111-2222,not in the log,-2.4840291360809574e-11,57,-2.5910760404243905e-11
01011112222,010-1111-2222,not in the log,-2.4840291360809574e-11,58,-5.255802903929522e-11
01011112222,010-1111-2222,not in the log,-2.4840291360809574e-11,59,1.6534973452085954e-10
01011112222,010-1111-2222,not in the log,-2.4840291360809574e-11,60,-9.267694349825897e-11
01011112222,010-1111-2222,not in the log,-2.4840291360809574e-11,61,9.070177667478694e-11
01011112222,010-1111-2222,not in the log,-2.4840291360809574e-11,62,5.230743591925978e-12
01011112222,010-1111-2222,not in the log,-2.4840291360809574e-11,63,1.1672294857036097e-11
01011112222,010-1111-2222,not in the log,-2.4840291360809574e-11,64,-1.4497196598418976e-10
01011112222,010-1111-2222,not in the log,-2.4840291360809574e-11,65,1.8918125800126786e-10
01011112222,010-1111-2222,not in the log,-2.4840291360809574e-11,66,6.548812378408324e-11
01011112222,010-1111-2222,not in the log,-2.4840291360809574e-11,67,1.2328628026117152e-10
01011112222,010-1111-2222,not in the log,-2.4840291360809574e-11,68,-1.5752538741159978e-10
01011112222,010-1111-2222,not in the log,-2.4840291360809574e-11,69,-2.8190096339193998e-11
01011112222,010-1111-2222,not in the log,-2.4840291360809574e-11,70,-1.4726904098805443e-10
01011112222,010-1111-2222,not in the log,-2.4840291360809574e-11,71,-1.926535129398253e-10
01011112222,010-1111-2222,not in the log,-2.4840291360809574e-11,72,2.710138179444502e-12
01011112222,010-1111-2222,not in the log,-2.4840291360809574e-11,73,-1.9816514482491336e-11
01011112222,010-1111-2222,not in the log,-2.4840291360809574e-11,74,4.2339504596278124e-11
01011112222,010-1111-2222,not in the log,-2.4840291360809574e-11,75,-5.714279436363823e-11
01011112222,010-1111-2222,not in the log,-2.4840291360809574e-11,76,-5.1815310289621254e-11
01011112222,010-1111-2222,not in the log,-2.4840291360809574e-11,77,-3.652731173597682e-12
01011112222,010-1111-2222,not in the log,-2.4840291360809574e-11,78,1.2303848935811655e-10
01011112222,010-1111-2222,not in the log,-2.4840291360809574e-11,79,-9.290183161874789e-11
01011112222,010-1111-2222,not in the log,-2.4840291360809574e-11,80,-1.4943291725092045e-11
01011112222,010-1111-2222,not in the log,-2.4840291360809574e-11,81,-3.398955043578176e-10
01011112222,010-1111-2222,not in the log,-2.4840291360809574e-11,82,-8.985395562408181e-11
01011112222,010-1111-2222,not in the log,-2.4840291360809574e-11,83,3.8407018550980105e-11
01011112222,010-1111-2222,not in the log,-2.4840291360809574e-11,84,4.471341955674934e-11
01011112222,010-1111-2222,not in the log,-2.4840291360809574e-11,85,-2.5782741659080402e-11
01011112222,010-1111-2222,not in the log,-2.4840291360809574e-11,86,-2.9989553996709605e-10
01011112222,010-1111-2222,not in the log,-2.4840291360809574e-11,87,-1.2810730747275188e-10
01011112222,010-1111-2222,not in the log,-2.4840291360809574e-11,88,7.19175518968294e-11
01011112222,010-1111-2222,not in the log,-2.4840291360809574e-11,89,-1.3772219045572105e-10
01011112222,010-1111-2222,not in the log,-2.4840291360809574e-11,90,-8.99751776870918e-11
01011112222,010-1111-2222,not in the log,-2.4840291360809574e-11,91,-2.0104933316389647e-10
01011112222,010-1111-2222,not in the log,-2.4840291360809574e-11,92,6.483415578758504e-11
01011112222,010-1111-2222,not in the log,-2.4840291360809574e-11,93,3.541169401657365e-11
01011112222,010-1111-2222,not in the log,-2.4840291360809574e-11,94,-2.341540745176345e-11
01011112222,010-1111-2222,not in the log,-2.4840291360809574e-11,95,-9.991113049837279e-11
01011112222,010-1111-2222,not in the log,-2.4840291360809574e-11,96,1.6794877522589553e-10
01011112222,010-1111-2222,not in the log,-2.4840291360809574e-11,97,-6.093926590258824e-11
01011112222,010-1111-2222,not in the log,-2.4840291360809574e-11,98,2.986726361485182e-10
01011112222,010-1111-2222,not in the log,-2.4840291360809574e-11,99,2.0981041598373778e-11
01011112222,010-1111-2222,not in the log,-2.4840291360809574e-11,100,-1.803472794336133e-11
01011112222,010-1111-2222,not in the log,-2.4840291360809574e-11,101,-4.0692000519217313e-10
01011112222,010-1111-2222,not in the log,-2.4840291360809574e-11,102,1.0384513162015284e-10
01011112222,010-1111-2222,not in the log,-2.4840291360809574e-11,103,1.4717115006152233e-10
01011112222,010-1111-2222,not in the log,-2.4840291360809574e-11,104,-3.138150597668406e-10
01011112222,010-1111-2222,not in the log,-2.4840291360809574e-11,105,3.161280833254979e-11
01011112222,010-1111-2222,not in the log,-2.4840291360809574e-11,106,-4.380616838448909e-11
01011112222,010-1111-2222,not in the log,-2.4840291360809574e-11,107,3.5167044908127686e-12
01011112222,010-1111-2222,not in the log,-2.4840291360809574e-11,108,-2.4485197138936966e-11
01011112222,010-1111-2222,not in the log,-2.4840291360809574e-11,109,1.4232714581443654e-10
01011112222,010-1111-2222,not in the log,-2.4840291360809574e-11,110,4.3999640051790944e-11
01011112222,010-1111-2222,not in the log,-2.4840291360809574e-11,111,-1.9269210364579646e-10
01011112222,010-1111-2222,not in the log,-2.4840291360809574e-11,112,2.662441214578414e-10
01011112222,010-1111-2222,not in the log,-2.4840291360809574e-11,113,1.809888613752751e-11
01011112222,010-1111-2222,not in the log,-2.4840291360809574e-11,114,-1.0263349287153644e-10
01011112222,010-1111-2222,not in the log,-2.4840291360809574e-11,115,1.635089985130506e-11
01011112222,010-1111-2222,not in the log,-2.4840291360809574e-11,116,2.2223899446611607e-10
01011112222,010-1111-2222,not in the log,-2.4840291360809574e-11,117,-5.6693189635822646e-11
01011112222,010-1111-2222,not in the log,-2.4840291360809574e-11,118,-3.5557780851291283e-10
01011112222,010-1111-2222,not in the log,-2.4840291360809574e-11,119,1.512658416286828e-10
01011112222,010-1111-2222,not in the log,-2.4840291360809574e-11,120,-3.9808224512063714e-11
01011112222,010-1111-2222,not in the log,-2.4840291360809574e-11,121,4.57757182899258e-11
01011112222,010-1111-2222,not in the log,-2.4840291360809574e-11,122,-1.4693458504059617e-10
01011112222,010-1111-2222,not in the log,-2.4840291360809574e-11,123,-8.633724908665108e-11
01011112222,010-1111-2222,not in the log,-2.4840291360809574e-11,124,-8.826345363635943e-11
01011112222,010-1111-2222,not in the log,-2.4840291360809574e-11,125,5.228031997486449e-13
01011112222,010-1111-2222,not in the log,-2.4840291360809574e-11,126,-4.384269220217895e-12
01011112222,010-1111-2222,not in the log,-2.4840291360809574e-11,127,1.0126359549732976e-10
01011112222,010-1111-2222,not in the log,-2.4840291360809574e-11,128,7.1634428476622e-11
01011112222,010-1111-2222,not in the log,-2.4840291360809574e-11,129,5.541638125065253e-11
01011112222,010-1111-2222,not in the log,-2.4840291360809574e-11,130,-1.5485569488010593e-12
01011112222,010-1111-2222,not in the log,-2.4840291360809574e-11,131,-2.518301189911078e-10
01011112222,010-1111-2222,not in the log,-2.4840291360809574e-11,132,9.334639743198709e-11
01011112222,010-1111-2222,not in the log,-2.4840291360809574e-11,133,1.6007268487661253e-10
01011112222,010-1111-2222,not in the log,-2.4840291360809574e-11,134,2.865111035832817e-10
01011112222,010-1111-2222,not in the log,-2.4840291360809574e-11,135,-1.0871469568558131e-10
01011112222,010-1111-2222,not in the log,-2.4840291360809574e-11,136,2.680110511202494e-11
01011112222,010-1111-2222,not in the log,-2.4840291360809574e-11,137,-1.494531297140536e-11
01011112222,010-1111-2222,not in the log,-2.4840291360809574e-11,138,-2.508003348571388e-10
01011112222,010-1111-2222,not in the log,-2.4840291360809574e-11,139,-1.2905075979332066e-10
01011112222,010-1111-2222,not in the log,-2.4840291360809574e-11,140,-1.1353600805396242e-10
01011112222,010-1111-2222,not in the log,-2.4840291360809574e-11,141,-5.3219575734486816e-11
01011112222,010-1111-2222,not in the log,-2.4840291360809574e-11,142,-1.6790961370223906e-10
01011112222,010-1111-2222,not in the log,-2.4840291360809574e-11,143,7.849370833839765e-11
01011112222,010-1111-2222,not in the log,-2.4840291360809574e-11,144,4.8993320041458816e-11
01011112222,010-1111-2222,not in the log,-2.4840291360809574e-11,145,1.2892512816151194e-10
01011112222,010-1111-2222,not in the log,-2.4840291360809574e-11,146,7.169388260924917e-11
01011112222,010-1111-2222,not in the log,-2.4840291360809574e-11,147,-1.3136161700178363e-10
01011112222,010-1111-2222,not in the log,-2.4840291360809574e-11,148,4.887913336534673e-11
01011112222,010-1111-2222,not in the log,-2.4840291360809574e-11,149,1.6334816011069846e-10
01011112222,010-1111-2222,not in the log,-2.4840291360809574e-11,150,3.166340904107841e-11
01011112222,010-1111-2222,not in the log,-2.4840291360809574e-11,151,6.596459019747528e-12
01011112222,010-1111-2222,not in the log,-2.4840291360809574e-11,152,3.390081865381365e-10
01011112222,010-1111-2222,not in the log,-2.4840291360809574e-11,153,-1.5694990232530418e-10
01011112222,010-1111-2222,not in the log,-2.4840291360809574e-11,154,-8.526316152398486e-11
01011112222,010-1111-2222,not in the log,-2.4840291360809574e-11,155,-3.305141410905234e-10
01011112222,010-1111-2222,not in the log,-2.4840291360809574e-11,156,1.0647972265611705e-10
01011112222,010-1111-2222,not in the log,-2.4840291360809574e-11,157,-3.596371418789781e-11
01011112222,010-1111-2222,not in the log,-2.4840291360809574e-11,158,1.3385664408843674e-10
01011112222,010-1111-2222,not in the log,-2.4840291360809574e-11,159,4.507361344969783e-11
01011112222,010-1111-2222,not in the log,-2.4840291360809574e-11,160,-1.6507411229957656e-10
01011112222,010-1111-2222,not in the log,-2.4840291360809574e-11,161,-3.146273035083037e-11
01011112222,010-1111-2222,not in the log,-2.4840291360809574e-11,162,8.085230102766724e-11
01011112222,010-1111-2222,not in the log,-2.4840291360809574e-11,163,4.742552206671077e-12
01011112222,010-1111-2222,not in the log,-2.4840291360809574e-11,164,1.8415694755733477e-10
01011112222,010-1111-2222,not in the log,-2.4840291360809574e-11,165,-2.1853277979706917e-10
01011112222,010-1111-2222,not in the log,-2.4840291360809574e-11,166,-5.815753495087691e-12
01011112222,010-1111-2222,not in the log,-2.4840291360809574e-11,167,-2.290743161439739e-10
01011112222,010-1111-2222,not in the log,-2.4840291360809574e-11,168,1.2868281982220788e-10
01011112222,010-1111-2222,not in the log,-2.4840291360809574e-11,169,1.0883684181584175e-10
01011112222,010-1111-2222,not in the log,-2.4840291360809574e-11,170,2.6922531291701052e-11
01011112222,010-1111-2222,not in the log,-2.4840291360809574e-11,171,-8.746095419702253e-11
01011112222,010-1111-2222,not in the log,-2.4840291360809574e-11,172,-2.1289183210618797e-11
01011112222,010-1111-2222,not in the log,-2.4840291360809574e-11,173,-1.366603623234992e-10
01011112222,010-1111-2222,not in the log,-2.4840291360809574e-11,174,5.526135996701927e-11
01011112222,010-1111-2222,not in the log,-2.4840291360809574e-11,175,-1.4290634040522436e-10
01011112222,010-1111-2222,not in the log,-2.4840291360809574e-11,176,1.963286860752258e-11
01011112222,010-1111-2222,not in the log,-2.4840291360809574e-11,177,-1.9540893744188857e-10
01011112222,010-1111-2222,not in the log,-2.4840291360809574e-11,178,-1.5377516086424868e-10
01011112222,010-1111-2222,not in the log,-2.4840291360809574e-11,179,-1.1662189846378885e-10
01011112222,010-1111-2222,not in the log,-2.4840291360809574e-11,180,1.9150746673643995e-10
01011112222,010-1111-2222,not in the log,-2.4840291360809574e-11,181,-1.3270874945865931e-10
01011112222,010-1111-2222,not in the log,-2.4840291360809574e-11,182,2.8881686725434597e-10
01011112222,010-1111-2222,not in the log,-2.4840291360809574e-11,183,1.1516268401474568e-10
01011112222,010-1111-2222,not in the log,-2.4840291360809574e-11,184,-3.2362453449237855e-11
01011112222,010-1111-2222,not in the log,-2.4840291360809574e-11,185,1.3978793808308572e-11
01011112222,010-1111-2222,not in the log,-2.4840291360809574e-11,186,1.2464913823285536e-11
01011112222,010-1111-2222,not in the log,-2.4840291360809574e-11,187,-1.0712937982607434e-10
01011112222,010-1111-2222,not in the log,-2.4840291360809574e-11,188,4.7000584978852056e-11
01011112222,010-1111-2222,not in the log,-2.4840291360809574e-11,189,2.653042559495494e-11
01011112222,010-1111-2222,not in the log,-2.4840291360809574e-11,190,2.5771792668178994e-10
01011112222,010-1111-2222,not in the log,-2.4840291360809574e-11,191,1.826402586470782e-11
01011112222,010-1111-2222,not in the log,-2.4840291360809574e-11,192,-7.280238523340201e-11
01011112222,010-1111-2222,not in the log,-2.4840291360809574e-11,193,-2.3365853315474357e-10
01011112222,010-1111-2222,not in the log,-2.4840291360809574e-11,194,1.7009353280906706e-11
01011112222,010-1111-2222,not in the log,-2.4840291360809574e-11,195,-1.9353637899490006e-10
01011112222,010-1111-2222,not in the log,-2.4840291360809574e-11,196,-6.070300903470416e-11
01011112222,010-1111-2222,not in the log,-2.4840291360809574e-11,197,3.394469528323055e-10
01011112222,010-1111-2222,not in the log,-2.4840291360809574e-11,198,-1.6554480995296992e-10
01011112222,010-1111-2222,not in the log,-2.4840291360809574e-11,199,5.983543126946749e-10
01011112222,010-1111-2222,not in the log,-2.4840291360809574e-11,200,1.3945995251253788e-10
01011112222,010-1111-2222,not in the log,-2.4840291360809574e-11,201,-9.065965320211307e-12
01011112222,010-1111-2222,not in the log,-2.4840291360809574e-11,202,4.2680105473390144e-10
01011112222,010-1111-2222,not in the log,-2.4840291360809574e-11,203,-3.688142008442986e-11
