target,grouped,description,exist_value,slot,decrypted
01050002924,010-5000-2924,original,1.0000000006626644,0,-8.270051167175382e-11
01050002924,010-5000-2924,original,1.0000000006626644,1,-1.169537036148643e-10
01050002924,010-5000-2924,original,1.0000000006626644,2,-3.778668357341605e-10
01050002924,010-5000-2924,original,1.0000000006626644,3,-2.1560780967123557e-11
01050002924,010-5000-2924,original,1.0000000006626644,4,2.7379412279047515e-11
01050002924,010-5000-2924,original,1.0000000006626644,5,3.9288089696129347e-10
01050002924,010-5000-2924,original,1.0000000006626644,6,-1.0318758194503581e-10
01050002924,010-5000-2924,original,1.0000000006626644,7,9.808043461476701e-11
01050002924,010-5000-2924,original,1.0000000006626644,8,-2.3553921240915567e-10
01050002924,010-5000-2924,original,1.0000000006626644,9,-4.231478063577721e-11
01050002924,010-5000-2924,original,1.0000000006626644,10,4.996400029553568e-11
01050002924,010-5000-2924,original,1.0000000006626644,11,-2.0862951956521765e-10
01050002924,010-5000-2924,original,1.0000000006626644,12,9.755470552902853e-11
01050002924,010-5000-2924,original,1.0000000006626644,13,1.199974444128063e-10
01050002924,010-5000-2924,original,1.0000000006626644,14,-1.5159926790944155e-10
01050002924,010-5000-2924,original,1.0000000006626644,15,1.6767018482868145e-11
01050002924,010-5000-2924,original,1.0000000006626644,16,2.569666784681807e-10
01050002924,010-5000-2924,original,1.0000000006626644,17,8.043745545868602e-11
01050002924,010-5000-2924,original,1.0000000006626644,18,6.159648582288122e-11
01050002924,010-5000-2924,original,1.0000000006626644,19,-5.787536492113072e-12
01050002924,010-5000-2924,original,1.0000000006626644,20,2.700382605612029e-11
01050002924,010-5000-2924,original,1.0000000006626644,21,-9.265674014768224e-11
01050002924,010-5000-2924,original,1.0000000006626644,22,8.315043284388993e-11
01050002924,010-5000-2924,original,1.0000000006626644,23,-2.559980185979105e-10
01050002924,010-5000-2924,original,1.0000000006626644,24,-2.3260650712325136e-11
01050002924,010-5000-2924,original,1.0000000006626644,25,-1.0211180394283275e-11
01050002924,010-5000-2924,original,1.0000000006626644,26,5.402126883028953e-11
01050002924,010-5000-2924,original,1.0000000006626644,27,7.0623578660683e-11
01050002924,010-5000-2924,original,1.0000000006626644,28,1.299807562228786e-10
01050002924,010-5000-2924,original,1.0000000006626644,29,2.0341926849198155e-11
01050002924,010-5000-2924,original,1.0000000006626644,30,1.6168736239352508e-10
01050002924,010-5000-2924,original,1.0000000006626644,31,3.221052815640777e-10
01050002924,010-5000-2924,original,1.0000000006626644,32,5.5157145253768026e-11
01050002924,010-5000-2924,original,1.0000000006626644,33,-7.733415450388644e-10
01050002924,010-5000-2924,original,1.0000000006626644,34,4.3210939461214394e-11
01050002924,010-5000-2924,original,1.0000000006626644,35,-6.72759744292365e-11
01050002924,010-5000-2924,original,1.0000000006626644,36,-3.0559914628695365e-11
01050002924,010-5000-2924,original,1.0000000006626644,37,7.727880989864734e-11
01050002924,010-5000-2924,original,1.0000000006626644,38,-3.784808876923725e-11
01050002924,010-5000-2924,original,1.0000000006626644,39,9.201765875782073e-11
01050002924,010-5000-2924,original,1.0000000006626644,40,-6.090014584891453e-10
01050002924,010-5000-2924,original,1.0000000006626644,41,1.0827770040501818e-11
01050002924,010-5000-2924,original,1.0000000006626644,42,-5.818832338760902e-11
01050002924,010-5000-2924,original,1.0000000006626644,43,1.1923980367982326e-11
01050002924,010-5000-2924,original,1.0000000006626644,44,-3.0605235237500356e-11
01050002924,010-5000-2924,original,1.0000000006626644,45,7.860916668176648e-11
01050002924,010-5000-2924,original,1.0000000006626644,46,-8.759228964736261e-12
01050002924,010-5000-2924,original,1.0000000006626644,47,1.5116390881027168e-11
01050002924,010-5000-2924,original,1.0000000006626644,48,-5.088938267771407e-11
01050002924,010-5000-2924,original,1.0000000006626644,49,2.0673556805005112e-10
01050002924,010-5000-2924,original,1.0000000006626644,50,-3.732237942259945e-10
01050002924,010-5000-2924,original,1.0000000006626644,51,-1.4713658115702117e-10
01050002924,010-5000-2924,original,1.0000000006626644,52,1.940085453739356e-10
01050002924,010-5000-2924,original,1.0000000006626644,53,-3.375707395239211e-11
01050002924,010-5000-2924,original,1.0000000006626644,54,-2.4631787053771277e-11
01050002924,010-5000-2924,original,1.0000000006626644,55,-2.9444922084753897e-10
01050002924,010-5000-2924,original,1.0000000006626644,56,1.1481908393019253e-10
01050002924,010-5000-2924,original,1.0000000006626644,57,-3.8967496209011775e-11
01050002924,010-5000-2924,original,1.0000000006626644,58,-9.629138995563333e-11
01050002924,010-5000-2924,original,1.0000000006626644,59,1.7110366548789873e-11
01050002924,010-5000-2924,original,1.0000000006626644,60,8.97242958588927e-11
01050002924,010-5000-2924,original,1.0000000006626644,61,-1.2712463202771325e-10
01050002924,010-5000-2924,original,1.0000000006626644,62,-1.012174191939835e-10
01050002924,010-5000-2924,original,1.0000000006626644,63,5.937240660567535e-11
01050002924,010-5000-2924,original,1.0000000006626644,64,3.5085839998861497e-10
01050002924,010-5000-2924,original,1.0000000006626644,65,-3.3050306489790017e-11
01050002924,010-5000-2924,original,1.0000000006626644,66,2.2700984865412542e-10
01050002924,010-5000-2924,original,1.0000000006626644,67,2.7343985758959263e-10
01050002924,010-5000-2924,original,1.0000000006626644,68,-4.5856009749886995e-11
01050002924,010-5000-2924,original,1.0000000006626644,69,-2.4037351215660908e-11
01050002924,010-5000-2924,original,1.0000000006626644,70,8.448645881061598e-11
01050002924,010-5000-2924,original,1.0000000006626644,71,1.3941102804376154e-10
01050002924,010-5000-2924,original,1.0000000006626644,72,4.181887927162181e-12
01050002924,010-5000-2924,original,1.0000000006626644,73,5.604996917803862e-11
01050002924,010-5000-2924,original,1.0000000006626644,74,-3.088923349731485e-11
01050002924,010-5000-2924,original,1.0000000006626644,75,1.6977317595779972e-10
01050002924,010-5000-2924,original,1.0000000006626644,76,-1.083110133591317e-10
01050002924,010-5000-2924,original,1.0000000006626644,77,-4.669898031487126e-11
01050002924,010-5000-2924,original,1.0000000006626644,78,2.962204104945751e-10
01050002924,010-5000-2924,original,1.0000000006626644,79,2.9251463986803806e-10
01050002924,010-5000-2924,original,1.0000000006626644,80,-1.310689160330374e-10
01050002924,010-5000-2924,original,1.0000000006626644,81,-1.9244719143063682e-10
01050002924,010-5000-2924,original,1.0000000006626644,82,3.185935476025413e-10
01050002924,010-5000-2924,original,1.0000000006626644,83,-1.912587006773588e-11
01050002924,010-5000-2924,original,1.0000000006626644,84,2.7774961321473314e-11
01050002924,010-5000-2924,original,1.0000000006626644,85,-5.6402511093270407e-11
01050002924,010-5000-2924,original,1.0000000006626644,86,-6.1237993347082e-11
01050002924,010-5000-2924,original,1.0000000006626644,87,3.719160991724062e-11
01050002924,010-5000-2924,original,1.0000000006626644,88,3.490593737007104e-11
01050002924,010-5000-2924,original,1.0000000006626644,89,-1.1682306893738455e-10
01050002924,010-5000-2924,original,1.0000000006626644,90,-4.613428338697143e-11
01050002924,010-5000-2924,original,1.0000000006626644,91,-2.349293302093483e-10
01050002924,010-5000-2924,original,1.0000000006626644,92,2.60210311046919e-10
01050002924,010-5000-2924,original,1.0000000006626644,93,4.2181781146879215e-11
01050002924,010-5000-2924,original,1.0000000006626644,94,-1.3226086472411497e-10
01050002924,010-5000-2924,original,1.0000000006626644,95,-9.034729576091376e-11
01050002924,010-5000-2924,original,1.0000000006626644,96,-4.527974783732905e-11
01050002924,010-5000-2924,original,1.0000000006626644,97,1.686640576809535e-10
01050002924,010-5000-2924,original,1.0000000006626644,98,5.706725429570155e-11
01050002924,010-5000-2924,original,1.0000000006626644,99,-2.5689730906287697e-12
01050002924,010-5000-2924,original,1.0000000006626644,100,1.7662486193927978e-10
01050002924,010-5000-2924,original,1.0000000006626644,101,8.28424278864811e-11
01050002924,010-5000-2924,original,1.0000000006626644,102,4.609517590751413e-12
01050002924,010-5000-2924,original,1.0000000006626644,103,1.628514971103518e-10
01050002924,010-5000-2924,original,1.0000000006626644,104,-2.9711543942591097e-10
01050002924,010-5000-2924,original,1.0000000006626644,105,1.6015123070434895e-10
01050002924,010-5000-2924,original,1.0000000006626644,106,7.406116731366409e-11
01050002924,010-5000-2924,original,1.0000000006626644,107,6.47207407394176e-11
01050002924,010-5000-2924,original,1.0000000006626644,108,-1.1864758248507578e-10
01050002924,010-5000-2924,original,1.0000000006626644,109,9.37602242334809e-11
01050002924,010-5000-2924,original,1.0000000006626644,110,1.976871333973349e-10
01050002924,010-5000-2924,original,1.0000000006626644,111,8.117337829969874e-11
01050002924,010-5000-2924,original,1.0000000006626644,112,-2.1088849303066926e-10
01050002924,010-5000-2924,original,1.0000000006626644,113,2.193899494587492e-12
01050002924,010-5000-2924,original,1.0000000006626644,114,-2.4391083181058753e-10
01050002924,010-5000-2924,original,1.0000000006626644,115,1.3049614923714373e-11
01050002924,010-5000-2924,original,1.0000000006626644,116,-5.7341842720874975e-11
01050002924,010-5000-2924,original,1.0000000006626644,117,2.1151966957190804e-10
01050002924,010-5000-2924,original,1.0000000006626644,118,-2.5736995283251034e-11
01050002924,010-5000-2924,original,1.0000000006626644,119,-1.4058893464484942e-10
01050002924,010-5000-2924,original,1.0000000006626644,120,-6.998415372744423e-12
01050002924,010-5000-2924,original,1.0000000006626644,121,-1.7865400138942296e-11
01050002924,010-5000-2924,original,1.0000000006626644,122,-1.2960294640990887e-10
01050002924,010-5000-2924,original,1.0000000006626644,123,-3.403525698657662e-11
01050002924,010-5000-2924,original,1.0000000006626644,124,1.2745986833585556e-10
01050002924,010-5000-2924,original,1.0000000006626644,125,4.789200696508419e-10
01050002924,010-5000-2924,original,1.0000000006626644,126,-1.3340878130292607e-10
01050002924,010-5000-2924,original,1.0000000006626644,127,6.317312818314768e-11
01050002924,010-5000-2924,original,1.0000000006626644,128,2.056709335267225e-10
01050002924,010-5000-2924,original,1.0000000006626644,129,4.528982662245458e-11
01050002924,010-5000-2924,original,1.0000000006626644,130,5.0980332099138655e-12
01050002924,010-5000-2924,original,1.0000000006626644,131,-2.0632498718907744e-10
01050002924,010-5000-2924,original,1.0000000006626644,132,-1.2982667493946035e-11
01050002924,010-5000-2924,original,1.0000000006626644,133,-1.5048608416183443e-10
01050002924,010-5000-2924,original,1.0000000006626644,134,-1.2402834052536312e-10
01050002924,010-5000-2924,original,1.0000000006626644,135,1.663919423504894e-10
01050002924,010-5000-2924,original,1.0000000006626644,136,2.869733396663474e-11
01050002924,010-5000-2924,original,1.0000000006626644,137,1.5029701619377088e-10
01050002924,010-5000-2924,original,1.0000000006626644,138,-2.613854524989791e-10
01050002924,010-5000-2924,original,1.0000000006626644,139,8.330720697210669e-11
01050002924,010-5000-2924,original,1.0000000006626644,140,4.98124814779471e-11
01050002924,010-5000-2924,original,1.0000000006626644,141,2.2879375766845513e-10
01050002924,010-5000-2924,original,1.0000000006626644,142,0.9999996171540844
01050002924,010-5000-2924,original,1.0000000006626644,143,0.9999996915953395
01050002924,010-5000-2924,original,1.0000000006626644,144,0.9999996888614895
01050002924,010-5000-2924,original,1.0000000006626644,145,0.9999996871741565
01050002924,010-5000-2924,original,1.0000000006626644,146,0.9999996921572822
01050002924,010-5000-2924,original,1.0000000006626644,147,0.9999996989665887
01050002924,010-5000-2924,original,1.0000000006626644,148,0.99999968342866
01050002924,010-5000-2924,original,1.0000000006626644,149,0.9999996824726372
01050002924,010-5000-2924,original,1.0000000006626644,150,-5.682817979037641e-11
01050002924,010-5000-2924,original,1.0000000006626644,151,8.264633517968187e-11
01050002924,010-5000-2924,original,1.0000000006626644,152,4.648326883414903e-10
01050002924,010-5000-2924,original,1.0000000006626644,153,1.489736944353887e-10
01050002924,010-5000-2924,original,1.0000000006626644,154,-1.143326804130103e-12
01050002924,010-5000-2924,original,1.0000000006626644,155,2.8248162604187797e-10
01050002924,010-5000-2924,original,1.0000000006626644,156,0.9999996941006779
01050002924,010-5000-2924,original,1.0000000006626644,157,-3.058780718505054e-11
01050002924,010-5000-2924,original,1.0000000006626644,158,-1.7466506706181296e-11
01050002924,010-5000-2924,original,1.0000000006626644,159,-1.471319840227666e-10
01050002924,010-5000-2924,original,1.0000000006626644,160,0.999999690627753
01050002924,010-5000-2924,original,1.0000000006626644,161,-3.252917580646327e-12
01050002924,010-5000-2924,original,1.0000000006626644,162,-1.0342278868918688e-10
01050002924,010-5000-2924,original,1.0000000006626644,163,0.9999996922496053
01050002924,010-5000-2924,original,1.0000000006626644,164,0.9999996870811528
01050002924,010-5000-2924,original,1.0000000006626644,165,4.855297606221037e-11
01050002924,010-5000-2924,original,1.0000000006626644,166,1.7016533515963502e-10
01050002924,010-5000-2924,original,1.0000000006626644,167,-1.5701811394330778e-10
01050002924,010-5000-2924,original,1.0000000006626644,168,3.6598915150643945e-11
01050002924,010-5000-2924,original,1.0000000006626644,169,-1.0398398721368296e-10
01050002924,010-5000-2924,original,1.0000000006626644,170,1.430174370575326e-10
01050002924,010-5000-2924,original,1.0000000006626644,171,1.9941672003762818e-10
01050002924,010-5000-2924,original,1.0000000006626644,172,3.0266941506798156e-11
01050002924,010-5000-2924,original,1.0000000006626644,173,1.9719160626401075e-10
01050002924,010-5000-2924,original,1.0000000006626644,174,1.6482492274033597e-11
01050002924,010-5000-2924,original,1.0000000006626644,175,1.8050245192638337e-10
01050002924,010-5000-2924,original,1.0000000006626644,176,2.685348184854048e-12
01050002924,010-5000-2924,original,1.0000000006626644,177,5.74633125889976e-11
01050002924,010-5000-2924,original,1.0000000006626644,178,-2.857601083670135e-11
01050002924,010-5000-2924,original,1.0000000006626644,179,-6.140851434810449e-11
01050002924,010-5000-2924,original,1.0000000006626644,180,6.452315640381567e-11
01050002924,010-5000-2924,original,1.0000000006626644,181,-3.1972954200282275e-10
01050002924,010-5000-2924,original,1.0000000006626644,182,2.5805356712688304e-10
01050002924,010-5000-2924,original,1.0000000006626644,183,-2.0375485418461316e-10
01050002924,010-5000-2924,original,1.0000000006626644,184,-1.1326269585934564e-10
01050002924,010-5000-2924,original,1.0000000006626644,185,-3.032003784149033e-11
01050002924,010-5000-2924,original,1.0000000006626644,186,-6.816085458112146e-12
01050002924,010-5000-2924,original,1.0000000006626644,187,1.1759347968474289e-11
01050002924,010-5000-2924,original,1.0000000006626644,188,1.4681247200917476e-12
01050002924,010-5000-2924,original,1.0000000006626644,189,-6.408107699038297e-11
01050002924,010-5000-2924,original,1.0000000006626644,190,-4.016390956295503e-11
01050002924,010-5000-2924,original,1.0000000006626644,191,-6.111872340269754e-11
01050002924,010-5000-2924,original,1.0000000006626644,192,-1.9216928718936042e-11
01050002924,010-5000-2924,original,1.0000000006626644,193,6.269217357769297e-11
01050002924,010-5000-2924,original,1.0000000006626644,194,2.8263301950246076e-11
01050002924,010-5000-2924,original,1.0000000006626644,195,1.9445463821440944e-10
01050002924,010-5000-2924,original,1.0000000006626644,196,-1.3955680875437853e-10
01050002924,010-5000-2924,original,1.0000000006626644,197,1.9044223739814207e-10
01050002924,010-5000-2924,original,1.0000000006626644,198,-2.457745048403893e-10
01050002924,010-5000-2924,original,1.0000000006626644,199,-2.462650069833069e-10
01050002924,010-5000-2924,original,1.0000000006626644,200,-9.711694816476488e-12
01050002924,010-5000-2924,original,1.0000000006626644,201,1.0051731419592734e-11
01050002924,010-5000-2924,original,1.0000000006626644,202,-3.095080254899111e-10
01050002924,010-5000-2924,original,1.0000000006626644,203,5.0557320774020166e-11
01050002925,010-5000-2925,"one digit, last group",2.0040461587251035e-10,0,8.862206102535482e-12
01050002925,010-5000-2925,"one digit, last group",2.0040461587251035e-10,1,7.124442804893378e-11
01050002925,010-5000-2925,"one digit, last group",2.0040461587251035e-10,2,6.921660007924564e-11
01050002925,010-5000-2925,"one digit, last group",2.0040461587251035e-10,3,-7.077072323931805e-11
01050002925,010-5000-2925,"one digit, last group",2.0040461587251035e-10,4,-2.294493587824478e-10
01050002925,010-5000-2925,"one digit, last group",2.0040461587251035e-10,5,-3.568261275043145e-10
01050002925,010-5000-2925,"one digit, last group",2.0040461587251035e-10,6,-3.8149551054779104e-11
01050002925,010-5000-2925,"one digit, last group",2.0040461587251035e-10,7,1.1140043984067294e-10
01050002925,010-5000-2925,"one digit, last group",2.0040461587251035e-10,8,-1.8439459373646866e-10
01050002925,010-5000-2925,"one digit, last group",2.0040461587251035e-10,9,1.9030594547050474e-11
01050002925,010-5000-2925,"one digit, last group",2.0040461587251035e-10,10,1.822985267115706e-11
01050002925,010-5000-2925,"one digit, last group",2.0040461587251035e-10,11,6.821833002876335e-11
01050002925,010-5000-2925,"one digit, last group",2.0040461587251035e-10,12,-1.3047002716688181e-10
01050002925,010-5000-2925,"one digit, last group",2.0040461587251035e-10,13,-2.0137185214759116e-10
01050002925,010-5000-2925,"one digit, last group",2.0040461587251035e-10,14,-1.5078670358304885e-11
01050002925,010-5000-2925,"one digit, last group",2.0040461587251035e-10,15,-3.262585365196999e-11
01050002925,010-5000-2925,"one digit, last group",2.0040461587251035e-10,16,-1.5933283891529554e-10
01050002925,010-5000-2925,"one digit, last group",2.0040461587251035e-10,17,-4.1383520902461887e-10
01050002925,010-5000-2925,"one digit, last group",2.0040461587251035e-10,18,-9.948879061553854e-11
01050002925,010-5000-2925,"one digit, last group",2.0040461587251035e-10,19,1.5805313687283372e-11
01050002925,010-5000-2925,"one digit, last group",2.0040461587251035e-10,20,1.0554704681121949e-10
01050002925,010-5000-2925,"one digit, last group",2.0040461587251035e-10,21,-1.499595777417055e-10
01050002925,010-5000-2925,"one digit, last group",2.0040461587251035e-10,22,6.959776120159567e-11
01050002925,010-5000-2925,"one digit, last group",2.0040461587251035e-10,23,6.125348217461373e-11
01050002925,010-5000-2925,"one digit, last group",2.0040461587251035e-10,24,4.721568972420897e-11
01050002925,010-5000-2925,"one digit, last group",2.0040461587251035e-10,25,1.310882358973601e-10
01050002925,010-5000-2925,"one digit, last group",2.0040461587251035e-10,26,8.761510705570148e-11
01050002925,010-5000-2925,"one digit, last group",2.0040461587251035e-10,27,-1.5426550070299605e-10
01050002925,010-5000-2925,"one digit, last group",2.0040461587251035e-10,28,2.121607889359836e-11
01050002925,010-5000-2925,"one digit, last group",2.0040461587251035e-10,29,-7.788277646547996e-11
01050002925,010-5000-2925,"one digit, last group",2.0040461587251035e-10,30,4.078409457547776e-13
01050002925,010-5000-2925,"one digit, last group",2.0040461587251035e-10,31,-3.651552989971719e-10
01050002925,010-5000-2925,"one digit, last group",2.0040461587251035e-10,32,-1.3363820289953606e-10
01050002925,010-5000-2925,"one digit, last group",2.0040461587251035e-10,33,-3.711350926669171e-10
01050002925,010-5000-2925,"one digit, last group",2.0040461587251035e-10,34,-2.6832251790992983e-10
01050002925,010-5000-2925,"one digit, last group",2.0040461587251035e-10,35,-2.189927361308242e-11
01050002925,010-5000-2925,"one digit, last group",2.0040461587251035e-10,36,-1.3944824609950668e-10
01050002925,010-5000-2925,"one digit, last group",2.0040461587251035e-10,37,8.039227603141324e-12
01050002925,010-5000-2925,"one digit, last group",2.0040461587251035e-10,38,7.144473998245728e-11
01050002925,010-5000-2925,"one digit, last group",2.0040461587251035e-10,39,5.3750245382655756e-11
01050002925,010-5000-2925,"one digit, last group",2.0040461587251035e-10,40,3.2944901364120963e-10
01050002925,010-5000-2925,"one digit, last group",2.0040461587251035e-10,41,4.9908953367386345e-11
01050002925,010-5000-2925,"one digit, last group",2.0040461587251035e-10,42,-3.4929651455958886e-11
01050002925,010-5000-2925,"one digit, last group",2.0040461587251035e-10,43,3.408959817512866e-11
01050002925,010-5000-2925,"one digit, last group",2.0040461587251035e-10,44,2.89666827685546e-11
01050002925,010-5000-2925,"one digit, last group",2.0040461587251035e-10,45,-2.6332895255362008e-11
01050002925,010-5000-2925,"one digit, last group",2.0040461587251035e-10,46,1.2254303037432578e-12
01050002925,010-5000-2925,"one digit, last group",2.0040461587251035e-10,47,-6.995171083652037e-11
01050002925,010-5000-2925,"one digit, last group",2.0040461587251035e-10,48,1.3159254557799144e-10
01050002925,010-5000-2925,"one digit, last group",2.0040461587251035e-10,49,-3.2487223696230926e-10
01050002925,010-5000-2925,"one digit, last group",2.0040461587251035e-10,50,1.2662335057542872e-10
01050002925,010-5000-2925,"one digit, last group",2.0040461587251035e-10,51,-1.0459641346143725e-10
01050002925,010-5000-2925,"one digit, last group",2.0040461587251035e-10,52,-2.6878964106215787e-10
01050002925,010-5000-2925,"one digit, last group",2.0040461587251035e-10,53,4.4673862152199804e-11
01050002925,010-5000-2925,"one digit, last group",2.0040461587251035e-10,54,5.196916041067585e-11
01050002925,010-5000-2925,"one digit, last group",2.0040461587251035e-10,55,-7.528073120423313e-11
01050002925,010-5000-2925,"one digit, last group",2.0040461587251035e-10,56,-6.86251244165164e-11
01050002925,010-5000-2925,"one digit, last group",2.0040461587251035e-10,57,-7.24016509543047e-11
01050002925,010-5000-2925,"one digit, last group",2.0040461587251035e-10,58,-8.169494148474882e-11
01050002925,010-5000-2925,"one digit, last group",2.0040461587251035e-10,59,-5.063722149176966e-11
01050002925,010-5000-2925,"one digit, last group",2.0040461587251035e-10,60,-7.078284106959222e-11
01050002925,010-5000-2925,"one digit, last group",2.0040461587251035e-10,61,5.0443145578403286e-12
01050002925,010-5000-2925,"one digit, last group",2.0040461587251035e-10,62,-1.3905499459363576e-10
01050002925,010-5000-2925,"one digit, last group",2.0040461587251035e-10,63,-2.069920956753692e-10
01050002925,010-5000-2925,"one digit, last group",2.0040461587251035e-10,64,7.989895571660427e-11
01050002925,010-5000-2925,"one digit, last group",2.0040461587251035e-10,65,-5.7124040528633434e-11
01050002925,010-5000-2925,"one digit, last group",2.0040461587251035e-10,66,-3.0601573822616685e-10
01050002925,010-5000-2925,"one digit, last group",2.0040461587251035e-10,67,8.54487908996451e-11
01050002925,010-5000-2925,"one digit, last group",2.0040461587251035e-10,68,-1.0694231648525257e-10
01050002925,010-5000-2925,"one digit, last group",2.0040461587251035e-10,69,-1.7006833056493007e-10
01050002925,010-5000-2925,"one digit, last group",2.0040461587251035e-10,70,1.1662180526629876e-10
01050002925,010-5000-2925,"one digit, last group",2.0040461587251035e-10,71,6.590473947880041e-11
01050002925,010-5000-2925,"one digit, last group",2.0040461587251035e-10,72,1.5136899971294654e-11
01050002925,010-5000-2925,"one digit, last group",2.0040461587251035e-10,73,-5.224899804019173e-11
01050002925,010-5000-2925,"one digit, last group",2.0040461587251035e-10,74,-1.878051055494398e-10
01050002925,010-5000-2925,"one digit, last group",2.0040461587251035e-10,75,-3.119173081036517e-11
01050002925,010-5000-2925,"one digit, last group",2.0040461587251035e-10,76,5.442811703219384e-11
01050002925,010-5000-2925,"one digit, last group",2.0040461587251035e-10,77,-6.127381144360243e-11
01050002925,010-5000-2925,"one digit, last group",2.0040461587251035e-10,78,8.024439220944429e-11
01050002925,010-5000-2925,"one digit, last group",2.0040461587251035e-10,79,4.785849136442275e-11
01050002925,010-5000-2925,"one digit, last group",2.0040461587251035e-10,80,-5.1526792791616905e-11
01050002925,010-5000-2925,"one digit, last group",2.0040461587251035e-10,81,-4.30141636801788e-12
01050002925,010-5000-2925,"one digit, last group",2.0040461587251035e-10,82,2.5538702424954914e-10
01050002925,010-5000-2925,"one digit, last group",2.0040461587251035e-10,83,-1.3626205550677976e-12
01050002925,010-5000-2925,"one digit, last group",2.0040461587251035e-10,84,-4.626396623217359e-12
01050002925,010-5000-2925,"one digit, last group",2.0040461587251035e-10,85,-1.6594961843846782e-11
01050002925,010-5000-2925,"one digit, last group",2.0040461587251035e-10,86,-1.3286462606801572e-10
01050002925,010-5000-2925,"one digit, last group",2.0040461587251035e-10,87,1.8340495744736026e-10
01050002925,010-5000-2925,"one digit, last group",2.0040461587251035e-10,88,2.0123822058962365e-11
01050002925,010-5000-2925,"one digit, last group",2.0040461587251035e-10,89,1.778123429844098e-11
01050002925,010-5000-2925,"one digit, last group",2.0040461587251035e-10,90,6.914283627193665e-11
01050002925,010-5000-2925,"one digit, last group",2.0040461587251035e-10,91,-2.5740709921723935e-10
01050002925,010-5000-2925,"one digit, last group",2.0040461587251035e-10,92,-1.1890957883716947e-10
01050002925,010-5000-2925,"one digit, last group",2.0040461587251035e-10,93,-1.0648867220760814e-11
01050002925,010-5000-2925,"one digit, last group",2.0040461587251035e-10,94,-7.48768023022236e-11
01050002925,010-5000-2925,"one digit, last group",2.0040461587251035e-10,95,7.815379661618058e-11
01050002925,010-5000-2925,"one digit, last group",2.0040461587251035e-10,96,-1.0605424334950321e-10
01050002925,010-5000-2925,"one digit, last group",2.0040461587251035e-10,97,-3.4411885872934505e-10
01050002925,010-5000-2925,"one digit, last group",2.0040461587251035e-10,98,1.0523350482651864e-10
01050002925,010-5000-2925,"one digit, last group",2.0040461587251035e-10,99,-6.752003773833953e-12
01050002925,010-5000-2925,"one digit, last group",2.0040461587251035e-10,100,9.042229163762263e-11
01050002925,010-5000-2925,"one digit, last group",2.0040461587251035e-10,101,7.46760823893802e-11
01050002925,010-5000-2925,"one digit, last group",2.0040461587251035e-10,102,-1.7235813624647622e-10
01050002925,010-5000-2925,"one digit, last group",2.0040461587251035e-10,103,6.631096471931194e-10
01050002925,010-5000-2925,"one digit, last group",2.0040461587251035e-10,104,-2.3430375984650176e-10
01050002925,010-5000-2925,"one digit, last group",2.0040461587251035e-10,105,-3.2483159962197176e-11
01050002925,010-5000-2925,"one digit, last group",2.0040461587251035e-10,106,-8.056013489372046e-11
01050002925,010-5000-2925,"one digit, last group",2.0040461587251035e-10,107,4.074576654557933e-11
01050002925,010-5000-2925,"one digit, last group",2.0040461587251035e-10,108,4.5003290131787196e-11
01050002925,010-5000-2925,"one digit, last group",2.0040461587251035e-10,109,-1.9362424226093134e-10
01050002925,010-5000-2925,"one digit, last group",2.0040461587251035e-10,110,-4.4539501594542216e-11
01050002925,010-5000-2925,"one digit, last group",2.0040461587251035e-10,111,-3.130463871922356e-10
01050002925,010-5000-2925,"one digit, last group",2.0040461587251035e-10,112,1.0055556199090257e-10
01050002925,010-5000-2925,"one digit, last group",2.0040461587251035e-10,113,-1.6582384222544884e-11
01050002925,010-5000-2925,"one digit, last group",2.0040461587251035e-10,114,5.935275692701835e-11
01050002925,010-5000-2925,"one digit, last group",2.0040461587251035e-10,115,3.568671889661348e-11
01050002925,010-5000-2925,"one digit, last group",2.0040461587251035e-10,116,8.818674927580061e-11
01050002925,010-5000-2925,"one digit, last group",2.0040461587251035e-10,117,1.3617398047697959e-11
01050002925,010-5000-2925,"one digit, last group",2.0040461587251035e-10,118,4.9933696088149093e-11
01050002925,010-5000-2925,"one digit, last group",2.0040461587251035e-10,119,1.5693822985274663e-10
01050002925,010-5000-2925,"one digit, last group",2.0040461587251035e-10,120,-3.13079423082747e-11
01050002925,010-5000-2925,"one digit, last group",2.0040461587251035e-10,121,-1.379322206088243e-10
01050002925,010-5000-2925,"one digit, last group",2.0040461587251035e-10,122,4.734035111394933e-11
01050002925,010-5000-2925,"one digit, last group",2.0040461587251035e-10,123,1.3235915098515035e-11
01050002925,010-5000-2925,"one digit, last group",2.0040461587251035e-10,124,-3.3976359204664754e-10
01050002925,010-5000-2925,"one digit, last group",2.0040461587251035e-10,125,-6.099557572838765e-11
01050002925,010-5000-2925,"one digit, last group",2.0040461587251035e-10,126,-5.4529686970833145e-11
01050002925,010-5000-2925,"one digit, last group",2.0040461587251035e-10,127,1.3260282962498493e-10
01050002925,010-5000-2925,"one digit, last group",2.0040461587251035e-10,128,2.8194329827539623e-10
01050002925,010-5000-2925,"one digit, last group",2.0040461587251035e-10,129,8.427448497542867e-12
01050002925,010-5000-2925,"one digit, last group",2.0040461587251035e-10,130,1.1559241692365518e-10
01050002925,010-5000-2925,"one digit, last group",2.0040461587251035e-10,131,1.9857959589955282e-10
01050002925,010-5000-2925,"one digit, last group",2.0040461587251035e-10,132,3.099365679308427e-11
01050002925,010-5000-2925,"one digit, last group",2.0040461587251035e-10,133,-3.384701454310146e-11
01050002925,010-5000-2925,"one digit, last group",2.0040461587251035e-10,134,-8.413392298917453e-11
01050002925,010-5000-2925,"one digit, last group",2.0040461587251035e-10,135,-1.0349317244389299e-11
01050002925,010-5000-2925,"one digit, last group",2.0040461587251035e-10,136,2.2356404840768378e-11
01050002925,010-5000-2925,"one digit, last group",2.0040461587251035e-10,137,-5.4919735022317325e-11
01050002925,010-5000-2925,"one digit, last group",2.0040461587251035e-10,138,-1.5594091087018067e-10
01050002925,010-5000-2925,"one digit, last group",2.0040461587251035e-10,139,-1.1738326567740538e-11
01050002925,010-5000-2925,"one digit, last group",2.0040461587251035e-10,140,-4.013901119763256e-10
01050002925,010-5000-2925,"one digit, last group",2.0040461587251035e-10,141,-7.727286707172415e-11
01050002925,010-5000-2925,"one digit, last group",2.0040461587251035e-10,142,6.528934755647317e-09
01050002925,010-5000-2925,"one digit, last group",2.0040461587251035e-10,143,7.750707516215574e-09
01050002925,010-5000-2925,"one digit, last group",2.0040461587251035e-10,144,-1.3668318110836338e-09
01050002925,010-5000-2925,"one digit, last group",2.0040461587251035e-10,145,4.0340733614253136e-10
01050002925,010-5000-2925,"one digit, last group",2.0040461587251035e-10,146,-1.22234901624484e-08
01050002925,010-5000-2925,"one digit, last group",2.0040461587251035e-10,147,-4.03333062982844e-09
01050002925,010-5000-2925,"one digit, last group",2.0040461587251035e-10,148,-1.398261536297578e-09
01050002925,010-5000-2925,"one digit, last group",2.0040461587251035e-10,149,-6.878690042301186e-09
01050002925,010-5000-2925,"one digit, last group",2.0040461587251035e-10,150,-1.7933810701816938e-10
01050002925,010-5000-2925,"one digit, last group",2.0040461587251035e-10,151,-1.476011924565279e-10
01050002925,010-5000-2925,"one digit, last group",2.0040461587251035e-10,152,-1.8150380456862607e-10
01050002925,010-5000-2925,"one digit, last group",2.0040461587251035e-10,153,2.593708535071529e-10
01050002925,010-5000-2925,"one digit, last group",2.0040461587251035e-10,154,-1.0878345522851477e-11
01050002925,010-5000-2925,"one digit, last group",2.0040461587251035e-10,155,-2.2119687253158098e-10
01050002925,010-5000-2925,"one digit, last group",2.0040461587251035e-10,156,-4.037286293164968e-09
01050002925,010-5000-2925,"one digit, last group",2.0040461587251035e-10,157,1.3268639661616464e-12
01050002925,010-5000-2925,"one digit, last group",2.0040461587251035e-10,158,-1.1169724983845756e-10
01050002925,010-5000-2925,"one digit, last group",2.0040461587251035e-10,159,1.8966379222036897e-10
01050002925,010-5000-2925,"one digit, last group",2.0040461587251035e-10,160,1.0989515426181256e-08
01050002925,010-5000-2925,"one digit, last group",2.0040461587251035e-10,161,-4.3876602521001464e-11
01050002925,010-5000-2925,"one digit, last group",2.0040461587251035e-10,162,1.3299972103532095e-11
01050002925,010-5000-2925,"one digit, last group",2.0040461587251035e-10,163,-1.3782647833499652e-08
01050002925,010-5000-2925,"one digit, last group",2.0040461587251035e-10,164,1.909836501469609e-09
01050002925,010-5000-2925,"one digit, last group",2.0040461587251035e-10,165,-2.386907198338248e-10
01050002925,010-5000-2925,"one digit, last group",2.0040461587251035e-10,166,-8.737743666178097e-11
01050002925,010-5000-2925,"one digit, last group",2.0040461587251035e-10,167,-9.087337349726731e-11
01050002925,010-5000-2925,"one digit, last group",2.0040461587251035e-10,168,2.5956097847392177e-10
01050002925,010-5000-2925,"one digit, last group",2.0040461587251035e-10,169,-1.2114379774339318e-10
01050002925,010-5000-2925,"one digit, last group",2.0040461587251035e-10,170,-6.544373899681365e-11
01050002925,010-5000-2925,"one digit, last group",2.0040461587251035e-10,171,-7.693538766797944e-11
01050002925,010-5000-2925,"one digit, last group",2.0040461587251035e-10,172,3.09838108212828e-11
01050002925,010-5000-2925,"one digit, last group",2.0040461587251035e-10,173,-7.380034816729733e-11
01050002925,010-5000-2925,"one digit, last group",2.0040461587251035e-10,174,-3.5611281575765835e-11
01050002925,010-5000-2925,"one digit, last group",2.0040461587251035e-10,175,2.6624108838813016e-10
01050002925,010-5000-2925,"one digit, last group",2.0040461587251035e-10,176,-6.845064336051405e-12
01050002925,010-5000-2925,"one digit, last group",2.0040461587251035e-10,177,2.98480721039013e-10
01050002925,010-5000-2925,"one digit, last group",2.0040461587251035e-10,178,8.284065806151282e-11
01050002925,010-5000-2925,"one digit, last group",2.0040461587251035e-10,179,3.4793042791219945e-10
01050002925,010-5000-2925,"one digit, last group",2.0040461587251035e-10,180,-5.758959530619732e-11
01050002925,010-5000-2925,"one digit, last group",2.0040461587251035e-10,181,3.079276621222531e-10
01050002925,010-5000-2925,"one digit, last group",2.0040461587251035e-10,182,2.229672335768009e-10
01050002925,010-5000-2925,"one digit, last group",2.0040461587251035e-10,183,-9.874993567334732e-11
01050002925,010-5000-2925,"one digit, last group",2.0040461587251035e-10,184,6.176454460099493e-11
01050002925,010-5000-2925,"one digit, last group",2.0040461587251035e-10,185,-4.873722270316962e-11
01050002925,010-5000-2925,"one digit, last group",2.0040461587251035e-10,186,-4.7248030287781704e-11
01050002925,010-5000-2925,"one digit, last group",2.0040461587251035e-10,187,1.4104529173281652e-12
01050002925,010-5000-2925,"one digit, last group",2.0040461587251035e-10,188,2.1981469278198009e-10
01050002925,010-5000-2925,"one digit, last group",2.0040461587251035e-10,189,8.482777017946774e-11
01050002925,010-5000-2925,"one digit, last group",2.0040461587251035e-10,190,9.879184264547198e-11
01050002925,010-5000-2925,"one digit, last group",2.0040461587251035e-10,191,-7.389023820461552e-11
01050002925,010-5000-2925,"one digit, last group",2.0040461587251035e-10,192,-5.991199853709038e-11
01050002925,010-5000-2925,"one digit, last group",2.0040461587251035e-10,193,4.491328126325848e-11
01050002925,010-5000-2925,"one digit, last group",2.0040461587251035e-10,194,5.110228035575718e-12
01050002925,010-5000-2925,"one digit, last group",2.0040461587251035e-10,195,1.368207201769063e-10
01050002925,010-5000-2925,"one digit, last group",2.0040461587251035e-10,196,-1.681608419174344e-11
01050002925,010-5000-2925,"one digit, last group",2.0040461587251035e-10,197,7.330139047612478e-11
01050002925,010-5000-2925,"one digit, last group",2.0040461587251035e-10,198,-2.0497912082509308e-10
01050002925,010-5000-2925,"one digit, last group",2.0040461587251035e-10,199,1.5906928655021238e-10
01050002925,010-5000-2925,"one digit, last group",2.0040461587251035e-10,200,1.302168730991451e-10
01050002925,010-5000-2925,"one digit, last group",2.0040461587251035e-10,201,-2.538772540829385e-11
01050002925,010-5000-2925,"one digit, last group",2.0040461587251035e-10,202,4.3231613535844715e-10
01050002925,010-5000-2925,"one digit, last group",2.0040461587251035e-10,203,2.8170272533692375e-11
01051009080,010-5100-9080,original,1.0000000005278193,0,-1.2304944560081583e-10
01051009080,010-5100-9080,original,1.0000000005278193,1,9.104614232086284e-11
01051009080,010-5100-9080,original,1.0000000005278193,2,1.0996777226265904e-10
01051009080,010-5100-9080,original,1.0000000005278193,3,-1.149690899264798e-10
01051009080,010-5100-9080,original,1.0000000005278193,4,-1.5102418175277304e-10
01051009080,010-5100-9080,original,1.0000000005278193,5,5.2675594512714663e-11
01051009080,010-5100-9080,original,1.0000000005278193,6,-2.1421460585366763e-10
01051009080,010-5100-9080,original,1.0000000005278193,7,-9.598547847974786e-11
01051009080,010-5100-9080,original,1.0000000005278193,8,-1.7212511344246004e-10
01051009080,010-5100-9080,original,1.0000000005278193,9,3.8369513126452744e-11
01051009080,010-5100-9080,original,1.0000000005278193,10,2.0663538872472977e-12
01051009080,010-5100-9080,original,1.0000000005278193,11,-5.102875876028251e-12
01051009080,010-5100-9080,original,1.0000000005278193,12,-1.3909605285319571e-10
01051009080,010-5100-9080,original,1.0000000005278193,13,2.5363088293516564e-10
01051009080,010-5100-9080,original,1.0000000005278193,14,5.477603239367075e-11
01051009080,010-5100-9080,original,1.0000000005278193,15,8.111137847746381e-11
01051009080,010-5100-9080,original,1.0000000005278193,16,-1.0746485866221466e-10
01051009080,010-5100-9080,original,1.0000000005278193,17,-3.756113039045057e-10
01051009080,010-5100-9080,original,1.0000000005278193,18,1.735747021942428e-11
01051009080,010-5100-9080,original,1.0000000005278193,19,-2.1039408862007534e-11
01051009080,010-5100-9080,original,1.0000000005278193,20,-1.7149545474228443e-10
01051009080,010-5100-9080,original,1.0000000005278193,21,2.3390948876776463e-10
01051009080,010-5100-9080,original,1.0000000005278193,22,7.038125298448391e-11
01051009080,010-5100-9080,original,1.0000000005278193,23,-9.1161192108391e-11
01051009080,010-5100-9080,original,1.0000000005278193,24,1.1994176898718794e-10
01051009080,010-5100-9080,original,1.0000000005278193,25,-1.195423145190925e-10
01051009080,010-5100-9080,original,1.0000000005278193,26,-5.702973477950084e-11
01051009080,010-5100-9080,original,1.0000000005278193,27,-2.6042406376888084e-11
01051009080,010-5100-9080,original,1.0000000005278193,28,1.775703336907691e-11
01051009080,010-5100-9080,original,1.0000000005278193,29,-2.0873312269129953e-11
01051009080,010-5100-9080,original,1.0000000005278193,30,-1.2532621312202744e-10
01051009080,010-5100-9080,original,1.0000000005278193,31,-1.6118187212194838e-11
01051009080,010-5100-9080,original,1.0000000005278193,32,-4.360535631936336e-11
01051009080,010-5100-9080,original,1.0000000005278193,33,1.3032405550773402e-10
01051009080,010-5100-9080,original,1.0000000005278193,34,-2.7304719872833734e-11
01051009080,010-5100-9080,original,1.0000000005278193,35,6.295777785793199e-11
01051009080,010-5100-9080,original,1.0000000005278193,36,2.3137193943444136e-11
01051009080,010-5100-9080,original,1.0000000005278193,37,1.0132064261090959e-10
01051009080,010-5100-9080,original,1.0000000005278193,38,-8.445765587221973e-11
01051009080,010-5100-9080,original,1.0000000005278193,39,-5.383387453297983e-11
01051009080,010-5100-9080,original,1.0000000005278193,40,1.3170894081491532e-10
01051009080,010-5100-9080,original,1.0000000005278193,41,8.782172559501103e-11
01051009080,010-5100-9080,original,1.0000000005278193,42,-9.307773022002015e-11
01051009080,010-5100-9080,original,1.0000000005278193,43,-2.0079371628257306e-12
01051009080,010-5100-9080,original,1.0000000005278193,44,-4.676321938774809e-11
01051009080,010-5100-9080,original,1.0000000005278193,45,1.1707289002209965e-10
01051009080,010-5100-9080,original,1.0000000005278193,46,-5.476431429495762e-11
01051009080,010-5100-9080,original,1.0000000005278193,47,-1.4711374910926137e-10
01051009080,010-5100-9080,original,1.0000000005278193,48,8.45466714626163e-11
01051009080,010-5100-9080,original,1.0000000005278193,49,1.3625852750632088e-10
01051009080,010-5100-9080,original,1.0000000005278193,50,1.7383908679941226e-10
01051009080,010-5100-9080,original,1.0000000005278193,51,1.5096905432485016e-11
01051009080,010-5100-9080,original,1.0000000005278193,52,-1.4845604603040357e-10
01051009080,010-5100-9080,original,1.0000000005278193,53,-2.045732946511928e-11
01051009080,010-5100-9080,original,1.0000000005278193,54,-4.614698617217301e-12
01051009080,010-5100-9080,original,1.0000000005278193,55,-5.732546373351619e-11
01051009080,010-5100-9080,original,1.0000000005278193,56,-5.5981005298413033e-11
01051009080,010-5100-9080,original,1.0000000005278193,57,-3.644437674462195e-11
01051009080,010-5100-9080,original,1.0000000005278193,58,1.6190136974194698e-11
01051009080,010-5100-9080,original,1.0000000005278193,59,-2.1131904833443703e-10
01051009080,010-5100-9080,original,1.0000000005278193,60,-2.4645378056399637e-11
01051009080,010-5100-9080,original,1.0000000005278193,61,-8.509573374485844e-12
01051009080,010-5100-9080,original,1.0000000005278193,62,1.0175672104993006e-10
01051009080,010-5100-9080,original,1.0000000005278193,63,-1.7526219877311701e-12
01051009080,010-5100-9080,original,1.0000000005278193,64,-1.8763985989027817e-10
01051009080,010-5100-9080,original,1.0000000005278193,65,5.978986870931982e-11
01051009080,010-5100-9080,original,1.0000000005278193,66,-1.1963993542641683e-10
01051009080,010-5100-9080,original,1.0000000005278193,67,-6.069582325221192e-12
01051009080,010-5100-9080,original,1.0000000005278193,68,-2.8887175564143485e-10
01051009080,010-5100-9080,original,1.0000000005278193,69,2.3385116547043095e-10
01051009080,010-5100-9080,original,1.0000000005278193,70,7.33262532397887e-12
01051009080,010-5100-9080,original,1.0000000005278193,71,-1.559728287303131e-10
01051009080,010-5100-9080,original,1.0000000005278193,72,-3.275290791753432e-12
01051009080,010-5100-9080,original,1.0000000005278193,73,3.426602762861221e-11
01051009080,010-5100-9080,original,1.0000000005278193,74,3.073753797645508e-10
01051009080,010-5100-9080,original,1.0000000005278193,75,-1.6512935957408061e-10
01051009080,010-5100-9080,original,1.0000000005278193,76,-9.275768388232346e-11
01051009080,010-5100-9080,original,1.0000000005278193,77,-3.5255247140660595e-11
01051009080,010-5100-9080,original,1.0000000005278193,78,5.419853242788564e-10
01051009080,010-5100-9080,original,1.0000000005278193,79,-1.0411113306258613e-10
01051009080,010-5100-9080,original,1.0000000005278193,80,2.9921958345532875e-11
01051009080,010-5100-9080,original,1.0000000005278193,81,5.7731304884486025e-11
01051009080,010-5100-9080,original,1.0000000005278193,82,-3.485341922380733e-11
01051009080,010-5100-9080,original,1.0000000005278193,83,-7.336591773328635e-11
01051009080,010-5100-9080,original,1.0000000005278193,84,-2.7840364474699975e-11
01051009080,010-5100-9080,original,1.0000000005278193,85,-3.6917408881430364e-11
01051009080,010-5100-9080,original,1.0000000005278193,86,4.1405970446869734e-10
01051009080,010-5100-9080,original,1.0000000005278193,87,1.505894678801821e-10
01051009080,010-5100-9080,original,1.0000000005278193,88,-4.2805511032126964e-11
01051009080,010-5100-9080,original,1.0000000005278193,89,8.215569857482493e-11
01051009080,010-5100-9080,original,1.0000000005278193,90,-5.0898699380596145e-11
01051009080,010-5100-9080,original,1.0000000005278193,91,-3.3272092545778305e-10
01051009080,010-5100-9080,original,1.0000000005278193,92,-2.592462593041333e-10
01051009080,010-5100-9080,original,1.0000000005278193,93,6.733322133629856e-11
01051009080,010-5100-9080,original,1.0000000005278193,94,1.22367347598621e-10
01051009080,010-5100-9080,original,1.0000000005278193,95,-1.4709808171052732e-10
01051009080,010-5100-9080,original,1.0000000005278193,96,6.730321600669555e-11
01051009080,010-5100-9080,original,1.0000000005278193,97,3.0046171535353007e-10
01051009080,010-5100-9080,original,1.0000000005278193,98,-9.158563557125231e-11
01051009080,010-5100-9080,original,1.0000000005278193,99,1.15304530167024e-11
01051009080,010-5100-9080,original,1.0000000005278193,100,1.9903820886008934e-10
01051009080,010-5100-9080,original,1.0000000005278193,101,-2.070198405020619e-11
01051009080,010-5100-9080,original,1.0000000005278193,102,-9.805605272427357e-11
01051009080,010-5100-9080,original,1.0000000005278193,103,-1.3347520999623028e-10
01051009080,010-5100-9080,original,1.0000000005278193,104,-2.5840208458920103e-11
01051009080,010-5100-9080,original,1.0000000005278193,105,-1.024350198112884e-10
01051009080,010-5100-9080,original,1.0000000005278193,106,9.091734442228465e-11
01051009080,010-5100-9080,original,1.0000000005278193,107,-1.4904741069035435e-10
01051009080,010-5100-9080,original,1.0000000005278193,108,7.308087889419167e-11
01051009080,010-5100-9080,original,1.0000000005278193,109,-1.6790877150164602e-10
01051009080,010-5100-9080,original,1.0000000005278193,110,1.5699383395582927e-10
01051009080,010-5100-9080,original,1.0000000005278193,111,-1.3920745919351952e-10
01051009080,010-5100-9080,original,1.0000000005278193,112,-2.3061072484947514e-10
01051009080,010-5100-9080,original,1.0000000005278193,113,-1.554198552929014e-11
01051009080,010-5100-9080,original,1.0000000005278193,114,1.0966410555295305e-10
01051009080,010-5100-9080,original,1.0000000005278193,115,6.418252380034388e-11
01051009080,010-5100-9080,original,1.0000000005278193,116,1.466295852848685e-11
01051009080,010-5100-9080,original,1.0000000005278193,117,-9.974253332076097e-11
01051009080,010-5100-9080,original,1.0000000005278193,118,8.796627670156934e-11
01051009080,010-5100-9080,original,1.0000000005278193,119,-4.447214990872461e-10
01051009080,010-5100-9080,original,1.0000000005278193,120,1.0141226929761348e-11
01051009080,010-5100-9080,original,1.0000000005278193,121,-2.3806949430114127e-11
01051009080,010-5100-9080,original,1.0000000005278193,122,-9.373289783926591e-11
01051009080,010-5100-9080,original,1.0000000005278193,123,-1.259117656893281e-10
01051009080,010-5100-9080,original,1.0000000005278193,124,2.6960947533821596e-10
01051009080,010-5100-9080,original,1.0000000005278193,125,1.0086853894475604e-10
01051009080,010-5100-9080,original,1.0000000005278193,126,-5.00251148717823e-12
01051009080,010-5100-9080,original,1.0000000005278193,127,2.421945389158576e-10
01051009080,010-5100-9080,original,1.0000000005278193,128,-8.553330915336157e-12
01051009080,010-5100-9080,original,1.0000000005278193,129,1.8631020442326837e-11
01051009080,010-5100-9080,original,1.0000000005278193,130,3.788393548938983e-11
01051009080,010-5100-9080,original,1.0000000005278193,131,1.4545356156180621e-10
01051009080,010-5100-9080,original,1.0000000005278193,132,2.6314177589915087e-11
01051009080,010-5100-9080,original,1.0000000005278193,133,1.421518550261839e-10
01051009080,010-5100-9080,original,1.0000000005278193,134,2.0234167878513363e-11
01051009080,010-5100-9080,original,1.0000000005278193,135,-2.626082671205276e-11
01051009080,010-5100-9080,original,1.0000000005278193,136,2.6864501146048513e-11
01051009080,010-5100-9080,original,1.0000000005278193,137,-8.879114288948513e-12
01051009080,010-5100-9080,original,1.0000000005278193,138,9.395838061277036e-11
01051009080,010-5100-9080,original,1.0000000005278193,139,9.5619310841268e-11
01051009080,010-5100-9080,original,1.0000000005278193,140,6.882737123988749e-11
01051009080,010-5100-9080,original,1.0000000005278193,141,3.132163670908347e-10
01051009080,010-5100-9080,original,1.0000000005278193,142,-3.0333661090655816e-11
01051009080,010-5100-9080,original,1.0000000005278193,143,-5.743920554303491e-10
01051009080,010-5100-9080,original,1.0000000005278193,144,2.708103377008805e-10
01051009080,010-5100-9080,original,1.0000000005278193,145,3.2942547677299235e-11
01051009080,010-5100-9080,original,1.0000000005278193,146,-3.1536162263567004e-11
01051009080,010-5100-9080,original,1.0000000005278193,147,4.6036345813955694e-11
01051009080,010-5100-9080,original,1.0000000005278193,148,1.2204102082685542e-10
01051009080,010-5100-9080,original,1.0000000005278193,149,-4.1664918379118306e-10
01051009080,010-5100-9080,original,1.0000000005278193,150,2.8195613418064914e-10
01051009080,010-5100-9080,original,1.0000000005278193,151,-7.70524413291662e-11
01051009080,010-5100-9080,original,1.0000000005278193,152,-1.1928044238512124e-10
01051009080,010-5100-9080,original,1.0000000005278193,153,-5.387601680402076e-11
01051009080,010-5100-9080,original,1.0000000005278193,154,1.0437530429474272e-10
01051009080,010-5100-9080,original,1.0000000005278193,155,1.8025675152265265e-10
01051009080,010-5100-9080,original,1.0000000005278193,156,2.3976249397149268e-11
01051009080,010-5100-9080,original,1.0000000005278193,157,-7.078611832549657e-11
01051009080,010-5100-9080,original,1.0000000005278193,158,-1.0370771009890361e-10
01051009080,010-5100-9080,original,1.0000000005278193,159,-5.595334425121545e-11
01051009080,010-5100-9080,original,1.0000000005278193,160,1.518661815246195e-10
01051009080,010-5100-9080,original,1.0000000005278193,161,-1.0032384185658224e-10
01051009080,010-5100-9080,original,1.0000000005278193,162,4.4519843694288074e-11
01051009080,010-5100-9080,original,1.0000000005278193,163,-2.795294901547852e-11
01051009080,010-5100-9080,original,1.0000000005278193,164,-2.9638519712974854e-11
01051009080,010-5100-9080,original,1.0000000005278193,165,1.3515980932312719e-10
01051009080,010-5100-9080,original,1.0000000005278193,166,1.3364003902534876e-11
01051009080,010-5100-9080,original,1.0000000005278193,167,-2.2891420227174483e-10
01051009080,010-5100-9080,original,1.0000000005278193,168,-1.5966573415694657e-10
01051009080,010-5100-9080,original,1.0000000005278193,169,-1.895172879849762e-10
01051009080,010-5100-9080,original,1.0000000005278193,170,2.13663104053884e-10
01051009080,010-5100-9080,original,1.0000000005278193,171,-1.0016789161842218e-10
01051009080,010-5100-9080,original,1.0000000005278193,172,1.9765415834008526e-11
01051009080,010-5100-9080,original,1.0000000005278193,173,1.5789081240872112e-10
01051009080,010-5100-9080,original,1.0000000005278193,174,2.9430888896989646e-11
01051009080,010-5100-9080,original,1.0000000005278193,175,3.2253417374633955e-10
01051009080,010-5100-9080,original,1.0000000005278193,176,3.126652072041475e-11
01051009080,010-5100-9080,original,1.0000000005278193,177,-1.9593000320468155e-10
01051009080,010-5100-9080,original,1.0000000005278193,178,-3.613373505703803e-11
01051009080,010-5100-9080,original,1.0000000005278193,179,3.644440194000109e-10
01051009080,010-5100-9080,original,1.0000000005278193,180,-4.136906057330236e-11
01051009080,010-5100-9080,original,1.0000000005278193,181,0.999999736941705
01051009080,010-5100-9080,original,1.0000000005278193,182,0.9999996529919946
01051009080,010-5100-9080,original,1.0000000005278193,183,0.9999997332335354
01051009080,010-5100-9080,original,1.0000000005278193,184,-1.9133950859157782e-11
01051009080,010-5100-9080,original,1.0000000005278193,185,1.4860524622602772e-10
01051009080,010-5100-9080,original,1.0000000005278193,186,1.0734159163255735e-10
01051009080,010-5100-9080,original,1.0000000005278193,187,-2.9683870409885667e-12
01051009080,010-5100-9080,original,1.0000000005278193,188,2.2394327872924147e-10
01051009080,010-5100-9080,original,1.0000000005278193,189,3.339682730657522e-10
01051009080,010-5100-9080,original,1.0000000005278193,190,-2.2535109780691868e-11
01051009080,010-5100-9080,original,1.0000000005278193,191,-8.09054976410066e-11
01051009080,010-5100-9080,original,1.0000000005278193,192,6.560932779625559e-11
01051009080,010-5100-9080,original,1.0000000005278193,193,1.0085020250591334e-10
01051009080,010-5100-9080,original,1.0000000005278193,194,1.7135284247000393e-11
01051009080,010-5100-9080,original,1.0000000005278193,195,1.051961916366358e-10
01051009080,010-5100-9080,original,1.0000000005278193,196,-6.34688223525823e-11
01051009080,010-5100-9080,original,1.0000000005278193,197,6.90505079908924e-11
01051009080,010-5100-9080,original,1.0000000005278193,198,2.981069895811188e-11
01051009080,010-5100-9080,original,1.0000000005278193,199,-2.678224349733269e-10
01051009080,010-5100-9080,original,1.0000000005278193,200,-1.7671185799774265e-11
01051009080,010-5100-9080,original,1.0000000005278193,201,-1.8799699369090655e-11
01051009080,010-5100-9080,original,1.0000000005278193,202,2.1128552667592507e-10
01051009080,010-5100-9080,original,1.0000000005278193,203,-1.4451656475570163e-11
01051009081,010-5100-9081,"one digit, last group",5.7732403296193203e-11,0,1.579807628829792e-11
01051009081,010-5100-9081,"one digit, last group",5.7732403296193203e-11,1,-3.166844895584493e-10
01051009081,010-5100-9081,"one digit, last group",5.7732403296193203e-11,2,4.564173844195593e-11
01051009081,010-5100-9081,"one digit, last group",5.7732403296193203e-11,3,9.458641825322325e-12
01051009081,010-5100-9081,"one digit, last group",5.7732403296193203e-11,4,-1.0676159139659479e-10
01051009081,010-5100-9081,"one digit, last group",5.7732403296193203e-11,5,-5.858126979186419e-10
01051009081,010-5100-9081,"one digit, last group",5.7732403296193203e-11,6,6.645098281245194e-11
01051009081,010-5100-9081,"one digit, last group",5.7732403296193203e-11,7,-1.7173045053963906e-10
01051009081,010-5100-9081,"one digit, last group",5.7732403296193203e-11,8,1.9584745245424133e-10
01051009081,010-5100-9081,"one digit, last group",5.7732403296193203e-11,9,1.0253380855863466e-10
01051009081,010-5100-9081,"one digit, last group",5.7732403296193203e-11,10,-9.368995992898517e-12
01051009081,010-5100-9081,"one digit, last group",5.7732403296193203e-11,11,-1.8859588106371913e-11
01051009081,010-5100-9081,"one digit, last group",5.7732403296193203e-11,12,1.3355792837105492e-10
01051009081,010-5100-9081,"one digit, last group",5.7732403296193203e-11,13,-2.7559465281798813e-11
01051009081,010-5100-9081,"one digit, last group",5.7732403296193203e-11,14,-1.5219849485796553e-11
01051009081,010-5100-9081,"one digit, last group",5.7732403296193203e-11,15,1.640167019146872e-11
01051009081,010-5100-9081,"one digit, last group",5.7732403296193203e-11,16,2.634474674132722e-10
01051009081,010-5100-9081,"one digit, last group",5.7732403296193203e-11,17,-1.685583349643125e-10
01051009081,010-5100-9081,"one digit, last group",5.7732403296193203e-11,18,-1.169568813782945e-10
01051009081,010-5100-9081,"one digit, last group",5.7732403296193203e-11,19,4.553554272879992e-11
01051009081,010-5100-9081,"one digit, last group",5.7732403296193203e-11,20,9.833169155996505e-11
01051009081,010-5100-9081,"one digit, last group",5.7732403296193203e-11,21,-3.153480016787996e-10
01051009081,010-5100-9081,"one digit, last group",5.7732403296193203e-11,22,3.974416106246629e-11
01051009081,010-5100-9081,"one digit, last group",5.7732403296193203e-11,23,-1.2332147508193257e-10
01051009081,010-5100-9081,"one digit, last group",5.7732403296193203e-11,24,-3.156151223047305e-10
01051009081,010-5100-9081,"one digit, last group",5.7732403296193203e-11,25,-9.997216424001801e-11
01051009081,010-5100-9081,"one digit, last group",5.7732403296193203e-11,26,5.0399023028441946e-11
01051009081,010-5100-9081,"one digit, last group",5.7732403296193203e-11,27,-6.037270785259791e-11
01051009081,010-5100-9081,"one digit, last group",5.7732403296193203e-11,28,2.6920956994663733e-10
01051009081,010-5100-9081,"one digit, last group",5.7732403296193203e-11,29,6.585341448288302e-12
01051009081,010-5100-9081,"one digit, last group",5.7732403296193203e-11,30,-2.682627545137376e-10
01051009081,010-5100-9081,"one digit, last group",5.7732403296193203e-11,31,1.6792336323298603e-10
01051009081,010-5100-9081,"one digit, last group",5.7732403296193203e-11,32,8.81835411707004e-13
01051009081,010-5100-9081,"one digit, last group",5.7732403296193203e-11,33,2.7388605012387532e-11
01051009081,010-5100-9081,"one digit, last group",5.7732403296193203e-11,34,2.1229686380389776e-10
01051009081,010-5100-9081,"one digit, last group",5.7732403296193203e-11,35,1.0398606970801839e-10
01051009081,010-5100-9081,"one digit, last group",5.7732403296193203e-11,36,2.3787106738433822e-11
01051009081,010-5100-9081,"one digit, last group",5.7732403296193203e-11,37,-2.0548577134395483e-10
01051009081,010-5100-9081,"one digit, last group",5.7732403296193203e-11,38,-9.113877469616589e-11
01051009081,010-5100-9081,"one digit, last group",5.7732403296193203e-11,39,1.9868347805450692e-10
01051009081,010-5100-9081,"one digit, last group",5.7732403296193203e-11,40,-6.635364745276428e-11
01051009081,010-5100-9081,"one digit, last group",5.7732403296193203e-11,41,6.267324389633322e-11
01051009081,010-5100-9081,"one digit, last group",5.7732403296193203e-11,42,-4.6297178198660986e-11
01051009081,010-5100-9081,"one digit, last group",5.7732403296193203e-11,43,-2.5335540859562795e-11
01051009081,010-5100-9081,"one digit, last group",5.7732403296193203e-11,44,-1.0428165709495566e-11
01051009081,010-5100-9081,"one digit, last group",5.7732403296193203e-11,45,-1.5616877762991929e-10
01051009081,010-5100-9081,"one digit, last group",5.7732403296193203e-11,46,5.1723207707007684e-11
01051009081,010-5100-9081,"one digit, last group",5.7732403296193203e-11,47,-2.189490379579191e-10
01051009081,010-5100-9081,"one digit, last group",5.7732403296193203e-11,48,-1.5799218532673965e-10
01051009081,010-5100-9081,"one digit, last group",5.7732403296193203e-11,49,1.8049911617111565e-10
01051009081,010-5100-9081,"one digit, last group",5.7732403296193203e-11,50,-4.0756854180946496e-10
01051009081,010-5100-9081,"one digit, last group",5.7732403296193203e-11,51,-5.0931115156314514e-11
01051009081,010-5100-9081,"one digit, last group",5.7732403296193203e-11,52,-1.282690460597604e-10
01051009081,010-5100-9081,"one digit, last group",5.7732403296193203e-11,53,7.479213912831666e-11
01051009081,010-5100-9081,"one digit, last group",5.7732403296193203e-11,54,4.364485090576424e-11
01051009081,010-5100-9081,"one digit, last group",5.7732403296193203e-11,55,-1.138343346154975e-10
01051009081,010-5100-9081,"one digit, last group",5.7732403296193203e-11,56,1.38023772269149e-10
01051009081,010-5100-9081,"one digit, last group",5.7732403296193203e-11,57,-1.692965516941636e-11
01051009081,010-5100-9081,"one digit, last group",5.7732403296193203e-11,58,-5.970406774730155e-11
01051009081,010-5100-9081,"one digit, last group",5.7732403296193203e-11,59,-4.5546158943336564e-11
01051009081,010-5100-9081,"one digit, last group",5.7732403296193203e-11,60,2.2781182332746575e-10
01051009081,010-5100-9081,"one digit, last group",5.7732403296193203e-11,61,3.449994188448e-11
01051009081,010-5100-9081,"one digit, last group",5.7732403296193203e-11,62,1.0449849768040734e-10
01051009081,010-5100-9081,"one digit, last group",5.7732403296193203e-11,63,5.397323382971987e-11
01051009081,010-5100-9081,"one digit, last group",5.7732403296193203e-11,64,7.361414956880512e-11
01051009081,010-5100-9081,"one digit, last group",5.7732403296193203e-11,65,-5.7315498192842084e-11
01051009081,010-5100-9081,"one digit, last group",5.7732403296193203e-11,66,-4.1048600450025665e-10
01051009081,010-5100-9081,"one digit, last group",5.7732403296193203e-11,67,-5.2908245181436913e-11
01051009081,010-5100-9081,"one digit, last group",5.7732403296193203e-11,68,-2.9094749531491727e-11
01051009081,010-5100-9081,"one digit, last group",5.7732403296193203e-11,69,-3.3040680159994185e-10
01051009081,010-5100-9081,"one digit, last group",5.7732403296193203e-11,70,-7.565865382257256e-12
01051009081,010-5100-9081,"one digit, last group",5.7732403296193203e-11,71,-3.140348283048228e-11
01051009081,010-5100-9081,"one digit, last group",5.7732403296193203e-11,72,2.2820579260326428e-11
01051009081,010-5100-9081,"one digit, last group",5.7732403296193203e-11,73,1.6073053023566363e-10
01051009081,010-5100-9081,"one digit, last group",5.7732403296193203e-11,74,3.693297013266996e-10
01051009081,010-5100-9081,"one digit, last group",5.7732403296193203e-11,75,-1.5059035478796796e-10
01051009081,010-5100-9081,"one digit, last group",5.7732403296193203e-11,76,-3.0266096261847336e-11
01051009081,010-5100-9081,"one digit, last group",5.7732403296193203e-11,77,3.5717804020654467e-11
01051009081,010-5100-9081,"one digit, last group",5.7732403296193203e-11,78,-2.2349064595793546e-10
01051009081,010-5100-9081,"one digit, last group",5.7732403296193203e-11,79,-1.7280937410363664e-11
01051009081,010-5100-9081,"one digit, last group",5.7732403296193203e-11,80,-1.697290555402913e-11
01051009081,010-5100-9081,"one digit, last group",5.7732403296193203e-11,81,1.8642961479174315e-10
01051009081,010-5100-9081,"one digit, last group",5.7732403296193203e-11,82,3.111906971689627e-10
01051009081,010-5100-9081,"one digit, last group",5.7732403296193203e-11,83,-7.820779862853046e-11
01051009081,010-5100-9081,"one digit, last group",5.7732403296193203e-11,84,-1.1277701181464705e-10
01051009081,010-5100-9081,"one digit, last group",5.7732403296193203e-11,85,2.239811814711581e-11
01051009081,010-5100-9081,"one digit, last group",5.7732403296193203e-11,86,-2.778561106226099e-10
01051009081,010-5100-9081,"one digit, last group",5.7732403296193203e-11,87,2.757741624075601e-10
01051009081,010-5100-9081,"one digit, last group",5.7732403296193203e-11,88,-1.2212590579928953e-10
01051009081,010-5100-9081,"one digit, last group",5.7732403296193203e-11,89,2.1124548256135758e-10
01051009081,010-5100-9081,"one digit, last group",5.7732403296193203e-11,90,1.804838965715707e-10
01051009081,010-5100-9081,"one digit, last group",5.7732403296193203e-11,91,-2.5636911902467147e-10
01051009081,010-5100-9081,"one digit, last group",5.7732403296193203e-11,92,1.1974466633115114e-11
01051009081,010-5100-9081,"one digit, last group",5.7732403296193203e-11,93,-1.195420114597268e-10
01051009081,010-5100-9081,"one digit, last group",5.7732403296193203e-11,94,-1.1290623232255431e-10
01051009081,010-5100-9081,"one digit, last group",5.7732403296193203e-11,95,-5.205221278625002e-11
01051009081,010-5100-9081,"one digit, last group",5.7732403296193203e-11,96,1.0984853312037296e-10
01051009081,010-5100-9081,"one digit, last group",5.7732403296193203e-11,97,-3.2629212821057517e-10
01051009081,010-5100-9081,"one digit, last group",5.7732403296193203e-11,98,7.857548576089328e-11
01051009081,010-5100-9081,"one digit, last group",5.7732403296193203e-11,99,-2.4258036256914924e-11
01051009081,010-5100-9081,"one digit, last group",5.7732403296193203e-11,100,-2.1631163869841633e-10
01051009081,010-5100-9081,"one digit, last group",5.7732403296193203e-11,101,1.2770395258194202e-10
01051009081,010-5100-9081,"one digit, last group",5.7732403296193203e-11,102,-6.640409837406569e-11
01051009081,010-5100-9081,"one digit, last group",5.7732403296193203e-11,103,1.583745201318951e-10
01051009081,010-5100-9081,"one digit, last group",5.7732403296193203e-11,104,2.387180265729674e-10
01051009081,010-5100-9081,"one digit, last group",5.7732403296193203e-11,105,9.580822556795018e-11
01051009081,010-5100-9081,"one digit, last group",5.7732403296193203e-11,106,-4.984723868218274e-11
01051009081,010-5100-9081,"one digit, last group",5.7732403296193203e-11,107,-9.879816672180204e-11
01051009081,010-5100-9081,"one digit, last group",5.7732403296193203e-11,108,7.485766714049531e-11
01051009081,010-5100-9081,"one digit, last group",5.7732403296193203e-11,109,-6.913139995530545e-11
01051009081,010-5100-9081,"one digit, last group",5.7732403296193203e-11,110,2.327081351754031e-10
01051009081,010-5100-9081,"one digit, last group",5.7732403296193203e-11,111,1.264979783451989e-10
01051009081,010-5100-9081,"one digit, last group",5.7732403296193203e-11,112,-1.5679665178621796e-10
01051009081,010-5100-9081,"one digit, last group",5.7732403296193203e-11,113,-4.048582424708871e-14
01051009081,010-5100-9081,"one digit, last group",5.7732403296193203e-11,114,-1.0726468838407994e-10
01051009081,010-5100-9081,"one digit, last group",5.7732403296193203e-11,115,3.260219322429358e-11
01051009081,010-5100-9081,"one digit, last group",5.7732403296193203e-11,116,-6.076054133330878e-11
01051009081,010-5100-9081,"one digit, last group",5.7732403296193203e-11,117,2.1889618509761747e-10
01051009081,010-5100-9081,"one digit, last group",5.7732403296193203e-11,118,-4.5141320889026e-10
01051009081,010-5100-9081,"one digit, last group",5.7732403296193203e-11,119,-1.2363882240777926e-10
01051009081,010-5100-9081,"one digit, last group",5.7732403296193203e-11,120,6.806223099070282e-11
01051009081,010-5100-9081,"one digit, last group",5.7732403296193203e-11,121,-3.0194154242555167e-10
01051009081,010-5100-9081,"one digit, last group",5.7732403296193203e-11,122,-3.294816630815659e-10
01051009081,010-5100-9081,"one digit, last group",5.7732403296193203e-11,123,2.8942839271593144e-11
01051009081,010-5100-9081,"one digit, last group",5.7732403296193203e-11,124,-6.594857851100885e-10
01051009081,010-5100-9081,"one digit, last group",5.7732403296193203e-11,125,1.8117059392920084e-10
01051009081,010-5100-9081,"one digit, last group",5.7732403296193203e-11,126,-4.9202878048181535e-11
01051009081,010-5100-9081,"one digit, last group",5.7732403296193203e-11,127,-2.9870010685624056e-10
01051009081,010-5100-9081,"one digit, last group",5.7732403296193203e-11,128,-3.1510160193383404e-10
01051009081,010-5100-9081,"one digit, last group",5.7732403296193203e-11,129,2.029467114334789e-10
01051009081,010-5100-9081,"one digit, last group",5.7732403296193203e-11,130,6.555585517894271e-12
01051009081,010-5100-9081,"one digit, last group",5.7732403296193203e-11,131,2.726586956347635e-11
01051009081,010-5100-9081,"one digit, last group",5.7732403296193203e-11,132,-5.342427033194184e-11
01051009081,010-5100-9081,"one digit, last group",5.7732403296193203e-11,133,8.545150641937856e-11
01051009081,010-5100-9081,"one digit, last group",5.7732403296193203e-11,134,6.868479785648305e-11
01051009081,010-5100-9081,"one digit, last group",5.7732403296193203e-11,135,-1.2331824857187066e-10
01051009081,010-5100-9081,"one digit, last group",5.7732403296193203e-11,136,5.539083979261731e-12
01051009081,010-5100-9081,"one digit, last group",5.7732403296193203e-11,137,-1.4596312688844134e-10
01051009081,010-5100-9081,"one digit, last group",5.7732403296193203e-11,138,8.040776398276327e-11
01051009081,010-5100-9081,"one digit, last group",5.7732403296193203e-11,139,-1.2961620377097984e-11
01051009081,010-5100-9081,"one digit, last group",5.7732403296193203e-11,140,-2.15301767380899e-11
01051009081,010-5100-9081,"one digit, last group",5.7732403296193203e-11,141,-2.5151988952457807e-11
01051009081,010-5100-9081,"one digit, last group",5.7732403296193203e-11,142,8.002350287852204e-11
01051009081,010-5100-9081,"one digit, last group",5.7732403296193203e-11,143,-1.1220916874160344e-10
01051009081,010-5100-9081,"one digit, last group",5.7732403296193203e-11,144,1.920091227732543e-10
01051009081,010-5100-9081,"one digit, last group",5.7732403296193203e-11,145,-1.5383905026165208e-10
01051009081,010-5100-9081,"one digit, last group",5.7732403296193203e-11,146,1.5350612171646965e-10
01051009081,010-5100-9081,"one digit, last group",5.7732403296193203e-11,147,3.4735274472121953e-10
01051009081,010-5100-9081,"one digit, last group",5.7732403296193203e-11,148,-4.112427231959839e-11
01051009081,010-5100-9081,"one digit, last group",5.7732403296193203e-11,149,-3.780288702605916e-10
01051009081,010-5100-9081,"one digit, last group",5.7732403296193203e-11,150,-5.979744481237784e-11
01051009081,010-5100-9081,"one digit, last group",5.7732403296193203e-11,151,-2.432665219745264e-11
01051009081,010-5100-9081,"one digit, last group",5.7732403296193203e-11,152,-2.886479261518918e-10
01051009081,010-5100-9081,"one digit, last group",5.7732403296193203e-11,153,-2.8177595996377045e-10
01051009081,010-5100-9081,"one digit, last group",5.7732403296193203e-11,154,-5.790418458893436e-11
01051009081,010-5100-9081,"one digit, last group",5.7732403296193203e-11,155,3.135638086042938e-11
01051009081,010-5100-9081,"one digit, last group",5.7732403296193203e-11,156,-3.8739930277505006e-11
01051009081,010-5100-9081,"one digit, last group",5.7732403296193203e-11,157,-7.23038998173327e-11
01051009081,010-5100-9081,"one digit, last group",5.7732403296193203e-11,158,8.224857968493252e-11
01051009081,010-5100-9081,"one digit, last group",5.7732403296193203e-11,159,4.436462968283507e-11
01051009081,010-5100-9081,"one digit, last group",5.7732403296193203e-11,160,1.5701702693070565e-11
01051009081,010-5100-9081,"one digit, last group",5.7732403296193203e-11,161,2.986283025065224e-11
01051009081,010-5100-9081,"one digit, last group",5.7732403296193203e-11,162,-6.31102460816296e-12
01051009081,010-5100-9081,"one digit, last group",5.7732403296193203e-11,163,-2.2280459114470823e-12
01051009081,010-5100-9081,"one digit, last group",5.7732403296193203e-11,164,4.4788682203545015e-11
01051009081,010-5100-9081,"one digit, last group",5.7732403296193203e-11,165,1.7097788154012526e-10
01051009081,010-5100-9081,"one digit, last group",5.7732403296193203e-11,166,-4.0388735526348e-12
01051009081,010-5100-9081,"one digit, last group",5.7732403296193203e-11,167,7.349286466936277e-11
01051009081,010-5100-9081,"one digit, last group",5.7732403296193203e-11,168,3.3772939654151903e-10
01051009081,010-5100-9081,"one digit, last group",5.7732403296193203e-11,169,-1.1105497358261546e-10
01051009081,010-5100-9081,"one digit, last group",5.7732403296193203e-11,170,-7.938932397004835e-11
01051009081,010-5100-9081,"one digit, last group",5.7732403296193203e-11,171,-2.4946069707550522e-11
01051009081,010-5100-9081,"one digit, last group",5.7732403296193203e-11,172,-6.111064616925627e-11
01051009081,010-5100-9081,"one digit, last group",5.7732403296193203e-11,173,-1.3094525254096045e-10
01051009081,010-5100-9081,"one digit, last group",5.7732403296193203e-11,174,-5.841468427190551e-11
01051009081,010-5100-9081,"one digit, last group",5.7732403296193203e-11,175,-2.596841223450546e-10
01051009081,010-5100-9081,"one digit, last group",5.7732403296193203e-11,176,4.718887235065558e-11
01051009081,010-5100-9081,"one digit, last group",5.7732403296193203e-11,177,2.0134834225414222e-10
01051009081,010-5100-9081,"one digit, last group",5.7732403296193203e-11,178,-2.1718965484236798e-11
01051009081,010-5100-9081,"one digit, last group",5.7732403296193203e-11,179,2.0136497591310648e-10
01051009081,010-5100-9081,"one digit, last group",5.7732403296193203e-11,180,-2.6942435567830206e-11
01051009081,010-5100-9081,"one digit, last group",5.7732403296193203e-11,181,7.692002303415858e-09
01051009081,010-5100-9081,"one digit, last group",5.7732403296193203e-11,182,-1.621176787880474e-09
01051009081,010-5100-9081,"one digit, last group",5.7732403296193203e-11,183,3.921228082103293e-09
01051009081,010-5100-9081,"one digit, last group",5.7732403296193203e-11,184,6.869840721118451e-12
01051009081,010-5100-9081,"one digit, last group",5.7732403296193203e-11,185,-1.0625169425663605e-10
01051009081,010-5100-9081,"one digit, last group",5.7732403296193203e-11,186,-1.1307499584017444e-10
01051009081,010-5100-9081,"one digit, last group",5.7732403296193203e-11,187,-4.320374175671587e-11
01051009081,010-5100-9081,"one digit, last group",5.7732403296193203e-11,188,1.2251071644048934e-10
01051009081,010-5100-9081,"one digit, last group",5.7732403296193203e-11,189,2.972395032752331e-11
01051009081,010-5100-9081,"one digit, last group",5.7732403296193203e-11,190,-1.7774176443889206e-10
01051009081,010-5100-9081,"one digit, last group",5.7732403296193203e-11,191,3.931267526582433e-11
01051009081,010-5100-9081,"one digit, last group",5.7732403296193203e-11,192,-4.913524839800512e-11
01051009081,010-5100-9081,"one digit, last group",5.7732403296193203e-11,193,-2.2235199863594032e-10
01051009081,010-5100-9081,"one digit, last group",5.7732403296193203e-11,194,2.8171004932615686e-11
01051009081,010-5100-9081,"one digit, last group",5.7732403296193203e-11,195,-3.118289339682942e-10
01051009081,010-5100-9081,"one digit, last group",5.7732403296193203e-11,196,-1.4452292703885355e-10
01051009081,010-5100-9081,"one digit, last group",5.7732403296193203e-11,197,-3.596422232691294e-11
01051009081,010-5100-9081,"one digit, last group",5.7732403296193203e-11,198,2.7528814384501174e-10
01051009081,010-5100-9081,"one digit, last group",5.7732403296193203e-11,199,1.6068792355288403e-11
01051009081,010-5100-9081,"one digit, last group",5.7732403296193203e-11,200,-1.9971096810436153e-11
01051009081,010-5100-9081,"one digit, last group",5.7732403296193203e-11,201,-6.963920825759352e-11
01051009081,010-5100-9081,"one digit, last group",5.7732403296193203e-11,202,5.350997074442712e-10
01051009081,010-5100-9081,"one digit, last group",5.7732403296193203e-11,203,-2.9654404554876146e-11
01052001582,010-5200-1582,original,1.000000000233052,0,-6.358002715514077e-11
01052001582,010-5200-1582,original,1.000000000233052,1,5.590477403512863e-11
01052001582,010-5200-1582,original,1.000000000233052,2,-3.8473080498657126e-11
01052001582,010-5200-1582,original,1.000000000233052,3,-1.0534052099486306e-11
01052001582,010-5200-1582,original,1.000000000233052,4,-4.744752934276707e-11
01052001582,010-5200-1582,original,1.000000000233052,5,3.124109388869079e-10
01052001582,010-5200-1582,original,1.000000000233052,6,7.157113625416109e-11
01052001582,010-5200-1582,original,1.000000000233052,7,2.1399243199729616e-10
01052001582,010-5200-1582,original,1.000000000233052,8,-1.7684015666708988e-10
01052001582,010-5200-1582,original,1.000000000233052,9,3.8718482754398405e-11
01052001582,010-5200-1582,original,1.000000000233052,10,7.162333805713234e-12
01052001582,010-5200-1582,original,1.000000000233052,11,-1.4867678973507302e-10
01052001582,010-5200-1582,original,1.000000000233052,12,1.0106151746236084e-11
01052001582,010-5200-1582,original,1.000000000233052,13,-3.0210950028087176e-10
01052001582,010-5200-1582,original,1.000000000233052,14,-3.5711769564270036e-11
01052001582,010-5200-1582,original,1.000000000233052,15,3.6364969743799085e-11
01052001582,010-5200-1582,original,1.000000000233052,16,-1.1652761061054756e-10
01052001582,010-5200-1582,original,1.000000000233052,17,-4.44975008493355e-10
01052001582,010-5200-1582,original,1.000000000233052,18,-1.0060617193421496e-10
01052001582,010-5200-1582,original,1.000000000233052,19,3.724761447790521e-11
01052001582,010-5200-1582,original,1.000000000233052,20,-1.171313050035327e-10
01052001582,010-5200-1582,original,1.000000000233052,21,-4.014040069556143e-11
01052001582,010-5200-1582,original,1.000000000233052,22,5.162162639718162e-12
01052001582,010-5200-1582,original,1.000000000233052,23,4.351378354845065e-11
01052001582,010-5200-1582,original,1.000000000233052,24,6.145642931133503e-10
01052001582,010-5200-1582,original,1.000000000233052,25,1.0160204596260634e-10
01052001582,010-5200-1582,original,1.000000000233052,26,2.1004043446942291e-10
01052001582,010-5200-1582,original,1.000000000233052,27,4.120317293571121e-11
01052001582,010-5200-1582,original,1.000000000233052,28,1.6319115408380577e-10
01052001582,010-5200-1582,original,1.000000000233052,29,-8.676068526964909e-11
01052001582,010-5200-1582,original,1.000000000233052,30,-1.3520143002881734e-10
01052001582,010-5200-1582,original,1.000000000233052,31,-1.0429484592589607e-10
01052001582,010-5200-1582,original,1.000000000233052,32,2.8855504887073045e-10
01052001582,010-5200-1582,original,1.000000000233052,33,-9.3912511967563e-11
01052001582,010-5200-1582,original,1.000000000233052,34,-1.2532766272134622e-10
01052001582,010-5200-1582,original,1.000000000233052,35,3.188254092390386e-11
01052001582,010-5200-1582,original,1.000000000233052,36,1.5626054682630696e-11
01052001582,010-5200-1582,original,1.000000000233052,37,1.056283162444019e-10
01052001582,010-5200-1582,original,1.000000000233052,38,7.261367299314542e-11
01052001582,010-5200-1582,original,1.000000000233052,39,1.1961724785460529e-10
01052001582,010-5200-1582,original,1.000000000233052,40,-1.1554274322542288e-10
01052001582,010-5200-1582,original,1.000000000233052,41,-7.629346887083424e-11
01052001582,010-5200-1582,original,1.000000000233052,42,-4.700561436477088e-11
01052001582,010-5200-1582,original,1.000000000233052,43,-1.837890558070302e-11
01052001582,010-5200-1582,original,1.000000000233052,44,-1.2836302889715401e-11
01052001582,010-5200-1582,original,1.000000000233052,45,1.8462305319312688e-10
01052001582,010-5200-1582,original,1.000000000233052,46,8.032882948987542e-11
01052001582,010-5200-1582,original,1.000000000233052,47,2.0481463765135417e-10
01052001582,010-5200-1582,original,1.000000000233052,48,-1.874858665044218e-10
01052001582,010-5200-1582,original,1.000000000233052,49,7.29795856481031e-11
01052001582,010-5200-1582,original,1.000000000233052,50,-1.2535070950741412e-10
01052001582,010-5200-1582,original,1.000000000233052,51,1.470207080088659e-11
01052001582,010-5200-1582,original,1.000000000233052,52,-1.89606182096636e-10
01052001582,010-5200-1582,original,1.000000000233052,53,-2.437470629193649e-11
01052001582,010-5200-1582,original,1.000000000233052,54,2.674260649376932e-12
01052001582,010-5200-1582,original,1.000000000233052,55,-7.294891441068676e-11
01052001582,010-5200-1582,original,1.000000000233052,56,7.066954571271342e-11
01052001582,010-5200-1582,original,1.000000000233052,57,5.2681344770118495e-11
01052001582,010-5200-1582,original,1.000000000233052,58,7.169539332802482e-11
01052001582,010-5200-1582,original,1.000000000233052,59,-1.1506204599953619e-10
01052001582,010-5200-1582,original,1.000000000233052,60,-9.067234058760936e-11
01052001582,010-5200-1582,original,1.000000000233052,61,-3.0706004258313865e-11
01052001582,010-5200-1582,original,1.000000000233052,62,-1.2981272172047354e-10
01052001582,010-5200-1582,original,1.000000000233052,63,2.3267611473551803e-11
01052001582,010-5200-1582,original,1.000000000233052,64,1.0296020267747348e-11
01052001582,010-5200-1582,original,1.000000000233052,65,4.0824089436865775e-11
01052001582,010-5200-1582,original,1.000000000233052,66,3.0469096241420194e-10
01052001582,010-5200-1582,original,1.000000000233052,67,5.538037920292348e-11
01052001582,010-5200-1582,original,1.000000000233052,68,7.915723147816245e-11
01052001582,010-5200-1582,original,1.000000000233052,69,-1.5459338444101232e-10
01052001582,010-5200-1582,original,1.000000000233052,70,1.0294572021775799e-10
01052001582,010-5200-1582,original,1.000000000233052,71,-1.4181270417098054e-10
01052001582,010-5200-1582,original,1.000000000233052,72,4.825458819816714e-11
01052001582,010-5200-1582,original,1.000000000233052,73,2.508923379451441e-11
01052001582,010-5200-1582,original,1.000000000233052,74,-3.07401498069358e-10
01052001582,010-5200-1582,original,1.000000000233052,75,5.188396172102975e-11
01052001582,010-5200-1582,original,1.000000000233052,76,-2.243464846352843e-12
01052001582,010-5200-1582,original,1.000000000233052,77,-2.9810776529263444e-11
01052001582,010-5200-1582,original,1.000000000233052,78,-3.282068931244967e-10
01052001582,010-5200-1582,original,1.000000000233052,79,-9.694768897455427e-11
01052001582,010-5200-1582,original,1.000000000233052,80,1.369687053017407e-10
01052001582,010-5200-1582,original,1.000000000233052,81,4.1544685887072136e-11
01052001582,010-5200-1582,original,1.000000000233052,82,-3.9785677669828027e-11
01052001582,010-5200-1582,original,1.000000000233052,83,-8.681860406335393e-12
01052001582,010-5200-1582,original,1.000000000233052,84,1.2740028688642933e-10
01052001582,010-5200-1582,original,1.000000000233052,85,1.4790135898926965e-12
01052001582,010-5200-1582,original,1.000000000233052,86,2.534340697554646e-10
01052001582,010-5200-1582,original,1.000000000233052,87,-3.3013673770204843e-11
01052001582,010-5200-1582,original,1.000000000233052,88,2.53124466312221e-10
01052001582,010-5200-1582,original,1.000000000233052,89,1.4292313646851207e-11
01052001582,010-5200-1582,original,1.000000000233052,90,-9.44635913691199e-12
01052001582,010-5200-1582,original,1.000000000233052,91,2.2493755294578404e-11
01052001582,010-5200-1582,original,1.000000000233052,92,1.4734818725893176e-10
01052001582,010-5200-1582,original,1.000000000233052,93,2.4176764985063073e-10
01052001582,010-5200-1582,original,1.000000000233052,94,-8.454603825529091e-11
01052001582,010-5200-1582,original,1.000000000233052,95,-9.311128061407143e-11
01052001582,010-5200-1582,original,1.000000000233052,96,1.281538772391967e-10
01052001582,010-5200-1582,original,1.000000000233052,97,3.625460943020286e-10
01052001582,010-5200-1582,original,1.000000000233052,98,-4.36859201434254e-11
01052001582,010-5200-1582,original,1.000000000233052,99,-4.1823838915801056e-11
01052001582,010-5200-1582,original,1.000000000233052,100,-6.679036377511227e-11
01052001582,010-5200-1582,original,1.000000000233052,101,-1.0326689019757158e-10
01052001582,010-5200-1582,original,1.000000000233052,102,4.62754017789854e-10
01052001582,010-5200-1582,original,1.000000000233052,103,1.362504866403552e-10
01052001582,010-5200-1582,original,1.000000000233052,104,-2.3441354652381433e-10
01052001582,010-5200-1582,original,1.000000000233052,105,2.812675059776544e-11
01052001582,010-5200-1582,original,1.000000000233052,106,5.4713272729941835e-11
01052001582,010-5200-1582,original,1.000000000233052,107,-2.2531974878028013e-13
01052001582,010-5200-1582,original,1.000000000233052,108,1.0567588504614798e-10
01052001582,010-5200-1582,original,1.000000000233052,109,-2.2374674022042586e-10
01052001582,010-5200-1582,original,1.000000000233052,110,-2.103008844294837e-11
01052001582,010-5200-1582,original,1.000000000233052,111,-3.937180324677996e-11
01052001582,010-5200-1582,original,1.000000000233052,112,1.3605633208806824e-11
01052001582,010-5200-1582,original,1.000000000233052,113,1.737789774235733e-11
01052001582,010-5200-1582,original,1.000000000233052,114,-2.486003069995541e-11
01052001582,010-5200-1582,original,1.000000000233052,115,2.113797076872298e-11
01052001582,010-5200-1582,original,1.000000000233052,116,8.17582008733777e-12
01052001582,010-5200-1582,original,1.000000000233052,117,-5.445588740309937e-11
01052001582,010-5200-1582,original,1.000000000233052,118,-1.7757667185897135e-10
01052001582,010-5200-1582,original,1.000000000233052,119,-1.598906338985101e-10
01052001582,010-5200-1582,original,1.000000000233052,120,-9.889340111756414e-11
01052001582,010-5200-1582,original,1.000000000233052,121,-3.774493010981274e-12
01052001582,010-5200-1582,original,1.000000000233052,122,3.7441222251044634e-11
01052001582,010-5200-1582,original,1.000000000233052,123,-8.111457134405643e-12
01052001582,010-5200-1582,original,1.000000000233052,124,-1.7960956837636188e-10
01052001582,010-5200-1582,original,1.000000000233052,125,-2.048451754788039e-10
01052001582,010-5200-1582,original,1.000000000233052,126,4.7266361916015566e-11
01052001582,010-5200-1582,original,1.000000000233052,127,-9.116237062005602e-11
01052001582,010-5200-1582,original,1.000000000233052,128,9.572805184696639e-11
01052001582,010-5200-1582,original,1.000000000233052,129,6.993328995185827e-11
01052001582,010-5200-1582,original,1.000000000233052,130,-2.7242030833301953e-11
01052001582,010-5200-1582,original,1.000000000233052,131,-6.019330677092857e-11
01052001582,010-5200-1582,original,1.000000000233052,132,-4.252927276861693e-11
01052001582,010-5200-1582,original,1.000000000233052,133,1.6021418727577961e-10
01052001582,010-5200-1582,original,1.000000000233052,134,-1.2329172908501447e-10
01052001582,010-5200-1582,original,1.000000000233052,135,-1.6428829575469008e-10
01052001582,010-5200-1582,original,1.000000000233052,136,-2.908870601189117e-11
01052001582,010-5200-1582,original,1.000000000233052,137,-1.3787751674751803e-10
01052001582,010-5200-1582,original,1.000000000233052,138,-6.424436829501685e-11
01052001582,010-5200-1582,original,1.000000000233052,139,-1.5824144413762067e-11
01052001582,010-5200-1582,original,1.000000000233052,140,6.453165216418853e-11
01052001582,010-5200-1582,original,1.000000000233052,141,9.247995217992538e-11
01052001582,010-5200-1582,original,1.000000000233052,142,-5.7290956288525095e-12
01052001582,010-5200-1582,original,1.000000000233052,143,-5.153529187629861e-12
01052001582,010-5200-1582,original,1.000000000233052,144,-8.728709901842157e-11
01052001582,010-5200-1582,original,1.000000000233052,145,-6.954758548085858e-11
01052001582,010-5200-1582,original,1.000000000233052,146,-3.092114433140735e-11
01052001582,010-5200-1582,original,1.000000000233052,147,4.437096438374136e-10
01052001582,010-5200-1582,original,1.000000000233052,148,1.756019253050355e-10
01052001582,010-5200-1582,original,1.000000000233052,149,-2.8474593517983993e-10
01052001582,010-5200-1582,original,1.000000000233052,150,1.920354276268719e-10
01052001582,010-5200-1582,original,1.000000000233052,151,3.0357133632467406e-11
01052001582,010-5200-1582,original,1.000000000233052,152,-1.7571707134925885e-10
01052001582,010-5200-1582,original,1.000000000233052,153,-9.687186145558385e-11
01052001582,010-5200-1582,original,1.000000000233052,154,-4.845840344810226e-12
01052001582,010-5200-1582,original,1.000000000233052,155,-8.509602306114867e-11
01052001582,010-5200-1582,original,1.000000000233052,156,9.174627189710801e-11
01052001582,010-5200-1582,original,1.000000000233052,157,2.7561043121965197e-11
01052001582,010-5200-1582,original,1.000000000233052,158,1.620990282867287e-10
01052001582,010-5200-1582,original,1.000000000233052,159,1.1691699267294961e-11
01052001582,010-5200-1582,original,1.000000000233052,160,-1.854974294337944e-10
01052001582,010-5200-1582,original,1.000000000233052,161,-1.3407692821563317e-10
01052001582,010-5200-1582,original,1.000000000233052,162,5.709615060375704e-11
01052001582,010-5200-1582,original,1.000000000233052,163,6.192960523780984e-11
01052001582,010-5200-1582,original,1.000000000233052,164,7.44411088785737e-11
01052001582,010-5200-1582,original,1.000000000233052,165,2.1368199422546444e-10
01052001582,010-5200-1582,original,1.000000000233052,166,3.549718757520743e-11
01052001582,010-5200-1582,original,1.000000000233052,167,-2.3747962805618604e-10
01052001582,010-5200-1582,original,1.000000000233052,168,-1.90731917286438e-10
01052001582,010-5200-1582,original,1.000000000233052,169,-1.2577564165606172e-10
01052001582,010-5200-1582,original,1.000000000233052,170,1.3222982594190536e-10
01052001582,010-5200-1582,original,1.000000000233052,171,0.9999996847217152
01052001582,010-5200-1582,original,1.000000000233052,172,0.9999996863860009
01052001582,010-5200-1582,original,1.000000000233052,173,-1.0942627915982892e-12
01052001582,010-5200-1582,original,1.000000000233052,174,7.718886792366585e-11
01052001582,010-5200-1582,original,1.000000000233052,175,6.380820438982994e-11
01052001582,010-5200-1582,original,1.000000000233052,176,-2.7426632002139826e-11
01052001582,010-5200-1582,original,1.000000000233052,177,-2.0138249331602266e-10
01052001582,010-5200-1582,original,1.000000000233052,178,-3.500810273690573e-11
01052001582,010-5200-1582,original,1.000000000233052,179,-7.807863880919718e-11
01052001582,010-5200-1582,original,1.000000000233052,180,1.2776579773478845e-10
01052001582,010-5200-1582,original,1.000000000233052,181,-2.2021232315148671e-10
01052001582,010-5200-1582,original,1.000000000233052,182,-5.144636349256377e-11
01052001582,010-5200-1582,original,1.000000000233052,183,-3.946243262243893e-11
01052001582,010-5200-1582,original,1.000000000233052,184,3.4446751598449405e-11
01052001582,010-5200-1582,original,1.000000000233052,185,9.03627446671442e-11
01052001582,010-5200-1582,original,1.000000000233052,186,-5.6647303574472884e-11
01052001582,010-5200-1582,original,1.000000000233052,187,7.206246262966477e-11
01052001582,010-5200-1582,original,1.000000000233052,188,2.414025130172989e-10
01052001582,010-5200-1582,original,1.000000000233052,189,6.45315767389547e-11
01052001582,010-5200-1582,original,1.000000000233052,190,-6.43972621897636e-12
01052001582,010-5200-1582,original,1.000000000233052,191,-8.957408908088574e-11
01052001582,010-5200-1582,original,1.000000000233052,192,-8.859117765050556e-12
01052001582,010-5200-1582,original,1.000000000233052,193,-3.780000392911853e-10
01052001582,010-5200-1582,original,1.000000000233052,194,3.8580224684526205e-11
01052001582,010-5200-1582,original,1.000000000233052,195,-2.501292743548764e-10
01052001582,010-5200-1582,original,1.000000000233052,196,6.635002105413444e-11
01052001582,010-5200-1582,original,1.000000000233052,197,3.3190181315508374e-10
01052001582,010-5200-1582,original,1.000000000233052,198,-1.019822171086686e-10
01052001582,010-5200-1582,original,1.000000000233052,199,-6.477519241532251e-10
01052001582,010-5200-1582,original,1.000000000233052,200,-7.395439752991807e-11
01052001582,010-5200-1582,original,1.000000000233052,201,1.8700138537569454e-11
01052001582,010-5200-1582,original,1.000000000233052,202,-2.5407608291921347e-10
01052001582,010-5200-1582,original,1.000000000233052,203,-1.3980637333095447e-11
01052001583,010-5200-1583,"one digit, last group",-1.5199952178648123e-10,0,-7.445324413898273e-11
01052001583,010-5200-1583,"one digit, last group",-1.5199952178648123e-10,1,-3.824250073202179e-11
01052001583,010-5200-1583,"one digit, last group",-1.5199952178648123e-10,2,-1.5249410274468067e-11
01052001583,010-5200-1583,"one digit, last group",-1.5199952178648123e-10,3,-1.057017989872691e-11
01052001583,010-5200-1583,"one digit, last group",-1.5199952178648123e-10,4,3.6576485371628037e-10
01052001583,010-5200-1583,"one digit, last group",-1.5199952178648123e-10,5,4.5593585317914636e-10
01052001583,010-5200-1583,"one digit, last group",-1.5199952178648123e-10,6,2.357564196327821e-11
01052001583,010-5200-1583,"one digit, last group",-1.5199952178648123e-10,7,-1.1343932255566458e-10
01052001583,010-5200-1583,"one digit, last group",-1.5199952178648123e-10,8,-3.3218314456023603e-10
01052001583,010-5200-1583,"one digit, last group",-1.5199952178648123e-10,9,8.634512633106245e-11
01052001583,010-5200-1583,"one digit, last group",-1.5199952178648123e-10,10,9.722316958023573e-11
01052001583,010-5200-1583,"one digit, last group",-1.5199952178648123e-10,11,1.9416384252204725e-11
01052001583,010-5200-1583,"one digit, last group",-1.5199952178648123e-10,12,-2.9754414764510465e-10
01052001583,010-5200-1583,"one digit, last group",-1.5199952178648123e-10,13,-1.595918070408501e-10
01052001583,010-5200-1583,"one digit, last group",-1.5199952178648123e-10,14,5.4221913768714576e-11
01052001583,010-5200-1583,"one digit, last group",-1.5199952178648123e-10,15,1.9944636861943956e-11
01052001583,010-5200-1583,"one digit, last group",-1.5199952178648123e-10,16,2.625668246688912e-10
01052001583,010-5200-1583,"one digit, last group",-1.5199952178648123e-10,17,-1.0033302600532876e-10
01052001583,010-5200-1583,"one digit, last group",-1.5199952178648123e-10,18,-9.795799844279155e-11
01052001583,010-5200-1583,"one digit, last group",-1.5199952178648123e-10,19,-3.750512051147847e-11
01052001583,010-5200-1583,"one digit, last group",-1.5199952178648123e-10,20,-2.0604324475689012e-10
01052001583,010-5200-1583,"one digit, last group",-1.5199952178648123e-10,21,1.4315215853150905e-10
01052001583,010-5200-1583,"one digit, last group",-1.5199952178648123e-10,22,-1.9598526001995883e-10
01052001583,010-5200-1583,"one digit, last group",-1.5199952178648123e-10,23,-2.2146946820927092e-11
01052001583,010-5200-1583,"one digit, last group",-1.5199952178648123e-10,24,-4.00189744273066e-10
01052001583,010-5200-1583,"one digit, last group",-1.5199952178648123e-10,25,-3.902039500052783e-11
01052001583,010-5200-1583,"one digit, last group",-1.5199952178648123e-10,26,-2.4447027162301024e-11
01052001583,010-5200-1583,"one digit, last group",-1.5199952178648123e-10,27,-1.472666778772812e-10
01052001583,010-5200-1583,"one digit, last group",-1.5199952178648123e-10,28,2.353306293061029e-10
01052001583,010-5200-1583,"one digit, last group",-1.5199952178648123e-10,29,-1.510709694928684e-12
01052001583,010-5200-1583,"one digit, last group",-1.5199952178648123e-10,30,1.734299145879853e-10
01052001583,010-5200-1583,"one digit, last group",-1.5199952178648123e-10,31,-2.9603100240531946e-11
01052001583,010-5200-1583,"one digit, last group",-1.5199952178648123e-10,32,-4.2219680806138624e-11
01052001583,010-5200-1583,"one digit, last group",-1.5199952178648123e-10,33,-2.460721016581295e-10
01052001583,010-5200-1583,"one digit, last group",-1.5199952178648123e-10,34,-8.233626868909735e-11
01052001583,010-5200-1583,"one digit, last group",-1.5199952178648123e-10,35,-5.8103456873680464e-11
01052001583,010-5200-1583,"one digit, last group",-1.5199952178648123e-10,36,-4.0161491749132633e-11
01052001583,010-5200-1583,"one digit, last group",-1.5199952178648123e-10,37,-4.348547628523802e-11
01052001583,010-5200-1583,"one digit, last group",-1.5199952178648123e-10,38,1.5308836862667444e-10
01052001583,010-5200-1583,"one digit, last group",-1.5199952178648123e-10,39,-4.518613146690623e-11
01052001583,010-5200-1583,"one digit, last group",-1.5199952178648123e-10,40,-3.9535959173611407e-10
01052001583,010-5200-1583,"one digit, last group",-1.5199952178648123e-10,41,9.394288854994533e-11
01052001583,010-5200-1583,"one digit, last group",-1.5199952178648123e-10,42,-9.622679091028622e-11
01052001583,010-5200-1583,"one digit, last group",-1.5199952178648123e-10,43,-7.38646239899524e-11
01052001583,010-5200-1583,"one digit, last group",-1.5199952178648123e-10,44,2.0525877637690605e-11
01052001583,010-5200-1583,"one digit, last group",-1.5199952178648123e-10,45,-5.944582476012034e-11
01052001583,010-5200-1583,"one digit, last group",-1.5199952178648123e-10,46,-9.950161030349911e-11
01052001583,010-5200-1583,"one digit, last group",-1.5199952178648123e-10,47,-1.3094984362171018e-10
01052001583,010-5200-1583,"one digit, last group",-1.5199952178648123e-10,48,2.1459257239154823e-10
01052001583,010-5200-1583,"one digit, last group",-1.5199952178648123e-10,49,-8.74746046175462e-11
01052001583,010-5200-1583,"one digit, last group",-1.5199952178648123e-10,50,-2.3027795918630832e-10
01052001583,010-5200-1583,"one digit, last group",-1.5199952178648123e-10,51,4.612637744816004e-12
01052001583,010-5200-1583,"one digit, last group",-1.5199952178648123e-10,52,-1.5471666946476447e-10
01052001583,010-5200-1583,"one digit, last group",-1.5199952178648123e-10,53,1.1976142537353266e-11
01052001583,010-5200-1583,"one digit, last group",-1.5199952178648123e-10,54,1.784499626785474e-11
01052001583,010-5200-1583,"one digit, last group",-1.5199952178648123e-10,55,3.3347957316839407e-10
01052001583,010-5200-1583,"one digit, last group",-1.5199952178648123e-10,56,2.2162478873329298e-10
01052001583,010-5200-1583,"one digit, last group",-1.5199952178648123e-10,57,-3.6482463250402906e-11
01052001583,010-5200-1583,"one digit, last group",-1.5199952178648123e-10,58,-3.43656886938094e-11
01052001583,010-5200-1583,"one digit, last group",-1.5199952178648123e-10,59,9.855739747660235e-11
01052001583,010-5200-1583,"one digit, last group",-1.5199952178648123e-10,60,-6.062691578437271e-11
01052001583,010-5200-1583,"one digit, last group",-1.5199952178648123e-10,61,1.872676288825932e-11
01052001583,010-5200-1583,"one digit, last group",-1.5199952178648123e-10,62,3.026367444021583e-10
01052001583,010-5200-1583,"one digit, last group",-1.5199952178648123e-10,63,1.1226487767365667e-10
01052001583,010-5200-1583,"one digit, last group",-1.5199952178648123e-10,64,-1.0173904382087481e-10
01052001583,010-5200-1583,"one digit, last group",-1.5199952178648123e-10,65,4.43823991975153e-11
01052001583,010-5200-1583,"one digit, last group",-1.5199952178648123e-10,66,1.5375155342626051e-10
01052001583,010-5200-1583,"one digit, last group",-1.5199952178648123e-10,67,-1.0653450338382658e-10
01052001583,010-5200-1583,"one digit, last group",-1.5199952178648123e-10,68,5.1450283278293934e-11
01052001583,010-5200-1583,"one digit, last group",-1.5199952178648123e-10,69,4.329415565444621e-10
01052001583,010-5200-1583,"one digit, last group",-1.5199952178648123e-10,70,-9.683100482259736e-11
01052001583,010-5200-1583,"one digit, last group",-1.5199952178648123e-10,71,-4.100922743451372e-11
01052001583,010-5200-1583,"one digit, last group",-1.5199952178648123e-10,72,-5.652549691009874e-12
01052001583,010-5200-1583,"one digit, last group",-1.5199952178648123e-10,73,1.9201134147456761e-10
01052001583,010-5200-1583,"one digit, last group",-1.5199952178648123e-10,74,1.6563577815865762e-10
01052001583,010-5200-1583,"one digit, last group",-1.5199952178648123e-10,75,-8.015614644275597e-11
01052001583,010-5200-1583,"one digit, last group",-1.5199952178648123e-10,76,-1.021776686993031e-10
01052001583,010-5200-1583,"one digit, last group",-1.5199952178648123e-10,77,-5.0725186283350204e-11
01052001583,010-5200-1583,"one digit, last group",-1.5199952178648123e-10,78,-2.272769470966888e-10
01052001583,010-5200-1583,"one digit, last group",-1.5199952178648123e-10,79,-2.115986647213026e-10
01052001583,010-5200-1583,"one digit, last group",-1.5199952178648123e-10,80,1.315568263372363e-10
01052001583,010-5200-1583,"one digit, last group",-1.5199952178648123e-10,81,-1.814791783834627e-10
01052001583,010-5200-1583,"one digit, last group",-1.5199952178648123e-10,82,9.592297777299976e-11
01052001583,010-5200-1583,"one digit, last group",-1.5199952178648123e-10,83,-4.9735303296561566e-11
01052001583,010-5200-1583,"one digit, last group",-1.5199952178648123e-10,84,1.5621620342418192e-11
01052001583,010-5200-1583,"one digit, last group",-1.5199952178648123e-10,85,3.4459586002770205e-11
01052001583,010-5200-1583,"one digit, last group",-1.5199952178648123e-10,86,-3.381520282880922e-10
01052001583,010-5200-1583,"one digit, last group",-1.5199952178648123e-10,87,1.1114818525195414e-10
01052001583,010-5200-1583,"one digit, last group",-1.5199952178648123e-10,88,6.837005775139349e-11
01052001583,010-5200-1583,"one digit, last group",-1.5199952178648123e-10,89,1.6993358087775485e-10
01052001583,010-5200-1583,"one digit, last group",-1.5199952178648123e-10,90,-2.1588279866327912e-10
01052001583,010-5200-1583,"one digit, last group",-1.5199952178648123e-10,91,-2.480382694816934e-11
01052001583,010-5200-1583,"one digit, last group",-1.5199952178648123e-10,92,-1.5535719005545524e-10
01052001583,010-5200-1583,"one digit, last group",-1.5199952178648123e-10,93,1.9503581617422026e-10
01052001583,010-5200-1583,"one digit, last group",-1.5199952178648123e-10,94,4.8460620478960505e-11
01052001583,010-5200-1583,"one digit, last group",-1.5199952178648123e-10,95,2.223225830737319e-11
01052001583,010-5200-1583,"one digit, last group",-1.5199952178648123e-10,96,-4.3458438746133263e-10
01052001583,010-5200-1583,"one digit, last group",-1.5199952178648123e-10,97,9.568177733283801e-11
01052001583,010-5200-1583,"one digit, last group",-1.5199952178648123e-10,98,9.061188878517674e-11
01052001583,010-5200-1583,"one digit, last group",-1.5199952178648123e-10,99,6.4813836583182e-11
01052001583,010-5200-1583,"one digit, last group",-1.5199952178648123e-10,100,-1.0291088637653771e-11
01052001583,010-5200-1583,"one digit, last group",-1.5199952178648123e-10,101,-5.009148679423239e-11
01052001583,010-5200-1583,"one digit, last group",-1.5199952178648123e-10,102,3.5777497688245083e-10
01052001583,010-5200-1583,"one digit, last group",-1.5199952178648123e-10,103,2.4659438065886067e-13
01052001583,010-5200-1583,"one digit, last group",-1.5199952178648123e-10,104,1.1441728644102661e-10
01052001583,010-5200-1583,"one digit, last group",-1.5199952178648123e-10,105,-3.456518182769351e-11
01052001583,010-5200-1583,"one digit, last group",-1.5199952178648123e-10,106,-4.672987373999283e-11
01052001583,010-5200-1583,"one digit, last group",-1.5199952178648123e-10,107,-3.3207657096910534e-11
01052001583,010-5200-1583,"one digit, last group",-1.5199952178648123e-10,108,-6.890621393699594e-11
01052001583,010-5200-1583,"one digit, last group",-1.5199952178648123e-10,109,3.0147676767610236e-10
01052001583,010-5200-1583,"one digit, last group",-1.5199952178648123e-10,110,1.7650859619997728e-12
01052001583,010-5200-1583,"one digit, last group",-1.5199952178648123e-10,111,3.577476970712524e-11
01052001583,010-5200-1583,"one digit, last group",-1.5199952178648123e-10,112,-1.3025922250097793e-10
01052001583,010-5200-1583,"one digit, last group",-1.5199952178648123e-10,113,-4.799930405564073e-12
01052001583,010-5200-1583,"one digit, last group",-1.5199952178648123e-10,114,-1.1955634142046045e-10
01052001583,010-5200-1583,"one digit, last group",-1.5199952178648123e-10,115,1.0952874171384472e-11
01052001583,010-5200-1583,"one digit, last group",-1.5199952178648123e-10,116,-9.76696682528757e-11
01052001583,010-5200-1583,"one digit, last group",-1.5199952178648123e-10,117,-3.722874698158375e-10
01052001583,010-5200-1583,"one digit, last group",-1.5199952178648123e-10,118,-1.8648647143150092e-10
01052001583,010-5200-1583,"one digit, last group",-1.5199952178648123e-10,119,-1.3280115790977585e-10
01052001583,010-5200-1583,"one digit, last group",-1.5199952178648123e-10,120,3.392013318366077e-11
01052001583,010-5200-1583,"one digit, last group",-1.5199952178648123e-10,121,-1.8073167621296764e-10
01052001583,010-5200-1583,"one digit, last group",-1.5199952178648123e-10,122,1.6843245018574854e-11
01052001583,010-5200-1583,"one digit, last group",-1.5199952178648123e-10,123,3.2438678023694245e-11
01052001583,010-5200-1583,"one digit, last group",-1.5199952178648123e-10,124,-7.494607635219612e-10
01052001583,010-5200-1583,"one digit, last group",-1.5199952178648123e-10,125,-1.5533351114794326e-10
01052001583,010-5200-1583,"one digit, last group",-1.5199952178648123e-10,126,-7.167678984958342e-11
01052001583,010-5200-1583,"one digit, last group",-1.5199952178648123e-10,127,-2.1483524455210992e-10
01052001583,010-5200-1583,"one digit, last group",-1.5199952178648123e-10,128,3.321925406966732e-10
01052001583,010-5200-1583,"one digit, last group",-1.5199952178648123e-10,129,7.582029971738414e-11
01052001583,010-5200-1583,"one digit, last group",-1.5199952178648123e-10,130,-8.545339669783576e-11
01052001583,010-5200-1583,"one digit, last group",-1.5199952178648123e-10,131,1.3554105594048494e-10
01052001583,010-5200-1583,"one digit, last group",-1.5199952178648123e-10,132,5.216129271483863e-11
01052001583,010-5200-1583,"one digit, last group",-1.5199952178648123e-10,133,1.5010981514783877e-10
01052001583,010-5200-1583,"one digit, last group",-1.5199952178648123e-10,134,-8.065052288356083e-11
01052001583,010-5200-1583,"one digit, last group",-1.5199952178648123e-10,135,1.2586308501649621e-10
01052001583,010-5200-1583,"one digit, last group",-1.5199952178648123e-10,136,3.2950278979949335e-12
01052001583,010-5200-1583,"one digit, last group",-1.5199952178648123e-10,137,-8.804770910670149e-11
01052001583,010-5200-1583,"one digit, last group",-1.5199952178648123e-10,138,-1.2949328686616952e-10
01052001583,010-5200-1583,"one digit, last group",-1.5199952178648123e-10,139,1.7239421046429427e-11
01052001583,010-5200-1583,"one digit, last group",-1.5199952178648123e-10,140,-2.8077142595625042e-11
01052001583,010-5200-1583,"one digit, last group",-1.5199952178648123e-10,141,2.5367419559334517e-11
01052001583,010-5200-1583,"one digit, last group",-1.5199952178648123e-10,142,5.991245393240801e-11
01052001583,010-5200-1583,"one digit, last group",-1.5199952178648123e-10,143,-3.858734860323238e-11
01052001583,010-5200-1583,"one digit, last group",-1.5199952178648123e-10,144,-3.425531768766114e-11
01052001583,010-5200-1583,"one digit, last group",-1.5199952178648123e-10,145,-2.1300785949539938e-10
01052001583,010-5200-1583,"one digit, last group",-1.5199952178648123e-10,146,3.4689638495497675e-11
01052001583,010-5200-1583,"one digit, last group",-1.5199952178648123e-10,147,1.8243823140655887e-10
01052001583,010-5200-1583,"one digit, last group",-1.5199952178648123e-10,148,6.713915816790138e-11
01052001583,010-5200-1583,"one digit, last group",-1.5199952178648123e-10,149,5.885517369127806e-11
01052001583,010-5200-1583,"one digit, last group",-1.5199952178648123e-10,150,1.5544876147795607e-10
01052001583,010-5200-1583,"one digit, last group",-1.5199952178648123e-10,151,-3.167959641423993e-10
01052001583,010-5200-1583,"one digit, last group",-1.5199952178648123e-10,152,-2.677869540588187e-10
01052001583,010-5200-1583,"one digit, last group",-1.5199952178648123e-10,153,-2.511252046212003e-10
01052001583,010-5200-1583,"one digit, last group",-1.5199952178648123e-10,154,-2.4478155846408914e-11
01052001583,010-5200-1583,"one digit, last group",-1.5199952178648123e-10,155,-1.7652245402610283e-10
01052001583,010-5200-1583,"one digit, last group",-1.5199952178648123e-10,156,1.1998560761760378e-10
01052001583,010-5200-1583,"one digit, last group",-1.5199952178648123e-10,157,5.745645210064346e-11
01052001583,010-5200-1583,"one digit, last group",-1.5199952178648123e-10,158,-4.741091777941703e-11
01052001583,010-5200-1583,"one digit, last group",-1.5199952178648123e-10,159,1.3175887978713672e-10
01052001583,010-5200-1583,"one digit, last group",-1.5199952178648123e-10,160,7.976492615225896e-11
01052001583,010-5200-1583,"one digit, last group",-1.5199952178648123e-10,161,-4.6610136089952915e-11
01052001583,010-5200-1583,"one digit, last group",-1.5199952178648123e-10,162,1.778226677532132e-11
01052001583,010-5200-1583,"one digit, last group",-1.5199952178648123e-10,163,-6.945164147540806e-13
01052001583,010-5200-1583,"one digit, last group",-1.5199952178648123e-10,164,1.4373077391448123e-10
01052001583,010-5200-1583,"one digit, last group",-1.5199952178648123e-10,165,4.438206411142509e-12
01052001583,010-5200-1583,"one digit, last group",-1.5199952178648123e-10,166,-1.1976939506800925e-11
01052001583,010-5200-1583,"one digit, last group",-1.5199952178648123e-10,167,4.320219758834064e-10
01052001583,010-5200-1583,"one digit, last group",-1.5199952178648123e-10,168,-2.914790151115212e-10
01052001583,010-5200-1583,"one digit, last group",-1.5199952178648123e-10,169,-9.929275146652845e-11
01052001583,010-5200-1583,"one digit, last group",-1.5199952178648123e-10,170,2.668384241746703e-11
01052001583,010-5200-1583,"one digit, last group",-1.5199952178648123e-10,171,1.2403822159388065e-08
01052001583,010-5200-1583,"one digit, last group",-1.5199952178648123e-10,172,1.2372584192759805e-09
01052001583,010-5200-1583,"one digit, last group",-1.5199952178648123e-10,173,-1.1549281621221991e-10
01052001583,010-5200-1583,"one digit, last group",-1.5199952178648123e-10,174,5.960519454132038e-11
01052001583,010-5200-1583,"one digit, last group",-1.5199952178648123e-10,175,-4.678513601443482e-10
01052001583,010-5200-1583,"one digit, last group",-1.5199952178648123e-10,176,-1.4742727256872007e-10
01052001583,010-5200-1583,"one digit, last group",-1.5199952178648123e-10,177,-1.5372575284513346e-10
01052001583,010-5200-1583,"one digit, last group",-1.5199952178648123e-10,178,7.47908725055226e-11
01052001583,010-5200-1583,"one digit, last group",-1.5199952178648123e-10,179,2.3273989907325324e-10
01052001583,010-5200-1583,"one digit, last group",-1.5199952178648123e-10,180,2.8242838028103537e-11
01052001583,010-5200-1583,"one digit, last group",-1.5199952178648123e-10,181,2.3037160690005493e-10
01052001583,010-5200-1583,"one digit, last group",-1.5199952178648123e-10,182,-2.5243171556455833e-10
01052001583,010-5200-1583,"one digit, last group",-1.5199952178648123e-10,183,1.8107489541670884e-10
01052001583,010-5200-1583,"one digit, last group",-1.5199952178648123e-10,184,-2.7204622189440102e-11
01052001583,010-5200-1583,"one digit, last group",-1.5199952178648123e-10,185,-5.742901942838648e-11
01052001583,010-5200-1583,"one digit, last group",-1.5199952178648123e-10,186,2.4017440177858385e-12
01052001583,010-5200-1583,"one digit, last group",-1.5199952178648123e-10,187,8.016718766680979e-11
01052001583,010-5200-1583,"one digit, last group",-1.5199952178648123e-10,188,-2.5280141826714664e-11
01052001583,010-5200-1583,"one digit, last group",-1.5199952178648123e-10,189,-6.100013398940067e-11
01052001583,010-5200-1583,"one digit, last group",-1.5199952178648123e-10,190,4.1367439211282437e-11
01052001583,010-5200-1583,"one digit, last group",-1.5199952178648123e-10,191,-1.5120968910497538e-11
01052001583,010-5200-1583,"one digit, last group",-1.5199952178648123e-10,192,-8.130578108405997e-11
01052001583,010-5200-1583,"one digit, last group",-1.5199952178648123e-10,193,-3.0285808671951584e-10
01052001583,010-5200-1583,"one digit, last group",-1.5199952178648123e-10,194,-6.639201574273171e-12
01052001583,010-5200-1583,"one digit, last group",-1.5199952178648123e-10,195,2.2588642655952546e-10
01052001583,010-5200-1583,"one digit, last group",-1.5199952178648123e-10,196,5.613833883797966e-11
01052001583,010-5200-1583,"one digit, last group",-1.5199952178648123e-10,197,-1.5441085298159317e-10
01052001583,010-5200-1583,"one digit, last group",-1.5199952178648123e-10,198,1.298429279871021e-10
01052001583,010-5200-1583,"one digit, last group",-1.5199952178648123e-10,199,8.514609495320746e-11
01052001583,010-5200-1583,"one digit, last group",-1.5199952178648123e-10,200,8.939736285302423e-11
01052001583,010-5200-1583,"one digit, last group",-1.5199952178648123e-10,201,-3.2103330271123084e-11
01052001583,010-5200-1583,"one digit, last group",-1.5199952178648123e-10,202,-3.285483258677811e-10
01052001583,010-5200-1583,"one digit, last group",-1.5199952178648123e-10,203,5.758699142504627e-12
00653004858,006-5300-4858,original,1.0000000001004032,0,5.268748801121776e-12
00653004858,006-5300-4858,original,1.0000000001004032,1,1.0723358254567774e-10
00653004858,006-5300-4858,original,1.0000000001004032,2,-2.4804658449195484e-10
00653004858,006-5300-4858,original,1.0000000001004032,3,2.9855287989118505e-11
00653004858,006-5300-4858,original,1.0000000001004032,4,1.3246494939010976e-10
00653004858,006-5300-4858,original,1.0000000001004032,5,-6.92505007933727e-11
00653004858,006-5300-4858,original,1.0000000001004032,6,-3.1293448133911253e-10
00653004858,006-5300-4858,original,1.0000000001004032,7,1.0726499884456142e-10
00653004858,006-5300-4858,original,1.0000000001004032,8,-1.80581103074104e-10
00653004858,006-5300-4858,original,1.0000000001004032,9,-1.1349207427631615e-10
00653004858,006-5300-4858,original,1.0000000001004032,10,-9.98237549491702e-12
00653004858,006-5300-4858,original,1.0000000001004032,11,-2.558295803953375e-10
00653004858,006-5300-4858,original,1.0000000001004032,12,-2.37263097432305e-10
00653004858,006-5300-4858,original,1.0000000001004032,13,3.119024640095676e-10
00653004858,006-5300-4858,original,1.0000000001004032,14,-6.98543254466587e-11
00653004858,006-5300-4858,original,1.0000000001004032,15,-2.3958469473809626e-11
00653004858,006-5300-4858,original,1.0000000001004032,16,-9.012709259039358e-11
00653004858,006-5300-4858,original,1.0000000001004032,17,4.496465479754802e-12
00653004858,006-5300-4858,original,1.0000000001004032,18,3.192240384030391e-10
00653004858,006-5300-4858,original,1.0000000001004032,19,-4.3513462336309143e-11
00653004858,006-5300-4858,original,1.0000000001004032,20,1.1362196263471266e-11
00653004858,006-5300-4858,original,1.0000000001004032,21,6.517071627938134e-11
00653004858,006-5300-4858,original,1.0000000001004032,22,-3.355356929785484e-11
00653004858,006-5300-4858,original,1.0000000001004032,23,-5.243479801754151e-11
00653004858,006-5300-4858,original,1.0000000001004032,24,7.386387766641314e-15
00653004858,006-5300-4858,original,1.0000000001004032,25,1.7323243379740649e-10
00653004858,006-5300-4858,original,1.0000000001004032,26,-5.791436779143933e-10
00653004858,006-5300-4858,original,1.0000000001004032,27,-6.136792674125873e-11
00653004858,006-5300-4858,original,1.0000000001004032,28,3.9516506942387393e-10
00653004858,006-5300-4858,original,1.0000000001004032,29,3.9628662351044776e-11
00653004858,006-5300-4858,original,1.0000000001004032,30,5.536991146156397e-11
00653004858,006-5300-4858,original,1.0000000001004032,31,-4.346108175514808e-11
00653004858,006-5300-4858,original,1.0000000001004032,32,-2.5735248726646583e-10
00653004858,006-5300-4858,original,1.0000000001004032,33,5.413516768672588e-11
00653004858,006-5300-4858,original,1.0000000001004032,34,8.85574877605013e-11
00653004858,006-5300-4858,original,1.0000000001004032,35,-5.134556320014912e-11
00653004858,006-5300-4858,original,1.0000000001004032,36,1.7860062296476227e-12
00653004858,006-5300-4858,original,1.0000000001004032,37,1.2263551617298546e-10
00653004858,006-5300-4858,original,1.0000000001004032,38,9.056219529876851e-11
00653004858,006-5300-4858,original,1.0000000001004032,39,-1.9971585858366227e-10
00653004858,006-5300-4858,original,1.0000000001004032,40,-3.4217485886683707e-10
00653004858,006-5300-4858,original,1.0000000001004032,41,3.714583803483005e-11
00653004858,006-5300-4858,original,1.0000000001004032,42,1.5498450479447674e-10
00653004858,006-5300-4858,original,1.0000000001004032,43,-4.573226052941079e-11
00653004858,006-5300-4858,original,1.0000000001004032,44,-3.2593578641630726e-11
00653004858,006-5300-4858,original,1.0000000001004032,45,-6.233785284615543e-11
00653004858,006-5300-4858,original,1.0000000001004032,46,8.193129598439051e-11
00653004858,006-5300-4858,original,1.0000000001004032,47,-1.0203777166947297e-10
00653004858,006-5300-4858,original,1.0000000001004032,48,9.439901643118532e-11
00653004858,006-5300-4858,original,1.0000000001004032,49,6.754749005651575e-11
00653004858,006-5300-4858,original,1.0000000001004032,50,9.429237454522515e-11
00653004858,006-5300-4858,original,1.0000000001004032,51,4.968218468971776e-11
00653004858,006-5300-4858,original,1.0000000001004032,52,9.415297946745018e-12
00653004858,006-5300-4858,original,1.0000000001004032,53,3.220276159743926e-11
00653004858,006-5300-4858,original,1.0000000001004032,54,-1.97154298192104e-11
00653004858,006-5300-4858,original,1.0000000001004032,55,1.029796968275495e-10
00653004858,006-5300-4858,original,1.0000000001004032,56,8.889544278173913e-11
00653004858,006-5300-4858,original,1.0000000001004032,57,6.181640785813089e-12
00653004858,006-5300-4858,original,1.0000000001004032,58,7.022214654804416e-12
00653004858,006-5300-4858,original,1.0000000001004032,59,1.4341530559675064e-10
00653004858,006-5300-4858,original,1.0000000001004032,60,3.094259761051892e-11
00653004858,006-5300-4858,original,1.0000000001004032,61,1.0321470014450191e-10
00653004858,006-5300-4858,original,1.0000000001004032,62,-4.803291683580718e-11
00653004858,006-5300-4858,original,1.0000000001004032,63,-8.215954454978129e-11
00653004858,006-5300-4858,original,1.0000000001004032,64,-3.240581113927073e-10
00653004858,006-5300-4858,original,1.0000000001004032,65,-1.8772837481546674e-10
00653004858,006-5300-4858,original,1.0000000001004032,66,1.9108945475343743e-10
00653004858,006-5300-4858,original,1.0000000001004032,67,-2.0865294596794694e-11
00653004858,006-5300-4858,original,1.0000000001004032,68,-9.041525939054342e-11
00653004858,006-5300-4858,original,1.0000000001004032,69,-6.681416830467626e-11
00653004858,006-5300-4858,original,1.0000000001004032,70,1.309887008217777e-12
00653004858,006-5300-4858,original,1.0000000001004032,71,-1.2824406150609839e-10
00653004858,006-5300-4858,original,1.0000000001004032,72,-1.5363630651700244e-11
00653004858,006-5300-4858,original,1.0000000001004032,73,-2.7886627705490807e-11
00653004858,006-5300-4858,original,1.0000000001004032,74,2.6839466022017523e-10
00653004858,006-5300-4858,original,1.0000000001004032,75,5.605962735327934e-12
00653004858,006-5300-4858,original,1.0000000001004032,76,9.259231778943124e-11
00653004858,006-5300-4858,original,1.0000000001004032,77,5.050019619096363e-11
00653004858,006-5300-4858,original,1.0000000001004032,78,-4.67094431748209e-10
00653004858,006-5300-4858,original,1.0000000001004032,79,1.7866103146377276e-10
00653004858,006-5300-4858,original,1.0000000001004032,80,-9.327936678136212e-11
00653004858,006-5300-4858,original,1.0000000001004032,81,4.068863940565418e-11
00653004858,006-5300-4858,original,1.0000000001004032,82,9.667601341108779e-11
00653004858,006-5300-4858,original,1.0000000001004032,83,-3.724195716439459e-11
00653004858,006-5300-4858,original,1.0000000001004032,84,1.4389232585244808e-11
00653004858,006-5300-4858,original,1.0000000001004032,85,-2.2214353009870616e-11
00653004858,006-5300-4858,original,1.0000000001004032,86,9.817229121504193e-11
00653004858,006-5300-4858,original,1.0000000001004032,87,-7.386754056301423e-11
00653004858,006-5300-4858,original,1.0000000001004032,88,1.4493946414058777e-10
00653004858,006-5300-4858,original,1.0000000001004032,89,-1.759439992645286e-11
00653004858,006-5300-4858,original,1.0000000001004032,90,-1.1759648264155395e-10
00653004858,006-5300-4858,original,1.0000000001004032,91,-2.1914356052728317e-10
00653004858,006-5300-4858,original,1.0000000001004032,92,-8.769446980854753e-11
00653004858,006-5300-4858,original,1.0000000001004032,93,-1.8820084717422648e-10
00653004858,006-5300-4858,original,1.0000000001004032,94,-5.3226307270953066e-12
00653004858,006-5300-4858,original,1.0000000001004032,95,-3.7991880975589845e-11
00653004858,006-5300-4858,original,1.0000000001004032,96,3.293128750378369e-10
00653004858,006-5300-4858,original,1.0000000001004032,97,-1.94568354380372e-10
00653004858,006-5300-4858,original,1.0000000001004032,98,-3.281606641526533e-10
00653004858,006-5300-4858,original,1.0000000001004032,99,1.224479961654434e-10
00653004858,006-5300-4858,original,1.0000000001004032,100,-2.2178037932624924e-11
00653004858,006-5300-4858,original,1.0000000001004032,101,1.324885826022039e-10
00653004858,006-5300-4858,original,1.0000000001004032,102,3.3627613812769764e-10
00653004858,006-5300-4858,original,1.0000000001004032,103,1.0788878239715075e-10
00653004858,006-5300-4858,original,1.0000000001004032,104,-8.187899115178413e-11
00653004858,006-5300-4858,original,1.0000000001004032,105,2.442724847699239e-11
00653004858,006-5300-4858,original,1.0000000001004032,106,2.6817133483848194e-12
00653004858,006-5300-4858,original,1.0000000001004032,107,3.2585066958012095e-12
00653004858,006-5300-4858,original,1.0000000001004032,108,8.876697603009032e-11
00653004858,006-5300-4858,original,1.0000000001004032,109,4.679363854265094e-11
00653004858,006-5300-4858,original,1.0000000001004032,110,2.879589225649513e-11
00653004858,006-5300-4858,original,1.0000000001004032,111,6.105413871819476e-11
00653004858,006-5300-4858,original,1.0000000001004032,112,-3.260238480541803e-10
00653004858,006-5300-4858,original,1.0000000001004032,113,1.197077413757358e-11
00653004858,006-5300-4858,original,1.0000000001004032,114,-1.8978002459946953e-10
00653004858,006-5300-4858,original,1.0000000001004032,115,3.028190957423861e-11
00653004858,006-5300-4858,original,1.0000000001004032,116,3.971553908347029e-11
00653004858,006-5300-4858,original,1.0000000001004032,117,1.4726794188818448e-10
00653004858,006-5300-4858,original,1.0000000001004032,118,-1.3043823693016647e-10
00653004858,006-5300-4858,original,1.0000000001004032,119,7.918871613774397e-12
00653004858,006-5300-4858,original,1.0000000001004032,120,6.096720260631104e-11
00653004858,006-5300-4858,original,1.0000000001004032,121,1.4325267266594963e-10
00653004858,006-5300-4858,original,1.0000000001004032,122,-2.3034085277021698e-11
00653004858,006-5300-4858,original,1.0000000001004032,123,-9.470967330631396e-11
00653004858,006-5300-4858,original,1.0000000001004032,124,4.3600334136938503e-10
00653004858,006-5300-4858,original,1.0000000001004032,125,-1.9903006782923683e-10
00653004858,006-5300-4858,original,1.0000000001004032,126,-6.765781918874716e-11
00653004858,006-5300-4858,original,1.0000000001004032,127,-1.7679492321654585e-10
00653004858,006-5300-4858,original,1.0000000001004032,128,2.1415793955216006e-11
00653004858,006-5300-4858,original,1.0000000001004032,129,8.315404093355827e-11
00653004858,006-5300-4858,original,1.0000000001004032,130,-7.785570550953423e-11
00653004858,006-5300-4858,original,1.0000000001004032,131,-3.438565893339367e-10
00653004858,006-5300-4858,original,1.0000000001004032,132,1.1258309622784082e-10
00653004858,006-5300-4858,original,1.0000000001004032,133,1.1880253782112436e-10
00653004858,006-5300-4858,original,1.0000000001004032,134,-1.8448310590480236e-13
00653004858,006-5300-4858,original,1.0000000001004032,135,2.7685785558456838e-11
00653004858,006-5300-4858,original,1.0000000001004032,136,9.092663204404511e-12
00653004858,006-5300-4858,original,1.0000000001004032,137,7.97851996371326e-11
00653004858,006-5300-4858,original,1.0000000001004032,138,-1.394328245306334e-10
00653004858,006-5300-4858,original,1.0000000001004032,139,-6.388128259523898e-11
00653004858,006-5300-4858,original,1.0000000001004032,140,5.3678563319197385e-11
00653004858,006-5300-4858,original,1.0000000001004032,141,-1.2354445675048275e-10
00653004858,006-5300-4858,original,1.0000000001004032,142,-2.1387323123066037e-10
00653004858,006-5300-4858,original,1.0000000001004032,143,9.075102058118475e-11
00653004858,006-5300-4858,original,1.0000000001004032,144,-2.36308551149282e-11
00653004858,006-5300-4858,original,1.0000000001004032,145,1.132864213573122e-11
00653004858,006-5300-4858,original,1.0000000001004032,146,-1.0943080340576971e-11
00653004858,006-5300-4858,original,1.0000000001004032,147,-1.8020378949041198e-10
00653004858,006-5300-4858,original,1.0000000001004032,148,5.158394925398935e-11
00653004858,006-5300-4858,original,1.0000000001004032,149,8.422738033606777e-12
00653004858,006-5300-4858,original,1.0000000001004032,150,-6.04911648963319e-11
00653004858,006-5300-4858,original,1.0000000001004032,151,-1.5653461375051955e-14
00653004858,006-5300-4858,original,1.0000000001004032,152,-7.519825694802582e-11
00653004858,006-5300-4858,original,1.0000000001004032,153,-2.741462911092637e-11
00653004858,006-5300-4858,original,1.0000000001004032,154,2.450379250818196e-11
00653004858,006-5300-4858,original,1.0000000001004032,155,-6.8588026347801495e-12
00653004858,006-5300-4858,original,1.0000000001004032,156,-8.010940357303567e-11
00653004858,006-5300-4858,original,1.0000000001004032,157,-4.86170689292114e-11
00653004858,006-5300-4858,original,1.0000000001004032,158,-1.284141703450975e-11
00653004858,006-5300-4858,original,1.0000000001004032,159,3.1286803032466554e-12
00653004858,006-5300-4858,original,1.0000000001004032,160,-3.111560415948257e-10
00653004858,006-5300-4858,original,1.0000000001004032,161,5.7877523877047263e-11
00653004858,006-5300-4858,original,1.0000000001004032,162,-1.0492737527596207e-11
00653004858,006-5300-4858,original,1.0000000001004032,163,2.8973404134751397e-11
00653004858,006-5300-4858,original,1.0000000001004032,164,-3.98163689562536e-10
00653004858,006-5300-4858,original,1.0000000001004032,165,-1.4583789152324663e-10
00653004858,006-5300-4858,original,1.0000000001004032,166,4.8773607289355544e-11
00653004858,006-5300-4858,original,1.0000000001004032,167,-2.26575919153754e-10
00653004858,006-5300-4858,original,1.0000000001004032,168,-1.8425086518643305e-10
00653004858,006-5300-4858,original,1.0000000001004032,169,1.0664312374176471e-10
00653004858,006-5300-4858,original,1.0000000001004032,170,1.9932571920277634e-10
00653004858,006-5300-4858,original,1.0000000001004032,171,2.1619674153803457e-11
00653004858,006-5300-4858,original,1.0000000001004032,172,2.4651470841337242e-11
00653004858,006-5300-4858,original,1.0000000001004032,173,3.511947844428928e-11
00653004858,006-5300-4858,original,1.0000000001004032,174,-2.5096074939522627e-11
00653004858,006-5300-4858,original,1.0000000001004032,175,3.5585870039829584e-10
00653004858,006-5300-4858,original,1.0000000001004032,176,-2.351459834055439e-11
00653004858,006-5300-4858,original,1.0000000001004032,177,-6.369490547465122e-11
00653004858,006-5300-4858,original,1.0000000001004032,178,5.734258826260744e-11
00653004858,006-5300-4858,original,1.0000000001004032,179,-1.3698126576025346e-10
00653004858,006-5300-4858,original,1.0000000001004032,180,1.023160838276043e-10
00653004858,006-5300-4858,original,1.0000000001004032,181,-2.0836540834900266e-10
00653004858,006-5300-4858,original,1.0000000001004032,182,-1.4533660622947154e-10
00653004858,006-5300-4858,original,1.0000000001004032,183,-1.2029178291093504e-11
00653004858,006-5300-4858,original,1.0000000001004032,184,-5.2321996609380386e-11
00653004858,006-5300-4858,original,1.0000000001004032,185,-9.711433830600443e-11
00653004858,006-5300-4858,original,1.0000000001004032,186,1.361131333027423e-10
00653004858,006-5300-4858,original,1.0000000001004032,187,0.9999996978059558
00653004858,006-5300-4858,original,1.0000000001004032,188,0.9999996811109422
00653004858,006-5300-4858,original,1.0000000001004032,189,-2.1802238549842022e-10
00653004858,006-5300-4858,original,1.0000000001004032,190,-5.997642275360145e-11
00653004858,006-5300-4858,original,1.0000000001004032,191,6.164754261001727e-11
00653004858,006-5300-4858,original,1.0000000001004032,192,8.06377608400627e-11
00653004858,006-5300-4858,original,1.0000000001004032,193,-6.734318319749674e-12
00653004858,006-5300-4858,original,1.0000000001004032,194,-1.401237918001873e-11
00653004858,006-5300-4858,original,1.0000000001004032,195,2.0329888725306774e-10
00653004858,006-5300-4858,original,1.0000000001004032,196,5.4948273443953424e-11
00653004858,006-5300-4858,original,1.0000000001004032,197,-1.6745820406136763e-10
00653004858,006-5300-4858,original,1.0000000001004032,198,2.217417158266422e-10
00653004858,006-5300-4858,original,1.0000000001004032,199,1.9398818911480466e-10
00653004858,006-5300-4858,original,1.0000000001004032,200,-9.653578070791322e-11
00653004858,006-5300-4858,original,1.0000000001004032,201,-2.0142818546769486e-11
00653004858,006-5300-4858,original,1.0000000001004032,202,2.936836518710632e-10
00653004858,006-5300-4858,original,1.0000000001004032,203,-2.734204589868836e-11
00653004859,006-5300-4859,"one digit, last group",-8.461690056935897e-11,0,6.536373495915074e-11
00653004859,006-5300-4859,"one digit, last group",-8.461690056935897e-11,1,1.488003200161866e-11
00653004859,006-5300-4859,"one digit, last group",-8.461690056935897e-11,2,3.2248824970276014e-10
00653004859,006-5300-4859,"one digit, last group",-8.461690056935897e-11,3,3.9507936334217194e-11
00653004859,006-5300-4859,"one digit, last group",-8.461690056935897e-11,4,-1.4513293194257948e-10
00653004859,006-5300-4859,"one digit, last group",-8.461690056935897e-11,5,-5.198198926814424e-10
00653004859,006-5300-4859,"one digit, last group",-8.461690056935897e-11,6,5.347020518620419e-11
00653004859,006-5300-4859,"one digit, last group",-8.461690056935897e-11,7,-1.0787818548394178e-10
00653004859,006-5300-4859,"one digit, last group",-8.461690056935897e-11,8,9.488804402876153e-11
00653004859,006-5300-4859,"one digit, last group",-8.461690056935897e-11,9,5.587788003522645e-13
00653004859,006-5300-4859,"one digit, last group",-8.461690056935897e-11,10,-4.640357273858813e-11
00653004859,006-5300-4859,"one digit, last group",-8.461690056935897e-11,11,-1.7813586924178244e-10
00653004859,006-5300-4859,"one digit, last group",-8.461690056935897e-11,12,5.062138016714907e-10
00653004859,006-5300-4859,"one digit, last group",-8.461690056935897e-11,13,3.6059084696860387e-10
00653004859,006-5300-4859,"one digit, last group",-8.461690056935897e-11,14,3.152134610589367e-12
00653004859,006-5300-4859,"one digit, last group",-8.461690056935897e-11,15,3.1795393752102985e-11
00653004859,006-5300-4859,"one digit, last group",-8.461690056935897e-11,16,-3.1617026134619314e-11
00653004859,006-5300-4859,"one digit, last group",-8.461690056935897e-11,17,2.599624159171967e-10
00653004859,006-5300-4859,"one digit, last group",-8.461690056935897e-11,18,-1.9254775203642592e-10
00653004859,006-5300-4859,"one digit, last group",-8.461690056935897e-11,19,4.9550955038660704e-11
00653004859,006-5300-4859,"one digit, last group",-8.461690056935897e-11,20,1.4230123275440875e-10
00653004859,006-5300-4859,"one digit, last group",-8.461690056935897e-11,21,-1.0073140609932367e-10
00653004859,006-5300-4859,"one digit, last group",-8.461690056935897e-11,22,-4.519500433374686e-12
00653004859,006-5300-4859,"one digit, last group",-8.461690056935897e-11,23,1.028152193299364e-10
00653004859,006-5300-4859,"one digit, last group",-8.461690056935897e-11,24,2.8166790059268954e-11
00653004859,006-5300-4859,"one digit, last group",-8.461690056935897e-11,25,1.7259814877235513e-10
00653004859,006-5300-4859,"one digit, last group",-8.461690056935897e-11,26,4.2959044856690866e-11
00653004859,006-5300-4859,"one digit, last group",-8.461690056935897e-11,27,1.7308168341724123e-10
00653004859,006-5300-4859,"one digit, last group",-8.461690056935897e-11,28,-2.245126941274356e-10
00653004859,006-5300-4859,"one digit, last group",-8.461690056935897e-11,29,-5.268824371433277e-11
00653004859,006-5300-4859,"one digit, last group",-8.461690056935897e-11,30,-1.200005661454584e-10
00653004859,006-5300-4859,"one digit, last group",-8.461690056935897e-11,31,1.48845091673231e-11
00653004859,006-5300-4859,"one digit, last group",-8.461690056935897e-11,32,-1.7149488276611324e-10
00653004859,006-5300-4859,"one digit, last group",-8.461690056935897e-11,33,-1.1458302163709134e-10
00653004859,006-5300-4859,"one digit, last group",-8.461690056935897e-11,34,-7.237053573329206e-11
00653004859,006-5300-4859,"one digit, last group",-8.461690056935897e-11,35,-4.4928564724271995e-11
00653004859,006-5300-4859,"one digit, last group",-8.461690056935897e-11,36,8.30268393152843e-11
00653004859,006-5300-4859,"one digit, last group",-8.461690056935897e-11,37,8.191227751782259e-11
00653004859,006-5300-4859,"one digit, last group",-8.461690056935897e-11,38,6.759560154577675e-11
00653004859,006-5300-4859,"one digit, last group",-8.461690056935897e-11,39,1.064423562235009e-10
00653004859,006-5300-4859,"one digit, last group",-8.461690056935897e-11,40,-7.991510640763143e-11
00653004859,006-5300-4859,"one digit, last group",-8.461690056935897e-11,41,1.2479260882659853e-11
00653004859,006-5300-4859,"one digit, last group",-8.461690056935897e-11,42,1.0017860212782287e-10
00653004859,006-5300-4859,"one digit, last group",-8.461690056935897e-11,43,2.3852684322411543e-11
00653004859,006-5300-4859,"one digit, last group",-8.461690056935897e-11,44,-2.1767221791614636e-11
00653004859,006-5300-4859,"one digit, last group",-8.461690056935897e-11,45,-8.115003376614289e-11
00653004859,006-5300-4859,"one digit, last group",-8.461690056935897e-11,46,-8.14213123210389e-11
00653004859,006-5300-4859,"one digit, last group",-8.461690056935897e-11,47,-1.254200729202065e-10
00653004859,006-5300-4859,"one digit, last group",-8.461690056935897e-11,48,2.1100896831026565e-10
00653004859,006-5300-4859,"one digit, last group",-8.461690056935897e-11,49,1.5474769147550793e-10
00653004859,006-5300-4859,"one digit, last group",-8.461690056935897e-11,50,5.837836171822059e-10
00653004859,006-5300-4859,"one digit, last group",-8.461690056935897e-11,51,2.902570838524278e-11
00653004859,006-5300-4859,"one digit, last group",-8.461690056935897e-11,52,5.761720335950005e-11
00653004859,006-5300-4859,"one digit, last group",-8.461690056935897e-11,53,1.884257346534771e-11
00653004859,006-5300-4859,"one digit, last group",-8.461690056935897e-11,54,-5.932636504801993e-11
00653004859,006-5300-4859,"one digit, last group",-8.461690056935897e-11,55,-1.847197738993975e-10
00653004859,006-5300-4859,"one digit, last group",-8.461690056935897e-11,56,-1.3338699506114725e-10
00653004859,006-5300-4859,"one digit, last group",-8.461690056935897e-11,57,7.061562475847669e-11
00653004859,006-5300-4859,"one digit, last group",-8.461690056935897e-11,58,2.379149901220876e-11
00653004859,006-5300-4859,"one digit, last group",-8.461690056935897e-11,59,-9.392258523143222e-12
00653004859,006-5300-4859,"one digit, last group",-8.461690056935897e-11,60,-3.289255699230291e-10
00653004859,006-5300-4859,"one digit, last group",-8.461690056935897e-11,61,-3.991294984442402e-11
00653004859,006-5300-4859,"one digit, last group",-8.461690056935897e-11,62,-8.108816358662541e-13
00653004859,006-5300-4859,"one digit, last group",-8.461690056935897e-11,63,-1.89064690259692e-10
00653004859,006-5300-4859,"one digit, last group",-8.461690056935897e-11,64,-5.5852327997550265e-11
00653004859,006-5300-4859,"one digit, last group",-8.461690056935897e-11,65,-1.3819858888123308e-10
00653004859,006-5300-4859,"one digit, last group",-8.461690056935897e-11,66,-5.909997650001678e-11
00653004859,006-5300-4859,"one digit, last group",-8.461690056935897e-11,67,2.8915689910269893e-10
00653004859,006-5300-4859,"one digit, last group",-8.461690056935897e-11,68,-1.1660681630437622e-10
00653004859,006-5300-4859,"one digit, last group",-8.461690056935897e-11,69,-2.9458230231014323e-10
00653004859,006-5300-4859,"one digit, last group",-8.461690056935897e-11,70,3.815402260204652e-11
00653004859,006-5300-4859,"one digit, last group",-8.461690056935897e-11,71,9.185086436336406e-12
00653004859,006-5300-4859,"one digit, last group",-8.461690056935897e-11,72,-6.9277248789497825e-12
00653004859,006-5300-4859,"one digit, last group",-8.461690056935897e-11,73,-1.1718036491553155e-11
00653004859,006-5300-4859,"one digit, last group",-8.461690056935897e-11,74,-6.101058558162719e-11
00653004859,006-5300-4859,"one digit, last group",-8.461690056935897e-11,75,1.7123488496500427e-11
00653004859,006-5300-4859,"one digit, last group",-8.461690056935897e-11,76,-1.6184025770108665e-11
00653004859,006-5300-4859,"one digit, last group",-8.461690056935897e-11,77,8.054066962550991e-11
00653004859,006-5300-4859,"one digit, last group",-8.461690056935897e-11,78,-3.007797706827977e-11
00653004859,006-5300-4859,"one digit, last group",-8.461690056935897e-11,79,1.095054344915279e-10
00653004859,006-5300-4859,"one digit, last group",-8.461690056935897e-11,80,2.4519861730205984e-11
00653004859,006-5300-4859,"one digit, last group",-8.461690056935897e-11,81,-1.1089199826544171e-10
00653004859,006-5300-4859,"one digit, last group",-8.461690056935897e-11,82,-1.4837053063336641e-10
00653004859,006-5300-4859,"one digit, last group",-8.461690056935897e-11,83,-2.8942531127452292e-11
00653004859,006-5300-4859,"one digit, last group",-8.461690056935897e-11,84,-1.0077996838005265e-11
00653004859,006-5300-4859,"one digit, last group",-8.461690056935897e-11,85,-4.011026214874929e-11
00653004859,006-5300-4859,"one digit, last group",-8.461690056935897e-11,86,2.516636955390965e-10
00653004859,006-5300-4859,"one digit, last group",-8.461690056935897e-11,87,-5.4601943443812295e-11
00653004859,006-5300-4859,"one digit, last group",-8.461690056935897e-11,88,2.927692322609686e-11
00653004859,006-5300-4859,"one digit, last group",-8.461690056935897e-11,89,1.2789772848659732e-10
00653004859,006-5300-4859,"one digit, last group",-8.461690056935897e-11,90,7.115911421140382e-11
00653004859,006-5300-4859,"one digit, last group",-8.461690056935897e-11,91,-3.911780407899633e-10
00653004859,006-5300-4859,"one digit, last group",-8.461690056935897e-11,92,-8.690557900537342e-11
00653004859,006-5300-4859,"one digit, last group",-8.461690056935897e-11,93,1.1852166730867424e-10
00653004859,006-5300-4859,"one digit, last group",-8.461690056935897e-11,94,6.496911558448734e-11
00653004859,006-5300-4859,"one digit, last group",-8.461690056935897e-11,95,-7.339554373748524e-11
00653004859,006-5300-4859,"one digit, last group",-8.461690056935897e-11,96,1.7061436955597035e-10
00653004859,006-5300-4859,"one digit, last group",-8.461690056935897e-11,97,3.010245947749335e-10
00653004859,006-5300-4859,"one digit, last group",-8.461690056935897e-11,98,7.51695463210436e-11
00653004859,006-5300-4859,"one digit, last group",-8.461690056935897e-11,99,-3.274089068483766e-11
00653004859,006-5300-4859,"one digit, last group",-8.461690056935897e-11,100,1.5523031604931057e-11
00653004859,006-5300-4859,"one digit, last group",-8.461690056935897e-11,101,3.608854861359953e-12
00653004859,006-5300-4859,"one digit, last group",-8.461690056935897e-11,102,-5.1103779712026616e-11
00653004859,006-5300-4859,"one digit, last group",-8.461690056935897e-11,103,7.436688705941882e-11
00653004859,006-5300-4859,"one digit, last group",-8.461690056935897e-11,104,1.6179705194710509e-10
00653004859,006-5300-4859,"one digit, last group",-8.461690056935897e-11,105,2.6566356345553404e-11
00653004859,006-5300-4859,"one digit, last group",-8.461690056935897e-11,106,1.2365370825308445e-11
00653004859,006-5300-4859,"one digit, last group",-8.461690056935897e-11,107,2.042909568161883e-11
00653004859,006-5300-4859,"one digit, last group",-8.461690056935897e-11,108,-1.3519756946037804e-10
00653004859,006-5300-4859,"one digit, last group",-8.461690056935897e-11,109,2.5957781454157173e-10
00653004859,006-5300-4859,"one digit, last group",-8.461690056935897e-11,110,-1.8987793438857844e-10
00653004859,006-5300-4859,"one digit, last group",-8.461690056935897e-11,111,-8.040923522420419e-11
00653004859,006-5300-4859,"one digit, last group",-8.461690056935897e-11,112,1.471570660701465e-10
00653004859,006-5300-4859,"one digit, last group",-8.461690056935897e-11,113,3.432137828402653e-12
00653004859,006-5300-4859,"one digit, last group",-8.461690056935897e-11,114,-2.459819057871682e-10
00653004859,006-5300-4859,"one digit, last group",-8.461690056935897e-11,115,-4.6890844705290084e-11
00653004859,006-5300-4859,"one digit, last group",-8.461690056935897e-11,116,4.122708796357184e-11
00653004859,006-5300-4859,"one digit, last group",-8.461690056935897e-11,117,-3.8024993732778584e-10
00653004859,006-5300-4859,"one digit, last group",-8.461690056935897e-11,118,-3.3860436676666005e-10
00653004859,006-5300-4859,"one digit, last group",-8.461690056935897e-11,119,-9.080330395479298e-11
00653004859,006-5300-4859,"one digit, last group",-8.461690056935897e-11,120,-1.3675582836249194e-10
00653004859,006-5300-4859,"one digit, last group",-8.461690056935897e-11,121,6.768082631436967e-11
00653004859,006-5300-4859,"one digit, last group",-8.461690056935897e-11,122,-2.2263933125074734e-11
00653004859,006-5300-4859,"one digit, last group",-8.461690056935897e-11,123,-1.3651005440737076e-10
00653004859,006-5300-4859,"one digit, last group",-8.461690056935897e-11,124,-5.962752275598528e-10
00653004859,006-5300-4859,"one digit, last group",-8.461690056935897e-11,125,-2.9441481524261566e-11
00653004859,006-5300-4859,"one digit, last group",-8.461690056935897e-11,126,1.2828576257317206e-10
00653004859,006-5300-4859,"one digit, last group",-8.461690056935897e-11,127,4.9731177842839756e-11
00653004859,006-5300-4859,"one digit, last group",-8.461690056935897e-11,128,3.129493666129566e-10
00653004859,006-5300-4859,"one digit, last group",-8.461690056935897e-11,129,1.0571159741717769e-10
00653004859,006-5300-4859,"one digit, last group",-8.461690056935897e-11,130,6.404361362090182e-11
00653004859,006-5300-4859,"one digit, last group",-8.461690056935897e-11,131,4.546699491351074e-10
00653004859,006-5300-4859,"one digit, last group",-8.461690056935897e-11,132,-1.633970086650097e-11
00653004859,006-5300-4859,"one digit, last group",-8.461690056935897e-11,133,-4.5372695222363454e-11
00653004859,006-5300-4859,"one digit, last group",-8.461690056935897e-11,134,1.443446876797866e-10
00653004859,006-5300-4859,"one digit, last group",-8.461690056935897e-11,135,-2.6124760507298285e-10
00653004859,006-5300-4859,"one digit, last group",-8.461690056935897e-11,136,3.3275344875808365e-11
00653004859,006-5300-4859,"one digit, last group",-8.461690056935897e-11,137,-2.011870004790084e-10
00653004859,006-5300-4859,"one digit, last group",-8.461690056935897e-11,138,2.6236392495138853e-10
00653004859,006-5300-4859,"one digit, last group",-8.461690056935897e-11,139,7.128763044920296e-11
00653004859,006-5300-4859,"one digit, last group",-8.461690056935897e-11,140,5.255290467955884e-11
00653004859,006-5300-4859,"one digit, last group",-8.461690056935897e-11,141,-3.879327365580346e-10
00653004859,006-5300-4859,"one digit, last group",-8.461690056935897e-11,142,-6.763933899408429e-11
00653004859,006-5300-4859,"one digit, last group",-8.461690056935897e-11,143,-2.112197166811582e-10
00653004859,006-5300-4859,"one digit, last group",-8.461690056935897e-11,144,-1.7867098773473806e-10
00653004859,006-5300-4859,"one digit, last group",-8.461690056935897e-11,145,4.775860299918205e-11
00653004859,006-5300-4859,"one digit, last group",-8.461690056935897e-11,146,4.5084790662811786e-11
00653004859,006-5300-4859,"one digit, last group",-8.461690056935897e-11,147,-1.2472073216043658e-10
00653004859,006-5300-4859,"one digit, last group",-8.461690056935897e-11,148,1.9958081389112381e-10
00653004859,006-5300-4859,"one digit, last group",-8.461690056935897e-11,149,-2.437746521226519e-10
00653004859,006-5300-4859,"one digit, last group",-8.461690056935897e-11,150,1.8936869836126738e-10
00653004859,006-5300-4859,"one digit, last group",-8.461690056935897e-11,151,2.61513086346381e-11
00653004859,006-5300-4859,"one digit, last group",-8.461690056935897e-11,152,3.3093659633941927e-10
00653004859,006-5300-4859,"one digit, last group",-8.461690056935897e-11,153,4.622513887955454e-11
00653004859,006-5300-4859,"one digit, last group",-8.461690056935897e-11,154,-3.8257099498346144e-11
00653004859,006-5300-4859,"one digit, last group",-8.461690056935897e-11,155,1.7822111770943445e-10
00653004859,006-5300-4859,"one digit, last group",-8.461690056935897e-11,156,-1.0932891364323013e-10
00653004859,006-5300-4859,"one digit, last group",-8.461690056935897e-11,157,-4.120214045209698e-11
00653004859,006-5300-4859,"one digit, last group",-8.461690056935897e-11,158,6.789663572060495e-11
00653004859,006-5300-4859,"one digit, last group",-8.461690056935897e-11,159,3.3427987964405045e-11
00653004859,006-5300-4859,"one digit, last group",-8.461690056935897e-11,160,-8.105573659596959e-11
00653004859,006-5300-4859,"one digit, last group",-8.461690056935897e-11,161,1.6515140631105608e-11
00653004859,006-5300-4859,"one digit, last group",-8.461690056935897e-11,162,-7.387303041964711e-11
00653004859,006-5300-4859,"one digit, last group",-8.461690056935897e-11,163,3.424943485792757e-11
00653004859,006-5300-4859,"one digit, last group",-8.461690056935897e-11,164,5.0672274842407856e-11
00653004859,006-5300-4859,"one digit, last group",-8.461690056935897e-11,165,6.231530456196231e-11
00653004859,006-5300-4859,"one digit, last group",-8.461690056935897e-11,166,5.865078831487331e-11
00653004859,006-5300-4859,"one digit, last group",-8.461690056935897e-11,167,-1.7487101642677154e-10
00653004859,006-5300-4859,"one digit, last group",-8.461690056935897e-11,168,-6.079183451545821e-10
00653004859,006-5300-4859,"one digit, last group",-8.461690056935897e-11,169,-1.9455779599436596e-11
00653004859,006-5300-4859,"one digit, last group",-8.461690056935897e-11,170,-6.508927040118685e-11
00653004859,006-5300-4859,"one digit, last group",-8.461690056935897e-11,171,1.9050297652459487e-10
00653004859,006-5300-4859,"one digit, last group",-8.461690056935897e-11,172,2.6703608729031265e-11
00653004859,006-5300-4859,"one digit, last group",-8.461690056935897e-11,173,2.0692695239966198e-10
00653004859,006-5300-4859,"one digit, last group",-8.461690056935897e-11,174,8.400399739788977e-12
00653004859,006-5300-4859,"one digit, last group",-8.461690056935897e-11,175,-1.8857025159653515e-10
00653004859,006-5300-4859,"one digit, last group",-8.461690056935897e-11,176,-5.911175550009052e-11
00653004859,006-5300-4859,"one digit, last group",-8.461690056935897e-11,177,-9.540072664647861e-11
00653004859,006-5300-4859,"one digit, last group",-8.461690056935897e-11,178,1.4053676713949922e-10
00653004859,006-5300-4859,"one digit, last group",-8.461690056935897e-11,179,6.45667389724197e-11
00653004859,006-5300-4859,"one digit, last group",-8.461690056935897e-11,180,-1.8959184921724608e-10
00653004859,006-5300-4859,"one digit, last group",-8.461690056935897e-11,181,-4.126847607591638e-10
00653004859,006-5300-4859,"one digit, last group",-8.461690056935897e-11,182,3.359427687976878e-10
00653004859,006-5300-4859,"one digit, last group",-8.461690056935897e-11,183,-2.426371236376204e-10
00653004859,006-5300-4859,"one digit, last group",-8.461690056935897e-11,184,-2.5534703181119834e-11
00653004859,006-5300-4859,"one digit, last group",-8.461690056935897e-11,185,-1.4288766062816272e-10
00653004859,006-5300-4859,"one digit, last group",-8.461690056935897e-11,186,-2.179249913436015e-10
00653004859,006-5300-4859,"one digit, last group",-8.461690056935897e-11,187,2.5859988053078265e-09
00653004859,006-5300-4859,"one digit, last group",-8.461690056935897e-11,188,-3.64222253338586e-09
00653004859,006-5300-4859,"one digit, last group",-8.461690056935897e-11,189,-1.228940275644329e-10
00653004859,006-5300-4859,"one digit, last group",-8.461690056935897e-11,190,-4.459548651601829e-11
00653004859,006-5300-4859,"one digit, last group",-8.461690056935897e-11,191,5.397020147206347e-11
00653004859,006-5300-4859,"one digit, last group",-8.461690056935897e-11,192,5.917273090818853e-11
00653004859,006-5300-4859,"one digit, last group",-8.461690056935897e-11,193,1.1407777298902215e-10
00653004859,006-5300-4859,"one digit, last group",-8.461690056935897e-11,194,-3.835491690646259e-11
00653004859,006-5300-4859,"one digit, last group",-8.461690056935897e-11,195,-1.2122242512287548e-10
00653004859,006-5300-4859,"one digit, last group",-8.461690056935897e-11,196,-3.431624661571609e-11
00653004859,006-5300-4859,"one digit, last group",-8.461690056935897e-11,197,2.416931436847775e-10
00653004859,006-5300-4859,"one digit, last group",-8.461690056935897e-11,198,-1.5375237503336407e-10
00653004859,006-5300-4859,"one digit, last group",-8.461690056935897e-11,199,-1.2975027533845176e-09
00653004859,006-5300-4859,"one digit, last group",-8.461690056935897e-11,200,1.220498368403193e-11
00653004859,006-5300-4859,"one digit, last group",-8.461690056935897e-11,201,-3.470373208265123e-11
00653004859,006-5300-4859,"one digit, last group",-8.461690056935897e-11,202,-6.480124607469977e-10
00653004859,006-5300-4859,"one digit, last group",-8.461690056935897e-11,203,2.0809989253632398e-11
02050002924,020-5000-2924,"one digit, first group",9.059022369635618e-12,0,2.5428435203822076e-11
02050002924,020-5000-2924,"one digit, first group",9.059022369635618e-12,1,1.8834362372696259e-10
02050002924,020-5000-2924,"one digit, first group",9.059022369635618e-12,2,-2.6579630935351064e-10
02050002924,020-5000-2924,"one digit, first group",9.059022369635618e-12,3,8.114906003438334e-11
02050002924,020-5000-2924,"one digit, first group",9.059022369635618e-12,4,2.3228691983313468e-10
02050002924,020-5000-2924,"one digit, first group",9.059022369635618e-12,5,3.959391958924131e-10
02050002924,020-5000-2924,"one digit, first group",9.059022369635618e-12,6,-1.5900906795280873e-10
02050002924,020-5000-2924,"one digit, first group",9.059022369635618e-12,7,2.290168613495376e-11
02050002924,020-5000-2924,"one digit, first group",9.059022369635618e-12,8,9.343874347941868e-11
02050002924,020-5000-2924,"one digit, first group",9.059022369635618e-12,9,-9.187212261673024e-11
02050002924,020-5000-2924,"one digit, first group",9.059022369635618e-12,10,-1.336889326364353e-11
02050002924,020-5000-2924,"one digit, first group",9.059022369635618e-12,11,-1.25013175227236e-10
02050002924,020-5000-2924,"one digit, first group",9.059022369635618e-12,12,-5.091559732473428e-11
02050002924,020-5000-2924,"one digit, first group",9.059022369635618e-12,13,8.997164214900271e-11
02050002924,020-5000-2924,"one digit, first group",9.059022369635618e-12,14,-1.3212546720975045e-10
02050002924,020-5000-2924,"one digit, first group",9.059022369635618e-12,15,-8.590665520875577e-11
02050002924,020-5000-2924,"one digit, first group",9.059022369635618e-12,16,-6.115312729357159e-11
02050002924,020-5000-2924,"one digit, first group",9.059022369635618e-12,17,9.02779745667038e-11
02050002924,020-5000-2924,"one digit, first group",9.059022369635618e-12,18,-1.6931791428456808e-10
02050002924,020-5000-2924,"one digit, first group",9.059022369635618e-12,19,-1.5655746201248737e-11
02050002924,020-5000-2924,"one digit, first group",9.059022369635618e-12,20,2.685635973358736e-11
02050002924,020-5000-2924,"one digit, first group",9.059022369635618e-12,21,-1.3973521201104372e-10
02050002924,020-5000-2924,"one digit, first group",9.059022369635618e-12,22,4.540542244939055e-11
02050002924,020-5000-2924,"one digit, first group",9.059022369635618e-12,23,-3.68749643166628e-11
02050002924,020-5000-2924,"one digit, first group",9.059022369635618e-12,24,1.3244870254909803e-10
02050002924,020-5000-2924,"one digit, first group",9.059022369635618e-12,25,-1.4401384524897965e-10
02050002924,020-5000-2924,"one digit, first group",9.059022369635618e-12,26,4.236357636263583e-11
02050002924,020-5000-2924,"one digit, first group",9.059022369635618e-12,27,1.913468762009638e-10
02050002924,020-5000-2924,"one digit, first group",9.059022369635618e-12,28,-1.3390225962458362e-10
02050002924,020-5000-2924,"one digit, first group",9.059022369635618e-12,29,-2.6748419154042275e-11
02050002924,020-5000-2924,"one digit, first group",9.059022369635618e-12,30,-4.355197021323806e-10
02050002924,020-5000-2924,"one digit, first group",9.059022369635618e-12,31,-7.153420228858072e-11
02050002924,020-5000-2924,"one digit, first group",9.059022369635618e-12,32,-2.821452482643193e-10
02050002924,020-5000-2924,"one digit, first group",9.059022369635618e-12,33,3.0797917702367307e-10
02050002924,020-5000-2924,"one digit, first group",9.059022369635618e-12,34,6.5094118970171e-11
02050002924,020-5000-2924,"one digit, first group",9.059022369635618e-12,35,-1.2577399373565648e-11
02050002924,020-5000-2924,"one digit, first group",9.059022369635618e-12,36,-5.1612831091522245e-11
02050002924,020-5000-2924,"one digit, first group",9.059022369635618e-12,37,-4.541655498843468e-11
02050002924,020-5000-2924,"one digit, first group",9.059022369635618e-12,38,5.392702725920613e-11
02050002924,020-5000-2924,"one digit, first group",9.059022369635618e-12,39,1.0804715246447929e-11
02050002924,020-5000-2924,"one digit, first group",9.059022369635618e-12,40,2.775141013996878e-10
02050002924,020-5000-2924,"one digit, first group",9.059022369635618e-12,41,2.6377185162597275e-11
02050002924,020-5000-2924,"one digit, first group",9.059022369635618e-12,42,-1.602327558044069e-10
02050002924,020-5000-2924,"one digit, first group",9.059022369635618e-12,43,-2.378302463858006e-11
02050002924,020-5000-2924,"one digit, first group",9.059022369635618e-12,44,-2.0628081706680658e-11
02050002924,020-5000-2924,"one digit, first group",9.059022369635618e-12,45,-2.0649111684572223e-10
02050002924,020-5000-2924,"one digit, first group",9.059022369635618e-12,46,6.14132148123405e-11
02050002924,020-5000-2924,"one digit, first group",9.059022369635618e-12,47,8.137349062128235e-11
02050002924,020-5000-2924,"one digit, first group",9.059022369635618e-12,48,-6.92703644284829e-11
02050002924,020-5000-2924,"one digit, first group",9.059022369635618e-12,49,-1.487046044335475e-10
02050002924,020-5000-2924,"one digit, first group",9.059022369635618e-12,50,-1.7332871566015915e-10
02050002924,020-5000-2924,"one digit, first group",9.059022369635618e-12,51,-3.790167801354973e-11
02050002924,020-5000-2924,"one digit, first group",9.059022369635618e-12,52,1.1486971253416429e-11
02050002924,020-5000-2924,"one digit, first group",9.059022369635618e-12,53,-1.0525800157479758e-10
02050002924,020-5000-2924,"one digit, first group",9.059022369635618e-12,54,-7.616457376014946e-11
02050002924,020-5000-2924,"one digit, first group",9.059022369635618e-12,55,1.0903249424352667e-11
02050002924,020-5000-2924,"one digit, first group",9.059022369635618e-12,56,-3.5850166665092225e-10
02050002924,020-5000-2924,"one digit, first group",9.059022369635618e-12,57,-4.201197830766294e-11
02050002924,020-5000-2924,"one digit, first group",9.059022369635618e-12,58,3.742686408848391e-11
02050002924,020-5000-2924,"one digit, first group",9.059022369635618e-12,59,1.5280591356964997e-10
02050002924,020-5000-2924,"one digit, first group",9.059022369635618e-12,60,1.6515585419426867e-10
02050002924,020-5000-2924,"one digit, first group",9.059022369635618e-12,61,9.658453005437201e-11
02050002924,020-5000-2924,"one digit, first group",9.059022369635618e-12,62,2.35963306936212e-10
02050002924,020-5000-2924,"one digit, first group",9.059022369635618e-12,63,-8.110149469177268e-11
02050002924,020-5000-2924,"one digit, first group",9.059022369635618e-12,64,1.0128842907321715e-10
02050002924,020-5000-2924,"one digit, first group",9.059022369635618e-12,65,1.9056595546532005e-10
02050002924,020-5000-2924,"one digit, first group",9.059022369635618e-12,66,-1.890152996977828e-10
02050002924,020-5000-2924,"one digit, first group",9.059022369635618e-12,67,2.4366117510935816e-10
02050002924,020-5000-2924,"one digit, first group",9.059022369635618e-12,68,-9.760079909037329e-11
02050002924,020-5000-2924,"one digit, first group",9.059022369635618e-12,69,-3.7351429691955604e-10
02050002924,020-5000-2924,"one digit, first group",9.059022369635618e-12,70,-9.548899345732268e-11
02050002924,020-5000-2924,"one digit, first group",9.059022369635618e-12,71,-7.033459841522225e-11
02050002924,020-5000-2924,"one digit, first group",9.059022369635618e-12,72,2.111409392160393e-11
02050002924,020-5000-2924,"one digit, first group",9.059022369635618e-12,73,1.1499904803519838e-10
02050002924,020-5000-2924,"one digit, first group",9.059022369635618e-12,74,-1.8363258074209555e-10
02050002924,020-5000-2924,"one digit, first group",9.059022369635618e-12,75,-6.90491179858928e-11
02050002924,020-5000-2924,"one digit, first group",9.059022369635618e-12,76,-1.283428106956497e-10
02050002924,020-5000-2924,"one digit, first group",9.059022369635618e-12,77,-4.288667288309109e-11
02050002924,020-5000-2924,"one digit, first group",9.059022369635618e-12,78,-8.530621623628546e-11
02050002924,020-5000-2924,"one digit, first group",9.059022369635618e-12,79,1.7466269795658676e-10
02050002924,020-5000-2924,"one digit, first group",9.059022369635618e-12,80,-1.5123873344487404e-10
02050002924,020-5000-2924,"one digit, first group",9.059022369635618e-12,81,7.435428047201819e-11
02050002924,020-5000-2924,"one digit, first group",9.059022369635618e-12,82,6.706286069924894e-10
02050002924,020-5000-2924,"one digit, first group",9.059022369635618e-12,83,-7.446306735828554e-12
02050002924,020-5000-2924,"one digit, first group",9.059022369635618e-12,84,2.6221730044314358e-11
02050002924,020-5000-2924,"one digit, first group",9.059022369635618e-12,85,-2.2519294835317914e-11
02050002924,020-5000-2924,"one digit, first group",9.059022369635618e-12,86,-1.5361706045635833e-10
02050002924,020-5000-2924,"one digit, first group",9.059022369635618e-12,87,-9.629431862530727e-11
02050002924,020-5000-2924,"one digit, first group",9.059022369635618e-12,88,3.5354589238607446e-11
02050002924,020-5000-2924,"one digit, first group",9.059022369635618e-12,89,-6.104849723481995e-11
02050002924,020-5000-2924,"one digit, first group",9.059022369635618e-12,90,1.2382085674138293e-10
02050002924,020-5000-2924,"one digit, first group",9.059022369635618e-12,91,4.962826577414378e-11
02050002924,020-5000-2924,"one digit, first group",9.059022369635618e-12,92,-1.9815818440499694e-10
02050002924,020-5000-2924,"one digit, first group",9.059022369635618e-12,93,-6.404649690785489e-11
02050002924,020-5000-2924,"one digit, first group",9.059022369635618e-12,94,-7.603472668643208e-12
02050002924,020-5000-2924,"one digit, first group",9.059022369635618e-12,95,2.7195298914128727e-10
02050002924,020-5000-2924,"one digit, first group",9.059022369635618e-12,96,2.507170281112558e-10
02050002924,020-5000-2924,"one digit, first group",9.059022369635618e-12,97,-2.3174579661887756e-11
02050002924,020-5000-2924,"one digit, first group",9.059022369635618e-12,98,-8.130227521626461e-11
02050002924,020-5000-2924,"one digit, first group",9.059022369635618e-12,99,5.7840456388077564e-11
02050002924,020-5000-2924,"one digit, first group",9.059022369635618e-12,100,7.863456884575771e-11
02050002924,020-5000-2924,"one digit, first group",9.059022369635618e-12,101,2.1075935700525975e-10
02050002924,020-5000-2924,"one digit, first group",9.059022369635618e-12,102,4.395184826492099e-12
02050002924,020-5000-2924,"one digit, first group",9.059022369635618e-12,103,1.5569825206972108e-10
02050002924,020-5000-2924,"one digit, first group",9.059022369635618e-12,104,1.6742516267605417e-11
02050002924,020-5000-2924,"one digit, first group",9.059022369635618e-12,105,9.48329790219966e-12
02050002924,020-5000-2924,"one digit, first group",9.059022369635618e-12,106,-8.40437917079943e-11
02050002924,020-5000-2924,"one digit, first group",9.059022369635618e-12,107,-6.251969176142078e-11
02050002924,020-5000-2924,"one digit, first group",9.059022369635618e-12,108,1.0330123950512581e-11
02050002924,020-5000-2924,"one digit, first group",9.059022369635618e-12,109,-1.1032901830822922e-11
02050002924,020-5000-2924,"one digit, first group",9.059022369635618e-12,110,-1.0520661584311751e-10
02050002924,020-5000-2924,"one digit, first group",9.059022369635618e-12,111,-4.40278995808958e-11
02050002924,020-5000-2924,"one digit, first group",9.059022369635618e-12,112,3.175404198379637e-10
02050002924,020-5000-2924,"one digit, first group",9.059022369635618e-12,113,-2.0237555944669563e-11
02050002924,020-5000-2924,"one digit, first group",9.059022369635618e-12,114,5.5942094607888256e-11
02050002924,020-5000-2924,"one digit, first group",9.059022369635618e-12,115,1.844999024483293e-11
02050002924,020-5000-2924,"one digit, first group",9.059022369635618e-12,116,1.2235950441682932e-10
02050002924,020-5000-2924,"one digit, first group",9.059022369635618e-12,117,3.010568663120244e-10
02050002924,020-5000-2924,"one digit, first group",9.059022369635618e-12,118,-8.752591062935688e-10
02050002924,020-5000-2924,"one digit, first group",9.059022369635618e-12,119,1.0578263686360886e-10
02050002924,020-5000-2924,"one digit, first group",9.059022369635618e-12,120,7.1923808895580954e-12
02050002924,020-5000-2924,"one digit, first group",9.059022369635618e-12,121,9.717852912723097e-11
02050002924,020-5000-2924,"one digit, first group",9.059022369635618e-12,122,1.568626472994448e-10
02050002924,020-5000-2924,"one digit, first group",9.059022369635618e-12,123,7.75821533628496e-11
02050002924,020-5000-2924,"one digit, first group",9.059022369635618e-12,124,6.759199824695857e-11
02050002924,020-5000-2924,"one digit, first group",9.059022369635618e-12,125,1.0305962206240636e-10
02050002924,020-5000-2924,"one digit, first group",9.059022369635618e-12,126,-2.454543701970618e-11
02050002924,020-5000-2924,"one digit, first group",9.059022369635618e-12,127,-5.465912376161146e-10
02050002924,020-5000-2924,"one digit, first group",9.059022369635618e-12,128,2.2064476729746546e-10
02050002924,020-5000-2924,"one digit, first group",9.059022369635618e-12,129,-2.4909197074718698e-11
02050002924,020-5000-2924,"one digit, first group",9.059022369635618e-12,130,9.065831053531626e-11
02050002924,020-5000-2924,"one digit, first group",9.059022369635618e-12,131,-2.0858966740991441e-10
02050002924,020-5000-2924,"one digit, first group",9.059022369635618e-12,132,6.506399773185393e-11
02050002924,020-5000-2924,"one digit, first group",9.059022369635618e-12,133,1.92500216886613e-10
02050002924,020-5000-2924,"one digit, first group",9.059022369635618e-12,134,-1.6580348305661678e-10
02050002924,020-5000-2924,"one digit, first group",9.059022369635618e-12,135,-1.0031479361085538e-10
02050002924,020-5000-2924,"one digit, first group",9.059022369635618e-12,136,-5.8361563506490544e-12
02050002924,020-5000-2924,"one digit, first group",9.059022369635618e-12,137,2.3346277044246043e-10
02050002924,020-5000-2924,"one digit, first group",9.059022369635618e-12,138,2.5547685951562643e-11
02050002924,020-5000-2924,"one digit, first group",9.059022369635618e-12,139,3.395269156244436e-11
02050002924,020-5000-2924,"one digit, first group",9.059022369635618e-12,140,2.073522422744699e-10
02050002924,020-5000-2924,"one digit, first group",9.059022369635618e-12,141,-1.4981040862869371e-10
02050002924,020-5000-2924,"one digit, first group",9.059022369635618e-12,142,-1.81407348759028e-09
02050002924,020-5000-2924,"one digit, first group",9.059022369635618e-12,143,-5.113559746117475e-09
02050002924,020-5000-2924,"one digit, first group",9.059022369635618e-12,144,-2.1161911147246866e-09
02050002924,020-5000-2924,"one digit, first group",9.059022369635618e-12,145,6.382926122075494e-11
02050002924,020-5000-2924,"one digit, first group",9.059022369635618e-12,146,-5.105598604409918e-10
02050002924,020-5000-2924,"one digit, first group",9.059022369635618e-12,147,-7.163753826542191e-09
02050002924,020-5000-2924,"one digit, first group",9.059022369635618e-12,148,-1.3034182506409882e-08
02050002924,020-5000-2924,"one digit, first group",9.059022369635618e-12,149,1.0716362481508244e-09
02050002924,020-5000-2924,"one digit, first group",9.059022369635618e-12,150,8.440481929887758e-11
02050002924,020-5000-2924,"one digit, first group",9.059022369635618e-12,151,-4.691083087863879e-11
02050002924,020-5000-2924,"one digit, first group",9.059022369635618e-12,152,4.603804725891071e-10
02050002924,020-5000-2924,"one digit, first group",9.059022369635618e-12,153,8.634748240330669e-11
02050002924,020-5000-2924,"one digit, first group",9.059022369635618e-12,154,-4.604225753436015e-11
02050002924,020-5000-2924,"one digit, first group",9.059022369635618e-12,155,2.8294067098821385e-10
02050002924,020-5000-2924,"one digit, first group",9.059022369635618e-12,156,3.072388044228878e-09
02050002924,020-5000-2924,"one digit, first group",9.059022369635618e-12,157,-2.238303822034414e-11
02050002924,020-5000-2924,"one digit, first group",9.059022369635618e-12,158,1.729491555994057e-10
02050002924,020-5000-2924,"one digit, first group",9.059022369635618e-12,159,2.676291442775751e-11
02050002924,020-5000-2924,"one digit, first group",9.059022369635618e-12,160,3.0563232168522497e-09
02050002924,020-5000-2924,"one digit, first group",9.059022369635618e-12,161,5.0582579732460345e-11
02050002924,020-5000-2924,"one digit, first group",9.059022369635618e-12,162,1.842880044269823e-11
02050002924,020-5000-2924,"one digit, first group",9.059022369635618e-12,163,2.7213690902867963e-09
02050002924,020-5000-2924,"one digit, first group",9.059022369635618e-12,164,-4.829473001102634e-10
02050002924,020-5000-2924,"one digit, first group",9.059022369635618e-12,165,2.6092788755999944e-10
02050002924,020-5000-2924,"one digit, first group",9.059022369635618e-12,166,3.5000842502953513e-11
02050002924,020-5000-2924,"one digit, first group",9.059022369635618e-12,167,-1.4962232204924799e-10
02050002924,020-5000-2924,"one digit, first group",9.059022369635618e-12,168,2.450649039112656e-10
02050002924,020-5000-2924,"one digit, first group",9.059022369635618e-12,169,8.003300257200122e-11
02050002924,020-5000-2924,"one digit, first group",9.059022369635618e-12,170,2.575966260837461e-11
02050002924,020-5000-2924,"one digit, first group",9.059022369635618e-12,171,-1.20920351344026e-10
02050002924,020-5000-2924,"one digit, first group",9.059022369635618e-12,172,-9.744968174827451e-11
02050002924,020-5000-2924,"one digit, first group",9.059022369635618e-12,173,1.9528374645213028e-11
02050002924,020-5000-2924,"one digit, first group",9.059022369635618e-12,174,-1.069584653673048e-10
02050002924,020-5000-2924,"one digit, first group",9.059022369635618e-12,175,-2.1611303521862458e-10
02050002924,020-5000-2924,"one digit, first group",9.059022369635618e-12,176,5.959018904291374e-11
02050002924,020-5000-2924,"one digit, first group",9.059022369635618e-12,177,4.156919314710706e-10
02050002924,020-5000-2924,"one digit, first group",9.059022369635618e-12,178,-5.4146053117929994e-11
02050002924,020-5000-2924,"one digit, first group",9.059022369635618e-12,179,-7.033679674930877e-10
02050002924,020-5000-2924,"one digit, first group",9.059022369635618e-12,180,-4.4419009729768706e-11
02050002924,020-5000-2924,"one digit, first group",9.059022369635618e-12,181,1.9387718459063027e-11
02050002924,020-5000-2924,"one digit, first group",9.059022369635618e-12,182,9.481291200203872e-12
02050002924,020-5000-2924,"one digit, first group",9.059022369635618e-12,183,7.197290643500128e-11
02050002924,020-5000-2924,"one digit, first group",9.059022369635618e-12,184,2.3061459211177418e-11
02050002924,020-5000-2924,"one digit, first group",9.059022369635618e-12,185,2.2887845716497132e-10
02050002924,020-5000-2924,"one digit, first group",9.059022369635618e-12,186,1.5247988863226366e-10
02050002924,020-5000-2924,"one digit, first group",9.059022369635618e-12,187,-1.2225097443075164e-10
02050002924,020-5000-2924,"one digit, first group",9.059022369635618e-12,188,-2.6590078663645237e-11
02050002924,020-5000-2924,"one digit, first group",9.059022369635618e-12,189,-2.7539421701276794e-11
02050002924,020-5000-2924,"one digit, first group",9.059022369635618e-12,190,8.769059033697449e-11
02050002924,020-5000-2924,"one digit, first group",9.059022369635618e-12,191,-5.511074480138135e-11
02050002924,020-5000-2924,"one digit, first group",9.059022369635618e-12,192,-1.0074151613923474e-10
02050002924,020-5000-2924,"one digit, first group",9.059022369635618e-12,193,-3.2469193337859735e-10
02050002924,020-5000-2924,"one digit, first group",9.059022369635618e-12,194,-6.725389459973527e-11
02050002924,020-5000-2924,"one digit, first group",9.059022369635618e-12,195,3.0629446532156607e-10
02050002924,020-5000-2924,"one digit, first group",9.059022369635618e-12,196,-8.739643024064568e-11
02050002924,020-5000-2924,"one digit, first group",9.059022369635618e-12,197,-8.603936305748456e-11
02050002924,020-5000-2924,"one digit, first group",9.059022369635618e-12,198,-3.38596393186254e-10
02050002924,020-5000-2924,"one digit, first group",9.059022369635618e-12,199,1.692345774018583e-10
02050002924,020-5000-2924,"one digit, first group",9.059022369635618e-12,200,-4.092226010101623e-11
02050002924,020-5000-2924,"one digit, first group",9.059022369635618e-12,201,1.4965118872988218e-11
02050002924,020-5000-2924,"one digit, first group",9.059022369635618e-12,202,1.2833321906898453e-10
02050002924,020-5000-2924,"one digit, first group",9.059022369635618e-12,203,2.5661203974617403e-11
01050102924,010-5010-2924,"one digit, middle group",1.1086436122570212e-10,0,1.892208495033011e-12
01050102924,010-5010-2924,"one digit, middle group",1.1086436122570212e-10,1,1.0605703197226026e-10
01050102924,010-5010-2924,"one digit, middle group",1.1086436122570212e-10,2,1.0503040385699787e-10
01050102924,010-5010-2924,"one digit, middle group",1.1086436122570212e-10,3,4.1514645202661525e-11
01050102924,010-5010-2924,"one digit, middle group",1.1086436122570212e-10,4,1.4814422140440952e-12
01050102924,010-5010-2924,"one digit, middle group",1.1086436122570212e-10,5,3.2405617079378864e-10
01050102924,010-5010-2924,"one digit, middle group",1.1086436122570212e-10,6,1.1384270182902506e-11
01050102924,010-5010-2924,"one digit, middle group",1.1086436122570212e-10,7,-3.869595390041518e-11
01050102924,010-5010-2924,"one digit, middle group",1.1086436122570212e-10,8,-2.9806102363317474e-10
01050102924,010-5010-2924,"one digit, middle group",1.1086436122570212e-10,9,-7.572571404325874e-12
01050102924,010-5010-2924,"one digit, middle group",1.1086436122570212e-10,10,1.4201116180507416e-12
01050102924,010-5010-2924,"one digit, middle group",1.1086436122570212e-10,11,-7.62018755512168e-11
01050102924,010-5010-2924,"one digit, middle group",1.1086436122570212e-10,12,-1.1420707586142011e-10
01050102924,010-5010-2924,"one digit, middle group",1.1086436122570212e-10,13,-4.271617866329019e-11
01050102924,010-5010-2924,"one digit, middle group",1.1086436122570212e-10,14,-8.525428379430247e-12
01050102924,010-5010-2924,"one digit, middle group",1.1086436122570212e-10,15,4.6455837877243413e-11
01050102924,010-5010-2924,"one digit, middle group",1.1086436122570212e-10,16,-2.611518176900938e-10
01050102924,010-5010-2924,"one digit, middle group",1.1086436122570212e-10,17,2.088358502532373e-10
01050102924,010-5010-2924,"one digit, middle group",1.1086436122570212e-10,18,8.390914580949775e-11
01050102924,010-5010-2924,"one digit, middle group",1.1086436122570212e-10,19,3.7854118998228745e-11
01050102924,010-5010-2924,"one digit, middle group",1.1086436122570212e-10,20,7.553091730847362e-11
01050102924,010-5010-2924,"one digit, middle group",1.1086436122570212e-10,21,-4.97712345225518e-11
01050102924,010-5010-2924,"one digit, middle group",1.1086436122570212e-10,22,-2.118973714800694e-10
01050102924,010-5010-2924,"one digit, middle group",1.1086436122570212e-10,23,1.3370612464597363e-10
01050102924,010-5010-2924,"one digit, middle group",1.1086436122570212e-10,24,-1.4941183682252646e-10
01050102924,010-5010-2924,"one digit, middle group",1.1086436122570212e-10,25,1.0278072588302156e-10
01050102924,010-5010-2924,"one digit, middle group",1.1086436122570212e-10,26,2.544572736093481e-10
01050102924,010-5010-2924,"one digit, middle group",1.1086436122570212e-10,27,8.09813287633451e-11
01050102924,010-5010-2924,"one digit, middle group",1.1086436122570212e-10,28,6.520992791852846e-11
01050102924,010-5010-2924,"one digit, middle group",1.1086436122570212e-10,29,1.6839050415548525e-12
01050102924,010-5010-2924,"one digit, middle group",1.1086436122570212e-10,30,5.280758644520107e-11
01050102924,010-5010-2924,"one digit, middle group",1.1086436122570212e-10,31,-1.445012343514732e-10
01050102924,010-5010-2924,"one digit, middle group",1.1086436122570212e-10,32,-3.940546273012776e-10
01050102924,010-5010-2924,"one digit, middle group",1.1086436122570212e-10,33,1.7017522041180042e-10
01050102924,010-5010-2924,"one digit, middle group",1.1086436122570212e-10,34,1.8506120111357962e-10
01050102924,010-5010-2924,"one digit, middle group",1.1086436122570212e-10,35,9.673717422128449e-11
01050102924,010-5010-2924,"one digit, middle group",1.1086436122570212e-10,36,1.4221254714074144e-10
01050102924,010-5010-2924,"one digit, middle group",1.1086436122570212e-10,37,-1.2894730972855346e-10
01050102924,010-5010-2924,"one digit, middle group",1.1086436122570212e-10,38,9.546210649631844e-11
01050102924,010-5010-2924,"one digit, middle group",1.1086436122570212e-10,39,3.421553137177324e-10
01050102924,010-5010-2924,"one digit, middle group",1.1086436122570212e-10,40,5.551802316871734e-10
01050102924,010-5010-2924,"one digit, middle group",1.1086436122570212e-10,41,6.279723690399754e-11
01050102924,010-5010-2924,"one digit, middle group",1.1086436122570212e-10,42,-6.574065589277163e-11
01050102924,010-5010-2924,"one digit, middle group",1.1086436122570212e-10,43,3.5812381023791325e-11
01050102924,010-5010-2924,"one digit, middle group",1.1086436122570212e-10,44,-3.580268421369943e-11
01050102924,010-5010-2924,"one digit, middle group",1.1086436122570212e-10,45,-4.734735062157172e-10
01050102924,010-5010-2924,"one digit, middle group",1.1086436122570212e-10,46,6.609661083960301e-12
01050102924,010-5010-2924,"one digit, middle group",1.1086436122570212e-10,47,-1.1109303673616683e-10
01050102924,010-5010-2924,"one digit, middle group",1.1086436122570212e-10,48,2.509357173166132e-10
01050102924,010-5010-2924,"one digit, middle group",1.1086436122570212e-10,49,-4.3702600528587494e-10
01050102924,010-5010-2924,"one digit, middle group",1.1086436122570212e-10,50,8.571760480253451e-11
01050102924,010-5010-2924,"one digit, middle group",1.1086436122570212e-10,51,3.68937292343259e-11
01050102924,010-5010-2924,"one digit, middle group",1.1086436122570212e-10,52,-3.647623499299904e-11
01050102924,010-5010-2924,"one digit, middle group",1.1086436122570212e-10,53,-6.466492022924704e-11
01050102924,010-5010-2924,"one digit, middle group",1.1086436122570212e-10,54,-2.6651738956724413e-11
01050102924,010-5010-2924,"one digit, middle group",1.1086436122570212e-10,55,2.664750540660553e-10
01050102924,010-5010-2924,"one digit, middle group",1.1086436122570212e-10,56,-4.351877159242106e-11
01050102924,010-5010-2924,"one digit, middle group",1.1086436122570212e-10,57,2.44978104496426e-11
01050102924,010-5010-2924,"one digit, middle group",1.1086436122570212e-10,58,-9.050001055475123e-11
01050102924,010-5010-2924,"one digit, middle group",1.1086436122570212e-10,59,-9.163286207913277e-11
01050102924,010-5010-2924,"one digit, middle group",1.1086436122570212e-10,60,6.437138664524764e-11
01050102924,010-5010-2924,"one digit, middle group",1.1086436122570212e-10,61,-1.1904642861847552e-10
01050102924,010-5010-2924,"one digit, middle group",1.1086436122570212e-10,62,-3.6621957078957385e-11
01050102924,010-5010-2924,"one digit, middle group",1.1086436122570212e-10,63,-6.545439825507428e-12
01050102924,010-5010-2924,"one digit, middle group",1.1086436122570212e-10,64,-4.0976170167025604e-11
01050102924,010-5010-2924,"one digit, middle group",1.1086436122570212e-10,65,5.849137623748734e-11
01050102924,010-5010-2924,"one digit, middle group",1.1086436122570212e-10,66,2.2430747082567514e-10
01050102924,010-5010-2924,"one digit, middle group",1.1086436122570212e-10,67,1.9335427261268706e-10
01050102924,010-5010-2924,"one digit, middle group",1.1086436122570212e-10,68,-1.1103047190680057e-10
01050102924,010-5010-2924,"one digit, middle group",1.1086436122570212e-10,69,3.048448341209067e-11
01050102924,010-5010-2924,"one digit, middle group",1.1086436122570212e-10,70,1.64525608591724e-10
01050102924,010-5010-2924,"one digit, middle group",1.1086436122570212e-10,71,1.4214049213549057e-11
01050102924,010-5010-2924,"one digit, middle group",1.1086436122570212e-10,72,1.2348432999868422e-11
01050102924,010-5010-2924,"one digit, middle group",1.1086436122570212e-10,73,-7.620425397689288e-11
01050102924,010-5010-2924,"one digit, middle group",1.1086436122570212e-10,74,2.852448212478958e-10
01050102924,010-5010-2924,"one digit, middle group",1.1086436122570212e-10,75,-2.4762743347514977e-12
01050102924,010-5010-2924,"one digit, middle group",1.1086436122570212e-10,76,2.1538322575174063e-10
01050102924,010-5010-2924,"one digit, middle group",1.1086436122570212e-10,77,-8.525549013876538e-11
01050102924,010-5010-2924,"one digit, middle group",1.1086436122570212e-10,78,-1.0462555884784859e-10
01050102924,010-5010-2924,"one digit, middle group",1.1086436122570212e-10,79,5.3613545936555184e-11
01050102924,010-5010-2924,"one digit, middle group",1.1086436122570212e-10,80,2.0538910809014426e-12
01050102924,010-5010-2924,"one digit, middle group",1.1086436122570212e-10,81,-1.7139007314580242e-10
01050102924,010-5010-2924,"one digit, middle group",1.1086436122570212e-10,82,-3.0608185117101903e-10
01050102924,010-5010-2924,"one digit, middle group",1.1086436122570212e-10,83,-1.0743965351839044e-10
01050102924,010-5010-2924,"one digit, middle group",1.1086436122570212e-10,84,2.5420319787246266e-11
01050102924,010-5010-2924,"one digit, middle group",1.1086436122570212e-10,85,1.6803499563956746e-11
01050102924,010-5010-2924,"one digit, middle group",1.1086436122570212e-10,86,-2.401682944550111e-10
01050102924,010-5010-2924,"one digit, middle group",1.1086436122570212e-10,87,-3.218397303170434e-11
01050102924,010-5010-2924,"one digit, middle group",1.1086436122570212e-10,88,5.3018561651744424e-11
01050102924,010-5010-2924,"one digit, middle group",1.1086436122570212e-10,89,-1.605094751074936e-12
01050102924,010-5010-2924,"one digit, middle group",1.1086436122570212e-10,90,-1.3046334720704898e-10
01050102924,010-5010-2924,"one digit, middle group",1.1086436122570212e-10,91,1.5342636764260768e-10
01050102924,010-5010-2924,"one digit, middle group",1.1086436122570212e-10,92,-2.209007337162627e-10
01050102924,010-5010-2924,"one digit, middle group",1.1086436122570212e-10,93,8.21021177329473e-11
01050102924,010-5010-2924,"one digit, middle group",1.1086436122570212e-10,94,-3.0058532785480386e-11
01050102924,010-5010-2924,"one digit, middle group",1.1086436122570212e-10,95,1.3626429240776065e-11
01050102924,010-5010-2924,"one digit, middle group",1.1086436122570212e-10,96,5.007792807775475e-11
01050102924,010-5010-2924,"one digit, middle group",1.1086436122570212e-10,97,5.458107082989784e-11
01050102924,010-5010-2924,"one digit, middle group",1.1086436122570212e-10,98,-5.0688265695230113e-11
01050102924,010-5010-2924,"one digit, middle group",1.1086436122570212e-10,99,-1.263044354083519e-11
01050102924,010-5010-2924,"one digit, middle group",1.1086436122570212e-10,100,2.0947037243463713e-10
01050102924,010-5010-2924,"one digit, middle group",1.1086436122570212e-10,101,-1.7322040782773486e-10
01050102924,010-5010-2924,"one digit, middle group",1.1086436122570212e-10,102,4.2541724607868507e-11
01050102924,010-5010-2924,"one digit, middle group",1.1086436122570212e-10,103,-2.9826154196206853e-10
01050102924,010-5010-2924,"one digit, middle group",1.1086436122570212e-10,104,3.2354115855575826e-10
01050102924,010-5010-2924,"one digit, middle group",1.1086436122570212e-10,105,1.0369100809153965e-10
01050102924,010-5010-2924,"one digit, middle group",1.1086436122570212e-10,106,-5.177073517338929e-11
01050102924,010-5010-2924,"one digit, middle group",1.1086436122570212e-10,107,2.9046305638976594e-11
01050102924,010-5010-2924,"one digit, middle group",1.1086436122570212e-10,108,1.975444011981178e-10
01050102924,010-5010-2924,"one digit, middle group",1.1086436122570212e-10,109,2.970639923208614e-11
01050102924,010-5010-2924,"one digit, middle group",1.1086436122570212e-10,110,6.638572249090435e-11
01050102924,010-5010-2924,"one digit, middle group",1.1086436122570212e-10,111,-2.7129781944210405e-10
01050102924,010-5010-2924,"one digit, middle group",1.1086436122570212e-10,112,2.298927244966617e-10
01050102924,010-5010-2924,"one digit, middle group",1.1086436122570212e-10,113,-6.966313041705885e-12
01050102924,010-5010-2924,"one digit, middle group",1.1086436122570212e-10,114,2.9693348964883294e-10
01050102924,010-5010-2924,"one digit, middle group",1.1086436122570212e-10,115,-1.8104218301399554e-11
01050102924,010-5010-2924,"one digit, middle group",1.1086436122570212e-10,116,-3.342520776716688e-11
01050102924,010-5010-2924,"one digit, middle group",1.1086436122570212e-10,117,3.9659254605582743e-13
01050102924,010-5010-2924,"one digit, middle group",1.1086436122570212e-10,118,2.3464590038783066e-10
01050102924,010-5010-2924,"one digit, middle group",1.1086436122570212e-10,119,1.4759921617100377e-10
01050102924,010-5010-2924,"one digit, middle group",1.1086436122570212e-10,120,1.6120967424864973e-10
01050102924,010-5010-2924,"one digit, middle group",1.1086436122570212e-10,121,1.5022772533884268e-10
01050102924,010-5010-2924,"one digit, middle group",1.1086436122570212e-10,122,1.5412293622001192e-10
01050102924,010-5010-2924,"one digit, middle group",1.1086436122570212e-10,123,-3.2769836737028035e-11
01050102924,010-5010-2924,"one digit, middle group",1.1086436122570212e-10,124,1.9531653326939167e-10
01050102924,010-5010-2924,"one digit, middle group",1.1086436122570212e-10,125,2.8416719882566285e-10
01050102924,010-5010-2924,"one digit, middle group",1.1086436122570212e-10,126,1.4638350146385188e-11
01050102924,010-5010-2924,"one digit, middle group",1.1086436122570212e-10,127,2.548291287133503e-10
01050102924,010-5010-2924,"one digit, middle group",1.1086436122570212e-10,128,-1.794724165564614e-10
01050102924,010-5010-2924,"one digit, middle group",1.1086436122570212e-10,129,9.787381588174152e-11
01050102924,010-5010-2924,"one digit, middle group",1.1086436122570212e-10,130,-4.7695792966373294e-12
01050102924,010-5010-2924,"one digit, middle group",1.1086436122570212e-10,131,-8.045718297888568e-11
01050102924,010-5010-2924,"one digit, middle group",1.1086436122570212e-10,132,5.298519932281198e-11
01050102924,010-5010-2924,"one digit, middle group",1.1086436122570212e-10,133,-5.8196507226780816e-11
01050102924,010-5010-2924,"one digit, middle group",1.1086436122570212e-10,134,5.4818735752453644e-11
01050102924,010-5010-2924,"one digit, middle group",1.1086436122570212e-10,135,-1.217177808955439e-10
01050102924,010-5010-2924,"one digit, middle group",1.1086436122570212e-10,136,9.73797633517364e-12
01050102924,010-5010-2924,"one digit, middle group",1.1086436122570212e-10,137,-1.0175423668186099e-10
01050102924,010-5010-2924,"one digit, middle group",1.1086436122570212e-10,138,6.775714605731036e-11
01050102924,010-5010-2924,"one digit, middle group",1.1086436122570212e-10,139,1.7948817181225019e-10
01050102924,010-5010-2924,"one digit, middle group",1.1086436122570212e-10,140,1.5974704029413239e-10
01050102924,010-5010-2924,"one digit, middle group",1.1086436122570212e-10,141,9.08853428754545e-11
01050102924,010-5010-2924,"one digit, middle group",1.1086436122570212e-10,142,-5.106462513801435e-10
01050102924,010-5010-2924,"one digit, middle group",1.1086436122570212e-10,143,-1.547306568180925e-09
01050102924,010-5010-2924,"one digit, middle group",1.1086436122570212e-10,144,4.024323383628459e-09
01050102924,010-5010-2924,"one digit, middle group",1.1086436122570212e-10,145,4.842413558298151e-10
01050102924,010-5010-2924,"one digit, middle group",1.1086436122570212e-10,146,9.238776513005691e-10
01050102924,010-5010-2924,"one digit, middle group",1.1086436122570212e-10,147,3.4606177295525123e-09
01050102924,010-5010-2924,"one digit, middle group",1.1086436122570212e-10,148,-1.0920368400070714e-09
01050102924,010-5010-2924,"one digit, middle group",1.1086436122570212e-10,149,-9.419279651229267e-09
01050102924,010-5010-2924,"one digit, middle group",1.1086436122570212e-10,150,-2.7162310965642933e-11
01050102924,010-5010-2924,"one digit, middle group",1.1086436122570212e-10,151,5.5896837112043965e-11
01050102924,010-5010-2924,"one digit, middle group",1.1086436122570212e-10,152,2.6063692104427e-11
01050102924,010-5010-2924,"one digit, middle group",1.1086436122570212e-10,153,-1.324710774560575e-10
01050102924,010-5010-2924,"one digit, middle group",1.1086436122570212e-10,154,1.506004631316787e-11
01050102924,010-5010-2924,"one digit, middle group",1.1086436122570212e-10,155,-1.6496795288844474e-10
01050102924,010-5010-2924,"one digit, middle group",1.1086436122570212e-10,156,2.4513755705066073e-10
01050102924,010-5010-2924,"one digit, middle group",1.1086436122570212e-10,157,5.87911895005694e-12
01050102924,010-5010-2924,"one digit, middle group",1.1086436122570212e-10,158,7.116889891432296e-11
01050102924,010-5010-2924,"one digit, middle group",1.1086436122570212e-10,159,-1.0130150488152917e-11
01050102924,010-5010-2924,"one digit, middle group",1.1086436122570212e-10,160,-3.573803502053458e-11
01050102924,010-5010-2924,"one digit, middle group",1.1086436122570212e-10,161,-8.054238136067712e-11
01050102924,010-5010-2924,"one digit, middle group",1.1086436122570212e-10,162,-7.999359544525575e-12
01050102924,010-5010-2924,"one digit, middle group",1.1086436122570212e-10,163,-2.1355702514686314e-10
01050102924,010-5010-2924,"one digit, middle group",1.1086436122570212e-10,164,1.9377997767397077e-10
01050102924,010-5010-2924,"one digit, middle group",1.1086436122570212e-10,165,1.6222823443465138e-10
01050102924,010-5010-2924,"one digit, middle group",1.1086436122570212e-10,166,-5.1353277058503286e-11
01050102924,010-5010-2924,"one digit, middle group",1.1086436122570212e-10,167,1.9658829335527796e-10
01050102924,010-5010-2924,"one digit, middle group",1.1086436122570212e-10,168,-4.597684480056117e-10
01050102924,010-5010-2924,"one digit, middle group",1.1086436122570212e-10,169,3.443007014572791e-11
01050102924,010-5010-2924,"one digit, middle group",1.1086436122570212e-10,170,-9.996150538694208e-11
01050102924,010-5010-2924,"one digit, middle group",1.1086436122570212e-10,171,-1.4057431352089984e-10
01050102924,010-5010-2924,"one digit, middle group",1.1086436122570212e-10,172,-4.9064320599858665e-11
01050102924,010-5010-2924,"one digit, middle group",1.1086436122570212e-10,173,-1.0949148146708288e-10
01050102924,010-5010-2924,"one digit, middle group",1.1086436122570212e-10,174,1.0793041888086398e-10
01050102924,010-5010-2924,"one digit, middle group",1.1086436122570212e-10,175,-4.4762217556604323e-10
01050102924,010-5010-2924,"one digit, middle group",1.1086436122570212e-10,176,1.45384283937411e-10
01050102924,010-5010-2924,"one digit, middle group",1.1086436122570212e-10,177,2.3079161433521656e-11
01050102924,010-5010-2924,"one digit, middle group",1.1086436122570212e-10,178,8.49394948267118e-11
01050102924,010-5010-2924,"one digit, middle group",1.1086436122570212e-10,179,-5.790973907773649e-10
01050102924,010-5010-2924,"one digit, middle group",1.1086436122570212e-10,180,1.7907938023612682e-10
01050102924,010-5010-2924,"one digit, middle group",1.1086436122570212e-10,181,-6.843097724757655e-10
01050102924,010-5010-2924,"one digit, middle group",1.1086436122570212e-10,182,-3.65642576747582e-11
01050102924,010-5010-2924,"one digit, middle group",1.1086436122570212e-10,183,4.097091046894052e-11
01050102924,010-5010-2924,"one digit, middle group",1.1086436122570212e-10,184,-8.918788257528288e-11
01050102924,010-5010-2924,"one digit, middle group",1.1086436122570212e-10,185,-6.072652533501074e-11
01050102924,010-5010-2924,"one digit, middle group",1.1086436122570212e-10,186,-1.0114267619805514e-10
01050102924,010-5010-2924,"one digit, middle group",1.1086436122570212e-10,187,-5.334047570408894e-11
01050102924,010-5010-2924,"one digit, middle group",1.1086436122570212e-10,188,-1.0533072713723464e-10
01050102924,010-5010-2924,"one digit, middle group",1.1086436122570212e-10,189,2.5202793130722503e-11
01050102924,010-5010-2924,"one digit, middle group",1.1086436122570212e-10,190,3.314970345168871e-11
01050102924,010-5010-2924,"one digit, middle group",1.1086436122570212e-10,191,5.2217428766679915e-11
01050102924,010-5010-2924,"one digit, middle group",1.1086436122570212e-10,192,1.1957022749401128e-10
01050102924,010-5010-2924,"one digit, middle group",1.1086436122570212e-10,193,-1.9031099153618043e-11
01050102924,010-5010-2924,"one digit, middle group",1.1086436122570212e-10,194,3.39896001218138e-11
01050102924,010-5010-2924,"one digit, middle group",1.1086436122570212e-10,195,-3.31634020440066e-10
01050102924,010-5010-2924,"one digit, middle group",1.1086436122570212e-10,196,3.2851776548904284e-11
01050102924,010-5010-2924,"one digit, middle group",1.1086436122570212e-10,197,3.1896201155959715e-10
01050102924,010-5010-2924,"one digit, middle group",1.1086436122570212e-10,198,-5.643601153177891e-11
01050102924,010-5010-2924,"one digit, middle group",1.1086436122570212e-10,199,5.310952141632345e-10
01050102924,010-5010-2924,"one digit, middle group",1.1086436122570212e-10,200,-1.0621099340922262e-10
01050102924,010-5010-2924,"one digit, middle group",1.1086436122570212e-10,201,2.716381125351572e-11
01050102924,010-5010-2924,"one digit, middle group",1.1086436122570212e-10,202,1.8436179353188475e-10
01050102924,010-5010-2924,"one digit, middle group",1.1086436122570212e-10,203,-3.0561962075153486e-11
01011112222,010-1111-2222,not in the log,-7.766347093448023e-12,0,3.5628221195721607e-11
01011112222,010-1111-2222,not in the log,-7.766347093448023e-12,1,7.935202829990317e-11
01011112222,010-1111-2222,not in the log,-7.766347093448023e-12,2,-2.3486525205302213e-10
01011112222,010-1111-2222,not in the log,-7.766347093448023e-12,3,-8.940788030182397e-11
01011112222,010-1111-2222,not in the log,-7.766347093448023e-12,4,-7.963559672899656e-11
01011112222,010-1111-2222,not in the log,-7.766347093448023e-12,5,-1.293765969054725e-10
01011112222,010-1111-2222,not in the log,-7.766347093448023e-12,6,1.667506480456342e-10
01011112222,010-1111-2222,not in the log,-7.766347093448023e-12,7,-7.723689783554408e-11
01011112222,010-1111-2222,not in the log,-7.766347093448023e-12,8,-5.553336693382457e-11
01011112222,010-1111-2222,not in the log,-7.766347093448023e-12,9,-3.230031651655436e-11
01011112222,010-1111-2222,not in the log,-7.766347093448023e-12,10,-7.318123249348519e-13
01011112222,010-1111-2222,not in the log,-7.766347093448023e-12,11,-1.7550756523352038e-10
01011112222,010-1111-2222,not in the log,-7.766347093448023e-12,12,-2.3757974104042736e-10
01011112222,010-1111-2222,not in the log,-7.766347093448023e-12,13,-1.4977750618831738e-10
01011112222,010-1111-2222,not in the log,-7.766347093448023e-12,14,-1.2245284303288833e-10
01011112222,010-1111-2222,not in the log,-7.766347093448023e-12,15,2.848951245999049e-11
01011112222,010-1111-2222,not in the log,-7.766347093448023e-12,16,-2.0038355371064789e-10
01011112222,010-1111-2222,not in the log,-7.766347093448023e-12,17,-6.796632064959824e-11
01011112222,010-1111-2222,not in the log,-7.766347093448023e-12,18,-1.426637113787151e-10
01011112222,010-1111-2222,not in the log,-7.766347093448023e-12,19,1.9265602835217867e-12
01011112222,010-1111-2222,not in the log,-7.766347093448023e-12,20,-1.992806663384625e-10
01011112222,010-1111-2222,not in the log,-7.766347093448023e-12,21,-1.5624267787618585e-10
01011112222,010-1111-2222,not in the log,-7.766347093448023e-12,22,-1.1343272761013994e-10
01011112222,010-1111-2222,not in the log,-7.766347093448023e-12,23,-7.360273131736241e-11
01011112222,010-1111-2222,not in the log,-7.766347093448023e-12,24,-1.0627323466188785e-11
01011112222,010-1111-2222,not in the log,-7.766347093448023e-12,25,4.816936373306028e-11
01011112222,010-1111-2222,not in the log,-7.766347093448023e-12,26,-2.0149405322423266e-11
01011112222,010-1111-2222,not in the log,-7.766347093448023e-12,27,-1.591661612483878e-10
01011112222,010-1111-2222,not in the log,-7.766347093448023e-12,28,-6.04259245092952e-11
01011112222,010-1111-2222,not in the log,-7.766347093448023e-12,29,5.468237849062561e-11
01011112222,010-1111-2222,not in the log,-7.766347093448023e-12,30,-5.124819372077589e-11
01011112222,010-1111-2222,not in the log,-7.766347093448023e-12,31,-4.044028164031252e-11
01011112222,010-1111-2222,not in the log,-7.766347093448023e-12,32,5.9800277020949e-10
01011112222,010-1111-2222,not in the log,-7.766347093448023e-12,33,6.1222785469329944e-12
01011112222,010-1111-2222,not in the log,-7.766347093448023e-12,34,-1.3639777027854323e-11
01011112222,010-1111-2222,not in the log,-7.766347093448023e-12,35,6.653150615644126e-11
01011112222,010-1111-2222,not in the log,-7.766347093448023e-12,36,-1.1222044226139433e-10
01011112222,010-1111-2222,not in the log,-7.766347093448023e-12,37,-2.5901869537488425e-11
01011112222,010-1111-2222,not in the log,-7.766347093448023e-12,38,-2.961410367976838e-11
01011112222,010-1111-2222,not in the log,-7.766347093448023e-12,39,-3.7394182670081666e-11
01011112222,010-1111-2222,not in the log,-7.766347093448023e-12,40,-4.109226923759779e-10
01011112222,010-1111-2222,not in the log,-7.766347093448023e-12,41,-6.4286060457813e-11
01011112222,010-1111-2222,not in the log,-7.766347093448023e-12,42,7.08405942889861e-11
01011112222,010-1111-2222,not in the log,-7.766347093448023e-12,43,-7.875746004716207e-11
01011112222,010-1111-2222,not in the log,-7.766347093448023e-12,44,-6.454913533156154e-11
01011112222,010-1111-2222,not in the log,-7.766347093448023e-12,45,4.6754701899683885e-11
01011112222,010-1111-2222,not in the log,-7.766347093448023e-12,46,-3.222001030298544e-11
01011112222,010-1111-2222,not in the log,-7.766347093448023e-12,47,1.8662340871550792e-10
01011112222,010-1111-2222,not in the log,-7.766347093448023e-12,48,1.1394726958014474e-10
01011112222,010-1111-2222,not in the log,-7.766347093448023e-12,49,-1.565107616858109e-10
01011112222,010-1111-2222,not in the log,-7.766347093448023e-12,50,1.5477020146654378e-10
01011112222,010-1111-2222,not in the log,-7.766347093448023e-12,51,-4.6106916708635226e-11
01011112222,010-1111-2222,not in the log,-7.766347093448023e-12,52,-1.896433280364033e-11
01011112222,010-1111-2222,not in the log,-7.766347093448023e-12,53,-6.55082159393371e-11
01011112222,010-1111-2222,not in the log,-7.766347093448023e-12,54,1.4316038626843784e-11
01011112222,010-1111-2222,not in the log,-7.766347093448023e-12,55,-1.3686738315630509e-11
01011112222,010-1111-2222,not in the log,-7.766347093448023e-12,56,1.4838971394853367e-10
01011112222,010-1111-2222,not in the log,-7.766347093448023e-12,57,3.996055909706609e-12
01011112222,010-1111-2222,not in the log,-7.766347093448023e-12,58,2.0882123487455074e-11
01011112222,010-1111-2222,not in the log,-7.766347093448023e-12,59,-9.202439822856391e-11
01011112222,010-1111-2222,not in the log,-7.766347093448023e-12,60,-8.85032559590838e-11
01011112222,010-1111-2222,not in the log,-7.766347093448023e-12,61,-9.613198221220705e-11
01011112222,010-1111-2222,not in the log,-7.766347093448023e-12,62,1.6971803360465595e-10
01011112222,010-1111-2222,not in the log,-7.766347093448023e-12,63,9.520332381582476e-11
01011112222,010-1111-2222,not in the log,-7.766347093448023e-12,64,4.6909994750685514e-11
01011112222,010-1111-2222,not in the log,-7.766347093448023e-12,65,1.308579138982021e-10
01011112222,010-1111-2222,not in the log,-7.766347093448023e-12,66,-1.8008887982207275e-10
01011112222,010-1111-2222,not in the log,-7.766347093448023e-12,67,1.3895107301918021e-10
01011112222,010-1111-2222,not in the log,-7.766347093448023e-12,68,4.677770590522578e-11
01011112222,010-1111-2222,not in the log,-7.766347093448023e-12,69,8.963239123520614e-11
01011112222,010-1111-2222,not in the log,-7.766347093448023e-12,70,-4.26121345743247e-11
01011112222,010-1111-2222,not in the log,-7.766347093448023e-12,71,1.1386889562033147e-13
01011112222,010-1111-2222,not in the log,-7.766347093448023e-12,72,1.1287135608560222e-11
01011112222,010-1111-2222,not in the log,-7.766347093448023e-12,73,-1.2363991540380557e-11
01011112222,010-1111-2222,not in the log,-7.766347093448023e-12,74,-6.835342777680792e-11
01011112222,010-1111-2222,not in the log,-7.766347093448023e-12,75,-4.030874995271846e-11
01011112222,010-1111-2222,not in the log,-7.766347093448023e-12,76,1.8747078420072882e-11
01011112222,010-1111-2222,not in the log,-7.766347093448023e-12,77,-3.6931194973939785e-11
01011112222,010-1111-2222,not in the log,-7.766347093448023e-12,78,2.9513562505002e-10
01011112222,010-1111-2222,not in the log,-7.766347093448023e-12,79,-1.6726950418243448e-10
01011112222,010-1111-2222,not in the log,-7.766347093448023e-12,80,7.829830771100979e-11
01011112222,010-1111-2222,not in the log,-7.766347093448023e-12,81,1.2506243546485045e-10
01011112222,010-1111-2222,not in the log,-7.766347093448023e-12,82,-2.367906732615804e-10
01011112222,010-1111-2222,not in the log,-7.766347093448023e-12,83,2.970321726857072e-11
01011112222,010-1111-2222,not in the log,-7.766347093448023e-12,84,-7.635075614952794e-11
01011112222,010-1111-2222,not in the log,-7.766347093448023e-12,85,2.1396159948182594e-11
01011112222,010-1111-2222,not in the log,-7.766347093448023e-12,86,-1.9146374164213073e-10
01011112222,010-1111-2222,not in the log,-7.766347093448023e-12,87,-4.871387569721446e-11
01011112222,010-1111-2222,not in the log,-7.766347093448023e-12,88,-1.5287271799311244e-10
01011112222,010-1111-2222,not in the log,-7.766347093448023e-12,89,2.3057178128141452e-11
01011112222,010-1111-2222,not in the log,-7.766347093448023e-12,90,5.768042174402884e-11
01011112222,010-1111-2222,not in the log,-7.766347093448023e-12,91,-1.81880787358931e-11
01011112222,010-1111-2222,not in the log,-7.766347093448023e-12,92,3.935460139289119e-11
01011112222,010-1111-2222,not in the log,-7.766347093448023e-12,93,-1.6456727657271198e-10
01011112222,010-1111-2222,not in the log,-7.766347093448023e-12,94,3.92154092915891e-11
01011112222,010-1111-2222,not in the log,-7.766347093448023e-12,95,5.512384433456807e-11
01011112222,010-1111-2222,not in the log,-7.766347093448023e-12,96,9.807362658168953e-11
01011112222,010-1111-2222,not in the log,-7.766347093448023e-12,97,1.5449519405117463e-10
01011112222,010-1111-2222,not in the log,-7.766347093448023e-12,98,9.869034037453098e-11
01011112222,010-1111-2222,not in the log,-7.766347093448023e-12,99,-5.35054965942015e-11
01011112222,010-1111-2222,not in the log,-7.766347093448023e-12,100,7.38437903695653e-11
01011112222,010-1111-2222,not in the log,-7.766347093448023e-12,101,-1.270947884019288e-11
01011112222,010-1111-2222,not in the log,-7.766347093448023e-12,102,-1.2567807441620372e-10
01011112222,010-1111-2222,not in the log,-7.766347093448023e-12,103,-4.1110352123009225e-10
01011112222,010-1111-2222,not in the log,-7.766347093448023e-12,104,-1.61160582826953e-10
01011112222,010-1111-2222,not in the log,-7.766347093448023e-12,105,2.8939960976511227e-11
01011112222,010-1111-2222,not in the log,-7.766347093448023e-12,106,-4.9530051089707705e-11
01011112222,010-1111-2222,not in the log,-7.766347093448023e-12,107,3.5043655682172425e-11
01011112222,010-1111-2222,not in the log,-7.766347093448023e-12,108,1.2444794886640627e-10
01011112222,010-1111-2222,not in the log,-7.766347093448023e-12,109,1.5744647785371818e-11
01011112222,010-1111-2222,not in the log,-7.766347093448023e-12,110,2.467111462366299e-11
01011112222,010-1111-2222,not in the log,-7.766347093448023e-12,111,-2.9968951865580747e-10
01011112222,010-1111-2222,not in the log,-7.766347093448023e-12,112,-3.267515179378087e-10
01011112222,010-1111-2222,not in the log,-7.766347093448023e-12,113,-8.359122105609407e-12
01011112222,010-1111-2222,not in the log,-7.766347093448023e-12,114,6.209630268488111e-11
01011112222,010-1111-2222,not in the log,-7.766347093448023e-12,115,1.443689722447008e-11
01011112222,010-1111-2222,not in the log,-7.766347093448023e-12,116,1.6482391003495883e-10
01011112222,010-1111-2222,not in the log,-7.766347093448023e-12,117,-1.9717022184501162e-10
01011112222,010-1111-2222,not in the log,-7.766347093448023e-12,118,-5.674023734178042e-11
01011112222,010-1111-2222,not in the log,-7.766347093448023e-12,119,1.176750559701735e-10
01011112222,010-1111-2222,not in the log,-7.766347093448023e-12,120,1.8223812383907e-11
01011112222,010-1111-2222,not in the log,-7.766347093448023e-12,121,3.093644556070419e-11
01011112222,010-1111-2222,not in the log,-7.766347093448023e-12,122,5.4228155095482167e-11
01011112222,010-1111-2222,not in the log,-7.766347093448023e-12,123,-5.12537717296022e-11
01011112222,010-1111-2222,not in the log,-7.766347093448023e-12,124,3.9139518352196997e-10
01011112222,010-1111-2222,not in the log,-7.766347093448023e-12,125,1.4513831476513e-10
01011112222,010-1111-2222,not in the log,-7.766347093448023e-12,126,-1.0208523602413594e-10
01011112222,010-1111-2222,not in the log,-7.766347093448023e-12,127,3.5630310339769214e-11
01011112222,010-1111-2222,not in the log,-7.766347093448023e-12,128,2.0473708317950198e-10
01011112222,010-1111-2222,not in the log,-7.766347093448023e-12,129,-1.2301582230727923e-10
01011112222,010-1111-2222,not in the log,-7.766347093448023e-12,130,1.1507455139079168e-11
01011112222,010-1111-2222,not in the log,-7.766347093448023e-12,131,9.261131451956583e-11
01011112222,010-1111-2222,not in the log,-7.766347093448023e-12,132,1.2871319670260088e-10
01011112222,010-1111-2222,not in the log,-7.766347093448023e-12,133,-9.306542675689185e-11
01011112222,010-1111-2222,not in the log,-7.766347093448023e-12,134,-2.1718306024442495e-10
01011112222,010-1111-2222,not in the log,-7.766347093448023e-12,135,4.228800987813672e-11
01011112222,010-1111-2222,not in the log,-7.766347093448023e-12,136,4.4820219152423435e-12
01011112222,010-1111-2222,not in the log,-7.766347093448023e-12,137,-6.719585850747431e-11
01011112222,010-1111-2222,not in the log,-7.766347093448023e-12,138,1.3747076155843068e-10
01011112222,010-1111-2222,not in the log,-7.766347093448023e-12,139,-4.692143043191459e-11
01011112222,010-1111-2222,not in the log,-7.766347093448023e-12,140,-1.6609973576530648e-10
01011112222,010-1111-2222,not in the log,-7.766347093448023e-12,141,3.2392301736342644e-11
01011112222,010-1111-2222,not in the log,-7.766347093448023e-12,142,4.174360126876408e-11
01011112222,010-1111-2222,not in the log,-7.766347093448023e-12,143,-2.0807916516038698e-10
01011112222,010-1111-2222,not in the log,-7.766347093448023e-12,144,2.8140733633982657e-11
01011112222,010-1111-2222,not in the log,-7.766347093448023e-12,145,-5.1368495262791187e-11
01011112222,010-1111-2222,not in the log,-7.766347093448023e-12,146,1.3319586816308257e-10
01011112222,010-1111-2222,not in the log,-7.766347093448023e-12,147,-1.9226570813435388e-10
01011112222,010-1111-2222,not in the log,-7.766347093448023e-12,148,-3.814342111324329e-11
01011112222,010-1111-2222,not in the log,-7.766347093448023e-12,149,1.2241654224457503e-10
01011112222,010-1111-2222,not in the log,-7.766347093448023e-12,150,1.2551751799650348e-10
01011112222,010-1111-2222,not in the log,-7.766347093448023e-12,151,-3.090706823193988e-11
01011112222,010-1111-2222,not in the log,-7.766347093448023e-12,152,-1.2840383467775237e-10
01011112222,010-1111-2222,not in the log,-7.766347093448023e-12,153,-2.3116486879941304e-10
01011112222,010-1111-2222,not in the log,-7.766347093448023e-12,154,9.917681152282759e-11
01011112222,010-1111-2222,not in the log,-7.766347093448023e-12,155,1.6877607129662844e-10
01011112222,010-1111-2222,not in the log,-7.766347093448023e-12,156,1.0042806571338033e-11
01011112222,010-1111-2222,not in the log,-7.766347093448023e-12,157,-2.058130497998973e-12
01011112222,010-1111-2222,not in the log,-7.766347093448023e-12,158,-4.822049357432553e-11
01011112222,010-1111-2222,not in the log,-7.766347093448023e-12,159,8.761481426207793e-11
01011112222,010-1111-2222,not in the log,-7.766347093448023e-12,160,-1.660781494686418e-10
01011112222,010-1111-2222,not in the log,-7.766347093448023e-12,161,8.417577718050539e-11
01011112222,010-1111-2222,not in the log,-7.766347093448023e-12,162,-8.16609701801386e-12
01011112222,010-1111-2222,not in the log,-7.766347093448023e-12,163,4.4395692517929555e-11
01011112222,010-1111-2222,not in the log,-7.766347093448023e-12,164,2.5151820841301234e-10
01011112222,010-1111-2222,not in the log,-7.766347093448023e-12,165,1.6264840863620954e-10
01011112222,010-1111-2222,not in the log,-7.766347093448023e-12,166,6.705298690545777e-12
01011112222,010-1111-2222,not in the log,-7.766347093448023e-12,167,-2.901996083973552e-10
01011112222,010-1111-2222,not in the log,-7.766347093448023e-12,168,-2.2840085607443797e-10
01011112222,010-1111-2222,not in the log,-7.766347093448023e-12,169,-1.5653170078270492e-10
01011112222,010-1111-2222,not in the log,-7.766347093448023e-12,170,1.0665962676297982e-10
01011112222,010-1111-2222,not in the log,-7.766347093448023e-12,171,1.1584400669092733e-10
01011112222,010-1111-2222,not in the log,-7.766347093448023e-12,172,1.4652425184326583e-12
01011112222,010-1111-2222,not in the log,-7.766347093448023e-12,173,-6.530332602290537e-11
01011112222,010-1111-2222,not in the log,-7.766347093448023e-12,174,6.976689574579424e-11
01011112222,010-1111-2222,not in the log,-7.766347093448023e-12,175,5.555254186584593e-10
01011112222,010-1111-2222,not in the log,-7.766347093448023e-12,176,1.1525217018964452e-10
01011112222,010-1111-2222,not in the log,-7.766347093448023e-12,177,-3.323446178733462e-10
01011112222,010-1111-2222,not in the log,-7.766347093448023e-12,178,4.701484902156998e-11
01011112222,010-1111-2222,not in the log,-7.766347093448023e-12,179,1.9663067899459614e-10
01011112222,010-1111-2222,not in the log,-7.766347093448023e-12,180,7.485650615881648e-11
01011112222,010-1111-2222,not in the log,-7.766347093448023e-12,181,-3.118162425870646e-10
01011112222,010-1111-2222,not in the log,-7.766347093448023e-12,182,1.3459976656678148e-10
01011112222,010-1111-2222,not in the log,-7.766347093448023e-12,183,2.55688728849441e-10
01011112222,010-1111-2222,not in the log,-7.766347093448023e-12,184,2.386737369506828e-12
01011112222,010-1111-2222,not in the log,-7.766347093448023e-12,185,-8.684388998784846e-11
01011112222,010-1111-2222,not in the log,-7.766347093448023e-12,186,-1.084002752163863e-10
01011112222,010-1111-2222,not in the log,-7.766347093448023e-12,187,1.1108107070176296e-10
01011112222,010-1111-2222,not in the log,-7.766347093448023e-12,188,3.661840549890017e-11
01011112222,010-1111-2222,not in the log,-7.766347093448023e-12,189,-1.538071660460069e-11
01011112222,010-1111-2222,not in the log,-7.766347093448023e-12,190,4.730805173794347e-11
01011112222,010-1111-2222,not in the log,-7.766347093448023e-12,191,8.492077451655442e-11
01011112222,010-1111-2222,not in the log,-7.766347093448023e-12,192,-7.816481953730325e-12
01011112222,010-1111-2222,not in the log,-7.766347093448023e-12,193,2.3095331002298153e-10
01011112222,010-1111-2222,not in the log,-7.766347093448023e-12,194,-4.964968583856104e-12
01011112222,010-1111-2222,not in the log,-7.766347093448023e-12,195,-1.1389442591141e-10
01011112222,010-1111-2222,not in the log,-7.766347093448023e-12,196,-6.517498070805461e-11
01011112222,010-1111-2222,not in the log,-7.766347093448023e-12,197,2.8281214032818055e-10
01011112222,010-1111-2222,not in the log,-7.766347093448023e-12,198,3.6973730578225043e-10
01011112222,010-1111-2222,not in the log,-7.766347093448023e-12,199,2.0628084759228762e-10
01011112222,010-1111-2222,not in the log,-7.766347093448023e-12,200,4.557546443435167e-11
01011112222,010-1111-2222,not in the log,-7.766347093448023e-12,201,3.965722904246228e-11
01011112222,010-1111-2222,not in the log,-7.766347093448023e-12,202,-3.747143789500808e-10
01011112222,010-1111-2222,not in the log,-7.766347093448023e-12,203,2.81066567291607e-11
