target,grouped,description,exist_value,slot,decrypted
01050002924,010-5000-2924,original,1.0000000004076266,0,-1.8508117165179413e-11
01050002924,010-5000-2924,original,1.0000000004076266,1,2.0555185192844607e-10
01050002924,010-5000-2924,original,1.0000000004076266,2,-1.9171582694337397e-10
01050002924,010-5000-2924,original,1.0000000004076266,3,5.722304510668167e-11
01050002924,010-5000-2924,original,1.0000000004076266,4,-3.4625814430534844e-11
01050002924,010-5000-2924,original,1.0000000004076266,5,-7.152857920422365e-10
01050002924,010-5000-2924,original,1.0000000004076266,6,-8.906737747594304e-12
01050002924,010-5000-2924,original,1.0000000004076266,7,9.621748450103649e-11
01050002924,010-5000-2924,original,1.0000000004076266,8,-3.224539451245971e-11
01050002924,010-5000-2924,original,1.0000000004076266,9,-1.7476101026005853e-11
01050002924,010-5000-2924,original,1.0000000004076266,10,-2.876519544546291e-11
01050002924,010-5000-2924,original,1.0000000004076266,11,-2.2859693152495434e-11
01050002924,010-5000-2924,original,1.0000000004076266,12,-1.2271914453169527e-10
01050002924,010-5000-2924,original,1.0000000004076266,13,-1.5481783955882152e-10
01050002924,010-5000-2924,original,1.0000000004076266,14,1.3368885180921792e-10
01050002924,010-5000-2924,original,1.0000000004076266,15,-8.305185513823191e-11
01050002924,010-5000-2924,original,1.0000000004076266,16,3.257151412233179e-10
01050002924,010-5000-2924,original,1.0000000004076266,17,3.630765258759239e-10
01050002924,010-5000-2924,original,1.0000000004076266,18,-4.010856092662483e-11
01050002924,010-5000-2924,original,1.0000000004076266,19,-1.0466114349845296e-10
01050002924,010-5000-2924,original,1.0000000004076266,20,3.7995984296282524e-11
01050002924,010-5000-2924,original,1.0000000004076266,21,-4.8798364981264975e-11
01050002924,010-5000-2924,original,1.0000000004076266,22,-2.6949714622582175e-10
01050002924,010-5000-2924,original,1.0000000004076266,23,1.185037570345675e-10
01050002924,010-5000-2924,original,1.0000000004076266,24,3.630955711495177e-11
01050002924,010-5000-2924,original,1.0000000004076266,25,-3.251410921587584e-11
01050002924,010-5000-2924,original,1.0000000004076266,26,-7.371009274918275e-11
01050002924,010-5000-2924,original,1.0000000004076266,27,-1.8777257974642404e-10
01050002924,010-5000-2924,original,1.0000000004076266,28,-7.28130626029517e-11
01050002924,010-5000-2924,original,1.0000000004076266,29,-4.362407546385498e-11
01050002924,010-5000-2924,original,1.0000000004076266,30,1.9729448660002996e-10
01050002924,010-5000-2924,original,1.0000000004076266,31,-1.068333670281849e-10
01050002924,010-5000-2924,original,1.0000000004076266,32,-1.7890741468861442e-10
01050002924,010-5000-2924,original,1.0000000004076266,33,-2.617976051875862e-10
01050002924,010-5000-2924,original,1.0000000004076266,34,-3.442623540834995e-10
01050002924,010-5000-2924,original,1.0000000004076266,35,5.433688400544113e-11
01050002924,010-5000-2924,original,1.0000000004076266,36,7.915250646010747e-11
01050002924,010-5000-2924,original,1.0000000004076266,37,-1.6738880606049797e-10
01050002924,010-5000-2924,original,1.0000000004076266,38,1.2484445091397202e-10
01050002924,010-5000-2924,original,1.0000000004076266,39,7.10050492498183e-11
01050002924,010-5000-2924,original,1.0000000004076266,40,3.0528711887022605e-10
01050002924,010-5000-2924,original,1.0000000004076266,41,-1.880263425787486e-12
01050002924,010-5000-2924,original,1.0000000004076266,42,1.0274280219929973e-11
01050002924,010-5000-2924,original,1.0000000004076266,43,-7.934741758920583e-11
01050002924,010-5000-2924,original,1.0000000004076266,44,5.7935423514169313e-11
01050002924,010-5000-2924,original,1.0000000004076266,45,1.5134136945192715e-10
01050002924,010-5000-2924,original,1.0000000004076266,46,-8.079601157889387e-12
01050002924,010-5000-2924,original,1.0000000004076266,47,3.3294278596675254e-10
01050002924,010-5000-2924,original,1.0000000004076266,48,8.329143114327095e-11
01050002924,010-5000-2924,original,1.0000000004076266,49,-3.876334811102815e-11
01050002924,010-5000-2924,original,1.0000000004076266,50,-2.1613098035399707e-10
01050002924,010-5000-2924,original,1.0000000004076266,51,7.269981849362286e-11
01050002924,010-5000-2924,original,1.0000000004076266,52,6.730860000667305e-11
01050002924,010-5000-2924,original,1.0000000004076266,53,1.7642452932189456e-11
01050002924,010-5000-2924,original,1.0000000004076266,54,1.1161969895722823e-11
01050002924,010-5000-2924,original,1.0000000004076266,55,-4.360004914779531e-11
01050002924,010-5000-2924,original,1.0000000004076266,56,-3.0701040894349103e-10
01050002924,010-5000-2924,original,1.0000000004076266,57,-5.343792834879075e-12
01050002924,010-5000-2924,original,1.0000000004076266,58,-4.565714446145967e-11
01050002924,010-5000-2924,original,1.0000000004076266,59,1.317451715811176e-10
01050002924,010-5000-2924,original,1.0000000004076266,60,-3.2692374554939494e-10
01050002924,010-5000-2924,original,1.0000000004076266,61,-1.5124851391759878e-10
01050002924,010-5000-2924,original,1.0000000004076266,62,-2.805492046197878e-10
01050002924,010-5000-2924,original,1.0000000004076266,63,1.4429720674240277e-11
01050002924,010-5000-2924,original,1.0000000004076266,64,3.0544381947135217e-10
01050002924,010-5000-2924,original,1.0000000004076266,65,2.6995644539572817e-10
01050002924,010-5000-2924,original,1.0000000004076266,66,3.261247230926626e-10
01050002924,010-5000-2924,original,1.0000000004076266,67,8.773921027855428e-11
01050002924,010-5000-2924,original,1.0000000004076266,68,8.724293762630197e-12
01050002924,010-5000-2924,original,1.0000000004076266,69,2.2017218952320271e-10
01050002924,010-5000-2924,original,1.0000000004076266,70,-4.866928339398915e-11
01050002924,010-5000-2924,original,1.0000000004076266,71,-7.823633465669794e-11
01050002924,010-5000-2924,original,1.0000000004076266,72,1.9936111055966635e-12
01050002924,010-5000-2924,original,1.0000000004076266,73,-3.214420548523756e-11
01050002924,010-5000-2924,original,1.0000000004076266,74,1.4306721894591814e-11
01050002924,010-5000-2924,original,1.0000000004076266,75,-7.46060632180629e-11
01050002924,010-5000-2924,original,1.0000000004076266,76,4.110294511938219e-11
01050002924,010-5000-2924,original,1.0000000004076266,77,5.524330739302601e-12
01050002924,010-5000-2924,original,1.0000000004076266,78,-4.468165822637796e-10
01050002924,010-5000-2924,original,1.0000000004076266,79,-2.2644990678449568e-11
01050002924,010-5000-2924,original,1.0000000004076266,80,-5.075759250057713e-11
01050002924,010-5000-2924,original,1.0000000004076266,81,1.32808656245768e-10
01050002924,010-5000-2924,original,1.0000000004076266,82,3.485550097004334e-11
01050002924,010-5000-2924,original,1.0000000004076266,83,-5.153945259622189e-11
01050002924,010-5000-2924,original,1.0000000004076266,84,-9.22781217532177e-11
01050002924,010-5000-2924,original,1.0000000004076266,85,3.194928155947512e-11
01050002924,010-5000-2924,original,1.0000000004076266,86,2.3283923778579226e-10
01050002924,010-5000-2924,original,1.0000000004076266,87,1.1937944820825125e-10
01050002924,010-5000-2924,original,1.0000000004076266,88,-1.382055736409323e-11
01050002924,010-5000-2924,original,1.0000000004076266,89,4.2043306488949135e-11
01050002924,010-5000-2924,original,1.0000000004076266,90,1.5190352613386635e-10
01050002924,010-5000-2924,original,1.0000000004076266,91,-9.63926386261689e-11
01050002924,010-5000-2924,original,1.0000000004076266,92,2.453786134988929e-10
01050002924,010-5000-2924,original,1.0000000004076266,93,1.667477419490171e-10
01050002924,010-5000-2924,original,1.0000000004076266,94,2.2106314834554135e-10
01050002924,010-5000-2924,original,1.0000000004076266,95,-2.0638174680104693e-10
01050002924,010-5000-2924,original,1.0000000004076266,96,2.029739475969376e-10
01050002924,010-5000-2924,original,1.0000000004076266,97,1.830666517640284e-10
01050002924,010-5000-2924,original,1.0000000004076266,98,-9.086946461682858e-12
01050002924,010-5000-2924,original,1.0000000004076266,99,9.037319556135966e-11
01050002924,010-5000-2924,original,1.0000000004076266,100,-1.6923207211029557e-11
01050002924,010-5000-2924,original,1.0000000004076266,101,-2.535429715484804e-10
01050002924,010-5000-2924,original,1.0000000004076266,102,1.017084116248331e-10
01050002924,010-5000-2924,original,1.0000000004076266,103,1.493127880838606e-10
01050002924,010-5000-2924,original,1.0000000004076266,104,-1.8707029988086386e-10
01050002924,010-5000-2924,original,1.0000000004076266,105,-1.2229927161199467e-10
01050002924,010-5000-2924,original,1.0000000004076266,106,5.908745484791752e-11
01050002924,010-5000-2924,original,1.0000000004076266,107,5.880947591129299e-11
01050002924,010-5000-2924,original,1.0000000004076266,108,2.896423256486981e-11
01050002924,010-5000-2924,original,1.0000000004076266,109,1.0189809856594413e-10
01050002924,010-5000-2924,original,1.0000000004076266,110,9.595438226734175e-12
01050002924,010-5000-2924,original,1.0000000004076266,111,4.391531378836916e-12
01050002924,010-5000-2924,original,1.0000000004076266,112,-1.7649091437725997e-10
01050002924,010-5000-2924,original,1.0000000004076266,113,2.922080208611955e-12
01050002924,010-5000-2924,original,1.0000000004076266,114,7.190397712517784e-11
01050002924,010-5000-2924,original,1.0000000004076266,115,-4.581815576886253e-11
01050002924,010-5000-2924,original,1.0000000004076266,116,-4.209636938413842e-11
01050002924,010-5000-2924,original,1.0000000004076266,117,8.916194766827001e-11
01050002924,010-5000-2924,original,1.0000000004076266,118,-4.916953166666253e-10
01050002924,010-5000-2924,original,1.0000000004076266,119,2.9105697213904726e-10
01050002924,010-5000-2924,original,1.0000000004076266,120,-7.346039800583325e-12
01050002924,010-5000-2924,original,1.0000000004076266,121,1.8405251065132368e-10
01050002924,010-5000-2924,original,1.0000000004076266,122,9.46677372808996e-11
01050002924,010-5000-2924,original,1.0000000004076266,123,9.196487805125852e-11
01050002924,010-5000-2924,original,1.0000000004076266,124,1.1600799285837359e-10
01050002924,010-5000-2924,original,1.0000000004076266,125,-1.7593723189412897e-10
01050002924,010-5000-2924,original,1.0000000004076266,126,1.5215983650724458e-10
01050002924,010-5000-2924,original,1.0000000004076266,127,4.3017853073786597e-11
01050002924,010-5000-2924,original,1.0000000004076266,128,-8.483330282854521e-11
01050002924,010-5000-2924,original,1.0000000004076266,129,-8.066772923063608e-11
01050002924,010-5000-2924,original,1.0000000004076266,130,1.5847224424142445e-11
01050002924,010-5000-2924,original,1.0000000004076266,131,-2.0775118350666208e-10
01050002924,010-5000-2924,original,1.0000000004076266,132,-6.103947160622224e-11
01050002924,010-5000-2924,original,1.0000000004076266,133,-6.995469434386142e-11
01050002924,010-5000-2924,original,1.0000000004076266,134,1.654012075532618e-10
01050002924,010-5000-2924,original,1.0000000004076266,135,-6.62215901430176e-11
01050002924,010-5000-2924,original,1.0000000004076266,136,7.238993464425781e-11
01050002924,010-5000-2924,original,1.0000000004076266,137,-8.488278572346869e-11
01050002924,010-5000-2924,original,1.0000000004076266,138,-1.780726378488107e-12
01050002924,010-5000-2924,original,1.0000000004076266,139,-3.1981438287333276e-11
01050002924,010-5000-2924,original,1.0000000004076266,140,-1.1508487929861424e-10
01050002924,010-5000-2924,original,1.0000000004076266,141,2.559702853932941e-10
01050002924,010-5000-2924,original,1.0000000004076266,142,0.9999996975492123
01050002924,010-5000-2924,original,1.0000000004076266,143,0.999999709761739
01050002924,010-5000-2924,original,1.0000000004076266,144,0.9999996867945053
01050002924,010-5000-2924,original,1.0000000004076266,145,0.999999696616577
01050002924,010-5000-2924,original,1.0000000004076266,146,0.9999996804348994
01050002924,010-5000-2924,original,1.0000000004076266,147,0.9999996718672378
01050002924,010-5000-2924,original,1.0000000004076266,148,0.9999996893736324
01050002924,010-5000-2924,original,1.0000000004076266,149,0.9999996929935928
01050002924,010-5000-2924,original,1.0000000004076266,150,-3.0911135827411085e-10
01050002924,010-5000-2924,original,1.0000000004076266,151,-2.6932128025048653e-11
01050002924,010-5000-2924,original,1.0000000004076266,152,-1.0742772162496595e-10
01050002924,010-5000-2924,original,1.0000000004076266,153,-2.3118570712078304e-10
01050002924,010-5000-2924,original,1.0000000004076266,154,2.532926214164496e-11
01050002924,010-5000-2924,original,1.0000000004076266,155,2.2753631076939228e-10
01050002924,010-5000-2924,original,1.0000000004076266,156,0.999999688942697
01050002924,010-5000-2924,original,1.0000000004076266,157,-3.582834902472766e-11
01050002924,010-5000-2924,original,1.0000000004076266,158,1.339121433726274e-10
01050002924,010-5000-2924,original,1.0000000004076266,159,1.3211793207052768e-11
01050002924,010-5000-2924,original,1.0000000004076266,160,0.999999686978351
01050002924,010-5000-2924,original,1.0000000004076266,161,4.532989981048203e-11
01050002924,010-5000-2924,original,1.0000000004076266,162,6.821123241429388e-11
01050002924,010-5000-2924,original,1.0000000004076266,163,0.999999687095414
01050002924,010-5000-2924,original,1.0000000004076266,164,0.9999996928016999
01050002924,010-5000-2924,original,1.0000000004076266,165,-1.5109625955479486e-10
01050002924,010-5000-2924,original,1.0000000004076266,166,6.947485771962648e-11
01050002924,010-5000-2924,original,1.0000000004076266,167,-1.4022898580578036e-10
01050002924,010-5000-2924,original,1.0000000004076266,168,-7.771409404253526e-11
01050002924,010-5000-2924,original,1.0000000004076266,169,-2.945551995972736e-10
01050002924,010-5000-2924,original,1.0000000004076266,170,1.5228001891473017e-11
01050002924,010-5000-2924,original,1.0000000004076266,171,3.1026887837839717e-10
01050002924,010-5000-2924,original,1.0000000004076266,172,-2.7120075707756506e-11
01050002924,010-5000-2924,original,1.0000000004076266,173,-2.1346586590823025e-10
01050002924,010-5000-2924,original,1.0000000004076266,174,-5.18563950826467e-11
01050002924,010-5000-2924,original,1.0000000004076266,175,-3.251721810045878e-10
01050002924,010-5000-2924,original,1.0000000004076266,176,6.2288147027277685e-12
01050002924,010-5000-2924,original,1.0000000004076266,177,-1.2869895023686044e-10
01050002924,010-5000-2924,original,1.0000000004076266,178,1.0915801316211505e-10
01050002924,010-5000-2924,original,1.0000000004076266,179,1.4265259830190092e-12
01050002924,010-5000-2924,original,1.0000000004076266,180,6.037775169428745e-11
01050002924,010-5000-2924,original,1.0000000004076266,181,5.285079348082498e-10
01050002924,010-5000-2924,original,1.0000000004076266,182,-5.450822589715475e-11
01050002924,010-5000-2924,original,1.0000000004076266,183,3.59771648474419e-11
01050002924,010-5000-2924,original,1.0000000004076266,184,3.396888311710005e-11
01050002924,010-5000-2924,original,1.0000000004076266,185,-4.374395128553542e-11
01050002924,010-5000-2924,original,1.0000000004076266,186,-1.5379982201658576e-10
01050002924,010-5000-2924,original,1.0000000004076266,187,-9.989484715037445e-13
01050002924,010-5000-2924,original,1.0000000004076266,188,2.8281536194601283e-11
01050002924,010-5000-2924,original,1.0000000004076266,189,-6.24133598778087e-11
01050002924,010-5000-2924,original,1.0000000004076266,190,-5.0799396336956736e-11
01050002924,010-5000-2924,original,1.0000000004076266,191,-1.8278730779237086e-11
01050002924,010-5000-2924,original,1.0000000004076266,192,-2.1324973735387416e-11
01050002924,010-5000-2924,original,1.0000000004076266,193,5.013268296644247e-10
01050002924,010-5000-2924,original,1.0000000004076266,194,5.502032433940066e-11
01050002924,010-5000-2924,original,1.0000000004076266,195,2.340843742136155e-10
01050002924,010-5000-2924,original,1.0000000004076266,196,8.853238855504746e-11
01050002924,010-5000-2924,original,1.0000000004076266,197,1.55820408567823e-10
01050002924,010-5000-2924,original,1.0000000004076266,198,3.4927384641377065e-11
01050002924,010-5000-2924,original,1.0000000004076266,199,-2.8171248454089187e-11
01050002924,010-5000-2924,original,1.0000000004076266,200,-6.370367013720813e-11
01050002924,010-5000-2924,original,1.0000000004076266,201,-4.2885033778134866e-11
01050002924,010-5000-2924,original,1.0000000004076266,202,2.7072890142583647e-10
01050002924,010-5000-2924,original,1.0000000004076266,203,3.9812320667303684e-12
01050002925,010-5000-2925,"one digit, last group",-1.4013527261617323e-11,0,-9.054615564995352e-11
01050002925,010-5000-2925,"one digit, last group",-1.4013527261617323e-11,1,1.5301298518466557e-10
01050002925,010-5000-2925,"one digit, last group",-1.4013527261617323e-11,2,-2.1457825383664916e-10
01050002925,010-5000-2925,"one digit, last group",-1.4013527261617323e-11,3,-1.6572918566901562e-11
01050002925,010-5000-2925,"one digit, last group",-1.4013527261617323e-11,4,4.355682503844358e-12
01050002925,010-5000-2925,"one digit, last group",-1.4013527261617323e-11,5,-5.807436101509945e-10
01050002925,010-5000-2925,"one digit, last group",-1.4013527261617323e-11,6,-3.221481171333647e-11
01050002925,010-5000-2925,"one digit, last group",-1.4013527261617323e-11,7,-3.4277774809866595e-10
01050002925,010-5000-2925,"one digit, last group",-1.4013527261617323e-11,8,4.742035898620965e-10
01050002925,010-5000-2925,"one digit, last group",-1.4013527261617323e-11,9,3.1848458467438246e-11
01050002925,010-5000-2925,"one digit, last group",-1.4013527261617323e-11,10,1.4793900293034326e-11
01050002925,010-5000-2925,"one digit, last group",-1.4013527261617323e-11,11,-3.266295541703761e-11
01050002925,010-5000-2925,"one digit, last group",-1.4013527261617323e-11,12,-2.5166174218966044e-10
01050002925,010-5000-2925,"one digit, last group",-1.4013527261617323e-11,13,3.9301501164978385e-11
01050002925,010-5000-2925,"one digit, last group",-1.4013527261617323e-11,14,6.600410701327925e-12
01050002925,010-5000-2925,"one digit, last group",-1.4013527261617323e-11,15,-5.064283851338268e-11
01050002925,010-5000-2925,"one digit, last group",-1.4013527261617323e-11,16,9.77764548679685e-11
01050002925,010-5000-2925,"one digit, last group",-1.4013527261617323e-11,17,2.0781057792302928e-10
01050002925,010-5000-2925,"one digit, last group",-1.4013527261617323e-11,18,2.0312833346927478e-11
01050002925,010-5000-2925,"one digit, last group",-1.4013527261617323e-11,19,8.321592541542847e-11
01050002925,010-5000-2925,"one digit, last group",-1.4013527261617323e-11,20,1.6852044337037612e-11
01050002925,010-5000-2925,"one digit, last group",-1.4013527261617323e-11,21,1.5663747120781854e-10
01050002925,010-5000-2925,"one digit, last group",-1.4013527261617323e-11,22,6.881206227054226e-12
01050002925,010-5000-2925,"one digit, last group",-1.4013527261617323e-11,23,1.1548498718800491e-10
01050002925,010-5000-2925,"one digit, last group",-1.4013527261617323e-11,24,-1.0616304850610141e-10
01050002925,010-5000-2925,"one digit, last group",-1.4013527261617323e-11,25,-8.44230916968627e-11
01050002925,010-5000-2925,"one digit, last group",-1.4013527261617323e-11,26,1.0082715766376529e-10
01050002925,010-5000-2925,"one digit, last group",-1.4013527261617323e-11,27,1.222994339585086e-10
01050002925,010-5000-2925,"one digit, last group",-1.4013527261617323e-11,28,2.4785415951741307e-11
01050002925,010-5000-2925,"one digit, last group",-1.4013527261617323e-11,29,-2.877816344469192e-11
01050002925,010-5000-2925,"one digit, last group",-1.4013527261617323e-11,30,-3.4726912089655696e-12
01050002925,010-5000-2925,"one digit, last group",-1.4013527261617323e-11,31,3.519273991987607e-11
01050002925,010-5000-2925,"one digit, last group",-1.4013527261617323e-11,32,2.7907709773101085e-11
01050002925,010-5000-2925,"one digit, last group",-1.4013527261617323e-11,33,-1.2914857438962112e-10
01050002925,010-5000-2925,"one digit, last group",-1.4013527261617323e-11,34,3.154869784186511e-11
01050002925,010-5000-2925,"one digit, last group",-1.4013527261617323e-11,35,-3.3660594054625493e-12
01050002925,010-5000-2925,"one digit, last group",-1.4013527261617323e-11,36,-1.8003645482188646e-11
01050002925,010-5000-2925,"one digit, last group",-1.4013527261617323e-11,37,4.539274676743252e-11
01050002925,010-5000-2925,"one digit, last group",-1.4013527261617323e-11,38,5.665469991619478e-11
01050002925,010-5000-2925,"one digit, last group",-1.4013527261617323e-11,39,-9.806581616281583e-11
01050002925,010-5000-2925,"one digit, last group",-1.4013527261617323e-11,40,1.9515905184744951e-10
01050002925,010-5000-2925,"one digit, last group",-1.4013527261617323e-11,41,3.425849165555847e-11
01050002925,010-5000-2925,"one digit, last group",-1.4013527261617323e-11,42,8.381315007798e-11
01050002925,010-5000-2925,"one digit, last group",-1.4013527261617323e-11,43,2.96356716153202e-11
01050002925,010-5000-2925,"one digit, last group",-1.4013527261617323e-11,44,2.573809899938742e-11
01050002925,010-5000-2925,"one digit, last group",-1.4013527261617323e-11,45,2.792003127581903e-11
01050002925,010-5000-2925,"one digit, last group",-1.4013527261617323e-11,46,-1.0035751032960874e-10
01050002925,010-5000-2925,"one digit, last group",-1.4013527261617323e-11,47,3.419584176437854e-11
01050002925,010-5000-2925,"one digit, last group",-1.4013527261617323e-11,48,-9.17582764994837e-11
01050002925,010-5000-2925,"one digit, last group",-1.4013527261617323e-11,49,-3.245936869258484e-12
01050002925,010-5000-2925,"one digit, last group",-1.4013527261617323e-11,50,9.510889433283488e-11
01050002925,010-5000-2925,"one digit, last group",-1.4013527261617323e-11,51,-2.3434220805515715e-11
01050002925,010-5000-2925,"one digit, last group",-1.4013527261617323e-11,52,-1.009456135729506e-10
01050002925,010-5000-2925,"one digit, last group",-1.4013527261617323e-11,53,1.0421404127694777e-11
01050002925,010-5000-2925,"one digit, last group",-1.4013527261617323e-11,54,-3.3738353721137354e-11
01050002925,010-5000-2925,"one digit, last group",-1.4013527261617323e-11,55,9.832603265405481e-11
01050002925,010-5000-2925,"one digit, last group",-1.4013527261617323e-11,56,1.5371701410121807e-10
01050002925,010-5000-2925,"one digit, last group",-1.4013527261617323e-11,57,-4.244867683434585e-11
01050002925,010-5000-2925,"one digit, last group",-1.4013527261617323e-11,58,2.267884826592875e-11
01050002925,010-5000-2925,"one digit, last group",-1.4013527261617323e-11,59,2.1320103780871277e-10
01050002925,010-5000-2925,"one digit, last group",-1.4013527261617323e-11,60,-2.9874576367338426e-10
01050002925,010-5000-2925,"one digit, last group",-1.4013527261617323e-11,61,-9.079882729408761e-11
01050002925,010-5000-2925,"one digit, last group",-1.4013527261617323e-11,62,-2.756028552034949e-11
01050002925,010-5000-2925,"one digit, last group",-1.4013527261617323e-11,63,-5.42958299883789e-11
01050002925,010-5000-2925,"one digit, last group",-1.4013527261617323e-11,64,1.4732800507596884e-10
01050002925,010-5000-2925,"one digit, last group",-1.4013527261617323e-11,65,-6.741540103257715e-11
01050002925,010-5000-2925,"one digit, last group",-1.4013527261617323e-11,66,-1.0929158062981876e-10
01050002925,010-5000-2925,"one digit, last group",-1.4013527261617323e-11,67,2.067001305681555e-10
01050002925,010-5000-2925,"one digit, last group",-1.4013527261617323e-11,68,1.357415605296811e-11
01050002925,010-5000-2925,"one digit, last group",-1.4013527261617323e-11,69,1.3556643473050308e-11
01050002925,010-5000-2925,"one digit, last group",-1.4013527261617323e-11,70,-4.511132518546747e-11
01050002925,010-5000-2925,"one digit, last group",-1.4013527261617323e-11,71,1.3516985289068324e-10
01050002925,010-5000-2925,"one digit, last group",-1.4013527261617323e-11,72,4.583900755794668e-12
01050002925,010-5000-2925,"one digit, last group",-1.4013527261617323e-11,73,-1.1792235523724115e-10
01050002925,010-5000-2925,"one digit, last group",-1.4013527261617323e-11,74,1.1992342355128522e-10
01050002925,010-5000-2925,"one digit, last group",-1.4013527261617323e-11,75,5.935952454451811e-11
01050002925,010-5000-2925,"one digit, last group",-1.4013527261617323e-11,76,5.4669562551525106e-11
01050002925,010-5000-2925,"one digit, last group",-1.4013527261617323e-11,77,3.404035084133546e-11
01050002925,010-5000-2925,"one digit, last group",-1.4013527261617323e-11,78,2.805549842319127e-10
01050002925,010-5000-2925,"one digit, last group",-1.4013527261617323e-11,79,6.657581870831519e-11
01050002925,010-5000-2925,"one digit, last group",-1.4013527261617323e-11,80,1.0368802297217158e-10
01050002925,010-5000-2925,"one digit, last group",-1.4013527261617323e-11,81,2.9872386585505084e-10
01050002925,010-5000-2925,"one digit, last group",-1.4013527261617323e-11,82,8.319790389799163e-11
01050002925,010-5000-2925,"one digit, last group",-1.4013527261617323e-11,83,2.7314652574007204e-11
01050002925,010-5000-2925,"one digit, last group",-1.4013527261617323e-11,84,-5.503283135154639e-11
01050002925,010-5000-2925,"one digit, last group",-1.4013527261617323e-11,85,-3.978781658581004e-11
01050002925,010-5000-2925,"one digit, last group",-1.4013527261617323e-11,86,7.837772583371998e-11
01050002925,010-5000-2925,"one digit, last group",-1.4013527261617323e-11,87,1.0899138409944853e-10
01050002925,010-5000-2925,"one digit, last group",-1.4013527261617323e-11,88,-9.462106075826928e-11
01050002925,010-5000-2925,"one digit, last group",-1.4013527261617323e-11,89,2.6352187771989885e-11
01050002925,010-5000-2925,"one digit, last group",-1.4013527261617323e-11,90,6.294490108841682e-11
01050002925,010-5000-2925,"one digit, last group",-1.4013527261617323e-11,91,-2.2674527041898088e-10
01050002925,010-5000-2925,"one digit, last group",-1.4013527261617323e-11,92,-1.7182132555239764e-10
01050002925,010-5000-2925,"one digit, last group",-1.4013527261617323e-11,93,-1.0242142141194626e-11
01050002925,010-5000-2925,"one digit, last group",-1.4013527261617323e-11,94,8.327252708928916e-12
01050002925,010-5000-2925,"one digit, last group",-1.4013527261617323e-11,95,6.719626525138662e-11
01050002925,010-5000-2925,"one digit, last group",-1.4013527261617323e-11,96,-2.5415071394406696e-10
01050002925,010-5000-2925,"one digit, last group",-1.4013527261617323e-11,97,2.5222084920126023e-10
01050002925,010-5000-2925,"one digit, last group",-1.4013527261617323e-11,98,-1.5412956775944414e-10
01050002925,010-5000-2925,"one digit, last group",-1.4013527261617323e-11,99,-2.6460391567998784e-11
01050002925,010-5000-2925,"one digit, last group",-1.4013527261617323e-11,100,-1.4403755917546348e-10
01050002925,010-5000-2925,"one digit, last group",-1.4013527261617323e-11,101,-7.027052309099907e-11
01050002925,010-5000-2925,"one digit, last group",-1.4013527261617323e-11,102,-7.452928377782394e-11
01050002925,010-5000-2925,"one digit, last group",-1.4013527261617323e-11,103,2.61596094148248e-10
01050002925,010-5000-2925,"one digit, last group",-1.4013527261617323e-11,104,3.3263353266298694e-11
01050002925,010-5000-2925,"one digit, last group",-1.4013527261617323e-11,105,6.557797810397777e-11
01050002925,010-5000-2925,"one digit, last group",-1.4013527261617323e-11,106,2.7201573924922055e-11
01050002925,010-5000-2925,"one digit, last group",-1.4013527261617323e-11,107,1.0288748539352932e-11
01050002925,010-5000-2925,"one digit, last group",-1.4013527261617323e-11,108,-5.504175339283261e-11
01050002925,010-5000-2925,"one digit, last group",-1.4013527261617323e-11,109,1.0158732038369195e-10
01050002925,010-5000-2925,"one digit, last group",-1.4013527261617323e-11,110,3.156209941921453e-11
01050002925,010-5000-2925,"one digit, last group",-1.4013527261617323e-11,111,1.7162316915914762e-10
01050002925,010-5000-2925,"one digit, last group",-1.4013527261617323e-11,112,6.845009989849415e-11
01050002925,010-5000-2925,"one digit, last group",-1.4013527261617323e-11,113,-2.475726984477629e-12
01050002925,010-5000-2925,"one digit, last group",-1.4013527261617323e-11,114,-1.5985589277854672e-10
01050002925,010-5000-2925,"one digit, last group",-1.4013527261617323e-11,115,4.387215183206168e-11
01050002925,010-5000-2925,"one digit, last group",-1.4013527261617323e-11,116,-1.3444688031055136e-10
01050002925,010-5000-2925,"one digit, last group",-1.4013527261617323e-11,117,6.106511756175816e-11
01050002925,010-5000-2925,"one digit, last group",-1.4013527261617323e-11,118,-1.6455589617139633e-10
01050002925,010-5000-2925,"one digit, last group",-1.4013527261617323e-11,119,-6.479285874517779e-11
01050002925,010-5000-2925,"one digit, last group",-1.4013527261617323e-11,120,-5.565148378819048e-11
01050002925,010-5000-2925,"one digit, last group",-1.4013527261617323e-11,121,5.627658831269198e-10
01050002925,010-5000-2925,"one digit, last group",-1.4013527261617323e-11,122,2.0648818226062946e-10
01050002925,010-5000-2925,"one digit, last group",-1.4013527261617323e-11,123,-7.761779053884351e-11
01050002925,010-5000-2925,"one digit, last group",-1.4013527261617323e-11,124,-1.0735214214783776e-10
01050002925,010-5000-2925,"one digit, last group",-1.4013527261617323e-11,125,-2.0064054485903735e-11
01050002925,010-5000-2925,"one digit, last group",-1.4013527261617323e-11,126,-3.6139491247127796e-12
01050002925,010-5000-2925,"one digit, last group",-1.4013527261617323e-11,127,7.033098428941462e-11
01050002925,010-5000-2925,"one digit, last group",-1.4013527261617323e-11,128,5.462269112803354e-10
01050002925,010-5000-2925,"one digit, last group",-1.4013527261617323e-11,129,-2.5138641904770617e-11
01050002925,010-5000-2925,"one digit, last group",-1.4013527261617323e-11,130,1.1704527264242024e-11
01050002925,010-5000-2925,"one digit, last group",-1.4013527261617323e-11,131,-1.9312386607905905e-10
01050002925,010-5000-2925,"one digit, last group",-1.4013527261617323e-11,132,1.0452684666525285e-10
01050002925,010-5000-2925,"one digit, last group",-1.4013527261617323e-11,133,-2.2422699873925312e-11
01050002925,010-5000-2925,"one digit, last group",-1.4013527261617323e-11,134,8.200312542496559e-11
01050002925,010-5000-2925,"one digit, last group",-1.4013527261617323e-11,135,7.677278874770085e-11
01050002925,010-5000-2925,"one digit, last group",-1.4013527261617323e-11,136,2.4969978176610362e-11
01050002925,010-5000-2925,"one digit, last group",-1.4013527261617323e-11,137,-1.652633310943154e-10
01050002925,010-5000-2925,"one digit, last group",-1.4013527261617323e-11,138,4.6482820675351397e-10
01050002925,010-5000-2925,"one digit, last group",-1.4013527261617323e-11,139,-3.899669753451488e-11
01050002925,010-5000-2925,"one digit, last group",-1.4013527261617323e-11,140,-1.2855439850789242e-10
01050002925,010-5000-2925,"one digit, last group",-1.4013527261617323e-11,141,4.4045868359078753e-10
01050002925,010-5000-2925,"one digit, last group",-1.4013527261617323e-11,142,2.6348355262830942e-09
01050002925,010-5000-2925,"one digit, last group",-1.4013527261617323e-11,143,1.1411977501686601e-09
01050002925,010-5000-2925,"one digit, last group",-1.4013527261617323e-11,144,3.2985008046768725e-09
01050002925,010-5000-2925,"one digit, last group",-1.4013527261617323e-11,145,5.658402274452417e-09
01050002925,010-5000-2925,"one digit, last group",-1.4013527261617323e-11,146,4.371672178571904e-10
01050002925,010-5000-2925,"one digit, last group",-1.4013527261617323e-11,147,-2.9706853385352345e-09
01050002925,010-5000-2925,"one digit, last group",-1.4013527261617323e-11,148,-2.397218699847301e-09
01050002925,010-5000-2925,"one digit, last group",-1.4013527261617323e-11,149,-7.540372292379057e-09
01050002925,010-5000-2925,"one digit, last group",-1.4013527261617323e-11,150,1.4682206076073287e-10
01050002925,010-5000-2925,"one digit, last group",-1.4013527261617323e-11,151,6.816092251795998e-11
01050002925,010-5000-2925,"one digit, last group",-1.4013527261617323e-11,152,5.495324332269743e-10
01050002925,010-5000-2925,"one digit, last group",-1.4013527261617323e-11,153,2.831011519066394e-11
01050002925,010-5000-2925,"one digit, last group",-1.4013527261617323e-11,154,2.80231901877304e-11
01050002925,010-5000-2925,"one digit, last group",-1.4013527261617323e-11,155,-7.038738767405327e-10
01050002925,010-5000-2925,"one digit, last group",-1.4013527261617323e-11,156,-4.0798586547010565e-10
01050002925,010-5000-2925,"one digit, last group",-1.4013527261617323e-11,157,-4.6495396896767976e-11
01050002925,010-5000-2925,"one digit, last group",-1.4013527261617323e-11,158,9.21090765530671e-11
01050002925,010-5000-2925,"one digit, last group",-1.4013527261617323e-11,159,-9.621062165103299e-12
01050002925,010-5000-2925,"one digit, last group",-1.4013527261617323e-11,160,-5.45345436148566e-09
01050002925,010-5000-2925,"one digit, last group",-1.4013527261617323e-11,161,-7.119480128835749e-11
01050002925,010-5000-2925,"one digit, last group",-1.4013527261617323e-11,162,7.159702272611317e-12
01050002925,010-5000-2925,"one digit, last group",-1.4013527261617323e-11,163,-2.3114371126501496e-09
01050002925,010-5000-2925,"one digit, last group",-1.4013527261617323e-11,164,3.628914866181676e-08
01050002925,010-5000-2925,"one digit, last group",-1.4013527261617323e-11,165,-9.912747000823251e-11
01050002925,010-5000-2925,"one digit, last group",-1.4013527261617323e-11,166,2.17324197113831e-11
01050002925,010-5000-2925,"one digit, last group",-1.4013527261617323e-11,167,3.2628396618032233e-10
01050002925,010-5000-2925,"one digit, last group",-1.4013527261617323e-11,168,3.1667261488014284e-10
01050002925,010-5000-2925,"one digit, last group",-1.4013527261617323e-11,169,-7.451421789761647e-12
01050002925,010-5000-2925,"one digit, last group",-1.4013527261617323e-11,170,5.014235156020545e-12
01050002925,010-5000-2925,"one digit, last group",-1.4013527261617323e-11,171,4.303259406118489e-11
01050002925,010-5000-2925,"one digit, last group",-1.4013527261617323e-11,172,-1.4080956534910202e-11
01050002925,010-5000-2925,"one digit, last group",-1.4013527261617323e-11,173,-1.0189796153283895e-10
01050002925,010-5000-2925,"one digit, last group",-1.4013527261617323e-11,174,-4.725445094418519e-11
01050002925,010-5000-2925,"one digit, last group",-1.4013527261617323e-11,175,-2.0827511284964464e-10
01050002925,010-5000-2925,"one digit, last group",-1.4013527261617323e-11,176,-1.7275621286803277e-11
01050002925,010-5000-2925,"one digit, last group",-1.4013527261617323e-11,177,1.5831463106630735e-10
01050002925,010-5000-2925,"one digit, last group",-1.4013527261617323e-11,178,-8.560417843345418e-11
01050002925,010-5000-2925,"one digit, last group",-1.4013527261617323e-11,179,-1.0238316822119624e-10
01050002925,010-5000-2925,"one digit, last group",-1.4013527261617323e-11,180,1.836800867888154e-10
01050002925,010-5000-2925,"one digit, last group",-1.4013527261617323e-11,181,8.123055028510316e-11
01050002925,010-5000-2925,"one digit, last group",-1.4013527261617323e-11,182,3.207476146167303e-10
01050002925,010-5000-2925,"one digit, last group",-1.4013527261617323e-11,183,1.7079294184179363e-10
01050002925,010-5000-2925,"one digit, last group",-1.4013527261617323e-11,184,2.0062884914289304e-11
01050002925,010-5000-2925,"one digit, last group",-1.4013527261617323e-11,185,-7.228769065877896e-11
01050002925,010-5000-2925,"one digit, last group",-1.4013527261617323e-11,186,-1.415693901455418e-10
01050002925,010-5000-2925,"one digit, last group",-1.4013527261617323e-11,187,-8.380669196336763e-11
01050002925,010-5000-2925,"one digit, last group",-1.4013527261617323e-11,188,1.0161714324088067e-10
01050002925,010-5000-2925,"one digit, last group",-1.4013527261617323e-11,189,4.5019724078664145e-11
01050002925,010-5000-2925,"one digit, last group",-1.4013527261617323e-11,190,9.010446839897482e-11
01050002925,010-5000-2925,"one digit, last group",-1.4013527261617323e-11,191,1.2338858890092409e-11
01050002925,010-5000-2925,"one digit, last group",-1.4013527261617323e-11,192,6.030032074988399e-11
01050002925,010-5000-2925,"one digit, last group",-1.4013527261617323e-11,193,2.5562330006657326e-10
01050002925,010-5000-2925,"one digit, last group",-1.4013527261617323e-11,194,3.2940132809493336e-11
01050002925,010-5000-2925,"one digit, last group",-1.4013527261617323e-11,195,1.10389150033989e-10
01050002925,010-5000-2925,"one digit, last group",-1.4013527261617323e-11,196,5.0798946985379506e-11
01050002925,010-5000-2925,"one digit, last group",-1.4013527261617323e-11,197,-1.1591453782496536e-11
01050002925,010-5000-2925,"one digit, last group",-1.4013527261617323e-11,198,9.730365965258606e-11
01050002925,010-5000-2925,"one digit, last group",-1.4013527261617323e-11,199,1.2259671658921436e-10
01050002925,010-5000-2925,"one digit, last group",-1.4013527261617323e-11,200,-1.2978554565496834e-10
01050002925,010-5000-2925,"one digit, last group",-1.4013527261617323e-11,201,-1.9229323417349614e-11
01050002925,010-5000-2925,"one digit, last group",-1.4013527261617323e-11,202,-3.042827192873401e-10
01050002925,010-5000-2925,"one digit, last group",-1.4013527261617323e-11,203,2.3740845951398784e-11
01051009080,010-5100-9080,original,1.0000000002968046,0,1.177002596026238e-11
01051009080,010-5100-9080,original,1.0000000002968046,1,1.716793572011643e-10
01051009080,010-5100-9080,original,1.0000000002968046,2,-1.845074984053109e-10
01051009080,010-5100-9080,original,1.0000000002968046,3,1.0852225884293884e-11
01051009080,010-5100-9080,original,1.0000000002968046,4,1.379625587778689e-10
01051009080,010-5100-9080,original,1.0000000002968046,5,1.193653793376721e-10
01051009080,010-5100-9080,original,1.0000000002968046,6,-1.9023392541788046e-10
01051009080,010-5100-9080,original,1.0000000002968046,7,-2.493462469259359e-12
01051009080,010-5100-9080,original,1.0000000002968046,8,1.5501992051500723e-10
01051009080,010-5100-9080,original,1.0000000002968046,9,-3.155824253584367e-11
01051009080,010-5100-9080,original,1.0000000002968046,10,-4.1092724140113616e-11
01051009080,010-5100-9080,original,1.0000000002968046,11,1.202960356091504e-10
01051009080,010-5100-9080,original,1.0000000002968046,12,-3.9988566126048615e-10
01051009080,010-5100-9080,original,1.0000000002968046,13,6.758847515190191e-11
01051009080,010-5100-9080,original,1.0000000002968046,14,2.49563754153887e-11
01051009080,010-5100-9080,original,1.0000000002968046,15,-9.860061602503723e-12
01051009080,010-5100-9080,original,1.0000000002968046,16,-3.661460015876129e-10
01051009080,010-5100-9080,original,1.0000000002968046,17,5.403528747127835e-10
01051009080,010-5100-9080,original,1.0000000002968046,18,4.0769309822550004e-11
01051009080,010-5100-9080,original,1.0000000002968046,19,-5.026071322248945e-11
01051009080,010-5100-9080,original,1.0000000002968046,20,-4.198408838161523e-11
01051009080,010-5100-9080,original,1.0000000002968046,21,-7.294452292830048e-11
01051009080,010-5100-9080,original,1.0000000002968046,22,-2.501041047488444e-11
01051009080,010-5100-9080,original,1.0000000002968046,23,-5.6062247364892073e-11
01051009080,010-5100-9080,original,1.0000000002968046,24,7.628743283041704e-11
01051009080,010-5100-9080,original,1.0000000002968046,25,6.964222748811042e-12
01051009080,010-5100-9080,original,1.0000000002968046,26,-1.765893031766409e-10
01051009080,010-5100-9080,original,1.0000000002968046,27,1.3429563700487806e-11
01051009080,010-5100-9080,original,1.0000000002968046,28,1.4101473669951025e-10
01051009080,010-5100-9080,original,1.0000000002968046,29,-1.0129907366771158e-10
01051009080,010-5100-9080,original,1.0000000002968046,30,3.8860881732371863e-10
01051009080,010-5100-9080,original,1.0000000002968046,31,-6.052776525355771e-11
01051009080,010-5100-9080,original,1.0000000002968046,32,-2.4864733831062495e-10
01051009080,010-5100-9080,original,1.0000000002968046,33,-1.3028722112080824e-10
01051009080,010-5100-9080,original,1.0000000002968046,34,2.3254338532712335e-11
01051009080,010-5100-9080,original,1.0000000002968046,35,4.815761302604234e-11
01051009080,010-5100-9080,original,1.0000000002968046,36,-6.258389262962407e-12
01051009080,010-5100-9080,original,1.0000000002968046,37,-1.1302299095681573e-10
01051009080,010-5100-9080,original,1.0000000002968046,38,-1.1305364110153596e-10
01051009080,010-5100-9080,original,1.0000000002968046,39,-9.872801306533294e-11
01051009080,010-5100-9080,original,1.0000000002968046,40,2.0576075612191186e-10
01051009080,010-5100-9080,original,1.0000000002968046,41,1.2808196679072784e-11
01051009080,010-5100-9080,original,1.0000000002968046,42,-7.189565113097946e-11
01051009080,010-5100-9080,original,1.0000000002968046,43,5.4016588993097074e-11
01051009080,010-5100-9080,original,1.0000000002968046,44,3.708905427721241e-11
01051009080,010-5100-9080,original,1.0000000002968046,45,-1.825720807152108e-10
01051009080,010-5100-9080,original,1.0000000002968046,46,-4.814356999241581e-11
01051009080,010-5100-9080,original,1.0000000002968046,47,-2.8683702993133865e-10
01051009080,010-5100-9080,original,1.0000000002968046,48,1.2257382831881028e-10
01051009080,010-5100-9080,original,1.0000000002968046,49,-2.0922721959681186e-10
01051009080,010-5100-9080,original,1.0000000002968046,50,1.2194954823587115e-10
01051009080,010-5100-9080,original,1.0000000002968046,51,6.873635833062522e-12
01051009080,010-5100-9080,original,1.0000000002968046,52,3.057062100041076e-10
01051009080,010-5100-9080,original,1.0000000002968046,53,-6.07192349550895e-11
01051009080,010-5100-9080,original,1.0000000002968046,54,-6.605346809580826e-11
01051009080,010-5100-9080,original,1.0000000002968046,55,1.5009307635371053e-10
01051009080,010-5100-9080,original,1.0000000002968046,56,8.669664529019518e-11
01051009080,010-5100-9080,original,1.0000000002968046,57,2.3722954860447855e-11
01051009080,010-5100-9080,original,1.0000000002968046,58,2.531027364569059e-11
01051009080,010-5100-9080,original,1.0000000002968046,59,7.53992955043885e-11
01051009080,010-5100-9080,original,1.0000000002968046,60,-3.5521240183210104e-11
01051009080,010-5100-9080,original,1.0000000002968046,61,-2.321246712741588e-11
01051009080,010-5100-9080,original,1.0000000002968046,62,-2.916621354592234e-10
01051009080,010-5100-9080,original,1.0000000002968046,63,-1.0424785898062248e-10
01051009080,010-5100-9080,original,1.0000000002968046,64,-1.4501034031977501e-11
01051009080,010-5100-9080,original,1.0000000002968046,65,2.043570013606547e-10
01051009080,010-5100-9080,original,1.0000000002968046,66,-1.919643672450577e-10
01051009080,010-5100-9080,original,1.0000000002968046,67,-1.0699975200367827e-10
01051009080,010-5100-9080,original,1.0000000002968046,68,3.316652701423111e-10
01051009080,010-5100-9080,original,1.0000000002968046,69,-5.092007427364242e-11
01051009080,010-5100-9080,original,1.0000000002968046,70,-3.1304263839040104e-11
01051009080,010-5100-9080,original,1.0000000002968046,71,1.048390125491207e-10
01051009080,010-5100-9080,original,1.0000000002968046,72,-1.737531389730955e-11
01051009080,010-5100-9080,original,1.0000000002968046,73,-7.530420657706885e-11
01051009080,010-5100-9080,original,1.0000000002968046,74,-7.663230934434948e-11
01051009080,010-5100-9080,original,1.0000000002968046,75,1.4559006105486892e-10
01051009080,010-5100-9080,original,1.0000000002968046,76,2.5588455626557344e-11
01051009080,010-5100-9080,original,1.0000000002968046,77,-4.0613140509336985e-11
01051009080,010-5100-9080,original,1.0000000002968046,78,-1.220723974270758e-10
01051009080,010-5100-9080,original,1.0000000002968046,79,-5.364003332330862e-10
01051009080,010-5100-9080,original,1.0000000002968046,80,-2.7392010424112876e-11
01051009080,010-5100-9080,original,1.0000000002968046,81,-9.623520102311803e-11
01051009080,010-5100-9080,original,1.0000000002968046,82,1.7594804798014284e-10
01051009080,010-5100-9080,original,1.0000000002968046,83,9.87484616862204e-12
01051009080,010-5100-9080,original,1.0000000002968046,84,9.947253541856987e-11
01051009080,010-5100-9080,original,1.0000000002968046,85,3.5724504030745395e-12
01051009080,010-5100-9080,original,1.0000000002968046,86,6.01015973101983e-11
01051009080,010-5100-9080,original,1.0000000002968046,87,1.552644672602953e-11
01051009080,010-5100-9080,original,1.0000000002968046,88,1.569611647516837e-10
01051009080,010-5100-9080,original,1.0000000002968046,89,1.6635236764223744e-11
01051009080,010-5100-9080,original,1.0000000002968046,90,1.409385691807289e-10
01051009080,010-5100-9080,original,1.0000000002968046,91,8.039262020678884e-11
01051009080,010-5100-9080,original,1.0000000002968046,92,2.043168894659913e-10
01051009080,010-5100-9080,original,1.0000000002968046,93,-3.2385445362326e-10
01051009080,010-5100-9080,original,1.0000000002968046,94,5.2382816391411766e-11
01051009080,010-5100-9080,original,1.0000000002968046,95,-9.423645201614169e-11
01051009080,010-5100-9080,original,1.0000000002968046,96,5.495924302457943e-10
01051009080,010-5100-9080,original,1.0000000002968046,97,6.707953054042518e-11
01051009080,010-5100-9080,original,1.0000000002968046,98,-2.1733146123457242e-11
01051009080,010-5100-9080,original,1.0000000002968046,99,-5.298808950384028e-12
01051009080,010-5100-9080,original,1.0000000002968046,100,-1.1327812978987414e-11
01051009080,010-5100-9080,original,1.0000000002968046,101,1.0762077074583022e-10
01051009080,010-5100-9080,original,1.0000000002968046,102,2.1484971116153677e-10
01051009080,010-5100-9080,original,1.0000000002968046,103,-1.733115489520978e-10
01051009080,010-5100-9080,original,1.0000000002968046,104,3.160316015988578e-10
01051009080,010-5100-9080,original,1.0000000002968046,105,-1.5013170123952012e-10
01051009080,010-5100-9080,original,1.0000000002968046,106,-5.9921943986341086e-12
01051009080,010-5100-9080,original,1.0000000002968046,107,-6.906314577391326e-11
01051009080,010-5100-9080,original,1.0000000002968046,108,-7.752197780406719e-11
01051009080,010-5100-9080,original,1.0000000002968046,109,-3.5785616062148106e-10
01051009080,010-5100-9080,original,1.0000000002968046,110,2.959363185141103e-11
01051009080,010-5100-9080,original,1.0000000002968046,111,2.1677850330989016e-10
01051009080,010-5100-9080,original,1.0000000002968046,112,-2.0841027414365097e-11
01051009080,010-5100-9080,original,1.0000000002968046,113,2.591696829519596e-12
01051009080,010-5100-9080,original,1.0000000002968046,114,-2.3130007452620717e-10
01051009080,010-5100-9080,original,1.0000000002968046,115,1.907929262776177e-11
01051009080,010-5100-9080,original,1.0000000002968046,116,-1.8940631348180617e-10
01051009080,010-5100-9080,original,1.0000000002968046,117,4.3876532111509924e-10
01051009080,010-5100-9080,original,1.0000000002968046,118,-2.7780011410089994e-11
01051009080,010-5100-9080,original,1.0000000002968046,119,6.28568524822489e-11
01051009080,010-5100-9080,original,1.0000000002968046,120,-9.063900836193668e-11
01051009080,010-5100-9080,original,1.0000000002968046,121,-3.5093956830518745e-10
01051009080,010-5100-9080,original,1.0000000002968046,122,-2.1749599857175854e-10
01051009080,010-5100-9080,original,1.0000000002968046,123,-4.960247344319741e-11
01051009080,010-5100-9080,original,1.0000000002968046,124,-1.6886752719953603e-10
01051009080,010-5100-9080,original,1.0000000002968046,125,4.316183091745026e-10
01051009080,010-5100-9080,original,1.0000000002968046,126,-7.042819046859338e-11
01051009080,010-5100-9080,original,1.0000000002968046,127,-4.89582311563636e-12
01051009080,010-5100-9080,original,1.0000000002968046,128,5.047208359514562e-11
01051009080,010-5100-9080,original,1.0000000002968046,129,1.834166738099743e-11
01051009080,010-5100-9080,original,1.0000000002968046,130,-3.823444648157727e-11
01051009080,010-5100-9080,original,1.0000000002968046,131,-3.845730970220256e-11
01051009080,010-5100-9080,original,1.0000000002968046,132,-4.152121364956229e-11
01051009080,010-5100-9080,original,1.0000000002968046,133,1.8105660332984494e-11
01051009080,010-5100-9080,original,1.0000000002968046,134,6.58972874300588e-11
01051009080,010-5100-9080,original,1.0000000002968046,135,8.575621255364035e-11
01051009080,010-5100-9080,original,1.0000000002968046,136,-5.852292772682712e-12
01051009080,010-5100-9080,original,1.0000000002968046,137,1.679649618085553e-10
01051009080,010-5100-9080,original,1.0000000002968046,138,-9.387684393618896e-12
01051009080,010-5100-9080,original,1.0000000002968046,139,-1.9554265216233004e-10
01051009080,010-5100-9080,original,1.0000000002968046,140,-2.0089550236572803e-10
01051009080,010-5100-9080,original,1.0000000002968046,141,2.518507006686079e-10
01051009080,010-5100-9080,original,1.0000000002968046,142,-1.6929585698436888e-10
01051009080,010-5100-9080,original,1.0000000002968046,143,2.4507406971971243e-10
01051009080,010-5100-9080,original,1.0000000002968046,144,-3.130172128387677e-11
01051009080,010-5100-9080,original,1.0000000002968046,145,9.674789300624552e-11
01051009080,010-5100-9080,original,1.0000000002968046,146,6.01336619782732e-11
01051009080,010-5100-9080,original,1.0000000002968046,147,1.3154821224824554e-10
01051009080,010-5100-9080,original,1.0000000002968046,148,5.2145156614234115e-11
01051009080,010-5100-9080,original,1.0000000002968046,149,1.3108417389119444e-10
01051009080,010-5100-9080,original,1.0000000002968046,150,-1.8404517447828306e-10
01051009080,010-5100-9080,original,1.0000000002968046,151,2.8792022495282252e-11
01051009080,010-5100-9080,original,1.0000000002968046,152,-1.2765904296019583e-10
01051009080,010-5100-9080,original,1.0000000002968046,153,-5.8146686719103566e-11
01051009080,010-5100-9080,original,1.0000000002968046,154,6.469711511828143e-12
01051009080,010-5100-9080,original,1.0000000002968046,155,-1.740636301260137e-10
01051009080,010-5100-9080,original,1.0000000002968046,156,4.9230904346533255e-11
01051009080,010-5100-9080,original,1.0000000002968046,157,-3.724673759870443e-11
01051009080,010-5100-9080,original,1.0000000002968046,158,1.1566757603703719e-10
01051009080,010-5100-9080,original,1.0000000002968046,159,-6.71926618585928e-11
01051009080,010-5100-9080,original,1.0000000002968046,160,-6.031287166261721e-11
01051009080,010-5100-9080,original,1.0000000002968046,161,2.6746681757075493e-11
01051009080,010-5100-9080,original,1.0000000002968046,162,-6.364053026028632e-11
01051009080,010-5100-9080,original,1.0000000002968046,163,-3.661106930359481e-11
01051009080,010-5100-9080,original,1.0000000002968046,164,3.634870454374642e-10
01051009080,010-5100-9080,original,1.0000000002968046,165,-2.2291790807937992e-10
01051009080,010-5100-9080,original,1.0000000002968046,166,1.0454189039841928e-10
01051009080,010-5100-9080,original,1.0000000002968046,167,1.4902830973070496e-11
01051009080,010-5100-9080,original,1.0000000002968046,168,3.57694940972904e-10
01051009080,010-5100-9080,original,1.0000000002968046,169,-1.0298535433049371e-10
01051009080,010-5100-9080,original,1.0000000002968046,170,-8.289834574886141e-11
01051009080,010-5100-9080,original,1.0000000002968046,171,-1.749151135340531e-10
01051009080,010-5100-9080,original,1.0000000002968046,172,-9.856705987914898e-12
01051009080,010-5100-9080,original,1.0000000002968046,173,8.761684168430951e-11
01051009080,010-5100-9080,original,1.0000000002968046,174,-6.339097599197479e-11
01051009080,010-5100-9080,original,1.0000000002968046,175,1.2778161515128154e-10
01051009080,010-5100-9080,original,1.0000000002968046,176,-3.203453322774233e-11
01051009080,010-5100-9080,original,1.0000000002968046,177,-4.946113381717023e-11
01051009080,010-5100-9080,original,1.0000000002968046,178,4.289077219128961e-11
01051009080,010-5100-9080,original,1.0000000002968046,179,-2.370139846820918e-10
01051009080,010-5100-9080,original,1.0000000002968046,180,-1.3844534632795063e-11
01051009080,010-5100-9080,original,1.0000000002968046,181,0.9999996774652653
01051009080,010-5100-9080,original,1.0000000002968046,182,0.9999996774258383
01051009080,010-5100-9080,original,1.0000000002968046,183,0.999999698889265
01051009080,010-5100-9080,original,1.0000000002968046,184,6.904834394694298e-11
01051009080,010-5100-9080,original,1.0000000002968046,185,2.0167434933300232e-12
01051009080,010-5100-9080,original,1.0000000002968046,186,1.9381041919234554e-10
01051009080,010-5100-9080,original,1.0000000002968046,187,2.748557174996063e-11
01051009080,010-5100-9080,original,1.0000000002968046,188,3.847943312089747e-11
01051009080,010-5100-9080,original,1.0000000002968046,189,1.108316329399733e-10
01051009080,010-5100-9080,original,1.0000000002968046,190,-1.1682654779506574e-10
01051009080,010-5100-9080,original,1.0000000002968046,191,-1.2268349844783427e-11
01051009080,010-5100-9080,original,1.0000000002968046,192,-1.8888401796597465e-10
01051009080,010-5100-9080,original,1.0000000002968046,193,-2.7817583006518e-10
01051009080,010-5100-9080,original,1.0000000002968046,194,-8.121260015047495e-12
01051009080,010-5100-9080,original,1.0000000002968046,195,1.5633764178816948e-10
01051009080,010-5100-9080,original,1.0000000002968046,196,-1.845886244787431e-11
01051009080,010-5100-9080,original,1.0000000002968046,197,-3.2837899639021596e-10
01051009080,010-5100-9080,original,1.0000000002968046,198,2.6017855988797857e-10
01051009080,010-5100-9080,original,1.0000000002968046,199,1.1912642685342074e-10
01051009080,010-5100-9080,original,1.0000000002968046,200,3.451953587263267e-11
01051009080,010-5100-9080,original,1.0000000002968046,201,-1.1426118607067487e-10
01051009080,010-5100-9080,original,1.0000000002968046,202,3.0780190498999734e-10
01051009080,010-5100-9080,original,1.0000000002968046,203,-2.571503868981723e-11
01051009081,010-5100-9081,"one digit, last group",-7.415270573930239e-11,0,-1.1615166880004608e-11
01051009081,010-5100-9081,"one digit, last group",-7.415270573930239e-11,1,-1.1536108447403646e-10
01051009081,010-5100-9081,"one digit, last group",-7.415270573930239e-11,2,1.286375946358669e-10
01051009081,010-5100-9081,"one digit, last group",-7.415270573930239e-11,3,-8.100341205222746e-11
01051009081,010-5100-9081,"one digit, last group",-7.415270573930239e-11,4,-2.053443068039823e-10
01051009081,010-5100-9081,"one digit, last group",-7.415270573930239e-11,5,-2.586844045999573e-10
01051009081,010-5100-9081,"one digit, last group",-7.415270573930239e-11,6,-2.2623816824966658e-11
01051009081,010-5100-9081,"one digit, last group",-7.415270573930239e-11,7,-4.450450406132584e-11
01051009081,010-5100-9081,"one digit, last group",-7.415270573930239e-11,8,1.1816275152119934e-10
01051009081,010-5100-9081,"one digit, last group",-7.415270573930239e-11,9,-1.5731527040631898e-10
01051009081,010-5100-9081,"one digit, last group",-7.415270573930239e-11,10,-5.6033289936567615e-11
01051009081,010-5100-9081,"one digit, last group",-7.415270573930239e-11,11,-4.159588468566904e-11
01051009081,010-5100-9081,"one digit, last group",-7.415270573930239e-11,12,6.428750492382925e-11
01051009081,010-5100-9081,"one digit, last group",-7.415270573930239e-11,13,-4.898509315921758e-11
01051009081,010-5100-9081,"one digit, last group",-7.415270573930239e-11,14,1.050636898904102e-10
01051009081,010-5100-9081,"one digit, last group",-7.415270573930239e-11,15,4.7402848872779656e-11
01051009081,010-5100-9081,"one digit, last group",-7.415270573930239e-11,16,1.4821523626990505e-10
01051009081,010-5100-9081,"one digit, last group",-7.415270573930239e-11,17,5.902396136224169e-10
01051009081,010-5100-9081,"one digit, last group",-7.415270573930239e-11,18,-3.4017343776256066e-11
01051009081,010-5100-9081,"one digit, last group",-7.415270573930239e-11,19,3.4030145144049695e-11
01051009081,010-5100-9081,"one digit, last group",-7.415270573930239e-11,20,3.592553945033362e-11
01051009081,010-5100-9081,"one digit, last group",-7.415270573930239e-11,21,4.003482130678623e-11
01051009081,010-5100-9081,"one digit, last group",-7.415270573930239e-11,22,-4.496021368367684e-12
01051009081,010-5100-9081,"one digit, last group",-7.415270573930239e-11,23,9.519175928464798e-11
01051009081,010-5100-9081,"one digit, last group",-7.415270573930239e-11,24,1.6710481815858585e-10
01051009081,010-5100-9081,"one digit, last group",-7.415270573930239e-11,25,-9.488836298481908e-11
01051009081,010-5100-9081,"one digit, last group",-7.415270573930239e-11,26,-6.43846151860997e-11
01051009081,010-5100-9081,"one digit, last group",-7.415270573930239e-11,27,-1.1352545806875331e-10
01051009081,010-5100-9081,"one digit, last group",-7.415270573930239e-11,28,-3.738175633300687e-11
01051009081,010-5100-9081,"one digit, last group",-7.415270573930239e-11,29,-5.7894815328547474e-11
01051009081,010-5100-9081,"one digit, last group",-7.415270573930239e-11,30,2.8513908256915985e-10
01051009081,010-5100-9081,"one digit, last group",-7.415270573930239e-11,31,1.1692792254964123e-10
01051009081,010-5100-9081,"one digit, last group",-7.415270573930239e-11,32,2.0681995033257153e-10
01051009081,010-5100-9081,"one digit, last group",-7.415270573930239e-11,33,-1.9194649692805884e-10
01051009081,010-5100-9081,"one digit, last group",-7.415270573930239e-11,34,-5.032013200692835e-13
01051009081,010-5100-9081,"one digit, last group",-7.415270573930239e-11,35,-2.7080525206357043e-11
01051009081,010-5100-9081,"one digit, last group",-7.415270573930239e-11,36,-1.1538107978601154e-11
01051009081,010-5100-9081,"one digit, last group",-7.415270573930239e-11,37,2.692162062105218e-10
01051009081,010-5100-9081,"one digit, last group",-7.415270573930239e-11,38,-6.887220653360176e-11
01051009081,010-5100-9081,"one digit, last group",-7.415270573930239e-11,39,-1.9219240032872858e-10
01051009081,010-5100-9081,"one digit, last group",-7.415270573930239e-11,40,1.3997969558684714e-10
01051009081,010-5100-9081,"one digit, last group",-7.415270573930239e-11,41,-3.099499205825828e-11
01051009081,010-5100-9081,"one digit, last group",-7.415270573930239e-11,42,-5.5262803220143503e-11
01051009081,010-5100-9081,"one digit, last group",-7.415270573930239e-11,43,-2.2489354611602937e-11
01051009081,010-5100-9081,"one digit, last group",-7.415270573930239e-11,44,3.3005067177632913e-11
01051009081,010-5100-9081,"one digit, last group",-7.415270573930239e-11,45,-4.5532795151814514e-11
01051009081,010-5100-9081,"one digit, last group",-7.415270573930239e-11,46,1.3849598507257136e-10
01051009081,010-5100-9081,"one digit, last group",-7.415270573930239e-11,47,-1.6528793234688204e-10
01051009081,010-5100-9081,"one digit, last group",-7.415270573930239e-11,48,2.2613003284584733e-10
01051009081,010-5100-9081,"one digit, last group",-7.415270573930239e-11,49,-1.8909252813857984e-10
01051009081,010-5100-9081,"one digit, last group",-7.415270573930239e-11,50,3.07740430346492e-11
01051009081,010-5100-9081,"one digit, last group",-7.415270573930239e-11,51,-6.453481952593115e-11
01051009081,010-5100-9081,"one digit, last group",-7.415270573930239e-11,52,-2.7153029351029555e-10
01051009081,010-5100-9081,"one digit, last group",-7.415270573930239e-11,53,-6.4700952367543695e-12
01051009081,010-5100-9081,"one digit, last group",-7.415270573930239e-11,54,1.3032964417245437e-10
01051009081,010-5100-9081,"one digit, last group",-7.415270573930239e-11,55,9.75146027232847e-11
01051009081,010-5100-9081,"one digit, last group",-7.415270573930239e-11,56,-1.3001691821162834e-10
01051009081,010-5100-9081,"one digit, last group",-7.415270573930239e-11,57,-5.696025111707669e-12
01051009081,010-5100-9081,"one digit, last group",-7.415270573930239e-11,58,1.002229959260572e-11
01051009081,010-5100-9081,"one digit, last group",-7.415270573930239e-11,59,-2.491978404468626e-10
01051009081,010-5100-9081,"one digit, last group",-7.415270573930239e-11,60,-2.5963650360681825e-10
01051009081,010-5100-9081,"one digit, last group",-7.415270573930239e-11,61,5.134383131172916e-11
01051009081,010-5100-9081,"one digit, last group",-7.415270573930239e-11,62,-1.3405118584268288e-10
01051009081,010-5100-9081,"one digit, last group",-7.415270573930239e-11,63,-5.729687194354649e-11
01051009081,010-5100-9081,"one digit, last group",-7.415270573930239e-11,64,2.670262113793167e-10
01051009081,010-5100-9081,"one digit, last group",-7.415270573930239e-11,65,-9.294187443519929e-11
01051009081,010-5100-9081,"one digit, last group",-7.415270573930239e-11,66,3.7545609017911636e-10
01051009081,010-5100-9081,"one digit, last group",-7.415270573930239e-11,67,4.899085317672311e-11
01051009081,010-5100-9081,"one digit, last group",-7.415270573930239e-11,68,4.351566429101651e-12
01051009081,010-5100-9081,"one digit, last group",-7.415270573930239e-11,69,-2.9525059374129194e-11
01051009081,010-5100-9081,"one digit, last group",-7.415270573930239e-11,70,-6.89030990941368e-11
01051009081,010-5100-9081,"one digit, last group",-7.415270573930239e-11,71,-2.251766648603872e-10
01051009081,010-5100-9081,"one digit, last group",-7.415270573930239e-11,72,9.266459193320473e-12
01051009081,010-5100-9081,"one digit, last group",-7.415270573930239e-11,73,-6.04591629458425e-11
01051009081,010-5100-9081,"one digit, last group",-7.415270573930239e-11,74,8.66875399895683e-11
01051009081,010-5100-9081,"one digit, last group",-7.415270573930239e-11,75,-8.832427908423853e-11
01051009081,010-5100-9081,"one digit, last group",-7.415270573930239e-11,76,6.274513036859699e-11
01051009081,010-5100-9081,"one digit, last group",-7.415270573930239e-11,77,-3.396084725239463e-11
01051009081,010-5100-9081,"one digit, last group",-7.415270573930239e-11,78,-3.305640701307322e-10
01051009081,010-5100-9081,"one digit, last group",-7.415270573930239e-11,79,-2.7249020208465243e-10
01051009081,010-5100-9081,"one digit, last group",-7.415270573930239e-11,80,9.8522718838025e-11
01051009081,010-5100-9081,"one digit, last group",-7.415270573930239e-11,81,3.996221244989333e-11
01051009081,010-5100-9081,"one digit, last group",-7.415270573930239e-11,82,6.726712095924415e-11
01051009081,010-5100-9081,"one digit, last group",-7.415270573930239e-11,83,3.6796018601742133e-11
01051009081,010-5100-9081,"one digit, last group",-7.415270573930239e-11,84,-1.1556335072784299e-10
01051009081,010-5100-9081,"one digit, last group",-7.415270573930239e-11,85,7.8803852274319e-12
01051009081,010-5100-9081,"one digit, last group",-7.415270573930239e-11,86,1.2663843233374526e-10
01051009081,010-5100-9081,"one digit, last group",-7.415270573930239e-11,87,-5.852799288866224e-11
01051009081,010-5100-9081,"one digit, last group",-7.415270573930239e-11,88,-1.6078439016965074e-10
01051009081,010-5100-9081,"one digit, last group",-7.415270573930239e-11,89,-2.009903319528441e-11
01051009081,010-5100-9081,"one digit, last group",-7.415270573930239e-11,90,8.611245534777606e-11
01051009081,010-5100-9081,"one digit, last group",-7.415270573930239e-11,91,3.8396743655178775e-11
01051009081,010-5100-9081,"one digit, last group",-7.415270573930239e-11,92,-1.5104461100742393e-10
01051009081,010-5100-9081,"one digit, last group",-7.415270573930239e-11,93,3.5012251868570077e-10
01051009081,010-5100-9081,"one digit, last group",-7.415270573930239e-11,94,5.0698461642802675e-11
01051009081,010-5100-9081,"one digit, last group",-7.415270573930239e-11,95,9.090052061138672e-12
01051009081,010-5100-9081,"one digit, last group",-7.415270573930239e-11,96,-6.745419386645674e-11
01051009081,010-5100-9081,"one digit, last group",-7.415270573930239e-11,97,1.915877174903449e-11
01051009081,010-5100-9081,"one digit, last group",-7.415270573930239e-11,98,-3.1584064841742577e-10
01051009081,010-5100-9081,"one digit, last group",-7.415270573930239e-11,99,3.8723518851022955e-11
01051009081,010-5100-9081,"one digit, last group",-7.415270573930239e-11,100,-9.703028927043302e-11
01051009081,010-5100-9081,"one digit, last group",-7.415270573930239e-11,101,-1.0588738198824009e-11
01051009081,010-5100-9081,"one digit, last group",-7.415270573930239e-11,102,-5.26406592734498e-10
01051009081,010-5100-9081,"one digit, last group",-7.415270573930239e-11,103,-1.3578193520128474e-10
01051009081,010-5100-9081,"one digit, last group",-7.415270573930239e-11,104,1.2233333116336214e-10
01051009081,010-5100-9081,"one digit, last group",-7.415270573930239e-11,105,-8.06890222914537e-12
01051009081,010-5100-9081,"one digit, last group",-7.415270573930239e-11,106,-1.075362563281531e-10
01051009081,010-5100-9081,"one digit, last group",-7.415270573930239e-11,107,-3.3218048456669395e-11
01051009081,010-5100-9081,"one digit, last group",-7.415270573930239e-11,108,-5.5203956345428824e-11
01051009081,010-5100-9081,"one digit, last group",-7.415270573930239e-11,109,3.2272872631670965e-10
01051009081,010-5100-9081,"one digit, last group",-7.415270573930239e-11,110,3.58022325182425e-12
01051009081,010-5100-9081,"one digit, last group",-7.415270573930239e-11,111,-2.5021483549528493e-10
01051009081,010-5100-9081,"one digit, last group",-7.415270573930239e-11,112,-1.6485897222448324e-10
01051009081,010-5100-9081,"one digit, last group",-7.415270573930239e-11,113,1.1994555428020712e-11
01051009081,010-5100-9081,"one digit, last group",-7.415270573930239e-11,114,-4.530982173536354e-12
01051009081,010-5100-9081,"one digit, last group",-7.415270573930239e-11,115,-3.5069296024796777e-11
01051009081,010-5100-9081,"one digit, last group",-7.415270573930239e-11,116,-6.003077063766939e-11
01051009081,010-5100-9081,"one digit, last group",-7.415270573930239e-11,117,-1.3256523236408462e-11
01051009081,010-5100-9081,"one digit, last group",-7.415270573930239e-11,118,6.555279728664223e-11
01051009081,010-5100-9081,"one digit, last group",-7.415270573930239e-11,119,-2.741770951982119e-10
01051009081,010-5100-9081,"one digit, last group",-7.415270573930239e-11,120,1.1485481616700421e-11
01051009081,010-5100-9081,"one digit, last group",-7.415270573930239e-11,121,1.8772441938878313e-10
01051009081,010-5100-9081,"one digit, last group",-7.415270573930239e-11,122,9.778426140177166e-11
01051009081,010-5100-9081,"one digit, last group",-7.415270573930239e-11,123,2.113478753254156e-11
01051009081,010-5100-9081,"one digit, last group",-7.415270573930239e-11,124,-6.891144104292538e-11
01051009081,010-5100-9081,"one digit, last group",-7.415270573930239e-11,125,1.1246280884681541e-11
01051009081,010-5100-9081,"one digit, last group",-7.415270573930239e-11,126,1.1473245903359919e-10
01051009081,010-5100-9081,"one digit, last group",-7.415270573930239e-11,127,3.6936198189383506e-10
01051009081,010-5100-9081,"one digit, last group",-7.415270573930239e-11,128,-4.123392894053203e-11
01051009081,010-5100-9081,"one digit, last group",-7.415270573930239e-11,129,-1.5924740546489082e-10
01051009081,010-5100-9081,"one digit, last group",-7.415270573930239e-11,130,-7.162063690338534e-12
01051009081,010-5100-9081,"one digit, last group",-7.415270573930239e-11,131,1.5875397081836126e-10
01051009081,010-5100-9081,"one digit, last group",-7.415270573930239e-11,132,-1.1347418417727833e-10
01051009081,010-5100-9081,"one digit, last group",-7.415270573930239e-11,133,1.5181532870074776e-11
01051009081,010-5100-9081,"one digit, last group",-7.415270573930239e-11,134,-1.6156443832310528e-10
01051009081,010-5100-9081,"one digit, last group",-7.415270573930239e-11,135,-9.12233766808109e-11
01051009081,010-5100-9081,"one digit, last group",-7.415270573930239e-11,136,-4.975180081111174e-12
01051009081,010-5100-9081,"one digit, last group",-7.415270573930239e-11,137,4.588268096289439e-11
01051009081,010-5100-9081,"one digit, last group",-7.415270573930239e-11,138,-2.7426615054017524e-10
01051009081,010-5100-9081,"one digit, last group",-7.415270573930239e-11,139,4.141503515603048e-11
01051009081,010-5100-9081,"one digit, last group",-7.415270573930239e-11,140,-1.5243682760967608e-10
01051009081,010-5100-9081,"one digit, last group",-7.415270573930239e-11,141,2.6247653433398543e-10
01051009081,010-5100-9081,"one digit, last group",-7.415270573930239e-11,142,1.0012596693667488e-10
01051009081,010-5100-9081,"one digit, last group",-7.415270573930239e-11,143,-1.2377540635059697e-10
01051009081,010-5100-9081,"one digit, last group",-7.415270573930239e-11,144,8.62438190666351e-11
01051009081,010-5100-9081,"one digit, last group",-7.415270573930239e-11,145,1.059760700807992e-10
01051009081,010-5100-9081,"one digit, last group",-7.415270573930239e-11,146,1.4082682002674127e-10
01051009081,010-5100-9081,"one digit, last group",-7.415270573930239e-11,147,-1.23589715367636e-10
01051009081,010-5100-9081,"one digit, last group",-7.415270573930239e-11,148,4.284469222271166e-11
01051009081,010-5100-9081,"one digit, last group",-7.415270573930239e-11,149,2.839240887482185e-10
01051009081,010-5100-9081,"one digit, last group",-7.415270573930239e-11,150,1.491340488462344e-10
01051009081,010-5100-9081,"one digit, last group",-7.415270573930239e-11,151,3.770105687681857e-11
01051009081,010-5100-9081,"one digit, last group",-7.415270573930239e-11,152,-3.377488525269427e-11
01051009081,010-5100-9081,"one digit, last group",-7.415270573930239e-11,153,6.688695406273583e-11
01051009081,010-5100-9081,"one digit, last group",-7.415270573930239e-11,154,-9.863273138797361e-11
01051009081,010-5100-9081,"one digit, last group",-7.415270573930239e-11,155,-3.6430148743179496e-11
01051009081,010-5100-9081,"one digit, last group",-7.415270573930239e-11,156,-1.212547949899122e-11
01051009081,010-5100-9081,"one digit, last group",-7.415270573930239e-11,157,-2.8409022486417232e-12
01051009081,010-5100-9081,"one digit, last group",-7.415270573930239e-11,158,2.370401631638598e-10
01051009081,010-5100-9081,"one digit, last group",-7.415270573930239e-11,159,4.9465857347595476e-11
01051009081,010-5100-9081,"one digit, last group",-7.415270573930239e-11,160,-3.203713516485263e-10
01051009081,010-5100-9081,"one digit, last group",-7.415270573930239e-11,161,4.49924705581603e-12
01051009081,010-5100-9081,"one digit, last group",-7.415270573930239e-11,162,3.685036256561682e-11
01051009081,010-5100-9081,"one digit, last group",-7.415270573930239e-11,163,6.732202082118342e-11
01051009081,010-5100-9081,"one digit, last group",-7.415270573930239e-11,164,1.934800256561192e-10
01051009081,010-5100-9081,"one digit, last group",-7.415270573930239e-11,165,-2.11615055901168e-11
01051009081,010-5100-9081,"one digit, last group",-7.415270573930239e-11,166,-1.5568763003548887e-11
01051009081,010-5100-9081,"one digit, last group",-7.415270573930239e-11,167,8.289337322700797e-11
01051009081,010-5100-9081,"one digit, last group",-7.415270573930239e-11,168,1.893508737453435e-10
01051009081,010-5100-9081,"one digit, last group",-7.415270573930239e-11,169,2.0644240683381266e-10
01051009081,010-5100-9081,"one digit, last group",-7.415270573930239e-11,170,9.405914893897592e-12
01051009081,010-5100-9081,"one digit, last group",-7.415270573930239e-11,171,1.9700293664082854e-10
01051009081,010-5100-9081,"one digit, last group",-7.415270573930239e-11,172,1.7231830410003853e-11
01051009081,010-5100-9081,"one digit, last group",-7.415270573930239e-11,173,-6.422723944684353e-11
01051009081,010-5100-9081,"one digit, last group",-7.415270573930239e-11,174,-4.885039039847089e-11
01051009081,010-5100-9081,"one digit, last group",-7.415270573930239e-11,175,-8.742810085889524e-11
01051009081,010-5100-9081,"one digit, last group",-7.415270573930239e-11,176,-7.292530481586331e-12
01051009081,010-5100-9081,"one digit, last group",-7.415270573930239e-11,177,-1.296387383819483e-10
01051009081,010-5100-9081,"one digit, last group",-7.415270573930239e-11,178,-1.8853058700477635e-11
01051009081,010-5100-9081,"one digit, last group",-7.415270573930239e-11,179,2.6719064273707617e-10
01051009081,010-5100-9081,"one digit, last group",-7.415270573930239e-11,180,-3.065421712963073e-10
01051009081,010-5100-9081,"one digit, last group",-7.415270573930239e-11,181,-6.879842589652745e-11
01051009081,010-5100-9081,"one digit, last group",-7.415270573930239e-11,182,-2.379800320738016e-08
01051009081,010-5100-9081,"one digit, last group",-7.415270573930239e-11,183,2.7358605293284156e-09
01051009081,010-5100-9081,"one digit, last group",-7.415270573930239e-11,184,-2.5040382470517722e-11
01051009081,010-5100-9081,"one digit, last group",-7.415270573930239e-11,185,-3.9394601929676206e-11
01051009081,010-5100-9081,"one digit, last group",-7.415270573930239e-11,186,1.2085695630394068e-10
01051009081,010-5100-9081,"one digit, last group",-7.415270573930239e-11,187,-6.167580793590305e-11
01051009081,010-5100-9081,"one digit, last group",-7.415270573930239e-11,188,-3.842552120087357e-11
01051009081,010-5100-9081,"one digit, last group",-7.415270573930239e-11,189,-2.7471618078951236e-10
01051009081,010-5100-9081,"one digit, last group",-7.415270573930239e-11,190,-3.018461146605646e-11
01051009081,010-5100-9081,"one digit, last group",-7.415270573930239e-11,191,2.1654134427064968e-11
01051009081,010-5100-9081,"one digit, last group",-7.415270573930239e-11,192,-8.594088776918617e-11
01051009081,010-5100-9081,"one digit, last group",-7.415270573930239e-11,193,-1.6954675976819692e-10
01051009081,010-5100-9081,"one digit, last group",-7.415270573930239e-11,194,-3.2062223345868093e-11
01051009081,010-5100-9081,"one digit, last group",-7.415270573930239e-11,195,3.0410305962755066e-12
01051009081,010-5100-9081,"one digit, last group",-7.415270573930239e-11,196,8.385239630220493e-11
01051009081,010-5100-9081,"one digit, last group",-7.415270573930239e-11,197,2.2877619077803323e-10
01051009081,010-5100-9081,"one digit, last group",-7.415270573930239e-11,198,2.7686964394121747e-12
01051009081,010-5100-9081,"one digit, last group",-7.415270573930239e-11,199,-5.915052433682046e-10
01051009081,010-5100-9081,"one digit, last group",-7.415270573930239e-11,200,1.6145537878133096e-11
01051009081,010-5100-9081,"one digit, last group",-7.415270573930239e-11,201,9.598025598876582e-11
01051009081,010-5100-9081,"one digit, last group",-7.415270573930239e-11,202,-3.488178397758739e-10
01051009081,010-5100-9081,"one digit, last group",-7.415270573930239e-11,203,2.5342562028939604e-12
01052001582,010-5200-1582,original,1.0000000004353566,0,-7.173680726296933e-11
01052001582,010-5200-1582,original,1.0000000004353566,1,9.693283965564805e-11
01052001582,010-5200-1582,original,1.0000000004353566,2,-2.593545801420675e-10
01052001582,010-5200-1582,original,1.0000000004353566,3,-1.1748943320453894e-11
01052001582,010-5200-1582,original,1.0000000004353566,4,6.208072057667294e-11
01052001582,010-5200-1582,original,1.0000000004353566,5,-2.4982883242834256e-10
01052001582,010-5200-1582,original,1.0000000004353566,6,6.254386692940242e-11
01052001582,010-5200-1582,original,1.0000000004353566,7,1.0155990014664972e-10
01052001582,010-5200-1582,original,1.0000000004353566,8,1.114027529983429e-10
01052001582,010-5200-1582,original,1.0000000004353566,9,8.476713101424468e-11
01052001582,010-5200-1582,original,1.0000000004353566,10,-4.321663791175148e-11
01052001582,010-5200-1582,original,1.0000000004353566,11,1.9237589776560168e-10
01052001582,010-5200-1582,original,1.0000000004353566,12,-1.4041943186931472e-10
01052001582,010-5200-1582,original,1.0000000004353566,13,3.5290073441764547e-10
01052001582,010-5200-1582,original,1.0000000004353566,14,5.0076120100951163e-11
01052001582,010-5200-1582,original,1.0000000004353566,15,3.446688369170209e-11
01052001582,010-5200-1582,original,1.0000000004353566,16,-3.9672737541984526e-10
01052001582,010-5200-1582,original,1.0000000004353566,17,5.936606318968512e-10
01052001582,010-5200-1582,original,1.0000000004353566,18,1.1996835963413955e-10
01052001582,010-5200-1582,original,1.0000000004353566,19,7.126498915591804e-11
01052001582,010-5200-1582,original,1.0000000004353566,20,5.47108404161848e-11
01052001582,010-5200-1582,original,1.0000000004353566,21,-2.505322448795404e-10
01052001582,010-5200-1582,original,1.0000000004353566,22,-1.2088746246878665e-10
01052001582,010-5200-1582,original,1.0000000004353566,23,7.436720642405704e-11
01052001582,010-5200-1582,original,1.0000000004353566,24,3.1651985412678853e-10
01052001582,010-5200-1582,original,1.0000000004353566,25,-3.49008090795334e-11
01052001582,010-5200-1582,original,1.0000000004353566,26,8.725198079987355e-11
01052001582,010-5200-1582,original,1.0000000004353566,27,-2.089674250888899e-11
01052001582,010-5200-1582,original,1.0000000004353566,28,-2.656682128788228e-10
01052001582,010-5200-1582,original,1.0000000004353566,29,2.7775419206378556e-11
01052001582,010-5200-1582,original,1.0000000004353566,30,8.080775157737993e-12
01052001582,010-5200-1582,original,1.0000000004353566,31,-1.7179366809332614e-10
01052001582,010-5200-1582,original,1.0000000004353566,32,1.9936939309565993e-10
01052001582,010-5200-1582,original,1.0000000004353566,33,-6.824090805781732e-11
01052001582,010-5200-1582,original,1.0000000004353566,34,1.976375720956857e-11
01052001582,010-5200-1582,original,1.0000000004353566,35,1.3730868092553133e-11
01052001582,010-5200-1582,original,1.0000000004353566,36,-7.401133650770875e-11
01052001582,010-5200-1582,original,1.0000000004353566,37,-5.1118454768528854e-11
01052001582,010-5200-1582,original,1.0000000004353566,38,1.7923878684335308e-10
01052001582,010-5200-1582,original,1.0000000004353566,39,1.255723012589932e-10
01052001582,010-5200-1582,original,1.0000000004353566,40,-2.7357056035882484e-11
01052001582,010-5200-1582,original,1.0000000004353566,41,6.7679548469299e-11
01052001582,010-5200-1582,original,1.0000000004353566,42,6.969082812963284e-11
01052001582,010-5200-1582,original,1.0000000004353566,43,-1.1564259398188354e-10
01052001582,010-5200-1582,original,1.0000000004353566,44,-4.4814156809551397e-11
01052001582,010-5200-1582,original,1.0000000004353566,45,-9.32223267515624e-11
01052001582,010-5200-1582,original,1.0000000004353566,46,4.9448701756451456e-11
01052001582,010-5200-1582,original,1.0000000004353566,47,5.01154981748437e-11
01052001582,010-5200-1582,original,1.0000000004353566,48,-5.110634378589149e-11
01052001582,010-5200-1582,original,1.0000000004353566,49,-8.415704330365038e-13
01052001582,010-5200-1582,original,1.0000000004353566,50,-1.7413776637232878e-10
01052001582,010-5200-1582,original,1.0000000004353566,51,-1.1087123574110507e-10
01052001582,010-5200-1582,original,1.0000000004353566,52,-9.358262787186592e-11
01052001582,010-5200-1582,original,1.0000000004353566,53,7.905226902821324e-11
01052001582,010-5200-1582,original,1.0000000004353566,54,3.5287435720280205e-11
01052001582,010-5200-1582,original,1.0000000004353566,55,2.1689603786951044e-11
01052001582,010-5200-1582,original,1.0000000004353566,56,5.889410506406341e-11
01052001582,010-5200-1582,original,1.0000000004353566,57,-3.350422843405684e-11
01052001582,010-5200-1582,original,1.0000000004353566,58,-1.9709636999169407e-11
01052001582,010-5200-1582,original,1.0000000004353566,59,-1.4985152128126803e-10
01052001582,010-5200-1582,original,1.0000000004353566,60,-3.0568430270845924e-10
01052001582,010-5200-1582,original,1.0000000004353566,61,2.3723279131667646e-11
01052001582,010-5200-1582,original,1.0000000004353566,62,2.240858221510332e-10
01052001582,010-5200-1582,original,1.0000000004353566,63,1.1050789907219598e-10
01052001582,010-5200-1582,original,1.0000000004353566,64,-5.337980588682351e-11
01052001582,010-5200-1582,original,1.0000000004353566,65,3.768523094179489e-11
01052001582,010-5200-1582,original,1.0000000004353566,66,6.019578164638209e-10
01052001582,010-5200-1582,original,1.0000000004353566,67,4.3593199385671e-11
01052001582,010-5200-1582,original,1.0000000004353566,68,9.857888741325317e-11
01052001582,010-5200-1582,original,1.0000000004353566,69,2.323605207006064e-10
01052001582,010-5200-1582,original,1.0000000004353566,70,7.989771702480621e-11
01052001582,010-5200-1582,original,1.0000000004353566,71,3.304182686796672e-11
01052001582,010-5200-1582,original,1.0000000004353566,72,1.2189870186106062e-11
01052001582,010-5200-1582,original,1.0000000004353566,73,-8.227969260748285e-11
01052001582,010-5200-1582,original,1.0000000004353566,74,-3.455905493489494e-10
01052001582,010-5200-1582,original,1.0000000004353566,75,-9.731978035256951e-11
01052001582,010-5200-1582,original,1.0000000004353566,76,2.0532128385703224e-11
01052001582,010-5200-1582,original,1.0000000004353566,77,-9.359095189487739e-11
01052001582,010-5200-1582,original,1.0000000004353566,78,1.1133853654075664e-10
01052001582,010-5200-1582,original,1.0000000004353566,79,1.5042583956374737e-10
01052001582,010-5200-1582,original,1.0000000004353566,80,1.618666258588444e-10
01052001582,010-5200-1582,original,1.0000000004353566,81,-1.2919716582464028e-10
01052001582,010-5200-1582,original,1.0000000004353566,82,2.9277881802207034e-10
01052001582,010-5200-1582,original,1.0000000004353566,83,7.574571668487113e-11
01052001582,010-5200-1582,original,1.0000000004353566,84,4.7574375301757435e-11
01052001582,010-5200-1582,original,1.0000000004353566,85,2.8316987739138737e-11
01052001582,010-5200-1582,original,1.0000000004353566,86,1.8347036971289353e-10
01052001582,010-5200-1582,original,1.0000000004353566,87,-1.3247050847362704e-11
01052001582,010-5200-1582,original,1.0000000004353566,88,1.3709246873604758e-10
01052001582,010-5200-1582,original,1.0000000004353566,89,-5.693465154541969e-11
01052001582,010-5200-1582,original,1.0000000004353566,90,-2.3226012852175025e-10
01052001582,010-5200-1582,original,1.0000000004353566,91,1.2337200089564563e-11
01052001582,010-5200-1582,original,1.0000000004353566,92,1.1845961402386878e-10
01052001582,010-5200-1582,original,1.0000000004353566,93,9.025467079862041e-11
01052001582,010-5200-1582,original,1.0000000004353566,94,-5.810764613214643e-11
01052001582,010-5200-1582,original,1.0000000004353566,95,6.531994425170526e-11
01052001582,010-5200-1582,original,1.0000000004353566,96,2.60562651072098e-10
01052001582,010-5200-1582,original,1.0000000004353566,97,8.321672845411643e-11
01052001582,010-5200-1582,original,1.0000000004353566,98,-6.458707775443145e-11
01052001582,010-5200-1582,original,1.0000000004353566,99,-2.5618025201684742e-11
01052001582,010-5200-1582,original,1.0000000004353566,100,1.5270556819988658e-10
01052001582,010-5200-1582,original,1.0000000004353566,101,4.277783810400111e-11
01052001582,010-5200-1582,original,1.0000000004353566,102,1.9040769934830054e-10
01052001582,010-5200-1582,original,1.0000000004353566,103,5.8024746258175454e-11
01052001582,010-5200-1582,original,1.0000000004353566,104,-3.475744047379462e-11
01052001582,010-5200-1582,original,1.0000000004353566,105,-7.850111478677969e-11
01052001582,010-5200-1582,original,1.0000000004353566,106,-5.986607745901181e-11
01052001582,010-5200-1582,original,1.0000000004353566,107,4.5306441733659964e-11
01052001582,010-5200-1582,original,1.0000000004353566,108,1.1828197567374452e-11
01052001582,010-5200-1582,original,1.0000000004353566,109,2.46545960681743e-10
01052001582,010-5200-1582,original,1.0000000004353566,110,-1.6184745836447153e-10
01052001582,010-5200-1582,original,1.0000000004353566,111,2.0274973084164646e-10
01052001582,010-5200-1582,original,1.0000000004353566,112,1.6782315971465488e-10
01052001582,010-5200-1582,original,1.0000000004353566,113,-1.0257434891161867e-11
01052001582,010-5200-1582,original,1.0000000004353566,114,1.617160878569678e-10
01052001582,010-5200-1582,original,1.0000000004353566,115,2.109187377638525e-11
01052001582,010-5200-1582,original,1.0000000004353566,116,1.172660944720904e-10
01052001582,010-5200-1582,original,1.0000000004353566,117,4.878509513541132e-11
01052001582,010-5200-1582,original,1.0000000004353566,118,4.994657514275136e-10
01052001582,010-5200-1582,original,1.0000000004353566,119,-1.8863293550707567e-10
01052001582,010-5200-1582,original,1.0000000004353566,120,-1.4546665283417194e-10
01052001582,010-5200-1582,original,1.0000000004353566,121,-2.670346985267022e-10
01052001582,010-5200-1582,original,1.0000000004353566,122,4.686431548914437e-11
01052001582,010-5200-1582,original,1.0000000004353566,123,-1.0766342372563556e-10
01052001582,010-5200-1582,original,1.0000000004353566,124,4.5186979528070574e-10
01052001582,010-5200-1582,original,1.0000000004353566,125,3.436529990770933e-10
01052001582,010-5200-1582,original,1.0000000004353566,126,1.1351247352203595e-10
01052001582,010-5200-1582,original,1.0000000004353566,127,6.976609930110914e-11
01052001582,010-5200-1582,original,1.0000000004353566,128,-3.9985423812487687e-10
01052001582,010-5200-1582,original,1.0000000004353566,129,-1.0914853674299724e-10
01052001582,010-5200-1582,original,1.0000000004353566,130,-6.01506606973416e-11
01052001582,010-5200-1582,original,1.0000000004353566,131,2.9664077769948993e-10
01052001582,010-5200-1582,original,1.0000000004353566,132,9.392716406222926e-11
01052001582,010-5200-1582,original,1.0000000004353566,133,-1.7329758543348145e-10
01052001582,010-5200-1582,original,1.0000000004353566,134,1.0437311326044452e-10
01052001582,010-5200-1582,original,1.0000000004353566,135,-3.47049126893764e-11
01052001582,010-5200-1582,original,1.0000000004353566,136,7.058114118960808e-12
01052001582,010-5200-1582,original,1.0000000004353566,137,-1.1223053733517428e-10
01052001582,010-5200-1582,original,1.0000000004353566,138,1.7542318434156684e-11
01052001582,010-5200-1582,original,1.0000000004353566,139,4.364311124052392e-11
01052001582,010-5200-1582,original,1.0000000004353566,140,9.550400398569585e-12
01052001582,010-5200-1582,original,1.0000000004353566,141,-2.6749201558892205e-10
01052001582,010-5200-1582,original,1.0000000004353566,142,3.1008894104889836e-10
01052001582,010-5200-1582,original,1.0000000004353566,143,-3.188123075647497e-11
01052001582,010-5200-1582,original,1.0000000004353566,144,-3.6531447151861886e-11
01052001582,010-5200-1582,original,1.0000000004353566,145,-1.5863882187908823e-10
01052001582,010-5200-1582,original,1.0000000004353566,146,-5.564837914655457e-11
01052001582,010-5200-1582,original,1.0000000004353566,147,2.1710120150157262e-10
01052001582,010-5200-1582,original,1.0000000004353566,148,6.614113787554051e-11
01052001582,010-5200-1582,original,1.0000000004353566,149,1.6519408423949615e-11
01052001582,010-5200-1582,original,1.0000000004353566,150,-2.5290347208857607e-10
01052001582,010-5200-1582,original,1.0000000004353566,151,1.34955141399855e-10
01052001582,010-5200-1582,original,1.0000000004353566,152,-5.184735301905364e-12
01052001582,010-5200-1582,original,1.0000000004353566,153,-8.08366105531124e-11
01052001582,010-5200-1582,original,1.0000000004353566,154,-6.131274233056681e-11
01052001582,010-5200-1582,original,1.0000000004353566,155,5.563151543274461e-11
01052001582,010-5200-1582,original,1.0000000004353566,156,-5.7919893723649396e-11
01052001582,010-5200-1582,original,1.0000000004353566,157,1.9096583862962755e-11
01052001582,010-5200-1582,original,1.0000000004353566,158,2.867945452356687e-11
01052001582,010-5200-1582,original,1.0000000004353566,159,-1.0585109872312371e-10
01052001582,010-5200-1582,original,1.0000000004353566,160,4.576035429380401e-11
01052001582,010-5200-1582,original,1.0000000004353566,161,1.4607168538049047e-10
01052001582,010-5200-1582,original,1.0000000004353566,162,-6.503533822330499e-11
01052001582,010-5200-1582,original,1.0000000004353566,163,-4.533187893902709e-11
01052001582,010-5200-1582,original,1.0000000004353566,164,-1.6905239131995185e-10
01052001582,010-5200-1582,original,1.0000000004353566,165,2.5325233898077474e-10
01052001582,010-5200-1582,original,1.0000000004353566,166,-7.53059163850837e-12
01052001582,010-5200-1582,original,1.0000000004353566,167,-9.487794830498479e-11
01052001582,010-5200-1582,original,1.0000000004353566,168,-4.804699433373624e-11
01052001582,010-5200-1582,original,1.0000000004353566,169,3.1587772417245744e-10
01052001582,010-5200-1582,original,1.0000000004353566,170,1.0766579127120947e-10
01052001582,010-5200-1582,original,1.0000000004353566,171,0.9999996912953675
01052001582,010-5200-1582,original,1.0000000004353566,172,0.9999996907226221
01052001582,010-5200-1582,original,1.0000000004353566,173,3.8187788569208844e-11
01052001582,010-5200-1582,original,1.0000000004353566,174,1.0449449441128533e-10
01052001582,010-5200-1582,original,1.0000000004353566,175,-7.286634020955395e-11
01052001582,010-5200-1582,original,1.0000000004353566,176,-1.5412748379830265e-11
01052001582,010-5200-1582,original,1.0000000004353566,177,2.0613026578765429e-10
01052001582,010-5200-1582,original,1.0000000004353566,178,7.702247709645506e-12
01052001582,010-5200-1582,original,1.0000000004353566,179,3.6638069932844825e-11
01052001582,010-5200-1582,original,1.0000000004353566,180,1.2273337720598778e-10
01052001582,010-5200-1582,original,1.0000000004353566,181,-5.470271114345641e-10
01052001582,010-5200-1582,original,1.0000000004353566,182,5.88052838248936e-11
01052001582,010-5200-1582,original,1.0000000004353566,183,-1.0748811464703226e-10
01052001582,010-5200-1582,original,1.0000000004353566,184,4.5239048794229676e-12
01052001582,010-5200-1582,original,1.0000000004353566,185,-7.59709832745805e-11
01052001582,010-5200-1582,original,1.0000000004353566,186,-5.4333811092631075e-11
01052001582,010-5200-1582,original,1.0000000004353566,187,-9.865910706148397e-11
01052001582,010-5200-1582,original,1.0000000004353566,188,-4.3838710887619746e-11
01052001582,010-5200-1582,original,1.0000000004353566,189,6.70571982448661e-11
01052001582,010-5200-1582,original,1.0000000004353566,190,9.065608092413757e-11
01052001582,010-5200-1582,original,1.0000000004353566,191,-4.963162409993636e-11
01052001582,010-5200-1582,original,1.0000000004353566,192,-1.1927135213470543e-10
01052001582,010-5200-1582,original,1.0000000004353566,193,8.185308440634289e-11
01052001582,010-5200-1582,original,1.0000000004353566,194,1.0486459605861558e-11
01052001582,010-5200-1582,original,1.0000000004353566,195,2.6094708866036526e-10
01052001582,010-5200-1582,original,1.0000000004353566,196,-4.1226556566825985e-11
01052001582,010-5200-1582,original,1.0000000004353566,197,-2.3218618054674663e-10
01052001582,010-5200-1582,original,1.0000000004353566,198,1.4902517351676628e-10
01052001582,010-5200-1582,original,1.0000000004353566,199,5.238447513968715e-10
01052001582,010-5200-1582,original,1.0000000004353566,200,-1.1384815923079653e-11
01052001582,010-5200-1582,original,1.0000000004353566,201,6.63826883395462e-11
01052001582,010-5200-1582,original,1.0000000004353566,202,8.93270866741967e-12
01052001582,010-5200-1582,original,1.0000000004353566,203,-1.5787316007086152e-11
01052001583,010-5200-1583,"one digit, last group",-1.543531231285077e-10,0,7.508736120787525e-11
01052001583,010-5200-1583,"one digit, last group",-1.543531231285077e-10,1,2.4778989966044417e-10
01052001583,010-5200-1583,"one digit, last group",-1.543531231285077e-10,2,-4.5423916923854705e-11
01052001583,010-5200-1583,"one digit, last group",-1.543531231285077e-10,3,-6.581961088137001e-11
01052001583,010-5200-1583,"one digit, last group",-1.543531231285077e-10,4,-4.8229329675573145e-11
01052001583,010-5200-1583,"one digit, last group",-1.543531231285077e-10,5,-7.015621958663625e-12
01052001583,010-5200-1583,"one digit, last group",-1.543531231285077e-10,6,-6.394026675387137e-11
01052001583,010-5200-1583,"one digit, last group",-1.543531231285077e-10,7,-1.5768879294496617e-10
01052001583,010-5200-1583,"one digit, last group",-1.543531231285077e-10,8,2.65685539847074e-10
01052001583,010-5200-1583,"one digit, last group",-1.543531231285077e-10,9,4.3975955251393505e-11
01052001583,010-5200-1583,"one digit, last group",-1.543531231285077e-10,10,-4.0297594683361743e-11
01052001583,010-5200-1583,"one digit, last group",-1.543531231285077e-10,11,1.0816585995359761e-10
01052001583,010-5200-1583,"one digit, last group",-1.543531231285077e-10,12,1.7743824076098515e-10
01052001583,010-5200-1583,"one digit, last group",-1.543531231285077e-10,13,1.0152978883422743e-10
01052001583,010-5200-1583,"one digit, last group",-1.543531231285077e-10,14,-9.535071659734222e-11
01052001583,010-5200-1583,"one digit, last group",-1.543531231285077e-10,15,-2.0670170368401448e-11
01052001583,010-5200-1583,"one digit, last group",-1.543531231285077e-10,16,-2.579867467528064e-10
01052001583,010-5200-1583,"one digit, last group",-1.543531231285077e-10,17,2.757122781168923e-10
01052001583,010-5200-1583,"one digit, last group",-1.543531231285077e-10,18,-8.653986156958699e-11
01052001583,010-5200-1583,"one digit, last group",-1.543531231285077e-10,19,-7.180665185290918e-11
01052001583,010-5200-1583,"one digit, last group",-1.543531231285077e-10,20,-4.2291693157221494e-11
01052001583,010-5200-1583,"one digit, last group",-1.543531231285077e-10,21,-1.6936334781273488e-10
01052001583,010-5200-1583,"one digit, last group",-1.543531231285077e-10,22,5.746619952098937e-12
01052001583,010-5200-1583,"one digit, last group",-1.543531231285077e-10,23,5.581055718628039e-11
01052001583,010-5200-1583,"one digit, last group",-1.543531231285077e-10,24,-2.821021735162141e-10
01052001583,010-5200-1583,"one digit, last group",-1.543531231285077e-10,25,-9.163771732996005e-11
01052001583,010-5200-1583,"one digit, last group",-1.543531231285077e-10,26,3.828506394248823e-10
01052001583,010-5200-1583,"one digit, last group",-1.543531231285077e-10,27,7.526991313921433e-11
01052001583,010-5200-1583,"one digit, last group",-1.543531231285077e-10,28,-3.8638138534642963e-10
01052001583,010-5200-1583,"one digit, last group",-1.543531231285077e-10,29,-4.239228522146829e-11
01052001583,010-5200-1583,"one digit, last group",-1.543531231285077e-10,30,-2.8922492163378165e-10
01052001583,010-5200-1583,"one digit, last group",-1.543531231285077e-10,31,5.386540019167608e-11
01052001583,010-5200-1583,"one digit, last group",-1.543531231285077e-10,32,-2.083644604239702e-11
01052001583,010-5200-1583,"one digit, last group",-1.543531231285077e-10,33,3.048364416241856e-10
01052001583,010-5200-1583,"one digit, last group",-1.543531231285077e-10,34,-7.652591878993023e-11
01052001583,010-5200-1583,"one digit, last group",-1.543531231285077e-10,35,-1.9154796851314546e-11
01052001583,010-5200-1583,"one digit, last group",-1.543531231285077e-10,36,1.0026107557739372e-10
01052001583,010-5200-1583,"one digit, last group",-1.543531231285077e-10,37,-1.2153345819710118e-10
01052001583,010-5200-1583,"one digit, last group",-1.543531231285077e-10,38,-1.1826157761081003e-10
01052001583,010-5200-1583,"one digit, last group",-1.543531231285077e-10,39,2.274252246819376e-10
01052001583,010-5200-1583,"one digit, last group",-1.543531231285077e-10,40,3.3254429978929554e-10
01052001583,010-5200-1583,"one digit, last group",-1.543531231285077e-10,41,5.96467030516242e-11
01052001583,010-5200-1583,"one digit, last group",-1.543531231285077e-10,42,-1.0779496211987533e-10
01052001583,010-5200-1583,"one digit, last group",-1.543531231285077e-10,43,-2.2898180490785308e-11
01052001583,010-5200-1583,"one digit, last group",-1.543531231285077e-10,44,-2.6842731587284387e-11
01052001583,010-5200-1583,"one digit, last group",-1.543531231285077e-10,45,1.6906048576945372e-10
01052001583,010-5200-1583,"one digit, last group",-1.543531231285077e-10,46,3.741593430935321e-12
01052001583,010-5200-1583,"one digit, last group",-1.543531231285077e-10,47,1.509885179228586e-10
01052001583,010-5200-1583,"one digit, last group",-1.543531231285077e-10,48,-1.0536532848722556e-10
01052001583,010-5200-1583,"one digit, last group",-1.543531231285077e-10,49,-5.6376039159980153e-11
01052001583,010-5200-1583,"one digit, last group",-1.543531231285077e-10,50,2.761497437659758e-10
01052001583,010-5200-1583,"one digit, last group",-1.543531231285077e-10,51,2.4273025728289392e-11
01052001583,010-5200-1583,"one digit, last group",-1.543531231285077e-10,52,8.404420376018683e-11
01052001583,010-5200-1583,"one digit, last group",-1.543531231285077e-10,53,1.1445041171953488e-11
01052001583,010-5200-1583,"one digit, last group",-1.543531231285077e-10,54,3.704123610101555e-11
01052001583,010-5200-1583,"one digit, last group",-1.543531231285077e-10,55,-1.6982586312816062e-10
01052001583,010-5200-1583,"one digit, last group",-1.543531231285077e-10,56,-4.4088232179275565e-12
01052001583,010-5200-1583,"one digit, last group",-1.543531231285077e-10,57,-5.6382143066866443e-11
01052001583,010-5200-1583,"one digit, last group",-1.543531231285077e-10,58,1.0469866480572414e-11
01052001583,010-5200-1583,"one digit, last group",-1.543531231285077e-10,59,-1.065001235531598e-10
01052001583,010-5200-1583,"one digit, last group",-1.543531231285077e-10,60,1.4487450999234782e-10
01052001583,010-5200-1583,"one digit, last group",-1.543531231285077e-10,61,-9.926763332945559e-11
01052001583,010-5200-1583,"one digit, last group",-1.543531231285077e-10,62,3.256307572952714e-10
01052001583,010-5200-1583,"one digit, last group",-1.543531231285077e-10,63,6.783972648904409e-11
01052001583,010-5200-1583,"one digit, last group",-1.543531231285077e-10,64,3.997025885056679e-11
01052001583,010-5200-1583,"one digit, last group",-1.543531231285077e-10,65,-1.855196907069527e-11
01052001583,010-5200-1583,"one digit, last group",-1.543531231285077e-10,66,5.553091525347994e-12
01052001583,010-5200-1583,"one digit, last group",-1.543531231285077e-10,67,1.0226785101432e-10
01052001583,010-5200-1583,"one digit, last group",-1.543531231285077e-10,68,-5.034128569677536e-11
01052001583,010-5200-1583,"one digit, last group",-1.543531231285077e-10,69,1.0890932299158321e-10
01052001583,010-5200-1583,"one digit, last group",-1.543531231285077e-10,70,-3.0065067971955574e-11
01052001583,010-5200-1583,"one digit, last group",-1.543531231285077e-10,71,-1.4494849312878502e-10
01052001583,010-5200-1583,"one digit, last group",-1.543531231285077e-10,72,-8.43268921125085e-12
01052001583,010-5200-1583,"one digit, last group",-1.543531231285077e-10,73,-6.904027278266287e-11
01052001583,010-5200-1583,"one digit, last group",-1.543531231285077e-10,74,-2.0169236559745368e-10
01052001583,010-5200-1583,"one digit, last group",-1.543531231285077e-10,75,-1.31536030129534e-10
01052001583,010-5200-1583,"one digit, last group",-1.543531231285077e-10,76,-8.138470214859131e-11
01052001583,010-5200-1583,"one digit, last group",-1.543531231285077e-10,77,7.861780640540505e-11
01052001583,010-5200-1583,"one digit, last group",-1.543531231285077e-10,78,-1.3671246452469916e-10
01052001583,010-5200-1583,"one digit, last group",-1.543531231285077e-10,79,2.1176627802425993e-10
01052001583,010-5200-1583,"one digit, last group",-1.543531231285077e-10,80,-3.325621244083521e-11
01052001583,010-5200-1583,"one digit, last group",-1.543531231285077e-10,81,5.2129865896722525e-11
01052001583,010-5200-1583,"one digit, last group",-1.543531231285077e-10,82,2.001282547989832e-10
01052001583,010-5200-1583,"one digit, last group",-1.543531231285077e-10,83,9.202006245157765e-11
01052001583,010-5200-1583,"one digit, last group",-1.543531231285077e-10,84,9.942435508356338e-11
01052001583,010-5200-1583,"one digit, last group",-1.543531231285077e-10,85,-2.7266336780046896e-11
01052001583,010-5200-1583,"one digit, last group",-1.543531231285077e-10,86,5.603417643279983e-10
01052001583,010-5200-1583,"one digit, last group",-1.543531231285077e-10,87,-1.18908532285247e-10
01052001583,010-5200-1583,"one digit, last group",-1.543531231285077e-10,88,-1.4107475648733345e-10
01052001583,010-5200-1583,"one digit, last group",-1.543531231285077e-10,89,7.600846709357106e-11
01052001583,010-5200-1583,"one digit, last group",-1.543531231285077e-10,90,3.3025094842978605e-11
01052001583,010-5200-1583,"one digit, last group",-1.543531231285077e-10,91,7.429663150380153e-11
01052001583,010-5200-1583,"one digit, last group",-1.543531231285077e-10,92,-4.64354368745533e-10
01052001583,010-5200-1583,"one digit, last group",-1.543531231285077e-10,93,-1.5440300032803824e-11
01052001583,010-5200-1583,"one digit, last group",-1.543531231285077e-10,94,-1.2901708535140147e-12
01052001583,010-5200-1583,"one digit, last group",-1.543531231285077e-10,95,1.6852424584564798e-10
01052001583,010-5200-1583,"one digit, last group",-1.543531231285077e-10,96,2.379384393026319e-10
01052001583,010-5200-1583,"one digit, last group",-1.543531231285077e-10,97,7.77048053078974e-11
01052001583,010-5200-1583,"one digit, last group",-1.543531231285077e-10,98,1.0888896037617059e-10
01052001583,010-5200-1583,"one digit, last group",-1.543531231285077e-10,99,5.99228717188057e-11
01052001583,010-5200-1583,"one digit, last group",-1.543531231285077e-10,100,3.0564753849748406e-11
01052001583,010-5200-1583,"one digit, last group",-1.543531231285077e-10,101,-1.5515121546997506e-10
01052001583,010-5200-1583,"one digit, last group",-1.543531231285077e-10,102,-5.400979578970344e-12
01052001583,010-5200-1583,"one digit, last group",-1.543531231285077e-10,103,2.8927153388819077e-10
01052001583,010-5200-1583,"one digit, last group",-1.543531231285077e-10,104,-3.7734132161946366e-10
01052001583,010-5200-1583,"one digit, last group",-1.543531231285077e-10,105,3.537070941773178e-11
01052001583,010-5200-1583,"one digit, last group",-1.543531231285077e-10,106,1.1709268208998142e-10
01052001583,010-5200-1583,"one digit, last group",-1.543531231285077e-10,107,1.450949171482208e-10
01052001583,010-5200-1583,"one digit, last group",-1.543531231285077e-10,108,8.665874510222818e-11
01052001583,010-5200-1583,"one digit, last group",-1.543531231285077e-10,109,-3.7246330583855457e-10
01052001583,010-5200-1583,"one digit, last group",-1.543531231285077e-10,110,5.726403113940869e-11
01052001583,010-5200-1583,"one digit, last group",-1.543531231285077e-10,111,1.398760625955763e-10
01052001583,010-5200-1583,"one digit, last group",-1.543531231285077e-10,112,-2.1826191613565576e-10
01052001583,010-5200-1583,"one digit, last group",-1.543531231285077e-10,113,-4.323110831789286e-12
01052001583,010-5200-1583,"one digit, last group",-1.543531231285077e-10,114,1.7531109411791586e-11
01052001583,010-5200-1583,"one digit, last group",-1.543531231285077e-10,115,-7.992354244495659e-12
01052001583,010-5200-1583,"one digit, last group",-1.543531231285077e-10,116,-1.5548117008403587e-10
01052001583,010-5200-1583,"one digit, last group",-1.543531231285077e-10,117,-7.112375222127734e-11
01052001583,010-5200-1583,"one digit, last group",-1.543531231285077e-10,118,-8.425034996345255e-11
01052001583,010-5200-1583,"one digit, last group",-1.543531231285077e-10,119,1.2236498959906357e-10
01052001583,010-5200-1583,"one digit, last group",-1.543531231285077e-10,120,2.371535427099899e-12
01052001583,010-5200-1583,"one digit, last group",-1.543531231285077e-10,121,3.732337035200711e-10
01052001583,010-5200-1583,"one digit, last group",-1.543531231285077e-10,122,1.2310921584881314e-10
01052001583,010-5200-1583,"one digit, last group",-1.543531231285077e-10,123,-1.1019742383497803e-10
01052001583,010-5200-1583,"one digit, last group",-1.543531231285077e-10,124,-1.830951079253165e-10
01052001583,010-5200-1583,"one digit, last group",-1.543531231285077e-10,125,-6.295761663211152e-11
01052001583,010-5200-1583,"one digit, last group",-1.543531231285077e-10,126,5.564381273869264e-11
01052001583,010-5200-1583,"one digit, last group",-1.543531231285077e-10,127,-1.5434806601498549e-10
01052001583,010-5200-1583,"one digit, last group",-1.543531231285077e-10,128,9.404444241983085e-11
01052001583,010-5200-1583,"one digit, last group",-1.543531231285077e-10,129,-1.494340211412885e-11
01052001583,010-5200-1583,"one digit, last group",-1.543531231285077e-10,130,-7.621637680915491e-11
01052001583,010-5200-1583,"one digit, last group",-1.543531231285077e-10,131,-1.8536756994609426e-11
01052001583,010-5200-1583,"one digit, last group",-1.543531231285077e-10,132,-8.598995028648368e-11
01052001583,010-5200-1583,"one digit, last group",-1.543531231285077e-10,133,5.987734295865586e-11
01052001583,010-5200-1583,"one digit, last group",-1.543531231285077e-10,134,-8.387506360791129e-11
01052001583,010-5200-1583,"one digit, last group",-1.543531231285077e-10,135,-1.8619087007027574e-10
01052001583,010-5200-1583,"one digit, last group",-1.543531231285077e-10,136,-9.359591630824838e-12
01052001583,010-5200-1583,"one digit, last group",-1.543531231285077e-10,137,-7.801473379294902e-11
01052001583,010-5200-1583,"one digit, last group",-1.543531231285077e-10,138,-1.4756667310448498e-10
01052001583,010-5200-1583,"one digit, last group",-1.543531231285077e-10,139,8.655254868435192e-12
01052001583,010-5200-1583,"one digit, last group",-1.543531231285077e-10,140,-9.283241660433267e-11
01052001583,010-5200-1583,"one digit, last group",-1.543531231285077e-10,141,1.9175395758394662e-10
01052001583,010-5200-1583,"one digit, last group",-1.543531231285077e-10,142,1.3914104659657105e-10
01052001583,010-5200-1583,"one digit, last group",-1.543531231285077e-10,143,-2.0961293855962893e-11
01052001583,010-5200-1583,"one digit, last group",-1.543531231285077e-10,144,-6.222928127954537e-11
01052001583,010-5200-1583,"one digit, last group",-1.543531231285077e-10,145,-6.639783235720943e-11
01052001583,010-5200-1583,"one digit, last group",-1.543531231285077e-10,146,4.493835909609578e-11
01052001583,010-5200-1583,"one digit, last group",-1.543531231285077e-10,147,-4.1180400138810334e-11
01052001583,010-5200-1583,"one digit, last group",-1.543531231285077e-10,148,-1.7582273537407488e-11
01052001583,010-5200-1583,"one digit, last group",-1.543531231285077e-10,149,2.921302355029782e-10
01052001583,010-5200-1583,"one digit, last group",-1.543531231285077e-10,150,-1.7698136097769404e-10
01052001583,010-5200-1583,"one digit, last group",-1.543531231285077e-10,151,1.05318478207899e-10
01052001583,010-5200-1583,"one digit, last group",-1.543531231285077e-10,152,1.615512657395591e-10
01052001583,010-5200-1583,"one digit, last group",-1.543531231285077e-10,153,2.0255756636584645e-10
01052001583,010-5200-1583,"one digit, last group",-1.543531231285077e-10,154,-4.3868872965418437e-11
01052001583,010-5200-1583,"one digit, last group",-1.543531231285077e-10,155,-5.826361375965783e-10
01052001583,010-5200-1583,"one digit, last group",-1.543531231285077e-10,156,-5.798052188352624e-11
01052001583,010-5200-1583,"one digit, last group",-1.543531231285077e-10,157,-1.1274912230160783e-10
01052001583,010-5200-1583,"one digit, last group",-1.543531231285077e-10,158,-1.206225148800692e-11
01052001583,010-5200-1583,"one digit, last group",-1.543531231285077e-10,159,-5.814691792312172e-11
01052001583,010-5200-1583,"one digit, last group",-1.543531231285077e-10,160,8.871172315371654e-11
01052001583,010-5200-1583,"one digit, last group",-1.543531231285077e-10,161,-8.183783641948826e-11
01052001583,010-5200-1583,"one digit, last group",-1.543531231285077e-10,162,-7.570634891908291e-11
01052001583,010-5200-1583,"one digit, last group",-1.543531231285077e-10,163,-2.932861093832259e-11
01052001583,010-5200-1583,"one digit, last group",-1.543531231285077e-10,164,-6.11808002112848e-11
01052001583,010-5200-1583,"one digit, last group",-1.543531231285077e-10,165,3.392283714309587e-10
01052001583,010-5200-1583,"one digit, last group",-1.543531231285077e-10,166,4.5413687137268364e-11
01052001583,010-5200-1583,"one digit, last group",-1.543531231285077e-10,167,1.6590018509739236e-11
01052001583,010-5200-1583,"one digit, last group",-1.543531231285077e-10,168,2.677772276627093e-11
01052001583,010-5200-1583,"one digit, last group",-1.543531231285077e-10,169,-8.688729784492291e-11
01052001583,010-5200-1583,"one digit, last group",-1.543531231285077e-10,170,-1.1316744500879906e-10
01052001583,010-5200-1583,"one digit, last group",-1.543531231285077e-10,171,1.6892758048223636e-09
01052001583,010-5200-1583,"one digit, last group",-1.543531231285077e-10,172,-1.7181830728043743e-09
01052001583,010-5200-1583,"one digit, last group",-1.543531231285077e-10,173,6.39430098971157e-11
01052001583,010-5200-1583,"one digit, last group",-1.543531231285077e-10,174,-1.4637841066721137e-10
01052001583,010-5200-1583,"one digit, last group",-1.543531231285077e-10,175,4.88695830860147e-10
01052001583,010-5200-1583,"one digit, last group",-1.543531231285077e-10,176,-8.724888887524421e-13
01052001583,010-5200-1583,"one digit, last group",-1.543531231285077e-10,177,1.9719886235721643e-11
01052001583,010-5200-1583,"one digit, last group",-1.543531231285077e-10,178,1.0279034091614246e-10
01052001583,010-5200-1583,"one digit, last group",-1.543531231285077e-10,179,-1.4499892033787977e-10
01052001583,010-5200-1583,"one digit, last group",-1.543531231285077e-10,180,-1.3634359123555418e-10
01052001583,010-5200-1583,"one digit, last group",-1.543531231285077e-10,181,2.1094726918547356e-10
01052001583,010-5200-1583,"one digit, last group",-1.543531231285077e-10,182,-3.760145126584293e-11
01052001583,010-5200-1583,"one digit, last group",-1.543531231285077e-10,183,-8.178606737372163e-11
01052001583,010-5200-1583,"one digit, last group",-1.543531231285077e-10,184,4.4019611011189274e-11
01052001583,010-5200-1583,"one digit, last group",-1.543531231285077e-10,185,-5.747671946649033e-11
01052001583,010-5200-1583,"one digit, last group",-1.543531231285077e-10,186,2.6686831069735145e-11
01052001583,010-5200-1583,"one digit, last group",-1.543531231285077e-10,187,7.168158861706781e-11
01052001583,010-5200-1583,"one digit, last group",-1.543531231285077e-10,188,-8.005601825255658e-11
01052001583,010-5200-1583,"one digit, last group",-1.543531231285077e-10,189,-9.933113689404339e-12
01052001583,010-5200-1583,"one digit, last group",-1.543531231285077e-10,190,-2.1271525876436664e-10
01052001583,010-5200-1583,"one digit, last group",-1.543531231285077e-10,191,-2.958806049831872e-11
01052001583,010-5200-1583,"one digit, last group",-1.543531231285077e-10,192,-9.578446004896291e-11
01052001583,010-5200-1583,"one digit, last group",-1.543531231285077e-10,193,-1.8429382307247982e-10
01052001583,010-5200-1583,"one digit, last group",-1.543531231285077e-10,194,4.979640457942428e-11
01052001583,010-5200-1583,"one digit, last group",-1.543531231285077e-10,195,-3.0722209692163277e-10
01052001583,010-5200-1583,"one digit, last group",-1.543531231285077e-10,196,-5.498250494091403e-11
01052001583,010-5200-1583,"one digit, last group",-1.543531231285077e-10,197,-3.1024316330377724e-11
01052001583,010-5200-1583,"one digit, last group",-1.543531231285077e-10,198,2.663249103558723e-10
01052001583,010-5200-1583,"one digit, last group",-1.543531231285077e-10,199,-3.8815306784831957e-10
01052001583,010-5200-1583,"one digit, last group",-1.543531231285077e-10,200,4.475534279130085e-11
01052001583,010-5200-1583,"one digit, last group",-1.543531231285077e-10,201,3.841822088773628e-11
01052001583,010-5200-1583,"one digit, last group",-1.543531231285077e-10,202,1.4783117355152083e-10
01052001583,010-5200-1583,"one digit, last group",-1.543531231285077e-10,203,-1.2644410752399343e-11
00653004858,006-5300-4858,original,1.0000000002095961,0,-1.746226323556892e-12
00653004858,006-5300-4858,original,1.0000000002095961,1,1.4272599133941384e-10
00653004858,006-5300-4858,original,1.0000000002095961,2,-8.601743104486003e-11
00653004858,006-5300-4858,original,1.0000000002095961,3,5.4801305912443415e-11
00653004858,006-5300-4858,original,1.0000000002095961,4,1.8181499583601468e-10
00653004858,006-5300-4858,original,1.0000000002095961,5,6.00623309329103e-10
00653004858,006-5300-4858,original,1.0000000002095961,6,-1.7563207903586837e-10
00653004858,006-5300-4858,original,1.0000000002095961,7,-5.0469764466627e-11
00653004858,006-5300-4858,original,1.0000000002095961,8,-1.776790024317979e-10
00653004858,006-5300-4858,original,1.0000000002095961,9,8.636638052478076e-11
00653004858,006-5300-4858,original,1.0000000002095961,10,2.285640117299487e-12
00653004858,006-5300-4858,original,1.0000000002095961,11,-2.3968285784663154e-10
00653004858,006-5300-4858,original,1.0000000002095961,12,1.724742600233306e-10
00653004858,006-5300-4858,original,1.0000000002095961,13,-8.532228220752038e-11
00653004858,006-5300-4858,original,1.0000000002095961,14,-4.9941643012717174e-11
00653004858,006-5300-4858,original,1.0000000002095961,15,-3.90534791674449e-12
00653004858,006-5300-4858,original,1.0000000002095961,16,4.969882497325672e-11
00653004858,006-5300-4858,original,1.0000000002095961,17,9.789801070888794e-11
00653004858,006-5300-4858,original,1.0000000002095961,18,-2.3101544940937202e-10
00653004858,006-5300-4858,original,1.0000000002095961,19,-5.686873703523967e-12
00653004858,006-5300-4858,original,1.0000000002095961,20,7.03016266476226e-11
00653004858,006-5300-4858,original,1.0000000002095961,21,1.5682088310892422e-11
00653004858,006-5300-4858,original,1.0000000002095961,22,-1.4636218893051294e-10
00653004858,006-5300-4858,original,1.0000000002095961,23,-1.020666533822081e-10
00653004858,006-5300-4858,original,1.0000000002095961,24,5.032575597789191e-10
00653004858,006-5300-4858,original,1.0000000002095961,25,-7.697341891242822e-11
00653004858,006-5300-4858,original,1.0000000002095961,26,2.8458624166610103e-10
00653004858,006-5300-4858,original,1.0000000002095961,27,6.802633926893972e-11
00653004858,006-5300-4858,original,1.0000000002095961,28,-5.037575194438025e-11
00653004858,006-5300-4858,original,1.0000000002095961,29,-5.6951635611043244e-11
00653004858,006-5300-4858,original,1.0000000002095961,30,-2.1782019779375989e-10
00653004858,006-5300-4858,original,1.0000000002095961,31,-2.118667154264167e-10
00653004858,006-5300-4858,original,1.0000000002095961,32,-2.162398221422504e-10
00653004858,006-5300-4858,original,1.0000000002095961,33,-1.2480015632031358e-10
00653004858,006-5300-4858,original,1.0000000002095961,34,-2.6236362071205693e-10
00653004858,006-5300-4858,original,1.0000000002095961,35,7.210487115517721e-12
00653004858,006-5300-4858,original,1.0000000002095961,36,-9.91345843561385e-11
00653004858,006-5300-4858,original,1.0000000002095961,37,2.0281012877347122e-10
00653004858,006-5300-4858,original,1.0000000002095961,38,-1.7730161240549159e-10
00653004858,006-5300-4858,original,1.0000000002095961,39,-6.395756231308747e-11
00653004858,006-5300-4858,original,1.0000000002095961,40,1.7303656001029766e-10
00653004858,006-5300-4858,original,1.0000000002095961,41,-1.3955612145580026e-10
00653004858,006-5300-4858,original,1.0000000002095961,42,4.1635614619444567e-11
00653004858,006-5300-4858,original,1.0000000002095961,43,5.001873349615302e-11
00653004858,006-5300-4858,original,1.0000000002095961,44,-1.002287460494269e-11
00653004858,006-5300-4858,original,1.0000000002095961,45,2.63482292876924e-11
00653004858,006-5300-4858,original,1.0000000002095961,46,-1.6086712101439086e-11
00653004858,006-5300-4858,original,1.0000000002095961,47,8.875563232951262e-11
00653004858,006-5300-4858,original,1.0000000002095961,48,-1.935409653977673e-11
00653004858,006-5300-4858,original,1.0000000002095961,49,-1.0867130781157816e-10
00653004858,006-5300-4858,original,1.0000000002095961,50,6.392438883347681e-11
00653004858,006-5300-4858,original,1.0000000002095961,51,3.528580389617403e-11
00653004858,006-5300-4858,original,1.0000000002095961,52,1.402371766167149e-10
00653004858,006-5300-4858,original,1.0000000002095961,53,-6.430916636549211e-11
00653004858,006-5300-4858,original,1.0000000002095961,54,-6.593637633377137e-11
00653004858,006-5300-4858,original,1.0000000002095961,55,6.626152399329109e-11
00653004858,006-5300-4858,original,1.0000000002095961,56,9.834691411585005e-11
00653004858,006-5300-4858,original,1.0000000002095961,57,-2.6051380880158537e-11
00653004858,006-5300-4858,original,1.0000000002095961,58,-4.497374740948266e-11
00653004858,006-5300-4858,original,1.0000000002095961,59,1.9401456393285466e-10
00653004858,006-5300-4858,original,1.0000000002095961,60,-7.27829525044326e-11
00653004858,006-5300-4858,original,1.0000000002095961,61,7.599509334594039e-11
00653004858,006-5300-4858,original,1.0000000002095961,62,-8.71931707297362e-11
00653004858,006-5300-4858,original,1.0000000002095961,63,1.0492978281459024e-10
00653004858,006-5300-4858,original,1.0000000002095961,64,1.9074437401556522e-10
00653004858,006-5300-4858,original,1.0000000002095961,65,1.1083259585222534e-10
00653004858,006-5300-4858,original,1.0000000002095961,66,-9.448994743785327e-13
00653004858,006-5300-4858,original,1.0000000002095961,67,-4.8822091328050155e-11
00653004858,006-5300-4858,original,1.0000000002095961,68,1.9756081992675949e-10
00653004858,006-5300-4858,original,1.0000000002095961,69,-5.638945430412028e-11
00653004858,006-5300-4858,original,1.0000000002095961,70,1.2903146713201983e-11
00653004858,006-5300-4858,original,1.0000000002095961,71,-8.269512195189386e-13
00653004858,006-5300-4858,original,1.0000000002095961,72,-1.2950004759586715e-11
00653004858,006-5300-4858,original,1.0000000002095961,73,-9.523478598019376e-11
00653004858,006-5300-4858,original,1.0000000002095961,74,1.9193480816887912e-10
00653004858,006-5300-4858,original,1.0000000002095961,75,-7.032644956530529e-11
00653004858,006-5300-4858,original,1.0000000002095961,76,-7.067193764659888e-11
00653004858,006-5300-4858,original,1.0000000002095961,77,-7.058113845087625e-11
00653004858,006-5300-4858,original,1.0000000002095961,78,-4.868271094775317e-11
00653004858,006-5300-4858,original,1.0000000002095961,79,9.473578734554172e-11
00653004858,006-5300-4858,original,1.0000000002095961,80,-7.650096469363798e-11
00653004858,006-5300-4858,original,1.0000000002095961,81,-4.1245005478291073e-11
00653004858,006-5300-4858,original,1.0000000002095961,82,-6.708118541087313e-11
00653004858,006-5300-4858,original,1.0000000002095961,83,-8.55835396996356e-11
00653004858,006-5300-4858,original,1.0000000002095961,84,2.2328988915950844e-10
00653004858,006-5300-4858,original,1.0000000002095961,85,-3.0378176317571216e-11
00653004858,006-5300-4858,original,1.0000000002095961,86,-3.0512035662260546e-10
00653004858,006-5300-4858,original,1.0000000002095961,87,-9.826449882391784e-11
00653004858,006-5300-4858,original,1.0000000002095961,88,3.793717744785097e-11
00653004858,006-5300-4858,original,1.0000000002095961,89,2.361051098259563e-11
00653004858,006-5300-4858,original,1.0000000002095961,90,8.76681696694387e-11
00653004858,006-5300-4858,original,1.0000000002095961,91,-1.1169513370784818e-10
00653004858,006-5300-4858,original,1.0000000002095961,92,-1.2906611984409283e-10
00653004858,006-5300-4858,original,1.0000000002095961,93,-9.638946867761446e-11
00653004858,006-5300-4858,original,1.0000000002095961,94,1.845593971115023e-10
00653004858,006-5300-4858,original,1.0000000002095961,95,-9.865949901457001e-11
00653004858,006-5300-4858,original,1.0000000002095961,96,-6.760161522268965e-11
00653004858,006-5300-4858,original,1.0000000002095961,97,4.5403023633527046e-11
00653004858,006-5300-4858,original,1.0000000002095961,98,-1.1962646242854079e-10
00653004858,006-5300-4858,original,1.0000000002095961,99,-1.5601550257563214e-12
00653004858,006-5300-4858,original,1.0000000002095961,100,5.520953546595003e-11
00653004858,006-5300-4858,original,1.0000000002095961,101,1.054274740230659e-10
00653004858,006-5300-4858,original,1.0000000002095961,102,-1.2660812239106124e-11
00653004858,006-5300-4858,original,1.0000000002095961,103,3.6192929717336376e-11
00653004858,006-5300-4858,original,1.0000000002095961,104,1.7949721279192314e-10
00653004858,006-5300-4858,original,1.0000000002095961,105,-5.228709769420923e-11
00653004858,006-5300-4858,original,1.0000000002095961,106,-4.437765513165632e-12
00653004858,006-5300-4858,original,1.0000000002095961,107,2.6719217525485593e-11
00653004858,006-5300-4858,original,1.0000000002095961,108,1.9509195997091497e-10
00653004858,006-5300-4858,original,1.0000000002095961,109,5.7927930200903916e-11
00653004858,006-5300-4858,original,1.0000000002095961,110,-2.6295963789527495e-10
00653004858,006-5300-4858,original,1.0000000002095961,111,-1.635248419039905e-12
00653004858,006-5300-4858,original,1.0000000002095961,112,-3.943775839588734e-10
00653004858,006-5300-4858,original,1.0000000002095961,113,-6.137963419751727e-13
00653004858,006-5300-4858,original,1.0000000002095961,114,-2.983093184040985e-11
00653004858,006-5300-4858,original,1.0000000002095961,115,4.624718774569043e-11
00653004858,006-5300-4858,original,1.0000000002095961,116,1.1025361678726588e-10
00653004858,006-5300-4858,original,1.0000000002095961,117,-1.548028612425444e-10
00653004858,006-5300-4858,original,1.0000000002095961,118,-2.1221770172382714e-10
00653004858,006-5300-4858,original,1.0000000002095961,119,-1.2944083919815158e-10
00653004858,006-5300-4858,original,1.0000000002095961,120,-3.128570815935952e-11
00653004858,006-5300-4858,original,1.0000000002095961,121,3.676108656406381e-10
00653004858,006-5300-4858,original,1.0000000002095961,122,-2.7644492678760637e-10
00653004858,006-5300-4858,original,1.0000000002095961,123,6.465421652665549e-11
00653004858,006-5300-4858,original,1.0000000002095961,124,8.547403675598579e-11
00653004858,006-5300-4858,original,1.0000000002095961,125,2.266850386653218e-11
00653004858,006-5300-4858,original,1.0000000002095961,126,2.4944703719467868e-11
00653004858,006-5300-4858,original,1.0000000002095961,127,-7.983472822259836e-11
00653004858,006-5300-4858,original,1.0000000002095961,128,-9.643930815067805e-11
00653004858,006-5300-4858,original,1.0000000002095961,129,2.1854661707329512e-11
00653004858,006-5300-4858,original,1.0000000002095961,130,-6.889926887064172e-11
00653004858,006-5300-4858,original,1.0000000002095961,131,-2.3874590228567525e-10
00653004858,006-5300-4858,original,1.0000000002095961,132,7.191548438252823e-11
00653004858,006-5300-4858,original,1.0000000002095961,133,-1.0825064213946454e-10
00653004858,006-5300-4858,original,1.0000000002095961,134,5.6909928064037283e-11
00653004858,006-5300-4858,original,1.0000000002095961,135,2.1039995595058064e-11
00653004858,006-5300-4858,original,1.0000000002095961,136,-5.2509384251885674e-11
00653004858,006-5300-4858,original,1.0000000002095961,137,-3.525897420540468e-11
00653004858,006-5300-4858,original,1.0000000002095961,138,2.9351574410597105e-10
00653004858,006-5300-4858,original,1.0000000002095961,139,2.94021344018021e-11
00653004858,006-5300-4858,original,1.0000000002095961,140,2.2728413404723657e-11
00653004858,006-5300-4858,original,1.0000000002095961,141,1.2091871647305817e-10
00653004858,006-5300-4858,original,1.0000000002095961,142,-2.4194298164441007e-10
00653004858,006-5300-4858,original,1.0000000002095961,143,1.5073362940399959e-10
00653004858,006-5300-4858,original,1.0000000002095961,144,-1.793506836929541e-10
00653004858,006-5300-4858,original,1.0000000002095961,145,-1.5014173414028605e-10
00653004858,006-5300-4858,original,1.0000000002095961,146,-1.7589194588722119e-10
00653004858,006-5300-4858,original,1.0000000002095961,147,-1.5477221353299636e-10
00653004858,006-5300-4858,original,1.0000000002095961,148,-4.274007006482251e-12
00653004858,006-5300-4858,original,1.0000000002095961,149,-4.767002883029687e-10
00653004858,006-5300-4858,original,1.0000000002095961,150,-2.163960037178795e-10
00653004858,006-5300-4858,original,1.0000000002095961,151,8.860508245564338e-12
00653004858,006-5300-4858,original,1.0000000002095961,152,1.0389226905770983e-10
00653004858,006-5300-4858,original,1.0000000002095961,153,-1.509818404211014e-11
00653004858,006-5300-4858,original,1.0000000002095961,154,-1.635718138136776e-11
00653004858,006-5300-4858,original,1.0000000002095961,155,-7.841669766860114e-12
00653004858,006-5300-4858,original,1.0000000002095961,156,-1.6310541297568567e-10
00653004858,006-5300-4858,original,1.0000000002095961,157,-5.6194537899356506e-11
00653004858,006-5300-4858,original,1.0000000002095961,158,-5.251023490386134e-11
00653004858,006-5300-4858,original,1.0000000002095961,159,4.371785367526699e-11
00653004858,006-5300-4858,original,1.0000000002095961,160,5.538573624786764e-11
00653004858,006-5300-4858,original,1.0000000002095961,161,8.390892728727558e-11
00653004858,006-5300-4858,original,1.0000000002095961,162,-1.273788349996196e-10
00653004858,006-5300-4858,original,1.0000000002095961,163,-2.4462428299528605e-11
00653004858,006-5300-4858,original,1.0000000002095961,164,4.543123219318499e-10
00653004858,006-5300-4858,original,1.0000000002095961,165,7.72166263578099e-11
00653004858,006-5300-4858,original,1.0000000002095961,166,-5.1782631873197705e-11
00653004858,006-5300-4858,original,1.0000000002095961,167,4.170472514207654e-11
00653004858,006-5300-4858,original,1.0000000002095961,168,1.1983941699422278e-10
00653004858,006-5300-4858,original,1.0000000002095961,169,3.256749072704067e-10
00653004858,006-5300-4858,original,1.0000000002095961,170,-6.633882844869722e-11
00653004858,006-5300-4858,original,1.0000000002095961,171,-1.9692130271489427e-10
00653004858,006-5300-4858,original,1.0000000002095961,172,-7.593125154947204e-11
00653004858,006-5300-4858,original,1.0000000002095961,173,6.386722563720228e-11
00653004858,006-5300-4858,original,1.0000000002095961,174,-1.0554936638809874e-10
00653004858,006-5300-4858,original,1.0000000002095961,175,-1.4247891191713062e-10
00653004858,006-5300-4858,original,1.0000000002095961,176,4.334321685195021e-12
00653004858,006-5300-4858,original,1.0000000002095961,177,-2.179597737316384e-10
00653004858,006-5300-4858,original,1.0000000002095961,178,-3.0797495251301614e-11
00653004858,006-5300-4858,original,1.0000000002095961,179,1.8894540057986833e-10
00653004858,006-5300-4858,original,1.0000000002095961,180,-1.8515107136524954e-10
00653004858,006-5300-4858,original,1.0000000002095961,181,1.5407279031130452e-10
00653004858,006-5300-4858,original,1.0000000002095961,182,-3.1207055810987344e-11
00653004858,006-5300-4858,original,1.0000000002095961,183,-1.2347460879110635e-10
00653004858,006-5300-4858,original,1.0000000002095961,184,-5.678395908952984e-13
00653004858,006-5300-4858,original,1.0000000002095961,185,-1.5157751910891542e-10
00653004858,006-5300-4858,original,1.0000000002095961,186,-1.6524551976786926e-11
00653004858,006-5300-4858,original,1.0000000002095961,187,0.9999996846737674
00653004858,006-5300-4858,original,1.0000000002095961,188,0.9999996842583233
00653004858,006-5300-4858,original,1.0000000002095961,189,1.6248595157051983e-10
00653004858,006-5300-4858,original,1.0000000002095961,190,-4.574776640318e-11
00653004858,006-5300-4858,original,1.0000000002095961,191,-1.2429319181774122e-10
00653004858,006-5300-4858,original,1.0000000002095961,192,-4.392930023077621e-11
00653004858,006-5300-4858,original,1.0000000002095961,193,-4.303201794637195e-11
00653004858,006-5300-4858,original,1.0000000002095961,194,-1.540170828926025e-12
00653004858,006-5300-4858,original,1.0000000002095961,195,-4.794422226351554e-10
00653004858,006-5300-4858,original,1.0000000002095961,196,1.592849115445467e-11
00653004858,006-5300-4858,original,1.0000000002095961,197,2.5559456202162026e-10
00653004858,006-5300-4858,original,1.0000000002095961,198,3.016342171231253e-10
00653004858,006-5300-4858,original,1.0000000002095961,199,-8.906679968419052e-10
00653004858,006-5300-4858,original,1.0000000002095961,200,-2.8125655155132047e-11
00653004858,006-5300-4858,original,1.0000000002095961,201,6.280446421377066e-11
00653004858,006-5300-4858,original,1.0000000002095961,202,-2.3111643536596553e-10
00653004858,006-5300-4858,original,1.0000000002095961,203,3.7239671530741986e-11
00653004859,006-5300-4859,"one digit, last group",-4.7792170235062134e-11,0,1.3792680905130866e-10
00653004859,006-5300-4859,"one digit, last group",-4.7792170235062134e-11,1,5.162715966556224e-11
00653004859,006-5300-4859,"one digit, last group",-4.7792170235062134e-11,2,-5.496260637837759e-11
00653004859,006-5300-4859,"one digit, last group",-4.7792170235062134e-11,3,-3.1377845668151413e-11
00653004859,006-5300-4859,"one digit, last group",-4.7792170235062134e-11,4,1.9500987580849284e-10
00653004859,006-5300-4859,"one digit, last group",-4.7792170235062134e-11,5,1.3668175974885212e-10
00653004859,006-5300-4859,"one digit, last group",-4.7792170235062134e-11,6,1.533685333723336e-10
00653004859,006-5300-4859,"one digit, last group",-4.7792170235062134e-11,7,1.3430787370927313e-10
00653004859,006-5300-4859,"one digit, last group",-4.7792170235062134e-11,8,2.3869913388934597e-11
00653004859,006-5300-4859,"one digit, last group",-4.7792170235062134e-11,9,-9.099438745781815e-12
00653004859,006-5300-4859,"one digit, last group",-4.7792170235062134e-11,10,3.395354144493388e-11
00653004859,006-5300-4859,"one digit, last group",-4.7792170235062134e-11,11,-8.958224542347893e-12
00653004859,006-5300-4859,"one digit, last group",-4.7792170235062134e-11,12,-3.431440460901041e-10
00653004859,006-5300-4859,"one digit, last group",-4.7792170235062134e-11,13,3.2483788447644965e-10
00653004859,006-5300-4859,"one digit, last group",-4.7792170235062134e-11,14,4.9738007162038156e-11
00653004859,006-5300-4859,"one digit, last group",-4.7792170235062134e-11,15,-5.175637282855015e-12
00653004859,006-5300-4859,"one digit, last group",-4.7792170235062134e-11,16,1.4023243628091098e-11
00653004859,006-5300-4859,"one digit, last group",-4.7792170235062134e-11,17,2.003477984975831e-10
00653004859,006-5300-4859,"one digit, last group",-4.7792170235062134e-11,18,-1.0283835812833026e-10
00653004859,006-5300-4859,"one digit, last group",-4.7792170235062134e-11,19,4.0644185480528276e-11
00653004859,006-5300-4859,"one digit, last group",-4.7792170235062134e-11,20,-7.580901033139442e-11
00653004859,006-5300-4859,"one digit, last group",-4.7792170235062134e-11,21,-1.9676100901837427e-10
00653004859,006-5300-4859,"one digit, last group",-4.7792170235062134e-11,22,-2.1260213890874608e-13
00653004859,006-5300-4859,"one digit, last group",-4.7792170235062134e-11,23,1.5484808288737142e-12
00653004859,006-5300-4859,"one digit, last group",-4.7792170235062134e-11,24,-1.4516724815521568e-11
00653004859,006-5300-4859,"one digit, last group",-4.7792170235062134e-11,25,-8.876646571893781e-11
00653004859,006-5300-4859,"one digit, last group",-4.7792170235062134e-11,26,-7.227376047178587e-11
00653004859,006-5300-4859,"one digit, last group",-4.7792170235062134e-11,27,1.88005221411854e-11
00653004859,006-5300-4859,"one digit, last group",-4.7792170235062134e-11,28,-1.559602403176242e-10
00653004859,006-5300-4859,"one digit, last group",-4.7792170235062134e-11,29,1.0517129296077419e-11
00653004859,006-5300-4859,"one digit, last group",-4.7792170235062134e-11,30,2.498616184543208e-10
00653004859,006-5300-4859,"one digit, last group",-4.7792170235062134e-11,31,-2.9856246237598723e-10
00653004859,006-5300-4859,"one digit, last group",-4.7792170235062134e-11,32,2.603543254877082e-10
00653004859,006-5300-4859,"one digit, last group",-4.7792170235062134e-11,33,4.486015536058506e-11
00653004859,006-5300-4859,"one digit, last group",-4.7792170235062134e-11,34,2.0665415308404576e-10
00653004859,006-5300-4859,"one digit, last group",-4.7792170235062134e-11,35,8.884106363902529e-11
00653004859,006-5300-4859,"one digit, last group",-4.7792170235062134e-11,36,2.2594300369067578e-11
00653004859,006-5300-4859,"one digit, last group",-4.7792170235062134e-11,37,1.201744722709381e-10
00653004859,006-5300-4859,"one digit, last group",-4.7792170235062134e-11,38,-9.449385653918313e-11
00653004859,006-5300-4859,"one digit, last group",-4.7792170235062134e-11,39,-1.9863541825358003e-12
00653004859,006-5300-4859,"one digit, last group",-4.7792170235062134e-11,40,2.868361905200473e-10
00653004859,006-5300-4859,"one digit, last group",-4.7792170235062134e-11,41,1.7803965061100459e-12
00653004859,006-5300-4859,"one digit, last group",-4.7792170235062134e-11,42,-5.1777751048648445e-11
00653004859,006-5300-4859,"one digit, last group",-4.7792170235062134e-11,43,2.4844879696808657e-11
00653004859,006-5300-4859,"one digit, last group",-4.7792170235062134e-11,44,5.706097934860178e-11
00653004859,006-5300-4859,"one digit, last group",-4.7792170235062134e-11,45,-5.448756244831883e-11
00653004859,006-5300-4859,"one digit, last group",-4.7792170235062134e-11,46,-3.982424051291538e-11
00653004859,006-5300-4859,"one digit, last group",-4.7792170235062134e-11,47,6.088306344705155e-11
00653004859,006-5300-4859,"one digit, last group",-4.7792170235062134e-11,48,3.107940286104857e-11
00653004859,006-5300-4859,"one digit, last group",-4.7792170235062134e-11,49,2.520422032655006e-10
00653004859,006-5300-4859,"one digit, last group",-4.7792170235062134e-11,50,-1.4187653825347266e-10
00653004859,006-5300-4859,"one digit, last group",-4.7792170235062134e-11,51,-1.7745054892712075e-11
00653004859,006-5300-4859,"one digit, last group",-4.7792170235062134e-11,52,-1.31096253775432e-10
00653004859,006-5300-4859,"one digit, last group",-4.7792170235062134e-11,53,-5.681185608451889e-11
00653004859,006-5300-4859,"one digit, last group",-4.7792170235062134e-11,54,-3.0820017602712675e-11
00653004859,006-5300-4859,"one digit, last group",-4.7792170235062134e-11,55,1.1230707026656513e-11
00653004859,006-5300-4859,"one digit, last group",-4.7792170235062134e-11,56,-1.4611909814278548e-10
00653004859,006-5300-4859,"one digit, last group",-4.7792170235062134e-11,57,-5.84715428728742e-11
00653004859,006-5300-4859,"one digit, last group",-4.7792170235062134e-11,58,-1.396617361113579e-12
00653004859,006-5300-4859,"one digit, last group",-4.7792170235062134e-11,59,1.5631624725768115e-10
00653004859,006-5300-4859,"one digit, last group",-4.7792170235062134e-11,60,-1.447390689524408e-10
00653004859,006-5300-4859,"one digit, last group",-4.7792170235062134e-11,61,1.4285868322001674e-10
00653004859,006-5300-4859,"one digit, last group",-4.7792170235062134e-11,62,-2.0143534455776394e-10
00653004859,006-5300-4859,"one digit, last group",-4.7792170235062134e-11,63,1.0168133968931542e-10
00653004859,006-5300-4859,"one digit, last group",-4.7792170235062134e-11,64,1.1888327430179498e-11
00653004859,006-5300-4859,"one digit, last group",-4.7792170235062134e-11,65,-3.0581629472692273e-11
00653004859,006-5300-4859,"one digit, last group",-4.7792170235062134e-11,66,-1.1997303788271092e-10
00653004859,006-5300-4859,"one digit, last group",-4.7792170235062134e-11,67,-2.4131368376018476e-11
00653004859,006-5300-4859,"one digit, last group",-4.7792170235062134e-11,68,-4.033412708923512e-11
00653004859,006-5300-4859,"one digit, last group",-4.7792170235062134e-11,69,-2.096845639910097e-10
00653004859,006-5300-4859,"one digit, last group",-4.7792170235062134e-11,70,7.42331156517588e-11
00653004859,006-5300-4859,"one digit, last group",-4.7792170235062134e-11,71,-7.404149613552054e-11
00653004859,006-5300-4859,"one digit, last group",-4.7792170235062134e-11,72,-6.491182234256004e-12
00653004859,006-5300-4859,"one digit, last group",-4.7792170235062134e-11,73,1.8162248355373888e-11
00653004859,006-5300-4859,"one digit, last group",-4.7792170235062134e-11,74,3.3417572705726355e-11
00653004859,006-5300-4859,"one digit, last group",-4.7792170235062134e-11,75,2.8592495019808624e-11
00653004859,006-5300-4859,"one digit, last group",-4.7792170235062134e-11,76,2.5280756705321256e-10
00653004859,006-5300-4859,"one digit, last group",-4.7792170235062134e-11,77,-9.36808935138934e-11
00653004859,006-5300-4859,"one digit, last group",-4.7792170235062134e-11,78,-2.0138917190791037e-10
00653004859,006-5300-4859,"one digit, last group",-4.7792170235062134e-11,79,-5.713741465125242e-11
00653004859,006-5300-4859,"one digit, last group",-4.7792170235062134e-11,80,-3.499867305658794e-11
00653004859,006-5300-4859,"one digit, last group",-4.7792170235062134e-11,81,2.444711952844689e-10
00653004859,006-5300-4859,"one digit, last group",-4.7792170235062134e-11,82,2.6954409080851477e-11
00653004859,006-5300-4859,"one digit, last group",-4.7792170235062134e-11,83,8.501433128770779e-11
00653004859,006-5300-4859,"one digit, last group",-4.7792170235062134e-11,84,-4.396663887043332e-11
00653004859,006-5300-4859,"one digit, last group",-4.7792170235062134e-11,85,3.598980730723155e-11
00653004859,006-5300-4859,"one digit, last group",-4.7792170235062134e-11,86,5.2893644827310836e-11
00653004859,006-5300-4859,"one digit, last group",-4.7792170235062134e-11,87,-1.7271572282209686e-10
00653004859,006-5300-4859,"one digit, last group",-4.7792170235062134e-11,88,5.155773002863006e-11
00653004859,006-5300-4859,"one digit, last group",-4.7792170235062134e-11,89,-1.2725641519101357e-12
00653004859,006-5300-4859,"one digit, last group",-4.7792170235062134e-11,90,-2.285395243672288e-10
00653004859,006-5300-4859,"one digit, last group",-4.7792170235062134e-11,91,1.590429256355084e-10
00653004859,006-5300-4859,"one digit, last group",-4.7792170235062134e-11,92,-2.331989773565461e-10
00653004859,006-5300-4859,"one digit, last group",-4.7792170235062134e-11,93,4.9539047573505687e-11
00653004859,006-5300-4859,"one digit, last group",-4.7792170235062134e-11,94,2.382475002039059e-10
00653004859,006-5300-4859,"one digit, last group",-4.7792170235062134e-11,95,1.586086914627486e-11
00653004859,006-5300-4859,"one digit, last group",-4.7792170235062134e-11,96,1.9084254604166808e-10
00653004859,006-5300-4859,"one digit, last group",-4.7792170235062134e-11,97,-4.1231956029043106e-10
00653004859,006-5300-4859,"one digit, last group",-4.7792170235062134e-11,98,2.822367271722462e-10
00653004859,006-5300-4859,"one digit, last group",-4.7792170235062134e-11,99,1.4290133011687948e-11
00653004859,006-5300-4859,"one digit, last group",-4.7792170235062134e-11,100,-8.252515008146222e-11
00653004859,006-5300-4859,"one digit, last group",-4.7792170235062134e-11,101,-1.5620127798456252e-10
00653004859,006-5300-4859,"one digit, last group",-4.7792170235062134e-11,102,-3.1301906531569637e-10
00653004859,006-5300-4859,"one digit, last group",-4.7792170235062134e-11,103,-1.0539497150152647e-10
00653004859,006-5300-4859,"one digit, last group",-4.7792170235062134e-11,104,-2.4734060414168995e-10
00653004859,006-5300-4859,"one digit, last group",-4.7792170235062134e-11,105,-2.6675491952855268e-11
00653004859,006-5300-4859,"one digit, last group",-4.7792170235062134e-11,106,4.2670989666629355e-11
00653004859,006-5300-4859,"one digit, last group",-4.7792170235062134e-11,107,-7.368031910497039e-13
00653004859,006-5300-4859,"one digit, last group",-4.7792170235062134e-11,108,-1.1197797378211405e-10
00653004859,006-5300-4859,"one digit, last group",-4.7792170235062134e-11,109,1.2653678798227354e-10
00653004859,006-5300-4859,"one digit, last group",-4.7792170235062134e-11,110,-1.4867758769905404e-10
00653004859,006-5300-4859,"one digit, last group",-4.7792170235062134e-11,111,2.2475628510156667e-10
00653004859,006-5300-4859,"one digit, last group",-4.7792170235062134e-11,112,2.305823649260432e-10
00653004859,006-5300-4859,"one digit, last group",-4.7792170235062134e-11,113,1.189491518988175e-12
00653004859,006-5300-4859,"one digit, last group",-4.7792170235062134e-11,114,2.008087960549825e-10
00653004859,006-5300-4859,"one digit, last group",-4.7792170235062134e-11,115,2.1309572139813363e-12
00653004859,006-5300-4859,"one digit, last group",-4.7792170235062134e-11,116,-4.0100933347597305e-11
00653004859,006-5300-4859,"one digit, last group",-4.7792170235062134e-11,117,-3.09720760170837e-10
00653004859,006-5300-4859,"one digit, last group",-4.7792170235062134e-11,118,8.148085660366866e-11
00653004859,006-5300-4859,"one digit, last group",-4.7792170235062134e-11,119,1.5162246541006452e-11
00653004859,006-5300-4859,"one digit, last group",-4.7792170235062134e-11,120,-3.350185684907582e-11
00653004859,006-5300-4859,"one digit, last group",-4.7792170235062134e-11,121,4.9086830154698175e-11
00653004859,006-5300-4859,"one digit, last group",-4.7792170235062134e-11,122,-8.276728278441849e-12
00653004859,006-5300-4859,"one digit, last group",-4.7792170235062134e-11,123,1.3239927331412325e-10
00653004859,006-5300-4859,"one digit, last group",-4.7792170235062134e-11,124,3.017724608739349e-10
00653004859,006-5300-4859,"one digit, last group",-4.7792170235062134e-11,125,-8.588640202571101e-11
00653004859,006-5300-4859,"one digit, last group",-4.7792170235062134e-11,126,4.256502407844698e-11
00653004859,006-5300-4859,"one digit, last group",-4.7792170235062134e-11,127,-9.974487713911562e-11
00653004859,006-5300-4859,"one digit, last group",-4.7792170235062134e-11,128,-4.1108867677768917e-11
00653004859,006-5300-4859,"one digit, last group",-4.7792170235062134e-11,129,-1.9782059722809195e-10
00653004859,006-5300-4859,"one digit, last group",-4.7792170235062134e-11,130,1.2117381535178895e-10
00653004859,006-5300-4859,"one digit, last group",-4.7792170235062134e-11,131,-2.1962029428918988e-10
00653004859,006-5300-4859,"one digit, last group",-4.7792170235062134e-11,132,-7.524875813537686e-11
00653004859,006-5300-4859,"one digit, last group",-4.7792170235062134e-11,133,-1.41987816698745e-11
00653004859,006-5300-4859,"one digit, last group",-4.7792170235062134e-11,134,1.2189313039369988e-10
00653004859,006-5300-4859,"one digit, last group",-4.7792170235062134e-11,135,1.549550772394799e-11
00653004859,006-5300-4859,"one digit, last group",-4.7792170235062134e-11,136,-3.269182018366652e-12
00653004859,006-5300-4859,"one digit, last group",-4.7792170235062134e-11,137,1.1500026860006873e-10
00653004859,006-5300-4859,"one digit, last group",-4.7792170235062134e-11,138,-8.598866036365003e-11
00653004859,006-5300-4859,"one digit, last group",-4.7792170235062134e-11,139,1.651221966239316e-11
00653004859,006-5300-4859,"one digit, last group",-4.7792170235062134e-11,140,-4.252029511259817e-11
00653004859,006-5300-4859,"one digit, last group",-4.7792170235062134e-11,141,2.1722007113415264e-10
00653004859,006-5300-4859,"one digit, last group",-4.7792170235062134e-11,142,-3.872649121255101e-10
00653004859,006-5300-4859,"one digit, last group",-4.7792170235062134e-11,143,7.409631326043331e-11
00653004859,006-5300-4859,"one digit, last group",-4.7792170235062134e-11,144,2.6247628191125703e-10
00653004859,006-5300-4859,"one digit, last group",-4.7792170235062134e-11,145,-3.3510770124186836e-13
00653004859,006-5300-4859,"one digit, last group",-4.7792170235062134e-11,146,-3.736167682723877e-10
00653004859,006-5300-4859,"one digit, last group",-4.7792170235062134e-11,147,1.3292733232936997e-10
00653004859,006-5300-4859,"one digit, last group",-4.7792170235062134e-11,148,1.3008588112235093e-10
00653004859,006-5300-4859,"one digit, last group",-4.7792170235062134e-11,149,-2.618495013979852e-10
00653004859,006-5300-4859,"one digit, last group",-4.7792170235062134e-11,150,-2.6995555538787126e-12
00653004859,006-5300-4859,"one digit, last group",-4.7792170235062134e-11,151,-7.894739010658857e-11
00653004859,006-5300-4859,"one digit, last group",-4.7792170235062134e-11,152,-7.989302730433781e-11
00653004859,006-5300-4859,"one digit, last group",-4.7792170235062134e-11,153,1.683078766728031e-10
00653004859,006-5300-4859,"one digit, last group",-4.7792170235062134e-11,154,1.969202734567512e-11
00653004859,006-5300-4859,"one digit, last group",-4.7792170235062134e-11,155,-2.000883225089915e-10
00653004859,006-5300-4859,"one digit, last group",-4.7792170235062134e-11,156,2.5660849869548433e-11
00653004859,006-5300-4859,"one digit, last group",-4.7792170235062134e-11,157,-4.804214227311388e-11
00653004859,006-5300-4859,"one digit, last group",-4.7792170235062134e-11,158,-1.9041942924402963e-10
00653004859,006-5300-4859,"one digit, last group",-4.7792170235062134e-11,159,2.1650791316286855e-11
00653004859,006-5300-4859,"one digit, last group",-4.7792170235062134e-11,160,-1.3280847742153915e-10
00653004859,006-5300-4859,"one digit, last group",-4.7792170235062134e-11,161,-1.9871942618369958e-11
00653004859,006-5300-4859,"one digit, last group",-4.7792170235062134e-11,162,6.970384431948021e-12
00653004859,006-5300-4859,"one digit, last group",-4.7792170235062134e-11,163,1.0164589980538236e-10
00653004859,006-5300-4859,"one digit, last group",-4.7792170235062134e-11,164,-2.7419255916489174e-11
00653004859,006-5300-4859,"one digit, last group",-4.7792170235062134e-11,165,3.422321413781641e-11
00653004859,006-5300-4859,"one digit, last group",-4.7792170235062134e-11,166,9.598704691114806e-11
00653004859,006-5300-4859,"one digit, last group",-4.7792170235062134e-11,167,1.0916624703322354e-10
00653004859,006-5300-4859,"one digit, last group",-4.7792170235062134e-11,168,-9.754855235219034e-11
00653004859,006-5300-4859,"one digit, last group",-4.7792170235062134e-11,169,-6.128555832585106e-11
00653004859,006-5300-4859,"one digit, last group",-4.7792170235062134e-11,170,-4.451820751616148e-10
00653004859,006-5300-4859,"one digit, last group",-4.7792170235062134e-11,171,-1.3380168256402517e-10
00653004859,006-5300-4859,"one digit, last group",-4.7792170235062134e-11,172,-9.074971392528925e-13
00653004859,006-5300-4859,"one digit, last group",-4.7792170235062134e-11,173,1.0835557884821873e-10
00653004859,006-5300-4859,"one digit, last group",-4.7792170235062134e-11,174,-9.147216316746094e-11
00653004859,006-5300-4859,"one digit, last group",-4.7792170235062134e-11,175,8.296262326245552e-11
00653004859,006-5300-4859,"one digit, last group",-4.7792170235062134e-11,176,3.480729125633233e-11
00653004859,006-5300-4859,"one digit, last group",-4.7792170235062134e-11,177,2.3965002274222515e-10
00653004859,006-5300-4859,"one digit, last group",-4.7792170235062134e-11,178,-5.1091772618149445e-11
00653004859,006-5300-4859,"one digit, last group",-4.7792170235062134e-11,179,-2.83799572380286e-10
00653004859,006-5300-4859,"one digit, last group",-4.7792170235062134e-11,180,3.1693359067882704e-10
00653004859,006-5300-4859,"one digit, last group",-4.7792170235062134e-11,181,3.122870113330536e-10
00653004859,006-5300-4859,"one digit, last group",-4.7792170235062134e-11,182,-8.568364375328368e-11
00653004859,006-5300-4859,"one digit, last group",-4.7792170235062134e-11,183,-1.5930589010044365e-10
00653004859,006-5300-4859,"one digit, last group",-4.7792170235062134e-11,184,-5.3794168791807776e-11
00653004859,006-5300-4859,"one digit, last group",-4.7792170235062134e-11,185,-8.961027146999922e-12
00653004859,006-5300-4859,"one digit, last group",-4.7792170235062134e-11,186,-1.917190012774633e-10
00653004859,006-5300-4859,"one digit, last group",-4.7792170235062134e-11,187,-1.4522182503372548e-09
00653004859,006-5300-4859,"one digit, last group",-4.7792170235062134e-11,188,1.1504341873319894e-10
00653004859,006-5300-4859,"one digit, last group",-4.7792170235062134e-11,189,1.9788867436689288e-10
00653004859,006-5300-4859,"one digit, last group",-4.7792170235062134e-11,190,-2.947753472018109e-11
00653004859,006-5300-4859,"one digit, last group",-4.7792170235062134e-11,191,5.309379843992279e-11
00653004859,006-5300-4859,"one digit, last group",-4.7792170235062134e-11,192,1.416077217324374e-10
00653004859,006-5300-4859,"one digit, last group",-4.7792170235062134e-11,193,3.754470250171041e-10
00653004859,006-5300-4859,"one digit, last group",-4.7792170235062134e-11,194,1.2188392459970966e-11
00653004859,006-5300-4859,"one digit, last group",-4.7792170235062134e-11,195,-1.9192341334482747e-12
00653004859,006-5300-4859,"one digit, last group",-4.7792170235062134e-11,196,9.339893244598351e-11
00653004859,006-5300-4859,"one digit, last group",-4.7792170235062134e-11,197,1.9890794473019218e-10
00653004859,006-5300-4859,"one digit, last group",-4.7792170235062134e-11,198,6.65158152510752e-11
00653004859,006-5300-4859,"one digit, last group",-4.7792170235062134e-11,199,-2.235065988244823e-10
00653004859,006-5300-4859,"one digit, last group",-4.7792170235062134e-11,200,-3.9277825834635265e-11
00653004859,006-5300-4859,"one digit, last group",-4.7792170235062134e-11,201,9.221357269180905e-12
00653004859,006-5300-4859,"one digit, last group",-4.7792170235062134e-11,202,1.1653256212761053e-10
00653004859,006-5300-4859,"one digit, last group",-4.7792170235062134e-11,203,-3.4213403653105374e-11
02050002924,020-5000-2924,"one digit, first group",-1.880450860544337e-10,0,4.11406386757064e-11
02050002924,020-5000-2924,"one digit, first group",-1.880450860544337e-10,1,1.285848694334923e-10
02050002924,020-5000-2924,"one digit, first group",-1.880450860544337e-10,2,-8.252183241208391e-11
02050002924,020-5000-2924,"one digit, first group",-1.880450860544337e-10,3,1.3420091300428035e-11
02050002924,020-5000-2924,"one digit, first group",-1.880450860544337e-10,4,3.141399157363026e-10
02050002924,020-5000-2924,"one digit, first group",-1.880450860544337e-10,5,4.647145319830792e-10
02050002924,020-5000-2924,"one digit, first group",-1.880450860544337e-10,6,8.268052010155892e-12
02050002924,020-5000-2924,"one digit, first group",-1.880450860544337e-10,7,-6.484710967257767e-11
02050002924,020-5000-2924,"one digit, first group",-1.880450860544337e-10,8,-1.3514540961157906e-10
02050002924,020-5000-2924,"one digit, first group",-1.880450860544337e-10,9,-5.2292397605765406e-11
02050002924,020-5000-2924,"one digit, first group",-1.880450860544337e-10,10,-4.271341819939063e-11
02050002924,020-5000-2924,"one digit, first group",-1.880450860544337e-10,11,-4.717129536931748e-10
02050002924,020-5000-2924,"one digit, first group",-1.880450860544337e-10,12,5.833898640595637e-11
02050002924,020-5000-2924,"one digit, first group",-1.880450860544337e-10,13,-8.192299901245516e-11
02050002924,020-5000-2924,"one digit, first group",-1.880450860544337e-10,14,3.56813702498783e-11
02050002924,020-5000-2924,"one digit, first group",-1.880450860544337e-10,15,-9.432933717615691e-11
02050002924,020-5000-2924,"one digit, first group",-1.880450860544337e-10,16,9.454711256171046e-11
02050002924,020-5000-2924,"one digit, first group",-1.880450860544337e-10,17,-3.5450646975075507e-10
02050002924,020-5000-2924,"one digit, first group",-1.880450860544337e-10,18,-1.7797008258566046e-11
02050002924,020-5000-2924,"one digit, first group",-1.880450860544337e-10,19,9.063795167038397e-11
02050002924,020-5000-2924,"one digit, first group",-1.880450860544337e-10,20,-7.182618591926458e-11
02050002924,020-5000-2924,"one digit, first group",-1.880450860544337e-10,21,1.45709888215769e-10
02050002924,020-5000-2924,"one digit, first group",-1.880450860544337e-10,22,5.3540059109387804e-11
02050002924,020-5000-2924,"one digit, first group",-1.880450860544337e-10,23,-1.0142039402169412e-10
02050002924,020-5000-2924,"one digit, first group",-1.880450860544337e-10,24,2.935103294925163e-10
02050002924,020-5000-2924,"one digit, first group",-1.880450860544337e-10,25,-1.0483829324434916e-11
02050002924,020-5000-2924,"one digit, first group",-1.880450860544337e-10,26,7.277384960461848e-11
02050002924,020-5000-2924,"one digit, first group",-1.880450860544337e-10,27,1.9884527447541584e-10
02050002924,020-5000-2924,"one digit, first group",-1.880450860544337e-10,28,-3.475091255540747e-11
02050002924,020-5000-2924,"one digit, first group",-1.880450860544337e-10,29,5.071203022979379e-12
02050002924,020-5000-2924,"one digit, first group",-1.880450860544337e-10,30,-1.3710942496488006e-11
02050002924,020-5000-2924,"one digit, first group",-1.880450860544337e-10,31,1.1880121828005364e-10
02050002924,020-5000-2924,"one digit, first group",-1.880450860544337e-10,32,1.2501138971791265e-10
02050002924,020-5000-2924,"one digit, first group",-1.880450860544337e-10,33,-2.0567492575992498e-12
02050002924,020-5000-2924,"one digit, first group",-1.880450860544337e-10,34,-2.4155983325991927e-10
02050002924,020-5000-2924,"one digit, first group",-1.880450860544337e-10,35,-5.508990413419557e-11
02050002924,020-5000-2924,"one digit, first group",-1.880450860544337e-10,36,2.1818470971702893e-11
02050002924,020-5000-2924,"one digit, first group",-1.880450860544337e-10,37,2.7471929001038517e-12
02050002924,020-5000-2924,"one digit, first group",-1.880450860544337e-10,38,-1.5225646196657977e-10
02050002924,020-5000-2924,"one digit, first group",-1.880450860544337e-10,39,-4.320993254069047e-11
02050002924,020-5000-2924,"one digit, first group",-1.880450860544337e-10,40,-2.1936907872244749e-10
02050002924,020-5000-2924,"one digit, first group",-1.880450860544337e-10,41,-6.683951530900811e-11
02050002924,020-5000-2924,"one digit, first group",-1.880450860544337e-10,42,5.999466628357352e-11
02050002924,020-5000-2924,"one digit, first group",-1.880450860544337e-10,43,-8.645965694660096e-11
02050002924,020-5000-2924,"one digit, first group",-1.880450860544337e-10,44,8.165710080984194e-11
02050002924,020-5000-2924,"one digit, first group",-1.880450860544337e-10,45,4.1425195193017084e-10
02050002924,020-5000-2924,"one digit, first group",-1.880450860544337e-10,46,-1.39511125149925e-10
02050002924,020-5000-2924,"one digit, first group",-1.880450860544337e-10,47,2.1779778712470452e-10
02050002924,020-5000-2924,"one digit, first group",-1.880450860544337e-10,48,-1.403063777247949e-10
02050002924,020-5000-2924,"one digit, first group",-1.880450860544337e-10,49,2.615565451782689e-10
02050002924,020-5000-2924,"one digit, first group",-1.880450860544337e-10,50,-4.206140342738369e-10
02050002924,020-5000-2924,"one digit, first group",-1.880450860544337e-10,51,-1.1370662896428787e-10
02050002924,020-5000-2924,"one digit, first group",-1.880450860544337e-10,52,-2.0417970109709685e-10
02050002924,020-5000-2924,"one digit, first group",-1.880450860544337e-10,53,-3.896069454998705e-11
02050002924,020-5000-2924,"one digit, first group",-1.880450860544337e-10,54,-2.0529372384662358e-11
02050002924,020-5000-2924,"one digit, first group",-1.880450860544337e-10,55,1.753914835693254e-11
02050002924,020-5000-2924,"one digit, first group",-1.880450860544337e-10,56,-9.560048323798716e-11
02050002924,020-5000-2924,"one digit, first group",-1.880450860544337e-10,57,-2.327772498373885e-11
02050002924,020-5000-2924,"one digit, first group",-1.880450860544337e-10,58,-7.619500584485256e-11
02050002924,020-5000-2924,"one digit, first group",-1.880450860544337e-10,59,8.539632762378109e-11
02050002924,020-5000-2924,"one digit, first group",-1.880450860544337e-10,60,-7.462370202398974e-11
02050002924,020-5000-2924,"one digit, first group",-1.880450860544337e-10,61,5.91540970279127e-11
02050002924,020-5000-2924,"one digit, first group",-1.880450860544337e-10,62,1.640470699077904e-10
02050002924,020-5000-2924,"one digit, first group",-1.880450860544337e-10,63,-2.1256759992751595e-10
02050002924,020-5000-2924,"one digit, first group",-1.880450860544337e-10,64,3.23608215963938e-11
02050002924,020-5000-2924,"one digit, first group",-1.880450860544337e-10,65,-5.912283877000552e-12
02050002924,020-5000-2924,"one digit, first group",-1.880450860544337e-10,66,-4.193603740867778e-11
02050002924,020-5000-2924,"one digit, first group",-1.880450860544337e-10,67,-1.4656527434694208e-10
02050002924,020-5000-2924,"one digit, first group",-1.880450860544337e-10,68,1.0060919329676254e-10
02050002924,020-5000-2924,"one digit, first group",-1.880450860544337e-10,69,1.5566564041952187e-10
02050002924,020-5000-2924,"one digit, first group",-1.880450860544337e-10,70,1.1718006101119494e-11
02050002924,020-5000-2924,"one digit, first group",-1.880450860544337e-10,71,-1.1505026904575188e-10
02050002924,020-5000-2924,"one digit, first group",-1.880450860544337e-10,72,-2.5649836561378665e-11
02050002924,020-5000-2924,"one digit, first group",-1.880450860544337e-10,73,1.3425320337286277e-10
02050002924,020-5000-2924,"one digit, first group",-1.880450860544337e-10,74,-1.29177204250981e-10
02050002924,020-5000-2924,"one digit, first group",-1.880450860544337e-10,75,7.745756159825892e-11
02050002924,020-5000-2924,"one digit, first group",-1.880450860544337e-10,76,1.2739702986349943e-10
02050002924,020-5000-2924,"one digit, first group",-1.880450860544337e-10,77,-5.212594354877564e-11
02050002924,020-5000-2924,"one digit, first group",-1.880450860544337e-10,78,1.5267122912794903e-10
02050002924,020-5000-2924,"one digit, first group",-1.880450860544337e-10,79,-8.574899697677969e-11
02050002924,020-5000-2924,"one digit, first group",-1.880450860544337e-10,80,-7.369959738332736e-11
02050002924,020-5000-2924,"one digit, first group",-1.880450860544337e-10,81,-5.69980043877729e-11
02050002924,020-5000-2924,"one digit, first group",-1.880450860544337e-10,82,-8.473679297292593e-11
02050002924,020-5000-2924,"one digit, first group",-1.880450860544337e-10,83,2.2872682831688674e-11
02050002924,020-5000-2924,"one digit, first group",-1.880450860544337e-10,84,7.208579980407029e-11
02050002924,020-5000-2924,"one digit, first group",-1.880450860544337e-10,85,-3.278586672009511e-11
02050002924,020-5000-2924,"one digit, first group",-1.880450860544337e-10,86,-3.16795967763662e-10
02050002924,020-5000-2924,"one digit, first group",-1.880450860544337e-10,87,-9.131874486512078e-11
02050002924,020-5000-2924,"one digit, first group",-1.880450860544337e-10,88,-5.521847764828796e-11
02050002924,020-5000-2924,"one digit, first group",-1.880450860544337e-10,89,3.719468754131281e-11
02050002924,020-5000-2924,"one digit, first group",-1.880450860544337e-10,90,7.067402437067005e-12
02050002924,020-5000-2924,"one digit, first group",-1.880450860544337e-10,91,-1.3298673652538754e-10
02050002924,020-5000-2924,"one digit, first group",-1.880450860544337e-10,92,-1.3630092072928105e-10
02050002924,020-5000-2924,"one digit, first group",-1.880450860544337e-10,93,-1.321821311412054e-10
02050002924,020-5000-2924,"one digit, first group",-1.880450860544337e-10,94,8.412668409657486e-11
02050002924,020-5000-2924,"one digit, first group",-1.880450860544337e-10,95,1.0110906418768947e-10
02050002924,020-5000-2924,"one digit, first group",-1.880450860544337e-10,96,2.0254533196647572e-10
02050002924,020-5000-2924,"one digit, first group",-1.880450860544337e-10,97,1.969380441299257e-10
02050002924,020-5000-2924,"one digit, first group",-1.880450860544337e-10,98,-7.879464447160983e-12
02050002924,020-5000-2924,"one digit, first group",-1.880450860544337e-10,99,-9.639212932179012e-12
02050002924,020-5000-2924,"one digit, first group",-1.880450860544337e-10,100,1.5719286374197117e-10
02050002924,020-5000-2924,"one digit, first group",-1.880450860544337e-10,101,4.01802675434048e-11
02050002924,020-5000-2924,"one digit, first group",-1.880450860544337e-10,102,-5.264554041646678e-12
02050002924,020-5000-2924,"one digit, first group",-1.880450860544337e-10,103,2.8336860153198646e-10
02050002924,020-5000-2924,"one digit, first group",-1.880450860544337e-10,104,-2.005039136124749e-10
02050002924,020-5000-2924,"one digit, first group",-1.880450860544337e-10,105,3.2285809682946425e-11
02050002924,020-5000-2924,"one digit, first group",-1.880450860544337e-10,106,7.969267436369295e-11
02050002924,020-5000-2924,"one digit, first group",-1.880450860544337e-10,107,-5.761196123286831e-13
02050002924,020-5000-2924,"one digit, first group",-1.880450860544337e-10,108,-1.7224354266108627e-10
02050002924,020-5000-2924,"one digit, first group",-1.880450860544337e-10,109,1.5447267450658052e-10
02050002924,020-5000-2924,"one digit, first group",-1.880450860544337e-10,110,-7.219676572839278e-11
02050002924,020-5000-2924,"one digit, first group",-1.880450860544337e-10,111,-8.007422963619225e-13
02050002924,020-5000-2924,"one digit, first group",-1.880450860544337e-10,112,2.0211603650854145e-10
02050002924,020-5000-2924,"one digit, first group",-1.880450860544337e-10,113,1.6247585822467487e-11
02050002924,020-5000-2924,"one digit, first group",-1.880450860544337e-10,114,2.4648692230425095e-10
02050002924,020-5000-2924,"one digit, first group",-1.880450860544337e-10,115,-1.0889770022975753e-11
02050002924,020-5000-2924,"one digit, first group",-1.880450860544337e-10,116,-1.8702671936317256e-10
02050002924,020-5000-2924,"one digit, first group",-1.880450860544337e-10,117,1.8395946357526158e-11
02050002924,020-5000-2924,"one digit, first group",-1.880450860544337e-10,118,2.9729603159585846e-10
02050002924,020-5000-2924,"one digit, first group",-1.880450860544337e-10,119,5.448755013874208e-11
02050002924,020-5000-2924,"one digit, first group",-1.880450860544337e-10,120,-5.4554240571375364e-11
02050002924,020-5000-2924,"one digit, first group",-1.880450860544337e-10,121,6.967775663426207e-11
02050002924,020-5000-2924,"one digit, first group",-1.880450860544337e-10,122,-3.637639476627199e-10
02050002924,020-5000-2924,"one digit, first group",-1.880450860544337e-10,123,-5.396609284574875e-11
02050002924,020-5000-2924,"one digit, first group",-1.880450860544337e-10,124,3.869737507028342e-10
02050002924,020-5000-2924,"one digit, first group",-1.880450860544337e-10,125,4.0381437365395347e-10
02050002924,020-5000-2924,"one digit, first group",-1.880450860544337e-10,126,-1.812876376936599e-11
02050002924,020-5000-2924,"one digit, first group",-1.880450860544337e-10,127,-1.304379033381505e-10
02050002924,020-5000-2924,"one digit, first group",-1.880450860544337e-10,128,1.190051184021926e-10
02050002924,020-5000-2924,"one digit, first group",-1.880450860544337e-10,129,1.572177415385832e-10
02050002924,020-5000-2924,"one digit, first group",-1.880450860544337e-10,130,-3.2373127605728616e-11
02050002924,020-5000-2924,"one digit, first group",-1.880450860544337e-10,131,-1.1763098606820572e-10
02050002924,020-5000-2924,"one digit, first group",-1.880450860544337e-10,132,-6.960028086684695e-11
02050002924,020-5000-2924,"one digit, first group",-1.880450860544337e-10,133,8.536019416762703e-11
02050002924,020-5000-2924,"one digit, first group",-1.880450860544337e-10,134,-1.5907985492704588e-10
02050002924,020-5000-2924,"one digit, first group",-1.880450860544337e-10,135,-1.4382177343328293e-10
02050002924,020-5000-2924,"one digit, first group",-1.880450860544337e-10,136,2.6605968153778154e-11
02050002924,020-5000-2924,"one digit, first group",-1.880450860544337e-10,137,9.70571847695359e-12
02050002924,020-5000-2924,"one digit, first group",-1.880450860544337e-10,138,-5.524236957264403e-11
02050002924,020-5000-2924,"one digit, first group",-1.880450860544337e-10,139,-3.524059047117494e-11
02050002924,020-5000-2924,"one digit, first group",-1.880450860544337e-10,140,8.87649962249383e-11
02050002924,020-5000-2924,"one digit, first group",-1.880450860544337e-10,141,-1.0073791868432224e-10
02050002924,020-5000-2924,"one digit, first group",-1.880450860544337e-10,142,3.814280081363776e-09
02050002924,020-5000-2924,"one digit, first group",-1.880450860544337e-10,143,-2.98404234369722e-09
02050002924,020-5000-2924,"one digit, first group",-1.880450860544337e-10,144,-1.5243018289706228e-09
02050002924,020-5000-2924,"one digit, first group",-1.880450860544337e-10,145,-2.6989654146671707e-11
02050002924,020-5000-2924,"one digit, first group",-1.880450860544337e-10,146,-6.878489111935221e-09
02050002924,020-5000-2924,"one digit, first group",-1.880450860544337e-10,147,4.222379058832013e-09
02050002924,020-5000-2924,"one digit, first group",-1.880450860544337e-10,148,3.73689486367915e-10
02050002924,020-5000-2924,"one digit, first group",-1.880450860544337e-10,149,7.019682948463903e-09
02050002924,020-5000-2924,"one digit, first group",-1.880450860544337e-10,150,-2.782876176074436e-12
02050002924,020-5000-2924,"one digit, first group",-1.880450860544337e-10,151,-8.525060453669612e-11
02050002924,020-5000-2924,"one digit, first group",-1.880450860544337e-10,152,-2.79387454780249e-11
02050002924,020-5000-2924,"one digit, first group",-1.880450860544337e-10,153,-7.709153741955636e-11
02050002924,020-5000-2924,"one digit, first group",-1.880450860544337e-10,154,8.817216924106355e-11
02050002924,020-5000-2924,"one digit, first group",-1.880450860544337e-10,155,-1.4322939248592336e-10
02050002924,020-5000-2924,"one digit, first group",-1.880450860544337e-10,156,-1.7369323264430794e-10
02050002924,020-5000-2924,"one digit, first group",-1.880450860544337e-10,157,-3.3029039710859886e-11
02050002924,020-5000-2924,"one digit, first group",-1.880450860544337e-10,158,4.284282805141683e-11
02050002924,020-5000-2924,"one digit, first group",-1.880450860544337e-10,159,-7.842160381024401e-11
02050002924,020-5000-2924,"one digit, first group",-1.880450860544337e-10,160,-9.687719018519572e-10
02050002924,020-5000-2924,"one digit, first group",-1.880450860544337e-10,161,9.020666314629877e-11
02050002924,020-5000-2924,"one digit, first group",-1.880450860544337e-10,162,-7.64322980047487e-11
02050002924,020-5000-2924,"one digit, first group",-1.880450860544337e-10,163,-2.5143425903065395e-09
02050002924,020-5000-2924,"one digit, first group",-1.880450860544337e-10,164,3.8937172150654645e-09
02050002924,020-5000-2924,"one digit, first group",-1.880450860544337e-10,165,-1.0875908618057028e-10
02050002924,020-5000-2924,"one digit, first group",-1.880450860544337e-10,166,-5.135380800405123e-11
02050002924,020-5000-2924,"one digit, first group",-1.880450860544337e-10,167,6.267861567204994e-11
02050002924,020-5000-2924,"one digit, first group",-1.880450860544337e-10,168,7.230715880653139e-11
02050002924,020-5000-2924,"one digit, first group",-1.880450860544337e-10,169,-2.2974383722500123e-10
02050002924,020-5000-2924,"one digit, first group",-1.880450860544337e-10,170,2.93223200192034e-10
02050002924,020-5000-2924,"one digit, first group",-1.880450860544337e-10,171,-9.017902686376526e-11
02050002924,020-5000-2924,"one digit, first group",-1.880450860544337e-10,172,1.047389946950782e-10
02050002924,020-5000-2924,"one digit, first group",-1.880450860544337e-10,173,1.3096116672792253e-10
02050002924,020-5000-2924,"one digit, first group",-1.880450860544337e-10,174,-6.500271954535782e-11
02050002924,020-5000-2924,"one digit, first group",-1.880450860544337e-10,175,-4.784282471048669e-10
02050002924,020-5000-2924,"one digit, first group",-1.880450860544337e-10,176,-4.2024868707615616e-11
02050002924,020-5000-2924,"one digit, first group",-1.880450860544337e-10,177,-6.55985899347854e-11
02050002924,020-5000-2924,"one digit, first group",-1.880450860544337e-10,178,-2.2265770277408323e-11
02050002924,020-5000-2924,"one digit, first group",-1.880450860544337e-10,179,-4.9128495922858526e-11
02050002924,020-5000-2924,"one digit, first group",-1.880450860544337e-10,180,-1.40584132243373e-10
02050002924,020-5000-2924,"one digit, first group",-1.880450860544337e-10,181,-2.8626450797449124e-10
02050002924,020-5000-2924,"one digit, first group",-1.880450860544337e-10,182,1.0660399542678144e-11
02050002924,020-5000-2924,"one digit, first group",-1.880450860544337e-10,183,-5.876059165285677e-11
02050002924,020-5000-2924,"one digit, first group",-1.880450860544337e-10,184,-6.048175030496425e-14
02050002924,020-5000-2924,"one digit, first group",-1.880450860544337e-10,185,-6.103424249263638e-11
02050002924,020-5000-2924,"one digit, first group",-1.880450860544337e-10,186,-1.2932101897046306e-10
02050002924,020-5000-2924,"one digit, first group",-1.880450860544337e-10,187,9.616780573780396e-11
02050002924,020-5000-2924,"one digit, first group",-1.880450860544337e-10,188,-5.462078206961672e-12
02050002924,020-5000-2924,"one digit, first group",-1.880450860544337e-10,189,6.597594958831882e-11
02050002924,020-5000-2924,"one digit, first group",-1.880450860544337e-10,190,3.910986284965035e-11
02050002924,020-5000-2924,"one digit, first group",-1.880450860544337e-10,191,-5.240962072059957e-11
02050002924,020-5000-2924,"one digit, first group",-1.880450860544337e-10,192,1.210890927285699e-10
02050002924,020-5000-2924,"one digit, first group",-1.880450860544337e-10,193,-2.4860027352397616e-10
02050002924,020-5000-2924,"one digit, first group",-1.880450860544337e-10,194,-7.608903888315581e-11
02050002924,020-5000-2924,"one digit, first group",-1.880450860544337e-10,195,1.4945443705890072e-10
02050002924,020-5000-2924,"one digit, first group",-1.880450860544337e-10,196,-3.4717034492712404e-11
02050002924,020-5000-2924,"one digit, first group",-1.880450860544337e-10,197,9.707205382562507e-11
02050002924,020-5000-2924,"one digit, first group",-1.880450860544337e-10,198,-1.2012851298246723e-10
02050002924,020-5000-2924,"one digit, first group",-1.880450860544337e-10,199,-2.6744979453246784e-11
02050002924,020-5000-2924,"one digit, first group",-1.880450860544337e-10,200,-2.4102499889741026e-11
02050002924,020-5000-2924,"one digit, first group",-1.880450860544337e-10,201,-4.934093335415242e-11
02050002924,020-5000-2924,"one digit, first group",-1.880450860544337e-10,202,-1.752024366687331e-10
02050002924,020-5000-2924,"one digit, first group",-1.880450860544337e-10,203,4.924847193467865e-12
01050102924,010-5010-2924,"one digit, middle group",-7.471161114272319e-11,0,-3.759701793430778e-11
01050102924,010-5010-2924,"one digit, middle group",-7.471161114272319e-11,1,3.4890486307492894e-11
01050102924,010-5010-2924,"one digit, middle group",-7.471161114272319e-11,2,1.0338995975347396e-10
01050102924,010-5010-2924,"one digit, middle group",-7.471161114272319e-11,3,2.350948400293572e-11
01050102924,010-5010-2924,"one digit, middle group",-7.471161114272319e-11,4,-1.1948920572371791e-10
01050102924,010-5010-2924,"one digit, middle group",-7.471161114272319e-11,5,9.725474435051171e-11
01050102924,010-5010-2924,"one digit, middle group",-7.471161114272319e-11,6,-2.3167458014935205e-10
01050102924,010-5010-2924,"one digit, middle group",-7.471161114272319e-11,7,-2.572452337246073e-10
01050102924,010-5010-2924,"one digit, middle group",-7.471161114272319e-11,8,3.014555168749683e-10
01050102924,010-5010-2924,"one digit, middle group",-7.471161114272319e-11,9,2.3604596386977626e-11
01050102924,010-5010-2924,"one digit, middle group",-7.471161114272319e-11,10,3.6311177773628684e-11
01050102924,010-5010-2924,"one digit, middle group",-7.471161114272319e-11,11,-3.099772550012476e-10
01050102924,010-5010-2924,"one digit, middle group",-7.471161114272319e-11,12,-9.896380758091026e-11
01050102924,010-5010-2924,"one digit, middle group",-7.471161114272319e-11,13,9.08974296117273e-11
01050102924,010-5010-2924,"one digit, middle group",-7.471161114272319e-11,14,-9.267233321695209e-12
01050102924,010-5010-2924,"one digit, middle group",-7.471161114272319e-11,15,-1.9141764881255663e-11
01050102924,010-5010-2924,"one digit, middle group",-7.471161114272319e-11,16,-7.90446400752652e-11
01050102924,010-5010-2924,"one digit, middle group",-7.471161114272319e-11,17,3.197159794836377e-10
01050102924,010-5010-2924,"one digit, middle group",-7.471161114272319e-11,18,-1.3847044762712297e-12
01050102924,010-5010-2924,"one digit, middle group",-7.471161114272319e-11,19,-9.644207613219082e-11
01050102924,010-5010-2924,"one digit, middle group",-7.471161114272319e-11,20,1.1586223735793235e-10
01050102924,010-5010-2924,"one digit, middle group",-7.471161114272319e-11,21,-2.002262338196909e-10
01050102924,010-5010-2924,"one digit, middle group",-7.471161114272319e-11,22,-1.8611359262978148e-10
01050102924,010-5010-2924,"one digit, middle group",-7.471161114272319e-11,23,1.52094365406136e-11
01050102924,010-5010-2924,"one digit, middle group",-7.471161114272319e-11,24,1.386385678018616e-10
01050102924,010-5010-2924,"one digit, middle group",-7.471161114272319e-11,25,1.0322643922631675e-10
01050102924,010-5010-2924,"one digit, middle group",-7.471161114272319e-11,26,-2.6114553734896214e-10
01050102924,010-5010-2924,"one digit, middle group",-7.471161114272319e-11,27,-1.3402265474780598e-10
01050102924,010-5010-2924,"one digit, middle group",-7.471161114272319e-11,28,8.590784282656431e-11
01050102924,010-5010-2924,"one digit, middle group",-7.471161114272319e-11,29,5.5238292014318914e-11
01050102924,010-5010-2924,"one digit, middle group",-7.471161114272319e-11,30,7.181942987931308e-11
01050102924,010-5010-2924,"one digit, middle group",-7.471161114272319e-11,31,-1.8228070353314821e-10
01050102924,010-5010-2924,"one digit, middle group",-7.471161114272319e-11,32,1.6214182600263548e-10
01050102924,010-5010-2924,"one digit, middle group",-7.471161114272319e-11,33,-2.690989255749987e-10
01050102924,010-5010-2924,"one digit, middle group",-7.471161114272319e-11,34,8.97329148476279e-11
01050102924,010-5010-2924,"one digit, middle group",-7.471161114272319e-11,35,6.402069652357607e-11
01050102924,010-5010-2924,"one digit, middle group",-7.471161114272319e-11,36,-2.823482765834972e-11
01050102924,010-5010-2924,"one digit, middle group",-7.471161114272319e-11,37,-2.2746709454705818e-10
01050102924,010-5010-2924,"one digit, middle group",-7.471161114272319e-11,38,-3.2219246445215305e-11
01050102924,010-5010-2924,"one digit, middle group",-7.471161114272319e-11,39,1.769992474688904e-10
01050102924,010-5010-2924,"one digit, middle group",-7.471161114272319e-11,40,-4.090695607800374e-10
01050102924,010-5010-2924,"one digit, middle group",-7.471161114272319e-11,41,1.0143734393253448e-10
01050102924,010-5010-2924,"one digit, middle group",-7.471161114272319e-11,42,2.3304642515630755e-11
01050102924,010-5010-2924,"one digit, middle group",-7.471161114272319e-11,43,-3.1021375950754067e-12
01050102924,010-5010-2924,"one digit, middle group",-7.471161114272319e-11,44,8.213966586282484e-11
01050102924,010-5010-2924,"one digit, middle group",-7.471161114272319e-11,45,1.0513484356294895e-10
01050102924,010-5010-2924,"one digit, middle group",-7.471161114272319e-11,46,-4.932377426088007e-11
01050102924,010-5010-2924,"one digit, middle group",-7.471161114272319e-11,47,-2.2788489245620588e-11
01050102924,010-5010-2924,"one digit, middle group",-7.471161114272319e-11,48,1.9052052551938734e-10
01050102924,010-5010-2924,"one digit, middle group",-7.471161114272319e-11,49,-3.3206998011267377e-10
01050102924,010-5010-2924,"one digit, middle group",-7.471161114272319e-11,50,1.4418135155167195e-13
01050102924,010-5010-2924,"one digit, middle group",-7.471161114272319e-11,51,1.691363450338107e-11
01050102924,010-5010-2924,"one digit, middle group",-7.471161114272319e-11,52,-1.437039654747607e-10
01050102924,010-5010-2924,"one digit, middle group",-7.471161114272319e-11,53,8.231533277042185e-12
01050102924,010-5010-2924,"one digit, middle group",-7.471161114272319e-11,54,-9.527217304645907e-11
01050102924,010-5010-2924,"one digit, middle group",-7.471161114272319e-11,55,1.7398156424686652e-10
01050102924,010-5010-2924,"one digit, middle group",-7.471161114272319e-11,56,-2.5064255159752586e-10
01050102924,010-5010-2924,"one digit, middle group",-7.471161114272319e-11,57,2.1955006186597568e-11
01050102924,010-5010-2924,"one digit, middle group",-7.471161114272319e-11,58,-9.006522430254983e-12
01050102924,010-5010-2924,"one digit, middle group",-7.471161114272319e-11,59,1.108881229347989e-10
01050102924,010-5010-2924,"one digit, middle group",-7.471161114272319e-11,60,1.781609185888547e-10
01050102924,010-5010-2924,"one digit, middle group",-7.471161114272319e-11,61,2.3319312490591904e-11
01050102924,010-5010-2924,"one digit, middle group",-7.471161114272319e-11,62,-9.21820827987075e-11
01050102924,010-5010-2924,"one digit, middle group",-7.471161114272319e-11,63,-3.1975876578727553e-10
01050102924,010-5010-2924,"one digit, middle group",-7.471161114272319e-11,64,-8.616652184761236e-11
01050102924,010-5010-2924,"one digit, middle group",-7.471161114272319e-11,65,-1.71575430717587e-11
01050102924,010-5010-2924,"one digit, middle group",-7.471161114272319e-11,66,1.9736006696476112e-10
01050102924,010-5010-2924,"one digit, middle group",-7.471161114272319e-11,67,-1.03353321710762e-10
01050102924,010-5010-2924,"one digit, middle group",-7.471161114272319e-11,68,-1.660771792315613e-10
01050102924,010-5010-2924,"one digit, middle group",-7.471161114272319e-11,69,-6.184638605429605e-11
01050102924,010-5010-2924,"one digit, middle group",-7.471161114272319e-11,70,-4.736492703280121e-11
01050102924,010-5010-2924,"one digit, middle group",-7.471161114272319e-11,71,1.2997731238861726e-10
01050102924,010-5010-2924,"one digit, middle group",-7.471161114272319e-11,72,3.6933820873197035e-11
01050102924,010-5010-2924,"one digit, middle group",-7.471161114272319e-11,73,-8.989520292749717e-12
01050102924,010-5010-2924,"one digit, middle group",-7.471161114272319e-11,74,-5.0202398845814116e-11
01050102924,010-5010-2924,"one digit, middle group",-7.471161114272319e-11,75,-1.2833924062111154e-10
01050102924,010-5010-2924,"one digit, middle group",-7.471161114272319e-11,76,-8.044278878463449e-11
01050102924,010-5010-2924,"one digit, middle group",-7.471161114272319e-11,77,-2.4227950649604816e-11
01050102924,010-5010-2924,"one digit, middle group",-7.471161114272319e-11,78,7.029093997252053e-10
01050102924,010-5010-2924,"one digit, middle group",-7.471161114272319e-11,79,-4.0056058171949835e-11
01050102924,010-5010-2924,"one digit, middle group",-7.471161114272319e-11,80,-2.0480989387646923e-10
01050102924,010-5010-2924,"one digit, middle group",-7.471161114272319e-11,81,2.3965563208352714e-10
01050102924,010-5010-2924,"one digit, middle group",-7.471161114272319e-11,82,7.281238064427825e-12
01050102924,010-5010-2924,"one digit, middle group",-7.471161114272319e-11,83,3.7725123607970155e-11
01050102924,010-5010-2924,"one digit, middle group",-7.471161114272319e-11,84,-1.606349390731636e-11
01050102924,010-5010-2924,"one digit, middle group",-7.471161114272319e-11,85,1.7212506001842713e-11
01050102924,010-5010-2924,"one digit, middle group",-7.471161114272319e-11,86,1.2720574006882524e-10
01050102924,010-5010-2924,"one digit, middle group",-7.471161114272319e-11,87,-4.886266206703403e-11
01050102924,010-5010-2924,"one digit, middle group",-7.471161114272319e-11,88,1.0112161713704875e-10
01050102924,010-5010-2924,"one digit, middle group",-7.471161114272319e-11,89,-3.809422437961143e-11
01050102924,010-5010-2924,"one digit, middle group",-7.471161114272319e-11,90,6.147525299153711e-11
01050102924,010-5010-2924,"one digit, middle group",-7.471161114272319e-11,91,-2.5756074471957564e-10
01050102924,010-5010-2924,"one digit, middle group",-7.471161114272319e-11,92,4.2197258182271663e-10
01050102924,010-5010-2924,"one digit, middle group",-7.471161114272319e-11,93,1.2087583536848808e-10
01050102924,010-5010-2924,"one digit, middle group",-7.471161114272319e-11,94,-4.4298438941464786e-11
01050102924,010-5010-2924,"one digit, middle group",-7.471161114272319e-11,95,2.141016006277221e-10
01050102924,010-5010-2924,"one digit, middle group",-7.471161114272319e-11,96,-9.687007113392914e-11
01050102924,010-5010-2924,"one digit, middle group",-7.471161114272319e-11,97,-2.117653650667373e-10
01050102924,010-5010-2924,"one digit, middle group",-7.471161114272319e-11,98,-1.8737389026808562e-10
01050102924,010-5010-2924,"one digit, middle group",-7.471161114272319e-11,99,3.592717416258477e-11
01050102924,010-5010-2924,"one digit, middle group",-7.471161114272319e-11,100,2.0254271085997334e-10
01050102924,010-5010-2924,"one digit, middle group",-7.471161114272319e-11,101,2.179001261810561e-10
01050102924,010-5010-2924,"one digit, middle group",-7.471161114272319e-11,102,-1.485620101822951e-10
01050102924,010-5010-2924,"one digit, middle group",-7.471161114272319e-11,103,-2.79986184620566e-10
01050102924,010-5010-2924,"one digit, middle group",-7.471161114272319e-11,104,-6.303510009641295e-11
01050102924,010-5010-2924,"one digit, middle group",-7.471161114272319e-11,105,4.53431011568527e-12
01050102924,010-5010-2924,"one digit, middle group",-7.471161114272319e-11,106,1.3282182805298367e-10
01050102924,010-5010-2924,"one digit, middle group",-7.471161114272319e-11,107,-1.4120959891835754e-11
01050102924,010-5010-2924,"one digit, middle group",-7.471161114272319e-11,108,1.2737527609780562e-10
01050102924,010-5010-2924,"one digit, middle group",-7.471161114272319e-11,109,-1.2468733297776646e-10
01050102924,010-5010-2924,"one digit, middle group",-7.471161114272319e-11,110,-2.3817998087781907e-10
01050102924,010-5010-2924,"one digit, middle group",-7.471161114272319e-11,111,8.45837987904419e-11
01050102924,010-5010-2924,"one digit, middle group",-7.471161114272319e-11,112,4.883962208883081e-10
01050102924,010-5010-2924,"one digit, middle group",-7.471161114272319e-11,113,-1.1968206802447117e-11
01050102924,010-5010-2924,"one digit, middle group",-7.471161114272319e-11,114,3.173429485087056e-10
01050102924,010-5010-2924,"one digit, middle group",-7.471161114272319e-11,115,-1.7935148046009087e-13
01050102924,010-5010-2924,"one digit, middle group",-7.471161114272319e-11,116,1.256351952313241e-10
01050102924,010-5010-2924,"one digit, middle group",-7.471161114272319e-11,117,-9.420462075840856e-11
01050102924,010-5010-2924,"one digit, middle group",-7.471161114272319e-11,118,1.6758007454935422e-11
01050102924,010-5010-2924,"one digit, middle group",-7.471161114272319e-11,119,-7.822132808017787e-11
01050102924,010-5010-2924,"one digit, middle group",-7.471161114272319e-11,120,-6.306654509225955e-11
01050102924,010-5010-2924,"one digit, middle group",-7.471161114272319e-11,121,-3.200326547226789e-11
01050102924,010-5010-2924,"one digit, middle group",-7.471161114272319e-11,122,1.7928842960453404e-10
01050102924,010-5010-2924,"one digit, middle group",-7.471161114272319e-11,123,-7.179920441869534e-12
01050102924,010-5010-2924,"one digit, middle group",-7.471161114272319e-11,124,3.040494647215662e-10
01050102924,010-5010-2924,"one digit, middle group",-7.471161114272319e-11,125,-3.6201372707004773e-10
01050102924,010-5010-2924,"one digit, middle group",-7.471161114272319e-11,126,5.293927294362154e-11
01050102924,010-5010-2924,"one digit, middle group",-7.471161114272319e-11,127,-2.2785235812419377e-10
01050102924,010-5010-2924,"one digit, middle group",-7.471161114272319e-11,128,1.7039525759739806e-11
01050102924,010-5010-2924,"one digit, middle group",-7.471161114272319e-11,129,-2.1368953885398808e-11
01050102924,010-5010-2924,"one digit, middle group",-7.471161114272319e-11,130,-3.4609629067403726e-11
01050102924,010-5010-2924,"one digit, middle group",-7.471161114272319e-11,131,-1.85911091060253e-10
01050102924,010-5010-2924,"one digit, middle group",-7.471161114272319e-11,132,-1.1255868723049995e-10
01050102924,010-5010-2924,"one digit, middle group",-7.471161114272319e-11,133,-3.2165736555582293e-10
01050102924,010-5010-2924,"one digit, middle group",-7.471161114272319e-11,134,1.07802613060411e-11
01050102924,010-5010-2924,"one digit, middle group",-7.471161114272319e-11,135,2.0016231169200075e-10
01050102924,010-5010-2924,"one digit, middle group",-7.471161114272319e-11,136,-2.8950677790079472e-11
01050102924,010-5010-2924,"one digit, middle group",-7.471161114272319e-11,137,-6.407864505331483e-11
01050102924,010-5010-2924,"one digit, middle group",-7.471161114272319e-11,138,4.461780060223693e-11
01050102924,010-5010-2924,"one digit, middle group",-7.471161114272319e-11,139,1.0020556722909389e-10
01050102924,010-5010-2924,"one digit, middle group",-7.471161114272319e-11,140,-1.940222537258635e-10
01050102924,010-5010-2924,"one digit, middle group",-7.471161114272319e-11,141,2.0039420221179926e-10
01050102924,010-5010-2924,"one digit, middle group",-7.471161114272319e-11,142,8.188787716498437e-09
01050102924,010-5010-2924,"one digit, middle group",-7.471161114272319e-11,143,-3.8752796923398755e-09
01050102924,010-5010-2924,"one digit, middle group",-7.471161114272319e-11,144,-1.4418855823787753e-10
01050102924,010-5010-2924,"one digit, middle group",-7.471161114272319e-11,145,5.5445671877231925e-09
01050102924,010-5010-2924,"one digit, middle group",-7.471161114272319e-11,146,-6.596945383909969e-09
01050102924,010-5010-2924,"one digit, middle group",-7.471161114272319e-11,147,7.157184211568067e-11
01050102924,010-5010-2924,"one digit, middle group",-7.471161114272319e-11,148,3.337616358921068e-09
01050102924,010-5010-2924,"one digit, middle group",-7.471161114272319e-11,149,-9.488573211983292e-09
01050102924,010-5010-2924,"one digit, middle group",-7.471161114272319e-11,150,-2.347761528568762e-10
01050102924,010-5010-2924,"one digit, middle group",-7.471161114272319e-11,151,-1.450127687506415e-10
01050102924,010-5010-2924,"one digit, middle group",-7.471161114272319e-11,152,-1.1674205029878445e-10
01050102924,010-5010-2924,"one digit, middle group",-7.471161114272319e-11,153,-5.3110086678850426e-11
01050102924,010-5010-2924,"one digit, middle group",-7.471161114272319e-11,154,2.9099549070821562e-11
01050102924,010-5010-2924,"one digit, middle group",-7.471161114272319e-11,155,-1.4152194511278938e-10
01050102924,010-5010-2924,"one digit, middle group",-7.471161114272319e-11,156,2.8952170825530802e-09
01050102924,010-5010-2924,"one digit, middle group",-7.471161114272319e-11,157,9.700522975928273e-11
01050102924,010-5010-2924,"one digit, middle group",-7.471161114272319e-11,158,-1.2554466946831517e-10
01050102924,010-5010-2924,"one digit, middle group",-7.471161114272319e-11,159,1.8401882576229418e-12
01050102924,010-5010-2924,"one digit, middle group",-7.471161114272319e-11,160,9.312866927789625e-10
01050102924,010-5010-2924,"one digit, middle group",-7.471161114272319e-11,161,-1.6638297360155365e-11
01050102924,010-5010-2924,"one digit, middle group",-7.471161114272319e-11,162,-1.1649228579366646e-11
01050102924,010-5010-2924,"one digit, middle group",-7.471161114272319e-11,163,-7.78282070780453e-10
01050102924,010-5010-2924,"one digit, middle group",-7.471161114272319e-11,164,-7.17892136558033e-09
01050102924,010-5010-2924,"one digit, middle group",-7.471161114272319e-11,165,9.000832052815416e-11
01050102924,010-5010-2924,"one digit, middle group",-7.471161114272319e-11,166,3.798279589034619e-11
01050102924,010-5010-2924,"one digit, middle group",-7.471161114272319e-11,167,3.0267081850173735e-10
01050102924,010-5010-2924,"one digit, middle group",-7.471161114272319e-11,168,9.116777963407486e-11
01050102924,010-5010-2924,"one digit, middle group",-7.471161114272319e-11,169,-1.1984799773848602e-10
01050102924,010-5010-2924,"one digit, middle group",-7.471161114272319e-11,170,-4.249399098786147e-11
01050102924,010-5010-2924,"one digit, middle group",-7.471161114272319e-11,171,6.021891598346536e-11
01050102924,010-5010-2924,"one digit, middle group",-7.471161114272319e-11,172,5.105269001662887e-11
01050102924,010-5010-2924,"one digit, middle group",-7.471161114272319e-11,173,8.972331083853138e-12
01050102924,010-5010-2924,"one digit, middle group",-7.471161114272319e-11,174,-3.182849653854149e-11
01050102924,010-5010-2924,"one digit, middle group",-7.471161114272319e-11,175,-2.0283598481497624e-10
01050102924,010-5010-2924,"one digit, middle group",-7.471161114272319e-11,176,6.419262184249568e-11
01050102924,010-5010-2924,"one digit, middle group",-7.471161114272319e-11,177,8.043930158265022e-12
01050102924,010-5010-2924,"one digit, middle group",-7.471161114272319e-11,178,-1.213714396661105e-10
01050102924,010-5010-2924,"one digit, middle group",-7.471161114272319e-11,179,3.0495647953396617e-10
01050102924,010-5010-2924,"one digit, middle group",-7.471161114272319e-11,180,2.9067989268592514e-10
01050102924,010-5010-2924,"one digit, middle group",-7.471161114272319e-11,181,6.188237562227118e-12
01050102924,010-5010-2924,"one digit, middle group",-7.471161114272319e-11,182,-2.731362683081182e-10
01050102924,010-5010-2924,"one digit, middle group",-7.471161114272319e-11,183,1.21502788974354e-10
01050102924,010-5010-2924,"one digit, middle group",-7.471161114272319e-11,184,2.473304549013048e-11
01050102924,010-5010-2924,"one digit, middle group",-7.471161114272319e-11,185,9.323170899426117e-11
01050102924,010-5010-2924,"one digit, middle group",-7.471161114272319e-11,186,2.1098742819907565e-10
01050102924,010-5010-2924,"one digit, middle group",-7.471161114272319e-11,187,-7.710639275007651e-12
01050102924,010-5010-2924,"one digit, middle group",-7.471161114272319e-11,188,-8.763343043968342e-11
01050102924,010-5010-2924,"one digit, middle group",-7.471161114272319e-11,189,3.2945475410835645e-11
01050102924,010-5010-2924,"one digit, middle group",-7.471161114272319e-11,190,1.2787576603222357e-10
01050102924,010-5010-2924,"one digit, middle group",-7.471161114272319e-11,191,-1.8099449964557689e-12
01050102924,010-5010-2924,"one digit, middle group",-7.471161114272319e-11,192,1.6134170481649544e-10
01050102924,010-5010-2924,"one digit, middle group",-7.471161114272319e-11,193,1.0546586137660713e-10
01050102924,010-5010-2924,"one digit, middle group",-7.471161114272319e-11,194,1.0739275864223216e-11
01050102924,010-5010-2924,"one digit, middle group",-7.471161114272319e-11,195,-2.7701711413347817e-10
01050102924,010-5010-2924,"one digit, middle group",-7.471161114272319e-11,196,1.0229073351059226e-10
01050102924,010-5010-2924,"one digit, middle group",-7.471161114272319e-11,197,2.0020301715284984e-10
01050102924,010-5010-2924,"one digit, middle group",-7.471161114272319e-11,198,-1.3720819404834986e-10
01050102924,010-5010-2924,"one digit, middle group",-7.471161114272319e-11,199,-1.1169985549418521e-09
01050102924,010-5010-2924,"one digit, middle group",-7.471161114272319e-11,200,1.0030384828957557e-11
01050102924,010-5010-2924,"one digit, middle group",-7.471161114272319e-11,201,1.7318326073936106e-11
01050102924,010-5010-2924,"one digit, middle group",-7.471161114272319e-11,202,-1.2006674253058257e-10
01050102924,010-5010-2924,"one digit, middle group",-7.471161114272319e-11,203,4.111277986679253e-11
01011112222,010-1111-2222,not in the log,1.3819680582195643e-10,0,9.302123267325448e-11
01011112222,010-1111-2222,not in the log,1.3819680582195643e-10,1,5.587138823861344e-11
01011112222,010-1111-2222,not in the log,1.3819680582195643e-10,2,7.799196726067329e-11
01011112222,010-1111-2222,not in the log,1.3819680582195643e-10,3,2.8482336432083996e-11
01011112222,010-1111-2222,not in the log,1.3819680582195643e-10,4,4.940149242446439e-11
01011112222,010-1111-2222,not in the log,1.3819680582195643e-10,5,5.877212109683967e-11
01011112222,010-1111-2222,not in the log,1.3819680582195643e-10,6,2.699204609804663e-12
01011112222,010-1111-2222,not in the log,1.3819680582195643e-10,7,8.589075046362907e-11
01011112222,010-1111-2222,not in the log,1.3819680582195643e-10,8,1.6465730697515344e-10
01011112222,010-1111-2222,not in the log,1.3819680582195643e-10,9,-6.166052754686244e-12
01011112222,010-1111-2222,not in the log,1.3819680582195643e-10,10,9.15896150220889e-13
01011112222,010-1111-2222,not in the log,1.3819680582195643e-10,11,1.0189711350639975e-10
01011112222,010-1111-2222,not in the log,1.3819680582195643e-10,12,1.904181517657152e-10
01011112222,010-1111-2222,not in the log,1.3819680582195643e-10,13,1.2590624847705118e-10
01011112222,010-1111-2222,not in the log,1.3819680582195643e-10,14,-5.986906203827107e-12
01011112222,010-1111-2222,not in the log,1.3819680582195643e-10,15,2.0031499625917333e-11
01011112222,010-1111-2222,not in the log,1.3819680582195643e-10,16,1.0705029994440889e-10
01011112222,010-1111-2222,not in the log,1.3819680582195643e-10,17,2.2806332417908886e-10
01011112222,010-1111-2222,not in the log,1.3819680582195643e-10,18,-1.9302111819749905e-14
01011112222,010-1111-2222,not in the log,1.3819680582195643e-10,19,-4.5064073483600576e-12
01011112222,010-1111-2222,not in the log,1.3819680582195643e-10,20,-1.16903632518139e-10
01011112222,010-1111-2222,not in the log,1.3819680582195643e-10,21,-1.4660171138234085e-10
01011112222,010-1111-2222,not in the log,1.3819680582195643e-10,22,-2.100818875426442e-10
01011112222,010-1111-2222,not in the log,1.3819680582195643e-10,23,1.0218039679943798e-10
01011112222,010-1111-2222,not in the log,1.3819680582195643e-10,24,1.1050992170072487e-10
01011112222,010-1111-2222,not in the log,1.3819680582195643e-10,25,-6.121033340692134e-11
01011112222,010-1111-2222,not in the log,1.3819680582195643e-10,26,-2.699930268289755e-10
01011112222,010-1111-2222,not in the log,1.3819680582195643e-10,27,9.436751880056499e-12
01011112222,010-1111-2222,not in the log,1.3819680582195643e-10,28,1.8729777672700638e-10
01011112222,010-1111-2222,not in the log,1.3819680582195643e-10,29,4.041350949349516e-11
01011112222,010-1111-2222,not in the log,1.3819680582195643e-10,30,-3.396341078235957e-11
01011112222,010-1111-2222,not in the log,1.3819680582195643e-10,31,1.311216511757202e-10
01011112222,010-1111-2222,not in the log,1.3819680582195643e-10,32,6.052730700524597e-10
01011112222,010-1111-2222,not in the log,1.3819680582195643e-10,33,2.0106596674170222e-10
01011112222,010-1111-2222,not in the log,1.3819680582195643e-10,34,-1.0106700047639365e-10
01011112222,010-1111-2222,not in the log,1.3819680582195643e-10,35,-4.6146047907221726e-11
01011112222,010-1111-2222,not in the log,1.3819680582195643e-10,36,-8.006784717305641e-11
01011112222,010-1111-2222,not in the log,1.3819680582195643e-10,37,1.2211537470568595e-10
01011112222,010-1111-2222,not in the log,1.3819680582195643e-10,38,-3.4788460113390106e-11
01011112222,010-1111-2222,not in the log,1.3819680582195643e-10,39,1.0444234812986859e-10
01011112222,010-1111-2222,not in the log,1.3819680582195643e-10,40,-3.8601949586626485e-10
01011112222,010-1111-2222,not in the log,1.3819680582195643e-10,41,-3.1165837810275227e-11
01011112222,010-1111-2222,not in the log,1.3819680582195643e-10,42,9.279963837658859e-12
01011112222,010-1111-2222,not in the log,1.3819680582195643e-10,43,6.643802895090629e-11
01011112222,010-1111-2222,not in the log,1.3819680582195643e-10,44,-5.848192207104867e-12
01011112222,010-1111-2222,not in the log,1.3819680582195643e-10,45,4.014983003434851e-11
01011112222,010-1111-2222,not in the log,1.3819680582195643e-10,46,1.1057902126672461e-10
01011112222,010-1111-2222,not in the log,1.3819680582195643e-10,47,-1.0922786042874758e-10
01011112222,010-1111-2222,not in the log,1.3819680582195643e-10,48,-1.193560352626182e-10
01011112222,010-1111-2222,not in the log,1.3819680582195643e-10,49,1.929011286706264e-10
01011112222,010-1111-2222,not in the log,1.3819680582195643e-10,50,-7.676541716271061e-11
01011112222,010-1111-2222,not in the log,1.3819680582195643e-10,51,-1.0332990836779068e-10
01011112222,010-1111-2222,not in the log,1.3819680582195643e-10,52,4.5270620624220164e-11
01011112222,010-1111-2222,not in the log,1.3819680582195643e-10,53,9.87108231783485e-12
01011112222,010-1111-2222,not in the log,1.3819680582195643e-10,54,-7.137505732256544e-11
01011112222,010-1111-2222,not in the log,1.3819680582195643e-10,55,7.7832502989331e-11
01011112222,010-1111-2222,not in the log,1.3819680582195643e-10,56,2.355293556102881e-10
01011112222,010-1111-2222,not in the log,1.3819680582195643e-10,57,1.3134890571533823e-11
01011112222,010-1111-2222,not in the log,1.3819680582195643e-10,58,-8.448841545254216e-11
01011112222,010-1111-2222,not in the log,1.3819680582195643e-10,59,-9.181785613437973e-11
01011112222,010-1111-2222,not in the log,1.3819680582195643e-10,60,1.4682086787547732e-10
01011112222,010-1111-2222,not in the log,1.3819680582195643e-10,61,-5.3190276229952155e-11
01011112222,010-1111-2222,not in the log,1.3819680582195643e-10,62,1.812773693268763e-10
01011112222,010-1111-2222,not in the log,1.3819680582195643e-10,63,-5.4711764686378744e-11
01011112222,010-1111-2222,not in the log,1.3819680582195643e-10,64,-6.203703471422855e-11
01011112222,010-1111-2222,not in the log,1.3819680582195643e-10,65,2.225167415643164e-11
01011112222,010-1111-2222,not in the log,1.3819680582195643e-10,66,-4.128014012030851e-10
01011112222,010-1111-2222,not in the log,1.3819680582195643e-10,67,8.953983260788808e-11
01011112222,010-1111-2222,not in the log,1.3819680582195643e-10,68,9.963472732941738e-11
01011112222,010-1111-2222,not in the log,1.3819680582195643e-10,69,4.169048968359349e-10
01011112222,010-1111-2222,not in the log,1.3819680582195643e-10,70,1.300752265477143e-10
01011112222,010-1111-2222,not in the log,1.3819680582195643e-10,71,-1.271107204368922e-10
01011112222,010-1111-2222,not in the log,1.3819680582195643e-10,72,-3.5878027281380014e-11
01011112222,010-1111-2222,not in the log,1.3819680582195643e-10,73,-1.1392770055652846e-11
01011112222,010-1111-2222,not in the log,1.3819680582195643e-10,74,-2.7999525871802432e-11
01011112222,010-1111-2222,not in the log,1.3819680582195643e-10,75,-2.68208117175828e-11
01011112222,010-1111-2222,not in the log,1.3819680582195643e-10,76,-2.395898150457549e-12
01011112222,010-1111-2222,not in the log,1.3819680582195643e-10,77,3.088636244285702e-11
01011112222,010-1111-2222,not in the log,1.3819680582195643e-10,78,1.6937137095638566e-10
01011112222,010-1111-2222,not in the log,1.3819680582195643e-10,79,-2.2014543876127024e-11
01011112222,010-1111-2222,not in the log,1.3819680582195643e-10,80,8.035867008276784e-11
01011112222,010-1111-2222,not in the log,1.3819680582195643e-10,81,-5.257519973778142e-11
01011112222,010-1111-2222,not in the log,1.3819680582195643e-10,82,1.7983164841121654e-10
01011112222,010-1111-2222,not in the log,1.3819680582195643e-10,83,1.2580050474506494e-11
01011112222,010-1111-2222,not in the log,1.3819680582195643e-10,84,6.263735840279894e-11
01011112222,010-1111-2222,not in the log,1.3819680582195643e-10,85,-1.5281389060051198e-12
01011112222,010-1111-2222,not in the log,1.3819680582195643e-10,86,-6.234844890731741e-10
01011112222,010-1111-2222,not in the log,1.3819680582195643e-10,87,1.6520616858167068e-11
01011112222,010-1111-2222,not in the log,1.3819680582195643e-10,88,1.7051818443860113e-11
01011112222,010-1111-2222,not in the log,1.3819680582195643e-10,89,-4.0593441771468216e-11
01011112222,010-1111-2222,not in the log,1.3819680582195643e-10,90,2.3091807550644867e-10
01011112222,010-1111-2222,not in the log,1.3819680582195643e-10,91,-2.3734521371309856e-10
01011112222,010-1111-2222,not in the log,1.3819680582195643e-10,92,3.108482612127036e-10
01011112222,010-1111-2222,not in the log,1.3819680582195643e-10,93,-3.883167653651236e-11
01011112222,010-1111-2222,not in the log,1.3819680582195643e-10,94,-7.540986152367792e-11
01011112222,010-1111-2222,not in the log,1.3819680582195643e-10,95,3.202898935755155e-10
01011112222,010-1111-2222,not in the log,1.3819680582195643e-10,96,2.1891082939584364e-10
01011112222,010-1111-2222,not in the log,1.3819680582195643e-10,97,1.0607614139034979e-10
01011112222,010-1111-2222,not in the log,1.3819680582195643e-10,98,-6.059576833839e-11
01011112222,010-1111-2222,not in the log,1.3819680582195643e-10,99,-7.499581998262054e-11
01011112222,010-1111-2222,not in the log,1.3819680582195643e-10,100,-2.9453621467640104e-10
01011112222,010-1111-2222,not in the log,1.3819680582195643e-10,101,3.0882633016297365e-10
01011112222,010-1111-2222,not in the log,1.3819680582195643e-10,102,2.753611548059376e-10
01011112222,010-1111-2222,not in the log,1.3819680582195643e-10,103,-2.0198145346140882e-11
01011112222,010-1111-2222,not in the log,1.3819680582195643e-10,104,-1.5940075552170854e-10
01011112222,010-1111-2222,not in the log,1.3819680582195643e-10,105,-5.655248577501794e-11
01011112222,010-1111-2222,not in the log,1.3819680582195643e-10,106,-5.358723371847478e-12
01011112222,010-1111-2222,not in the log,1.3819680582195643e-10,107,-3.64893679186593e-11
01011112222,010-1111-2222,not in the log,1.3819680582195643e-10,108,-4.7882401103286686e-11
01011112222,010-1111-2222,not in the log,1.3819680582195643e-10,109,-1.1206505836793247e-11
01011112222,010-1111-2222,not in the log,1.3819680582195643e-10,110,-1.5265602590843257e-11
01011112222,010-1111-2222,not in the log,1.3819680582195643e-10,111,-1.2527453537384338e-10
01011112222,010-1111-2222,not in the log,1.3819680582195643e-10,112,-1.0423634457574298e-10
01011112222,010-1111-2222,not in the log,1.3819680582195643e-10,113,-2.792032884699425e-13
01011112222,010-1111-2222,not in the log,1.3819680582195643e-10,114,2.466026172342942e-11
01011112222,010-1111-2222,not in the log,1.3819680582195643e-10,115,7.073192439770226e-12
01011112222,010-1111-2222,not in the log,1.3819680582195643e-10,116,-1.20733845762821e-10
01011112222,010-1111-2222,not in the log,1.3819680582195643e-10,117,1.5951636532267106e-10
01011112222,010-1111-2222,not in the log,1.3819680582195643e-10,118,9.294555556883974e-12
01011112222,010-1111-2222,not in the log,1.3819680582195643e-10,119,3.849977768813121e-10
01011112222,010-1111-2222,not in the log,1.3819680582195643e-10,120,-6.921202741694233e-13
01011112222,010-1111-2222,not in the log,1.3819680582195643e-10,121,9.60201038314659e-11
01011112222,010-1111-2222,not in the log,1.3819680582195643e-10,122,-1.7410913620975354e-11
01011112222,010-1111-2222,not in the log,1.3819680582195643e-10,123,-1.1138558118523816e-11
01011112222,010-1111-2222,not in the log,1.3819680582195643e-10,124,1.088714736996432e-10
01011112222,010-1111-2222,not in the log,1.3819680582195643e-10,125,-1.9924209793401824e-10
01011112222,010-1111-2222,not in the log,1.3819680582195643e-10,126,-5.6485866719359386e-11
01011112222,010-1111-2222,not in the log,1.3819680582195643e-10,127,-3.9823810875289254e-10
01011112222,010-1111-2222,not in the log,1.3819680582195643e-10,128,-3.1932369411240807e-12
01011112222,010-1111-2222,not in the log,1.3819680582195643e-10,129,-7.332509920943687e-11
01011112222,010-1111-2222,not in the log,1.3819680582195643e-10,130,-7.28120279606411e-11
01011112222,010-1111-2222,not in the log,1.3819680582195643e-10,131,-1.0365843750960442e-10
01011112222,010-1111-2222,not in the log,1.3819680582195643e-10,132,-6.409357872668232e-11
01011112222,010-1111-2222,not in the log,1.3819680582195643e-10,133,2.0524753025989454e-11
01011112222,010-1111-2222,not in the log,1.3819680582195643e-10,134,9.991310899175057e-11
01011112222,010-1111-2222,not in the log,1.3819680582195643e-10,135,-2.0750815217741616e-10
01011112222,010-1111-2222,not in the log,1.3819680582195643e-10,136,-9.562823765249534e-12
01011112222,010-1111-2222,not in the log,1.3819680582195643e-10,137,7.075334636012694e-11
01011112222,010-1111-2222,not in the log,1.3819680582195643e-10,138,1.4447440340791642e-10
01011112222,010-1111-2222,not in the log,1.3819680582195643e-10,139,1.7034415596579112e-11
01011112222,010-1111-2222,not in the log,1.3819680582195643e-10,140,1.1644077556964713e-10
01011112222,010-1111-2222,not in the log,1.3819680582195643e-10,141,2.678125684001847e-10
01011112222,010-1111-2222,not in the log,1.3819680582195643e-10,142,2.363429491292738e-11
01011112222,010-1111-2222,not in the log,1.3819680582195643e-10,143,2.544887869772409e-10
01011112222,010-1111-2222,not in the log,1.3819680582195643e-10,144,-1.5343641544531144e-10
01011112222,010-1111-2222,not in the log,1.3819680582195643e-10,145,-8.161280127546007e-11
01011112222,010-1111-2222,not in the log,1.3819680582195643e-10,146,-1.5871840137706004e-10
01011112222,010-1111-2222,not in the log,1.3819680582195643e-10,147,-7.530321339510027e-11
01011112222,010-1111-2222,not in the log,1.3819680582195643e-10,148,1.7078419837757348e-10
01011112222,010-1111-2222,not in the log,1.3819680582195643e-10,149,2.961812775531972e-10
01011112222,010-1111-2222,not in the log,1.3819680582195643e-10,150,2.827317829364314e-10
01011112222,010-1111-2222,not in the log,1.3819680582195643e-10,151,1.1329617731629609e-10
01011112222,010-1111-2222,not in the log,1.3819680582195643e-10,152,2.373857580984496e-10
01011112222,010-1111-2222,not in the log,1.3819680582195643e-10,153,2.072560976618177e-11
01011112222,010-1111-2222,not in the log,1.3819680582195643e-10,154,4.266907540698391e-11
01011112222,010-1111-2222,not in the log,1.3819680582195643e-10,155,8.947638133230121e-11
01011112222,010-1111-2222,not in the log,1.3819680582195643e-10,156,-9.441799934811848e-11
01011112222,010-1111-2222,not in the log,1.3819680582195643e-10,157,-6.637665003274555e-12
01011112222,010-1111-2222,not in the log,1.3819680582195643e-10,158,-1.7796846982901294e-10
01011112222,010-1111-2222,not in the log,1.3819680582195643e-10,159,-1.7054913992508046e-11
01011112222,010-1111-2222,not in the log,1.3819680582195643e-10,160,1.5925528199187332e-10
01011112222,010-1111-2222,not in the log,1.3819680582195643e-10,161,8.532967836220623e-11
01011112222,010-1111-2222,not in the log,1.3819680582195643e-10,162,-4.583023106208877e-11
01011112222,010-1111-2222,not in the log,1.3819680582195643e-10,163,-8.578477120490208e-12
01011112222,010-1111-2222,not in the log,1.3819680582195643e-10,164,-3.123841235433792e-10
01011112222,010-1111-2222,not in the log,1.3819680582195643e-10,165,-1.3930419145285357e-11
01011112222,010-1111-2222,not in the log,1.3819680582195643e-10,166,4.7365882849326565e-11
01011112222,010-1111-2222,not in the log,1.3819680582195643e-10,167,-1.1351514489040319e-10
01011112222,010-1111-2222,not in the log,1.3819680582195643e-10,168,-1.162091769074361e-10
01011112222,010-1111-2222,not in the log,1.3819680582195643e-10,169,-2.7785219488963196e-10
01011112222,010-1111-2222,not in the log,1.3819680582195643e-10,170,-8.760492221259273e-11
01011112222,010-1111-2222,not in the log,1.3819680582195643e-10,171,-2.9653739024936254e-13
01011112222,010-1111-2222,not in the log,1.3819680582195643e-10,172,9.144861547095338e-11
01011112222,010-1111-2222,not in the log,1.3819680582195643e-10,173,-1.467617546327315e-11
01011112222,010-1111-2222,not in the log,1.3819680582195643e-10,174,9.00268089593459e-11
01011112222,010-1111-2222,not in the log,1.3819680582195643e-10,175,2.345977763237629e-10
01011112222,010-1111-2222,not in the log,1.3819680582195643e-10,176,1.0612598903025371e-11
01011112222,010-1111-2222,not in the log,1.3819680582195643e-10,177,-3.2047915548180254e-10
01011112222,010-1111-2222,not in the log,1.3819680582195643e-10,178,-8.922226119987976e-11
01011112222,010-1111-2222,not in the log,1.3819680582195643e-10,179,-1.974742714523305e-10
01011112222,010-1111-2222,not in the log,1.3819680582195643e-10,180,-9.488819394423391e-11
01011112222,010-1111-2222,not in the log,1.3819680582195643e-10,181,5.093593214228487e-10
01011112222,010-1111-2222,not in the log,1.3819680582195643e-10,182,1.0840763036920446e-10
01011112222,010-1111-2222,not in the log,1.3819680582195643e-10,183,-3.148299053318754e-12
01011112222,010-1111-2222,not in the log,1.3819680582195643e-10,184,-3.7835504810182934e-11
01011112222,010-1111-2222,not in the log,1.3819680582195643e-10,185,2.8947352043231855e-11
01011112222,010-1111-2222,not in the log,1.3819680582195643e-10,186,2.1864853377805406e-10
01011112222,010-1111-2222,not in the log,1.3819680582195643e-10,187,-2.127542912743802e-11
01011112222,010-1111-2222,not in the log,1.3819680582195643e-10,188,1.0827741276243263e-10
01011112222,010-1111-2222,not in the log,1.3819680582195643e-10,189,-5.995614467266127e-11
01011112222,010-1111-2222,not in the log,1.3819680582195643e-10,190,5.796135576317993e-11
01011112222,010-1111-2222,not in the log,1.3819680582195643e-10,191,-3.465535280772868e-11
01011112222,010-1111-2222,not in the log,1.3819680582195643e-10,192,-1.9200641148167673e-10
01011112222,010-1111-2222,not in the log,1.3819680582195643e-10,193,-2.787508389122154e-10
01011112222,010-1111-2222,not in the log,1.3819680582195643e-10,194,2.2656798349361246e-11
01011112222,010-1111-2222,not in the log,1.3819680582195643e-10,195,1.7385381369655998e-10
01011112222,010-1111-2222,not in the log,1.3819680582195643e-10,196,-1.1639737381042061e-10
01011112222,010-1111-2222,not in the log,1.3819680582195643e-10,197,-7.848678316559855e-11
01011112222,010-1111-2222,not in the log,1.3819680582195643e-10,198,1.915281230328994e-10
01011112222,010-1111-2222,not in the log,1.3819680582195643e-10,199,3.590859247964382e-10
01011112222,010-1111-2222,not in the log,1.3819680582195643e-10,200,2.119631880038722e-11
01011112222,010-1111-2222,not in the log,1.3819680582195643e-10,201,-2.8400031610661982e-11
01011112222,010-1111-2222,not in the log,1.3819680582195643e-10,202,-1.1528296266534146e-10
01011112222,010-1111-2222,not in the log,1.3819680582195643e-10,203,-2.417576066065912e-13
