target,grouped,description,exist_value,slot,decrypted
01050002924,010-5000-2924,original,1.0000000003477416,0,7.281503601622193e-12
01050002924,010-5000-2924,original,1.0000000003477416,1,1.701171566228209e-10
01050002924,010-5000-2924,original,1.0000000003477416,2,1.5839180498557271e-10
01050002924,010-5000-2924,original,1.0000000003477416,3,2.1038682260235364e-13
01050002924,010-5000-2924,original,1.0000000003477416,4,-6.633190126234987e-11
01050002924,010-5000-2924,original,1.0000000003477416,5,2.339663489470398e-10
01050002924,010-5000-2924,original,1.0000000003477416,6,-1.5601270616853346e-10
01050002924,010-5000-2924,original,1.0000000003477416,7,7.207798342983472e-11
01050002924,010-5000-2924,original,1.0000000003477416,8,-2.488357048313946e-11
01050002924,010-5000-2924,original,1.0000000003477416,9,3.873208023729872e-11
01050002924,010-5000-2924,original,1.0000000003477416,10,8.308303974308027e-13
01050002924,010-5000-2924,original,1.0000000003477416,11,-2.97358197228202e-11
01050002924,010-5000-2924,original,1.0000000003477416,12,-4.853475118309604e-10
01050002924,010-5000-2924,original,1.0000000003477416,13,-4.771277156376194e-10
01050002924,010-5000-2924,original,1.0000000003477416,14,2.3262965341422447e-11
01050002924,010-5000-2924,original,1.0000000003477416,15,2.8870873241024662e-11
01050002924,010-5000-2924,original,1.0000000003477416,16,-2.81080597873351e-10
01050002924,010-5000-2924,original,1.0000000003477416,17,2.73973725000357e-10
01050002924,010-5000-2924,original,1.0000000003477416,18,-2.1007529398586953e-10
01050002924,010-5000-2924,original,1.0000000003477416,19,-1.6614830134794142e-11
01050002924,010-5000-2924,original,1.0000000003477416,20,9.383867585106672e-11
01050002924,010-5000-2924,original,1.0000000003477416,21,6.42456929608623e-11
01050002924,010-5000-2924,original,1.0000000003477416,22,3.7197209428465776e-11
01050002924,010-5000-2924,original,1.0000000003477416,23,-9.806600317855933e-11
01050002924,010-5000-2924,original,1.0000000003477416,24,-5.464323669555518e-10
01050002924,010-5000-2924,original,1.0000000003477416,25,-5.608786798083516e-11
01050002924,010-5000-2924,original,1.0000000003477416,26,2.5223537815940505e-11
01050002924,010-5000-2924,original,1.0000000003477416,27,-5.644532757676408e-11
01050002924,010-5000-2924,original,1.0000000003477416,28,-2.126871577273796e-11
01050002924,010-5000-2924,original,1.0000000003477416,29,7.567256265582631e-11
01050002924,010-5000-2924,original,1.0000000003477416,30,-8.289055296287922e-11
01050002924,010-5000-2924,original,1.0000000003477416,31,4.337058027858501e-11
01050002924,010-5000-2924,original,1.0000000003477416,32,-3.7018460020327884e-10
01050002924,010-5000-2924,original,1.0000000003477416,33,-7.884517836216031e-11
01050002924,010-5000-2924,original,1.0000000003477416,34,-4.3675976624746026e-10
01050002924,010-5000-2924,original,1.0000000003477416,35,-6.420091061751715e-11
01050002924,010-5000-2924,original,1.0000000003477416,36,-7.684891938556297e-11
01050002924,010-5000-2924,original,1.0000000003477416,37,-5.7940988984746923e-11
01050002924,010-5000-2924,original,1.0000000003477416,38,-2.6258635143442284e-11
01050002924,010-5000-2924,original,1.0000000003477416,39,-1.3517374656698298e-10
01050002924,010-5000-2924,original,1.0000000003477416,40,8.254295660557163e-11
01050002924,010-5000-2924,original,1.0000000003477416,41,2.365258971902944e-11
01050002924,010-5000-2924,original,1.0000000003477416,42,7.394465640737862e-11
01050002924,010-5000-2924,original,1.0000000003477416,43,1.5867890025052117e-11
01050002924,010-5000-2924,original,1.0000000003477416,44,2.6602076014909963e-11
01050002924,010-5000-2924,original,1.0000000003477416,45,3.334873951614476e-11
01050002924,010-5000-2924,original,1.0000000003477416,46,1.1970706322053639e-11
01050002924,010-5000-2924,original,1.0000000003477416,47,8.72303640585397e-11
01050002924,010-5000-2924,original,1.0000000003477416,48,-9.61315815120513e-11
01050002924,010-5000-2924,original,1.0000000003477416,49,1.6609908045139366e-10
01050002924,010-5000-2924,original,1.0000000003477416,50,-2.6951828785192818e-11
01050002924,010-5000-2924,original,1.0000000003477416,51,-4.353907890900995e-11
01050002924,010-5000-2924,original,1.0000000003477416,52,4.755681387595014e-11
01050002924,010-5000-2924,original,1.0000000003477416,53,-1.781792174462493e-11
01050002924,010-5000-2924,original,1.0000000003477416,54,-2.8109251207759e-11
01050002924,010-5000-2924,original,1.0000000003477416,55,-1.1513003932405183e-10
01050002924,010-5000-2924,original,1.0000000003477416,56,-1.190915400058764e-10
01050002924,010-5000-2924,original,1.0000000003477416,57,-3.1335713350000214e-12
01050002924,010-5000-2924,original,1.0000000003477416,58,-6.597071557526225e-13
01050002924,010-5000-2924,original,1.0000000003477416,59,3.1515773334987313e-10
01050002924,010-5000-2924,original,1.0000000003477416,60,-1.2352913410088754e-10
01050002924,010-5000-2924,original,1.0000000003477416,61,5.8020951217134746e-11
01050002924,010-5000-2924,original,1.0000000003477416,62,7.665020543284858e-12
01050002924,010-5000-2924,original,1.0000000003477416,63,-2.050012567195102e-11
01050002924,010-5000-2924,original,1.0000000003477416,64,-4.07376713681009e-11
01050002924,010-5000-2924,original,1.0000000003477416,65,-5.855227882266013e-11
01050002924,010-5000-2924,original,1.0000000003477416,66,-5.990120018503779e-11
01050002924,010-5000-2924,original,1.0000000003477416,67,1.4192569837645499e-11
01050002924,010-5000-2924,original,1.0000000003477416,68,5.608886169489086e-11
01050002924,010-5000-2924,original,1.0000000003477416,69,1.0731386714274643e-10
01050002924,010-5000-2924,original,1.0000000003477416,70,1.3266050171555386e-10
01050002924,010-5000-2924,original,1.0000000003477416,71,-9.385578344090417e-11
01050002924,010-5000-2924,original,1.0000000003477416,72,9.409327497208685e-12
01050002924,010-5000-2924,original,1.0000000003477416,73,3.0945500141427813e-11
01050002924,010-5000-2924,original,1.0000000003477416,74,4.789189549741757e-10
01050002924,010-5000-2924,original,1.0000000003477416,75,-1.1099512666124815e-10
01050002924,010-5000-2924,original,1.0000000003477416,76,-4.70139696554928e-11
01050002924,010-5000-2924,original,1.0000000003477416,77,-6.705648571921636e-11
01050002924,010-5000-2924,original,1.0000000003477416,78,-2.3380523850782184e-10
01050002924,010-5000-2924,original,1.0000000003477416,79,-1.8382795072701066e-10
01050002924,010-5000-2924,original,1.0000000003477416,80,1.7551395856584302e-11
01050002924,010-5000-2924,original,1.0000000003477416,81,-1.2085508513339025e-10
01050002924,010-5000-2924,original,1.0000000003477416,82,9.783248927012472e-11
01050002924,010-5000-2924,original,1.0000000003477416,83,5.601340031430381e-11
01050002924,010-5000-2924,original,1.0000000003477416,84,-8.93262318526113e-11
01050002924,010-5000-2924,original,1.0000000003477416,85,-2.3107240001402625e-11
01050002924,010-5000-2924,original,1.0000000003477416,86,3.5939945782751884e-11
01050002924,010-5000-2924,original,1.0000000003477416,87,-9.25631494665858e-12
01050002924,010-5000-2924,original,1.0000000003477416,88,-6.317101354383673e-11
01050002924,010-5000-2924,original,1.0000000003477416,89,-8.001866097572656e-11
01050002924,010-5000-2924,original,1.0000000003477416,90,-1.8520431718305295e-10
01050002924,010-5000-2924,original,1.0000000003477416,91,1.1732226565666004e-10
01050002924,010-5000-2924,original,1.0000000003477416,92,1.1698287386741648e-10
01050002924,010-5000-2924,original,1.0000000003477416,93,6.715539340003746e-11
01050002924,010-5000-2924,original,1.0000000003477416,94,-1.1864155894805364e-10
01050002924,010-5000-2924,original,1.0000000003477416,95,2.3264194887030844e-10
01050002924,010-5000-2924,original,1.0000000003477416,96,-2.129441620686616e-10
01050002924,010-5000-2924,original,1.0000000003477416,97,1.0565770477780742e-10
01050002924,010-5000-2924,original,1.0000000003477416,98,-2.980217449490784e-11
01050002924,010-5000-2924,original,1.0000000003477416,99,5.573748271500875e-11
01050002924,010-5000-2924,original,1.0000000003477416,100,1.7028933541871557e-10
01050002924,010-5000-2924,original,1.0000000003477416,101,-1.463666403012471e-11
01050002924,010-5000-2924,original,1.0000000003477416,102,-1.5332783152449752e-10
01050002924,010-5000-2924,original,1.0000000003477416,103,9.567242728832513e-11
01050002924,010-5000-2924,original,1.0000000003477416,104,1.2266968653514203e-10
01050002924,010-5000-2924,original,1.0000000003477416,105,-1.244677514977539e-10
01050002924,010-5000-2924,original,1.0000000003477416,106,-4.4034752669604016e-11
01050002924,010-5000-2924,original,1.0000000003477416,107,3.479805425850348e-11
01050002924,010-5000-2924,original,1.0000000003477416,108,-1.3591216670684242e-10
01050002924,010-5000-2924,original,1.0000000003477416,109,-1.0724881392427457e-10
01050002924,010-5000-2924,original,1.0000000003477416,110,1.730002085661024e-10
01050002924,010-5000-2924,original,1.0000000003477416,111,1.5082256877810718e-10
01050002924,010-5000-2924,original,1.0000000003477416,112,-3.532816974140649e-11
01050002924,010-5000-2924,original,1.0000000003477416,113,-2.0242972987101595e-12
01050002924,010-5000-2924,original,1.0000000003477416,114,-2.2038830744321367e-11
01050002924,010-5000-2924,original,1.0000000003477416,115,-4.457902567365039e-11
01050002924,010-5000-2924,original,1.0000000003477416,116,1.2230377993884588e-10
01050002924,010-5000-2924,original,1.0000000003477416,117,-2.4053813826081344e-10
01050002924,010-5000-2924,original,1.0000000003477416,118,4.833257352753371e-11
01050002924,010-5000-2924,original,1.0000000003477416,119,-2.930296774830562e-10
01050002924,010-5000-2924,original,1.0000000003477416,120,1.5389574445620097e-10
01050002924,010-5000-2924,original,1.0000000003477416,121,-5.135454084676703e-12
01050002924,010-5000-2924,original,1.0000000003477416,122,6.979905131838003e-11
01050002924,010-5000-2924,original,1.0000000003477416,123,1.1792444061982292e-11
01050002924,010-5000-2924,original,1.0000000003477416,124,-7.601323448953542e-11
01050002924,010-5000-2924,original,1.0000000003477416,125,-6.510968676756427e-11
01050002924,010-5000-2924,original,1.0000000003477416,126,4.622233221200078e-11
01050002924,010-5000-2924,original,1.0000000003477416,127,3.2400862013638146e-10
01050002924,010-5000-2924,original,1.0000000003477416,128,1.0743932309423303e-10
01050002924,010-5000-2924,original,1.0000000003477416,129,1.8890628165196415e-10
01050002924,010-5000-2924,original,1.0000000003477416,130,6.72336821507881e-11
01050002924,010-5000-2924,original,1.0000000003477416,131,-2.3123536068213168e-10
01050002924,010-5000-2924,original,1.0000000003477416,132,-6.47679753050308e-11
01050002924,010-5000-2924,original,1.0000000003477416,133,-3.9082201489715156e-11
01050002924,010-5000-2924,original,1.0000000003477416,134,2.4551775589673174e-10
01050002924,010-5000-2924,original,1.0000000003477416,135,2.5013198780614146e-10
01050002924,010-5000-2924,original,1.0000000003477416,136,-3.327517864614739e-11
01050002924,010-5000-2924,original,1.0000000003477416,137,9.192442616946709e-11
01050002924,010-5000-2924,original,1.0000000003477416,138,-1.906037445138406e-10
01050002924,010-5000-2924,original,1.0000000003477416,139,-1.724162286024128e-10
01050002924,010-5000-2924,original,1.0000000003477416,140,-9.094092555139276e-11
01050002924,010-5000-2924,original,1.0000000003477416,141,1.0614510203373228e-10
01050002924,010-5000-2924,original,1.0000000003477416,142,0.9999996837922722
01050002924,010-5000-2924,original,1.0000000003477416,143,0.9999996894248439
01050002924,010-5000-2924,original,1.0000000003477416,144,0.9999996615232978
01050002924,010-5000-2924,original,1.0000000003477416,145,0.9999996935555395
01050002924,010-5000-2924,original,1.0000000003477416,146,0.9999996924061183
01050002924,010-5000-2924,original,1.0000000003477416,147,0.9999996708705923
01050002924,010-5000-2924,original,1.0000000003477416,148,0.9999996951044501
01050002924,010-5000-2924,original,1.0000000003477416,149,0.9999996986691695
01050002924,010-5000-2924,original,1.0000000003477416,150,1.5840695910887515e-10
01050002924,010-5000-2924,original,1.0000000003477416,151,-4.237814638388142e-11
01050002924,010-5000-2924,original,1.0000000003477416,152,1.0629666323176758e-11
01050002924,010-5000-2924,original,1.0000000003477416,153,-2.048240267978944e-10
01050002924,010-5000-2924,original,1.0000000003477416,154,-3.4467645986092176e-11
01050002924,010-5000-2924,original,1.0000000003477416,155,1.9178935579598821e-10
01050002924,010-5000-2924,original,1.0000000003477416,156,0.9999996785908978
01050002924,010-5000-2924,original,1.0000000003477416,157,7.256123063355181e-12
01050002924,010-5000-2924,original,1.0000000003477416,158,-8.902331353033891e-11
01050002924,010-5000-2924,original,1.0000000003477416,159,-4.317091497411037e-13
01050002924,010-5000-2924,original,1.0000000003477416,160,0.9999996796179644
01050002924,010-5000-2924,original,1.0000000003477416,161,-1.0446721114404127e-10
01050002924,010-5000-2924,original,1.0000000003477416,162,-7.987198814804129e-11
01050002924,010-5000-2924,original,1.0000000003477416,163,0.9999996919394191
01050002924,010-5000-2924,original,1.0000000003477416,164,0.9999996882613471
01050002924,010-5000-2924,original,1.0000000003477416,165,-3.67181394333825e-10
01050002924,010-5000-2924,original,1.0000000003477416,166,-6.178345044831156e-11
01050002924,010-5000-2924,original,1.0000000003477416,167,2.5649350635696137e-10
01050002924,010-5000-2924,original,1.0000000003477416,168,-5.731441571043493e-10
01050002924,010-5000-2924,original,1.0000000003477416,169,-9.852120435917861e-11
01050002924,010-5000-2924,original,1.0000000003477416,170,4.538587004873123e-11
01050002924,010-5000-2924,original,1.0000000003477416,171,-1.1745572408337201e-10
01050002924,010-5000-2924,original,1.0000000003477416,172,-7.11336851397694e-15
01050002924,010-5000-2924,original,1.0000000003477416,173,2.2336416713927434e-11
01050002924,010-5000-2924,original,1.0000000003477416,174,-1.1420929553856861e-10
01050002924,010-5000-2924,original,1.0000000003477416,175,-1.909853761737741e-10
01050002924,010-5000-2924,original,1.0000000003477416,176,-3.896332129500242e-11
01050002924,010-5000-2924,original,1.0000000003477416,177,9.9519426550133e-12
01050002924,010-5000-2924,original,1.0000000003477416,178,1.5605909897995747e-10
01050002924,010-5000-2924,original,1.0000000003477416,179,-2.2017835313648468e-10
01050002924,010-5000-2924,original,1.0000000003477416,180,-2.1616122274826433e-10
01050002924,010-5000-2924,original,1.0000000003477416,181,-3.6202313454336535e-10
01050002924,010-5000-2924,original,1.0000000003477416,182,-3.8943837528880616e-11
01050002924,010-5000-2924,original,1.0000000003477416,183,7.488148063880454e-11
01050002924,010-5000-2924,original,1.0000000003477416,184,-2.8112041582308477e-12
01050002924,010-5000-2924,original,1.0000000003477416,185,-1.2483544704165792e-10
01050002924,010-5000-2924,original,1.0000000003477416,186,1.285473861040182e-10
01050002924,010-5000-2924,original,1.0000000003477416,187,-1.956949175827596e-10
01050002924,010-5000-2924,original,1.0000000003477416,188,-7.345968422439453e-11
01050002924,010-5000-2924,original,1.0000000003477416,189,3.4257869821127313e-10
01050002924,010-5000-2924,original,1.0000000003477416,190,-8.055761335330607e-11
01050002924,010-5000-2924,original,1.0000000003477416,191,1.4145880017785608e-11
01050002924,010-5000-2924,original,1.0000000003477416,192,1.727809134596792e-10
01050002924,010-5000-2924,original,1.0000000003477416,193,8.561568214035491e-11
01050002924,010-5000-2924,original,1.0000000003477416,194,-2.000419450282818e-11
01050002924,010-5000-2924,original,1.0000000003477416,195,-2.0676853243246688e-10
01050002924,010-5000-2924,original,1.0000000003477416,196,-3.789465592259636e-11
01050002924,010-5000-2924,original,1.0000000003477416,197,9.13282341333838e-11
01050002924,010-5000-2924,original,1.0000000003477416,198,-3.096786187308155e-10
01050002924,010-5000-2924,original,1.0000000003477416,199,-2.413210236302477e-10
01050002924,010-5000-2924,original,1.0000000003477416,200,8.832768888840997e-11
01050002924,010-5000-2924,original,1.0000000003477416,201,-5.861856130989503e-11
01050002924,010-5000-2924,original,1.0000000003477416,202,4.260161432830291e-11
01050002924,010-5000-2924,original,1.0000000003477416,203,5.7931255663359865e-12
01050002925,010-5000-2925,"one digit, last group",-7.548009057943042e-10,0,5.515616488743813e-11
01050002925,010-5000-2925,"one digit, last group",-7.548009057943042e-10,1,-2.00132082078376e-10
01050002925,010-5000-2925,"one digit, last group",-7.548009057943042e-10,2,2.6609202999289907e-10
01050002925,010-5000-2925,"one digit, last group",-7.548009057943042e-10,3,-5.7089481579993246e-11
01050002925,010-5000-2925,"one digit, last group",-7.548009057943042e-10,4,1.2276139713768297e-10
01050002925,010-5000-2925,"one digit, last group",-7.548009057943042e-10,5,-2.397903674780154e-11
01050002925,010-5000-2925,"one digit, last group",-7.548009057943042e-10,6,2.0571129339097586e-11
01050002925,010-5000-2925,"one digit, last group",-7.548009057943042e-10,7,2.4317923202340517e-11
01050002925,010-5000-2925,"one digit, last group",-7.548009057943042e-10,8,4.1877029553504016e-11
01050002925,010-5000-2925,"one digit, last group",-7.548009057943042e-10,9,4.867772904778657e-11
01050002925,010-5000-2925,"one digit, last group",-7.548009057943042e-10,10,2.032191941928892e-11
01050002925,010-5000-2925,"one digit, last group",-7.548009057943042e-10,11,-3.2820364374391447e-10
01050002925,010-5000-2925,"one digit, last group",-7.548009057943042e-10,12,1.9001778375032778e-10
01050002925,010-5000-2925,"one digit, last group",-7.548009057943042e-10,13,2.6820514953839956e-10
01050002925,010-5000-2925,"one digit, last group",-7.548009057943042e-10,14,-4.085687449237754e-11
01050002925,010-5000-2925,"one digit, last group",-7.548009057943042e-10,15,1.507651474365134e-11
01050002925,010-5000-2925,"one digit, last group",-7.548009057943042e-10,16,8.363545375474311e-11
01050002925,010-5000-2925,"one digit, last group",-7.548009057943042e-10,17,-1.4748009450312734e-10
01050002925,010-5000-2925,"one digit, last group",-7.548009057943042e-10,18,1.7165306098887442e-10
01050002925,010-5000-2925,"one digit, last group",-7.548009057943042e-10,19,3.6439565395266065e-11
01050002925,010-5000-2925,"one digit, last group",-7.548009057943042e-10,20,1.113068797122895e-10
01050002925,010-5000-2925,"one digit, last group",-7.548009057943042e-10,21,-1.1499118377204707e-10
01050002925,010-5000-2925,"one digit, last group",-7.548009057943042e-10,22,-4.13694652571551e-11
01050002925,010-5000-2925,"one digit, last group",-7.548009057943042e-10,23,1.3588391134906623e-10
01050002925,010-5000-2925,"one digit, last group",-7.548009057943042e-10,24,3.0254601109367294e-10
01050002925,010-5000-2925,"one digit, last group",-7.548009057943042e-10,25,-8.605041809287276e-11
01050002925,010-5000-2925,"one digit, last group",-7.548009057943042e-10,26,-2.7070599393691113e-10
01050002925,010-5000-2925,"one digit, last group",-7.548009057943042e-10,27,-1.5516107351682736e-11
01050002925,010-5000-2925,"one digit, last group",-7.548009057943042e-10,28,2.3205922659543234e-10
01050002925,010-5000-2925,"one digit, last group",-7.548009057943042e-10,29,1.6994839866608467e-11
01050002925,010-5000-2925,"one digit, last group",-7.548009057943042e-10,30,-2.0049699856687397e-10
01050002925,010-5000-2925,"one digit, last group",-7.548009057943042e-10,31,9.259740981797005e-11
01050002925,010-5000-2925,"one digit, last group",-7.548009057943042e-10,32,1.0318908759464217e-10
01050002925,010-5000-2925,"one digit, last group",-7.548009057943042e-10,33,-2.8400087951064602e-11
01050002925,010-5000-2925,"one digit, last group",-7.548009057943042e-10,34,3.750655449427156e-11
01050002925,010-5000-2925,"one digit, last group",-7.548009057943042e-10,35,4.522695487801003e-11
01050002925,010-5000-2925,"one digit, last group",-7.548009057943042e-10,36,5.559392888290418e-12
01050002925,010-5000-2925,"one digit, last group",-7.548009057943042e-10,37,2.693439407418086e-11
01050002925,010-5000-2925,"one digit, last group",-7.548009057943042e-10,38,-1.931987405467984e-10
01050002925,010-5000-2925,"one digit, last group",-7.548009057943042e-10,39,1.1077420648494925e-10
01050002925,010-5000-2925,"one digit, last group",-7.548009057943042e-10,40,-3.7373148811416906e-10
01050002925,010-5000-2925,"one digit, last group",-7.548009057943042e-10,41,4.068243032932954e-11
01050002925,010-5000-2925,"one digit, last group",-7.548009057943042e-10,42,-1.251172089400791e-10
01050002925,010-5000-2925,"one digit, last group",-7.548009057943042e-10,43,6.967567451845795e-12
01050002925,010-5000-2925,"one digit, last group",-7.548009057943042e-10,44,-3.292696349542841e-11
01050002925,010-5000-2925,"one digit, last group",-7.548009057943042e-10,45,-7.190740794537515e-11
01050002925,010-5000-2925,"one digit, last group",-7.548009057943042e-10,46,-2.2314905826805318e-11
01050002925,010-5000-2925,"one digit, last group",-7.548009057943042e-10,47,2.6615975434366e-10
01050002925,010-5000-2925,"one digit, last group",-7.548009057943042e-10,48,-1.6341818775091302e-10
01050002925,010-5000-2925,"one digit, last group",-7.548009057943042e-10,49,1.9723561571868372e-10
01050002925,010-5000-2925,"one digit, last group",-7.548009057943042e-10,50,7.106981394529104e-10
01050002925,010-5000-2925,"one digit, last group",-7.548009057943042e-10,51,-1.500705533814387e-11
01050002925,010-5000-2925,"one digit, last group",-7.548009057943042e-10,52,1.3184773058483451e-10
01050002925,010-5000-2925,"one digit, last group",-7.548009057943042e-10,53,6.109691305576554e-11
01050002925,010-5000-2925,"one digit, last group",-7.548009057943042e-10,54,-5.7737443532864416e-11
01050002925,010-5000-2925,"one digit, last group",-7.548009057943042e-10,55,-6.545855449206036e-11
01050002925,010-5000-2925,"one digit, last group",-7.548009057943042e-10,56,-1.2291262076457812e-10
01050002925,010-5000-2925,"one digit, last group",-7.548009057943042e-10,57,4.72723220064162e-11
01050002925,010-5000-2925,"one digit, last group",-7.548009057943042e-10,58,-4.153820656615592e-11
01050002925,010-5000-2925,"one digit, last group",-7.548009057943042e-10,59,2.0380117487857965e-10
01050002925,010-5000-2925,"one digit, last group",-7.548009057943042e-10,60,2.0757312160069228e-10
01050002925,010-5000-2925,"one digit, last group",-7.548009057943042e-10,61,-1.880180871986172e-10
01050002925,010-5000-2925,"one digit, last group",-7.548009057943042e-10,62,-8.670872368754231e-11
01050002925,010-5000-2925,"one digit, last group",-7.548009057943042e-10,63,2.2500852826974e-11
01050002925,010-5000-2925,"one digit, last group",-7.548009057943042e-10,64,-1.2783818003574418e-10
01050002925,010-5000-2925,"one digit, last group",-7.548009057943042e-10,65,-5.989045749474374e-11
01050002925,010-5000-2925,"one digit, last group",-7.548009057943042e-10,66,-1.7379635280629572e-10
01050002925,010-5000-2925,"one digit, last group",-7.548009057943042e-10,67,1.2821145588921981e-10
01050002925,010-5000-2925,"one digit, last group",-7.548009057943042e-10,68,9.893006739028096e-11
01050002925,010-5000-2925,"one digit, last group",-7.548009057943042e-10,69,1.0827228225075346e-10
01050002925,010-5000-2925,"one digit, last group",-7.548009057943042e-10,70,-3.809036444854745e-11
01050002925,010-5000-2925,"one digit, last group",-7.548009057943042e-10,71,-6.279206429750781e-11
01050002925,010-5000-2925,"one digit, last group",-7.548009057943042e-10,72,-1.1793353112143947e-11
01050002925,010-5000-2925,"one digit, last group",-7.548009057943042e-10,73,-2.9883485386814153e-12
01050002925,010-5000-2925,"one digit, last group",-7.548009057943042e-10,74,-1.2276097563880082e-10
01050002925,010-5000-2925,"one digit, last group",-7.548009057943042e-10,75,1.1688122825964788e-11
01050002925,010-5000-2925,"one digit, last group",-7.548009057943042e-10,76,2.1602692832460395e-11
01050002925,010-5000-2925,"one digit, last group",-7.548009057943042e-10,77,1.3611712111113461e-10
01050002925,010-5000-2925,"one digit, last group",-7.548009057943042e-10,78,4.234254407817757e-10
01050002925,010-5000-2925,"one digit, last group",-7.548009057943042e-10,79,6.021124701504624e-11
01050002925,010-5000-2925,"one digit, last group",-7.548009057943042e-10,80,-2.2180089653367633e-11
01050002925,010-5000-2925,"one digit, last group",-7.548009057943042e-10,81,3.7996527793206977e-10
01050002925,010-5000-2925,"one digit, last group",-7.548009057943042e-10,82,4.079925718330115e-11
01050002925,010-5000-2925,"one digit, last group",-7.548009057943042e-10,83,7.929581475425252e-11
01050002925,010-5000-2925,"one digit, last group",-7.548009057943042e-10,84,5.642764412882596e-11
01050002925,010-5000-2925,"one digit, last group",-7.548009057943042e-10,85,-9.240100651874033e-12
01050002925,010-5000-2925,"one digit, last group",-7.548009057943042e-10,86,-8.40904624773807e-11
01050002925,010-5000-2925,"one digit, last group",-7.548009057943042e-10,87,-1.3850165685321872e-11
01050002925,010-5000-2925,"one digit, last group",-7.548009057943042e-10,88,1.38459082094308e-10
01050002925,010-5000-2925,"one digit, last group",-7.548009057943042e-10,89,3.161636029569872e-11
01050002925,010-5000-2925,"one digit, last group",-7.548009057943042e-10,90,-1.567254952220251e-10
01050002925,010-5000-2925,"one digit, last group",-7.548009057943042e-10,91,-8.184895081901394e-11
01050002925,010-5000-2925,"one digit, last group",-7.548009057943042e-10,92,-1.4462292794535515e-10
01050002925,010-5000-2925,"one digit, last group",-7.548009057943042e-10,93,-5.5375878775111466e-11
01050002925,010-5000-2925,"one digit, last group",-7.548009057943042e-10,94,-7.482201447315149e-11
01050002925,010-5000-2925,"one digit, last group",-7.548009057943042e-10,95,-8.458262736156967e-12
01050002925,010-5000-2925,"one digit, last group",-7.548009057943042e-10,96,1.8419728123830497e-10
01050002925,010-5000-2925,"one digit, last group",-7.548009057943042e-10,97,5.797454241574649e-11
01050002925,010-5000-2925,"one digit, last group",-7.548009057943042e-10,98,2.5463868400342045e-10
01050002925,010-5000-2925,"one digit, last group",-7.548009057943042e-10,99,1.1515832918068734e-11
01050002925,010-5000-2925,"one digit, last group",-7.548009057943042e-10,100,-9.512901110687618e-12
01050002925,010-5000-2925,"one digit, last group",-7.548009057943042e-10,101,-5.7718781972285394e-11
01050002925,010-5000-2925,"one digit, last group",-7.548009057943042e-10,102,-1.5401060321863075e-10
01050002925,010-5000-2925,"one digit, last group",-7.548009057943042e-10,103,-2.2604468460044986e-10
01050002925,010-5000-2925,"one digit, last group",-7.548009057943042e-10,104,2.9892309709919187e-11
01050002925,010-5000-2925,"one digit, last group",-7.548009057943042e-10,105,-5.33168682654842e-12
01050002925,010-5000-2925,"one digit, last group",-7.548009057943042e-10,106,9.760968696394908e-11
01050002925,010-5000-2925,"one digit, last group",-7.548009057943042e-10,107,1.5662822723561725e-10
01050002925,010-5000-2925,"one digit, last group",-7.548009057943042e-10,108,6.566911387452452e-11
01050002925,010-5000-2925,"one digit, last group",-7.548009057943042e-10,109,1.746132284721102e-11
01050002925,010-5000-2925,"one digit, last group",-7.548009057943042e-10,110,-3.8656299601732816e-11
01050002925,010-5000-2925,"one digit, last group",-7.548009057943042e-10,111,-1.3349853730617225e-10
01050002925,010-5000-2925,"one digit, last group",-7.548009057943042e-10,112,6.37716535195538e-11
01050002925,010-5000-2925,"one digit, last group",-7.548009057943042e-10,113,5.8839970346779545e-12
01050002925,010-5000-2925,"one digit, last group",-7.548009057943042e-10,114,3.5719467914651146e-11
01050002925,010-5000-2925,"one digit, last group",-7.548009057943042e-10,115,-1.485644514255372e-11
01050002925,010-5000-2925,"one digit, last group",-7.548009057943042e-10,116,3.0217168048635693e-11
01050002925,010-5000-2925,"one digit, last group",-7.548009057943042e-10,117,3.647510806039458e-12
01050002925,010-5000-2925,"one digit, last group",-7.548009057943042e-10,118,1.542362249916694e-10
01050002925,010-5000-2925,"one digit, last group",-7.548009057943042e-10,119,7.259290147372108e-11
01050002925,010-5000-2925,"one digit, last group",-7.548009057943042e-10,120,4.819952109527699e-11
01050002925,010-5000-2925,"one digit, last group",-7.548009057943042e-10,121,1.2667928550086188e-10
01050002925,010-5000-2925,"one digit, last group",-7.548009057943042e-10,122,6.408693304544781e-11
01050002925,010-5000-2925,"one digit, last group",-7.548009057943042e-10,123,1.289108987140273e-11
01050002925,010-5000-2925,"one digit, last group",-7.548009057943042e-10,124,-1.4090999516516875e-10
01050002925,010-5000-2925,"one digit, last group",-7.548009057943042e-10,125,-1.5655613645713045e-10
01050002925,010-5000-2925,"one digit, last group",-7.548009057943042e-10,126,3.9982924006918476e-11
01050002925,010-5000-2925,"one digit, last group",-7.548009057943042e-10,127,-1.7045109427750787e-10
01050002925,010-5000-2925,"one digit, last group",-7.548009057943042e-10,128,3.673481388442444e-10
01050002925,010-5000-2925,"one digit, last group",-7.548009057943042e-10,129,2.4049436789550785e-11
01050002925,010-5000-2925,"one digit, last group",-7.548009057943042e-10,130,-1.3741632882042133e-11
01050002925,010-5000-2925,"one digit, last group",-7.548009057943042e-10,131,1.0494595096896189e-10
01050002925,010-5000-2925,"one digit, last group",-7.548009057943042e-10,132,-7.736851391326063e-12
01050002925,010-5000-2925,"one digit, last group",-7.548009057943042e-10,133,-2.6828573217190065e-10
01050002925,010-5000-2925,"one digit, last group",-7.548009057943042e-10,134,-9.642245815776232e-11
01050002925,010-5000-2925,"one digit, last group",-7.548009057943042e-10,135,4.860998034234298e-11
01050002925,010-5000-2925,"one digit, last group",-7.548009057943042e-10,136,-3.4695512934256514e-11
01050002925,010-5000-2925,"one digit, last group",-7.548009057943042e-10,137,1.000647245820458e-10
01050002925,010-5000-2925,"one digit, last group",-7.548009057943042e-10,138,-1.7535867164499177e-10
01050002925,010-5000-2925,"one digit, last group",-7.548009057943042e-10,139,2.9428295905935274e-10
01050002925,010-5000-2925,"one digit, last group",-7.548009057943042e-10,140,-2.1247226217159256e-10
01050002925,010-5000-2925,"one digit, last group",-7.548009057943042e-10,141,-1.8382733207492334e-10
01050002925,010-5000-2925,"one digit, last group",-7.548009057943042e-10,142,3.0755105494130447e-09
01050002925,010-5000-2925,"one digit, last group",-7.548009057943042e-10,143,-2.653937443344125e-10
01050002925,010-5000-2925,"one digit, last group",-7.548009057943042e-10,144,-1.8571380950317509e-09
01050002925,010-5000-2925,"one digit, last group",-7.548009057943042e-10,145,-8.879606158345506e-10
01050002925,010-5000-2925,"one digit, last group",-7.548009057943042e-10,146,5.982447403426411e-09
01050002925,010-5000-2925,"one digit, last group",-7.548009057943042e-10,147,5.195627280700833e-09
01050002925,010-5000-2925,"one digit, last group",-7.548009057943042e-10,148,-9.319112403029256e-10
01050002925,010-5000-2925,"one digit, last group",-7.548009057943042e-10,149,-3.3085154902292555e-10
01050002925,010-5000-2925,"one digit, last group",-7.548009057943042e-10,150,2.646969975040376e-10
01050002925,010-5000-2925,"one digit, last group",-7.548009057943042e-10,151,-6.14610529528128e-11
01050002925,010-5000-2925,"one digit, last group",-7.548009057943042e-10,152,5.880312248240521e-10
01050002925,010-5000-2925,"one digit, last group",-7.548009057943042e-10,153,1.0262635867558192e-10
01050002925,010-5000-2925,"one digit, last group",-7.548009057943042e-10,154,-9.206754987300708e-11
01050002925,010-5000-2925,"one digit, last group",-7.548009057943042e-10,155,-1.5421286803191705e-10
01050002925,010-5000-2925,"one digit, last group",-7.548009057943042e-10,156,-1.4561752745714143e-09
01050002925,010-5000-2925,"one digit, last group",-7.548009057943042e-10,157,-1.2560871704182284e-10
01050002925,010-5000-2925,"one digit, last group",-7.548009057943042e-10,158,-1.9092959940552634e-10
01050002925,010-5000-2925,"one digit, last group",-7.548009057943042e-10,159,2.470951139263896e-11
01050002925,010-5000-2925,"one digit, last group",-7.548009057943042e-10,160,-3.1459072152101713e-09
01050002925,010-5000-2925,"one digit, last group",-7.548009057943042e-10,161,4.146087501692321e-12
01050002925,010-5000-2925,"one digit, last group",-7.548009057943042e-10,162,-3.5390200001608135e-11
01050002925,010-5000-2925,"one digit, last group",-7.548009057943042e-10,163,2.555030219066596e-10
01050002925,010-5000-2925,"one digit, last group",-7.548009057943042e-10,164,1.6123246987663277e-10
01050002925,010-5000-2925,"one digit, last group",-7.548009057943042e-10,165,8.199393391025409e-11
01050002925,010-5000-2925,"one digit, last group",-7.548009057943042e-10,166,-2.0157534005811224e-11
01050002925,010-5000-2925,"one digit, last group",-7.548009057943042e-10,167,-1.2275493688905426e-10
01050002925,010-5000-2925,"one digit, last group",-7.548009057943042e-10,168,-1.313382625237881e-10
01050002925,010-5000-2925,"one digit, last group",-7.548009057943042e-10,169,-2.751547115692326e-11
01050002925,010-5000-2925,"one digit, last group",-7.548009057943042e-10,170,1.4087442582002169e-11
01050002925,010-5000-2925,"one digit, last group",-7.548009057943042e-10,171,2.6670574586733224e-10
01050002925,010-5000-2925,"one digit, last group",-7.548009057943042e-10,172,-8.722805572703969e-11
01050002925,010-5000-2925,"one digit, last group",-7.548009057943042e-10,173,-6.228328870338009e-11
01050002925,010-5000-2925,"one digit, last group",-7.548009057943042e-10,174,-5.978107148623807e-12
01050002925,010-5000-2925,"one digit, last group",-7.548009057943042e-10,175,-4.157669822074953e-10
01050002925,010-5000-2925,"one digit, last group",-7.548009057943042e-10,176,5.805552266321527e-12
01050002925,010-5000-2925,"one digit, last group",-7.548009057943042e-10,177,-2.66924570388957e-10
01050002925,010-5000-2925,"one digit, last group",-7.548009057943042e-10,178,1.7287881169717534e-10
01050002925,010-5000-2925,"one digit, last group",-7.548009057943042e-10,179,-5.275807352072628e-10
01050002925,010-5000-2925,"one digit, last group",-7.548009057943042e-10,180,5.328662502569736e-11
01050002925,010-5000-2925,"one digit, last group",-7.548009057943042e-10,181,3.7132286406756567e-11
01050002925,010-5000-2925,"one digit, last group",-7.548009057943042e-10,182,-3.5279356386173717e-10
01050002925,010-5000-2925,"one digit, last group",-7.548009057943042e-10,183,-1.5412916441868762e-10
01050002925,010-5000-2925,"one digit, last group",-7.548009057943042e-10,184,9.549030536064042e-11
01050002925,010-5000-2925,"one digit, last group",-7.548009057943042e-10,185,-4.943717934535229e-11
01050002925,010-5000-2925,"one digit, last group",-7.548009057943042e-10,186,9.354495128493486e-11
01050002925,010-5000-2925,"one digit, last group",-7.548009057943042e-10,187,5.0954049762231626e-12
01050002925,010-5000-2925,"one digit, last group",-7.548009057943042e-10,188,1.3652689452677803e-11
01050002925,010-5000-2925,"one digit, last group",-7.548009057943042e-10,189,2.1229614596300393e-10
01050002925,010-5000-2925,"one digit, last group",-7.548009057943042e-10,190,-1.6730437216044982e-10
01050002925,010-5000-2925,"one digit, last group",-7.548009057943042e-10,191,7.961216275182775e-11
01050002925,010-5000-2925,"one digit, last group",-7.548009057943042e-10,192,8.37792564598509e-11
01050002925,010-5000-2925,"one digit, last group",-7.548009057943042e-10,193,-9.499575096086062e-10
01050002925,010-5000-2925,"one digit, last group",-7.548009057943042e-10,194,3.111659447156591e-11
01050002925,010-5000-2925,"one digit, last group",-7.548009057943042e-10,195,1.7759997567501754e-10
01050002925,010-5000-2925,"one digit, last group",-7.548009057943042e-10,196,3.9897452508908695e-11
01050002925,010-5000-2925,"one digit, last group",-7.548009057943042e-10,197,-8.063899835135282e-11
01050002925,010-5000-2925,"one digit, last group",-7.548009057943042e-10,198,2.080866481744113e-11
01050002925,010-5000-2925,"one digit, last group",-7.548009057943042e-10,199,6.224906902853157e-11
01050002925,010-5000-2925,"one digit, last group",-7.548009057943042e-10,200,8.343077136286679e-11
01050002925,010-5000-2925,"one digit, last group",-7.548009057943042e-10,201,4.020635001016346e-11
01050002925,010-5000-2925,"one digit, last group",-7.548009057943042e-10,202,3.536290394448353e-10
01050002925,010-5000-2925,"one digit, last group",-7.548009057943042e-10,203,2.0897645651779605e-14
01051009080,010-5100-9080,original,1.000000000276387,0,7.400559826877979e-11
01051009080,010-5100-9080,original,1.000000000276387,1,-1.9114524219132436e-10
01051009080,010-5100-9080,original,1.000000000276387,2,7.015976963833498e-11
01051009080,010-5100-9080,original,1.000000000276387,3,1.2828181033861887e-11
01051009080,010-5100-9080,original,1.000000000276387,4,-6.519125634543975e-11
01051009080,010-5100-9080,original,1.000000000276387,5,-2.542580709149104e-10
01051009080,010-5100-9080,original,1.000000000276387,6,-9.079843809338573e-11
01051009080,010-5100-9080,original,1.000000000276387,7,-1.261762682795563e-10
01051009080,010-5100-9080,original,1.000000000276387,8,-2.3116098860080592e-10
01051009080,010-5100-9080,original,1.000000000276387,9,1.1680216922117223e-10
01051009080,010-5100-9080,original,1.000000000276387,10,-1.703981064585101e-11
01051009080,010-5100-9080,original,1.000000000276387,11,2.51446444967286e-10
01051009080,010-5100-9080,original,1.000000000276387,12,-3.9362482167577465e-10
01051009080,010-5100-9080,original,1.000000000276387,13,2.184945179074396e-11
01051009080,010-5100-9080,original,1.000000000276387,14,-1.088396184443771e-10
01051009080,010-5100-9080,original,1.000000000276387,15,-3.4486956795048435e-11
01051009080,010-5100-9080,original,1.000000000276387,16,3.4957117000733234e-10
01051009080,010-5100-9080,original,1.000000000276387,17,-2.145466022786349e-10
01051009080,010-5100-9080,original,1.000000000276387,18,-9.57096369552734e-11
01051009080,010-5100-9080,original,1.000000000276387,19,-1.7904608077835326e-11
01051009080,010-5100-9080,original,1.000000000276387,20,-1.710105995739522e-10
01051009080,010-5100-9080,original,1.000000000276387,21,-2.57208089495727e-10
01051009080,010-5100-9080,original,1.000000000276387,22,-1.525093497356848e-10
01051009080,010-5100-9080,original,1.000000000276387,23,1.0428516975145903e-10
01051009080,010-5100-9080,original,1.000000000276387,24,-7.070590968214738e-10
01051009080,010-5100-9080,original,1.000000000276387,25,1.2587732486195442e-10
01051009080,010-5100-9080,original,1.000000000276387,26,-4.026944361495084e-11
01051009080,010-5100-9080,original,1.000000000276387,27,-2.416221359771748e-10
01051009080,010-5100-9080,original,1.000000000276387,28,-2.5545490444634316e-10
01051009080,010-5100-9080,original,1.000000000276387,29,5.586622961347749e-12
01051009080,010-5100-9080,original,1.000000000276387,30,3.3352019577733845e-11
01051009080,010-5100-9080,original,1.000000000276387,31,-5.170894380703262e-11
01051009080,010-5100-9080,original,1.000000000276387,32,1.3078708739369438e-11
01051009080,010-5100-9080,original,1.000000000276387,33,-2.364991738629531e-10
01051009080,010-5100-9080,original,1.000000000276387,34,-2.8449803237684842e-11
01051009080,010-5100-9080,original,1.000000000276387,35,1.801073288025051e-11
01051009080,010-5100-9080,original,1.000000000276387,36,3.0370420945950156e-11
01051009080,010-5100-9080,original,1.000000000276387,37,2.4158458761328918e-11
01051009080,010-5100-9080,original,1.000000000276387,38,1.8254186113739326e-11
01051009080,010-5100-9080,original,1.000000000276387,39,9.083482296514834e-11
01051009080,010-5100-9080,original,1.000000000276387,40,-3.2301289575286534e-11
01051009080,010-5100-9080,original,1.000000000276387,41,2.076190308064213e-11
01051009080,010-5100-9080,original,1.000000000276387,42,-3.310816041084701e-11
01051009080,010-5100-9080,original,1.000000000276387,43,7.323006270457418e-11
01051009080,010-5100-9080,original,1.000000000276387,44,4.350418241154647e-11
01051009080,010-5100-9080,original,1.000000000276387,45,7.097462521960861e-11
01051009080,010-5100-9080,original,1.000000000276387,46,-7.926701885165208e-11
01051009080,010-5100-9080,original,1.000000000276387,47,-3.789946232241052e-10
01051009080,010-5100-9080,original,1.000000000276387,48,4.035759036253701e-11
01051009080,010-5100-9080,original,1.000000000276387,49,-5.889234991046025e-11
01051009080,010-5100-9080,original,1.000000000276387,50,-2.2466116250207623e-10
01051009080,010-5100-9080,original,1.000000000276387,51,4.8293548583454445e-11
01051009080,010-5100-9080,original,1.000000000276387,52,-1.3728125508787757e-10
01051009080,010-5100-9080,original,1.000000000276387,53,-1.0959676276311081e-10
01051009080,010-5100-9080,original,1.000000000276387,54,1.3818846161634339e-12
01051009080,010-5100-9080,original,1.000000000276387,55,2.0020271689976125e-10
01051009080,010-5100-9080,original,1.000000000276387,56,7.924407814781713e-11
01051009080,010-5100-9080,original,1.000000000276387,57,3.7131872552353544e-11
01051009080,010-5100-9080,original,1.000000000276387,58,2.1166441397764012e-11
01051009080,010-5100-9080,original,1.000000000276387,59,-2.0375277935354328e-10
01051009080,010-5100-9080,original,1.000000000276387,60,-6.048563482061673e-12
01051009080,010-5100-9080,original,1.000000000276387,61,-7.988027715190793e-11
01051009080,010-5100-9080,original,1.000000000276387,62,-2.4302461473568383e-10
01051009080,010-5100-9080,original,1.000000000276387,63,-2.7183789126871476e-11
01051009080,010-5100-9080,original,1.000000000276387,64,-9.961032725824304e-11
01051009080,010-5100-9080,original,1.000000000276387,65,3.125824971321178e-10
01051009080,010-5100-9080,original,1.000000000276387,66,-2.294710858567969e-10
01051009080,010-5100-9080,original,1.000000000276387,67,-1.489815273058775e-10
01051009080,010-5100-9080,original,1.000000000276387,68,7.848662419899098e-11
01051009080,010-5100-9080,original,1.000000000276387,69,1.8930386683165385e-10
01051009080,010-5100-9080,original,1.000000000276387,70,2.3719877581652575e-11
01051009080,010-5100-9080,original,1.000000000276387,71,9.118891211640631e-11
01051009080,010-5100-9080,original,1.000000000276387,72,-1.52760257231943e-11
01051009080,010-5100-9080,original,1.000000000276387,73,-9.764402648989335e-12
01051009080,010-5100-9080,original,1.000000000276387,74,-5.57536618386366e-11
01051009080,010-5100-9080,original,1.000000000276387,75,1.2627895395749874e-10
01051009080,010-5100-9080,original,1.000000000276387,76,-1.340455031965346e-10
01051009080,010-5100-9080,original,1.000000000276387,77,-1.4460649162307791e-11
01051009080,010-5100-9080,original,1.000000000276387,78,1.4569425921557622e-10
01051009080,010-5100-9080,original,1.000000000276387,79,4.454145815575958e-11
01051009080,010-5100-9080,original,1.000000000276387,80,8.125233082211552e-12
01051009080,010-5100-9080,original,1.000000000276387,81,-4.638982250821786e-12
01051009080,010-5100-9080,original,1.000000000276387,82,-2.238471486334048e-10
01051009080,010-5100-9080,original,1.000000000276387,83,-2.673167851013342e-12
01051009080,010-5100-9080,original,1.000000000276387,84,2.688247086173738e-11
01051009080,010-5100-9080,original,1.000000000276387,85,-3.514818797096276e-11
01051009080,010-5100-9080,original,1.000000000276387,86,-4.903110688753984e-10
01051009080,010-5100-9080,original,1.000000000276387,87,-1.184201169997973e-10
01051009080,010-5100-9080,original,1.000000000276387,88,-1.8946486612560877e-11
01051009080,010-5100-9080,original,1.000000000276387,89,1.8149398936395723e-11
01051009080,010-5100-9080,original,1.000000000276387,90,-3.508699883818151e-11
01051009080,010-5100-9080,original,1.000000000276387,91,8.321154565534219e-11
01051009080,010-5100-9080,original,1.000000000276387,92,1.5982744887440636e-11
01051009080,010-5100-9080,original,1.000000000276387,93,4.867067175505937e-11
01051009080,010-5100-9080,original,1.000000000276387,94,-2.2584622396216722e-11
01051009080,010-5100-9080,original,1.000000000276387,95,2.330498328257825e-11
01051009080,010-5100-9080,original,1.000000000276387,96,-5.787884092518391e-11
01051009080,010-5100-9080,original,1.000000000276387,97,-2.8008759321847775e-10
01051009080,010-5100-9080,original,1.000000000276387,98,2.5520328822418817e-10
01051009080,010-5100-9080,original,1.000000000276387,99,6.7240910926449686e-12
01051009080,010-5100-9080,original,1.000000000276387,100,8.255269843355471e-11
01051009080,010-5100-9080,original,1.000000000276387,101,5.535326878503172e-11
01051009080,010-5100-9080,original,1.000000000276387,102,-2.7553162667945476e-10
01051009080,010-5100-9080,original,1.000000000276387,103,-1.7938989324116466e-10
01051009080,010-5100-9080,original,1.000000000276387,104,2.2807650366241487e-10
01051009080,010-5100-9080,original,1.000000000276387,105,5.206843628275831e-11
01051009080,010-5100-9080,original,1.000000000276387,106,-6.68086401061322e-11
01051009080,010-5100-9080,original,1.000000000276387,107,-7.855162464390248e-12
01051009080,010-5100-9080,original,1.000000000276387,108,-3.37603129299606e-11
01051009080,010-5100-9080,original,1.000000000276387,109,-2.2635534867106158e-10
01051009080,010-5100-9080,original,1.000000000276387,110,3.243103664891272e-11
01051009080,010-5100-9080,original,1.000000000276387,111,-2.781484615284581e-10
01051009080,010-5100-9080,original,1.000000000276387,112,-1.8851406977449556e-10
01051009080,010-5100-9080,original,1.000000000276387,113,-7.294046418346258e-12
01051009080,010-5100-9080,original,1.000000000276387,114,-6.94025625884274e-11
01051009080,010-5100-9080,original,1.000000000276387,115,-8.345295727693823e-11
01051009080,010-5100-9080,original,1.000000000276387,116,-2.1500237554820156e-11
01051009080,010-5100-9080,original,1.000000000276387,117,-1.628425234476422e-10
01051009080,010-5100-9080,original,1.000000000276387,118,3.998508298177049e-10
01051009080,010-5100-9080,original,1.000000000276387,119,-1.0781928075934024e-10
01051009080,010-5100-9080,original,1.000000000276387,120,4.8124267355682195e-12
01051009080,010-5100-9080,original,1.000000000276387,121,1.0928430861958325e-10
01051009080,010-5100-9080,original,1.000000000276387,122,2.912046100629084e-10
01051009080,010-5100-9080,original,1.000000000276387,123,3.072997884316734e-12
01051009080,010-5100-9080,original,1.000000000276387,124,1.9426277471459019e-10
01051009080,010-5100-9080,original,1.000000000276387,125,-2.2643460998222539e-10
01051009080,010-5100-9080,original,1.000000000276387,126,-1.120354360469059e-10
01051009080,010-5100-9080,original,1.000000000276387,127,-6.248049155963719e-11
01051009080,010-5100-9080,original,1.000000000276387,128,-8.371972171035741e-12
01051009080,010-5100-9080,original,1.000000000276387,129,-2.4480417557964356e-11
01051009080,010-5100-9080,original,1.000000000276387,130,-7.604093715520366e-11
01051009080,010-5100-9080,original,1.000000000276387,131,2.7201767469762293e-10
01051009080,010-5100-9080,original,1.000000000276387,132,1.657229974122142e-11
01051009080,010-5100-9080,original,1.000000000276387,133,-4.3388702478084524e-11
01051009080,010-5100-9080,original,1.000000000276387,134,1.0276436354917115e-10
01051009080,010-5100-9080,original,1.000000000276387,135,4.580073255664334e-11
01051009080,010-5100-9080,original,1.000000000276387,136,-1.490653562698667e-11
01051009080,010-5100-9080,original,1.000000000276387,137,-8.157294200787361e-11
01051009080,010-5100-9080,original,1.000000000276387,138,-9.400707450652911e-12
01051009080,010-5100-9080,original,1.000000000276387,139,1.1433264288974736e-10
01051009080,010-5100-9080,original,1.000000000276387,140,7.485217550453367e-11
01051009080,010-5100-9080,original,1.000000000276387,141,1.1013063893093466e-10
01051009080,010-5100-9080,original,1.000000000276387,142,1.6758679089974592e-10
01051009080,010-5100-9080,original,1.000000000276387,143,-9.069738503798378e-11
01051009080,010-5100-9080,original,1.000000000276387,144,1.0153124676639689e-10
01051009080,010-5100-9080,original,1.000000000276387,145,2.5397432589943844e-12
01051009080,010-5100-9080,original,1.000000000276387,146,-1.3705007014952014e-10
01051009080,010-5100-9080,original,1.000000000276387,147,-3.888176946485432e-10
01051009080,010-5100-9080,original,1.000000000276387,148,-7.855418459310828e-11
01051009080,010-5100-9080,original,1.000000000276387,149,1.9174313549357734e-10
01051009080,010-5100-9080,original,1.000000000276387,150,2.112753664458615e-10
01051009080,010-5100-9080,original,1.000000000276387,151,-9.691602539223737e-11
01051009080,010-5100-9080,original,1.000000000276387,152,1.9445883157227102e-10
01051009080,010-5100-9080,original,1.000000000276387,153,-2.9512711646173647e-11
01051009080,010-5100-9080,original,1.000000000276387,154,2.34915029384082e-11
01051009080,010-5100-9080,original,1.000000000276387,155,3.623534303687579e-10
01051009080,010-5100-9080,original,1.000000000276387,156,1.6804900058672075e-10
01051009080,010-5100-9080,original,1.000000000276387,157,4.6995816192814994e-11
01051009080,010-5100-9080,original,1.000000000276387,158,-2.894215254786152e-10
01051009080,010-5100-9080,original,1.000000000276387,159,-5.055839447879802e-11
01051009080,010-5100-9080,original,1.000000000276387,160,-8.489685260389758e-11
01051009080,010-5100-9080,original,1.000000000276387,161,-1.0922657702014991e-10
01051009080,010-5100-9080,original,1.000000000276387,162,-2.801081157804326e-11
01051009080,010-5100-9080,original,1.000000000276387,163,-1.3092375501923875e-11
01051009080,010-5100-9080,original,1.000000000276387,164,1.7066799149374008e-10
01051009080,010-5100-9080,original,1.000000000276387,165,-3.070556016416507e-10
01051009080,010-5100-9080,original,1.000000000276387,166,-8.530191260197693e-11
01051009080,010-5100-9080,original,1.000000000276387,167,1.7994928765577038e-10
01051009080,010-5100-9080,original,1.000000000276387,168,-1.9453813357336004e-10
01051009080,010-5100-9080,original,1.000000000276387,169,-3.104042584751856e-10
01051009080,010-5100-9080,original,1.000000000276387,170,1.0138199129821068e-10
01051009080,010-5100-9080,original,1.000000000276387,171,-4.193150216436795e-11
01051009080,010-5100-9080,original,1.000000000276387,172,4.940994932728695e-11
01051009080,010-5100-9080,original,1.000000000276387,173,-8.128816767894296e-11
01051009080,010-5100-9080,original,1.000000000276387,174,-1.983432258752817e-11
01051009080,010-5100-9080,original,1.000000000276387,175,-2.2909682268134893e-10
01051009080,010-5100-9080,original,1.000000000276387,176,-1.828348588459755e-11
01051009080,010-5100-9080,original,1.000000000276387,177,1.0743377212623104e-11
01051009080,010-5100-9080,original,1.000000000276387,178,1.2082134152661866e-10
01051009080,010-5100-9080,original,1.000000000276387,179,4.635568283216243e-10
01051009080,010-5100-9080,original,1.000000000276387,180,1.9684024009895577e-10
01051009080,010-5100-9080,original,1.000000000276387,181,0.9999996996854106
01051009080,010-5100-9080,original,1.000000000276387,182,0.9999996910970785
01051009080,010-5100-9080,original,1.000000000276387,183,0.999999683852157
01051009080,010-5100-9080,original,1.000000000276387,184,-4.820595918435951e-11
01051009080,010-5100-9080,original,1.000000000276387,185,-8.083782452621282e-11
01051009080,010-5100-9080,original,1.000000000276387,186,1.8963623687727633e-10
01051009080,010-5100-9080,original,1.000000000276387,187,-3.539456490263429e-11
01051009080,010-5100-9080,original,1.000000000276387,188,2.0687884500268574e-11
01051009080,010-5100-9080,original,1.000000000276387,189,1.868152899565625e-10
01051009080,010-5100-9080,original,1.000000000276387,190,-3.0921089282374164e-11
01051009080,010-5100-9080,original,1.000000000276387,191,-1.0392743786700177e-10
01051009080,010-5100-9080,original,1.000000000276387,192,-8.733864000192444e-11
01051009080,010-5100-9080,original,1.000000000276387,193,1.60809520231595e-10
01051009080,010-5100-9080,original,1.000000000276387,194,-8.117455343407758e-12
01051009080,010-5100-9080,original,1.000000000276387,195,-8.647570866039686e-11
01051009080,010-5100-9080,original,1.000000000276387,196,-6.072175230648014e-11
01051009080,010-5100-9080,original,1.000000000276387,197,-1.301077746362355e-10
01051009080,010-5100-9080,original,1.000000000276387,198,-2.015079584843333e-10
01051009080,010-5100-9080,original,1.000000000276387,199,6.882502092758115e-10
01051009080,010-5100-9080,original,1.000000000276387,200,-1.672170447161553e-11
01051009080,010-5100-9080,original,1.000000000276387,201,2.95392242132649e-11
01051009080,010-5100-9080,original,1.000000000276387,202,-1.3025385201956222e-10
01051009080,010-5100-9080,original,1.000000000276387,203,-3.4678358053638603e-11
01051009081,010-5100-9081,"one digit, last group",-3.2348625882740197e-10,0,8.22857906450846e-11
01051009081,010-5100-9081,"one digit, last group",-3.2348625882740197e-10,1,-2.229453126190136e-10
01051009081,010-5100-9081,"one digit, last group",-3.2348625882740197e-10,2,1.4827440633060852e-10
01051009081,010-5100-9081,"one digit, last group",-3.2348625882740197e-10,3,1.8829271762801285e-11
01051009081,010-5100-9081,"one digit, last group",-3.2348625882740197e-10,4,-1.804408640352022e-10
01051009081,010-5100-9081,"one digit, last group",-3.2348625882740197e-10,5,-3.171939777268831e-11
01051009081,010-5100-9081,"one digit, last group",-3.2348625882740197e-10,6,1.0779451112726995e-10
01051009081,010-5100-9081,"one digit, last group",-3.2348625882740197e-10,7,2.8512443341937696e-10
01051009081,010-5100-9081,"one digit, last group",-3.2348625882740197e-10,8,-2.3656612235770755e-11
01051009081,010-5100-9081,"one digit, last group",-3.2348625882740197e-10,9,-3.178545626001031e-11
01051009081,010-5100-9081,"one digit, last group",-3.2348625882740197e-10,10,-9.600373324515788e-12
01051009081,010-5100-9081,"one digit, last group",-3.2348625882740197e-10,11,-2.338481004605546e-10
01051009081,010-5100-9081,"one digit, last group",-3.2348625882740197e-10,12,1.7482805262190509e-10
01051009081,010-5100-9081,"one digit, last group",-3.2348625882740197e-10,13,2.7058177386062694e-11
01051009081,010-5100-9081,"one digit, last group",-3.2348625882740197e-10,14,-1.302584160369306e-10
01051009081,010-5100-9081,"one digit, last group",-3.2348625882740197e-10,15,-1.0420663669747155e-10
01051009081,010-5100-9081,"one digit, last group",-3.2348625882740197e-10,16,3.5759091693925525e-12
01051009081,010-5100-9081,"one digit, last group",-3.2348625882740197e-10,17,-1.4299189989439848e-10
01051009081,010-5100-9081,"one digit, last group",-3.2348625882740197e-10,18,-2.187446975443741e-10
01051009081,010-5100-9081,"one digit, last group",-3.2348625882740197e-10,19,-4.224204799027287e-11
01051009081,010-5100-9081,"one digit, last group",-3.2348625882740197e-10,20,-4.449396153395337e-11
01051009081,010-5100-9081,"one digit, last group",-3.2348625882740197e-10,21,-1.392143415014961e-10
01051009081,010-5100-9081,"one digit, last group",-3.2348625882740197e-10,22,-1.762746901449387e-10
01051009081,010-5100-9081,"one digit, last group",-3.2348625882740197e-10,23,-4.7046219499398046e-11
01051009081,010-5100-9081,"one digit, last group",-3.2348625882740197e-10,24,8.170221903150938e-11
01051009081,010-5100-9081,"one digit, last group",-3.2348625882740197e-10,25,-7.888042205642553e-11
01051009081,010-5100-9081,"one digit, last group",-3.2348625882740197e-10,26,-1.2139325687077427e-11
01051009081,010-5100-9081,"one digit, last group",-3.2348625882740197e-10,27,1.7556686237046236e-10
01051009081,010-5100-9081,"one digit, last group",-3.2348625882740197e-10,28,9.581985600636402e-11
01051009081,010-5100-9081,"one digit, last group",-3.2348625882740197e-10,29,9.600945403318187e-11
01051009081,010-5100-9081,"one digit, last group",-3.2348625882740197e-10,30,-4.140973271886344e-11
01051009081,010-5100-9081,"one digit, last group",-3.2348625882740197e-10,31,-1.3610835091765122e-10
01051009081,010-5100-9081,"one digit, last group",-3.2348625882740197e-10,32,1.4135213832510743e-10
01051009081,010-5100-9081,"one digit, last group",-3.2348625882740197e-10,33,-4.604100373754688e-11
01051009081,010-5100-9081,"one digit, last group",-3.2348625882740197e-10,34,2.425711493189014e-10
01051009081,010-5100-9081,"one digit, last group",-3.2348625882740197e-10,35,1.3408852899969164e-11
01051009081,010-5100-9081,"one digit, last group",-3.2348625882740197e-10,36,2.912123570995532e-11
01051009081,010-5100-9081,"one digit, last group",-3.2348625882740197e-10,37,1.1011099205871604e-10
01051009081,010-5100-9081,"one digit, last group",-3.2348625882740197e-10,38,-1.659155141759663e-12
01051009081,010-5100-9081,"one digit, last group",-3.2348625882740197e-10,39,1.2297533068927001e-10
01051009081,010-5100-9081,"one digit, last group",-3.2348625882740197e-10,40,-1.667534138212518e-10
01051009081,010-5100-9081,"one digit, last group",-3.2348625882740197e-10,41,-7.618913924776158e-12
01051009081,010-5100-9081,"one digit, last group",-3.2348625882740197e-10,42,-4.4366877243934914e-11
01051009081,010-5100-9081,"one digit, last group",-3.2348625882740197e-10,43,2.7626024170722044e-11
01051009081,010-5100-9081,"one digit, last group",-3.2348625882740197e-10,44,1.9572030596294424e-11
01051009081,010-5100-9081,"one digit, last group",-3.2348625882740197e-10,45,-1.9208251886447924e-10
01051009081,010-5100-9081,"one digit, last group",-3.2348625882740197e-10,46,8.414514765659557e-11
01051009081,010-5100-9081,"one digit, last group",-3.2348625882740197e-10,47,1.7530198481389148e-10
01051009081,010-5100-9081,"one digit, last group",-3.2348625882740197e-10,48,1.6210956511728139e-10
01051009081,010-5100-9081,"one digit, last group",-3.2348625882740197e-10,49,2.208160331942552e-10
01051009081,010-5100-9081,"one digit, last group",-3.2348625882740197e-10,50,2.1329928922900772e-10
01051009081,010-5100-9081,"one digit, last group",-3.2348625882740197e-10,51,1.3567965835668215e-11
01051009081,010-5100-9081,"one digit, last group",-3.2348625882740197e-10,52,4.6886214218787157e-11
01051009081,010-5100-9081,"one digit, last group",-3.2348625882740197e-10,53,8.128643757962889e-11
01051009081,010-5100-9081,"one digit, last group",-3.2348625882740197e-10,54,1.0001364759798729e-10
01051009081,010-5100-9081,"one digit, last group",-3.2348625882740197e-10,55,-9.070450483947129e-11
01051009081,010-5100-9081,"one digit, last group",-3.2348625882740197e-10,56,-2.169421087941255e-10
01051009081,010-5100-9081,"one digit, last group",-3.2348625882740197e-10,57,1.817377496709969e-11
01051009081,010-5100-9081,"one digit, last group",-3.2348625882740197e-10,58,-1.3616739842267623e-11
01051009081,010-5100-9081,"one digit, last group",-3.2348625882740197e-10,59,1.0957527389600502e-10
01051009081,010-5100-9081,"one digit, last group",-3.2348625882740197e-10,60,2.4926311324262485e-11
01051009081,010-5100-9081,"one digit, last group",-3.2348625882740197e-10,61,3.0148484617217226e-11
01051009081,010-5100-9081,"one digit, last group",-3.2348625882740197e-10,62,-4.14153174388397e-11
01051009081,010-5100-9081,"one digit, last group",-3.2348625882740197e-10,63,4.365430215539403e-11
01051009081,010-5100-9081,"one digit, last group",-3.2348625882740197e-10,64,-2.8921391828368897e-11
01051009081,010-5100-9081,"one digit, last group",-3.2348625882740197e-10,65,1.9815538515596354e-10
01051009081,010-5100-9081,"one digit, last group",-3.2348625882740197e-10,66,-2.078794534322742e-10
01051009081,010-5100-9081,"one digit, last group",-3.2348625882740197e-10,67,1.0185483592151753e-10
01051009081,010-5100-9081,"one digit, last group",-3.2348625882740197e-10,68,-7.962526381701518e-11
01051009081,010-5100-9081,"one digit, last group",-3.2348625882740197e-10,69,-6.53160616903733e-11
01051009081,010-5100-9081,"one digit, last group",-3.2348625882740197e-10,70,-2.3023673793134927e-10
01051009081,010-5100-9081,"one digit, last group",-3.2348625882740197e-10,71,-1.3060430794971447e-10
01051009081,010-5100-9081,"one digit, last group",-3.2348625882740197e-10,72,-3.3937340249412846e-11
01051009081,010-5100-9081,"one digit, last group",-3.2348625882740197e-10,73,2.3824662986430385e-11
01051009081,010-5100-9081,"one digit, last group",-3.2348625882740197e-10,74,-5.2354848579558783e-11
01051009081,010-5100-9081,"one digit, last group",-3.2348625882740197e-10,75,2.2487113051740065e-11
01051009081,010-5100-9081,"one digit, last group",-3.2348625882740197e-10,76,2.5192987427921796e-12
01051009081,010-5100-9081,"one digit, last group",-3.2348625882740197e-10,77,3.960684999667428e-12
01051009081,010-5100-9081,"one digit, last group",-3.2348625882740197e-10,78,-4.749580199994267e-10
01051009081,010-5100-9081,"one digit, last group",-3.2348625882740197e-10,79,2.573416167231326e-10
01051009081,010-5100-9081,"one digit, last group",-3.2348625882740197e-10,80,1.1417634729333859e-10
01051009081,010-5100-9081,"one digit, last group",-3.2348625882740197e-10,81,1.6020225167931808e-11
01051009081,010-5100-9081,"one digit, last group",-3.2348625882740197e-10,82,3.448235144631749e-11
01051009081,010-5100-9081,"one digit, last group",-3.2348625882740197e-10,83,3.768407146191461e-11
01051009081,010-5100-9081,"one digit, last group",-3.2348625882740197e-10,84,4.4422177556807346e-11
01051009081,010-5100-9081,"one digit, last group",-3.2348625882740197e-10,85,2.3603891988819202e-11
01051009081,010-5100-9081,"one digit, last group",-3.2348625882740197e-10,86,1.96241413872536e-10
01051009081,010-5100-9081,"one digit, last group",-3.2348625882740197e-10,87,1.1378707959058146e-10
01051009081,010-5100-9081,"one digit, last group",-3.2348625882740197e-10,88,-1.2116339840333565e-10
01051009081,010-5100-9081,"one digit, last group",-3.2348625882740197e-10,89,-1.7321614561483956e-10
01051009081,010-5100-9081,"one digit, last group",-3.2348625882740197e-10,90,6.994485914832768e-11
01051009081,010-5100-9081,"one digit, last group",-3.2348625882740197e-10,91,-1.1555691022157524e-10
01051009081,010-5100-9081,"one digit, last group",-3.2348625882740197e-10,92,-2.6048652047018258e-11
01051009081,010-5100-9081,"one digit, last group",-3.2348625882740197e-10,93,1.143647741458662e-10
01051009081,010-5100-9081,"one digit, last group",-3.2348625882740197e-10,94,1.616260504415134e-10
01051009081,010-5100-9081,"one digit, last group",-3.2348625882740197e-10,95,1.21708376285131e-10
01051009081,010-5100-9081,"one digit, last group",-3.2348625882740197e-10,96,2.429052474995781e-10
01051009081,010-5100-9081,"one digit, last group",-3.2348625882740197e-10,97,2.764257578422753e-10
01051009081,010-5100-9081,"one digit, last group",-3.2348625882740197e-10,98,-2.331689422270099e-10
01051009081,010-5100-9081,"one digit, last group",-3.2348625882740197e-10,99,-2.663730292159275e-11
01051009081,010-5100-9081,"one digit, last group",-3.2348625882740197e-10,100,1.671228684675387e-10
01051009081,010-5100-9081,"one digit, last group",-3.2348625882740197e-10,101,-2.188254953646389e-10
01051009081,010-5100-9081,"one digit, last group",-3.2348625882740197e-10,102,1.6449488396723798e-10
01051009081,010-5100-9081,"one digit, last group",-3.2348625882740197e-10,103,-6.560163392957829e-11
01051009081,010-5100-9081,"one digit, last group",-3.2348625882740197e-10,104,-4.444526803739679e-11
01051009081,010-5100-9081,"one digit, last group",-3.2348625882740197e-10,105,1.391045929002964e-10
01051009081,010-5100-9081,"one digit, last group",-3.2348625882740197e-10,106,8.250330934962342e-11
01051009081,010-5100-9081,"one digit, last group",-3.2348625882740197e-10,107,-7.887129335774925e-11
01051009081,010-5100-9081,"one digit, last group",-3.2348625882740197e-10,108,3.3516350882048767e-11
01051009081,010-5100-9081,"one digit, last group",-3.2348625882740197e-10,109,-8.448736917180878e-11
01051009081,010-5100-9081,"one digit, last group",-3.2348625882740197e-10,110,2.8483337156409804e-11
01051009081,010-5100-9081,"one digit, last group",-3.2348625882740197e-10,111,-1.6975984642483117e-10
01051009081,010-5100-9081,"one digit, last group",-3.2348625882740197e-10,112,2.2500877457121302e-10
01051009081,010-5100-9081,"one digit, last group",-3.2348625882740197e-10,113,-1.1758294056692336e-11
01051009081,010-5100-9081,"one digit, last group",-3.2348625882740197e-10,114,1.6670455904478284e-10
01051009081,010-5100-9081,"one digit, last group",-3.2348625882740197e-10,115,-4.5761326006050395e-11
01051009081,010-5100-9081,"one digit, last group",-3.2348625882740197e-10,116,-4.603238195449811e-11
01051009081,010-5100-9081,"one digit, last group",-3.2348625882740197e-10,117,-2.923150673737028e-10
01051009081,010-5100-9081,"one digit, last group",-3.2348625882740197e-10,118,1.521289077034843e-10
01051009081,010-5100-9081,"one digit, last group",-3.2348625882740197e-10,119,-9.675995652419023e-11
01051009081,010-5100-9081,"one digit, last group",-3.2348625882740197e-10,120,7.696180786094485e-11
01051009081,010-5100-9081,"one digit, last group",-3.2348625882740197e-10,121,9.022870047612491e-11
01051009081,010-5100-9081,"one digit, last group",-3.2348625882740197e-10,122,-1.2971022776916728e-10
01051009081,010-5100-9081,"one digit, last group",-3.2348625882740197e-10,123,-1.1842477211751417e-10
01051009081,010-5100-9081,"one digit, last group",-3.2348625882740197e-10,124,1.1276788961748472e-10
01051009081,010-5100-9081,"one digit, last group",-3.2348625882740197e-10,125,1.633877163668763e-10
01051009081,010-5100-9081,"one digit, last group",-3.2348625882740197e-10,126,1.4271610961481759e-11
01051009081,010-5100-9081,"one digit, last group",-3.2348625882740197e-10,127,-2.7394508981414577e-10
01051009081,010-5100-9081,"one digit, last group",-3.2348625882740197e-10,128,-1.5486700325663316e-10
01051009081,010-5100-9081,"one digit, last group",-3.2348625882740197e-10,129,-1.2420579789665373e-10
01051009081,010-5100-9081,"one digit, last group",-3.2348625882740197e-10,130,-6.027533602615837e-11
01051009081,010-5100-9081,"one digit, last group",-3.2348625882740197e-10,131,-1.8765194307836216e-11
01051009081,010-5100-9081,"one digit, last group",-3.2348625882740197e-10,132,-2.8569313540108546e-12
01051009081,010-5100-9081,"one digit, last group",-3.2348625882740197e-10,133,5.6866948987429895e-12
01051009081,010-5100-9081,"one digit, last group",-3.2348625882740197e-10,134,-7.052103081479577e-11
01051009081,010-5100-9081,"one digit, last group",-3.2348625882740197e-10,135,7.432472267729107e-11
01051009081,010-5100-9081,"one digit, last group",-3.2348625882740197e-10,136,5.226240224120227e-11
01051009081,010-5100-9081,"one digit, last group",-3.2348625882740197e-10,137,-3.64404239074044e-11
01051009081,010-5100-9081,"one digit, last group",-3.2348625882740197e-10,138,2.146959221662673e-10
01051009081,010-5100-9081,"one digit, last group",-3.2348625882740197e-10,139,-1.6916063603074493e-10
01051009081,010-5100-9081,"one digit, last group",-3.2348625882740197e-10,140,1.6105923357190955e-10
01051009081,010-5100-9081,"one digit, last group",-3.2348625882740197e-10,141,-5.416029498854053e-11
01051009081,010-5100-9081,"one digit, last group",-3.2348625882740197e-10,142,-1.1654882631572316e-10
01051009081,010-5100-9081,"one digit, last group",-3.2348625882740197e-10,143,1.0675960978743523e-10
01051009081,010-5100-9081,"one digit, last group",-3.2348625882740197e-10,144,-6.4496517796401e-12
01051009081,010-5100-9081,"one digit, last group",-3.2348625882740197e-10,145,-6.995304929226691e-12
01051009081,010-5100-9081,"one digit, last group",-3.2348625882740197e-10,146,2.640309956552081e-11
01051009081,010-5100-9081,"one digit, last group",-3.2348625882740197e-10,147,1.6884072047590656e-11
01051009081,010-5100-9081,"one digit, last group",-3.2348625882740197e-10,148,-5.556331383606074e-11
01051009081,010-5100-9081,"one digit, last group",-3.2348625882740197e-10,149,2.0294574193371349e-10
01051009081,010-5100-9081,"one digit, last group",-3.2348625882740197e-10,150,-2.0067989341895954e-10
01051009081,010-5100-9081,"one digit, last group",-3.2348625882740197e-10,151,1.8607060349944442e-11
01051009081,010-5100-9081,"one digit, last group",-3.2348625882740197e-10,152,-1.0290166725640172e-11
01051009081,010-5100-9081,"one digit, last group",-3.2348625882740197e-10,153,-4.809976811647926e-11
01051009081,010-5100-9081,"one digit, last group",-3.2348625882740197e-10,154,-1.8061206001244892e-11
01051009081,010-5100-9081,"one digit, last group",-3.2348625882740197e-10,155,-1.8516831636735743e-10
01051009081,010-5100-9081,"one digit, last group",-3.2348625882740197e-10,156,2.6566425169556635e-11
01051009081,010-5100-9081,"one digit, last group",-3.2348625882740197e-10,157,2.54960357233695e-11
01051009081,010-5100-9081,"one digit, last group",-3.2348625882740197e-10,158,-9.326891156047269e-11
01051009081,010-5100-9081,"one digit, last group",-3.2348625882740197e-10,159,1.1731902115674945e-10
01051009081,010-5100-9081,"one digit, last group",-3.2348625882740197e-10,160,-8.578698551675305e-11
01051009081,010-5100-9081,"one digit, last group",-3.2348625882740197e-10,161,4.9306786206762455e-12
01051009081,010-5100-9081,"one digit, last group",-3.2348625882740197e-10,162,-6.141536609876731e-11
01051009081,010-5100-9081,"one digit, last group",-3.2348625882740197e-10,163,3.0932118031311395e-11
01051009081,010-5100-9081,"one digit, last group",-3.2348625882740197e-10,164,-1.062963833220282e-11
01051009081,010-5100-9081,"one digit, last group",-3.2348625882740197e-10,165,3.123230878557421e-10
01051009081,010-5100-9081,"one digit, last group",-3.2348625882740197e-10,166,2.296588818031651e-11
01051009081,010-5100-9081,"one digit, last group",-3.2348625882740197e-10,167,-4.7026607150884934e-11
01051009081,010-5100-9081,"one digit, last group",-3.2348625882740197e-10,168,1.0961511760040514e-11
01051009081,010-5100-9081,"one digit, last group",-3.2348625882740197e-10,169,3.5083209412772646e-10
01051009081,010-5100-9081,"one digit, last group",-3.2348625882740197e-10,170,4.9703409280863713e-11
01051009081,010-5100-9081,"one digit, last group",-3.2348625882740197e-10,171,-1.6645562920786782e-10
01051009081,010-5100-9081,"one digit, last group",-3.2348625882740197e-10,172,1.575319965521912e-11
01051009081,010-5100-9081,"one digit, last group",-3.2348625882740197e-10,173,1.2110934507060174e-10
01051009081,010-5100-9081,"one digit, last group",-3.2348625882740197e-10,174,-1.272744299554416e-10
01051009081,010-5100-9081,"one digit, last group",-3.2348625882740197e-10,175,-2.5003632922601815e-10
01051009081,010-5100-9081,"one digit, last group",-3.2348625882740197e-10,176,-5.278166207557641e-11
01051009081,010-5100-9081,"one digit, last group",-3.2348625882740197e-10,177,-1.742674559880906e-11
01051009081,010-5100-9081,"one digit, last group",-3.2348625882740197e-10,178,1.8131829383898985e-10
01051009081,010-5100-9081,"one digit, last group",-3.2348625882740197e-10,179,-3.201523764763027e-10
01051009081,010-5100-9081,"one digit, last group",-3.2348625882740197e-10,180,-1.1916501996790336e-10
01051009081,010-5100-9081,"one digit, last group",-3.2348625882740197e-10,181,8.102220336224804e-09
01051009081,010-5100-9081,"one digit, last group",-3.2348625882740197e-10,182,4.055102846787854e-09
01051009081,010-5100-9081,"one digit, last group",-3.2348625882740197e-10,183,-1.520435873649747e-08
01051009081,010-5100-9081,"one digit, last group",-3.2348625882740197e-10,184,-1.5357482137888274e-11
01051009081,010-5100-9081,"one digit, last group",-3.2348625882740197e-10,185,5.555479020834677e-11
01051009081,010-5100-9081,"one digit, last group",-3.2348625882740197e-10,186,1.869456182738383e-10
01051009081,010-5100-9081,"one digit, last group",-3.2348625882740197e-10,187,-3.7280307702560446e-11
01051009081,010-5100-9081,"one digit, last group",-3.2348625882740197e-10,188,-4.525501718526397e-11
01051009081,010-5100-9081,"one digit, last group",-3.2348625882740197e-10,189,2.4881089632398296e-10
01051009081,010-5100-9081,"one digit, last group",-3.2348625882740197e-10,190,-1.5108511436612394e-10
01051009081,010-5100-9081,"one digit, last group",-3.2348625882740197e-10,191,-6.107539878218579e-11
01051009081,010-5100-9081,"one digit, last group",-3.2348625882740197e-10,192,1.4322878504317094e-11
01051009081,010-5100-9081,"one digit, last group",-3.2348625882740197e-10,193,1.0689238960574437e-11
01051009081,010-5100-9081,"one digit, last group",-3.2348625882740197e-10,194,5.929795814332221e-11
01051009081,010-5100-9081,"one digit, last group",-3.2348625882740197e-10,195,1.1988989707394832e-10
01051009081,010-5100-9081,"one digit, last group",-3.2348625882740197e-10,196,-2.9816122239110053e-11
01051009081,010-5100-9081,"one digit, last group",-3.2348625882740197e-10,197,-1.6354181967162814e-11
01051009081,010-5100-9081,"one digit, last group",-3.2348625882740197e-10,198,-1.7436048753382027e-10
01051009081,010-5100-9081,"one digit, last group",-3.2348625882740197e-10,199,-2.390234264308121e-11
01051009081,010-5100-9081,"one digit, last group",-3.2348625882740197e-10,200,1.331519732122229e-10
01051009081,010-5100-9081,"one digit, last group",-3.2348625882740197e-10,201,8.5604143560297e-11
01051009081,010-5100-9081,"one digit, last group",-3.2348625882740197e-10,202,6.464931625791186e-10
01051009081,010-5100-9081,"one digit, last group",-3.2348625882740197e-10,203,2.5555391353178817e-11
01052001582,010-5200-1582,original,1.000000000403406,0,-7.890433753145232e-11
01052001582,010-5200-1582,original,1.000000000403406,1,-3.399364164580208e-10
01052001582,010-5200-1582,original,1.000000000403406,2,3.2460435115162155e-11
01052001582,010-5200-1582,original,1.000000000403406,3,1.7051057379842802e-11
01052001582,010-5200-1582,original,1.000000000403406,4,-3.375511188095838e-11
01052001582,010-5200-1582,original,1.000000000403406,5,-1.559298729990002e-10
01052001582,010-5200-1582,original,1.000000000403406,6,1.649074186296369e-11
01052001582,010-5200-1582,original,1.000000000403406,7,1.480416711137548e-10
01052001582,010-5200-1582,original,1.000000000403406,8,1.5113356536933892e-10
01052001582,010-5200-1582,original,1.000000000403406,9,3.452234651135842e-11
01052001582,010-5200-1582,original,1.000000000403406,10,-2.432803077064563e-11
01052001582,010-5200-1582,original,1.000000000403406,11,-1.6557424208025667e-12
01052001582,010-5200-1582,original,1.000000000403406,12,-7.82802168106983e-11
01052001582,010-5200-1582,original,1.000000000403406,13,-2.491056176965746e-10
01052001582,010-5200-1582,original,1.000000000403406,14,-8.33598844260449e-11
01052001582,010-5200-1582,original,1.000000000403406,15,-2.838658937119071e-11
01052001582,010-5200-1582,original,1.000000000403406,16,-2.172219011842747e-10
01052001582,010-5200-1582,original,1.000000000403406,17,7.043052385859121e-10
01052001582,010-5200-1582,original,1.000000000403406,18,-5.7372910936171227e-11
01052001582,010-5200-1582,original,1.000000000403406,19,5.1727701969048327e-11
01052001582,010-5200-1582,original,1.000000000403406,20,-2.7873791343859518e-11
01052001582,010-5200-1582,original,1.000000000403406,21,-4.337136680480784e-11
01052001582,010-5200-1582,original,1.000000000403406,22,1.5037583733544495e-10
01052001582,010-5200-1582,original,1.000000000403406,23,-1.1162969377098367e-10
01052001582,010-5200-1582,original,1.000000000403406,24,9.977145710890248e-11
01052001582,010-5200-1582,original,1.000000000403406,25,-1.1464664071269396e-11
01052001582,010-5200-1582,original,1.000000000403406,26,-3.3362979942619055e-10
01052001582,010-5200-1582,original,1.000000000403406,27,8.893155243889573e-11
01052001582,010-5200-1582,original,1.000000000403406,28,1.2587234573394136e-10
01052001582,010-5200-1582,original,1.000000000403406,29,5.709100878713306e-11
01052001582,010-5200-1582,original,1.000000000403406,30,5.471462731582892e-10
01052001582,010-5200-1582,original,1.000000000403406,31,4.937679661126294e-10
01052001582,010-5200-1582,original,1.000000000403406,32,1.945975418960748e-10
01052001582,010-5200-1582,original,1.000000000403406,33,1.4236055566684181e-11
01052001582,010-5200-1582,original,1.000000000403406,34,-7.106940497755301e-11
01052001582,010-5200-1582,original,1.000000000403406,35,-7.833216251743546e-11
01052001582,010-5200-1582,original,1.000000000403406,36,-1.9719383469195183e-10
01052001582,010-5200-1582,original,1.000000000403406,37,2.6347408138029594e-11
01052001582,010-5200-1582,original,1.000000000403406,38,-1.3977498977794602e-10
01052001582,010-5200-1582,original,1.000000000403406,39,3.728224617639902e-11
01052001582,010-5200-1582,original,1.000000000403406,40,-6.293232421760442e-11
01052001582,010-5200-1582,original,1.000000000403406,41,3.3136600432436754e-11
01052001582,010-5200-1582,original,1.000000000403406,42,-1.0035923406010098e-11
01052001582,010-5200-1582,original,1.000000000403406,43,-4.500324717557922e-11
01052001582,010-5200-1582,original,1.000000000403406,44,3.222211073666082e-11
01052001582,010-5200-1582,original,1.000000000403406,45,-1.2172805206016032e-11
01052001582,010-5200-1582,original,1.000000000403406,46,6.352264677957675e-12
01052001582,010-5200-1582,original,1.000000000403406,47,7.821531183094072e-11
01052001582,010-5200-1582,original,1.000000000403406,48,-2.9845435527043833e-10
01052001582,010-5200-1582,original,1.000000000403406,49,2.493429313346536e-10
01052001582,010-5200-1582,original,1.000000000403406,50,-8.606278522510661e-11
01052001582,010-5200-1582,original,1.000000000403406,51,-2.6393546078506927e-11
01052001582,010-5200-1582,original,1.000000000403406,52,8.615955259644185e-11
01052001582,010-5200-1582,original,1.000000000403406,53,-8.257327504301708e-11
01052001582,010-5200-1582,original,1.000000000403406,54,-1.3583203644170134e-11
01052001582,010-5200-1582,original,1.000000000403406,55,1.5934281961961892e-10
01052001582,010-5200-1582,original,1.000000000403406,56,4.448936370982454e-12
01052001582,010-5200-1582,original,1.000000000403406,57,-5.6015820311750875e-12
01052001582,010-5200-1582,original,1.000000000403406,58,-7.245016213908744e-12
01052001582,010-5200-1582,original,1.000000000403406,59,2.1569309794331375e-12
01052001582,010-5200-1582,original,1.000000000403406,60,-3.448662000778212e-12
01052001582,010-5200-1582,original,1.000000000403406,61,-5.0789665140353473e-11
01052001582,010-5200-1582,original,1.000000000403406,62,1.4188391192740796e-10
01052001582,010-5200-1582,original,1.000000000403406,63,-2.995175049848905e-11
01052001582,010-5200-1582,original,1.000000000403406,64,3.0690496158040964e-10
01052001582,010-5200-1582,original,1.000000000403406,65,1.137522962745993e-11
01052001582,010-5200-1582,original,1.000000000403406,66,-3.882631741495672e-10
01052001582,010-5200-1582,original,1.000000000403406,67,8.54137595945415e-11
01052001582,010-5200-1582,original,1.000000000403406,68,1.729001005314367e-11
01052001582,010-5200-1582,original,1.000000000403406,69,1.3723165606009346e-10
01052001582,010-5200-1582,original,1.000000000403406,70,8.143394288587662e-11
01052001582,010-5200-1582,original,1.000000000403406,71,-1.6580140398857477e-10
01052001582,010-5200-1582,original,1.000000000403406,72,9.886206457493975e-12
01052001582,010-5200-1582,original,1.000000000403406,73,1.2283297832428652e-10
01052001582,010-5200-1582,original,1.000000000403406,74,-1.211388272899427e-10
01052001582,010-5200-1582,original,1.000000000403406,75,4.969295321029271e-11
01052001582,010-5200-1582,original,1.000000000403406,76,-9.629026899345162e-11
01052001582,010-5200-1582,original,1.000000000403406,77,-5.8154789978432985e-11
01052001582,010-5200-1582,original,1.000000000403406,78,5.892515869749435e-10
01052001582,010-5200-1582,original,1.000000000403406,79,-4.471740367455074e-11
01052001582,010-5200-1582,original,1.000000000403406,80,-6.104089578278778e-11
01052001582,010-5200-1582,original,1.000000000403406,81,1.4906593232784484e-11
01052001582,010-5200-1582,original,1.000000000403406,82,-1.181809050649516e-10
01052001582,010-5200-1582,original,1.000000000403406,83,4.731664430223957e-11
01052001582,010-5200-1582,original,1.000000000403406,84,-1.870146663752066e-11
01052001582,010-5200-1582,original,1.000000000403406,85,-9.699295568612557e-12
01052001582,010-5200-1582,original,1.000000000403406,86,-2.5817151450902925e-10
01052001582,010-5200-1582,original,1.000000000403406,87,-3.873511919050798e-11
01052001582,010-5200-1582,original,1.000000000403406,88,-7.224458251512251e-11
01052001582,010-5200-1582,original,1.000000000403406,89,-1.696590849056822e-10
01052001582,010-5200-1582,original,1.000000000403406,90,-1.478817933522419e-10
01052001582,010-5200-1582,original,1.000000000403406,91,-1.175621896592107e-10
01052001582,010-5200-1582,original,1.000000000403406,92,-2.7374481236950813e-10
01052001582,010-5200-1582,original,1.000000000403406,93,-2.0432300331305853e-10
01052001582,010-5200-1582,original,1.000000000403406,94,-3.883298343955162e-11
01052001582,010-5200-1582,original,1.000000000403406,95,-9.339946192692205e-11
01052001582,010-5200-1582,original,1.000000000403406,96,2.4226728227520423e-10
01052001582,010-5200-1582,original,1.000000000403406,97,4.840348861896948e-10
01052001582,010-5200-1582,original,1.000000000403406,98,-6.961177338349581e-11
01052001582,010-5200-1582,original,1.000000000403406,99,-1.6209821067871444e-11
01052001582,010-5200-1582,original,1.000000000403406,100,3.528369618223812e-11
01052001582,010-5200-1582,original,1.000000000403406,101,1.0702130408545277e-10
01052001582,010-5200-1582,original,1.000000000403406,102,9.608385147606805e-12
01052001582,010-5200-1582,original,1.000000000403406,103,1.7246856483871864e-10
01052001582,010-5200-1582,original,1.000000000403406,104,9.130599676569967e-11
01052001582,010-5200-1582,original,1.000000000403406,105,9.96686095166265e-12
01052001582,010-5200-1582,original,1.000000000403406,106,7.232424264791929e-11
01052001582,010-5200-1582,original,1.000000000403406,107,-5.67019410405794e-11
01052001582,010-5200-1582,original,1.000000000403406,108,7.60408793894281e-11
01052001582,010-5200-1582,original,1.000000000403406,109,1.3040017461652691e-10
01052001582,010-5200-1582,original,1.000000000403406,110,-1.7609257904567356e-10
01052001582,010-5200-1582,original,1.000000000403406,111,-2.0312938017192244e-10
01052001582,010-5200-1582,original,1.000000000403406,112,1.9519213900963883e-10
01052001582,010-5200-1582,original,1.000000000403406,113,1.9358301672495873e-11
01052001582,010-5200-1582,original,1.000000000403406,114,6.753343153144385e-11
01052001582,010-5200-1582,original,1.000000000403406,115,3.344430249178455e-11
01052001582,010-5200-1582,original,1.000000000403406,116,9.506233049956673e-11
01052001582,010-5200-1582,original,1.000000000403406,117,1.5256435481185986e-10
01052001582,010-5200-1582,original,1.000000000403406,118,7.451560134628167e-11
01052001582,010-5200-1582,original,1.000000000403406,119,1.1761754087047016e-10
01052001582,010-5200-1582,original,1.000000000403406,120,6.552190565237905e-11
01052001582,010-5200-1582,original,1.000000000403406,121,-1.3259900423757083e-10
01052001582,010-5200-1582,original,1.000000000403406,122,-1.0690477412541798e-10
01052001582,010-5200-1582,original,1.000000000403406,123,4.132126375965939e-11
01052001582,010-5200-1582,original,1.000000000403406,124,3.0731516722650417e-10
01052001582,010-5200-1582,original,1.000000000403406,125,-3.0067644227773653e-10
01052001582,010-5200-1582,original,1.000000000403406,126,8.269495552345618e-11
01052001582,010-5200-1582,original,1.000000000403406,127,7.04789213520805e-11
01052001582,010-5200-1582,original,1.000000000403406,128,-1.0828386063077975e-10
01052001582,010-5200-1582,original,1.000000000403406,129,-2.6484845928759808e-12
01052001582,010-5200-1582,original,1.000000000403406,130,9.532600674303866e-12
01052001582,010-5200-1582,original,1.000000000403406,131,8.511633121739012e-11
01052001582,010-5200-1582,original,1.000000000403406,132,6.677970725131728e-11
01052001582,010-5200-1582,original,1.000000000403406,133,-5.663778348575128e-12
01052001582,010-5200-1582,original,1.000000000403406,134,2.6123647340265337e-10
01052001582,010-5200-1582,original,1.000000000403406,135,1.0002320055381818e-10
01052001582,010-5200-1582,original,1.000000000403406,136,3.636777164300832e-11
01052001582,010-5200-1582,original,1.000000000403406,137,-1.2040708017164837e-11
01052001582,010-5200-1582,original,1.000000000403406,138,1.2686255881583646e-10
01052001582,010-5200-1582,original,1.000000000403406,139,5.4202235630713516e-11
01052001582,010-5200-1582,original,1.000000000403406,140,5.0625807556778515e-11
01052001582,010-5200-1582,original,1.000000000403406,141,-5.55213498537928e-13
01052001582,010-5200-1582,original,1.000000000403406,142,2.2616375721117e-10
01052001582,010-5200-1582,original,1.000000000403406,143,-8.219868746827958e-11
01052001582,010-5200-1582,original,1.000000000403406,144,-1.3090233092637469e-10
01052001582,010-5200-1582,original,1.000000000403406,145,-5.858744836216684e-11
01052001582,010-5200-1582,original,1.000000000403406,146,7.341557415694719e-11
01052001582,010-5200-1582,original,1.000000000403406,147,4.215635634383591e-12
01052001582,010-5200-1582,original,1.000000000403406,148,-3.259377504205653e-11
01052001582,010-5200-1582,original,1.000000000403406,149,1.0475128330918022e-11
01052001582,010-5200-1582,original,1.000000000403406,150,1.3498157061842967e-10
01052001582,010-5200-1582,original,1.000000000403406,151,3.8575130010231685e-11
01052001582,010-5200-1582,original,1.000000000403406,152,5.569234371753441e-10
01052001582,010-5200-1582,original,1.000000000403406,153,1.2723084796667285e-10
01052001582,010-5200-1582,original,1.000000000403406,154,-2.2220680868786324e-12
01052001582,010-5200-1582,original,1.000000000403406,155,-8.59344065421508e-10
01052001582,010-5200-1582,original,1.000000000403406,156,-9.078895667986635e-11
01052001582,010-5200-1582,original,1.000000000403406,157,1.045454430041486e-12
01052001582,010-5200-1582,original,1.000000000403406,158,-1.2584741075059548e-10
01052001582,010-5200-1582,original,1.000000000403406,159,-7.932418048500423e-11
01052001582,010-5200-1582,original,1.000000000403406,160,-1.4885015785127356e-11
01052001582,010-5200-1582,original,1.000000000403406,161,6.52853209684815e-11
01052001582,010-5200-1582,original,1.000000000403406,162,-7.304317269098107e-12
01052001582,010-5200-1582,original,1.000000000403406,163,3.733010805069829e-11
01052001582,010-5200-1582,original,1.000000000403406,164,1.2555777983482089e-10
01052001582,010-5200-1582,original,1.000000000403406,165,-2.4201581278053605e-10
01052001582,010-5200-1582,original,1.000000000403406,166,-4.490893703301118e-11
01052001582,010-5200-1582,original,1.000000000403406,167,3.940858729044975e-11
01052001582,010-5200-1582,original,1.000000000403406,168,-1.4827877596328385e-10
01052001582,010-5200-1582,original,1.000000000403406,169,2.2185531635594772e-10
01052001582,010-5200-1582,original,1.000000000403406,170,1.3847419065938342e-10
01052001582,010-5200-1582,original,1.000000000403406,171,0.9999996799921718
01052001582,010-5200-1582,original,1.000000000403406,172,0.9999996917140451
01052001582,010-5200-1582,original,1.000000000403406,173,1.3805077660337194e-11
01052001582,010-5200-1582,original,1.000000000403406,174,-7.218354603035287e-11
01052001582,010-5200-1582,original,1.000000000403406,175,-2.541861990199767e-10
01052001582,010-5200-1582,original,1.000000000403406,176,-1.8245198625747026e-12
01052001582,010-5200-1582,original,1.000000000403406,177,-8.070139861367308e-11
01052001582,010-5200-1582,original,1.000000000403406,178,1.7358478081728125e-10
01052001582,010-5200-1582,original,1.000000000403406,179,-1.4129041549054964e-10
01052001582,010-5200-1582,original,1.000000000403406,180,-3.105858847245169e-10
01052001582,010-5200-1582,original,1.000000000403406,181,-1.868034592542153e-10
01052001582,010-5200-1582,original,1.000000000403406,182,1.4074911064386666e-10
01052001582,010-5200-1582,original,1.000000000403406,183,-4.8250072290847015e-11
01052001582,010-5200-1582,original,1.000000000403406,184,-2.4341034438178934e-11
01052001582,010-5200-1582,original,1.000000000403406,185,-1.1518413524855396e-10
01052001582,010-5200-1582,original,1.000000000403406,186,1.1255705603077736e-10
01052001582,010-5200-1582,original,1.000000000403406,187,-2.352425325566548e-12
01052001582,010-5200-1582,original,1.000000000403406,188,-4.569946497072797e-11
01052001582,010-5200-1582,original,1.000000000403406,189,-1.1738879547650275e-11
01052001582,010-5200-1582,original,1.000000000403406,190,7.219981344632842e-11
01052001582,010-5200-1582,original,1.000000000403406,191,1.0293131900900874e-10
01052001582,010-5200-1582,original,1.000000000403406,192,-5.5741286922514004e-11
01052001582,010-5200-1582,original,1.000000000403406,193,-4.53864542158544e-10
01052001582,010-5200-1582,original,1.000000000403406,194,-3.6562394023335e-12
01052001582,010-5200-1582,original,1.000000000403406,195,-1.1637949228392836e-10
01052001582,010-5200-1582,original,1.000000000403406,196,-7.720964848041801e-11
01052001582,010-5200-1582,original,1.000000000403406,197,3.371023904134263e-10
01052001582,010-5200-1582,original,1.000000000403406,198,-2.5141855453838774e-10
01052001582,010-5200-1582,original,1.000000000403406,199,7.275778550843072e-10
01052001582,010-5200-1582,original,1.000000000403406,200,-1.1757878713212122e-10
01052001582,010-5200-1582,original,1.000000000403406,201,3.5026882065701745e-13
01052001582,010-5200-1582,original,1.000000000403406,202,-1.4779915409663378e-10
01052001582,010-5200-1582,original,1.000000000403406,203,-5.260101327660829e-12
01052001583,010-5200-1583,"one digit, last group",-5.867766051199289e-10,0,-5.515569740989787e-11
01052001583,010-5200-1583,"one digit, last group",-5.867766051199289e-10,1,1.7724080213963598e-10
01052001583,010-5200-1583,"one digit, last group",-5.867766051199289e-10,2,-9.094887284032462e-11
01052001583,010-5200-1583,"one digit, last group",-5.867766051199289e-10,3,-1.8806584750442586e-11
01052001583,010-5200-1583,"one digit, last group",-5.867766051199289e-10,4,2.017816882268454e-10
01052001583,010-5200-1583,"one digit, last group",-5.867766051199289e-10,5,-3.8095167815976255e-11
01052001583,010-5200-1583,"one digit, last group",-5.867766051199289e-10,6,3.9932881049140616e-11
01052001583,010-5200-1583,"one digit, last group",-5.867766051199289e-10,7,-2.6456737850130902e-11
01052001583,010-5200-1583,"one digit, last group",-5.867766051199289e-10,8,-2.3979221717791134e-10
01052001583,010-5200-1583,"one digit, last group",-5.867766051199289e-10,9,8.309607659434305e-11
01052001583,010-5200-1583,"one digit, last group",-5.867766051199289e-10,10,-1.166478188004152e-11
01052001583,010-5200-1583,"one digit, last group",-5.867766051199289e-10,11,-8.185027828218262e-11
01052001583,010-5200-1583,"one digit, last group",-5.867766051199289e-10,12,1.1401970690303748e-10
01052001583,010-5200-1583,"one digit, last group",-5.867766051199289e-10,13,-2.9979990208118333e-10
01052001583,010-5200-1583,"one digit, last group",-5.867766051199289e-10,14,3.302531407941969e-11
01052001583,010-5200-1583,"one digit, last group",-5.867766051199289e-10,15,2.946933267872485e-11
01052001583,010-5200-1583,"one digit, last group",-5.867766051199289e-10,16,-1.186864147542136e-10
01052001583,010-5200-1583,"one digit, last group",-5.867766051199289e-10,17,2.5636895688245624e-11
01052001583,010-5200-1583,"one digit, last group",-5.867766051199289e-10,18,1.8165079246464186e-10
01052001583,010-5200-1583,"one digit, last group",-5.867766051199289e-10,19,-7.765896408453674e-11
01052001583,010-5200-1583,"one digit, last group",-5.867766051199289e-10,20,-5.0028521031775516e-11
01052001583,010-5200-1583,"one digit, last group",-5.867766051199289e-10,21,8.923693606855496e-12
01052001583,010-5200-1583,"one digit, last group",-5.867766051199289e-10,22,1.1047631678016582e-10
01052001583,010-5200-1583,"one digit, last group",-5.867766051199289e-10,23,7.707953539302894e-11
01052001583,010-5200-1583,"one digit, last group",-5.867766051199289e-10,24,-2.774385313302213e-10
01052001583,010-5200-1583,"one digit, last group",-5.867766051199289e-10,25,-6.0373220130757556e-12
01052001583,010-5200-1583,"one digit, last group",-5.867766051199289e-10,26,1.3330434899818025e-10
01052001583,010-5200-1583,"one digit, last group",-5.867766051199289e-10,27,8.845110981222794e-11
01052001583,010-5200-1583,"one digit, last group",-5.867766051199289e-10,28,3.357368659723185e-10
01052001583,010-5200-1583,"one digit, last group",-5.867766051199289e-10,29,5.4723912350635415e-11
01052001583,010-5200-1583,"one digit, last group",-5.867766051199289e-10,30,1.1132907419773471e-10
01052001583,010-5200-1583,"one digit, last group",-5.867766051199289e-10,31,3.682858750165032e-12
01052001583,010-5200-1583,"one digit, last group",-5.867766051199289e-10,32,-8.461488391857007e-11
01052001583,010-5200-1583,"one digit, last group",-5.867766051199289e-10,33,2.634062006603438e-10
01052001583,010-5200-1583,"one digit, last group",-5.867766051199289e-10,34,1.681109114994264e-10
01052001583,010-5200-1583,"one digit, last group",-5.867766051199289e-10,35,-6.538148107668775e-11
01052001583,010-5200-1583,"one digit, last group",-5.867766051199289e-10,36,-6.437395132943773e-11
01052001583,010-5200-1583,"one digit, last group",-5.867766051199289e-10,37,4.030943711734469e-11
01052001583,010-5200-1583,"one digit, last group",-5.867766051199289e-10,38,-3.5438441541782396e-11
01052001583,010-5200-1583,"one digit, last group",-5.867766051199289e-10,39,-8.24771975479312e-11
01052001583,010-5200-1583,"one digit, last group",-5.867766051199289e-10,40,1.7486309664291551e-10
01052001583,010-5200-1583,"one digit, last group",-5.867766051199289e-10,41,-2.099034076824811e-11
01052001583,010-5200-1583,"one digit, last group",-5.867766051199289e-10,42,-2.1329311325777276e-11
01052001583,010-5200-1583,"one digit, last group",-5.867766051199289e-10,43,7.888936581393998e-12
01052001583,010-5200-1583,"one digit, last group",-5.867766051199289e-10,44,-1.587717414204256e-11
01052001583,010-5200-1583,"one digit, last group",-5.867766051199289e-10,45,-6.484422290588274e-11
01052001583,010-5200-1583,"one digit, last group",-5.867766051199289e-10,46,-3.20695898964727e-11
01052001583,010-5200-1583,"one digit, last group",-5.867766051199289e-10,47,-3.181548429189314e-10
01052001583,010-5200-1583,"one digit, last group",-5.867766051199289e-10,48,2.5097783028540797e-11
01052001583,010-5200-1583,"one digit, last group",-5.867766051199289e-10,49,6.446926068974556e-11
01052001583,010-5200-1583,"one digit, last group",-5.867766051199289e-10,50,1.2447908282875928e-10
01052001583,010-5200-1583,"one digit, last group",-5.867766051199289e-10,51,-1.7414938141558758e-11
01052001583,010-5200-1583,"one digit, last group",-5.867766051199289e-10,52,-1.0320363492846401e-10
01052001583,010-5200-1583,"one digit, last group",-5.867766051199289e-10,53,-1.049814312754306e-11
01052001583,010-5200-1583,"one digit, last group",-5.867766051199289e-10,54,-3.310137573581481e-11
01052001583,010-5200-1583,"one digit, last group",-5.867766051199289e-10,55,-2.554783412058277e-10
01052001583,010-5200-1583,"one digit, last group",-5.867766051199289e-10,56,1.9159928630611179e-10
01052001583,010-5200-1583,"one digit, last group",-5.867766051199289e-10,57,5.066077545034076e-11
01052001583,010-5200-1583,"one digit, last group",-5.867766051199289e-10,58,-2.1542229701380385e-11
01052001583,010-5200-1583,"one digit, last group",-5.867766051199289e-10,59,1.4210187937235397e-10
01052001583,010-5200-1583,"one digit, last group",-5.867766051199289e-10,60,9.017327627617781e-11
01052001583,010-5200-1583,"one digit, last group",-5.867766051199289e-10,61,-6.769465933471526e-11
01052001583,010-5200-1583,"one digit, last group",-5.867766051199289e-10,62,2.2826436244498832e-11
01052001583,010-5200-1583,"one digit, last group",-5.867766051199289e-10,63,-2.0252813552184792e-10
01052001583,010-5200-1583,"one digit, last group",-5.867766051199289e-10,64,2.007667731449271e-10
01052001583,010-5200-1583,"one digit, last group",-5.867766051199289e-10,65,-1.4380823114035591e-10
01052001583,010-5200-1583,"one digit, last group",-5.867766051199289e-10,66,3.9316905124224956e-10
01052001583,010-5200-1583,"one digit, last group",-5.867766051199289e-10,67,-1.9440389892788916e-10
01052001583,010-5200-1583,"one digit, last group",-5.867766051199289e-10,68,-1.7009128399659586e-10
01052001583,010-5200-1583,"one digit, last group",-5.867766051199289e-10,69,-3.106509415339774e-10
01052001583,010-5200-1583,"one digit, last group",-5.867766051199289e-10,70,-1.7009435543514213e-10
01052001583,010-5200-1583,"one digit, last group",-5.867766051199289e-10,71,1.1894017998383012e-11
01052001583,010-5200-1583,"one digit, last group",-5.867766051199289e-10,72,-3.3316968138015863e-12
01052001583,010-5200-1583,"one digit, last group",-5.867766051199289e-10,73,-3.714969573545141e-12
01052001583,010-5200-1583,"one digit, last group",-5.867766051199289e-10,74,8.342969339598161e-11
01052001583,010-5200-1583,"one digit, last group",-5.867766051199289e-10,75,-1.7651064816502636e-10
01052001583,010-5200-1583,"one digit, last group",-5.867766051199289e-10,76,-1.7740183162343253e-11
01052001583,010-5200-1583,"one digit, last group",-5.867766051199289e-10,77,5.292264085847219e-11
01052001583,010-5200-1583,"one digit, last group",-5.867766051199289e-10,78,-1.6805142585139906e-10
01052001583,010-5200-1583,"one digit, last group",-5.867766051199289e-10,79,1.0425354908798232e-10
01052001583,010-5200-1583,"one digit, last group",-5.867766051199289e-10,80,-2.019696375614128e-10
01052001583,010-5200-1583,"one digit, last group",-5.867766051199289e-10,81,-1.1754722645006828e-10
01052001583,010-5200-1583,"one digit, last group",-5.867766051199289e-10,82,7.205520527376225e-11
01052001583,010-5200-1583,"one digit, last group",-5.867766051199289e-10,83,8.922311603194803e-11
01052001583,010-5200-1583,"one digit, last group",-5.867766051199289e-10,84,-1.4036787341251643e-10
01052001583,010-5200-1583,"one digit, last group",-5.867766051199289e-10,85,2.111404323081883e-11
01052001583,010-5200-1583,"one digit, last group",-5.867766051199289e-10,86,-3.782969853380483e-10
01052001583,010-5200-1583,"one digit, last group",-5.867766051199289e-10,87,-1.0638697882820331e-10
01052001583,010-5200-1583,"one digit, last group",-5.867766051199289e-10,88,-9.893878195129876e-11
01052001583,010-5200-1583,"one digit, last group",-5.867766051199289e-10,89,-1.350184442082815e-10
01052001583,010-5200-1583,"one digit, last group",-5.867766051199289e-10,90,3.2162882216410473e-11
01052001583,010-5200-1583,"one digit, last group",-5.867766051199289e-10,91,1.643557577631227e-10
01052001583,010-5200-1583,"one digit, last group",-5.867766051199289e-10,92,-7.397143637461666e-12
01052001583,010-5200-1583,"one digit, last group",-5.867766051199289e-10,93,1.0714406385694544e-10
01052001583,010-5200-1583,"one digit, last group",-5.867766051199289e-10,94,5.914655315854278e-12
01052001583,010-5200-1583,"one digit, last group",-5.867766051199289e-10,95,1.4593548914038132e-11
01052001583,010-5200-1583,"one digit, last group",-5.867766051199289e-10,96,1.5025510941315885e-10
01052001583,010-5200-1583,"one digit, last group",-5.867766051199289e-10,97,1.3671667743021734e-11
01052001583,010-5200-1583,"one digit, last group",-5.867766051199289e-10,98,1.0149837135919808e-10
01052001583,010-5200-1583,"one digit, last group",-5.867766051199289e-10,99,2.163654348702783e-11
01052001583,010-5200-1583,"one digit, last group",-5.867766051199289e-10,100,-2.1212461446616485e-10
01052001583,010-5200-1583,"one digit, last group",-5.867766051199289e-10,101,3.9325623111822375e-10
01052001583,010-5200-1583,"one digit, last group",-5.867766051199289e-10,102,-2.1886750817839274e-10
01052001583,010-5200-1583,"one digit, last group",-5.867766051199289e-10,103,5.48564018385294e-11
01052001583,010-5200-1583,"one digit, last group",-5.867766051199289e-10,104,-2.919170499777758e-10
01052001583,010-5200-1583,"one digit, last group",-5.867766051199289e-10,105,-2.1136486981110898e-10
01052001583,010-5200-1583,"one digit, last group",-5.867766051199289e-10,106,-6.570101113646238e-11
01052001583,010-5200-1583,"one digit, last group",-5.867766051199289e-10,107,1.9644061905396877e-11
01052001583,010-5200-1583,"one digit, last group",-5.867766051199289e-10,108,-7.693115851946503e-11
01052001583,010-5200-1583,"one digit, last group",-5.867766051199289e-10,109,-2.0272209589876252e-10
01052001583,010-5200-1583,"one digit, last group",-5.867766051199289e-10,110,1.5933931025241527e-10
01052001583,010-5200-1583,"one digit, last group",-5.867766051199289e-10,111,1.604613232932958e-11
01052001583,010-5200-1583,"one digit, last group",-5.867766051199289e-10,112,4.008782684934903e-11
01052001583,010-5200-1583,"one digit, last group",-5.867766051199289e-10,113,1.4329540312369478e-11
01052001583,010-5200-1583,"one digit, last group",-5.867766051199289e-10,114,-1.4816285875783397e-10
01052001583,010-5200-1583,"one digit, last group",-5.867766051199289e-10,115,-1.2260418901987196e-11
01052001583,010-5200-1583,"one digit, last group",-5.867766051199289e-10,116,1.1490708510692404e-11
01052001583,010-5200-1583,"one digit, last group",-5.867766051199289e-10,117,-8.199931990302492e-11
01052001583,010-5200-1583,"one digit, last group",-5.867766051199289e-10,118,2.192912507410002e-10
01052001583,010-5200-1583,"one digit, last group",-5.867766051199289e-10,119,-1.9080925117403042e-10
01052001583,010-5200-1583,"one digit, last group",-5.867766051199289e-10,120,1.6238192823814766e-11
01052001583,010-5200-1583,"one digit, last group",-5.867766051199289e-10,121,-7.394078129741019e-12
01052001583,010-5200-1583,"one digit, last group",-5.867766051199289e-10,122,2.307684700252745e-10
01052001583,010-5200-1583,"one digit, last group",-5.867766051199289e-10,123,5.86236311280635e-11
01052001583,010-5200-1583,"one digit, last group",-5.867766051199289e-10,124,-5.490638429173646e-11
01052001583,010-5200-1583,"one digit, last group",-5.867766051199289e-10,125,-2.2419622055613863e-10
01052001583,010-5200-1583,"one digit, last group",-5.867766051199289e-10,126,1.2074541019095082e-10
01052001583,010-5200-1583,"one digit, last group",-5.867766051199289e-10,127,1.874110400469197e-10
01052001583,010-5200-1583,"one digit, last group",-5.867766051199289e-10,128,-5.3092603609564494e-11
01052001583,010-5200-1583,"one digit, last group",-5.867766051199289e-10,129,6.755739449639366e-11
01052001583,010-5200-1583,"one digit, last group",-5.867766051199289e-10,130,-7.835055631441504e-11
01052001583,010-5200-1583,"one digit, last group",-5.867766051199289e-10,131,8.116190120590884e-11
01052001583,010-5200-1583,"one digit, last group",-5.867766051199289e-10,132,-5.199055641908011e-11
01052001583,010-5200-1583,"one digit, last group",-5.867766051199289e-10,133,1.0155432990330042e-10
01052001583,010-5200-1583,"one digit, last group",-5.867766051199289e-10,134,2.4588474668382983e-11
01052001583,010-5200-1583,"one digit, last group",-5.867766051199289e-10,135,-4.6935718091630646e-11
01052001583,010-5200-1583,"one digit, last group",-5.867766051199289e-10,136,-1.0976705582492967e-11
01052001583,010-5200-1583,"one digit, last group",-5.867766051199289e-10,137,-6.224802454049381e-11
01052001583,010-5200-1583,"one digit, last group",-5.867766051199289e-10,138,4.517976300066693e-11
01052001583,010-5200-1583,"one digit, last group",-5.867766051199289e-10,139,-2.2667027832502887e-11
01052001583,010-5200-1583,"one digit, last group",-5.867766051199289e-10,140,-2.2475576683239517e-10
01052001583,010-5200-1583,"one digit, last group",-5.867766051199289e-10,141,-1.9889856428742989e-10
01052001583,010-5200-1583,"one digit, last group",-5.867766051199289e-10,142,-6.607875129350438e-11
01052001583,010-5200-1583,"one digit, last group",-5.867766051199289e-10,143,-1.0483035064943117e-10
01052001583,010-5200-1583,"one digit, last group",-5.867766051199289e-10,144,-9.663892133044623e-11
01052001583,010-5200-1583,"one digit, last group",-5.867766051199289e-10,145,-8.85601328607939e-11
01052001583,010-5200-1583,"one digit, last group",-5.867766051199289e-10,146,-2.779849120215089e-11
01052001583,010-5200-1583,"one digit, last group",-5.867766051199289e-10,147,-1.9899653040123004e-10
01052001583,010-5200-1583,"one digit, last group",-5.867766051199289e-10,148,-5.139808351443038e-12
01052001583,010-5200-1583,"one digit, last group",-5.867766051199289e-10,149,7.744542215445701e-11
01052001583,010-5200-1583,"one digit, last group",-5.867766051199289e-10,150,-1.2106654914768846e-10
01052001583,010-5200-1583,"one digit, last group",-5.867766051199289e-10,151,4.630517263171518e-11
01052001583,010-5200-1583,"one digit, last group",-5.867766051199289e-10,152,1.511554680936098e-10
01052001583,010-5200-1583,"one digit, last group",-5.867766051199289e-10,153,-2.4882221741603453e-10
01052001583,010-5200-1583,"one digit, last group",-5.867766051199289e-10,154,9.9569009221285e-12
01052001583,010-5200-1583,"one digit, last group",-5.867766051199289e-10,155,-1.4583560187212808e-10
01052001583,010-5200-1583,"one digit, last group",-5.867766051199289e-10,156,-7.716768760095869e-11
01052001583,010-5200-1583,"one digit, last group",-5.867766051199289e-10,157,-8.978188964584546e-11
01052001583,010-5200-1583,"one digit, last group",-5.867766051199289e-10,158,-2.890122245644994e-11
01052001583,010-5200-1583,"one digit, last group",-5.867766051199289e-10,159,-1.780358821885185e-11
01052001583,010-5200-1583,"one digit, last group",-5.867766051199289e-10,160,7.847979388200742e-11
01052001583,010-5200-1583,"one digit, last group",-5.867766051199289e-10,161,1.3932365000920064e-10
01052001583,010-5200-1583,"one digit, last group",-5.867766051199289e-10,162,-1.2170928800409624e-11
01052001583,010-5200-1583,"one digit, last group",-5.867766051199289e-10,163,1.751468299717905e-11
01052001583,010-5200-1583,"one digit, last group",-5.867766051199289e-10,164,-1.4866602367701175e-11
01052001583,010-5200-1583,"one digit, last group",-5.867766051199289e-10,165,8.219098859529139e-11
01052001583,010-5200-1583,"one digit, last group",-5.867766051199289e-10,166,1.331590938784337e-10
01052001583,010-5200-1583,"one digit, last group",-5.867766051199289e-10,167,2.1142732130592826e-10
01052001583,010-5200-1583,"one digit, last group",-5.867766051199289e-10,168,-3.2178370451797287e-10
01052001583,010-5200-1583,"one digit, last group",-5.867766051199289e-10,169,-1.4180715954278415e-10
01052001583,010-5200-1583,"one digit, last group",-5.867766051199289e-10,170,-2.0192410676382865e-11
01052001583,010-5200-1583,"one digit, last group",-5.867766051199289e-10,171,2.09489777298267e-09
01052001583,010-5200-1583,"one digit, last group",-5.867766051199289e-10,172,5.146997099136947e-10
01052001583,010-5200-1583,"one digit, last group",-5.867766051199289e-10,173,-4.835541445925219e-11
01052001583,010-5200-1583,"one digit, last group",-5.867766051199289e-10,174,6.252138572080087e-11
01052001583,010-5200-1583,"one digit, last group",-5.867766051199289e-10,175,-4.4711164724491e-10
01052001583,010-5200-1583,"one digit, last group",-5.867766051199289e-10,176,4.8329783927793525e-11
01052001583,010-5200-1583,"one digit, last group",-5.867766051199289e-10,177,3.271009932054693e-10
01052001583,010-5200-1583,"one digit, last group",-5.867766051199289e-10,178,-1.4368340460079804e-11
01052001583,010-5200-1583,"one digit, last group",-5.867766051199289e-10,179,2.7992805634082364e-11
01052001583,010-5200-1583,"one digit, last group",-5.867766051199289e-10,180,-1.9765022817870295e-10
01052001583,010-5200-1583,"one digit, last group",-5.867766051199289e-10,181,1.8363879225342e-10
01052001583,010-5200-1583,"one digit, last group",-5.867766051199289e-10,182,2.0269773453742902e-10
01052001583,010-5200-1583,"one digit, last group",-5.867766051199289e-10,183,1.362050083161837e-10
01052001583,010-5200-1583,"one digit, last group",-5.867766051199289e-10,184,-2.2042235368492658e-11
01052001583,010-5200-1583,"one digit, last group",-5.867766051199289e-10,185,-8.385698875083999e-11
01052001583,010-5200-1583,"one digit, last group",-5.867766051199289e-10,186,-1.56752106464936e-10
01052001583,010-5200-1583,"one digit, last group",-5.867766051199289e-10,187,-1.0030967510218766e-11
01052001583,010-5200-1583,"one digit, last group",-5.867766051199289e-10,188,5.365167106828285e-11
01052001583,010-5200-1583,"one digit, last group",-5.867766051199289e-10,189,-1.1222160038639177e-10
01052001583,010-5200-1583,"one digit, last group",-5.867766051199289e-10,190,-1.1097565923373914e-10
01052001583,010-5200-1583,"one digit, last group",-5.867766051199289e-10,191,-1.1710501127338409e-12
01052001583,010-5200-1583,"one digit, last group",-5.867766051199289e-10,192,-1.40018593533507e-10
01052001583,010-5200-1583,"one digit, last group",-5.867766051199289e-10,193,-2.8560381087217794e-10
01052001583,010-5200-1583,"one digit, last group",-5.867766051199289e-10,194,-5.271907359290197e-12
01052001583,010-5200-1583,"one digit, last group",-5.867766051199289e-10,195,-1.4256081553959787e-10
01052001583,010-5200-1583,"one digit, last group",-5.867766051199289e-10,196,4.869352453803103e-12
01052001583,010-5200-1583,"one digit, last group",-5.867766051199289e-10,197,-7.28120972496184e-11
01052001583,010-5200-1583,"one digit, last group",-5.867766051199289e-10,198,-1.6130837818278806e-10
01052001583,010-5200-1583,"one digit, last group",-5.867766051199289e-10,199,2.6354070796577935e-10
01052001583,010-5200-1583,"one digit, last group",-5.867766051199289e-10,200,-8.545245558965986e-11
01052001583,010-5200-1583,"one digit, last group",-5.867766051199289e-10,201,2.0021443809605724e-11
01052001583,010-5200-1583,"one digit, last group",-5.867766051199289e-10,202,2.0517322461980584e-10
01052001583,010-5200-1583,"one digit, last group",-5.867766051199289e-10,203,-9.57508319713776e-12
00653004858,006-5300-4858,original,1.0000000002147464,0,-1.8154390886555712e-11
00653004858,006-5300-4858,original,1.0000000002147464,1,2.9223898462081474e-11
00653004858,006-5300-4858,original,1.0000000002147464,2,1.2152695172535713e-10
00653004858,006-5300-4858,original,1.0000000002147464,3,7.35506965209647e-11
00653004858,006-5300-4858,original,1.0000000002147464,4,1.4756088404805498e-10
00653004858,006-5300-4858,original,1.0000000002147464,5,-1.3219089920201769e-11
00653004858,006-5300-4858,original,1.0000000002147464,6,3.1917618029289315e-11
00653004858,006-5300-4858,original,1.0000000002147464,7,-1.7981974114535652e-10
00653004858,006-5300-4858,original,1.0000000002147464,8,-4.776354618694934e-10
00653004858,006-5300-4858,original,1.0000000002147464,9,2.5708179924690314e-11
00653004858,006-5300-4858,original,1.0000000002147464,10,4.087325964110789e-11
00653004858,006-5300-4858,original,1.0000000002147464,11,-1.0867203846745367e-10
00653004858,006-5300-4858,original,1.0000000002147464,12,3.351995610363983e-10
00653004858,006-5300-4858,original,1.0000000002147464,13,-9.202141468099652e-11
00653004858,006-5300-4858,original,1.0000000002147464,14,-2.3044266947992873e-11
00653004858,006-5300-4858,original,1.0000000002147464,15,1.148832384395818e-11
00653004858,006-5300-4858,original,1.0000000002147464,16,-1.1491462138852225e-11
00653004858,006-5300-4858,original,1.0000000002147464,17,-3.3773668580525814e-10
00653004858,006-5300-4858,original,1.0000000002147464,18,-7.517984028359139e-11
00653004858,006-5300-4858,original,1.0000000002147464,19,3.388206882658375e-11
00653004858,006-5300-4858,original,1.0000000002147464,20,-4.522715034168814e-11
00653004858,006-5300-4858,original,1.0000000002147464,21,2.1468067706384043e-10
00653004858,006-5300-4858,original,1.0000000002147464,22,-2.252294741307316e-10
00653004858,006-5300-4858,original,1.0000000002147464,23,-1.0239906875281896e-10
00653004858,006-5300-4858,original,1.0000000002147464,24,-1.4360461268208538e-10
00653004858,006-5300-4858,original,1.0000000002147464,25,-1.8925227153407244e-10
00653004858,006-5300-4858,original,1.0000000002147464,26,2.942707311894124e-11
00653004858,006-5300-4858,original,1.0000000002147464,27,-3.5486952451138396e-11
00653004858,006-5300-4858,original,1.0000000002147464,28,-1.536904020966786e-10
00653004858,006-5300-4858,original,1.0000000002147464,29,-6.437902150687228e-11
00653004858,006-5300-4858,original,1.0000000002147464,30,1.7853147963941804e-11
00653004858,006-5300-4858,original,1.0000000002147464,31,1.744728569435132e-11
00653004858,006-5300-4858,original,1.0000000002147464,32,1.495192710422243e-10
00653004858,006-5300-4858,original,1.0000000002147464,33,-4.199051140039315e-11
00653004858,006-5300-4858,original,1.0000000002147464,34,-8.30693732302664e-11
00653004858,006-5300-4858,original,1.0000000002147464,35,-8.982570323244646e-12
00653004858,006-5300-4858,original,1.0000000002147464,36,-7.74407719100903e-11
00653004858,006-5300-4858,original,1.0000000002147464,37,-2.0079196453225268e-10
00653004858,006-5300-4858,original,1.0000000002147464,38,-4.029607080387088e-11
00653004858,006-5300-4858,original,1.0000000002147464,39,8.156229193662966e-11
00653004858,006-5300-4858,original,1.0000000002147464,40,7.308092959821611e-11
00653004858,006-5300-4858,original,1.0000000002147464,41,9.842028804712545e-11
00653004858,006-5300-4858,original,1.0000000002147464,42,4.200827629370541e-11
00653004858,006-5300-4858,original,1.0000000002147464,43,3.331845392529904e-11
00653004858,006-5300-4858,original,1.0000000002147464,44,-1.6855792293696688e-11
00653004858,006-5300-4858,original,1.0000000002147464,45,4.072272692096762e-11
00653004858,006-5300-4858,original,1.0000000002147464,46,7.429295142726736e-11
00653004858,006-5300-4858,original,1.0000000002147464,47,1.1875020942754768e-10
00653004858,006-5300-4858,original,1.0000000002147464,48,3.07266636067472e-11
00653004858,006-5300-4858,original,1.0000000002147464,49,1.690168416683802e-10
00653004858,006-5300-4858,original,1.0000000002147464,50,1.1042496626037411e-10
00653004858,006-5300-4858,original,1.0000000002147464,51,-3.536594152522137e-11
00653004858,006-5300-4858,original,1.0000000002147464,52,-1.2452775826730377e-10
00653004858,006-5300-4858,original,1.0000000002147464,53,3.1830179053540313e-11
00653004858,006-5300-4858,original,1.0000000002147464,54,8.341412201490989e-11
00653004858,006-5300-4858,original,1.0000000002147464,55,-5.972313688407027e-11
00653004858,006-5300-4858,original,1.0000000002147464,56,8.458622213750349e-11
00653004858,006-5300-4858,original,1.0000000002147464,57,1.1539325582899015e-12
00653004858,006-5300-4858,original,1.0000000002147464,58,7.554508170396532e-11
00653004858,006-5300-4858,original,1.0000000002147464,59,-1.104332323571426e-10
00653004858,006-5300-4858,original,1.0000000002147464,60,-5.268273075983948e-12
00653004858,006-5300-4858,original,1.0000000002147464,61,-8.144558369650345e-11
00653004858,006-5300-4858,original,1.0000000002147464,62,7.85401749309447e-11
00653004858,006-5300-4858,original,1.0000000002147464,63,-1.2223325665202868e-10
00653004858,006-5300-4858,original,1.0000000002147464,64,6.242407012371353e-11
00653004858,006-5300-4858,original,1.0000000002147464,65,6.088046450717202e-11
00653004858,006-5300-4858,original,1.0000000002147464,66,-2.7460630809982577e-10
00653004858,006-5300-4858,original,1.0000000002147464,67,1.4796597942936334e-10
00653004858,006-5300-4858,original,1.0000000002147464,68,-9.051797492323703e-11
00653004858,006-5300-4858,original,1.0000000002147464,69,1.756504791331043e-10
00653004858,006-5300-4858,original,1.0000000002147464,70,-5.9619767171793394e-12
00653004858,006-5300-4858,original,1.0000000002147464,71,-3.254349815200068e-11
00653004858,006-5300-4858,original,1.0000000002147464,72,-1.3544546549979723e-11
00653004858,006-5300-4858,original,1.0000000002147464,73,-1.1746682701658283e-11
00653004858,006-5300-4858,original,1.0000000002147464,74,1.7995436522387978e-10
00653004858,006-5300-4858,original,1.0000000002147464,75,4.9594153179452666e-12
00653004858,006-5300-4858,original,1.0000000002147464,76,8.146646151779217e-12
00653004858,006-5300-4858,original,1.0000000002147464,77,-3.0224859101783386e-11
00653004858,006-5300-4858,original,1.0000000002147464,78,7.854658924307743e-10
00653004858,006-5300-4858,original,1.0000000002147464,79,7.998279124798103e-15
00653004858,006-5300-4858,original,1.0000000002147464,80,-1.991211692385659e-11
00653004858,006-5300-4858,original,1.0000000002147464,81,-1.4888412202878803e-10
00653004858,006-5300-4858,original,1.0000000002147464,82,-1.0481818833440732e-10
00653004858,006-5300-4858,original,1.0000000002147464,83,8.445422048091842e-12
00653004858,006-5300-4858,original,1.0000000002147464,84,2.3951347749739254e-11
00653004858,006-5300-4858,original,1.0000000002147464,85,-1.1958192684563094e-11
00653004858,006-5300-4858,original,1.0000000002147464,86,1.6471287966305666e-10
00653004858,006-5300-4858,original,1.0000000002147464,87,-5.796184508339159e-11
00653004858,006-5300-4858,original,1.0000000002147464,88,7.731903521629167e-11
00653004858,006-5300-4858,original,1.0000000002147464,89,1.0058976022513923e-10
00653004858,006-5300-4858,original,1.0000000002147464,90,3.2166863350534246e-11
00653004858,006-5300-4858,original,1.0000000002147464,91,-2.571435227289271e-10
00653004858,006-5300-4858,original,1.0000000002147464,92,2.9953749662147877e-10
00653004858,006-5300-4858,original,1.0000000002147464,93,-2.651563892945275e-10
00653004858,006-5300-4858,original,1.0000000002147464,94,-2.8885083455740666e-11
00653004858,006-5300-4858,original,1.0000000002147464,95,9.694823612873187e-11
00653004858,006-5300-4858,original,1.0000000002147464,96,-3.5317081661692173e-10
00653004858,006-5300-4858,original,1.0000000002147464,97,-1.1935167116706796e-10
00653004858,006-5300-4858,original,1.0000000002147464,98,-3.5854069892220054e-11
00653004858,006-5300-4858,original,1.0000000002147464,99,-8.799234080173291e-11
00653004858,006-5300-4858,original,1.0000000002147464,100,-1.2837539952725476e-10
00653004858,006-5300-4858,original,1.0000000002147464,101,-4.331753156393607e-12
00653004858,006-5300-4858,original,1.0000000002147464,102,1.674115137868204e-10
00653004858,006-5300-4858,original,1.0000000002147464,103,-2.6385533997363065e-10
00653004858,006-5300-4858,original,1.0000000002147464,104,-8.834794916059356e-11
00653004858,006-5300-4858,original,1.0000000002147464,105,-5.88256172026633e-11
00653004858,006-5300-4858,original,1.0000000002147464,106,3.7786743868983626e-11
00653004858,006-5300-4858,original,1.0000000002147464,107,2.850114159845807e-11
00653004858,006-5300-4858,original,1.0000000002147464,108,-1.004696003443142e-10
00653004858,006-5300-4858,original,1.0000000002147464,109,-3.289790573949178e-10
00653004858,006-5300-4858,original,1.0000000002147464,110,4.590144364215537e-11
00653004858,006-5300-4858,original,1.0000000002147464,111,-1.5970409737182038e-10
00653004858,006-5300-4858,original,1.0000000002147464,112,-1.2058246260745396e-10
00653004858,006-5300-4858,original,1.0000000002147464,113,-6.2968055585157965e-12
00653004858,006-5300-4858,original,1.0000000002147464,114,-1.838145113847143e-10
00653004858,006-5300-4858,original,1.0000000002147464,115,-2.638754985468442e-11
00653004858,006-5300-4858,original,1.0000000002147464,116,-5.097020743723015e-11
00653004858,006-5300-4858,original,1.0000000002147464,117,-2.0975957942242775e-10
00653004858,006-5300-4858,original,1.0000000002147464,118,2.194376133758308e-10
00653004858,006-5300-4858,original,1.0000000002147464,119,8.71530362214496e-12
00653004858,006-5300-4858,original,1.0000000002147464,120,1.046978831714625e-10
00653004858,006-5300-4858,original,1.0000000002147464,121,-1.8716768559316205e-10
00653004858,006-5300-4858,original,1.0000000002147464,122,-1.1741583201222686e-10
00653004858,006-5300-4858,original,1.0000000002147464,123,7.814907089274143e-11
00653004858,006-5300-4858,original,1.0000000002147464,124,-3.461198821054493e-10
00653004858,006-5300-4858,original,1.0000000002147464,125,-7.01205606261454e-11
00653004858,006-5300-4858,original,1.0000000002147464,126,-5.087199605792087e-11
00653004858,006-5300-4858,original,1.0000000002147464,127,3.996941433711197e-11
00653004858,006-5300-4858,original,1.0000000002147464,128,-2.4284832436384127e-10
00653004858,006-5300-4858,original,1.0000000002147464,129,-1.0316612805349937e-10
00653004858,006-5300-4858,original,1.0000000002147464,130,7.69385267683365e-12
00653004858,006-5300-4858,original,1.0000000002147464,131,3.088809862721051e-12
00653004858,006-5300-4858,original,1.0000000002147464,132,9.260821267617598e-11
00653004858,006-5300-4858,original,1.0000000002147464,133,1.196064698882999e-10
00653004858,006-5300-4858,original,1.0000000002147464,134,-2.3497973396587088e-11
00653004858,006-5300-4858,original,1.0000000002147464,135,-1.4148770432275912e-10
00653004858,006-5300-4858,original,1.0000000002147464,136,-1.2923223984332442e-11
00653004858,006-5300-4858,original,1.0000000002147464,137,-1.479467187170314e-11
00653004858,006-5300-4858,original,1.0000000002147464,138,3.181479294139824e-10
00653004858,006-5300-4858,original,1.0000000002147464,139,1.563775037483562e-10
00653004858,006-5300-4858,original,1.0000000002147464,140,-3.344777499802288e-10
00653004858,006-5300-4858,original,1.0000000002147464,141,3.2649523568774115e-10
00653004858,006-5300-4858,original,1.0000000002147464,142,-2.2201685718658988e-10
00653004858,006-5300-4858,original,1.0000000002147464,143,-8.07284602770466e-11
00653004858,006-5300-4858,original,1.0000000002147464,144,1.3018074086090812e-10
00653004858,006-5300-4858,original,1.0000000002147464,145,1.335269074306837e-10
00653004858,006-5300-4858,original,1.0000000002147464,146,-6.13175957866129e-11
00653004858,006-5300-4858,original,1.0000000002147464,147,1.5944914628269297e-10
00653004858,006-5300-4858,original,1.0000000002147464,148,4.781575008236174e-11
00653004858,006-5300-4858,original,1.0000000002147464,149,-9.929146072329981e-11
00653004858,006-5300-4858,original,1.0000000002147464,150,-2.059462902863674e-10
00653004858,006-5300-4858,original,1.0000000002147464,151,-1.5840914580957386e-10
00653004858,006-5300-4858,original,1.0000000002147464,152,-4.793353152726809e-10
00653004858,006-5300-4858,original,1.0000000002147464,153,8.458077143998563e-11
00653004858,006-5300-4858,original,1.0000000002147464,154,4.982765635448435e-12
00653004858,006-5300-4858,original,1.0000000002147464,155,-3.611302860589604e-11
00653004858,006-5300-4858,original,1.0000000002147464,156,-1.3509558958994685e-10
00653004858,006-5300-4858,original,1.0000000002147464,157,7.48990280973278e-11
00653004858,006-5300-4858,original,1.0000000002147464,158,1.0412855093647501e-10
00653004858,006-5300-4858,original,1.0000000002147464,159,-8.187498304399447e-12
00653004858,006-5300-4858,original,1.0000000002147464,160,-1.5963263809327276e-10
00653004858,006-5300-4858,original,1.0000000002147464,161,-2.925581104368743e-11
00653004858,006-5300-4858,original,1.0000000002147464,162,-7.056014488393347e-11
00653004858,006-5300-4858,original,1.0000000002147464,163,-6.96067117118157e-11
00653004858,006-5300-4858,original,1.0000000002147464,164,-6.907022771025108e-11
00653004858,006-5300-4858,original,1.0000000002147464,165,6.117060649197515e-11
00653004858,006-5300-4858,original,1.0000000002147464,166,-1.3072707412821008e-12
00653004858,006-5300-4858,original,1.0000000002147464,167,8.762153545623836e-11
00653004858,006-5300-4858,original,1.0000000002147464,168,3.105199722644964e-10
00653004858,006-5300-4858,original,1.0000000002147464,169,-2.2822315161324816e-11
00653004858,006-5300-4858,original,1.0000000002147464,170,-1.8365425923800157e-10
00653004858,006-5300-4858,original,1.0000000002147464,171,-2.7758722199960226e-11
00653004858,006-5300-4858,original,1.0000000002147464,172,-4.1327287339858656e-11
00653004858,006-5300-4858,original,1.0000000002147464,173,-7.249592970170241e-11
00653004858,006-5300-4858,original,1.0000000002147464,174,-4.8683743824875553e-11
00653004858,006-5300-4858,original,1.0000000002147464,175,-5.514166653694258e-10
00653004858,006-5300-4858,original,1.0000000002147464,176,-4.095988906655268e-12
00653004858,006-5300-4858,original,1.0000000002147464,177,-2.0425385771600634e-10
00653004858,006-5300-4858,original,1.0000000002147464,178,5.442686318690998e-11
00653004858,006-5300-4858,original,1.0000000002147464,179,-5.373336682902736e-10
00653004858,006-5300-4858,original,1.0000000002147464,180,9.677574828079752e-11
00653004858,006-5300-4858,original,1.0000000002147464,181,1.0701744984774479e-10
00653004858,006-5300-4858,original,1.0000000002147464,182,-1.2621834596377295e-10
00653004858,006-5300-4858,original,1.0000000002147464,183,7.172435605484883e-11
00653004858,006-5300-4858,original,1.0000000002147464,184,4.1328654887707666e-11
00653004858,006-5300-4858,original,1.0000000002147464,185,5.219531649223895e-11
00653004858,006-5300-4858,original,1.0000000002147464,186,4.9268890546528526e-11
00653004858,006-5300-4858,original,1.0000000002147464,187,0.9999996967937779
00653004858,006-5300-4858,original,1.0000000002147464,188,0.9999996867037253
00653004858,006-5300-4858,original,1.0000000002147464,189,-3.133577290817562e-11
00653004858,006-5300-4858,original,1.0000000002147464,190,-5.613849184249151e-11
00653004858,006-5300-4858,original,1.0000000002147464,191,2.4951993744584e-11
00653004858,006-5300-4858,original,1.0000000002147464,192,-8.5807718324567e-11
00653004858,006-5300-4858,original,1.0000000002147464,193,-1.7091794647949128e-11
00653004858,006-5300-4858,original,1.0000000002147464,194,-4.4013296730391564e-11
00653004858,006-5300-4858,original,1.0000000002147464,195,-1.4361848639137584e-10
00653004858,006-5300-4858,original,1.0000000002147464,196,-7.297630950304216e-12
00653004858,006-5300-4858,original,1.0000000002147464,197,-7.756065047181863e-11
00653004858,006-5300-4858,original,1.0000000002147464,198,-4.5632096554806675e-10
00653004858,006-5300-4858,original,1.0000000002147464,199,-5.217832294220838e-10
00653004858,006-5300-4858,original,1.0000000002147464,200,-6.128212735213636e-11
00653004858,006-5300-4858,original,1.0000000002147464,201,-5.8538516559494e-11
00653004858,006-5300-4858,original,1.0000000002147464,202,5.946185941748734e-10
00653004858,006-5300-4858,original,1.0000000002147464,203,4.012369601055763e-11
00653004859,006-5300-4859,"one digit, last group",-1.4632219351194137e-10,0,4.668079970215066e-11
00653004859,006-5300-4859,"one digit, last group",-1.4632219351194137e-10,1,-2.492607765751258e-11
00653004859,006-5300-4859,"one digit, last group",-1.4632219351194137e-10,2,-3.168897153575544e-11
00653004859,006-5300-4859,"one digit, last group",-1.4632219351194137e-10,3,1.2672839514825792e-11
00653004859,006-5300-4859,"one digit, last group",-1.4632219351194137e-10,4,-3.029270225798011e-10
00653004859,006-5300-4859,"one digit, last group",-1.4632219351194137e-10,5,3.584691004172138e-10
00653004859,006-5300-4859,"one digit, last group",-1.4632219351194137e-10,6,1.0228635809931125e-10
00653004859,006-5300-4859,"one digit, last group",-1.4632219351194137e-10,7,-1.1045705721516144e-10
00653004859,006-5300-4859,"one digit, last group",-1.4632219351194137e-10,8,-1.7885228553444897e-10
00653004859,006-5300-4859,"one digit, last group",-1.4632219351194137e-10,9,3.165530210123954e-11
00653004859,006-5300-4859,"one digit, last group",-1.4632219351194137e-10,10,2.2602565181259835e-11
00653004859,006-5300-4859,"one digit, last group",-1.4632219351194137e-10,11,2.7366733857464857e-10
00653004859,006-5300-4859,"one digit, last group",-1.4632219351194137e-10,12,2.3053442791635035e-10
00653004859,006-5300-4859,"one digit, last group",-1.4632219351194137e-10,13,2.429952907389056e-10
00653004859,006-5300-4859,"one digit, last group",-1.4632219351194137e-10,14,-1.2656445931699675e-10
00653004859,006-5300-4859,"one digit, last group",-1.4632219351194137e-10,15,2.8912970794651324e-11
00653004859,006-5300-4859,"one digit, last group",-1.4632219351194137e-10,16,-2.2096789741299617e-10
00653004859,006-5300-4859,"one digit, last group",-1.4632219351194137e-10,17,-5.051758648537612e-10
00653004859,006-5300-4859,"one digit, last group",-1.4632219351194137e-10,18,3.484523455152349e-11
00653004859,006-5300-4859,"one digit, last group",-1.4632219351194137e-10,19,-2.0356380101361574e-12
00653004859,006-5300-4859,"one digit, last group",-1.4632219351194137e-10,20,1.8247394654372151e-10
00653004859,006-5300-4859,"one digit, last group",-1.4632219351194137e-10,21,1.0507875941178243e-10
00653004859,006-5300-4859,"one digit, last group",-1.4632219351194137e-10,22,-6.179722129069798e-11
00653004859,006-5300-4859,"one digit, last group",-1.4632219351194137e-10,23,-1.3197953292164894e-10
00653004859,006-5300-4859,"one digit, last group",-1.4632219351194137e-10,24,2.880692299237326e-10
00653004859,006-5300-4859,"one digit, last group",-1.4632219351194137e-10,25,-5.313139184696059e-11
00653004859,006-5300-4859,"one digit, last group",-1.4632219351194137e-10,26,2.395956364377737e-10
00653004859,006-5300-4859,"one digit, last group",-1.4632219351194137e-10,27,6.725867882593646e-11
00653004859,006-5300-4859,"one digit, last group",-1.4632219351194137e-10,28,2.876913846845918e-10
00653004859,006-5300-4859,"one digit, last group",-1.4632219351194137e-10,29,-6.88763748524041e-11
00653004859,006-5300-4859,"one digit, last group",-1.4632219351194137e-10,30,-6.035240682762104e-11
00653004859,006-5300-4859,"one digit, last group",-1.4632219351194137e-10,31,2.9330562082299203e-12
00653004859,006-5300-4859,"one digit, last group",-1.4632219351194137e-10,32,1.4988417051289987e-10
00653004859,006-5300-4859,"one digit, last group",-1.4632219351194137e-10,33,-1.4005070091738558e-10
00653004859,006-5300-4859,"one digit, last group",-1.4632219351194137e-10,34,3.245243460883158e-12
00653004859,006-5300-4859,"one digit, last group",-1.4632219351194137e-10,35,-4.4851219506611986e-11
00653004859,006-5300-4859,"one digit, last group",-1.4632219351194137e-10,36,1.0878985170614204e-10
00653004859,006-5300-4859,"one digit, last group",-1.4632219351194137e-10,37,-6.148167097244963e-12
00653004859,006-5300-4859,"one digit, last group",-1.4632219351194137e-10,38,-5.0404583670845465e-11
00653004859,006-5300-4859,"one digit, last group",-1.4632219351194137e-10,39,3.1915363469706903e-10
00653004859,006-5300-4859,"one digit, last group",-1.4632219351194137e-10,40,4.239469484127187e-11
00653004859,006-5300-4859,"one digit, last group",-1.4632219351194137e-10,41,4.5944621606551274e-11
00653004859,006-5300-4859,"one digit, last group",-1.4632219351194137e-10,42,-1.3528697379105444e-10
00653004859,006-5300-4859,"one digit, last group",-1.4632219351194137e-10,43,2.220670495214902e-11
00653004859,006-5300-4859,"one digit, last group",-1.4632219351194137e-10,44,-7.254495112255417e-12
00653004859,006-5300-4859,"one digit, last group",-1.4632219351194137e-10,45,2.5178483491335132e-11
00653004859,006-5300-4859,"one digit, last group",-1.4632219351194137e-10,46,-5.709265262979672e-11
00653004859,006-5300-4859,"one digit, last group",-1.4632219351194137e-10,47,4.242348909375739e-11
00653004859,006-5300-4859,"one digit, last group",-1.4632219351194137e-10,48,8.914762237191403e-13
00653004859,006-5300-4859,"one digit, last group",-1.4632219351194137e-10,49,5.148540461183878e-11
00653004859,006-5300-4859,"one digit, last group",-1.4632219351194137e-10,50,-3.540156163540297e-10
00653004859,006-5300-4859,"one digit, last group",-1.4632219351194137e-10,51,-4.814364536289243e-11
00653004859,006-5300-4859,"one digit, last group",-1.4632219351194137e-10,52,1.6466696549762189e-12
00653004859,006-5300-4859,"one digit, last group",-1.4632219351194137e-10,53,-5.5298500650167e-12
00653004859,006-5300-4859,"one digit, last group",-1.4632219351194137e-10,54,3.007086131651052e-11
00653004859,006-5300-4859,"one digit, last group",-1.4632219351194137e-10,55,1.8881055282957018e-11
00653004859,006-5300-4859,"one digit, last group",-1.4632219351194137e-10,56,3.0698567085877776e-11
00653004859,006-5300-4859,"one digit, last group",-1.4632219351194137e-10,57,-2.4548463161540758e-11
00653004859,006-5300-4859,"one digit, last group",-1.4632219351194137e-10,58,-1.8058255776880413e-11
00653004859,006-5300-4859,"one digit, last group",-1.4632219351194137e-10,59,-9.922746826434301e-11
00653004859,006-5300-4859,"one digit, last group",-1.4632219351194137e-10,60,-1.9725840489398453e-10
00653004859,006-5300-4859,"one digit, last group",-1.4632219351194137e-10,61,-7.84240389739964e-11
00653004859,006-5300-4859,"one digit, last group",-1.4632219351194137e-10,62,9.660500585210404e-11
00653004859,006-5300-4859,"one digit, last group",-1.4632219351194137e-10,63,1.5408398616844055e-11
00653004859,006-5300-4859,"one digit, last group",-1.4632219351194137e-10,64,1.0654313445620124e-10
00653004859,006-5300-4859,"one digit, last group",-1.4632219351194137e-10,65,4.534176001361819e-11
00653004859,006-5300-4859,"one digit, last group",-1.4632219351194137e-10,66,5.982538075439408e-11
00653004859,006-5300-4859,"one digit, last group",-1.4632219351194137e-10,67,1.819304089985648e-10
00653004859,006-5300-4859,"one digit, last group",-1.4632219351194137e-10,68,-1.6044356857643485e-10
00653004859,006-5300-4859,"one digit, last group",-1.4632219351194137e-10,69,8.104159024990703e-11
00653004859,006-5300-4859,"one digit, last group",-1.4632219351194137e-10,70,9.877562333502303e-11
00653004859,006-5300-4859,"one digit, last group",-1.4632219351194137e-10,71,1.0032677807307357e-10
00653004859,006-5300-4859,"one digit, last group",-1.4632219351194137e-10,72,4.768873265607555e-12
00653004859,006-5300-4859,"one digit, last group",-1.4632219351194137e-10,73,-3.2363332647607065e-11
00653004859,006-5300-4859,"one digit, last group",-1.4632219351194137e-10,74,1.2137200411075422e-10
00653004859,006-5300-4859,"one digit, last group",-1.4632219351194137e-10,75,3.300959682147128e-11
00653004859,006-5300-4859,"one digit, last group",-1.4632219351194137e-10,76,-1.677349266414715e-12
00653004859,006-5300-4859,"one digit, last group",-1.4632219351194137e-10,77,-4.8516011657057105e-11
00653004859,006-5300-4859,"one digit, last group",-1.4632219351194137e-10,78,1.0774865021393439e-10
00653004859,006-5300-4859,"one digit, last group",-1.4632219351194137e-10,79,2.333365647829546e-11
00653004859,006-5300-4859,"one digit, last group",-1.4632219351194137e-10,80,4.274196421307353e-11
00653004859,006-5300-4859,"one digit, last group",-1.4632219351194137e-10,81,-5.902406173425018e-11
00653004859,006-5300-4859,"one digit, last group",-1.4632219351194137e-10,82,3.4505778308318704e-10
00653004859,006-5300-4859,"one digit, last group",-1.4632219351194137e-10,83,-7.711439225797412e-11
00653004859,006-5300-4859,"one digit, last group",-1.4632219351194137e-10,84,-8.04615231268336e-11
00653004859,006-5300-4859,"one digit, last group",-1.4632219351194137e-10,85,-2.1757755351720028e-11
00653004859,006-5300-4859,"one digit, last group",-1.4632219351194137e-10,86,-3.259268822269258e-10
00653004859,006-5300-4859,"one digit, last group",-1.4632219351194137e-10,87,5.0409745766168764e-11
00653004859,006-5300-4859,"one digit, last group",-1.4632219351194137e-10,88,1.1607863797203538e-10
00653004859,006-5300-4859,"one digit, last group",-1.4632219351194137e-10,89,9.32435233823448e-11
00653004859,006-5300-4859,"one digit, last group",-1.4632219351194137e-10,90,-2.0175767088450915e-11
00653004859,006-5300-4859,"one digit, last group",-1.4632219351194137e-10,91,-3.1007875749316105e-10
00653004859,006-5300-4859,"one digit, last group",-1.4632219351194137e-10,92,1.494919575560235e-10
00653004859,006-5300-4859,"one digit, last group",-1.4632219351194137e-10,93,1.7941860183759652e-10
00653004859,006-5300-4859,"one digit, last group",-1.4632219351194137e-10,94,2.5977541978252782e-11
00653004859,006-5300-4859,"one digit, last group",-1.4632219351194137e-10,95,-2.714379728543498e-10
00653004859,006-5300-4859,"one digit, last group",-1.4632219351194137e-10,96,4.934367550409317e-10
00653004859,006-5300-4859,"one digit, last group",-1.4632219351194137e-10,97,2.488261535206954e-10
00653004859,006-5300-4859,"one digit, last group",-1.4632219351194137e-10,98,-1.7321381797242333e-10
00653004859,006-5300-4859,"one digit, last group",-1.4632219351194137e-10,99,4.283235420544217e-12
00653004859,006-5300-4859,"one digit, last group",-1.4632219351194137e-10,100,-1.0220416961874625e-11
00653004859,006-5300-4859,"one digit, last group",-1.4632219351194137e-10,101,1.2770477769508377e-10
00653004859,006-5300-4859,"one digit, last group",-1.4632219351194137e-10,102,1.2467982996175876e-10
00653004859,006-5300-4859,"one digit, last group",-1.4632219351194137e-10,103,7.382771214706924e-11
00653004859,006-5300-4859,"one digit, last group",-1.4632219351194137e-10,104,8.503416027135162e-11
00653004859,006-5300-4859,"one digit, last group",-1.4632219351194137e-10,105,3.467434202135477e-11
00653004859,006-5300-4859,"one digit, last group",-1.4632219351194137e-10,106,3.0350739368690604e-11
00653004859,006-5300-4859,"one digit, last group",-1.4632219351194137e-10,107,3.756787244017705e-11
00653004859,006-5300-4859,"one digit, last group",-1.4632219351194137e-10,108,-2.096675028071698e-11
00653004859,006-5300-4859,"one digit, last group",-1.4632219351194137e-10,109,7.79979768121757e-11
00653004859,006-5300-4859,"one digit, last group",-1.4632219351194137e-10,110,-2.5107504047221767e-10
00653004859,006-5300-4859,"one digit, last group",-1.4632219351194137e-10,111,-1.6223168561950955e-10
00653004859,006-5300-4859,"one digit, last group",-1.4632219351194137e-10,112,-1.6854251275583372e-10
00653004859,006-5300-4859,"one digit, last group",-1.4632219351194137e-10,113,-1.3281858513937838e-12
00653004859,006-5300-4859,"one digit, last group",-1.4632219351194137e-10,114,-4.2540590139085205e-11
00653004859,006-5300-4859,"one digit, last group",-1.4632219351194137e-10,115,-1.3584416685715858e-11
00653004859,006-5300-4859,"one digit, last group",-1.4632219351194137e-10,116,4.250987013958014e-11
00653004859,006-5300-4859,"one digit, last group",-1.4632219351194137e-10,117,1.274300578243799e-10
00653004859,006-5300-4859,"one digit, last group",-1.4632219351194137e-10,118,2.635667876291906e-11
00653004859,006-5300-4859,"one digit, last group",-1.4632219351194137e-10,119,-5.538581197403931e-11
00653004859,006-5300-4859,"one digit, last group",-1.4632219351194137e-10,120,-2.2363554981644014e-11
00653004859,006-5300-4859,"one digit, last group",-1.4632219351194137e-10,121,4.350201515266187e-11
00653004859,006-5300-4859,"one digit, last group",-1.4632219351194137e-10,122,-5.6639983043968166e-11
00653004859,006-5300-4859,"one digit, last group",-1.4632219351194137e-10,123,7.272247482297542e-11
00653004859,006-5300-4859,"one digit, last group",-1.4632219351194137e-10,124,1.4993572374509787e-10
00653004859,006-5300-4859,"one digit, last group",-1.4632219351194137e-10,125,2.3332854046749557e-10
00653004859,006-5300-4859,"one digit, last group",-1.4632219351194137e-10,126,-3.7736528884324313e-11
00653004859,006-5300-4859,"one digit, last group",-1.4632219351194137e-10,127,-2.938861033998117e-10
00653004859,006-5300-4859,"one digit, last group",-1.4632219351194137e-10,128,1.7715873840485189e-10
00653004859,006-5300-4859,"one digit, last group",-1.4632219351194137e-10,129,-8.437175707192801e-11
00653004859,006-5300-4859,"one digit, last group",-1.4632219351194137e-10,130,-5.788474597606046e-11
00653004859,006-5300-4859,"one digit, last group",-1.4632219351194137e-10,131,7.199734695494229e-11
00653004859,006-5300-4859,"one digit, last group",-1.4632219351194137e-10,132,1.8157944078735189e-10
00653004859,006-5300-4859,"one digit, last group",-1.4632219351194137e-10,133,-2.1453788951124857e-10
00653004859,006-5300-4859,"one digit, last group",-1.4632219351194137e-10,134,2.4361434887856696e-11
00653004859,006-5300-4859,"one digit, last group",-1.4632219351194137e-10,135,-9.374144688090542e-11
00653004859,006-5300-4859,"one digit, last group",-1.4632219351194137e-10,136,9.756596382160429e-12
00653004859,006-5300-4859,"one digit, last group",-1.4632219351194137e-10,137,-8.729692202480479e-11
00653004859,006-5300-4859,"one digit, last group",-1.4632219351194137e-10,138,-9.888351789429803e-11
00653004859,006-5300-4859,"one digit, last group",-1.4632219351194137e-10,139,-7.707275073129164e-11
00653004859,006-5300-4859,"one digit, last group",-1.4632219351194137e-10,140,1.927156026148125e-10
00653004859,006-5300-4859,"one digit, last group",-1.4632219351194137e-10,141,4.174942750533539e-10
00653004859,006-5300-4859,"one digit, last group",-1.4632219351194137e-10,142,-3.259795363591392e-11
00653004859,006-5300-4859,"one digit, last group",-1.4632219351194137e-10,143,-2.384834497224983e-10
00653004859,006-5300-4859,"one digit, last group",-1.4632219351194137e-10,144,-1.970850631919533e-11
00653004859,006-5300-4859,"one digit, last group",-1.4632219351194137e-10,145,1.1648462184836832e-10
00653004859,006-5300-4859,"one digit, last group",-1.4632219351194137e-10,146,-1.8802179800670025e-10
00653004859,006-5300-4859,"one digit, last group",-1.4632219351194137e-10,147,2.2587164234412967e-10
00653004859,006-5300-4859,"one digit, last group",-1.4632219351194137e-10,148,3.2357682767933554e-11
00653004859,006-5300-4859,"one digit, last group",-1.4632219351194137e-10,149,7.199746182773332e-11
00653004859,006-5300-4859,"one digit, last group",-1.4632219351194137e-10,150,5.901232523226469e-11
00653004859,006-5300-4859,"one digit, last group",-1.4632219351194137e-10,151,1.7074081727852042e-10
00653004859,006-5300-4859,"one digit, last group",-1.4632219351194137e-10,152,1.7155213899257028e-10
00653004859,006-5300-4859,"one digit, last group",-1.4632219351194137e-10,153,1.7951160789599908e-11
00653004859,006-5300-4859,"one digit, last group",-1.4632219351194137e-10,154,-8.268526656931695e-11
00653004859,006-5300-4859,"one digit, last group",-1.4632219351194137e-10,155,1.1570272818680196e-10
00653004859,006-5300-4859,"one digit, last group",-1.4632219351194137e-10,156,9.262636013708889e-12
00653004859,006-5300-4859,"one digit, last group",-1.4632219351194137e-10,157,-5.307712039621316e-11
00653004859,006-5300-4859,"one digit, last group",-1.4632219351194137e-10,158,4.35110669924533e-11
00653004859,006-5300-4859,"one digit, last group",-1.4632219351194137e-10,159,5.4536604815709353e-11
00653004859,006-5300-4859,"one digit, last group",-1.4632219351194137e-10,160,4.982753478105909e-10
00653004859,006-5300-4859,"one digit, last group",-1.4632219351194137e-10,161,-7.8298711494084e-11
00653004859,006-5300-4859,"one digit, last group",-1.4632219351194137e-10,162,-4.8643959726858045e-11
00653004859,006-5300-4859,"one digit, last group",-1.4632219351194137e-10,163,-4.394811957698992e-11
00653004859,006-5300-4859,"one digit, last group",-1.4632219351194137e-10,164,-1.2352508836958468e-10
00653004859,006-5300-4859,"one digit, last group",-1.4632219351194137e-10,165,4.659502529223648e-10
00653004859,006-5300-4859,"one digit, last group",-1.4632219351194137e-10,166,-4.776092664941799e-11
00653004859,006-5300-4859,"one digit, last group",-1.4632219351194137e-10,167,-1.9097178911486605e-11
00653004859,006-5300-4859,"one digit, last group",-1.4632219351194137e-10,168,2.3820963176042393e-10
00653004859,006-5300-4859,"one digit, last group",-1.4632219351194137e-10,169,1.1893806134310298e-10
00653004859,006-5300-4859,"one digit, last group",-1.4632219351194137e-10,170,5.789446379103626e-11
00653004859,006-5300-4859,"one digit, last group",-1.4632219351194137e-10,171,1.1109803323148835e-10
00653004859,006-5300-4859,"one digit, last group",-1.4632219351194137e-10,172,-3.6053964888003683e-12
00653004859,006-5300-4859,"one digit, last group",-1.4632219351194137e-10,173,-4.0183390847440724e-11
00653004859,006-5300-4859,"one digit, last group",-1.4632219351194137e-10,174,5.492918826975488e-13
00653004859,006-5300-4859,"one digit, last group",-1.4632219351194137e-10,175,2.9248475443503734e-10
00653004859,006-5300-4859,"one digit, last group",-1.4632219351194137e-10,176,-1.0023721911509092e-10
00653004859,006-5300-4859,"one digit, last group",-1.4632219351194137e-10,177,-4.0548184458348947e-10
00653004859,006-5300-4859,"one digit, last group",-1.4632219351194137e-10,178,-6.397170075654219e-11
00653004859,006-5300-4859,"one digit, last group",-1.4632219351194137e-10,179,2.0813366220575975e-10
00653004859,006-5300-4859,"one digit, last group",-1.4632219351194137e-10,180,4.47941688067087e-11
00653004859,006-5300-4859,"one digit, last group",-1.4632219351194137e-10,181,4.760577804086795e-10
00653004859,006-5300-4859,"one digit, last group",-1.4632219351194137e-10,182,-4.3441839506397624e-10
00653004859,006-5300-4859,"one digit, last group",-1.4632219351194137e-10,183,1.2982084407312372e-10
00653004859,006-5300-4859,"one digit, last group",-1.4632219351194137e-10,184,3.9052543012067245e-11
00653004859,006-5300-4859,"one digit, last group",-1.4632219351194137e-10,185,5.93458386365172e-11
00653004859,006-5300-4859,"one digit, last group",-1.4632219351194137e-10,186,1.749093200921378e-10
00653004859,006-5300-4859,"one digit, last group",-1.4632219351194137e-10,187,-1.4131333433686062e-09
00653004859,006-5300-4859,"one digit, last group",-1.4632219351194137e-10,188,-5.426877601635953e-10
00653004859,006-5300-4859,"one digit, last group",-1.4632219351194137e-10,189,1.0377795238137163e-11
00653004859,006-5300-4859,"one digit, last group",-1.4632219351194137e-10,190,-7.130191464131996e-11
00653004859,006-5300-4859,"one digit, last group",-1.4632219351194137e-10,191,-2.261048170859269e-11
00653004859,006-5300-4859,"one digit, last group",-1.4632219351194137e-10,192,1.794330715416725e-10
00653004859,006-5300-4859,"one digit, last group",-1.4632219351194137e-10,193,2.1564436923021514e-10
00653004859,006-5300-4859,"one digit, last group",-1.4632219351194137e-10,194,-3.440159177361746e-11
00653004859,006-5300-4859,"one digit, last group",-1.4632219351194137e-10,195,3.6952207410481645e-11
00653004859,006-5300-4859,"one digit, last group",-1.4632219351194137e-10,196,1.3917438311826496e-10
00653004859,006-5300-4859,"one digit, last group",-1.4632219351194137e-10,197,-3.482410291942127e-10
00653004859,006-5300-4859,"one digit, last group",-1.4632219351194137e-10,198,3.015655251684954e-11
00653004859,006-5300-4859,"one digit, last group",-1.4632219351194137e-10,199,2.557655627561809e-10
00653004859,006-5300-4859,"one digit, last group",-1.4632219351194137e-10,200,1.7897536174639215e-10
00653004859,006-5300-4859,"one digit, last group",-1.4632219351194137e-10,201,7.259188504382709e-11
00653004859,006-5300-4859,"one digit, last group",-1.4632219351194137e-10,202,1.950201907824158e-10
00653004859,006-5300-4859,"one digit, last group",-1.4632219351194137e-10,203,1.021114883491322e-11
02050002924,020-5000-2924,"one digit, first group",1.6270122856088315e-10,0,6.171717342358223e-11
02050002924,020-5000-2924,"one digit, first group",1.6270122856088315e-10,1,-1.3259794879845487e-10
02050002924,020-5000-2924,"one digit, first group",1.6270122856088315e-10,2,-4.5439087064012563e-10
02050002924,020-5000-2924,"one digit, first group",1.6270122856088315e-10,3,2.5595621073754367e-11
02050002924,020-5000-2924,"one digit, first group",1.6270122856088315e-10,4,2.337256296097936e-10
02050002924,020-5000-2924,"one digit, first group",1.6270122856088315e-10,5,3.275864921805802e-10
02050002924,020-5000-2924,"one digit, first group",1.6270122856088315e-10,6,2.583296850000396e-10
02050002924,020-5000-2924,"one digit, first group",1.6270122856088315e-10,7,1.1619563934199011e-11
02050002924,020-5000-2924,"one digit, first group",1.6270122856088315e-10,8,1.4285524056664545e-10
02050002924,020-5000-2924,"one digit, first group",1.6270122856088315e-10,9,1.031917945535253e-14
02050002924,020-5000-2924,"one digit, first group",1.6270122856088315e-10,10,-5.980563993445709e-12
02050002924,020-5000-2924,"one digit, first group",1.6270122856088315e-10,11,-1.3651588514706644e-10
02050002924,020-5000-2924,"one digit, first group",1.6270122856088315e-10,12,-4.0380731542966675e-11
02050002924,020-5000-2924,"one digit, first group",1.6270122856088315e-10,13,-5.0043777834528237e-11
02050002924,020-5000-2924,"one digit, first group",1.6270122856088315e-10,14,-6.884706831597364e-11
02050002924,020-5000-2924,"one digit, first group",1.6270122856088315e-10,15,-1.2557729348416458e-10
02050002924,020-5000-2924,"one digit, first group",1.6270122856088315e-10,16,-4.743152719695593e-10
02050002924,020-5000-2924,"one digit, first group",1.6270122856088315e-10,17,-2.526328697248749e-10
02050002924,020-5000-2924,"one digit, first group",1.6270122856088315e-10,18,-2.1324130289643297e-10
02050002924,020-5000-2924,"one digit, first group",1.6270122856088315e-10,19,5.923897105019017e-11
02050002924,020-5000-2924,"one digit, first group",1.6270122856088315e-10,20,7.725351163436986e-11
02050002924,020-5000-2924,"one digit, first group",1.6270122856088315e-10,21,-2.553802156427354e-10
02050002924,020-5000-2924,"one digit, first group",1.6270122856088315e-10,22,-3.0835442041961163e-10
02050002924,020-5000-2924,"one digit, first group",1.6270122856088315e-10,23,-1.4240284750033523e-10
02050002924,020-5000-2924,"one digit, first group",1.6270122856088315e-10,24,2.571853595305095e-12
02050002924,020-5000-2924,"one digit, first group",1.6270122856088315e-10,25,6.700426652275333e-11
02050002924,020-5000-2924,"one digit, first group",1.6270122856088315e-10,26,-3.989151629494723e-10
02050002924,020-5000-2924,"one digit, first group",1.6270122856088315e-10,27,-1.873898972433461e-10
02050002924,020-5000-2924,"one digit, first group",1.6270122856088315e-10,28,-3.4256803287876767e-10
02050002924,020-5000-2924,"one digit, first group",1.6270122856088315e-10,29,-1.3071864009260361e-11
02050002924,020-5000-2924,"one digit, first group",1.6270122856088315e-10,30,-1.9147885434938045e-10
02050002924,020-5000-2924,"one digit, first group",1.6270122856088315e-10,31,7.104632243740195e-11
02050002924,020-5000-2924,"one digit, first group",1.6270122856088315e-10,32,-1.706733599491693e-10
02050002924,020-5000-2924,"one digit, first group",1.6270122856088315e-10,33,4.894518253902094e-10
02050002924,020-5000-2924,"one digit, first group",1.6270122856088315e-10,34,-3.854567416602877e-12
02050002924,020-5000-2924,"one digit, first group",1.6270122856088315e-10,35,1.5192571729308052e-11
02050002924,020-5000-2924,"one digit, first group",1.6270122856088315e-10,36,1.46346533576299e-11
02050002924,020-5000-2924,"one digit, first group",1.6270122856088315e-10,37,-1.1129932299928402e-10
02050002924,020-5000-2924,"one digit, first group",1.6270122856088315e-10,38,9.111648869903039e-11
02050002924,020-5000-2924,"one digit, first group",1.6270122856088315e-10,39,1.6417682356280043e-10
02050002924,020-5000-2924,"one digit, first group",1.6270122856088315e-10,40,1.08071219844478e-10
02050002924,020-5000-2924,"one digit, first group",1.6270122856088315e-10,41,9.115447745042617e-12
02050002924,020-5000-2924,"one digit, first group",1.6270122856088315e-10,42,1.6138121008687113e-10
02050002924,020-5000-2924,"one digit, first group",1.6270122856088315e-10,43,3.370101580978003e-11
02050002924,020-5000-2924,"one digit, first group",1.6270122856088315e-10,44,-1.1820996676635117e-11
02050002924,020-5000-2924,"one digit, first group",1.6270122856088315e-10,45,2.936647814451722e-10
02050002924,020-5000-2924,"one digit, first group",1.6270122856088315e-10,46,3.023068614039793e-11
02050002924,020-5000-2924,"one digit, first group",1.6270122856088315e-10,47,5.480610490455386e-11
02050002924,020-5000-2924,"one digit, first group",1.6270122856088315e-10,48,3.4756995156958013e-10
02050002924,020-5000-2924,"one digit, first group",1.6270122856088315e-10,49,1.174170888071247e-10
02050002924,020-5000-2924,"one digit, first group",1.6270122856088315e-10,50,2.8073824676086134e-10
02050002924,020-5000-2924,"one digit, first group",1.6270122856088315e-10,51,2.6091465103968722e-11
02050002924,020-5000-2924,"one digit, first group",1.6270122856088315e-10,52,-2.8975257342177956e-10
02050002924,020-5000-2924,"one digit, first group",1.6270122856088315e-10,53,5.655349090249552e-11
02050002924,020-5000-2924,"one digit, first group",1.6270122856088315e-10,54,-8.081096328396071e-11
02050002924,020-5000-2924,"one digit, first group",1.6270122856088315e-10,55,-1.6854405467162738e-10
02050002924,020-5000-2924,"one digit, first group",1.6270122856088315e-10,56,1.6644336596328842e-10
02050002924,020-5000-2924,"one digit, first group",1.6270122856088315e-10,57,-5.150637675598414e-12
02050002924,020-5000-2924,"one digit, first group",1.6270122856088315e-10,58,-6.631216254268285e-11
02050002924,020-5000-2924,"one digit, first group",1.6270122856088315e-10,59,6.765539561944196e-11
02050002924,020-5000-2924,"one digit, first group",1.6270122856088315e-10,60,-6.63168595626069e-11
02050002924,020-5000-2924,"one digit, first group",1.6270122856088315e-10,61,-3.674051979073505e-11
02050002924,020-5000-2924,"one digit, first group",1.6270122856088315e-10,62,1.2273475398161727e-10
02050002924,020-5000-2924,"one digit, first group",1.6270122856088315e-10,63,7.489325220589337e-11
02050002924,020-5000-2924,"one digit, first group",1.6270122856088315e-10,64,3.142071204769066e-10
02050002924,020-5000-2924,"one digit, first group",1.6270122856088315e-10,65,1.3283453367600128e-10
02050002924,020-5000-2924,"one digit, first group",1.6270122856088315e-10,66,3.344605251093315e-11
02050002924,020-5000-2924,"one digit, first group",1.6270122856088315e-10,67,-3.955787589079688e-10
02050002924,020-5000-2924,"one digit, first group",1.6270122856088315e-10,68,-2.6500544840754435e-10
02050002924,020-5000-2924,"one digit, first group",1.6270122856088315e-10,69,1.963817736870977e-11
02050002924,020-5000-2924,"one digit, first group",1.6270122856088315e-10,70,-7.047663701010886e-11
02050002924,020-5000-2924,"one digit, first group",1.6270122856088315e-10,71,-9.269708561049331e-11
02050002924,020-5000-2924,"one digit, first group",1.6270122856088315e-10,72,6.107522323859585e-12
02050002924,020-5000-2924,"one digit, first group",1.6270122856088315e-10,73,2.0580694438980752e-11
02050002924,020-5000-2924,"one digit, first group",1.6270122856088315e-10,74,-2.4586303505260892e-11
02050002924,020-5000-2924,"one digit, first group",1.6270122856088315e-10,75,-2.5218597045743594e-12
02050002924,020-5000-2924,"one digit, first group",1.6270122856088315e-10,76,-6.646412790472127e-11
02050002924,020-5000-2924,"one digit, first group",1.6270122856088315e-10,77,-5.697129088752991e-12
02050002924,020-5000-2924,"one digit, first group",1.6270122856088315e-10,78,2.481600740619773e-10
02050002924,020-5000-2924,"one digit, first group",1.6270122856088315e-10,79,3.5992744550458235e-10
02050002924,020-5000-2924,"one digit, first group",1.6270122856088315e-10,80,1.3049305555587209e-11
02050002924,020-5000-2924,"one digit, first group",1.6270122856088315e-10,81,7.64336238073608e-11
02050002924,020-5000-2924,"one digit, first group",1.6270122856088315e-10,82,-1.1885695065487548e-10
02050002924,020-5000-2924,"one digit, first group",1.6270122856088315e-10,83,1.034419936139493e-10
02050002924,020-5000-2924,"one digit, first group",1.6270122856088315e-10,84,-1.8227932545564226e-11
02050002924,020-5000-2924,"one digit, first group",1.6270122856088315e-10,85,2.7201219344105532e-11
02050002924,020-5000-2924,"one digit, first group",1.6270122856088315e-10,86,1.831472775134534e-10
02050002924,020-5000-2924,"one digit, first group",1.6270122856088315e-10,87,-3.805871220977303e-11
02050002924,020-5000-2924,"one digit, first group",1.6270122856088315e-10,88,-6.659485013540328e-11
02050002924,020-5000-2924,"one digit, first group",1.6270122856088315e-10,89,8.648171867648925e-11
02050002924,020-5000-2924,"one digit, first group",1.6270122856088315e-10,90,-1.0525770907173457e-10
02050002924,020-5000-2924,"one digit, first group",1.6270122856088315e-10,91,-8.262358241825446e-11
02050002924,020-5000-2924,"one digit, first group",1.6270122856088315e-10,92,1.7352716917182825e-10
02050002924,020-5000-2924,"one digit, first group",1.6270122856088315e-10,93,1.0093799403339322e-11
02050002924,020-5000-2924,"one digit, first group",1.6270122856088315e-10,94,-3.7802002339239255e-12
02050002924,020-5000-2924,"one digit, first group",1.6270122856088315e-10,95,8.160386535202364e-11
02050002924,020-5000-2924,"one digit, first group",1.6270122856088315e-10,96,1.3996385887330895e-10
02050002924,020-5000-2924,"one digit, first group",1.6270122856088315e-10,97,-9.564385596751803e-11
02050002924,020-5000-2924,"one digit, first group",1.6270122856088315e-10,98,-3.50521184952777e-11
02050002924,020-5000-2924,"one digit, first group",1.6270122856088315e-10,99,1.9033420255210727e-12
02050002924,020-5000-2924,"one digit, first group",1.6270122856088315e-10,100,-5.3503857221542937e-11
02050002924,020-5000-2924,"one digit, first group",1.6270122856088315e-10,101,-2.4492331943528733e-10
02050002924,020-5000-2924,"one digit, first group",1.6270122856088315e-10,102,4.878190432919073e-10
02050002924,020-5000-2924,"one digit, first group",1.6270122856088315e-10,103,-9.161038668701456e-11
02050002924,020-5000-2924,"one digit, first group",1.6270122856088315e-10,104,-6.961132320132339e-11
02050002924,020-5000-2924,"one digit, first group",1.6270122856088315e-10,105,3.4766939826827455e-11
02050002924,020-5000-2924,"one digit, first group",1.6270122856088315e-10,106,-1.2198629770698368e-10
02050002924,020-5000-2924,"one digit, first group",1.6270122856088315e-10,107,-7.763729788378564e-11
02050002924,020-5000-2924,"one digit, first group",1.6270122856088315e-10,108,1.897223799145834e-12
02050002924,020-5000-2924,"one digit, first group",1.6270122856088315e-10,109,2.3520489628124217e-11
02050002924,020-5000-2924,"one digit, first group",1.6270122856088315e-10,110,-3.518907599295015e-11
02050002924,020-5000-2924,"one digit, first group",1.6270122856088315e-10,111,4.313909565510305e-11
02050002924,020-5000-2924,"one digit, first group",1.6270122856088315e-10,112,2.9442388872081705e-10
02050002924,020-5000-2924,"one digit, first group",1.6270122856088315e-10,113,-1.5637723351534688e-11
02050002924,020-5000-2924,"one digit, first group",1.6270122856088315e-10,114,-3.8999229394373164e-11
02050002924,020-5000-2924,"one digit, first group",1.6270122856088315e-10,115,2.5558035775449987e-11
02050002924,020-5000-2924,"one digit, first group",1.6270122856088315e-10,116,5.592999148663109e-11
02050002924,020-5000-2924,"one digit, first group",1.6270122856088315e-10,117,-2.4599204029887673e-10
02050002924,020-5000-2924,"one digit, first group",1.6270122856088315e-10,118,-1.0170316798408531e-09
02050002924,020-5000-2924,"one digit, first group",1.6270122856088315e-10,119,-2.1931925534720246e-11
02050002924,020-5000-2924,"one digit, first group",1.6270122856088315e-10,120,-3.041845776897215e-11
02050002924,020-5000-2924,"one digit, first group",1.6270122856088315e-10,121,-7.030105117703566e-11
02050002924,020-5000-2924,"one digit, first group",1.6270122856088315e-10,122,-8.269172284938646e-11
02050002924,020-5000-2924,"one digit, first group",1.6270122856088315e-10,123,-3.7728025453945074e-11
02050002924,020-5000-2924,"one digit, first group",1.6270122856088315e-10,124,2.1750556265326921e-10
02050002924,020-5000-2924,"one digit, first group",1.6270122856088315e-10,125,1.9532199636456912e-10
02050002924,020-5000-2924,"one digit, first group",1.6270122856088315e-10,126,-3.497730152241011e-11
02050002924,020-5000-2924,"one digit, first group",1.6270122856088315e-10,127,2.416786467517004e-10
02050002924,020-5000-2924,"one digit, first group",1.6270122856088315e-10,128,1.9751239591010347e-10
02050002924,020-5000-2924,"one digit, first group",1.6270122856088315e-10,129,-4.5133540217788337e-11
02050002924,020-5000-2924,"one digit, first group",1.6270122856088315e-10,130,-3.1479170251953686e-12
02050002924,020-5000-2924,"one digit, first group",1.6270122856088315e-10,131,-1.4625115509332788e-10
02050002924,020-5000-2924,"one digit, first group",1.6270122856088315e-10,132,-7.715806181605118e-11
02050002924,020-5000-2924,"one digit, first group",1.6270122856088315e-10,133,1.0182233372688195e-10
02050002924,020-5000-2924,"one digit, first group",1.6270122856088315e-10,134,1.5192661899119066e-10
02050002924,020-5000-2924,"one digit, first group",1.6270122856088315e-10,135,2.5187057321326122e-11
02050002924,020-5000-2924,"one digit, first group",1.6270122856088315e-10,136,5.3761088875280957e-11
02050002924,020-5000-2924,"one digit, first group",1.6270122856088315e-10,137,6.374280725743744e-11
02050002924,020-5000-2924,"one digit, first group",1.6270122856088315e-10,138,-2.418989523363113e-10
02050002924,020-5000-2924,"one digit, first group",1.6270122856088315e-10,139,-1.949357227402289e-11
02050002924,020-5000-2924,"one digit, first group",1.6270122856088315e-10,140,-2.0270331492933674e-10
02050002924,020-5000-2924,"one digit, first group",1.6270122856088315e-10,141,2.7642897628278697e-10
02050002924,020-5000-2924,"one digit, first group",1.6270122856088315e-10,142,-5.814164226065856e-09
02050002924,020-5000-2924,"one digit, first group",1.6270122856088315e-10,143,3.2968547416618272e-09
02050002924,020-5000-2924,"one digit, first group",1.6270122856088315e-10,144,1.7248114711766885e-09
02050002924,020-5000-2924,"one digit, first group",1.6270122856088315e-10,145,3.1729700801113076e-10
02050002924,020-5000-2924,"one digit, first group",1.6270122856088315e-10,146,4.2793455512949065e-09
02050002924,020-5000-2924,"one digit, first group",1.6270122856088315e-10,147,2.7819154200687095e-09
02050002924,020-5000-2924,"one digit, first group",1.6270122856088315e-10,148,6.783451580291316e-10
02050002924,020-5000-2924,"one digit, first group",1.6270122856088315e-10,149,-6.446789461437199e-10
02050002924,020-5000-2924,"one digit, first group",1.6270122856088315e-10,150,-4.7260399760548647e-11
02050002924,020-5000-2924,"one digit, first group",1.6270122856088315e-10,151,-1.423001423771462e-10
02050002924,020-5000-2924,"one digit, first group",1.6270122856088315e-10,152,-2.4277898662861284e-10
02050002924,020-5000-2924,"one digit, first group",1.6270122856088315e-10,153,-4.4277845126515663e-11
02050002924,020-5000-2924,"one digit, first group",1.6270122856088315e-10,154,-4.349082790168542e-11
02050002924,020-5000-2924,"one digit, first group",1.6270122856088315e-10,155,-1.7277170067316864e-10
02050002924,020-5000-2924,"one digit, first group",1.6270122856088315e-10,156,-9.562527461647497e-09
02050002924,020-5000-2924,"one digit, first group",1.6270122856088315e-10,157,1.2240117019580019e-11
02050002924,020-5000-2924,"one digit, first group",1.6270122856088315e-10,158,-2.0976365148250554e-10
02050002924,020-5000-2924,"one digit, first group",1.6270122856088315e-10,159,1.2783848048752487e-10
02050002924,020-5000-2924,"one digit, first group",1.6270122856088315e-10,160,-1.3906383869962111e-08
02050002924,020-5000-2924,"one digit, first group",1.6270122856088315e-10,161,8.9178001023958e-12
02050002924,020-5000-2924,"one digit, first group",1.6270122856088315e-10,162,5.936173043471786e-11
02050002924,020-5000-2924,"one digit, first group",1.6270122856088315e-10,163,3.5997576043028038e-09
02050002924,020-5000-2924,"one digit, first group",1.6270122856088315e-10,164,-2.5635951112940906e-09
02050002924,020-5000-2924,"one digit, first group",1.6270122856088315e-10,165,-4.3153496103078236e-11
02050002924,020-5000-2924,"one digit, first group",1.6270122856088315e-10,166,-9.582902620509182e-11
02050002924,020-5000-2924,"one digit, first group",1.6270122856088315e-10,167,-1.8170231608083356e-10
02050002924,020-5000-2924,"one digit, first group",1.6270122856088315e-10,168,3.977267882950097e-11
02050002924,020-5000-2924,"one digit, first group",1.6270122856088315e-10,169,2.379744433841304e-10
02050002924,020-5000-2924,"one digit, first group",1.6270122856088315e-10,170,-7.23942009023815e-11
02050002924,020-5000-2924,"one digit, first group",1.6270122856088315e-10,171,-1.6643210604540053e-10
02050002924,020-5000-2924,"one digit, first group",1.6270122856088315e-10,172,-1.7994213904261777e-11
02050002924,020-5000-2924,"one digit, first group",1.6270122856088315e-10,173,2.702499210731623e-11
02050002924,020-5000-2924,"one digit, first group",1.6270122856088315e-10,174,4.1895151146974464e-11
02050002924,020-5000-2924,"one digit, first group",1.6270122856088315e-10,175,1.8740263912294013e-10
02050002924,020-5000-2924,"one digit, first group",1.6270122856088315e-10,176,-1.501515803657194e-10
02050002924,020-5000-2924,"one digit, first group",1.6270122856088315e-10,177,-3.861598896006079e-10
02050002924,020-5000-2924,"one digit, first group",1.6270122856088315e-10,178,-2.3279544885816555e-11
02050002924,020-5000-2924,"one digit, first group",1.6270122856088315e-10,179,1.1245082533988999e-10
02050002924,020-5000-2924,"one digit, first group",1.6270122856088315e-10,180,5.6214479727121537e-11
02050002924,020-5000-2924,"one digit, first group",1.6270122856088315e-10,181,2.7181953494048414e-10
02050002924,020-5000-2924,"one digit, first group",1.6270122856088315e-10,182,-2.864464276769976e-10
02050002924,020-5000-2924,"one digit, first group",1.6270122856088315e-10,183,-9.716364471092901e-11
02050002924,020-5000-2924,"one digit, first group",1.6270122856088315e-10,184,1.236688922352941e-11
02050002924,020-5000-2924,"one digit, first group",1.6270122856088315e-10,185,-4.800857212360708e-11
02050002924,020-5000-2924,"one digit, first group",1.6270122856088315e-10,186,-1.4821512965502872e-10
02050002924,020-5000-2924,"one digit, first group",1.6270122856088315e-10,187,5.940979450384786e-11
02050002924,020-5000-2924,"one digit, first group",1.6270122856088315e-10,188,6.258210772416632e-11
02050002924,020-5000-2924,"one digit, first group",1.6270122856088315e-10,189,-1.7094834524033865e-10
02050002924,020-5000-2924,"one digit, first group",1.6270122856088315e-10,190,3.2103057729750238e-12
02050002924,020-5000-2924,"one digit, first group",1.6270122856088315e-10,191,2.9658522242286065e-11
02050002924,020-5000-2924,"one digit, first group",1.6270122856088315e-10,192,4.32428005933115e-11
02050002924,020-5000-2924,"one digit, first group",1.6270122856088315e-10,193,-3.1121610169987786e-10
02050002924,020-5000-2924,"one digit, first group",1.6270122856088315e-10,194,1.750807832706856e-11
02050002924,020-5000-2924,"one digit, first group",1.6270122856088315e-10,195,-8.23348436283169e-11
02050002924,020-5000-2924,"one digit, first group",1.6270122856088315e-10,196,-6.023031796184932e-11
02050002924,020-5000-2924,"one digit, first group",1.6270122856088315e-10,197,-3.8966194336097094e-10
02050002924,020-5000-2924,"one digit, first group",1.6270122856088315e-10,198,1.558312968340246e-10
02050002924,020-5000-2924,"one digit, first group",1.6270122856088315e-10,199,-2.8357409960193437e-10
02050002924,020-5000-2924,"one digit, first group",1.6270122856088315e-10,200,4.111266664668201e-11
02050002924,020-5000-2924,"one digit, first group",1.6270122856088315e-10,201,6.550460598230241e-11
02050002924,020-5000-2924,"one digit, first group",1.6270122856088315e-10,202,8.927807580868608e-11
02050002924,020-5000-2924,"one digit, first group",1.6270122856088315e-10,203,-2.3171772054852863e-12
01050102924,010-5010-2924,"one digit, middle group",-1.1296248377951544e-10,0,1.2589210376291392e-10
01050102924,010-5010-2924,"one digit, middle group",-1.1296248377951544e-10,1,-1.8573058359269985e-10
01050102924,010-5010-2924,"one digit, middle group",-1.1296248377951544e-10,2,-1.2953593643372397e-10
01050102924,010-5010-2924,"one digit, middle group",-1.1296248377951544e-10,3,2.831378400719703e-11
01050102924,010-5010-2924,"one digit, middle group",-1.1296248377951544e-10,4,6.100327873722401e-11
01050102924,010-5010-2924,"one digit, middle group",-1.1296248377951544e-10,5,-2.8333129132259413e-10
01050102924,010-5010-2924,"one digit, middle group",-1.1296248377951544e-10,6,-2.8321728489293644e-11
01050102924,010-5010-2924,"one digit, middle group",-1.1296248377951544e-10,7,-7.566093672228201e-11
01050102924,010-5010-2924,"one digit, middle group",-1.1296248377951544e-10,8,-5.3427109210550716e-11
01050102924,010-5010-2924,"one digit, middle group",-1.1296248377951544e-10,9,9.163151990626678e-11
01050102924,010-5010-2924,"one digit, middle group",-1.1296248377951544e-10,10,2.1768144639483994e-11
01050102924,010-5010-2924,"one digit, middle group",-1.1296248377951544e-10,11,-2.193746448652823e-10
01050102924,010-5010-2924,"one digit, middle group",-1.1296248377951544e-10,12,-7.316746737504741e-10
01050102924,010-5010-2924,"one digit, middle group",-1.1296248377951544e-10,13,8.955707296155134e-11
01050102924,010-5010-2924,"one digit, middle group",-1.1296248377951544e-10,14,-2.1274999154811962e-11
01050102924,010-5010-2924,"one digit, middle group",-1.1296248377951544e-10,15,1.7151526993147128e-11
01050102924,010-5010-2924,"one digit, middle group",-1.1296248377951544e-10,16,-3.961360597968904e-11
01050102924,010-5010-2924,"one digit, middle group",-1.1296248377951544e-10,17,-2.1351335830499323e-12
01050102924,010-5010-2924,"one digit, middle group",-1.1296248377951544e-10,18,1.3598109652771305e-10
01050102924,010-5010-2924,"one digit, middle group",-1.1296248377951544e-10,19,9.404771809332071e-11
01050102924,010-5010-2924,"one digit, middle group",-1.1296248377951544e-10,20,-9.163385858747596e-11
01050102924,010-5010-2924,"one digit, middle group",-1.1296248377951544e-10,21,-1.0264572696667997e-10
01050102924,010-5010-2924,"one digit, middle group",-1.1296248377951544e-10,22,-9.735548112809921e-12
01050102924,010-5010-2924,"one digit, middle group",-1.1296248377951544e-10,23,1.2698994445778472e-10
01050102924,010-5010-2924,"one digit, middle group",-1.1296248377951544e-10,24,2.994205702886838e-10
01050102924,010-5010-2924,"one digit, middle group",-1.1296248377951544e-10,25,2.6760782149460537e-12
01050102924,010-5010-2924,"one digit, middle group",-1.1296248377951544e-10,26,-4.0160437440721284e-10
01050102924,010-5010-2924,"one digit, middle group",-1.1296248377951544e-10,27,-1.499166701421884e-10
01050102924,010-5010-2924,"one digit, middle group",-1.1296248377951544e-10,28,2.831060844325609e-10
01050102924,010-5010-2924,"one digit, middle group",-1.1296248377951544e-10,29,8.23044458830374e-11
01050102924,010-5010-2924,"one digit, middle group",-1.1296248377951544e-10,30,-1.8408406647787036e-10
01050102924,010-5010-2924,"one digit, middle group",-1.1296248377951544e-10,31,-2.1108682313703777e-10
01050102924,010-5010-2924,"one digit, middle group",-1.1296248377951544e-10,32,2.918416171533974e-11
01050102924,010-5010-2924,"one digit, middle group",-1.1296248377951544e-10,33,-1.0162736286901935e-10
01050102924,010-5010-2924,"one digit, middle group",-1.1296248377951544e-10,34,3.951169785412392e-12
01050102924,010-5010-2924,"one digit, middle group",-1.1296248377951544e-10,35,1.3053142789063456e-10
01050102924,010-5010-2924,"one digit, middle group",-1.1296248377951544e-10,36,1.876598450036757e-10
01050102924,010-5010-2924,"one digit, middle group",-1.1296248377951544e-10,37,-2.8187725599070314e-11
01050102924,010-5010-2924,"one digit, middle group",-1.1296248377951544e-10,38,-1.9791756310996084e-10
01050102924,010-5010-2924,"one digit, middle group",-1.1296248377951544e-10,39,5.837296856300366e-11
01050102924,010-5010-2924,"one digit, middle group",-1.1296248377951544e-10,40,3.9664211936540815e-10
01050102924,010-5010-2924,"one digit, middle group",-1.1296248377951544e-10,41,7.414967044251565e-11
01050102924,010-5010-2924,"one digit, middle group",-1.1296248377951544e-10,42,1.0134161583182348e-11
01050102924,010-5010-2924,"one digit, middle group",-1.1296248377951544e-10,43,-5.866753838723639e-11
01050102924,010-5010-2924,"one digit, middle group",-1.1296248377951544e-10,44,-1.9496506158550248e-11
01050102924,010-5010-2924,"one digit, middle group",-1.1296248377951544e-10,45,-1.4336229366673042e-11
01050102924,010-5010-2924,"one digit, middle group",-1.1296248377951544e-10,46,1.321471734768905e-10
01050102924,010-5010-2924,"one digit, middle group",-1.1296248377951544e-10,47,-1.8886358632273677e-10
01050102924,010-5010-2924,"one digit, middle group",-1.1296248377951544e-10,48,-1.6544693019695104e-10
01050102924,010-5010-2924,"one digit, middle group",-1.1296248377951544e-10,49,-2.4943578539632985e-10
01050102924,010-5010-2924,"one digit, middle group",-1.1296248377951544e-10,50,3.199686815309975e-12
01050102924,010-5010-2924,"one digit, middle group",-1.1296248377951544e-10,51,8.531386029537642e-11
01050102924,010-5010-2924,"one digit, middle group",-1.1296248377951544e-10,52,-8.423427342054566e-11
01050102924,010-5010-2924,"one digit, middle group",-1.1296248377951544e-10,53,2.128563350132857e-11
01050102924,010-5010-2924,"one digit, middle group",-1.1296248377951544e-10,54,9.380612940569116e-11
01050102924,010-5010-2924,"one digit, middle group",-1.1296248377951544e-10,55,1.471495039547716e-10
01050102924,010-5010-2924,"one digit, middle group",-1.1296248377951544e-10,56,-1.846078418469607e-10
01050102924,010-5010-2924,"one digit, middle group",-1.1296248377951544e-10,57,-3.885299389247803e-11
01050102924,010-5010-2924,"one digit, middle group",-1.1296248377951544e-10,58,4.3653420695272785e-11
01050102924,010-5010-2924,"one digit, middle group",-1.1296248377951544e-10,59,-1.4296488310730357e-10
01050102924,010-5010-2924,"one digit, middle group",-1.1296248377951544e-10,60,-8.564064663863481e-11
01050102924,010-5010-2924,"one digit, middle group",-1.1296248377951544e-10,61,9.012612285417145e-11
01050102924,010-5010-2924,"one digit, middle group",-1.1296248377951544e-10,62,-1.963768549143365e-10
01050102924,010-5010-2924,"one digit, middle group",-1.1296248377951544e-10,63,-1.1466276836807794e-10
01050102924,010-5010-2924,"one digit, middle group",-1.1296248377951544e-10,64,-6.879699077346633e-11
01050102924,010-5010-2924,"one digit, middle group",-1.1296248377951544e-10,65,1.7162649330298744e-10
01050102924,010-5010-2924,"one digit, middle group",-1.1296248377951544e-10,66,1.169841902504644e-10
01050102924,010-5010-2924,"one digit, middle group",-1.1296248377951544e-10,67,7.612262728580683e-11
01050102924,010-5010-2924,"one digit, middle group",-1.1296248377951544e-10,68,-7.781715179906421e-11
01050102924,010-5010-2924,"one digit, middle group",-1.1296248377951544e-10,69,4.7191816792049537e-11
01050102924,010-5010-2924,"one digit, middle group",-1.1296248377951544e-10,70,1.0446931914128532e-11
01050102924,010-5010-2924,"one digit, middle group",-1.1296248377951544e-10,71,6.364822628523118e-11
01050102924,010-5010-2924,"one digit, middle group",-1.1296248377951544e-10,72,-2.83144110200181e-11
01050102924,010-5010-2924,"one digit, middle group",-1.1296248377951544e-10,73,3.1788691814157676e-11
01050102924,010-5010-2924,"one digit, middle group",-1.1296248377951544e-10,74,2.1080599850925927e-10
01050102924,010-5010-2924,"one digit, middle group",-1.1296248377951544e-10,75,2.615475803121851e-11
01050102924,010-5010-2924,"one digit, middle group",-1.1296248377951544e-10,76,-8.255571894974219e-11
01050102924,010-5010-2924,"one digit, middle group",-1.1296248377951544e-10,77,-1.0871306412237707e-10
01050102924,010-5010-2924,"one digit, middle group",-1.1296248377951544e-10,78,-4.4850437545546353e-10
01050102924,010-5010-2924,"one digit, middle group",-1.1296248377951544e-10,79,-1.6113387733273094e-10
01050102924,010-5010-2924,"one digit, middle group",-1.1296248377951544e-10,80,-1.2260097786501946e-10
01050102924,010-5010-2924,"one digit, middle group",-1.1296248377951544e-10,81,-7.45205905249712e-11
01050102924,010-5010-2924,"one digit, middle group",-1.1296248377951544e-10,82,-6.268512267218742e-11
01050102924,010-5010-2924,"one digit, middle group",-1.1296248377951544e-10,83,1.8242193932062212e-10
01050102924,010-5010-2924,"one digit, middle group",-1.1296248377951544e-10,84,1.122396447135667e-10
01050102924,010-5010-2924,"one digit, middle group",-1.1296248377951544e-10,85,-3.778550432331114e-11
01050102924,010-5010-2924,"one digit, middle group",-1.1296248377951544e-10,86,-2.52744641678579e-10
01050102924,010-5010-2924,"one digit, middle group",-1.1296248377951544e-10,87,-3.137930755056814e-11
01050102924,010-5010-2924,"one digit, middle group",-1.1296248377951544e-10,88,2.1385321790134418e-10
01050102924,010-5010-2924,"one digit, middle group",-1.1296248377951544e-10,89,2.1122739775398187e-10
01050102924,010-5010-2924,"one digit, middle group",-1.1296248377951544e-10,90,-1.1132199733926612e-10
01050102924,010-5010-2924,"one digit, middle group",-1.1296248377951544e-10,91,5.868704977795935e-11
01050102924,010-5010-2924,"one digit, middle group",-1.1296248377951544e-10,92,4.1952277180510375e-11
01050102924,010-5010-2924,"one digit, middle group",-1.1296248377951544e-10,93,8.728742414016055e-11
01050102924,010-5010-2924,"one digit, middle group",-1.1296248377951544e-10,94,3.25691021308016e-11
01050102924,010-5010-2924,"one digit, middle group",-1.1296248377951544e-10,95,-3.333558520441911e-10
01050102924,010-5010-2924,"one digit, middle group",-1.1296248377951544e-10,96,-1.1923456068680766e-10
01050102924,010-5010-2924,"one digit, middle group",-1.1296248377951544e-10,97,-2.605691691502575e-10
01050102924,010-5010-2924,"one digit, middle group",-1.1296248377951544e-10,98,6.541078456897037e-11
01050102924,010-5010-2924,"one digit, middle group",-1.1296248377951544e-10,99,2.089299205631564e-11
01050102924,010-5010-2924,"one digit, middle group",-1.1296248377951544e-10,100,1.8053850363455837e-10
01050102924,010-5010-2924,"one digit, middle group",-1.1296248377951544e-10,101,3.0273007334208947e-10
01050102924,010-5010-2924,"one digit, middle group",-1.1296248377951544e-10,102,2.633239173977366e-10
01050102924,010-5010-2924,"one digit, middle group",-1.1296248377951544e-10,103,1.088252430589756e-10
01050102924,010-5010-2924,"one digit, middle group",-1.1296248377951544e-10,104,-1.4809838595649725e-10
01050102924,010-5010-2924,"one digit, middle group",-1.1296248377951544e-10,105,1.5009445079041863e-10
01050102924,010-5010-2924,"one digit, middle group",-1.1296248377951544e-10,106,-4.371900744389573e-11
01050102924,010-5010-2924,"one digit, middle group",-1.1296248377951544e-10,107,-5.655914756363242e-11
01050102924,010-5010-2924,"one digit, middle group",-1.1296248377951544e-10,108,9.781864926396617e-11
01050102924,010-5010-2924,"one digit, middle group",-1.1296248377951544e-10,109,2.6246207143145245e-10
01050102924,010-5010-2924,"one digit, middle group",-1.1296248377951544e-10,110,1.0691654176699123e-10
01050102924,010-5010-2924,"one digit, middle group",-1.1296248377951544e-10,111,6.301826900614537e-11
01050102924,010-5010-2924,"one digit, middle group",-1.1296248377951544e-10,112,3.867049137879855e-10
01050102924,010-5010-2924,"one digit, middle group",-1.1296248377951544e-10,113,-1.7954461221196022e-12
01050102924,010-5010-2924,"one digit, middle group",-1.1296248377951544e-10,114,3.25959441228979e-11
01050102924,010-5010-2924,"one digit, middle group",-1.1296248377951544e-10,115,-2.0950995954934747e-11
01050102924,010-5010-2924,"one digit, middle group",-1.1296248377951544e-10,116,-2.2710861687897063e-11
01050102924,010-5010-2924,"one digit, middle group",-1.1296248377951544e-10,117,-4.7894543585546183e-11
01050102924,010-5010-2924,"one digit, middle group",-1.1296248377951544e-10,118,4.902632625468275e-11
01050102924,010-5010-2924,"one digit, middle group",-1.1296248377951544e-10,119,-1.7726333548547544e-10
01050102924,010-5010-2924,"one digit, middle group",-1.1296248377951544e-10,120,7.183464972008953e-11
01050102924,010-5010-2924,"one digit, middle group",-1.1296248377951544e-10,121,1.109272986173654e-10
01050102924,010-5010-2924,"one digit, middle group",-1.1296248377951544e-10,122,6.045543932859918e-11
01050102924,010-5010-2924,"one digit, middle group",-1.1296248377951544e-10,123,-1.227815148546295e-11
01050102924,010-5010-2924,"one digit, middle group",-1.1296248377951544e-10,124,-1.8834326563566254e-10
01050102924,010-5010-2924,"one digit, middle group",-1.1296248377951544e-10,125,3.130296384082261e-10
01050102924,010-5010-2924,"one digit, middle group",-1.1296248377951544e-10,126,9.339493198118966e-11
01050102924,010-5010-2924,"one digit, middle group",-1.1296248377951544e-10,127,-2.3542079230548007e-10
01050102924,010-5010-2924,"one digit, middle group",-1.1296248377951544e-10,128,-2.6706738116791575e-10
01050102924,010-5010-2924,"one digit, middle group",-1.1296248377951544e-10,129,3.1549631710681746e-12
01050102924,010-5010-2924,"one digit, middle group",-1.1296248377951544e-10,130,-1.1590040995834034e-11
01050102924,010-5010-2924,"one digit, middle group",-1.1296248377951544e-10,131,1.51713897790891e-11
01050102924,010-5010-2924,"one digit, middle group",-1.1296248377951544e-10,132,1.002117993089019e-10
01050102924,010-5010-2924,"one digit, middle group",-1.1296248377951544e-10,133,1.8645352510703475e-11
01050102924,010-5010-2924,"one digit, middle group",-1.1296248377951544e-10,134,5.6396589320109684e-11
01050102924,010-5010-2924,"one digit, middle group",-1.1296248377951544e-10,135,2.1464406848637904e-10
01050102924,010-5010-2924,"one digit, middle group",-1.1296248377951544e-10,136,-7.447531670661433e-12
01050102924,010-5010-2924,"one digit, middle group",-1.1296248377951544e-10,137,-1.4036417234609337e-11
01050102924,010-5010-2924,"one digit, middle group",-1.1296248377951544e-10,138,5.4131208629095384e-11
01050102924,010-5010-2924,"one digit, middle group",-1.1296248377951544e-10,139,-1.9008235313742436e-11
01050102924,010-5010-2924,"one digit, middle group",-1.1296248377951544e-10,140,4.08247330855562e-11
01050102924,010-5010-2924,"one digit, middle group",-1.1296248377951544e-10,141,1.3461693780707842e-10
01050102924,010-5010-2924,"one digit, middle group",-1.1296248377951544e-10,142,1.7440842984589142e-10
01050102924,010-5010-2924,"one digit, middle group",-1.1296248377951544e-10,143,-1.903754490680954e-10
01050102924,010-5010-2924,"one digit, middle group",-1.1296248377951544e-10,144,2.0838257703414725e-10
01050102924,010-5010-2924,"one digit, middle group",-1.1296248377951544e-10,145,-3.0459395085754933e-09
01050102924,010-5010-2924,"one digit, middle group",-1.1296248377951544e-10,146,1.9236260523478176e-09
01050102924,010-5010-2924,"one digit, middle group",-1.1296248377951544e-10,147,1.9380774666038418e-09
01050102924,010-5010-2924,"one digit, middle group",-1.1296248377951544e-10,148,4.803219106670651e-10
01050102924,010-5010-2924,"one digit, middle group",-1.1296248377951544e-10,149,-6.9153174945767645e-09
01050102924,010-5010-2924,"one digit, middle group",-1.1296248377951544e-10,150,-2.042185508820158e-11
01050102924,010-5010-2924,"one digit, middle group",-1.1296248377951544e-10,151,-5.6974647000613315e-12
01050102924,010-5010-2924,"one digit, middle group",-1.1296248377951544e-10,152,-4.0517148888936794e-11
01050102924,010-5010-2924,"one digit, middle group",-1.1296248377951544e-10,153,1.0231757468365791e-10
01050102924,010-5010-2924,"one digit, middle group",-1.1296248377951544e-10,154,3.5517848287264985e-11
01050102924,010-5010-2924,"one digit, middle group",-1.1296248377951544e-10,155,-1.5074028480834754e-10
01050102924,010-5010-2924,"one digit, middle group",-1.1296248377951544e-10,156,8.738504546365402e-10
01050102924,010-5010-2924,"one digit, middle group",-1.1296248377951544e-10,157,6.133658938332685e-11
01050102924,010-5010-2924,"one digit, middle group",-1.1296248377951544e-10,158,-3.3140547726937797e-10
01050102924,010-5010-2924,"one digit, middle group",-1.1296248377951544e-10,159,-3.5419965914144616e-11
01050102924,010-5010-2924,"one digit, middle group",-1.1296248377951544e-10,160,-1.8619160499972503e-09
01050102924,010-5010-2924,"one digit, middle group",-1.1296248377951544e-10,161,-3.2007907207467206e-11
01050102924,010-5010-2924,"one digit, middle group",-1.1296248377951544e-10,162,-6.914583780399698e-11
01050102924,010-5010-2924,"one digit, middle group",-1.1296248377951544e-10,163,-1.7181273814329732e-09
01050102924,010-5010-2924,"one digit, middle group",-1.1296248377951544e-10,164,7.150784803616207e-10
01050102924,010-5010-2924,"one digit, middle group",-1.1296248377951544e-10,165,-2.6198154621677184e-12
01050102924,010-5010-2924,"one digit, middle group",-1.1296248377951544e-10,166,7.488375752206471e-12
01050102924,010-5010-2924,"one digit, middle group",-1.1296248377951544e-10,167,1.5490968028077483e-10
01050102924,010-5010-2924,"one digit, middle group",-1.1296248377951544e-10,168,6.270448777657561e-11
01050102924,010-5010-2924,"one digit, middle group",-1.1296248377951544e-10,169,-1.9852377823392283e-10
01050102924,010-5010-2924,"one digit, middle group",-1.1296248377951544e-10,170,7.30178365454682e-11
01050102924,010-5010-2924,"one digit, middle group",-1.1296248377951544e-10,171,-2.193592594237235e-10
01050102924,010-5010-2924,"one digit, middle group",-1.1296248377951544e-10,172,3.305146545936686e-14
01050102924,010-5010-2924,"one digit, middle group",-1.1296248377951544e-10,173,3.705345118157028e-11
01050102924,010-5010-2924,"one digit, middle group",-1.1296248377951544e-10,174,-3.7178849858041295e-11
01050102924,010-5010-2924,"one digit, middle group",-1.1296248377951544e-10,175,-5.1893538170818194e-11
01050102924,010-5010-2924,"one digit, middle group",-1.1296248377951544e-10,176,-8.719960276538267e-11
01050102924,010-5010-2924,"one digit, middle group",-1.1296248377951544e-10,177,-2.5751765289445296e-10
01050102924,010-5010-2924,"one digit, middle group",-1.1296248377951544e-10,178,-1.2078565567811696e-10
01050102924,010-5010-2924,"one digit, middle group",-1.1296248377951544e-10,179,-2.9200319646339804e-10
01050102924,010-5010-2924,"one digit, middle group",-1.1296248377951544e-10,180,-2.447467546469508e-10
01050102924,010-5010-2924,"one digit, middle group",-1.1296248377951544e-10,181,7.57252052831583e-10
01050102924,010-5010-2924,"one digit, middle group",-1.1296248377951544e-10,182,-1.5789964464794926e-10
01050102924,010-5010-2924,"one digit, middle group",-1.1296248377951544e-10,183,9.741151486976652e-11
01050102924,010-5010-2924,"one digit, middle group",-1.1296248377951544e-10,184,-3.036261124593827e-11
01050102924,010-5010-2924,"one digit, middle group",-1.1296248377951544e-10,185,4.5134247370327596e-11
01050102924,010-5010-2924,"one digit, middle group",-1.1296248377951544e-10,186,2.268050846482603e-10
01050102924,010-5010-2924,"one digit, middle group",-1.1296248377951544e-10,187,2.050714125805801e-10
01050102924,010-5010-2924,"one digit, middle group",-1.1296248377951544e-10,188,-1.2787729581175297e-10
01050102924,010-5010-2924,"one digit, middle group",-1.1296248377951544e-10,189,1.507065194285142e-10
01050102924,010-5010-2924,"one digit, middle group",-1.1296248377951544e-10,190,-1.277631990056161e-10
01050102924,010-5010-2924,"one digit, middle group",-1.1296248377951544e-10,191,-1.3716161136119674e-10
01050102924,010-5010-2924,"one digit, middle group",-1.1296248377951544e-10,192,1.3268572345596563e-11
01050102924,010-5010-2924,"one digit, middle group",-1.1296248377951544e-10,193,-1.8271413680431371e-10
01050102924,010-5010-2924,"one digit, middle group",-1.1296248377951544e-10,194,1.2502169898743659e-11
01050102924,010-5010-2924,"one digit, middle group",-1.1296248377951544e-10,195,-9.721558588749845e-11
01050102924,010-5010-2924,"one digit, middle group",-1.1296248377951544e-10,196,1.6842906241423499e-10
01050102924,010-5010-2924,"one digit, middle group",-1.1296248377951544e-10,197,7.75624114800063e-11
01050102924,010-5010-2924,"one digit, middle group",-1.1296248377951544e-10,198,-1.925083201502634e-10
01050102924,010-5010-2924,"one digit, middle group",-1.1296248377951544e-10,199,-1.738155532913757e-10
01050102924,010-5010-2924,"one digit, middle group",-1.1296248377951544e-10,200,2.992293071972062e-11
01050102924,010-5010-2924,"one digit, middle group",-1.1296248377951544e-10,201,-3.880144796821775e-12
01050102924,010-5010-2924,"one digit, middle group",-1.1296248377951544e-10,202,-2.6634065030304417e-10
01050102924,010-5010-2924,"one digit, middle group",-1.1296248377951544e-10,203,1.304286508224232e-11
01011112222,010-1111-2222,not in the log,-4.595701042308809e-10,0,-2.5971849109435177e-11
01011112222,010-1111-2222,not in the log,-4.595701042308809e-10,1,-2.729323107845827e-10
01011112222,010-1111-2222,not in the log,-4.595701042308809e-10,2,-6.96322617765397e-11
01011112222,010-1111-2222,not in the log,-4.595701042308809e-10,3,-1.1831932380274893e-11
01011112222,010-1111-2222,not in the log,-4.595701042308809e-10,4,-2.2171414669270015e-10
01011112222,010-1111-2222,not in the log,-4.595701042308809e-10,5,-1.778301492213417e-10
01011112222,010-1111-2222,not in the log,-4.595701042308809e-10,6,-3.6517579411536105e-12
01011112222,010-1111-2222,not in the log,-4.595701042308809e-10,7,-6.136323972566368e-11
01011112222,010-1111-2222,not in the log,-4.595701042308809e-10,8,1.4281657597516183e-10
01011112222,010-1111-2222,not in the log,-4.595701042308809e-10,9,1.0120085580643035e-10
01011112222,010-1111-2222,not in the log,-4.595701042308809e-10,10,4.741323120388031e-11
01011112222,010-1111-2222,not in the log,-4.595701042308809e-10,11,3.8419639426275166e-11
01011112222,010-1111-2222,not in the log,-4.595701042308809e-10,12,-3.5634342306119495e-11
01011112222,010-1111-2222,not in the log,-4.595701042308809e-10,13,1.5291009937907188e-10
01011112222,010-1111-2222,not in the log,-4.595701042308809e-10,14,-5.55342614884475e-12
01011112222,010-1111-2222,not in the log,-4.595701042308809e-10,15,3.222156100125099e-11
01011112222,010-1111-2222,not in the log,-4.595701042308809e-10,16,8.104658809931615e-11
01011112222,010-1111-2222,not in the log,-4.595701042308809e-10,17,2.929174514019401e-11
01011112222,010-1111-2222,not in the log,-4.595701042308809e-10,18,-6.954922448008016e-11
01011112222,010-1111-2222,not in the log,-4.595701042308809e-10,19,3.02359431575191e-11
01011112222,010-1111-2222,not in the log,-4.595701042308809e-10,20,6.820312073897335e-11
01011112222,010-1111-2222,not in the log,-4.595701042308809e-10,21,-5.4769908001467774e-12
01011112222,010-1111-2222,not in the log,-4.595701042308809e-10,22,1.750643186058604e-10
01011112222,010-1111-2222,not in the log,-4.595701042308809e-10,23,2.836225842471006e-11
01011112222,010-1111-2222,not in the log,-4.595701042308809e-10,24,-5.391192678634412e-10
01011112222,010-1111-2222,not in the log,-4.595701042308809e-10,25,7.123069916170543e-11
01011112222,010-1111-2222,not in the log,-4.595701042308809e-10,26,-3.4150021341358115e-11
01011112222,010-1111-2222,not in the log,-4.595701042308809e-10,27,6.597481348293005e-11
01011112222,010-1111-2222,not in the log,-4.595701042308809e-10,28,-1.9684732378425246e-10
01011112222,010-1111-2222,not in the log,-4.595701042308809e-10,29,1.5789504796538976e-11
01011112222,010-1111-2222,not in the log,-4.595701042308809e-10,30,3.614835215147146e-10
01011112222,010-1111-2222,not in the log,-4.595701042308809e-10,31,7.391078003662783e-12
01011112222,010-1111-2222,not in the log,-4.595701042308809e-10,32,3.430492088103078e-11
01011112222,010-1111-2222,not in the log,-4.595701042308809e-10,33,3.6838947657485686e-10
01011112222,010-1111-2222,not in the log,-4.595701042308809e-10,34,-7.719583559252909e-11
01011112222,010-1111-2222,not in the log,-4.595701042308809e-10,35,-4.1440789544306335e-11
01011112222,010-1111-2222,not in the log,-4.595701042308809e-10,36,-2.5236123664726566e-11
01011112222,010-1111-2222,not in the log,-4.595701042308809e-10,37,2.489406417078454e-11
01011112222,010-1111-2222,not in the log,-4.595701042308809e-10,38,-9.119847541132278e-11
01011112222,010-1111-2222,not in the log,-4.595701042308809e-10,39,2.4044480846407085e-12
01011112222,010-1111-2222,not in the log,-4.595701042308809e-10,40,-2.015738695347298e-10
01011112222,010-1111-2222,not in the log,-4.595701042308809e-10,41,9.506531844187395e-11
01011112222,010-1111-2222,not in the log,-4.595701042308809e-10,42,1.5907777783171386e-10
01011112222,010-1111-2222,not in the log,-4.595701042308809e-10,43,4.538150243416699e-11
01011112222,010-1111-2222,not in the log,-4.595701042308809e-10,44,-6.598673199164914e-14
01011112222,010-1111-2222,not in the log,-4.595701042308809e-10,45,-5.7053089873420415e-11
01011112222,010-1111-2222,not in the log,-4.595701042308809e-10,46,6.802936674633257e-12
01011112222,010-1111-2222,not in the log,-4.595701042308809e-10,47,3.587992193957088e-10
01011112222,010-1111-2222,not in the log,-4.595701042308809e-10,48,1.0305554289295405e-10
01011112222,010-1111-2222,not in the log,-4.595701042308809e-10,49,-6.457996375186201e-11
01011112222,010-1111-2222,not in the log,-4.595701042308809e-10,50,-1.5011511189836035e-10
01011112222,010-1111-2222,not in the log,-4.595701042308809e-10,51,-3.856982185435052e-11
01011112222,010-1111-2222,not in the log,-4.595701042308809e-10,52,-2.2669998035486975e-11
01011112222,010-1111-2222,not in the log,-4.595701042308809e-10,53,5.014923525473901e-11
01011112222,010-1111-2222,not in the log,-4.595701042308809e-10,54,-1.995341771127867e-12
01011112222,010-1111-2222,not in the log,-4.595701042308809e-10,55,7.360493455377124e-11
01011112222,010-1111-2222,not in the log,-4.595701042308809e-10,56,1.289711616252989e-10
01011112222,010-1111-2222,not in the log,-4.595701042308809e-10,57,3.215648421831841e-11
01011112222,010-1111-2222,not in the log,-4.595701042308809e-10,58,-6.274675142216818e-11
01011112222,010-1111-2222,not in the log,-4.595701042308809e-10,59,1.4547107540266058e-10
01011112222,010-1111-2222,not in the log,-4.595701042308809e-10,60,-6.386940441301852e-11
01011112222,010-1111-2222,not in the log,-4.595701042308809e-10,61,-2.4640543901698614e-12
01011112222,010-1111-2222,not in the log,-4.595701042308809e-10,62,-1.1182267093213242e-11
01011112222,010-1111-2222,not in the log,-4.595701042308809e-10,63,1.1225946194095348e-10
01011112222,010-1111-2222,not in the log,-4.595701042308809e-10,64,9.189912268772016e-11
01011112222,010-1111-2222,not in the log,-4.595701042308809e-10,65,-2.7555693247595413e-10
01011112222,010-1111-2222,not in the log,-4.595701042308809e-10,66,-7.814908762994907e-11
01011112222,010-1111-2222,not in the log,-4.595701042308809e-10,67,-4.489919499159276e-11
01011112222,010-1111-2222,not in the log,-4.595701042308809e-10,68,1.1859023308079e-10
01011112222,010-1111-2222,not in the log,-4.595701042308809e-10,69,-3.492141034500595e-10
01011112222,010-1111-2222,not in the log,-4.595701042308809e-10,70,-1.520959527569259e-10
01011112222,010-1111-2222,not in the log,-4.595701042308809e-10,71,9.065742712555285e-12
01011112222,010-1111-2222,not in the log,-4.595701042308809e-10,72,1.160292095916516e-11
01011112222,010-1111-2222,not in the log,-4.595701042308809e-10,73,5.883689842703338e-11
01011112222,010-1111-2222,not in the log,-4.595701042308809e-10,74,-3.318427825439045e-11
01011112222,010-1111-2222,not in the log,-4.595701042308809e-10,75,-3.6100590227713984e-11
01011112222,010-1111-2222,not in the log,-4.595701042308809e-10,76,-1.4553173497463199e-10
01011112222,010-1111-2222,not in the log,-4.595701042308809e-10,77,4.461047874479292e-11
01011112222,010-1111-2222,not in the log,-4.595701042308809e-10,78,9.665744329646604e-11
01011112222,010-1111-2222,not in the log,-4.595701042308809e-10,79,-1.1117964244800589e-10
01011112222,010-1111-2222,not in the log,-4.595701042308809e-10,80,-1.1790215591811688e-10
01011112222,010-1111-2222,not in the log,-4.595701042308809e-10,81,-1.0090844285983019e-10
01011112222,010-1111-2222,not in the log,-4.595701042308809e-10,82,2.3154136647835465e-10
01011112222,010-1111-2222,not in the log,-4.595701042308809e-10,83,-2.1253921051601542e-11
01011112222,010-1111-2222,not in the log,-4.595701042308809e-10,84,-2.1162715684480166e-10
01011112222,010-1111-2222,not in the log,-4.595701042308809e-10,85,-4.759507146291145e-12
01011112222,010-1111-2222,not in the log,-4.595701042308809e-10,86,-4.126969453358704e-10
01011112222,010-1111-2222,not in the log,-4.595701042308809e-10,87,-2.427696610150206e-11
01011112222,010-1111-2222,not in the log,-4.595701042308809e-10,88,9.336239691913345e-11
01011112222,010-1111-2222,not in the log,-4.595701042308809e-10,89,3.0948347655559366e-11
01011112222,010-1111-2222,not in the log,-4.595701042308809e-10,90,1.296991719714907e-11
01011112222,010-1111-2222,not in the log,-4.595701042308809e-10,91,-2.1682398898782695e-10
01011112222,010-1111-2222,not in the log,-4.595701042308809e-10,92,2.8499552725139317e-10
01011112222,010-1111-2222,not in the log,-4.595701042308809e-10,93,-1.0804805188004876e-10
01011112222,010-1111-2222,not in the log,-4.595701042308809e-10,94,-6.371692709271881e-11
01011112222,010-1111-2222,not in the log,-4.595701042308809e-10,95,-1.5738831718444612e-11
01011112222,010-1111-2222,not in the log,-4.595701042308809e-10,96,-8.190735433691248e-11
01011112222,010-1111-2222,not in the log,-4.595701042308809e-10,97,3.23962108004348e-10
01011112222,010-1111-2222,not in the log,-4.595701042308809e-10,98,6.533619282662182e-12
01011112222,010-1111-2222,not in the log,-4.595701042308809e-10,99,-3.746693048662706e-11
01011112222,010-1111-2222,not in the log,-4.595701042308809e-10,100,-5.5039150590519184e-11
01011112222,010-1111-2222,not in the log,-4.595701042308809e-10,101,-2.207417825813122e-10
01011112222,010-1111-2222,not in the log,-4.595701042308809e-10,102,3.049502263045118e-10
01011112222,010-1111-2222,not in the log,-4.595701042308809e-10,103,4.0758261817520363e-10
01011112222,010-1111-2222,not in the log,-4.595701042308809e-10,104,-7.047882183042728e-11
01011112222,010-1111-2222,not in the log,-4.595701042308809e-10,105,6.259013337732204e-11
01011112222,010-1111-2222,not in the log,-4.595701042308809e-10,106,-4.114633832721351e-11
01011112222,010-1111-2222,not in the log,-4.595701042308809e-10,107,-3.413579201697895e-11
01011112222,010-1111-2222,not in the log,-4.595701042308809e-10,108,1.1575184622686155e-10
01011112222,010-1111-2222,not in the log,-4.595701042308809e-10,109,-2.044076864346838e-10
01011112222,010-1111-2222,not in the log,-4.595701042308809e-10,110,-1.0880274132183932e-10
01011112222,010-1111-2222,not in the log,-4.595701042308809e-10,111,-6.812882219222296e-11
01011112222,010-1111-2222,not in the log,-4.595701042308809e-10,112,-2.075432428581867e-10
01011112222,010-1111-2222,not in the log,-4.595701042308809e-10,113,-7.582922649353571e-12
01011112222,010-1111-2222,not in the log,-4.595701042308809e-10,114,3.0283082306013907e-10
01011112222,010-1111-2222,not in the log,-4.595701042308809e-10,115,-1.4006670562258136e-11
01011112222,010-1111-2222,not in the log,-4.595701042308809e-10,116,6.476996945568823e-11
01011112222,010-1111-2222,not in the log,-4.595701042308809e-10,117,-2.145257474170644e-10
01011112222,010-1111-2222,not in the log,-4.595701042308809e-10,118,-2.575380483094177e-10
01011112222,010-1111-2222,not in the log,-4.595701042308809e-10,119,1.6654169075483365e-10
01011112222,010-1111-2222,not in the log,-4.595701042308809e-10,120,4.5020907450713717e-11
01011112222,010-1111-2222,not in the log,-4.595701042308809e-10,121,1.688058190091464e-10
01011112222,010-1111-2222,not in the log,-4.595701042308809e-10,122,6.627561484976566e-11
01011112222,010-1111-2222,not in the log,-4.595701042308809e-10,123,-7.78277533568125e-11
01011112222,010-1111-2222,not in the log,-4.595701042308809e-10,124,-1.7211262882823814e-12
01011112222,010-1111-2222,not in the log,-4.595701042308809e-10,125,7.12503276153453e-11
01011112222,010-1111-2222,not in the log,-4.595701042308809e-10,126,-1.551633958105597e-10
01011112222,010-1111-2222,not in the log,-4.595701042308809e-10,127,-7.081149907949055e-11
01011112222,010-1111-2222,not in the log,-4.595701042308809e-10,128,-6.230212534554113e-10
01011112222,010-1111-2222,not in the log,-4.595701042308809e-10,129,2.479542881663972e-10
01011112222,010-1111-2222,not in the log,-4.595701042308809e-10,130,5.041891926853271e-11
01011112222,010-1111-2222,not in the log,-4.595701042308809e-10,131,-2.3598411617312877e-10
01011112222,010-1111-2222,not in the log,-4.595701042308809e-10,132,-7.235484076443094e-11
01011112222,010-1111-2222,not in the log,-4.595701042308809e-10,133,1.9514488112257487e-11
01011112222,010-1111-2222,not in the log,-4.595701042308809e-10,134,-7.146505979724625e-11
01011112222,010-1111-2222,not in the log,-4.595701042308809e-10,135,4.605780355289308e-11
01011112222,010-1111-2222,not in the log,-4.595701042308809e-10,136,3.74518087653552e-11
01011112222,010-1111-2222,not in the log,-4.595701042308809e-10,137,5.844910503448108e-11
01011112222,010-1111-2222,not in the log,-4.595701042308809e-10,138,-1.109444337863439e-10
01011112222,010-1111-2222,not in the log,-4.595701042308809e-10,139,1.4222383642615615e-10
01011112222,010-1111-2222,not in the log,-4.595701042308809e-10,140,1.2166513286967134e-10
01011112222,010-1111-2222,not in the log,-4.595701042308809e-10,141,-4.0148094955273025e-10
01011112222,010-1111-2222,not in the log,-4.595701042308809e-10,142,1.7913516423499962e-10
01011112222,010-1111-2222,not in the log,-4.595701042308809e-10,143,2.232445363617205e-11
01011112222,010-1111-2222,not in the log,-4.595701042308809e-10,144,7.044176815814008e-11
01011112222,010-1111-2222,not in the log,-4.595701042308809e-10,145,1.8403774206307787e-10
01011112222,010-1111-2222,not in the log,-4.595701042308809e-10,146,-8.565451958083608e-11
01011112222,010-1111-2222,not in the log,-4.595701042308809e-10,147,2.1941524459616353e-11
01011112222,010-1111-2222,not in the log,-4.595701042308809e-10,148,7.365580448258489e-11
01011112222,010-1111-2222,not in the log,-4.595701042308809e-10,149,-1.0731784961337416e-10
01011112222,010-1111-2222,not in the log,-4.595701042308809e-10,150,2.4543454778866105e-10
01011112222,010-1111-2222,not in the log,-4.595701042308809e-10,151,1.8928992167556334e-10
01011112222,010-1111-2222,not in the log,-4.595701042308809e-10,152,2.7229863125807236e-10
01011112222,010-1111-2222,not in the log,-4.595701042308809e-10,153,3.0773161869273876e-10
01011112222,010-1111-2222,not in the log,-4.595701042308809e-10,154,-3.649184435847253e-11
01011112222,010-1111-2222,not in the log,-4.595701042308809e-10,155,-6.378622806572993e-11
01011112222,010-1111-2222,not in the log,-4.595701042308809e-10,156,-4.445885640141379e-11
01011112222,010-1111-2222,not in the log,-4.595701042308809e-10,157,7.137189303419933e-11
01011112222,010-1111-2222,not in the log,-4.595701042308809e-10,158,1.2055821222897561e-11
01011112222,010-1111-2222,not in the log,-4.595701042308809e-10,159,-2.0620777642990028e-10
01011112222,010-1111-2222,not in the log,-4.595701042308809e-10,160,-3.467599487900243e-10
01011112222,010-1111-2222,not in the log,-4.595701042308809e-10,161,-9.726924191524174e-12
01011112222,010-1111-2222,not in the log,-4.595701042308809e-10,162,-7.721933662889742e-12
01011112222,010-1111-2222,not in the log,-4.595701042308809e-10,163,2.613520971595914e-11
01011112222,010-1111-2222,not in the log,-4.595701042308809e-10,164,2.2120249268376224e-10
01011112222,010-1111-2222,not in the log,-4.595701042308809e-10,165,-1.359203479249322e-11
01011112222,010-1111-2222,not in the log,-4.595701042308809e-10,166,9.675822659235604e-12
01011112222,010-1111-2222,not in the log,-4.595701042308809e-10,167,-3.3744560961815626e-10
01011112222,010-1111-2222,not in the log,-4.595701042308809e-10,168,-1.0281164748830982e-10
01011112222,010-1111-2222,not in the log,-4.595701042308809e-10,169,-2.3612371407966178e-11
01011112222,010-1111-2222,not in the log,-4.595701042308809e-10,170,-2.2215519668630775e-12
01011112222,010-1111-2222,not in the log,-4.595701042308809e-10,171,1.534608912614618e-10
01011112222,010-1111-2222,not in the log,-4.595701042308809e-10,172,-6.178299014296659e-11
01011112222,010-1111-2222,not in the log,-4.595701042308809e-10,173,-8.112326235891817e-11
01011112222,010-1111-2222,not in the log,-4.595701042308809e-10,174,3.8790638123021864e-11
01011112222,010-1111-2222,not in the log,-4.595701042308809e-10,175,1.554989495517395e-10
01011112222,010-1111-2222,not in the log,-4.595701042308809e-10,176,3.410890891175749e-11
01011112222,010-1111-2222,not in the log,-4.595701042308809e-10,177,1.966172729022231e-10
01011112222,010-1111-2222,not in the log,-4.595701042308809e-10,178,-6.061196303452281e-11
01011112222,010-1111-2222,not in the log,-4.595701042308809e-10,179,2.1768912187598887e-10
01011112222,010-1111-2222,not in the log,-4.595701042308809e-10,180,2.0506934975800487e-10
01011112222,010-1111-2222,not in the log,-4.595701042308809e-10,181,1.8536191801419964e-10
01011112222,010-1111-2222,not in the log,-4.595701042308809e-10,182,-1.1886246576401205e-10
01011112222,010-1111-2222,not in the log,-4.595701042308809e-10,183,1.5206828926001537e-11
01011112222,010-1111-2222,not in the log,-4.595701042308809e-10,184,-1.8211149453628247e-11
01011112222,010-1111-2222,not in the log,-4.595701042308809e-10,185,1.6626202379222736e-10
01011112222,010-1111-2222,not in the log,-4.595701042308809e-10,186,-2.055077407551483e-11
01011112222,010-1111-2222,not in the log,-4.595701042308809e-10,187,1.8294305085779104e-11
01011112222,010-1111-2222,not in the log,-4.595701042308809e-10,188,2.04192788417462e-11
01011112222,010-1111-2222,not in the log,-4.595701042308809e-10,189,-4.839295110731315e-11
01011112222,010-1111-2222,not in the log,-4.595701042308809e-10,190,-3.1779564709395805e-11
01011112222,010-1111-2222,not in the log,-4.595701042308809e-10,191,-1.3993719230876633e-11
01011112222,010-1111-2222,not in the log,-4.595701042308809e-10,192,5.2284976893241547e-11
01011112222,010-1111-2222,not in the log,-4.595701042308809e-10,193,6.304401150302067e-10
01011112222,010-1111-2222,not in the log,-4.595701042308809e-10,194,-4.394870199302271e-12
01011112222,010-1111-2222,not in the log,-4.595701042308809e-10,195,3.283971731778379e-10
01011112222,010-1111-2222,not in the log,-4.595701042308809e-10,196,1.4479944407919603e-10
01011112222,010-1111-2222,not in the log,-4.595701042308809e-10,197,-3.2759999504543614e-12
01011112222,010-1111-2222,not in the log,-4.595701042308809e-10,198,1.1226927161324564e-10
01011112222,010-1111-2222,not in the log,-4.595701042308809e-10,199,3.0948169550958777e-10
01011112222,010-1111-2222,not in the log,-4.595701042308809e-10,200,-8.632099053358047e-11
01011112222,010-1111-2222,not in the log,-4.595701042308809e-10,201,-1.0101885129544359e-10
01011112222,010-1111-2222,not in the log,-4.595701042308809e-10,202,2.562523793059857e-10
01011112222,010-1111-2222,not in the log,-4.595701042308809e-10,203,2.99060053066328e-12
