target,grouped,description,exist_value,slot,decrypted
01020132924,010-2013-2924,original,1.0000000004746759,0,-4.0429276891438386e-10
01020132924,010-2013-2924,original,1.0000000004746759,1,3.13467388091216e-10
01020132924,010-2013-2924,original,1.0000000004746759,2,4.5978236335027556e-11
01020132924,010-2013-2924,original,1.0000000004746759,3,-2.7055902553944045e-10
01020132924,010-2013-2924,original,1.0000000004746759,4,8.412692397091928e-11
01020132924,010-2013-2924,original,1.0000000004746759,5,-1.1499316775963832e-10
01020132924,010-2013-2924,original,1.0000000004746759,6,-3.5444969536617527e-11
01020132924,010-2013-2924,original,1.0000000004746759,7,3.660702612008915e-11
01020132924,010-2013-2924,original,1.0000000004746759,8,5.93993178716215e-11
01020132924,010-2013-2924,original,1.0000000004746759,9,-4.8269682183666636e-11
01020132924,010-2013-2924,original,1.0000000004746759,10,-1.2706831986113103e-10
01020132924,010-2013-2924,original,1.0000000004746759,11,-7.094035080218696e-11
01020132924,010-2013-2924,original,1.0000000004746759,12,-1.465639621385786e-11
01020132924,010-2013-2924,original,1.0000000004746759,13,1.0813430123293166e-10
01020132924,010-2013-2924,original,1.0000000004746759,14,9.654058334524989e-11
01020132924,010-2013-2924,original,1.0000000004746759,15,1.357013591409941e-10
01020132924,010-2013-2924,original,1.0000000004746759,16,-7.682262424993595e-12
01020132924,010-2013-2924,original,1.0000000004746759,17,-8.614414261146456e-11
01020132924,010-2013-2924,original,1.0000000004746759,18,-9.65628004802336e-11
01020132924,010-2013-2924,original,1.0000000004746759,19,1.828611524259525e-10
01020132924,010-2013-2924,original,1.0000000004746759,20,-5.886129759485449e-11
01020132924,010-2013-2924,original,1.0000000004746759,21,-7.375111943890423e-12
01020132924,010-2013-2924,original,1.0000000004746759,22,3.2903889233435136e-10
01020132924,010-2013-2924,original,1.0000000004746759,23,-4.1208159157098384e-10
01020132924,010-2013-2924,original,1.0000000004746759,24,-7.92806780472986e-11
01020132924,010-2013-2924,original,1.0000000004746759,25,-3.6636706168510896e-11
01020132924,010-2013-2924,original,1.0000000004746759,26,1.0334221165627536e-10
01020132924,010-2013-2924,original,1.0000000004746759,27,1.0707006206938316e-10
01020132924,010-2013-2924,original,1.0000000004746759,28,-2.7216360577239794e-10
01020132924,010-2013-2924,original,1.0000000004746759,29,-1.781904069639222e-10
01020132924,010-2013-2924,original,1.0000000004746759,30,-5.7789063537804875e-11
01020132924,010-2013-2924,original,1.0000000004746759,31,3.1296370423936667e-10
01020132924,010-2013-2924,original,1.0000000004746759,32,1.7282587045554767e-11
01020132924,010-2013-2924,original,1.0000000004746759,33,5.118236021116423e-10
01020132924,010-2013-2924,original,1.0000000004746759,34,-4.851074453501869e-11
01020132924,010-2013-2924,original,1.0000000004746759,35,8.380789121001536e-11
01020132924,010-2013-2924,original,1.0000000004746759,36,-2.722819360857811e-10
01020132924,010-2013-2924,original,1.0000000004746759,37,8.877555882142867e-11
01020132924,010-2013-2924,original,1.0000000004746759,38,1.4729710023229315e-10
01020132924,010-2013-2924,original,1.0000000004746759,39,1.4023659847860852e-10
01020132924,010-2013-2924,original,1.0000000004746759,40,1.9655507324233454e-10
01020132924,010-2013-2924,original,1.0000000004746759,41,6.14958108437644e-11
01020132924,010-2013-2924,original,1.0000000004746759,42,1.6432818853661962e-10
01020132924,010-2013-2924,original,1.0000000004746759,43,-1.6261326848910266e-10
01020132924,010-2013-2924,original,1.0000000004746759,44,1.2179484263229595e-10
01020132924,010-2013-2924,original,1.0000000004746759,45,2.0460962556881578e-10
01020132924,010-2013-2924,original,1.0000000004746759,46,-1.6300725013960427e-10
01020132924,010-2013-2924,original,1.0000000004746759,47,1.4077744499243197e-10
01020132924,010-2013-2924,original,1.0000000004746759,48,-1.5530041457243278e-10
01020132924,010-2013-2924,original,1.0000000004746759,49,1.0269374371731912e-12
01020132924,010-2013-2924,original,1.0000000004746759,50,-1.214793443790046e-11
01020132924,010-2013-2924,original,1.0000000004746759,51,-3.780384357356109e-11
01020132924,010-2013-2924,original,1.0000000004746759,52,8.581126315537361e-11
01020132924,010-2013-2924,original,1.0000000004746759,53,-2.3249287921326774e-10
01020132924,010-2013-2924,original,1.0000000004746759,54,-7.661395923741936e-11
01020132924,010-2013-2924,original,1.0000000004746759,55,7.403261652061491e-12
01020132924,010-2013-2924,original,1.0000000004746759,56,2.280380166503131e-11
01020132924,010-2013-2924,original,1.0000000004746759,57,4.921819366832914e-11
01020132924,010-2013-2924,original,1.0000000004746759,58,-7.606705467208471e-11
01020132924,010-2013-2924,original,1.0000000004746759,59,4.275908029999077e-10
01020132924,010-2013-2924,original,1.0000000004746759,60,-3.2659103166569114e-11
01020132924,010-2013-2924,original,1.0000000004746759,61,-2.1230542517835126e-11
01020132924,010-2013-2924,original,1.0000000004746759,62,2.281022036891952e-11
01020132924,010-2013-2924,original,1.0000000004746759,63,-4.90618303509628e-11
01020132924,010-2013-2924,original,1.0000000004746759,64,2.524754163990167e-11
01020132924,010-2013-2924,original,1.0000000004746759,65,-1.3143328522530144e-10
01020132924,010-2013-2924,original,1.0000000004746759,66,1.6864208739455339e-10
01020132924,010-2013-2924,original,1.0000000004746759,67,1.5089161288052023e-10
01020132924,010-2013-2924,original,1.0000000004746759,68,-1.0194201864958282e-10
01020132924,010-2013-2924,original,1.0000000004746759,69,2.9082244078097e-10
01020132924,010-2013-2924,original,1.0000000004746759,70,3.127413486231363e-10
01020132924,010-2013-2924,original,1.0000000004746759,71,-1.0339427814069509e-10
01020132924,010-2013-2924,original,1.0000000004746759,72,2.884966380460071e-10
01020132924,010-2013-2924,original,1.0000000004746759,73,3.818625144299624e-11
01020132924,010-2013-2924,original,1.0000000004746759,74,-1.7799133900803903e-11
01020132924,010-2013-2924,original,1.0000000004746759,75,-1.97407113683457e-10
01020132924,010-2013-2924,original,1.0000000004746759,76,8.529460632342421e-11
01020132924,010-2013-2924,original,1.0000000004746759,77,-3.262500155744768e-11
01020132924,010-2013-2924,original,1.0000000004746759,78,-9.608139207411e-12
01020132924,010-2013-2924,original,1.0000000004746759,79,-6.882019811627952e-11
01020132924,010-2013-2924,original,1.0000000004746759,80,-4.9849670502802554e-11
01020132924,010-2013-2924,original,1.0000000004746759,81,3.7855398058391434e-11
01020132924,010-2013-2924,original,1.0000000004746759,82,3.017662006579809e-11
01020132924,010-2013-2924,original,1.0000000004746759,83,-1.1698661283239532e-10
01020132924,010-2013-2924,original,1.0000000004746759,84,7.872221653126229e-11
01020132924,010-2013-2924,original,1.0000000004746759,85,-2.6154645468102304e-12
01020132924,010-2013-2924,original,1.0000000004746759,86,1.9430738532099786e-10
01020132924,010-2013-2924,original,1.0000000004746759,87,-1.7599858871484328e-10
01020132924,010-2013-2924,original,1.0000000004746759,88,1.6266077815332688e-11
01020132924,010-2013-2924,original,1.0000000004746759,89,-8.101821036920012e-11
01020132924,010-2013-2924,original,1.0000000004746759,90,2.5694992783017753e-11
01020132924,010-2013-2924,original,1.0000000004746759,91,-2.722366732539378e-10
01020132924,010-2013-2924,original,1.0000000004746759,92,-1.0794909500442325e-11
01020132924,010-2013-2924,original,1.0000000004746759,93,2.0880682933623062e-10
01020132924,010-2013-2924,original,1.0000000004746759,94,1.181785849486558e-10
01020132924,010-2013-2924,original,1.0000000004746759,95,3.0388410019013915e-10
01020132924,010-2013-2924,original,1.0000000004746759,96,8.669401458741594e-11
01020132924,010-2013-2924,original,1.0000000004746759,97,-2.682595303502209e-10
01020132924,010-2013-2924,original,1.0000000004746759,98,-1.1428133927340502e-11
01020132924,010-2013-2924,original,1.0000000004746759,99,-1.2452445493907295e-10
01020132924,010-2013-2924,original,1.0000000004746759,100,-8.170626673618723e-11
01020132924,010-2013-2924,original,1.0000000004746759,101,1.0082026929855237e-10
01020132924,010-2013-2924,original,1.0000000004746759,102,-9.841397870826979e-12
01020132924,010-2013-2924,original,1.0000000004746759,103,-1.421674926626011e-10
01020132924,010-2013-2924,original,1.0000000004746759,104,5.7762812779037574e-11
01020132924,010-2013-2924,original,1.0000000004746759,105,1.0137508983988424e-10
01020132924,010-2013-2924,original,1.0000000004746759,106,-3.28107753640711e-11
01020132924,010-2013-2924,original,1.0000000004746759,107,-6.625055847443324e-12
01020132924,010-2013-2924,original,1.0000000004746759,108,-2.961654241929273e-10
01020132924,010-2013-2924,original,1.0000000004746759,109,-2.789638113094507e-11
01020132924,010-2013-2924,original,1.0000000004746759,110,8.592588662649045e-12
01020132924,010-2013-2924,original,1.0000000004746759,111,6.397006488186047e-11
01020132924,010-2013-2924,original,1.0000000004746759,112,-1.4810646553172386e-10
01020132924,010-2013-2924,original,1.0000000004746759,113,5.882345063145076e-11
01020132924,010-2013-2924,original,1.0000000004746759,114,-2.7952574855872314e-10
01020132924,010-2013-2924,original,1.0000000004746759,115,2.0358114622240908e-10
01020132924,010-2013-2924,original,1.0000000004746759,116,1.9886790853153415e-10
01020132924,010-2013-2924,original,1.0000000004746759,117,2.1146096305507242e-10
01020132924,010-2013-2924,original,1.0000000004746759,118,-6.977671525275763e-11
01020132924,010-2013-2924,original,1.0000000004746759,119,1.159613294938383e-10
01020132924,010-2013-2924,original,1.0000000004746759,120,-5.605503204233947e-11
01020132924,010-2013-2924,original,1.0000000004746759,121,6.091535207161418e-11
01020132924,010-2013-2924,original,1.0000000004746759,122,2.1795468841962322e-10
01020132924,010-2013-2924,original,1.0000000004746759,123,1.775451281161126e-11
01020132924,010-2013-2924,original,1.0000000004746759,124,3.415132064530971e-11
01020132924,010-2013-2924,original,1.0000000004746759,125,-6.045571191967321e-11
01020132924,010-2013-2924,original,1.0000000004746759,126,-5.193722721385533e-11
01020132924,010-2013-2924,original,1.0000000004746759,127,-3.021609352564092e-10
01020132924,010-2013-2924,original,1.0000000004746759,128,-3.0216244457491796e-11
01020132924,010-2013-2924,original,1.0000000004746759,129,7.938458155535512e-11
01020132924,010-2013-2924,original,1.0000000004746759,130,8.330368512322808e-11
01020132924,010-2013-2924,original,1.0000000004746759,131,-1.37308683059952e-11
01020132924,010-2013-2924,original,1.0000000004746759,132,4.5797862292947493e-11
01020132924,010-2013-2924,original,1.0000000004746759,133,2.494295729485529e-11
01020132924,010-2013-2924,original,1.0000000004746759,134,6.236335519391893e-11
01020132924,010-2013-2924,original,1.0000000004746759,135,4.06999114752147e-11
01020132924,010-2013-2924,original,1.0000000004746759,136,-1.236685577461568e-10
01020132924,010-2013-2924,original,1.0000000004746759,137,-2.382735548302817e-11
01020132924,010-2013-2924,original,1.0000000004746759,138,-2.1478878055292116e-10
01020132924,010-2013-2924,original,1.0000000004746759,139,-1.6144766179609543e-10
01020132924,010-2013-2924,original,1.0000000004746759,140,4.703740296593276e-11
01020132924,010-2013-2924,original,1.0000000004746759,141,-4.0252091533732034e-10
01020132924,010-2013-2924,original,1.0000000004746759,142,0.9999996716731059
01020132924,010-2013-2924,original,1.0000000004746759,143,0.9999996890559528
01020132924,010-2013-2924,original,1.0000000004746759,144,0.9999996978053521
01020132924,010-2013-2924,original,1.0000000004746759,145,0.9999996820137205
01020132924,010-2013-2924,original,1.0000000004746759,146,0.999999688581606
01020132924,010-2013-2924,original,1.0000000004746759,147,0.9999996865540206
01020132924,010-2013-2924,original,1.0000000004746759,148,0.9999996863865706
01020132924,010-2013-2924,original,1.0000000004746759,149,0.9999996891664553
01020132924,010-2013-2924,original,1.0000000004746759,150,-2.3216082231112866e-11
01020132924,010-2013-2924,original,1.0000000004746759,151,-3.2042203196321055e-11
01020132924,010-2013-2924,original,1.0000000004746759,152,2.8852926729228376e-10
01020132924,010-2013-2924,original,1.0000000004746759,153,6.526324439636112e-11
01020132924,010-2013-2924,original,1.0000000004746759,154,-3.4039873051993074e-11
01020132924,010-2013-2924,original,1.0000000004746759,155,-3.1257786212304323e-11
01020132924,010-2013-2924,original,1.0000000004746759,156,0.9999996975780798
01020132924,010-2013-2924,original,1.0000000004746759,157,1.283127464112208e-10
01020132924,010-2013-2924,original,1.0000000004746759,158,8.290845869911362e-11
01020132924,010-2013-2924,original,1.0000000004746759,159,1.7762913372523347e-10
01020132924,010-2013-2924,original,1.0000000004746759,160,0.9999996915011793
01020132924,010-2013-2924,original,1.0000000004746759,161,-7.033771634473244e-11
01020132924,010-2013-2924,original,1.0000000004746759,162,-8.790600638737534e-12
01020132924,010-2013-2924,original,1.0000000004746759,163,0.9999996744119807
01020132924,010-2013-2924,original,1.0000000004746759,164,0.9999996962929217
01020132924,010-2013-2924,original,1.0000000004746759,165,7.85147924473803e-12
01020132924,010-2013-2924,original,1.0000000004746759,166,-2.203244044904033e-10
01020132924,010-2013-2924,original,1.0000000004746759,167,7.707369306514389e-11
01020132924,010-2013-2924,original,1.0000000004746759,168,1.6490709932387312e-12
01020132924,010-2013-2924,original,1.0000000004746759,169,1.3563035738993245e-11
01020132924,010-2013-2924,original,1.0000000004746759,170,3.206176043579252e-11
01020132924,010-2013-2924,original,1.0000000004746759,171,-1.7073090344625825e-10
01020132924,010-2013-2924,original,1.0000000004746759,172,4.632924603951281e-11
01020132924,010-2013-2924,original,1.0000000004746759,173,1.2617998194427535e-12
01020132924,010-2013-2924,original,1.0000000004746759,174,6.691186390768701e-11
01020132924,010-2013-2924,original,1.0000000004746759,175,-2.7698498199945636e-11
01020132924,010-2013-2924,original,1.0000000004746759,176,1.7297518969504506e-10
01020132924,010-2013-2924,original,1.0000000004746759,177,-8.845349676554484e-12
01020132924,010-2013-2924,original,1.0000000004746759,178,6.885632211799835e-12
01020132924,010-2013-2924,original,1.0000000004746759,179,3.3165603494160347e-10
01020132924,010-2013-2924,original,1.0000000004746759,180,-8.001590453520738e-11
01020132924,010-2013-2924,original,1.0000000004746759,181,2.642965369398284e-10
01020132924,010-2013-2924,original,1.0000000004746759,182,-4.7031161420566576e-11
01020132924,010-2013-2924,original,1.0000000004746759,183,5.118911476055849e-11
01020132924,010-2013-2924,original,1.0000000004746759,184,1.411199860331653e-10
01020132924,010-2013-2924,original,1.0000000004746759,185,2.410998542405264e-10
01020132924,010-2013-2924,original,1.0000000004746759,186,-1.486370774030144e-10
01020132924,010-2013-2924,original,1.0000000004746759,187,3.112417226183679e-10
01020132924,010-2013-2924,original,1.0000000004746759,188,-4.547726794556739e-11
01020132924,010-2013-2924,original,1.0000000004746759,189,1.6411620372084805e-10
01020132924,010-2013-2924,original,1.0000000004746759,190,3.042161114236833e-11
01020132924,010-2013-2924,original,1.0000000004746759,191,1.990644699469227e-10
01020132924,010-2013-2924,original,1.0000000004746759,192,-9.614308032082993e-11
01020132924,010-2013-2924,original,1.0000000004746759,193,5.402216103668642e-11
01020132924,010-2013-2924,original,1.0000000004746759,194,-3.203695149238083e-10
01020132924,010-2013-2924,original,1.0000000004746759,195,6.07680758072532e-11
01020132924,010-2013-2924,original,1.0000000004746759,196,-3.784738921409776e-10
01020132924,010-2013-2924,original,1.0000000004746759,197,8.648504417493915e-11
01020132924,010-2013-2924,original,1.0000000004746759,198,7.200447272292214e-11
01020132924,010-2013-2924,original,1.0000000004746759,199,1.4610172499355497e-10
01020132924,010-2013-2924,original,1.0000000004746759,200,-1.565797363525142e-11
01020132924,010-2013-2924,original,1.0000000004746759,201,3.537610179354417e-11
01020132924,010-2013-2924,original,1.0000000004746759,202,2.335937450750002e-10
01020132924,010-2013-2924,original,1.0000000004746759,203,-3.4723548069913477e-12
01020132925,010-2013-2925,"one digit, last group",1.0476020685983236e-10,0,-2.481860923369966e-10
01020132925,010-2013-2925,"one digit, last group",1.0476020685983236e-10,1,1.5679866986369846e-10
01020132925,010-2013-2925,"one digit, last group",1.0476020685983236e-10,2,4.2279222882463146e-11
01020132925,010-2013-2925,"one digit, last group",1.0476020685983236e-10,3,8.176876467932076e-11
01020132925,010-2013-2925,"one digit, last group",1.0476020685983236e-10,4,3.9131648482488266e-11
01020132925,010-2013-2925,"one digit, last group",1.0476020685983236e-10,5,1.249969569490433e-10
01020132925,010-2013-2925,"one digit, last group",1.0476020685983236e-10,6,2.2223423752623778e-10
01020132925,010-2013-2925,"one digit, last group",1.0476020685983236e-10,7,-7.452257485721744e-11
01020132925,010-2013-2925,"one digit, last group",1.0476020685983236e-10,8,-1.4072836396756485e-10
01020132925,010-2013-2925,"one digit, last group",1.0476020685983236e-10,9,4.75638956852284e-10
01020132925,010-2013-2925,"one digit, last group",1.0476020685983236e-10,10,7.793381221045844e-11
01020132925,010-2013-2925,"one digit, last group",1.0476020685983236e-10,11,1.050167109680731e-10
01020132925,010-2013-2925,"one digit, last group",1.0476020685983236e-10,12,-7.370429950086565e-11
01020132925,010-2013-2925,"one digit, last group",1.0476020685983236e-10,13,1.184210744691257e-12
01020132925,010-2013-2925,"one digit, last group",1.0476020685983236e-10,14,-7.162654563705832e-11
01020132925,010-2013-2925,"one digit, last group",1.0476020685983236e-10,15,-8.05720142141986e-11
01020132925,010-2013-2925,"one digit, last group",1.0476020685983236e-10,16,-2.4675195992243516e-11
01020132925,010-2013-2925,"one digit, last group",1.0476020685983236e-10,17,1.0319144006640553e-10
01020132925,010-2013-2925,"one digit, last group",1.0476020685983236e-10,18,5.624135320580807e-11
01020132925,010-2013-2925,"one digit, last group",1.0476020685983236e-10,19,1.0914693988445624e-10
01020132925,010-2013-2925,"one digit, last group",1.0476020685983236e-10,20,-1.0540352082534599e-10
01020132925,010-2013-2925,"one digit, last group",1.0476020685983236e-10,21,1.9647728718389207e-10
01020132925,010-2013-2925,"one digit, last group",1.0476020685983236e-10,22,7.862759496090932e-10
01020132925,010-2013-2925,"one digit, last group",1.0476020685983236e-10,23,-4.54208422793408e-11
01020132925,010-2013-2925,"one digit, last group",1.0476020685983236e-10,24,2.167801751417534e-11
01020132925,010-2013-2925,"one digit, last group",1.0476020685983236e-10,25,2.0073406807406517e-11
01020132925,010-2013-2925,"one digit, last group",1.0476020685983236e-10,26,9.177371158165132e-11
01020132925,010-2013-2925,"one digit, last group",1.0476020685983236e-10,27,2.74076479109051e-10
01020132925,010-2013-2925,"one digit, last group",1.0476020685983236e-10,28,2.1325481178903376e-10
01020132925,010-2013-2925,"one digit, last group",1.0476020685983236e-10,29,-7.574447855636845e-11
01020132925,010-2013-2925,"one digit, last group",1.0476020685983236e-10,30,6.849331938557243e-11
01020132925,010-2013-2925,"one digit, last group",1.0476020685983236e-10,31,-2.898972539554922e-10
01020132925,010-2013-2925,"one digit, last group",1.0476020685983236e-10,32,-1.6857744286725367e-10
01020132925,010-2013-2925,"one digit, last group",1.0476020685983236e-10,33,-1.9672526257909872e-10
01020132925,010-2013-2925,"one digit, last group",1.0476020685983236e-10,34,-9.975020214494504e-11
01020132925,010-2013-2925,"one digit, last group",1.0476020685983236e-10,35,-6.26422320235547e-11
01020132925,010-2013-2925,"one digit, last group",1.0476020685983236e-10,36,1.8676292652484939e-10
01020132925,010-2013-2925,"one digit, last group",1.0476020685983236e-10,37,6.350930644827272e-11
01020132925,010-2013-2925,"one digit, last group",1.0476020685983236e-10,38,-8.894303793265572e-11
01020132925,010-2013-2925,"one digit, last group",1.0476020685983236e-10,39,1.4704884536240757e-11
01020132925,010-2013-2925,"one digit, last group",1.0476020685983236e-10,40,9.70214671958447e-11
01020132925,010-2013-2925,"one digit, last group",1.0476020685983236e-10,41,1.0151718641567366e-10
01020132925,010-2013-2925,"one digit, last group",1.0476020685983236e-10,42,1.0502014470123508e-10
01020132925,010-2013-2925,"one digit, last group",1.0476020685983236e-10,43,7.630627973201066e-11
01020132925,010-2013-2925,"one digit, last group",1.0476020685983236e-10,44,-1.6563971584705764e-10
01020132925,010-2013-2925,"one digit, last group",1.0476020685983236e-10,45,-1.0956310786083329e-10
01020132925,010-2013-2925,"one digit, last group",1.0476020685983236e-10,46,-3.213744564157473e-10
01020132925,010-2013-2925,"one digit, last group",1.0476020685983236e-10,47,-1.4156109784171462e-10
01020132925,010-2013-2925,"one digit, last group",1.0476020685983236e-10,48,7.035705477459827e-11
01020132925,010-2013-2925,"one digit, last group",1.0476020685983236e-10,49,2.634258528143618e-11
01020132925,010-2013-2925,"one digit, last group",1.0476020685983236e-10,50,1.6082848094895871e-10
01020132925,010-2013-2925,"one digit, last group",1.0476020685983236e-10,51,-4.187688663839228e-11
01020132925,010-2013-2925,"one digit, last group",1.0476020685983236e-10,52,1.1844624063641096e-10
01020132925,010-2013-2925,"one digit, last group",1.0476020685983236e-10,53,1.8039275663323134e-10
01020132925,010-2013-2925,"one digit, last group",1.0476020685983236e-10,54,1.8677963387323533e-10
01020132925,010-2013-2925,"one digit, last group",1.0476020685983236e-10,55,7.810194426143967e-13
01020132925,010-2013-2925,"one digit, last group",1.0476020685983236e-10,56,9.397375126039784e-11
01020132925,010-2013-2925,"one digit, last group",1.0476020685983236e-10,57,2.5539121940971315e-10
01020132925,010-2013-2925,"one digit, last group",1.0476020685983236e-10,58,-1.0934654804270085e-10
01020132925,010-2013-2925,"one digit, last group",1.0476020685983236e-10,59,2.266018880504699e-10
01020132925,010-2013-2925,"one digit, last group",1.0476020685983236e-10,60,-1.6634553061859678e-11
01020132925,010-2013-2925,"one digit, last group",1.0476020685983236e-10,61,3.078644126033511e-10
01020132925,010-2013-2925,"one digit, last group",1.0476020685983236e-10,62,4.807782635340505e-11
01020132925,010-2013-2925,"one digit, last group",1.0476020685983236e-10,63,5.1344102290490454e-11
01020132925,010-2013-2925,"one digit, last group",1.0476020685983236e-10,64,-1.2268853666107913e-10
01020132925,010-2013-2925,"one digit, last group",1.0476020685983236e-10,65,2.4909884665333748e-11
01020132925,010-2013-2925,"one digit, last group",1.0476020685983236e-10,66,1.3875806417404352e-10
01020132925,010-2013-2925,"one digit, last group",1.0476020685983236e-10,67,7.77667159226095e-11
01020132925,010-2013-2925,"one digit, last group",1.0476020685983236e-10,68,1.2261082691744246e-10
01020132925,010-2013-2925,"one digit, last group",1.0476020685983236e-10,69,5.056242821650794e-10
01020132925,010-2013-2925,"one digit, last group",1.0476020685983236e-10,70,1.512326123787757e-10
01020132925,010-2013-2925,"one digit, last group",1.0476020685983236e-10,71,-3.295412396070044e-10
01020132925,010-2013-2925,"one digit, last group",1.0476020685983236e-10,72,-1.468477857762855e-10
01020132925,010-2013-2925,"one digit, last group",1.0476020685983236e-10,73,-2.4974445950546063e-12
01020132925,010-2013-2925,"one digit, last group",1.0476020685983236e-10,74,-1.9163455307933469e-10
01020132925,010-2013-2925,"one digit, last group",1.0476020685983236e-10,75,-7.1102358525334416e-12
01020132925,010-2013-2925,"one digit, last group",1.0476020685983236e-10,76,-1.076073020345721e-10
01020132925,010-2013-2925,"one digit, last group",1.0476020685983236e-10,77,-9.68670751331325e-12
01020132925,010-2013-2925,"one digit, last group",1.0476020685983236e-10,78,2.8769271948501843e-11
01020132925,010-2013-2925,"one digit, last group",1.0476020685983236e-10,79,1.2167693362166073e-10
01020132925,010-2013-2925,"one digit, last group",1.0476020685983236e-10,80,3.743749683795299e-11
01020132925,010-2013-2925,"one digit, last group",1.0476020685983236e-10,81,1.0367290258384959e-10
01020132925,010-2013-2925,"one digit, last group",1.0476020685983236e-10,82,-9.597105311872853e-11
01020132925,010-2013-2925,"one digit, last group",1.0476020685983236e-10,83,1.1271147254897877e-10
01020132925,010-2013-2925,"one digit, last group",1.0476020685983236e-10,84,-9.638660253392115e-11
01020132925,010-2013-2925,"one digit, last group",1.0476020685983236e-10,85,2.3692498120330887e-11
01020132925,010-2013-2925,"one digit, last group",1.0476020685983236e-10,86,3.721354159419186e-11
01020132925,010-2013-2925,"one digit, last group",1.0476020685983236e-10,87,4.4389693459803774e-11
01020132925,010-2013-2925,"one digit, last group",1.0476020685983236e-10,88,1.988886874260688e-10
01020132925,010-2013-2925,"one digit, last group",1.0476020685983236e-10,89,-7.869197158797454e-11
01020132925,010-2013-2925,"one digit, last group",1.0476020685983236e-10,90,-3.4721806593658872e-12
01020132925,010-2013-2925,"one digit, last group",1.0476020685983236e-10,91,1.0004141023622646e-10
01020132925,010-2013-2925,"one digit, last group",1.0476020685983236e-10,92,1.0927961227286943e-10
01020132925,010-2013-2925,"one digit, last group",1.0476020685983236e-10,93,1.0350053241467123e-10
01020132925,010-2013-2925,"one digit, last group",1.0476020685983236e-10,94,-1.7058395808790928e-11
01020132925,010-2013-2925,"one digit, last group",1.0476020685983236e-10,95,-3.3691957353545106e-10
01020132925,010-2013-2925,"one digit, last group",1.0476020685983236e-10,96,-5.3491448140700504e-11
01020132925,010-2013-2925,"one digit, last group",1.0476020685983236e-10,97,-8.707760335711034e-11
01020132925,010-2013-2925,"one digit, last group",1.0476020685983236e-10,98,3.547090735147343e-11
01020132925,010-2013-2925,"one digit, last group",1.0476020685983236e-10,99,6.915671967116478e-12
01020132925,010-2013-2925,"one digit, last group",1.0476020685983236e-10,100,2.0139840941899614e-10
01020132925,010-2013-2925,"one digit, last group",1.0476020685983236e-10,101,-3.463890013264975e-11
01020132925,010-2013-2925,"one digit, last group",1.0476020685983236e-10,102,2.0496676917610534e-10
01020132925,010-2013-2925,"one digit, last group",1.0476020685983236e-10,103,4.599155938546688e-11
01020132925,010-2013-2925,"one digit, last group",1.0476020685983236e-10,104,1.011792324650579e-11
01020132925,010-2013-2925,"one digit, last group",1.0476020685983236e-10,105,-3.132418767188612e-11
01020132925,010-2013-2925,"one digit, last group",1.0476020685983236e-10,106,1.1823937480781059e-10
01020132925,010-2013-2925,"one digit, last group",1.0476020685983236e-10,107,-4.106240930760428e-10
01020132925,010-2013-2925,"one digit, last group",1.0476020685983236e-10,108,-4.078900400848071e-10
01020132925,010-2013-2925,"one digit, last group",1.0476020685983236e-10,109,-5.974725024894151e-11
01020132925,010-2013-2925,"one digit, last group",1.0476020685983236e-10,110,3.51784862369579e-10
01020132925,010-2013-2925,"one digit, last group",1.0476020685983236e-10,111,-6.299844323655021e-11
01020132925,010-2013-2925,"one digit, last group",1.0476020685983236e-10,112,2.2741579267314276e-11
01020132925,010-2013-2925,"one digit, last group",1.0476020685983236e-10,113,-1.4902938996282327e-10
01020132925,010-2013-2925,"one digit, last group",1.0476020685983236e-10,114,2.725612139948776e-10
01020132925,010-2013-2925,"one digit, last group",1.0476020685983236e-10,115,-1.998114622409411e-10
01020132925,010-2013-2925,"one digit, last group",1.0476020685983236e-10,116,-3.1305123289651355e-11
01020132925,010-2013-2925,"one digit, last group",1.0476020685983236e-10,117,5.336071287823178e-11
01020132925,010-2013-2925,"one digit, last group",1.0476020685983236e-10,118,-1.0853775302929632e-10
01020132925,010-2013-2925,"one digit, last group",1.0476020685983236e-10,119,4.157334693602387e-10
01020132925,010-2013-2925,"one digit, last group",1.0476020685983236e-10,120,-4.818451365237995e-12
01020132925,010-2013-2925,"one digit, last group",1.0476020685983236e-10,121,-1.0224124131479293e-12
01020132925,010-2013-2925,"one digit, last group",1.0476020685983236e-10,122,6.591900317129236e-11
01020132925,010-2013-2925,"one digit, last group",1.0476020685983236e-10,123,-4.739061044670592e-11
01020132925,010-2013-2925,"one digit, last group",1.0476020685983236e-10,124,-3.952314012363889e-11
01020132925,010-2013-2925,"one digit, last group",1.0476020685983236e-10,125,1.322553633934243e-11
01020132925,010-2013-2925,"one digit, last group",1.0476020685983236e-10,126,-7.469213542276935e-11
01020132925,010-2013-2925,"one digit, last group",1.0476020685983236e-10,127,4.4785350619615004e-11
01020132925,010-2013-2925,"one digit, last group",1.0476020685983236e-10,128,-7.73220552716924e-11
01020132925,010-2013-2925,"one digit, last group",1.0476020685983236e-10,129,-2.5632755411231317e-11
01020132925,010-2013-2925,"one digit, last group",1.0476020685983236e-10,130,-9.96215148258271e-11
01020132925,010-2013-2925,"one digit, last group",1.0476020685983236e-10,131,-1.1929181775929817e-12
01020132925,010-2013-2925,"one digit, last group",1.0476020685983236e-10,132,-7.586874944570269e-11
01020132925,010-2013-2925,"one digit, last group",1.0476020685983236e-10,133,1.1529983285858118e-10
01020132925,010-2013-2925,"one digit, last group",1.0476020685983236e-10,134,-4.4924710550867084e-11
01020132925,010-2013-2925,"one digit, last group",1.0476020685983236e-10,135,-2.6416561274759736e-10
01020132925,010-2013-2925,"one digit, last group",1.0476020685983236e-10,136,1.3419709022092693e-12
01020132925,010-2013-2925,"one digit, last group",1.0476020685983236e-10,137,2.600217336301799e-12
01020132925,010-2013-2925,"one digit, last group",1.0476020685983236e-10,138,-1.0190952163273058e-10
01020132925,010-2013-2925,"one digit, last group",1.0476020685983236e-10,139,-1.1919891567448247e-11
01020132925,010-2013-2925,"one digit, last group",1.0476020685983236e-10,140,-8.505737446916801e-11
01020132925,010-2013-2925,"one digit, last group",1.0476020685983236e-10,141,-5.389326721164149e-11
01020132925,010-2013-2925,"one digit, last group",1.0476020685983236e-10,142,3.935717987500408e-09
01020132925,010-2013-2925,"one digit, last group",1.0476020685983236e-10,143,1.3735692514462814e-10
01020132925,010-2013-2925,"one digit, last group",1.0476020685983236e-10,144,1.33901610375329e-09
01020132925,010-2013-2925,"one digit, last group",1.0476020685983236e-10,145,-3.186449400249456e-09
01020132925,010-2013-2925,"one digit, last group",1.0476020685983236e-10,146,-6.994226232555697e-09
01020132925,010-2013-2925,"one digit, last group",1.0476020685983236e-10,147,-3.236838329200107e-09
01020132925,010-2013-2925,"one digit, last group",1.0476020685983236e-10,148,-3.249620941071248e-09
01020132925,010-2013-2925,"one digit, last group",1.0476020685983236e-10,149,-1.791698390342402e-10
01020132925,010-2013-2925,"one digit, last group",1.0476020685983236e-10,150,3.7221106004281054e-10
01020132925,010-2013-2925,"one digit, last group",1.0476020685983236e-10,151,5.3372417291674e-11
01020132925,010-2013-2925,"one digit, last group",1.0476020685983236e-10,152,-1.606744734156749e-10
01020132925,010-2013-2925,"one digit, last group",1.0476020685983236e-10,153,9.995513897670398e-11
01020132925,010-2013-2925,"one digit, last group",1.0476020685983236e-10,154,9.307750830811365e-12
01020132925,010-2013-2925,"one digit, last group",1.0476020685983236e-10,155,6.011848178514418e-13
01020132925,010-2013-2925,"one digit, last group",1.0476020685983236e-10,156,-3.3083985066246366e-09
01020132925,010-2013-2925,"one digit, last group",1.0476020685983236e-10,157,5.634530802304409e-11
01020132925,010-2013-2925,"one digit, last group",1.0476020685983236e-10,158,-8.526338589247845e-11
01020132925,010-2013-2925,"one digit, last group",1.0476020685983236e-10,159,7.757160745563835e-12
01020132925,010-2013-2925,"one digit, last group",1.0476020685983236e-10,160,-2.0696712314230847e-09
01020132925,010-2013-2925,"one digit, last group",1.0476020685983236e-10,161,-1.9220108360400884e-10
01020132925,010-2013-2925,"one digit, last group",1.0476020685983236e-10,162,-2.0687860223217002e-11
01020132925,010-2013-2925,"one digit, last group",1.0476020685983236e-10,163,6.902169460781432e-09
01020132925,010-2013-2925,"one digit, last group",1.0476020685983236e-10,164,-1.3236995501099041e-09
01020132925,010-2013-2925,"one digit, last group",1.0476020685983236e-10,165,-5.426347532228895e-12
01020132925,010-2013-2925,"one digit, last group",1.0476020685983236e-10,166,3.381491895287658e-11
01020132925,010-2013-2925,"one digit, last group",1.0476020685983236e-10,167,9.212144958541973e-12
01020132925,010-2013-2925,"one digit, last group",1.0476020685983236e-10,168,-1.1795555365428486e-10
01020132925,010-2013-2925,"one digit, last group",1.0476020685983236e-10,169,1.6428391535946286e-10
01020132925,010-2013-2925,"one digit, last group",1.0476020685983236e-10,170,1.7383471111589705e-11
01020132925,010-2013-2925,"one digit, last group",1.0476020685983236e-10,171,1.9512569009084305e-10
01020132925,010-2013-2925,"one digit, last group",1.0476020685983236e-10,172,9.812246173412906e-11
01020132925,010-2013-2925,"one digit, last group",1.0476020685983236e-10,173,-1.8898967148031317e-12
01020132925,010-2013-2925,"one digit, last group",1.0476020685983236e-10,174,-1.4181267528716982e-11
01020132925,010-2013-2925,"one digit, last group",1.0476020685983236e-10,175,8.256012066090325e-11
01020132925,010-2013-2925,"one digit, last group",1.0476020685983236e-10,176,1.48889208051656e-10
01020132925,010-2013-2925,"one digit, last group",1.0476020685983236e-10,177,-2.123492854111003e-10
01020132925,010-2013-2925,"one digit, last group",1.0476020685983236e-10,178,-4.5642723941049764e-11
01020132925,010-2013-2925,"one digit, last group",1.0476020685983236e-10,179,4.8495501903527284e-11
01020132925,010-2013-2925,"one digit, last group",1.0476020685983236e-10,180,-2.2839310664091606e-11
01020132925,010-2013-2925,"one digit, last group",1.0476020685983236e-10,181,-1.1055124903724766e-10
01020132925,010-2013-2925,"one digit, last group",1.0476020685983236e-10,182,-6.770662013958311e-11
01020132925,010-2013-2925,"one digit, last group",1.0476020685983236e-10,183,6.023505730575368e-12
01020132925,010-2013-2925,"one digit, last group",1.0476020685983236e-10,184,1.1998384447395997e-10
01020132925,010-2013-2925,"one digit, last group",1.0476020685983236e-10,185,-1.815899199089681e-10
01020132925,010-2013-2925,"one digit, last group",1.0476020685983236e-10,186,8.364233384551197e-11
01020132925,010-2013-2925,"one digit, last group",1.0476020685983236e-10,187,-6.564920617642103e-10
01020132925,010-2013-2925,"one digit, last group",1.0476020685983236e-10,188,-6.619932182201474e-10
01020132925,010-2013-2925,"one digit, last group",1.0476020685983236e-10,189,3.7969379229921183e-10
01020132925,010-2013-2925,"one digit, last group",1.0476020685983236e-10,190,-6.018112141097616e-11
01020132925,010-2013-2925,"one digit, last group",1.0476020685983236e-10,191,-7.782948880523868e-12
01020132925,010-2013-2925,"one digit, last group",1.0476020685983236e-10,192,1.15086961370519e-10
01020132925,010-2013-2925,"one digit, last group",1.0476020685983236e-10,193,3.5814015672369865e-11
01020132925,010-2013-2925,"one digit, last group",1.0476020685983236e-10,194,3.4462159715874884e-10
01020132925,010-2013-2925,"one digit, last group",1.0476020685983236e-10,195,3.549057200736124e-10
01020132925,010-2013-2925,"one digit, last group",1.0476020685983236e-10,196,-9.821872898484252e-11
01020132925,010-2013-2925,"one digit, last group",1.0476020685983236e-10,197,4.495672074662921e-11
01020132925,010-2013-2925,"one digit, last group",1.0476020685983236e-10,198,3.3338506392347024e-11
01020132925,010-2013-2925,"one digit, last group",1.0476020685983236e-10,199,9.157602211905934e-11
01020132925,010-2013-2925,"one digit, last group",1.0476020685983236e-10,200,1.0566980650682226e-11
01020132925,010-2013-2925,"one digit, last group",1.0476020685983236e-10,201,3.5332614552295324e-11
01020132925,010-2013-2925,"one digit, last group",1.0476020685983236e-10,202,-1.2060617565478504e-10
01020132925,010-2013-2925,"one digit, last group",1.0476020685983236e-10,203,-2.3725490915590456e-10
01065749080,010-6574-9080,original,0.99999999988705,0,2.5979484546119503e-10
01065749080,010-6574-9080,original,0.99999999988705,1,1.6690890105763014e-10
01065749080,010-6574-9080,original,0.99999999988705,2,-4.307495337550246e-12
01065749080,010-6574-9080,original,0.99999999988705,3,-3.504258955841249e-10
01065749080,010-6574-9080,original,0.99999999988705,4,-1.298928939601564e-10
01065749080,010-6574-9080,original,0.99999999988705,5,-3.821617558158627e-11
01065749080,010-6574-9080,original,0.99999999988705,6,-2.184237685664476e-11
01065749080,010-6574-9080,original,0.99999999988705,7,7.1413280652387444e-12
01065749080,010-6574-9080,original,0.99999999988705,8,1.20549551894811e-10
01065749080,010-6574-9080,original,0.99999999988705,9,3.5768327620004567e-10
01065749080,010-6574-9080,original,0.99999999988705,10,1.066426422287918e-10
01065749080,010-6574-9080,original,0.99999999988705,11,-1.063453083450356e-10
01065749080,010-6574-9080,original,0.99999999988705,12,7.231593661731416e-12
01065749080,010-6574-9080,original,0.99999999988705,13,-1.662954821532786e-10
01065749080,010-6574-9080,original,0.99999999988705,14,6.915594005271619e-12
01065749080,010-6574-9080,original,0.99999999988705,15,-1.9963851500334082e-11
01065749080,010-6574-9080,original,0.99999999988705,16,5.653778263084826e-11
01065749080,010-6574-9080,original,0.99999999988705,17,1.481188550962795e-10
01065749080,010-6574-9080,original,0.99999999988705,18,7.846436817935157e-11
01065749080,010-6574-9080,original,0.99999999988705,19,-3.458421776054843e-11
01065749080,010-6574-9080,original,0.99999999988705,20,1.414078815320795e-10
01065749080,010-6574-9080,original,0.99999999988705,21,1.4005206610673736e-11
01065749080,010-6574-9080,original,0.99999999988705,22,1.7253928824565182e-10
01065749080,010-6574-9080,original,0.99999999988705,23,6.336130048294069e-11
01065749080,010-6574-9080,original,0.99999999988705,24,-5.903186919494629e-12
01065749080,010-6574-9080,original,0.99999999988705,25,-5.211204714534513e-11
01065749080,010-6574-9080,original,0.99999999988705,26,-8.3664846013733e-12
01065749080,010-6574-9080,original,0.99999999988705,27,-1.524070719983386e-10
01065749080,010-6574-9080,original,0.99999999988705,28,-1.0572882098780448e-10
01065749080,010-6574-9080,original,0.99999999988705,29,8.992203267013069e-11
01065749080,010-6574-9080,original,0.99999999988705,30,-4.7773741256828505e-11
01065749080,010-6574-9080,original,0.99999999988705,31,-2.9065245089601536e-10
01065749080,010-6574-9080,original,0.99999999988705,32,-5.4169061485216114e-11
01065749080,010-6574-9080,original,0.99999999988705,33,1.1139294650370905e-10
01065749080,010-6574-9080,original,0.99999999988705,34,1.0383885256344379e-10
01065749080,010-6574-9080,original,0.99999999988705,35,3.0729320201295554e-11
01065749080,010-6574-9080,original,0.99999999988705,36,1.4437511631436676e-10
01065749080,010-6574-9080,original,0.99999999988705,37,1.820354591283062e-12
01065749080,010-6574-9080,original,0.99999999988705,38,-2.8352793583721862e-11
01065749080,010-6574-9080,original,0.99999999988705,39,-4.393455378351313e-11
01065749080,010-6574-9080,original,0.99999999988705,40,6.721994470799404e-11
01065749080,010-6574-9080,original,0.99999999988705,41,9.754794669133209e-11
01065749080,010-6574-9080,original,0.99999999988705,42,-1.2163217439925718e-10
01065749080,010-6574-9080,original,0.99999999988705,43,2.1403095605709918e-10
01065749080,010-6574-9080,original,0.99999999988705,44,-2.181323040050678e-10
01065749080,010-6574-9080,original,0.99999999988705,45,-8.008796452039674e-11
01065749080,010-6574-9080,original,0.99999999988705,46,-3.561120078310125e-10
01065749080,010-6574-9080,original,0.99999999988705,47,-8.418641807664384e-12
01065749080,010-6574-9080,original,0.99999999988705,48,1.4762634149268998e-10
01065749080,010-6574-9080,original,0.99999999988705,49,8.287676588387031e-12
01065749080,010-6574-9080,original,0.99999999988705,50,-2.288706727900664e-10
01065749080,010-6574-9080,original,0.99999999988705,51,-1.8087372472902575e-11
01065749080,010-6574-9080,original,0.99999999988705,52,-6.957802471161349e-12
01065749080,010-6574-9080,original,0.99999999988705,53,1.406097465207129e-10
01065749080,010-6574-9080,original,0.99999999988705,54,1.0571183596625956e-10
01065749080,010-6574-9080,original,0.99999999988705,55,-1.3911534846301597e-11
01065749080,010-6574-9080,original,0.99999999988705,56,-5.023000557112391e-12
01065749080,010-6574-9080,original,0.99999999988705,57,-6.019156052249645e-10
01065749080,010-6574-9080,original,0.99999999988705,58,-1.7780614787813324e-10
01065749080,010-6574-9080,original,0.99999999988705,59,6.029641542900605e-10
01065749080,010-6574-9080,original,0.99999999988705,60,-5.21639359705244e-12
01065749080,010-6574-9080,original,0.99999999988705,61,4.406322400562741e-10
01065749080,010-6574-9080,original,0.99999999988705,62,4.205461289466961e-12
01065749080,010-6574-9080,original,0.99999999988705,63,-5.987309700984194e-12
01065749080,010-6574-9080,original,0.99999999988705,64,-2.7724756407301147e-10
01065749080,010-6574-9080,original,0.99999999988705,65,4.634308237674201e-11
01065749080,010-6574-9080,original,0.99999999988705,66,2.370415275642157e-10
01065749080,010-6574-9080,original,0.99999999988705,67,6.742477329884552e-11
01065749080,010-6574-9080,original,0.99999999988705,68,5.335111409054067e-11
01065749080,010-6574-9080,original,0.99999999988705,69,-1.2015036529192725e-10
01065749080,010-6574-9080,original,0.99999999988705,70,-2.2718230411492384e-10
01065749080,010-6574-9080,original,0.99999999988705,71,-4.693911964822089e-10
01065749080,010-6574-9080,original,0.99999999988705,72,-4.6937860777429835e-11
01065749080,010-6574-9080,original,0.99999999988705,73,1.363796090076199e-10
01065749080,010-6574-9080,original,0.99999999988705,74,5.784847065232963e-11
01065749080,010-6574-9080,original,0.99999999988705,75,-5.7350890873728946e-11
01065749080,010-6574-9080,original,0.99999999988705,76,1.2289633262579702e-10
01065749080,010-6574-9080,original,0.99999999988705,77,-2.95184077837752e-11
01065749080,010-6574-9080,original,0.99999999988705,78,9.530671207998827e-11
01065749080,010-6574-9080,original,0.99999999988705,79,8.920571133801621e-11
01065749080,010-6574-9080,original,0.99999999988705,80,-6.955943101655988e-11
01065749080,010-6574-9080,original,0.99999999988705,81,-4.98825547435579e-11
01065749080,010-6574-9080,original,0.99999999988705,82,4.493220426975191e-11
01065749080,010-6574-9080,original,0.99999999988705,83,-9.535810279855309e-11
01065749080,010-6574-9080,original,0.99999999988705,84,-9.278722320441576e-11
01065749080,010-6574-9080,original,0.99999999988705,85,9.675570075005173e-12
01065749080,010-6574-9080,original,0.99999999988705,86,1.5955591535786544e-10
01065749080,010-6574-9080,original,0.99999999988705,87,1.631300655641605e-10
01065749080,010-6574-9080,original,0.99999999988705,88,-2.39903280708073e-10
01065749080,010-6574-9080,original,0.99999999988705,89,6.797221862945565e-11
01065749080,010-6574-9080,original,0.99999999988705,90,-1.3967050188514217e-11
01065749080,010-6574-9080,original,0.99999999988705,91,-3.949523300347504e-11
01065749080,010-6574-9080,original,0.99999999988705,92,-6.032875088842882e-11
01065749080,010-6574-9080,original,0.99999999988705,93,3.2516061092577245e-10
01065749080,010-6574-9080,original,0.99999999988705,94,2.1546787549687896e-11
01065749080,010-6574-9080,original,0.99999999988705,95,-5.964478877150023e-10
01065749080,010-6574-9080,original,0.99999999988705,96,-1.8191318621059536e-10
01065749080,010-6574-9080,original,0.99999999988705,97,1.5063668806145467e-10
01065749080,010-6574-9080,original,0.99999999988705,98,-5.979935441522845e-11
01065749080,010-6574-9080,original,0.99999999988705,99,-4.7569664208930103e-11
01065749080,010-6574-9080,original,0.99999999988705,100,-4.6645424312950753e-11
01065749080,010-6574-9080,original,0.99999999988705,101,-8.512795869288755e-11
01065749080,010-6574-9080,original,0.99999999988705,102,1.3475814670593122e-10
01065749080,010-6574-9080,original,0.99999999988705,103,-4.0309095831124877e-11
01065749080,010-6574-9080,original,0.99999999988705,104,-2.6579920289784644e-10
01065749080,010-6574-9080,original,0.99999999988705,105,2.213037268558481e-11
01065749080,010-6574-9080,original,0.99999999988705,106,-2.1087102749934864e-11
01065749080,010-6574-9080,original,0.99999999988705,107,-3.502163186360824e-10
01065749080,010-6574-9080,original,0.99999999988705,108,3.113032755789846e-10
01065749080,010-6574-9080,original,0.99999999988705,109,-9.848719644914852e-11
01065749080,010-6574-9080,original,0.99999999988705,110,2.1116538931596927e-10
01065749080,010-6574-9080,original,0.99999999988705,111,-1.3824380151891852e-10
01065749080,010-6574-9080,original,0.99999999988705,112,-1.1586523175788346e-10
01065749080,010-6574-9080,original,0.99999999988705,113,-2.2104839390971269e-10
01065749080,010-6574-9080,original,0.99999999988705,114,-3.0893303108200016e-11
01065749080,010-6574-9080,original,0.99999999988705,115,-7.35709691053055e-11
01065749080,010-6574-9080,original,0.99999999988705,116,2.6946356633897595e-11
01065749080,010-6574-9080,original,0.99999999988705,117,-8.544939470994817e-11
01065749080,010-6574-9080,original,0.99999999988705,118,-4.119898655298781e-11
01065749080,010-6574-9080,original,0.99999999988705,119,-2.367784286559374e-10
01065749080,010-6574-9080,original,0.99999999988705,120,-2.082173999532152e-11
01065749080,010-6574-9080,original,0.99999999988705,121,-3.1691845849274265e-13
01065749080,010-6574-9080,original,0.99999999988705,122,-3.3704284104485515e-11
01065749080,010-6574-9080,original,0.99999999988705,123,-2.263320427430317e-10
01065749080,010-6574-9080,original,0.99999999988705,124,5.511594833294807e-12
01065749080,010-6574-9080,original,0.99999999988705,125,-1.4247987010047654e-10
01065749080,010-6574-9080,original,0.99999999988705,126,1.0501406439231907e-10
01065749080,010-6574-9080,original,0.99999999988705,127,1.26441794167392e-10
01065749080,010-6574-9080,original,0.99999999988705,128,-1.0334651458831815e-10
01065749080,010-6574-9080,original,0.99999999988705,129,2.8836895353004443e-11
01065749080,010-6574-9080,original,0.99999999988705,130,-9.467966476676842e-11
01065749080,010-6574-9080,original,0.99999999988705,131,7.184940248948999e-11
01065749080,010-6574-9080,original,0.99999999988705,132,-2.169866074509572e-11
01065749080,010-6574-9080,original,0.99999999988705,133,-8.360890603906129e-11
01065749080,010-6574-9080,original,0.99999999988705,134,-2.4003037355110546e-12
01065749080,010-6574-9080,original,0.99999999988705,135,-1.3605476348376676e-10
01065749080,010-6574-9080,original,0.99999999988705,136,2.578326883131344e-11
01065749080,010-6574-9080,original,0.99999999988705,137,1.9421604835069577e-11
01065749080,010-6574-9080,original,0.99999999988705,138,4.6192536753143386e-10
01065749080,010-6574-9080,original,0.99999999988705,139,-3.0607036969407377e-10
01065749080,010-6574-9080,original,0.99999999988705,140,3.5557620294952005e-12
01065749080,010-6574-9080,original,0.99999999988705,141,-4.762040405709193e-10
01065749080,010-6574-9080,original,0.99999999988705,142,1.9200900744035556e-10
01065749080,010-6574-9080,original,0.99999999988705,143,-2.3727204482326954e-11
01065749080,010-6574-9080,original,0.99999999988705,144,1.5123690980612644e-11
01065749080,010-6574-9080,original,0.99999999988705,145,-1.644252392179128e-10
01065749080,010-6574-9080,original,0.99999999988705,146,-6.541903273012894e-13
01065749080,010-6574-9080,original,0.99999999988705,147,-9.335166400633651e-12
01065749080,010-6574-9080,original,0.99999999988705,148,3.026708916257465e-11
01065749080,010-6574-9080,original,0.99999999988705,149,2.726504483051137e-11
01065749080,010-6574-9080,original,0.99999999988705,150,-9.246578908035802e-11
01065749080,010-6574-9080,original,0.99999999988705,151,5.2239453751441454e-12
01065749080,010-6574-9080,original,0.99999999988705,152,-7.451038878961384e-11
01065749080,010-6574-9080,original,0.99999999988705,153,-6.176921053385004e-12
01065749080,010-6574-9080,original,0.99999999988705,154,-6.338635983792323e-11
01065749080,010-6574-9080,original,0.99999999988705,155,3.121479539579762e-11
01065749080,010-6574-9080,original,0.99999999988705,156,3.085701045667905e-11
01065749080,010-6574-9080,original,0.99999999988705,157,1.7117978192806572e-10
01065749080,010-6574-9080,original,0.99999999988705,158,5.911979102310671e-11
01065749080,010-6574-9080,original,0.99999999988705,159,-1.884786511286059e-10
01065749080,010-6574-9080,original,0.99999999988705,160,-4.4869793726216975e-11
01065749080,010-6574-9080,original,0.99999999988705,161,-8.898299645678659e-11
01065749080,010-6574-9080,original,0.99999999988705,162,-5.560439407079894e-11
01065749080,010-6574-9080,original,0.99999999988705,163,4.2151714735357525e-10
01065749080,010-6574-9080,original,0.99999999988705,164,7.297301334952969e-12
01065749080,010-6574-9080,original,0.99999999988705,165,1.3684814770952369e-11
01065749080,010-6574-9080,original,0.99999999988705,166,-9.51413044578741e-11
01065749080,010-6574-9080,original,0.99999999988705,167,2.7891371759057673e-10
01065749080,010-6574-9080,original,0.99999999988705,168,-9.001784130731749e-11
01065749080,010-6574-9080,original,0.99999999988705,169,-4.6771465125217344e-11
01065749080,010-6574-9080,original,0.99999999988705,170,-1.3108944223744226e-10
01065749080,010-6574-9080,original,0.99999999988705,171,2.4495103412425083e-10
01065749080,010-6574-9080,original,0.99999999988705,172,-1.8246321388314548e-10
01065749080,010-6574-9080,original,0.99999999988705,173,1.4490844422665992e-11
01065749080,010-6574-9080,original,0.99999999988705,174,5.4815396395807373e-11
01065749080,010-6574-9080,original,0.99999999988705,175,-4.1595008717245005e-11
01065749080,010-6574-9080,original,0.99999999988705,176,-1.0771022860642501e-10
01065749080,010-6574-9080,original,0.99999999988705,177,7.507949408658339e-11
01065749080,010-6574-9080,original,0.99999999988705,178,1.037895478989159e-10
01065749080,010-6574-9080,original,0.99999999988705,179,-4.260115429014975e-11
01065749080,010-6574-9080,original,0.99999999988705,180,-4.389493143693224e-11
01065749080,010-6574-9080,original,0.99999999988705,181,0.9999996682624082
01065749080,010-6574-9080,original,0.99999999988705,182,0.9999996891515888
01065749080,010-6574-9080,original,0.99999999988705,183,0.9999996856647847
01065749080,010-6574-9080,original,0.99999999988705,184,-4.716285698465732e-11
01065749080,010-6574-9080,original,0.99999999988705,185,-6.879660666208645e-11
01065749080,010-6574-9080,original,0.99999999988705,186,-2.1325422967567062e-11
01065749080,010-6574-9080,original,0.99999999988705,187,2.3244339570625862e-10
01065749080,010-6574-9080,original,0.99999999988705,188,2.620025003380728e-10
01065749080,010-6574-9080,original,0.99999999988705,189,2.122370222012813e-10
01065749080,010-6574-9080,original,0.99999999988705,190,-7.897773108284437e-11
01065749080,010-6574-9080,original,0.99999999988705,191,2.4533705353668546e-10
01065749080,010-6574-9080,original,0.99999999988705,192,-1.0655107768570748e-11
01065749080,010-6574-9080,original,0.99999999988705,193,7.179043703223615e-11
01065749080,010-6574-9080,original,0.99999999988705,194,9.502081640097653e-11
01065749080,010-6574-9080,original,0.99999999988705,195,3.622179105863889e-10
01065749080,010-6574-9080,original,0.99999999988705,196,-1.2868010109366206e-10
01065749080,010-6574-9080,original,0.99999999988705,197,-1.289652595414315e-10
01065749080,010-6574-9080,original,0.99999999988705,198,2.8326076846785216e-10
01065749080,010-6574-9080,original,0.99999999988705,199,-4.778222001726124e-11
01065749080,010-6574-9080,original,0.99999999988705,200,3.1501747442013875e-11
01065749080,010-6574-9080,original,0.99999999988705,201,4.9737820442038866e-11
01065749080,010-6574-9080,original,0.99999999988705,202,-2.54651503084806e-10
01065749080,010-6574-9080,original,0.99999999988705,203,9.412202474559893e-11
01065749081,010-6574-9081,"one digit, last group",-6.765908226629523e-10,0,5.679793508893947e-11
01065749081,010-6574-9081,"one digit, last group",-6.765908226629523e-10,1,1.5265435112117097e-10
01065749081,010-6574-9081,"one digit, last group",-6.765908226629523e-10,2,1.1036876542496751e-10
01065749081,010-6574-9081,"one digit, last group",-6.765908226629523e-10,3,-1.27109490262262e-10
01065749081,010-6574-9081,"one digit, last group",-6.765908226629523e-10,4,1.6185626017341628e-11
01065749081,010-6574-9081,"one digit, last group",-6.765908226629523e-10,5,2.2561945248034487e-11
01065749081,010-6574-9081,"one digit, last group",-6.765908226629523e-10,6,1.7940724190511918e-11
01065749081,010-6574-9081,"one digit, last group",-6.765908226629523e-10,7,-1.7334539897489472e-10
01065749081,010-6574-9081,"one digit, last group",-6.765908226629523e-10,8,9.383294114171802e-11
01065749081,010-6574-9081,"one digit, last group",-6.765908226629523e-10,9,-6.687095940138824e-11
01065749081,010-6574-9081,"one digit, last group",-6.765908226629523e-10,10,3.963306557160247e-11
01065749081,010-6574-9081,"one digit, last group",-6.765908226629523e-10,11,-5.851229590561411e-11
01065749081,010-6574-9081,"one digit, last group",-6.765908226629523e-10,12,-1.541152206847569e-10
01065749081,010-6574-9081,"one digit, last group",-6.765908226629523e-10,13,7.835751075845264e-11
01065749081,010-6574-9081,"one digit, last group",-6.765908226629523e-10,14,1.130999096044309e-10
01065749081,010-6574-9081,"one digit, last group",-6.765908226629523e-10,15,-3.016507834159589e-11
01065749081,010-6574-9081,"one digit, last group",-6.765908226629523e-10,16,-3.818456141848845e-11
01065749081,010-6574-9081,"one digit, last group",-6.765908226629523e-10,17,1.6869079680541608e-11
01065749081,010-6574-9081,"one digit, last group",-6.765908226629523e-10,18,-2.5747701261381063e-11
01065749081,010-6574-9081,"one digit, last group",-6.765908226629523e-10,19,-3.424890299963664e-12
01065749081,010-6574-9081,"one digit, last group",-6.765908226629523e-10,20,1.0105392413982411e-10
01065749081,010-6574-9081,"one digit, last group",-6.765908226629523e-10,21,-1.9916034722393334e-10
01065749081,010-6574-9081,"one digit, last group",-6.765908226629523e-10,22,1.779559863287717e-10
01065749081,010-6574-9081,"one digit, last group",-6.765908226629523e-10,23,8.173916151502803e-11
01065749081,010-6574-9081,"one digit, last group",-6.765908226629523e-10,24,-1.5138764989763266e-10
01065749081,010-6574-9081,"one digit, last group",-6.765908226629523e-10,25,1.8125243764301787e-11
01065749081,010-6574-9081,"one digit, last group",-6.765908226629523e-10,26,-7.389638518090992e-11
01065749081,010-6574-9081,"one digit, last group",-6.765908226629523e-10,27,-2.468882645685382e-10
01065749081,010-6574-9081,"one digit, last group",-6.765908226629523e-10,28,3.29726684911623e-11
01065749081,010-6574-9081,"one digit, last group",-6.765908226629523e-10,29,-5.237111533347858e-11
01065749081,010-6574-9081,"one digit, last group",-6.765908226629523e-10,30,4.0740911300424886e-11
01065749081,010-6574-9081,"one digit, last group",-6.765908226629523e-10,31,2.498700083309309e-10
01065749081,010-6574-9081,"one digit, last group",-6.765908226629523e-10,32,-6.204530953713257e-11
01065749081,010-6574-9081,"one digit, last group",-6.765908226629523e-10,33,-1.700109633078414e-10
01065749081,010-6574-9081,"one digit, last group",-6.765908226629523e-10,34,-1.2382850210031044e-10
01065749081,010-6574-9081,"one digit, last group",-6.765908226629523e-10,35,-1.1210685448235282e-10
01065749081,010-6574-9081,"one digit, last group",-6.765908226629523e-10,36,-7.48727081020667e-11
01065749081,010-6574-9081,"one digit, last group",-6.765908226629523e-10,37,-2.7975728972568015e-11
01065749081,010-6574-9081,"one digit, last group",-6.765908226629523e-10,38,2.5389375854323947e-11
01065749081,010-6574-9081,"one digit, last group",-6.765908226629523e-10,39,-1.473762646328346e-10
01065749081,010-6574-9081,"one digit, last group",-6.765908226629523e-10,40,1.0550186139171138e-10
01065749081,010-6574-9081,"one digit, last group",-6.765908226629523e-10,41,1.5706972849786766e-10
01065749081,010-6574-9081,"one digit, last group",-6.765908226629523e-10,42,-5.0703078154440045e-11
01065749081,010-6574-9081,"one digit, last group",-6.765908226629523e-10,43,-1.7866212559203065e-10
01065749081,010-6574-9081,"one digit, last group",-6.765908226629523e-10,44,-1.0370316324278791e-10
01065749081,010-6574-9081,"one digit, last group",-6.765908226629523e-10,45,8.00388375738996e-12
01065749081,010-6574-9081,"one digit, last group",-6.765908226629523e-10,46,-8.751031496756822e-11
01065749081,010-6574-9081,"one digit, last group",-6.765908226629523e-10,47,1.0880946087666277e-11
01065749081,010-6574-9081,"one digit, last group",-6.765908226629523e-10,48,-2.4977377225304436e-11
01065749081,010-6574-9081,"one digit, last group",-6.765908226629523e-10,49,-1.303281198660924e-10
01065749081,010-6574-9081,"one digit, last group",-6.765908226629523e-10,50,5.68572916670506e-11
01065749081,010-6574-9081,"one digit, last group",-6.765908226629523e-10,51,-3.4154262562663734e-11
01065749081,010-6574-9081,"one digit, last group",-6.765908226629523e-10,52,6.484385618365254e-11
01065749081,010-6574-9081,"one digit, last group",-6.765908226629523e-10,53,-2.043025558877382e-11
01065749081,010-6574-9081,"one digit, last group",-6.765908226629523e-10,54,1.3905268286924066e-10
01065749081,010-6574-9081,"one digit, last group",-6.765908226629523e-10,55,2.613788440396509e-11
01065749081,010-6574-9081,"one digit, last group",-6.765908226629523e-10,56,-2.1557556627662593e-11
01065749081,010-6574-9081,"one digit, last group",-6.765908226629523e-10,57,1.4511929205216283e-10
01065749081,010-6574-9081,"one digit, last group",-6.765908226629523e-10,58,-8.508798550589274e-11
01065749081,010-6574-9081,"one digit, last group",-6.765908226629523e-10,59,-2.0814016290761402e-10
01065749081,010-6574-9081,"one digit, last group",-6.765908226629523e-10,60,4.448389944989849e-12
01065749081,010-6574-9081,"one digit, last group",-6.765908226629523e-10,61,-3.4920157557721054e-10
01065749081,010-6574-9081,"one digit, last group",-6.765908226629523e-10,62,9.558078698880622e-11
01065749081,010-6574-9081,"one digit, last group",-6.765908226629523e-10,63,-2.9053424487924083e-11
01065749081,010-6574-9081,"one digit, last group",-6.765908226629523e-10,64,-1.86090405842865e-11
01065749081,010-6574-9081,"one digit, last group",-6.765908226629523e-10,65,-2.999508485841055e-11
01065749081,010-6574-9081,"one digit, last group",-6.765908226629523e-10,66,2.743037655545863e-10
01065749081,010-6574-9081,"one digit, last group",-6.765908226629523e-10,67,-7.032065839042647e-11
01065749081,010-6574-9081,"one digit, last group",-6.765908226629523e-10,68,2.731158446671236e-10
01065749081,010-6574-9081,"one digit, last group",-6.765908226629523e-10,69,-1.5620079192264016e-10
01065749081,010-6574-9081,"one digit, last group",-6.765908226629523e-10,70,-1.6479865331623503e-11
01065749081,010-6574-9081,"one digit, last group",-6.765908226629523e-10,71,-3.881785937139387e-11
01065749081,010-6574-9081,"one digit, last group",-6.765908226629523e-10,72,1.3410894297655313e-10
01065749081,010-6574-9081,"one digit, last group",-6.765908226629523e-10,73,-1.0413101336279011e-10
01065749081,010-6574-9081,"one digit, last group",-6.765908226629523e-10,74,-1.6020713348390968e-10
01065749081,010-6574-9081,"one digit, last group",-6.765908226629523e-10,75,1.362460606920824e-10
01065749081,010-6574-9081,"one digit, last group",-6.765908226629523e-10,76,7.800213639136177e-11
01065749081,010-6574-9081,"one digit, last group",-6.765908226629523e-10,77,7.761547052583402e-12
01065749081,010-6574-9081,"one digit, last group",-6.765908226629523e-10,78,-5.3789152848169885e-11
01065749081,010-6574-9081,"one digit, last group",-6.765908226629523e-10,79,9.483207871214084e-11
01065749081,010-6574-9081,"one digit, last group",-6.765908226629523e-10,80,-2.974149168425689e-11
01065749081,010-6574-9081,"one digit, last group",-6.765908226629523e-10,81,3.565380932733496e-11
01065749081,010-6574-9081,"one digit, last group",-6.765908226629523e-10,82,-6.094925524085979e-12
01065749081,010-6574-9081,"one digit, last group",-6.765908226629523e-10,83,1.3704807276416559e-10
01065749081,010-6574-9081,"one digit, last group",-6.765908226629523e-10,84,-4.2381380502279204e-11
01065749081,010-6574-9081,"one digit, last group",-6.765908226629523e-10,85,-5.2958211306122534e-12
01065749081,010-6574-9081,"one digit, last group",-6.765908226629523e-10,86,6.82054615670642e-11
01065749081,010-6574-9081,"one digit, last group",-6.765908226629523e-10,87,-1.654512658087285e-10
01065749081,010-6574-9081,"one digit, last group",-6.765908226629523e-10,88,1.3141535331202628e-10
01065749081,010-6574-9081,"one digit, last group",-6.765908226629523e-10,89,-8.519913061384454e-11
01065749081,010-6574-9081,"one digit, last group",-6.765908226629523e-10,90,-1.1488406330038771e-11
01065749081,010-6574-9081,"one digit, last group",-6.765908226629523e-10,91,1.3010293033175807e-11
01065749081,010-6574-9081,"one digit, last group",-6.765908226629523e-10,92,-1.0586802556723172e-11
01065749081,010-6574-9081,"one digit, last group",-6.765908226629523e-10,93,-2.5976890579301997e-10
01065749081,010-6574-9081,"one digit, last group",-6.765908226629523e-10,94,-1.087572485022178e-11
01065749081,010-6574-9081,"one digit, last group",-6.765908226629523e-10,95,1.6320550611874312e-10
01065749081,010-6574-9081,"one digit, last group",-6.765908226629523e-10,96,8.529708799355907e-11
01065749081,010-6574-9081,"one digit, last group",-6.765908226629523e-10,97,3.955623911690068e-11
01065749081,010-6574-9081,"one digit, last group",-6.765908226629523e-10,98,-2.5226113105196967e-11
01065749081,010-6574-9081,"one digit, last group",-6.765908226629523e-10,99,1.0861732352973142e-10
01065749081,010-6574-9081,"one digit, last group",-6.765908226629523e-10,100,-9.39839305971466e-11
01065749081,010-6574-9081,"one digit, last group",-6.765908226629523e-10,101,8.50082478855829e-11
01065749081,010-6574-9081,"one digit, last group",-6.765908226629523e-10,102,3.412747922741602e-11
01065749081,010-6574-9081,"one digit, last group",-6.765908226629523e-10,103,-4.370764804242693e-11
01065749081,010-6574-9081,"one digit, last group",-6.765908226629523e-10,104,2.056962091906125e-10
01065749081,010-6574-9081,"one digit, last group",-6.765908226629523e-10,105,-2.9456195278639746e-11
01065749081,010-6574-9081,"one digit, last group",-6.765908226629523e-10,106,3.802377565829815e-11
01065749081,010-6574-9081,"one digit, last group",-6.765908226629523e-10,107,-4.133545948187781e-10
01065749081,010-6574-9081,"one digit, last group",-6.765908226629523e-10,108,3.5676510505807073e-10
01065749081,010-6574-9081,"one digit, last group",-6.765908226629523e-10,109,-2.3897977509596008e-11
01065749081,010-6574-9081,"one digit, last group",-6.765908226629523e-10,110,3.058518613917579e-10
01065749081,010-6574-9081,"one digit, last group",-6.765908226629523e-10,111,8.638154425353778e-11
01065749081,010-6574-9081,"one digit, last group",-6.765908226629523e-10,112,3.6649717085151185e-10
01065749081,010-6574-9081,"one digit, last group",-6.765908226629523e-10,113,9.519274393952554e-11
01065749081,010-6574-9081,"one digit, last group",-6.765908226629523e-10,114,-3.9476342528529025e-10
01065749081,010-6574-9081,"one digit, last group",-6.765908226629523e-10,115,-3.19993216664561e-10
01065749081,010-6574-9081,"one digit, last group",-6.765908226629523e-10,116,1.417630393176388e-10
01065749081,010-6574-9081,"one digit, last group",-6.765908226629523e-10,117,-3.5307854196049464e-11
01065749081,010-6574-9081,"one digit, last group",-6.765908226629523e-10,118,-1.3435354578097382e-10
01065749081,010-6574-9081,"one digit, last group",-6.765908226629523e-10,119,2.9383955092032637e-10
01065749081,010-6574-9081,"one digit, last group",-6.765908226629523e-10,120,-6.8301218859010165e-12
01065749081,010-6574-9081,"one digit, last group",-6.765908226629523e-10,121,-1.0241771303135972e-10
01065749081,010-6574-9081,"one digit, last group",-6.765908226629523e-10,122,-2.0877505395496885e-11
01065749081,010-6574-9081,"one digit, last group",-6.765908226629523e-10,123,1.4627306782287697e-10
01065749081,010-6574-9081,"one digit, last group",-6.765908226629523e-10,124,1.3311746327553576e-11
01065749081,010-6574-9081,"one digit, last group",-6.765908226629523e-10,125,-9.409045148052936e-11
01065749081,010-6574-9081,"one digit, last group",-6.765908226629523e-10,126,9.233478658304021e-11
01065749081,010-6574-9081,"one digit, last group",-6.765908226629523e-10,127,-6.266679197179503e-11
01065749081,010-6574-9081,"one digit, last group",-6.765908226629523e-10,128,-2.711622639257109e-11
01065749081,010-6574-9081,"one digit, last group",-6.765908226629523e-10,129,-4.998134144597804e-11
01065749081,010-6574-9081,"one digit, last group",-6.765908226629523e-10,130,5.636101373956167e-11
01065749081,010-6574-9081,"one digit, last group",-6.765908226629523e-10,131,-8.695739220893941e-11
01065749081,010-6574-9081,"one digit, last group",-6.765908226629523e-10,132,-7.660255165814962e-11
01065749081,010-6574-9081,"one digit, last group",-6.765908226629523e-10,133,-6.16317081193491e-11
01065749081,010-6574-9081,"one digit, last group",-6.765908226629523e-10,134,-5.985623775449596e-11
01065749081,010-6574-9081,"one digit, last group",-6.765908226629523e-10,135,-1.6587783155611481e-10
01065749081,010-6574-9081,"one digit, last group",-6.765908226629523e-10,136,-5.2398736796425716e-11
01065749081,010-6574-9081,"one digit, last group",-6.765908226629523e-10,137,-1.0564921127758256e-14
01065749081,010-6574-9081,"one digit, last group",-6.765908226629523e-10,138,-4.991037544941194e-10
01065749081,010-6574-9081,"one digit, last group",-6.765908226629523e-10,139,-2.90099317355081e-11
01065749081,010-6574-9081,"one digit, last group",-6.765908226629523e-10,140,1.3956729468124904e-11
01065749081,010-6574-9081,"one digit, last group",-6.765908226629523e-10,141,5.148734139958665e-10
01065749081,010-6574-9081,"one digit, last group",-6.765908226629523e-10,142,6.705117510457327e-10
01065749081,010-6574-9081,"one digit, last group",-6.765908226629523e-10,143,5.6211900315031107e-11
01065749081,010-6574-9081,"one digit, last group",-6.765908226629523e-10,144,6.29081893852782e-11
01065749081,010-6574-9081,"one digit, last group",-6.765908226629523e-10,145,-2.530357319554329e-10
01065749081,010-6574-9081,"one digit, last group",-6.765908226629523e-10,146,-1.9386779293647673e-10
01065749081,010-6574-9081,"one digit, last group",-6.765908226629523e-10,147,-2.363356404862171e-11
01065749081,010-6574-9081,"one digit, last group",-6.765908226629523e-10,148,-2.5223692722657893e-11
01065749081,010-6574-9081,"one digit, last group",-6.765908226629523e-10,149,-9.921273738075614e-11
01065749081,010-6574-9081,"one digit, last group",-6.765908226629523e-10,150,-4.717841844491131e-10
01065749081,010-6574-9081,"one digit, last group",-6.765908226629523e-10,151,1.3616468612923816e-11
01065749081,010-6574-9081,"one digit, last group",-6.765908226629523e-10,152,2.2587848710736056e-10
01065749081,010-6574-9081,"one digit, last group",-6.765908226629523e-10,153,1.4021219375225851e-10
01065749081,010-6574-9081,"one digit, last group",-6.765908226629523e-10,154,-2.7256373280354423e-10
01065749081,010-6574-9081,"one digit, last group",-6.765908226629523e-10,155,-1.8762681626192198e-11
01065749081,010-6574-9081,"one digit, last group",-6.765908226629523e-10,156,-9.697702847623872e-12
01065749081,010-6574-9081,"one digit, last group",-6.765908226629523e-10,157,-2.1267913251837204e-10
01065749081,010-6574-9081,"one digit, last group",-6.765908226629523e-10,158,6.017055098821068e-11
01065749081,010-6574-9081,"one digit, last group",-6.765908226629523e-10,159,-3.304544084599787e-11
01065749081,010-6574-9081,"one digit, last group",-6.765908226629523e-10,160,-2.946227005317877e-11
01065749081,010-6574-9081,"one digit, last group",-6.765908226629523e-10,161,-1.7149603107488176e-10
01065749081,010-6574-9081,"one digit, last group",-6.765908226629523e-10,162,1.1560281945088474e-10
01065749081,010-6574-9081,"one digit, last group",-6.765908226629523e-10,163,-2.1512934323588182e-10
01065749081,010-6574-9081,"one digit, last group",-6.765908226629523e-10,164,1.4749809091227597e-10
01065749081,010-6574-9081,"one digit, last group",-6.765908226629523e-10,165,-1.2095113594891306e-12
01065749081,010-6574-9081,"one digit, last group",-6.765908226629523e-10,166,-8.504670206991677e-11
01065749081,010-6574-9081,"one digit, last group",-6.765908226629523e-10,167,-7.706419949089615e-11
01065749081,010-6574-9081,"one digit, last group",-6.765908226629523e-10,168,2.43994023929676e-10
01065749081,010-6574-9081,"one digit, last group",-6.765908226629523e-10,169,5.0865102692798056e-11
01065749081,010-6574-9081,"one digit, last group",-6.765908226629523e-10,170,1.2391810141751505e-10
01065749081,010-6574-9081,"one digit, last group",-6.765908226629523e-10,171,-4.5377200227053834e-10
01065749081,010-6574-9081,"one digit, last group",-6.765908226629523e-10,172,1.0979252061586975e-10
01065749081,010-6574-9081,"one digit, last group",-6.765908226629523e-10,173,-1.0304598892428488e-11
01065749081,010-6574-9081,"one digit, last group",-6.765908226629523e-10,174,2.026734373312584e-10
01065749081,010-6574-9081,"one digit, last group",-6.765908226629523e-10,175,3.8608284642372205e-11
01065749081,010-6574-9081,"one digit, last group",-6.765908226629523e-10,176,-5.192575910055933e-11
01065749081,010-6574-9081,"one digit, last group",-6.765908226629523e-10,177,-1.0540388675491835e-11
01065749081,010-6574-9081,"one digit, last group",-6.765908226629523e-10,178,1.3526975448072955e-10
01065749081,010-6574-9081,"one digit, last group",-6.765908226629523e-10,179,-8.789512281186499e-11
01065749081,010-6574-9081,"one digit, last group",-6.765908226629523e-10,180,2.6989246111483545e-11
01065749081,010-6574-9081,"one digit, last group",-6.765908226629523e-10,181,-2.8361414697991645e-09
01065749081,010-6574-9081,"one digit, last group",-6.765908226629523e-10,182,-2.5634519640737784e-09
01065749081,010-6574-9081,"one digit, last group",-6.765908226629523e-10,183,6.4132148998493315e-09
01065749081,010-6574-9081,"one digit, last group",-6.765908226629523e-10,184,-5.1369627652121184e-11
01065749081,010-6574-9081,"one digit, last group",-6.765908226629523e-10,185,-2.8784012842000425e-10
01065749081,010-6574-9081,"one digit, last group",-6.765908226629523e-10,186,2.163179075421907e-11
01065749081,010-6574-9081,"one digit, last group",-6.765908226629523e-10,187,3.1939419689667845e-10
01065749081,010-6574-9081,"one digit, last group",-6.765908226629523e-10,188,2.0242779414651847e-10
01065749081,010-6574-9081,"one digit, last group",-6.765908226629523e-10,189,-1.6098423724317205e-10
01065749081,010-6574-9081,"one digit, last group",-6.765908226629523e-10,190,-6.247939237124702e-11
01065749081,010-6574-9081,"one digit, last group",-6.765908226629523e-10,191,9.672291779393913e-11
01065749081,010-6574-9081,"one digit, last group",-6.765908226629523e-10,192,9.791810243861274e-11
01065749081,010-6574-9081,"one digit, last group",-6.765908226629523e-10,193,2.7416176497664046e-11
01065749081,010-6574-9081,"one digit, last group",-6.765908226629523e-10,194,-1.0642617513390132e-10
01065749081,010-6574-9081,"one digit, last group",-6.765908226629523e-10,195,1.62880928753e-10
01065749081,010-6574-9081,"one digit, last group",-6.765908226629523e-10,196,-5.656415015396557e-10
01065749081,010-6574-9081,"one digit, last group",-6.765908226629523e-10,197,-3.60108125813233e-11
01065749081,010-6574-9081,"one digit, last group",-6.765908226629523e-10,198,2.071908588405892e-10
01065749081,010-6574-9081,"one digit, last group",-6.765908226629523e-10,199,-6.449412937486874e-11
01065749081,010-6574-9081,"one digit, last group",-6.765908226629523e-10,200,4.263253575305692e-12
01065749081,010-6574-9081,"one digit, last group",-6.765908226629523e-10,201,-3.742714755163725e-11
01065749081,010-6574-9081,"one digit, last group",-6.765908226629523e-10,202,-3.639711756740978e-10
01065749081,010-6574-9081,"one digit, last group",-6.765908226629523e-10,203,7.208860587966015e-11
01026731582,010-2673-1582,original,1.000000000429277,0,-1.911855177923937e-10
01026731582,010-2673-1582,original,1.000000000429277,1,1.0629924512574788e-11
01026731582,010-2673-1582,original,1.000000000429277,2,-6.538319605244655e-11
01026731582,010-2673-1582,original,1.000000000429277,3,-2.3050376096602224e-10
01026731582,010-2673-1582,original,1.000000000429277,4,1.553898647562e-10
01026731582,010-2673-1582,original,1.000000000429277,5,-7.549151058609515e-11
01026731582,010-2673-1582,original,1.000000000429277,6,5.7541475828070666e-11
01026731582,010-2673-1582,original,1.000000000429277,7,3.567789597145251e-10
01026731582,010-2673-1582,original,1.000000000429277,8,3.252352755964646e-11
01026731582,010-2673-1582,original,1.000000000429277,9,-6.36966443525001e-11
01026731582,010-2673-1582,original,1.000000000429277,10,-1.6177642784778286e-10
01026731582,010-2673-1582,original,1.000000000429277,11,-1.720995078008145e-10
01026731582,010-2673-1582,original,1.000000000429277,12,-8.708734502378624e-11
01026731582,010-2673-1582,original,1.000000000429277,13,1.392359238284076e-10
01026731582,010-2673-1582,original,1.000000000429277,14,-3.619632726418227e-10
01026731582,010-2673-1582,original,1.000000000429277,15,-1.4622357231222502e-11
01026731582,010-2673-1582,original,1.000000000429277,16,5.632447203894688e-11
01026731582,010-2673-1582,original,1.000000000429277,17,-3.950353175786892e-12
01026731582,010-2673-1582,original,1.000000000429277,18,7.192103605723309e-11
01026731582,010-2673-1582,original,1.000000000429277,19,-1.158915708094139e-10
01026731582,010-2673-1582,original,1.000000000429277,20,2.1213076834631607e-10
01026731582,010-2673-1582,original,1.000000000429277,21,1.1616086496726449e-10
01026731582,010-2673-1582,original,1.000000000429277,22,4.220252824270358e-10
01026731582,010-2673-1582,original,1.000000000429277,23,-1.3795878022730308e-10
01026731582,010-2673-1582,original,1.000000000429277,24,-1.9386279335257746e-10
01026731582,010-2673-1582,original,1.000000000429277,25,5.7083162743445805e-11
01026731582,010-2673-1582,original,1.000000000429277,26,1.0590947549238453e-10
01026731582,010-2673-1582,original,1.000000000429277,27,-1.86955246730162e-11
01026731582,010-2673-1582,original,1.000000000429277,28,1.9469536169936742e-10
01026731582,010-2673-1582,original,1.000000000429277,29,1.2565224857210022e-10
01026731582,010-2673-1582,original,1.000000000429277,30,-8.46262013481074e-11
01026731582,010-2673-1582,original,1.000000000429277,31,1.736944850518171e-10
01026731582,010-2673-1582,original,1.000000000429277,32,-9.651480870388943e-11
01026731582,010-2673-1582,original,1.000000000429277,33,-1.8881268752521936e-10
01026731582,010-2673-1582,original,1.000000000429277,34,7.073076405515371e-11
01026731582,010-2673-1582,original,1.000000000429277,35,-2.928270749344841e-10
01026731582,010-2673-1582,original,1.000000000429277,36,2.2821618357970072e-10
01026731582,010-2673-1582,original,1.000000000429277,37,-1.3312213196213588e-10
01026731582,010-2673-1582,original,1.000000000429277,38,3.2659005414523503e-10
01026731582,010-2673-1582,original,1.000000000429277,39,1.0922168874889053e-10
01026731582,010-2673-1582,original,1.000000000429277,40,2.986744505957213e-10
01026731582,010-2673-1582,original,1.000000000429277,41,-8.623033791853245e-12
01026731582,010-2673-1582,original,1.000000000429277,42,3.8323300616496265e-11
01026731582,010-2673-1582,original,1.000000000429277,43,-1.4217212355524613e-10
01026731582,010-2673-1582,original,1.000000000429277,44,-1.547339338546765e-10
01026731582,010-2673-1582,original,1.000000000429277,45,-7.367429569074828e-11
01026731582,010-2673-1582,original,1.000000000429277,46,3.4154073986285054e-11
01026731582,010-2673-1582,original,1.000000000429277,47,9.925723473125079e-11
01026731582,010-2673-1582,original,1.000000000429277,48,-1.617673000578898e-10
01026731582,010-2673-1582,original,1.000000000429277,49,4.1566292977269876e-11
01026731582,010-2673-1582,original,1.000000000429277,50,2.5131989574763997e-10
01026731582,010-2673-1582,original,1.000000000429277,51,7.499008447255977e-11
01026731582,010-2673-1582,original,1.000000000429277,52,-2.834054238847152e-10
01026731582,010-2673-1582,original,1.000000000429277,53,-4.741226516006293e-10
01026731582,010-2673-1582,original,1.000000000429277,54,3.50243073949232e-10
01026731582,010-2673-1582,original,1.000000000429277,55,-2.26418501408775e-11
01026731582,010-2673-1582,original,1.000000000429277,56,5.048116757451667e-11
01026731582,010-2673-1582,original,1.000000000429277,57,-3.8511393239600393e-10
01026731582,010-2673-1582,original,1.000000000429277,58,-1.8558530669189162e-10
01026731582,010-2673-1582,original,1.000000000429277,59,1.2562207666628234e-10
01026731582,010-2673-1582,original,1.000000000429277,60,2.7372582010630185e-11
01026731582,010-2673-1582,original,1.000000000429277,61,-4.678958690122318e-10
01026731582,010-2673-1582,original,1.000000000429277,62,-1.6120347034195244e-11
01026731582,010-2673-1582,original,1.000000000429277,63,-5.41748426296179e-12
01026731582,010-2673-1582,original,1.000000000429277,64,-1.5221884264069357e-11
01026731582,010-2673-1582,original,1.000000000429277,65,-3.9764668598860365e-11
01026731582,010-2673-1582,original,1.000000000429277,66,-2.190836099575213e-10
01026731582,010-2673-1582,original,1.000000000429277,67,2.3184530977674475e-11
01026731582,010-2673-1582,original,1.000000000429277,68,-1.151347007391895e-10
01026731582,010-2673-1582,original,1.000000000429277,69,6.126894449030974e-10
01026731582,010-2673-1582,original,1.000000000429277,70,-2.895571459304059e-10
01026731582,010-2673-1582,original,1.000000000429277,71,-2.5642859177316234e-10
01026731582,010-2673-1582,original,1.000000000429277,72,-2.434268077361496e-10
01026731582,010-2673-1582,original,1.000000000429277,73,-3.027071955155803e-11
01026731582,010-2673-1582,original,1.000000000429277,74,1.5936653256868383e-10
01026731582,010-2673-1582,original,1.000000000429277,75,2.494665298441274e-11
01026731582,010-2673-1582,original,1.000000000429277,76,-2.295761069889928e-11
01026731582,010-2673-1582,original,1.000000000429277,77,-5.1169900485328324e-11
01026731582,010-2673-1582,original,1.000000000429277,78,-5.7445385882603896e-11
01026731582,010-2673-1582,original,1.000000000429277,79,2.6751088478319054e-10
01026731582,010-2673-1582,original,1.000000000429277,80,1.7468871248933738e-10
01026731582,010-2673-1582,original,1.000000000429277,81,5.8015711008247775e-11
01026731582,010-2673-1582,original,1.000000000429277,82,-8.846962238627433e-12
01026731582,010-2673-1582,original,1.000000000429277,83,-1.8728127011430803e-10
01026731582,010-2673-1582,original,1.000000000429277,84,7.251508150787422e-11
01026731582,010-2673-1582,original,1.000000000429277,85,1.0725727268719413e-11
01026731582,010-2673-1582,original,1.000000000429277,86,-1.587029771451008e-10
01026731582,010-2673-1582,original,1.000000000429277,87,4.012472837822023e-12
01026731582,010-2673-1582,original,1.000000000429277,88,8.051094369562829e-11
01026731582,010-2673-1582,original,1.000000000429277,89,-6.262480651348287e-12
01026731582,010-2673-1582,original,1.000000000429277,90,1.382474095322653e-11
01026731582,010-2673-1582,original,1.000000000429277,91,-3.122177231514887e-11
01026731582,010-2673-1582,original,1.000000000429277,92,-8.339938618515431e-11
01026731582,010-2673-1582,original,1.000000000429277,93,2.6181565818015026e-10
01026731582,010-2673-1582,original,1.000000000429277,94,1.1461427615862842e-10
01026731582,010-2673-1582,original,1.000000000429277,95,-5.2586639207895925e-11
01026731582,010-2673-1582,original,1.000000000429277,96,4.744858440011643e-11
01026731582,010-2673-1582,original,1.000000000429277,97,-3.454914517885484e-10
01026731582,010-2673-1582,original,1.000000000429277,98,-7.599637566063658e-11
01026731582,010-2673-1582,original,1.000000000429277,99,5.0146000324468776e-11
01026731582,010-2673-1582,original,1.000000000429277,100,-1.3426350400078046e-10
01026731582,010-2673-1582,original,1.000000000429277,101,4.43130529106854e-11
01026731582,010-2673-1582,original,1.000000000429277,102,5.380364601843516e-12
01026731582,010-2673-1582,original,1.000000000429277,103,7.940783645581531e-11
01026731582,010-2673-1582,original,1.000000000429277,104,1.9803122189329704e-11
01026731582,010-2673-1582,original,1.000000000429277,105,5.0562070224547706e-11
01026731582,010-2673-1582,original,1.000000000429277,106,1.6456189786992491e-10
01026731582,010-2673-1582,original,1.000000000429277,107,-4.482162734455125e-10
01026731582,010-2673-1582,original,1.000000000429277,108,3.940962614282994e-10
01026731582,010-2673-1582,original,1.000000000429277,109,6.124053915837132e-11
01026731582,010-2673-1582,original,1.000000000429277,110,-1.923723614125893e-10
01026731582,010-2673-1582,original,1.000000000429277,111,-1.1394395039944401e-10
01026731582,010-2673-1582,original,1.000000000429277,112,2.3470223802022026e-10
01026731582,010-2673-1582,original,1.000000000429277,113,-1.4328146281385132e-10
01026731582,010-2673-1582,original,1.000000000429277,114,-1.227421435813503e-10
01026731582,010-2673-1582,original,1.000000000429277,115,-1.1595241748182541e-10
01026731582,010-2673-1582,original,1.000000000429277,116,-1.901066094465961e-12
01026731582,010-2673-1582,original,1.000000000429277,117,-2.612415271292855e-10
01026731582,010-2673-1582,original,1.000000000429277,118,-7.831461080191055e-11
01026731582,010-2673-1582,original,1.000000000429277,119,-4.902523519207051e-10
01026731582,010-2673-1582,original,1.000000000429277,120,4.0355823735238824e-11
01026731582,010-2673-1582,original,1.000000000429277,121,3.707049104714101e-11
01026731582,010-2673-1582,original,1.000000000429277,122,1.653375886470522e-10
01026731582,010-2673-1582,original,1.000000000429277,123,-2.4244019736780614e-11
01026731582,010-2673-1582,original,1.000000000429277,124,3.369497280571722e-11
01026731582,010-2673-1582,original,1.000000000429277,125,4.227418304170339e-11
01026731582,010-2673-1582,original,1.000000000429277,126,-7.99322353529115e-11
01026731582,010-2673-1582,original,1.000000000429277,127,-5.359538714506197e-10
01026731582,010-2673-1582,original,1.000000000429277,128,-7.616416141273122e-11
01026731582,010-2673-1582,original,1.000000000429277,129,1.0206908084514773e-10
01026731582,010-2673-1582,original,1.000000000429277,130,2.1927139690881834e-10
01026731582,010-2673-1582,original,1.000000000429277,131,-1.1576196906301104e-10
01026731582,010-2673-1582,original,1.000000000429277,132,3.622904420026075e-11
01026731582,010-2673-1582,original,1.000000000429277,133,-8.11148725154798e-12
01026731582,010-2673-1582,original,1.000000000429277,134,-8.434312255720106e-11
01026731582,010-2673-1582,original,1.000000000429277,135,9.801073407151101e-11
01026731582,010-2673-1582,original,1.000000000429277,136,5.5676376972958494e-12
01026731582,010-2673-1582,original,1.000000000429277,137,1.3527284198031692e-11
01026731582,010-2673-1582,original,1.000000000429277,138,1.5302000486097906e-10
01026731582,010-2673-1582,original,1.000000000429277,139,-1.6714219527330037e-11
01026731582,010-2673-1582,original,1.000000000429277,140,-1.2714465756193034e-10
01026731582,010-2673-1582,original,1.000000000429277,141,-3.213803464723403e-10
01026731582,010-2673-1582,original,1.000000000429277,142,-6.780038775502829e-10
01026731582,010-2673-1582,original,1.000000000429277,143,-4.5953746844072897e-10
01026731582,010-2673-1582,original,1.000000000429277,144,-1.6904674180486555e-11
01026731582,010-2673-1582,original,1.000000000429277,145,-1.1933780545046582e-11
01026731582,010-2673-1582,original,1.000000000429277,146,2.555008068112304e-10
01026731582,010-2673-1582,original,1.000000000429277,147,-1.304597290740415e-11
01026731582,010-2673-1582,original,1.000000000429277,148,-1.1306466325462416e-10
01026731582,010-2673-1582,original,1.000000000429277,149,-8.190506412573002e-11
01026731582,010-2673-1582,original,1.000000000429277,150,-1.9416456677251172e-11
01026731582,010-2673-1582,original,1.000000000429277,151,-4.083460812343749e-11
01026731582,010-2673-1582,original,1.000000000429277,152,-6.728672058254641e-11
01026731582,010-2673-1582,original,1.000000000429277,153,-3.253281982987484e-11
01026731582,010-2673-1582,original,1.000000000429277,154,1.7382909311122402e-10
01026731582,010-2673-1582,original,1.000000000429277,155,3.0047122634734996e-11
01026731582,010-2673-1582,original,1.000000000429277,156,-6.533873104708909e-11
01026731582,010-2673-1582,original,1.000000000429277,157,4.417810265114942e-12
01026731582,010-2673-1582,original,1.000000000429277,158,-1.03048779242288e-11
01026731582,010-2673-1582,original,1.000000000429277,159,1.4904143059485913e-10
01026731582,010-2673-1582,original,1.000000000429277,160,1.5621173661725619e-12
01026731582,010-2673-1582,original,1.000000000429277,161,-3.059557584509076e-11
01026731582,010-2673-1582,original,1.000000000429277,162,3.845926827940156e-11
01026731582,010-2673-1582,original,1.000000000429277,163,-1.2299832359432233e-10
01026731582,010-2673-1582,original,1.000000000429277,164,-2.1716656239528987e-10
01026731582,010-2673-1582,original,1.000000000429277,165,-9.683181899538824e-11
01026731582,010-2673-1582,original,1.000000000429277,166,-4.969188760573141e-11
01026731582,010-2673-1582,original,1.000000000429277,167,3.813516806931529e-11
01026731582,010-2673-1582,original,1.000000000429277,168,1.0196394039321943e-11
01026731582,010-2673-1582,original,1.000000000429277,169,-2.905497545904679e-10
01026731582,010-2673-1582,original,1.000000000429277,170,-6.508447410156179e-11
01026731582,010-2673-1582,original,1.000000000429277,171,0.9999997740660933
01026731582,010-2673-1582,original,1.000000000429277,172,0.9999996915124132
01026731582,010-2673-1582,original,1.000000000429277,173,-6.262793168255233e-11
01026731582,010-2673-1582,original,1.000000000429277,174,-6.022677882631901e-12
01026731582,010-2673-1582,original,1.000000000429277,175,-1.3799394161171831e-11
01026731582,010-2673-1582,original,1.000000000429277,176,-1.520260013487606e-10
01026731582,010-2673-1582,original,1.000000000429277,177,3.4855078767755336e-11
01026731582,010-2673-1582,original,1.000000000429277,178,-2.1940081677736376e-10
01026731582,010-2673-1582,original,1.000000000429277,179,-2.5198203244454015e-11
01026731582,010-2673-1582,original,1.000000000429277,180,1.8701888093384505e-11
01026731582,010-2673-1582,original,1.000000000429277,181,1.7690124299918802e-10
01026731582,010-2673-1582,original,1.000000000429277,182,-2.865920170502225e-11
01026731582,010-2673-1582,original,1.000000000429277,183,1.0414207465343628e-10
01026731582,010-2673-1582,original,1.000000000429277,184,1.8467386380348893e-10
01026731582,010-2673-1582,original,1.000000000429277,185,2.228223164293322e-10
01026731582,010-2673-1582,original,1.000000000429277,186,6.066150588625228e-11
01026731582,010-2673-1582,original,1.000000000429277,187,3.8373550486835275e-10
01026731582,010-2673-1582,original,1.000000000429277,188,-1.842486999945114e-10
01026731582,010-2673-1582,original,1.000000000429277,189,-3.998115873428482e-11
01026731582,010-2673-1582,original,1.000000000429277,190,-1.2002299690859872e-10
01026731582,010-2673-1582,original,1.000000000429277,191,-9.198665845799787e-11
01026731582,010-2673-1582,original,1.000000000429277,192,2.548849698793106e-10
01026731582,010-2673-1582,original,1.000000000429277,193,-1.1948708290419333e-10
01026731582,010-2673-1582,original,1.000000000429277,194,1.8393222679787425e-11
01026731582,010-2673-1582,original,1.000000000429277,195,-2.9921668292855456e-12
01026731582,010-2673-1582,original,1.000000000429277,196,-3.429902458386408e-10
01026731582,010-2673-1582,original,1.000000000429277,197,-1.3048039272207885e-10
01026731582,010-2673-1582,original,1.000000000429277,198,-2.9044594278186224e-10
01026731582,010-2673-1582,original,1.000000000429277,199,1.9589778036243909e-10
01026731582,010-2673-1582,original,1.000000000429277,200,6.11049387714603e-12
01026731582,010-2673-1582,original,1.000000000429277,201,7.375207680682663e-11
01026731582,010-2673-1582,original,1.000000000429277,202,1.91841188834569e-10
01026731582,010-2673-1582,original,1.000000000429277,203,-1.6239187818406672e-11
01026731583,010-2673-1583,"one digit, last group",2.828914450513733e-11,0,-3.681072272514631e-10
01026731583,010-2673-1583,"one digit, last group",2.828914450513733e-11,1,1.4981381093459403e-10
01026731583,010-2673-1583,"one digit, last group",2.828914450513733e-11,2,-1.5053548716088297e-10
01026731583,010-2673-1583,"one digit, last group",2.828914450513733e-11,3,2.8325294058273134e-11
01026731583,010-2673-1583,"one digit, last group",2.828914450513733e-11,4,-4.169722840411447e-11
01026731583,010-2673-1583,"one digit, last group",2.828914450513733e-11,5,1.6675848029271735e-10
01026731583,010-2673-1583,"one digit, last group",2.828914450513733e-11,6,3.2952152203668425e-12
01026731583,010-2673-1583,"one digit, last group",2.828914450513733e-11,7,-1.1733772437818652e-10
01026731583,010-2673-1583,"one digit, last group",2.828914450513733e-11,8,-4.8944824843327806e-12
01026731583,010-2673-1583,"one digit, last group",2.828914450513733e-11,9,3.7124749931941297e-10
01026731583,010-2673-1583,"one digit, last group",2.828914450513733e-11,10,-1.7768131881921817e-10
01026731583,010-2673-1583,"one digit, last group",2.828914450513733e-11,11,3.7494098587435306e-11
01026731583,010-2673-1583,"one digit, last group",2.828914450513733e-11,12,9.247563544267282e-11
01026731583,010-2673-1583,"one digit, last group",2.828914450513733e-11,13,-1.5511993014978044e-10
01026731583,010-2673-1583,"one digit, last group",2.828914450513733e-11,14,1.862366459301003e-10
01026731583,010-2673-1583,"one digit, last group",2.828914450513733e-11,15,-4.799928992702271e-11
01026731583,010-2673-1583,"one digit, last group",2.828914450513733e-11,16,4.588076088666463e-11
01026731583,010-2673-1583,"one digit, last group",2.828914450513733e-11,17,8.358561854015152e-11
01026731583,010-2673-1583,"one digit, last group",2.828914450513733e-11,18,-3.624853969900824e-11
01026731583,010-2673-1583,"one digit, last group",2.828914450513733e-11,19,1.3396021078823615e-11
01026731583,010-2673-1583,"one digit, last group",2.828914450513733e-11,20,-8.6585010649892e-11
01026731583,010-2673-1583,"one digit, last group",2.828914450513733e-11,21,-3.5330927677888065e-11
01026731583,010-2673-1583,"one digit, last group",2.828914450513733e-11,22,3.598067465034903e-10
01026731583,010-2673-1583,"one digit, last group",2.828914450513733e-11,23,1.2601917842441776e-10
01026731583,010-2673-1583,"one digit, last group",2.828914450513733e-11,24,4.125822179525724e-11
01026731583,010-2673-1583,"one digit, last group",2.828914450513733e-11,25,-6.445956409439101e-11
01026731583,010-2673-1583,"one digit, last group",2.828914450513733e-11,26,1.4575069942679522e-10
01026731583,010-2673-1583,"one digit, last group",2.828914450513733e-11,27,-2.5615251577038326e-10
01026731583,010-2673-1583,"one digit, last group",2.828914450513733e-11,28,-3.5877503998113605e-10
01026731583,010-2673-1583,"one digit, last group",2.828914450513733e-11,29,-4.5998051698633116e-11
01026731583,010-2673-1583,"one digit, last group",2.828914450513733e-11,30,5.867745036841525e-11
01026731583,010-2673-1583,"one digit, last group",2.828914450513733e-11,31,1.0122118990883665e-10
01026731583,010-2673-1583,"one digit, last group",2.828914450513733e-11,32,7.250254645430012e-12
01026731583,010-2673-1583,"one digit, last group",2.828914450513733e-11,33,2.029133220342245e-10
01026731583,010-2673-1583,"one digit, last group",2.828914450513733e-11,34,-5.782157901759859e-11
01026731583,010-2673-1583,"one digit, last group",2.828914450513733e-11,35,4.4822829208388715e-11
01026731583,010-2673-1583,"one digit, last group",2.828914450513733e-11,36,-3.631829977753663e-11
01026731583,010-2673-1583,"one digit, last group",2.828914450513733e-11,37,-4.307580806175607e-11
01026731583,010-2673-1583,"one digit, last group",2.828914450513733e-11,38,2.0049130523443208e-10
01026731583,010-2673-1583,"one digit, last group",2.828914450513733e-11,39,4.644806323714338e-11
01026731583,010-2673-1583,"one digit, last group",2.828914450513733e-11,40,3.0895539377551337e-10
01026731583,010-2673-1583,"one digit, last group",2.828914450513733e-11,41,1.1349665935492834e-10
01026731583,010-2673-1583,"one digit, last group",2.828914450513733e-11,42,-4.2467229551247597e-11
01026731583,010-2673-1583,"one digit, last group",2.828914450513733e-11,43,-8.871005795154214e-11
01026731583,010-2673-1583,"one digit, last group",2.828914450513733e-11,44,-1.8277435540702634e-10
01026731583,010-2673-1583,"one digit, last group",2.828914450513733e-11,45,1.443315193100955e-10
01026731583,010-2673-1583,"one digit, last group",2.828914450513733e-11,46,1.4568189857315128e-10
01026731583,010-2673-1583,"one digit, last group",2.828914450513733e-11,47,-8.75956642115279e-11
01026731583,010-2673-1583,"one digit, last group",2.828914450513733e-11,48,-8.956219397884833e-11
01026731583,010-2673-1583,"one digit, last group",2.828914450513733e-11,49,-1.578433983667047e-10
01026731583,010-2673-1583,"one digit, last group",2.828914450513733e-11,50,-1.3584895451084178e-10
01026731583,010-2673-1583,"one digit, last group",2.828914450513733e-11,51,-2.2362333343183022e-12
01026731583,010-2673-1583,"one digit, last group",2.828914450513733e-11,52,-2.4452153366731744e-10
01026731583,010-2673-1583,"one digit, last group",2.828914450513733e-11,53,-1.4808529346335173e-10
01026731583,010-2673-1583,"one digit, last group",2.828914450513733e-11,54,-2.0519808910102326e-10
01026731583,010-2673-1583,"one digit, last group",2.828914450513733e-11,55,-2.4368053207440324e-11
01026731583,010-2673-1583,"one digit, last group",2.828914450513733e-11,56,1.3613151977282896e-11
01026731583,010-2673-1583,"one digit, last group",2.828914450513733e-11,57,-2.0974379091911082e-10
01026731583,010-2673-1583,"one digit, last group",2.828914450513733e-11,58,-1.3273648753833824e-10
01026731583,010-2673-1583,"one digit, last group",2.828914450513733e-11,59,-6.239745505358902e-11
01026731583,010-2673-1583,"one digit, last group",2.828914450513733e-11,60,9.383437321448859e-12
01026731583,010-2673-1583,"one digit, last group",2.828914450513733e-11,61,1.1032874696011744e-10
01026731583,010-2673-1583,"one digit, last group",2.828914450513733e-11,62,1.4072943686568789e-10
01026731583,010-2673-1583,"one digit, last group",2.828914450513733e-11,63,1.2748075313176023e-11
01026731583,010-2673-1583,"one digit, last group",2.828914450513733e-11,64,5.052485781140827e-11
01026731583,010-2673-1583,"one digit, last group",2.828914450513733e-11,65,1.4155207976064407e-10
01026731583,010-2673-1583,"one digit, last group",2.828914450513733e-11,66,9.868971025566921e-11
01026731583,010-2673-1583,"one digit, last group",2.828914450513733e-11,67,-1.4120535853235462e-11
01026731583,010-2673-1583,"one digit, last group",2.828914450513733e-11,68,-1.0446902314514215e-10
01026731583,010-2673-1583,"one digit, last group",2.828914450513733e-11,69,5.411314221036701e-11
01026731583,010-2673-1583,"one digit, last group",2.828914450513733e-11,70,5.270238526805865e-10
01026731583,010-2673-1583,"one digit, last group",2.828914450513733e-11,71,-9.083539890557217e-11
01026731583,010-2673-1583,"one digit, last group",2.828914450513733e-11,72,-2.747768996802804e-10
01026731583,010-2673-1583,"one digit, last group",2.828914450513733e-11,73,6.986546368879291e-11
01026731583,010-2673-1583,"one digit, last group",2.828914450513733e-11,74,1.2372152886389388e-10
01026731583,010-2673-1583,"one digit, last group",2.828914450513733e-11,75,4.6718668709435926e-11
01026731583,010-2673-1583,"one digit, last group",2.828914450513733e-11,76,7.728797259821435e-11
01026731583,010-2673-1583,"one digit, last group",2.828914450513733e-11,77,-1.5676658473038395e-12
01026731583,010-2673-1583,"one digit, last group",2.828914450513733e-11,78,-1.9539993188075998e-11
01026731583,010-2673-1583,"one digit, last group",2.828914450513733e-11,79,1.660197110727647e-10
01026731583,010-2673-1583,"one digit, last group",2.828914450513733e-11,80,-5.530189750009299e-11
01026731583,010-2673-1583,"one digit, last group",2.828914450513733e-11,81,-1.0061011240975443e-10
01026731583,010-2673-1583,"one digit, last group",2.828914450513733e-11,82,-6.762494329240078e-11
01026731583,010-2673-1583,"one digit, last group",2.828914450513733e-11,83,8.508742550895986e-11
01026731583,010-2673-1583,"one digit, last group",2.828914450513733e-11,84,-3.134859559506259e-11
01026731583,010-2673-1583,"one digit, last group",2.828914450513733e-11,85,-2.873079859326582e-12
01026731583,010-2673-1583,"one digit, last group",2.828914450513733e-11,86,1.492712831070875e-10
01026731583,010-2673-1583,"one digit, last group",2.828914450513733e-11,87,-7.561884710517494e-11
01026731583,010-2673-1583,"one digit, last group",2.828914450513733e-11,88,-1.7963094483077694e-10
01026731583,010-2673-1583,"one digit, last group",2.828914450513733e-11,89,2.4235791511840387e-10
01026731583,010-2673-1583,"one digit, last group",2.828914450513733e-11,90,3.240912995370668e-12
01026731583,010-2673-1583,"one digit, last group",2.828914450513733e-11,91,-2.1341389823461726e-11
01026731583,010-2673-1583,"one digit, last group",2.828914450513733e-11,92,-5.0247246239594655e-11
01026731583,010-2673-1583,"one digit, last group",2.828914450513733e-11,93,-4.3130464203780326e-11
01026731583,010-2673-1583,"one digit, last group",2.828914450513733e-11,94,-1.862773844800039e-11
01026731583,010-2673-1583,"one digit, last group",2.828914450513733e-11,95,4.5470403947086206e-11
01026731583,010-2673-1583,"one digit, last group",2.828914450513733e-11,96,-1.0144036456014697e-10
01026731583,010-2673-1583,"one digit, last group",2.828914450513733e-11,97,-1.784475501722602e-10
01026731583,010-2673-1583,"one digit, last group",2.828914450513733e-11,98,-7.71849832672178e-11
01026731583,010-2673-1583,"one digit, last group",2.828914450513733e-11,99,1.5538028455606112e-10
01026731583,010-2673-1583,"one digit, last group",2.828914450513733e-11,100,7.707941722307139e-11
01026731583,010-2673-1583,"one digit, last group",2.828914450513733e-11,101,-2.3688164790493467e-11
01026731583,010-2673-1583,"one digit, last group",2.828914450513733e-11,102,9.110725484862243e-11
01026731583,010-2673-1583,"one digit, last group",2.828914450513733e-11,103,5.450818177486815e-11
01026731583,010-2673-1583,"one digit, last group",2.828914450513733e-11,104,1.198016955028771e-10
01026731583,010-2673-1583,"one digit, last group",2.828914450513733e-11,105,-4.816582707204225e-11
01026731583,010-2673-1583,"one digit, last group",2.828914450513733e-11,106,4.343856795790199e-11
01026731583,010-2673-1583,"one digit, last group",2.828914450513733e-11,107,2.769239642886525e-10
01026731583,010-2673-1583,"one digit, last group",2.828914450513733e-11,108,-4.764819975396429e-10
01026731583,010-2673-1583,"one digit, last group",2.828914450513733e-11,109,-1.1543253532531772e-10
01026731583,010-2673-1583,"one digit, last group",2.828914450513733e-11,110,-8.933389055690659e-12
01026731583,010-2673-1583,"one digit, last group",2.828914450513733e-11,111,8.510796981166716e-11
01026731583,010-2673-1583,"one digit, last group",2.828914450513733e-11,112,-1.5892072207724155e-10
01026731583,010-2673-1583,"one digit, last group",2.828914450513733e-11,113,-2.555667221326461e-10
01026731583,010-2673-1583,"one digit, last group",2.828914450513733e-11,114,-1.0921834008201618e-10
01026731583,010-2673-1583,"one digit, last group",2.828914450513733e-11,115,2.7176083756735958e-11
01026731583,010-2673-1583,"one digit, last group",2.828914450513733e-11,116,-5.97948249912731e-12
01026731583,010-2673-1583,"one digit, last group",2.828914450513733e-11,117,2.9506210991393905e-10
01026731583,010-2673-1583,"one digit, last group",2.828914450513733e-11,118,-7.708112459819932e-12
01026731583,010-2673-1583,"one digit, last group",2.828914450513733e-11,119,2.7805554664511983e-10
01026731583,010-2673-1583,"one digit, last group",2.828914450513733e-11,120,-4.033070901335882e-11
01026731583,010-2673-1583,"one digit, last group",2.828914450513733e-11,121,7.440057617805616e-11
01026731583,010-2673-1583,"one digit, last group",2.828914450513733e-11,122,-1.693637473593485e-10
01026731583,010-2673-1583,"one digit, last group",2.828914450513733e-11,123,-1.7175150786113994e-10
01026731583,010-2673-1583,"one digit, last group",2.828914450513733e-11,124,2.390124901753824e-11
01026731583,010-2673-1583,"one digit, last group",2.828914450513733e-11,125,-5.3964685265225974e-11
01026731583,010-2673-1583,"one digit, last group",2.828914450513733e-11,126,4.881606653866535e-12
01026731583,010-2673-1583,"one digit, last group",2.828914450513733e-11,127,2.75476344074552e-10
01026731583,010-2673-1583,"one digit, last group",2.828914450513733e-11,128,2.5509794320198684e-10
01026731583,010-2673-1583,"one digit, last group",2.828914450513733e-11,129,-2.992817329731403e-10
01026731583,010-2673-1583,"one digit, last group",2.828914450513733e-11,130,2.0569912199929862e-10
01026731583,010-2673-1583,"one digit, last group",2.828914450513733e-11,131,-2.1955985760233393e-11
01026731583,010-2673-1583,"one digit, last group",2.828914450513733e-11,132,2.3707841728436685e-11
01026731583,010-2673-1583,"one digit, last group",2.828914450513733e-11,133,1.807643422887148e-10
01026731583,010-2673-1583,"one digit, last group",2.828914450513733e-11,134,1.801466206843945e-11
01026731583,010-2673-1583,"one digit, last group",2.828914450513733e-11,135,5.3064055798552444e-11
01026731583,010-2673-1583,"one digit, last group",2.828914450513733e-11,136,-5.0504434758538755e-11
01026731583,010-2673-1583,"one digit, last group",2.828914450513733e-11,137,-5.151615325285976e-12
01026731583,010-2673-1583,"one digit, last group",2.828914450513733e-11,138,-5.6786120166366185e-11
01026731583,010-2673-1583,"one digit, last group",2.828914450513733e-11,139,-5.3414911309292225e-11
01026731583,010-2673-1583,"one digit, last group",2.828914450513733e-11,140,-7.713124147729838e-11
01026731583,010-2673-1583,"one digit, last group",2.828914450513733e-11,141,-3.437073467815009e-10
01026731583,010-2673-1583,"one digit, last group",2.828914450513733e-11,142,4.2671325076916586e-10
01026731583,010-2673-1583,"one digit, last group",2.828914450513733e-11,143,-8.721226104119458e-11
01026731583,010-2673-1583,"one digit, last group",2.828914450513733e-11,144,6.896328944927018e-12
01026731583,010-2673-1583,"one digit, last group",2.828914450513733e-11,145,1.5923394520896177e-10
01026731583,010-2673-1583,"one digit, last group",2.828914450513733e-11,146,-1.353363195839701e-10
01026731583,010-2673-1583,"one digit, last group",2.828914450513733e-11,147,7.44645087744472e-11
01026731583,010-2673-1583,"one digit, last group",2.828914450513733e-11,148,4.023088828371312e-11
01026731583,010-2673-1583,"one digit, last group",2.828914450513733e-11,149,-1.773762070122155e-12
01026731583,010-2673-1583,"one digit, last group",2.828914450513733e-11,150,-3.760417794635457e-11
01026731583,010-2673-1583,"one digit, last group",2.828914450513733e-11,151,5.293181564598967e-11
01026731583,010-2673-1583,"one digit, last group",2.828914450513733e-11,152,1.4792908466023312e-10
01026731583,010-2673-1583,"one digit, last group",2.828914450513733e-11,153,6.518227196202838e-11
01026731583,010-2673-1583,"one digit, last group",2.828914450513733e-11,154,7.040195287215137e-11
01026731583,010-2673-1583,"one digit, last group",2.828914450513733e-11,155,-5.501171893918996e-12
01026731583,010-2673-1583,"one digit, last group",2.828914450513733e-11,156,-3.2278381133872597e-12
01026731583,010-2673-1583,"one digit, last group",2.828914450513733e-11,157,2.797543544165618e-10
01026731583,010-2673-1583,"one digit, last group",2.828914450513733e-11,158,2.2451859585533576e-10
01026731583,010-2673-1583,"one digit, last group",2.828914450513733e-11,159,5.619133141884969e-11
01026731583,010-2673-1583,"one digit, last group",2.828914450513733e-11,160,4.87815496323012e-11
01026731583,010-2673-1583,"one digit, last group",2.828914450513733e-11,161,1.2059469585046811e-11
01026731583,010-2673-1583,"one digit, last group",2.828914450513733e-11,162,-7.128974890768943e-11
01026731583,010-2673-1583,"one digit, last group",2.828914450513733e-11,163,4.426853798049911e-12
01026731583,010-2673-1583,"one digit, last group",2.828914450513733e-11,164,-1.1695433012661798e-10
01026731583,010-2673-1583,"one digit, last group",2.828914450513733e-11,165,7.432751433554957e-12
01026731583,010-2673-1583,"one digit, last group",2.828914450513733e-11,166,2.3075434629200795e-11
01026731583,010-2673-1583,"one digit, last group",2.828914450513733e-11,167,4.834634934121182e-12
01026731583,010-2673-1583,"one digit, last group",2.828914450513733e-11,168,-1.1437767905013316e-10
01026731583,010-2673-1583,"one digit, last group",2.828914450513733e-11,169,2.3708512127459406e-10
01026731583,010-2673-1583,"one digit, last group",2.828914450513733e-11,170,4.246799539406286e-10
01026731583,010-2673-1583,"one digit, last group",2.828914450513733e-11,171,-1.1639149615646628e-08
01026731583,010-2673-1583,"one digit, last group",2.828914450513733e-11,172,6.605349219019771e-10
01026731583,010-2673-1583,"one digit, last group",2.828914450513733e-11,173,-5.919999863070849e-11
01026731583,010-2673-1583,"one digit, last group",2.828914450513733e-11,174,1.3158422609222384e-10
01026731583,010-2673-1583,"one digit, last group",2.828914450513733e-11,175,5.633210791876327e-12
01026731583,010-2673-1583,"one digit, last group",2.828914450513733e-11,176,-6.75713271681635e-11
01026731583,010-2673-1583,"one digit, last group",2.828914450513733e-11,177,-1.712644355708784e-10
01026731583,010-2673-1583,"one digit, last group",2.828914450513733e-11,178,-1.8384351292699494e-10
01026731583,010-2673-1583,"one digit, last group",2.828914450513733e-11,179,-6.482675012997852e-11
01026731583,010-2673-1583,"one digit, last group",2.828914450513733e-11,180,-5.7777177663505265e-11
01026731583,010-2673-1583,"one digit, last group",2.828914450513733e-11,181,2.110630693334849e-10
01026731583,010-2673-1583,"one digit, last group",2.828914450513733e-11,182,6.598925255694571e-11
01026731583,010-2673-1583,"one digit, last group",2.828914450513733e-11,183,4.5177410924533415e-11
01026731583,010-2673-1583,"one digit, last group",2.828914450513733e-11,184,-7.231974539891362e-11
01026731583,010-2673-1583,"one digit, last group",2.828914450513733e-11,185,1.0035419870902195e-10
01026731583,010-2673-1583,"one digit, last group",2.828914450513733e-11,186,-1.0088826991519421e-10
01026731583,010-2673-1583,"one digit, last group",2.828914450513733e-11,187,-1.721774568212355e-10
01026731583,010-2673-1583,"one digit, last group",2.828914450513733e-11,188,3.634805752751759e-11
01026731583,010-2673-1583,"one digit, last group",2.828914450513733e-11,189,-8.317388318804618e-11
01026731583,010-2673-1583,"one digit, last group",2.828914450513733e-11,190,-1.548845040632726e-10
01026731583,010-2673-1583,"one digit, last group",2.828914450513733e-11,191,-1.7976816608961393e-10
01026731583,010-2673-1583,"one digit, last group",2.828914450513733e-11,192,-6.457024422123936e-11
01026731583,010-2673-1583,"one digit, last group",2.828914450513733e-11,193,2.0221991980321395e-11
01026731583,010-2673-1583,"one digit, last group",2.828914450513733e-11,194,-4.47670570652741e-11
01026731583,010-2673-1583,"one digit, last group",2.828914450513733e-11,195,1.6492842099563694e-10
01026731583,010-2673-1583,"one digit, last group",2.828914450513733e-11,196,-8.168649773541864e-11
01026731583,010-2673-1583,"one digit, last group",2.828914450513733e-11,197,-4.8246806087917776e-11
01026731583,010-2673-1583,"one digit, last group",2.828914450513733e-11,198,-3.7251060093501296e-11
01026731583,010-2673-1583,"one digit, last group",2.828914450513733e-11,199,-4.594837670303762e-11
01026731583,010-2673-1583,"one digit, last group",2.828914450513733e-11,200,6.669358553098751e-11
01026731583,010-2673-1583,"one digit, last group",2.828914450513733e-11,201,8.52342928476708e-11
01026731583,010-2673-1583,"one digit, last group",2.828914450513733e-11,202,5.995615468366548e-11
01026731583,010-2673-1583,"one digit, last group",2.828914450513733e-11,203,9.496312009839504e-11
00687524858,006-8752-4858,original,0.9999999991229236,0,2.5631302910384444e-10
00687524858,006-8752-4858,original,0.9999999991229236,1,-5.318533887464368e-11
00687524858,006-8752-4858,original,0.9999999991229236,2,1.2766125874702629e-10
00687524858,006-8752-4858,original,0.9999999991229236,3,-2.2209924055320592e-10
00687524858,006-8752-4858,original,0.9999999991229236,4,-1.1101500002361675e-10
00687524858,006-8752-4858,original,0.9999999991229236,5,-5.631686541254052e-11
00687524858,006-8752-4858,original,0.9999999991229236,6,-1.2780600108151271e-11
00687524858,006-8752-4858,original,0.9999999991229236,7,-9.133610235897729e-11
00687524858,006-8752-4858,original,0.9999999991229236,8,-1.0503542312545242e-10
00687524858,006-8752-4858,original,0.9999999991229236,9,-5.345495809007638e-10
00687524858,006-8752-4858,original,0.9999999991229236,10,2.094273703557734e-12
00687524858,006-8752-4858,original,0.9999999991229236,11,-2.0164537657939056e-10
00687524858,006-8752-4858,original,0.9999999991229236,12,-1.2307744066302988e-10
00687524858,006-8752-4858,original,0.9999999991229236,13,-3.972279784164531e-10
00687524858,006-8752-4858,original,0.9999999991229236,14,-9.881239767554424e-11
00687524858,006-8752-4858,original,0.9999999991229236,15,1.8885126295113857e-11
00687524858,006-8752-4858,original,0.9999999991229236,16,-1.6741255653371405e-11
00687524858,006-8752-4858,original,0.9999999991229236,17,1.3246367962443656e-10
00687524858,006-8752-4858,original,0.9999999991229236,18,-5.292388596085592e-12
00687524858,006-8752-4858,original,0.9999999991229236,19,-7.296918675104628e-11
00687524858,006-8752-4858,original,0.9999999991229236,20,1.1760025216284635e-11
00687524858,006-8752-4858,original,0.9999999991229236,21,7.152467567381319e-11
00687524858,006-8752-4858,original,0.9999999991229236,22,-2.4067620055871425e-10
00687524858,006-8752-4858,original,0.9999999991229236,23,-1.8822916086703183e-10
00687524858,006-8752-4858,original,0.9999999991229236,24,6.785316035144028e-11
00687524858,006-8752-4858,original,0.9999999991229236,25,-5.2866483373770064e-11
00687524858,006-8752-4858,original,0.9999999991229236,26,6.276651857190807e-11
00687524858,006-8752-4858,original,0.9999999991229236,27,-1.5397307843076797e-11
00687524858,006-8752-4858,original,0.9999999991229236,28,8.934125467009578e-11
00687524858,006-8752-4858,original,0.9999999991229236,29,-1.7381937773267261e-10
00687524858,006-8752-4858,original,0.9999999991229236,30,-8.195814162294584e-11
00687524858,006-8752-4858,original,0.9999999991229236,31,-1.5152333678061543e-10
00687524858,006-8752-4858,original,0.9999999991229236,32,-2.1796515132514994e-10
00687524858,006-8752-4858,original,0.9999999991229236,33,-1.194920511973535e-10
00687524858,006-8752-4858,original,0.9999999991229236,34,5.900003620197628e-11
00687524858,006-8752-4858,original,0.9999999991229236,35,9.256759058111544e-12
00687524858,006-8752-4858,original,0.9999999991229236,36,2.476642665912979e-10
00687524858,006-8752-4858,original,0.9999999991229236,37,-1.0127696363709894e-10
00687524858,006-8752-4858,original,0.9999999991229236,38,1.4153846378475553e-10
00687524858,006-8752-4858,original,0.9999999991229236,39,-2.927936047219177e-11
00687524858,006-8752-4858,original,0.9999999991229236,40,-5.6205179930296736e-11
00687524858,006-8752-4858,original,0.9999999991229236,41,-2.1168697965726935e-10
00687524858,006-8752-4858,original,0.9999999991229236,42,-3.0008782092400753e-10
00687524858,006-8752-4858,original,0.9999999991229236,43,6.200023683704992e-11
00687524858,006-8752-4858,original,0.9999999991229236,44,-9.032528406767106e-12
00687524858,006-8752-4858,original,0.9999999991229236,45,-1.653236645723604e-11
00687524858,006-8752-4858,original,0.9999999991229236,46,-1.1013759941008664e-10
00687524858,006-8752-4858,original,0.9999999991229236,47,-2.3625924130127756e-11
00687524858,006-8752-4858,original,0.9999999991229236,48,8.564527924908903e-12
00687524858,006-8752-4858,original,0.9999999991229236,49,3.1544760904426224e-11
00687524858,006-8752-4858,original,0.9999999991229236,50,-8.88267413838423e-11
00687524858,006-8752-4858,original,0.9999999991229236,51,4.588372501630161e-13
00687524858,006-8752-4858,original,0.9999999991229236,52,-1.8927324772374553e-10
00687524858,006-8752-4858,original,0.9999999991229236,53,3.2316090953562667e-10
00687524858,006-8752-4858,original,0.9999999991229236,54,2.0684544764782604e-11
00687524858,006-8752-4858,original,0.9999999991229236,55,2.372691358847102e-12
00687524858,006-8752-4858,original,0.9999999991229236,56,2.9454430145821923e-12
00687524858,006-8752-4858,original,0.9999999991229236,57,6.830226268130587e-10
00687524858,006-8752-4858,original,0.9999999991229236,58,2.999549235458636e-10
00687524858,006-8752-4858,original,0.9999999991229236,59,-1.5777485506970197e-10
00687524858,006-8752-4858,original,0.9999999991229236,60,-2.8141164835306272e-11
00687524858,006-8752-4858,original,0.9999999991229236,61,-1.722747601443694e-10
00687524858,006-8752-4858,original,0.9999999991229236,62,9.427794529850958e-12
00687524858,006-8752-4858,original,0.9999999991229236,63,4.2248425080525113e-11
00687524858,006-8752-4858,original,0.9999999991229236,64,2.1738552348240742e-11
00687524858,006-8752-4858,original,0.9999999991229236,65,-1.538730550170628e-10
00687524858,006-8752-4858,original,0.9999999991229236,66,3.349969685408064e-10
00687524858,006-8752-4858,original,0.9999999991229236,67,-6.460187578122626e-11
00687524858,006-8752-4858,original,0.9999999991229236,68,1.880306753469565e-10
00687524858,006-8752-4858,original,0.9999999991229236,69,-2.1074480655042256e-10
00687524858,006-8752-4858,original,0.9999999991229236,70,-9.10934169661574e-11
00687524858,006-8752-4858,original,0.9999999991229236,71,-1.0791296993470994e-11
00687524858,006-8752-4858,original,0.9999999991229236,72,1.2281005244885562e-10
00687524858,006-8752-4858,original,0.9999999991229236,73,-7.071878711789054e-11
00687524858,006-8752-4858,original,0.9999999991229236,74,-9.676890059877826e-11
00687524858,006-8752-4858,original,0.9999999991229236,75,1.8045309318077523e-11
00687524858,006-8752-4858,original,0.9999999991229236,76,-4.608013109387642e-11
00687524858,006-8752-4858,original,0.9999999991229236,77,-4.6601773195332674e-11
00687524858,006-8752-4858,original,0.9999999991229236,78,-9.049110130259971e-11
00687524858,006-8752-4858,original,0.9999999991229236,79,4.650226305001077e-11
00687524858,006-8752-4858,original,0.9999999991229236,80,1.0519116005719308e-11
00687524858,006-8752-4858,original,0.9999999991229236,81,-2.244905376899267e-12
00687524858,006-8752-4858,original,0.9999999991229236,82,-1.2392867662102517e-10
00687524858,006-8752-4858,original,0.9999999991229236,83,7.161118324462935e-11
00687524858,006-8752-4858,original,0.9999999991229236,84,-6.265686659760763e-11
00687524858,006-8752-4858,original,0.9999999991229236,85,-5.667484147854178e-12
00687524858,006-8752-4858,original,0.9999999991229236,86,1.8826080622159783e-10
00687524858,006-8752-4858,original,0.9999999991229236,87,-3.2153213448289758e-12
00687524858,006-8752-4858,original,0.9999999991229236,88,1.634460187557317e-10
00687524858,006-8752-4858,original,0.9999999991229236,89,1.3429351549979088e-10
00687524858,006-8752-4858,original,0.9999999991229236,90,-6.1869983586244315e-12
00687524858,006-8752-4858,original,0.9999999991229236,91,6.151157181426309e-10
00687524858,006-8752-4858,original,0.9999999991229236,92,-4.592359766498926e-11
00687524858,006-8752-4858,original,0.9999999991229236,93,2.4416912313205078e-11
00687524858,006-8752-4858,original,0.9999999991229236,94,-1.2011947820649545e-10
00687524858,006-8752-4858,original,0.9999999991229236,95,2.0242253666082573e-10
00687524858,006-8752-4858,original,0.9999999991229236,96,-9.51859020274294e-11
00687524858,006-8752-4858,original,0.9999999991229236,97,1.1718946077236106e-10
00687524858,006-8752-4858,original,0.9999999991229236,98,9.099075469425186e-11
00687524858,006-8752-4858,original,0.9999999991229236,99,2.9865519669700805e-11
00687524858,006-8752-4858,original,0.9999999991229236,100,-1.5801577570649438e-10
00687524858,006-8752-4858,original,0.9999999991229236,101,-6.943033570599292e-11
00687524858,006-8752-4858,original,0.9999999991229236,102,4.0428553843809206e-11
00687524858,006-8752-4858,original,0.9999999991229236,103,-4.1034175777191043e-11
00687524858,006-8752-4858,original,0.9999999991229236,104,3.479315182443788e-10
00687524858,006-8752-4858,original,0.9999999991229236,105,9.176928700686244e-11
00687524858,006-8752-4858,original,0.9999999991229236,106,-1.0070017954578447e-11
00687524858,006-8752-4858,original,0.9999999991229236,107,2.7452767990638485e-10
00687524858,006-8752-4858,original,0.9999999991229236,108,6.209486192259821e-10
00687524858,006-8752-4858,original,0.9999999991229236,109,7.06603932820651e-11
00687524858,006-8752-4858,original,0.9999999991229236,110,-3.340799139288656e-10
00687524858,006-8752-4858,original,0.9999999991229236,111,7.731731977277654e-11
00687524858,006-8752-4858,original,0.9999999991229236,112,-2.8441930667429806e-11
00687524858,006-8752-4858,original,0.9999999991229236,113,-2.7945782311408126e-10
00687524858,006-8752-4858,original,0.9999999991229236,114,7.376463429420063e-10
00687524858,006-8752-4858,original,0.9999999991229236,115,-3.4037335206927514e-11
00687524858,006-8752-4858,original,0.9999999991229236,116,-3.155544922613188e-12
00687524858,006-8752-4858,original,0.9999999991229236,117,-1.7961538411319462e-10
00687524858,006-8752-4858,original,0.9999999991229236,118,-2.0301097922576e-11
00687524858,006-8752-4858,original,0.9999999991229236,119,1.911102187259938e-10
00687524858,006-8752-4858,original,0.9999999991229236,120,-1.620926514406245e-11
00687524858,006-8752-4858,original,0.9999999991229236,121,1.3719956064783333e-10
00687524858,006-8752-4858,original,0.9999999991229236,122,-8.861408825615732e-11
00687524858,006-8752-4858,original,0.9999999991229236,123,-9.255807011619636e-11
00687524858,006-8752-4858,original,0.9999999991229236,124,-4.5958737522689e-12
00687524858,006-8752-4858,original,0.9999999991229236,125,-4.2578825441943916e-11
00687524858,006-8752-4858,original,0.9999999991229236,126,-3.4344609703323796e-11
00687524858,006-8752-4858,original,0.9999999991229236,127,-6.77547144042051e-11
00687524858,006-8752-4858,original,0.9999999991229236,128,-1.473384705905371e-10
00687524858,006-8752-4858,original,0.9999999991229236,129,1.1327258078365672e-10
00687524858,006-8752-4858,original,0.9999999991229236,130,2.0763853505630536e-10
00687524858,006-8752-4858,original,0.9999999991229236,131,-7.947160921509266e-11
00687524858,006-8752-4858,original,0.9999999991229236,132,-1.088222523769815e-11
00687524858,006-8752-4858,original,0.9999999991229236,133,1.969825757493151e-10
00687524858,006-8752-4858,original,0.9999999991229236,134,-3.277737762478313e-11
00687524858,006-8752-4858,original,0.9999999991229236,135,-1.7375852873063517e-10
00687524858,006-8752-4858,original,0.9999999991229236,136,1.0691108248484083e-10
00687524858,006-8752-4858,original,0.9999999991229236,137,1.159728263519433e-11
00687524858,006-8752-4858,original,0.9999999991229236,138,-1.025379915190104e-10
00687524858,006-8752-4858,original,0.9999999991229236,139,1.2512903712269112e-10
00687524858,006-8752-4858,original,0.9999999991229236,140,-3.0616115671654227e-12
00687524858,006-8752-4858,original,0.9999999991229236,141,7.491312136773203e-10
00687524858,006-8752-4858,original,0.9999999991229236,142,-2.7669672495713775e-10
00687524858,006-8752-4858,original,0.9999999991229236,143,1.4405432716873296e-10
00687524858,006-8752-4858,original,0.9999999991229236,144,1.8374681567738804e-11
00687524858,006-8752-4858,original,0.9999999991229236,145,3.196771759731046e-10
00687524858,006-8752-4858,original,0.9999999991229236,146,1.4644211956295126e-10
00687524858,006-8752-4858,original,0.9999999991229236,147,2.7332154279840094e-12
00687524858,006-8752-4858,original,0.9999999991229236,148,8.574655111073659e-12
00687524858,006-8752-4858,original,0.9999999991229236,149,-3.167859968795563e-11
00687524858,006-8752-4858,original,0.9999999991229236,150,-3.5189815308701046e-10
00687524858,006-8752-4858,original,0.9999999991229236,151,-8.339408261744859e-11
00687524858,006-8752-4858,original,0.9999999991229236,152,-6.456167692528668e-11
00687524858,006-8752-4858,original,0.9999999991229236,153,1.4562945106097145e-10
00687524858,006-8752-4858,original,0.9999999991229236,154,-1.630178746600813e-11
00687524858,006-8752-4858,original,0.9999999991229236,155,-2.736325352065184e-11
00687524858,006-8752-4858,original,0.9999999991229236,156,7.906206647749208e-11
00687524858,006-8752-4858,original,0.9999999991229236,157,-2.6447072028880946e-10
00687524858,006-8752-4858,original,0.9999999991229236,158,3.520152229057932e-10
00687524858,006-8752-4858,original,0.9999999991229236,159,1.2269693110887286e-10
00687524858,006-8752-4858,original,0.9999999991229236,160,-1.1141900852205525e-11
00687524858,006-8752-4858,original,0.9999999991229236,161,-1.740607188242837e-11
00687524858,006-8752-4858,original,0.9999999991229236,162,2.7678587166800577e-11
00687524858,006-8752-4858,original,0.9999999991229236,163,-5.300757302359118e-10
00687524858,006-8752-4858,original,0.9999999991229236,164,-1.2049703272855095e-10
00687524858,006-8752-4858,original,0.9999999991229236,165,-1.0609352367785077e-12
00687524858,006-8752-4858,original,0.9999999991229236,166,-4.775906217550327e-11
00687524858,006-8752-4858,original,0.9999999991229236,167,-4.658308590637894e-10
00687524858,006-8752-4858,original,0.9999999991229236,168,-8.969925280690324e-11
00687524858,006-8752-4858,original,0.9999999991229236,169,-1.8024946072744703e-10
00687524858,006-8752-4858,original,0.9999999991229236,170,-3.271149891709766e-11
00687524858,006-8752-4858,original,0.9999999991229236,171,-1.8009933375959218e-10
00687524858,006-8752-4858,original,0.9999999991229236,172,-1.2862710803417854e-11
00687524858,006-8752-4858,original,0.9999999991229236,173,-2.9214589319659878e-12
00687524858,006-8752-4858,original,0.9999999991229236,174,-2.4004229990540615e-10
00687524858,006-8752-4858,original,0.9999999991229236,175,4.770344877947806e-13
00687524858,006-8752-4858,original,0.9999999991229236,176,-8.594055580818292e-11
00687524858,006-8752-4858,original,0.9999999991229236,177,9.726924488662164e-11
00687524858,006-8752-4858,original,0.9999999991229236,178,1.3925894644363252e-10
00687524858,006-8752-4858,original,0.9999999991229236,179,6.973317033919246e-11
00687524858,006-8752-4858,original,0.9999999991229236,180,1.9531678860697165e-12
00687524858,006-8752-4858,original,0.9999999991229236,181,1.434648666875947e-10
00687524858,006-8752-4858,original,0.9999999991229236,182,-1.7133443309989515e-11
00687524858,006-8752-4858,original,0.9999999991229236,183,6.36945154597158e-12
00687524858,006-8752-4858,original,0.9999999991229236,184,3.31784834330972e-11
00687524858,006-8752-4858,original,0.9999999991229236,185,-1.6436129118836742e-10
00687524858,006-8752-4858,original,0.9999999991229236,186,-3.1670583953073255e-12
00687524858,006-8752-4858,original,0.9999999991229236,187,0.999999686648499
00687524858,006-8752-4858,original,0.9999999991229236,188,0.9999996963101201
00687524858,006-8752-4858,original,0.9999999991229236,189,1.4850151130944688e-10
00687524858,006-8752-4858,original,0.9999999991229236,190,2.1470076060043034e-11
00687524858,006-8752-4858,original,0.9999999991229236,191,2.3700831378250825e-10
00687524858,006-8752-4858,original,0.9999999991229236,192,-8.990592431611662e-11
00687524858,006-8752-4858,original,0.9999999991229236,193,4.260434440665017e-11
00687524858,006-8752-4858,original,0.9999999991229236,194,2.551984036456303e-10
00687524858,006-8752-4858,original,0.9999999991229236,195,-1.295569144057029e-10
00687524858,006-8752-4858,original,0.9999999991229236,196,-8.462520078196586e-11
00687524858,006-8752-4858,original,0.9999999991229236,197,-2.4925372237874437e-11
00687524858,006-8752-4858,original,0.9999999991229236,198,-8.695373179469328e-11
00687524858,006-8752-4858,original,0.9999999991229236,199,4.806283166723409e-11
00687524858,006-8752-4858,original,0.9999999991229236,200,2.1270465070279732e-11
00687524858,006-8752-4858,original,0.9999999991229236,201,-3.5522521799858583e-11
00687524858,006-8752-4858,original,0.9999999991229236,202,1.8783545593236432e-10
00687524858,006-8752-4858,original,0.9999999991229236,203,-5.988584880781293e-11
00687524859,006-8752-4859,"one digit, last group",5.000021083238836e-10,0,-2.847181969505846e-10
00687524859,006-8752-4859,"one digit, last group",5.000021083238836e-10,1,-1.1341443168759911e-10
00687524859,006-8752-4859,"one digit, last group",5.000021083238836e-10,2,-1.0403538820386312e-10
00687524859,006-8752-4859,"one digit, last group",5.000021083238836e-10,3,-6.75251379902495e-11
00687524859,006-8752-4859,"one digit, last group",5.000021083238836e-10,4,-5.422481831532122e-11
00687524859,006-8752-4859,"one digit, last group",5.000021083238836e-10,5,-2.9654921015098897e-10
00687524859,006-8752-4859,"one digit, last group",5.000021083238836e-10,6,2.5065640314273665e-11
00687524859,006-8752-4859,"one digit, last group",5.000021083238836e-10,7,-4.1353356505545535e-11
00687524859,006-8752-4859,"one digit, last group",5.000021083238836e-10,8,-5.528922888176346e-11
00687524859,006-8752-4859,"one digit, last group",5.000021083238836e-10,9,2.1381498440051562e-10
00687524859,006-8752-4859,"one digit, last group",5.000021083238836e-10,10,-3.7343896951853976e-11
00687524859,006-8752-4859,"one digit, last group",5.000021083238836e-10,11,-1.2173395879086537e-10
00687524859,006-8752-4859,"one digit, last group",5.000021083238836e-10,12,4.814517797764397e-11
00687524859,006-8752-4859,"one digit, last group",5.000021083238836e-10,13,-2.7915477545148496e-11
00687524859,006-8752-4859,"one digit, last group",5.000021083238836e-10,14,-2.2611874028478274e-10
00687524859,006-8752-4859,"one digit, last group",5.000021083238836e-10,15,2.565599618770054e-11
00687524859,006-8752-4859,"one digit, last group",5.000021083238836e-10,16,-4.0330761072942904e-11
00687524859,006-8752-4859,"one digit, last group",5.000021083238836e-10,17,2.15329330551821e-10
00687524859,006-8752-4859,"one digit, last group",5.000021083238836e-10,18,-4.026058932310672e-11
00687524859,006-8752-4859,"one digit, last group",5.000021083238836e-10,19,-6.863402502156787e-11
00687524859,006-8752-4859,"one digit, last group",5.000021083238836e-10,20,-3.621221507461388e-11
00687524859,006-8752-4859,"one digit, last group",5.000021083238836e-10,21,2.3002486423220282e-10
00687524859,006-8752-4859,"one digit, last group",5.000021083238836e-10,22,-1.0931219999749663e-11
00687524859,006-8752-4859,"one digit, last group",5.000021083238836e-10,23,-3.1156068888545196e-10
00687524859,006-8752-4859,"one digit, last group",5.000021083238836e-10,24,-9.427976682249442e-11
00687524859,006-8752-4859,"one digit, last group",5.000021083238836e-10,25,1.507154907257727e-11
00687524859,006-8752-4859,"one digit, last group",5.000021083238836e-10,26,-5.3702244420105765e-11
00687524859,006-8752-4859,"one digit, last group",5.000021083238836e-10,27,-1.3305454620599123e-10
00687524859,006-8752-4859,"one digit, last group",5.000021083238836e-10,28,-7.342901915643457e-11
00687524859,006-8752-4859,"one digit, last group",5.000021083238836e-10,29,-2.2785987022516365e-10
00687524859,006-8752-4859,"one digit, last group",5.000021083238836e-10,30,-5.030168652931391e-11
00687524859,006-8752-4859,"one digit, last group",5.000021083238836e-10,31,-2.2588320553804936e-10
00687524859,006-8752-4859,"one digit, last group",5.000021083238836e-10,32,-9.607098872286744e-11
00687524859,006-8752-4859,"one digit, last group",5.000021083238836e-10,33,-2.959781003978904e-10
00687524859,006-8752-4859,"one digit, last group",5.000021083238836e-10,34,-1.781276918118275e-10
00687524859,006-8752-4859,"one digit, last group",5.000021083238836e-10,35,-2.033026563745207e-11
00687524859,006-8752-4859,"one digit, last group",5.000021083238836e-10,36,-1.495892438387886e-10
00687524859,006-8752-4859,"one digit, last group",5.000021083238836e-10,37,1.471649091106231e-11
00687524859,006-8752-4859,"one digit, last group",5.000021083238836e-10,38,-5.329984664722992e-10
00687524859,006-8752-4859,"one digit, last group",5.000021083238836e-10,39,-4.632021433490339e-11
00687524859,006-8752-4859,"one digit, last group",5.000021083238836e-10,40,-2.90030280815388e-10
00687524859,006-8752-4859,"one digit, last group",5.000021083238836e-10,41,-1.0890798210439487e-11
00687524859,006-8752-4859,"one digit, last group",5.000021083238836e-10,42,-1.635260108135458e-10
00687524859,006-8752-4859,"one digit, last group",5.000021083238836e-10,43,-2.5710656542704733e-11
00687524859,006-8752-4859,"one digit, last group",5.000021083238836e-10,44,1.7221768420585463e-10
00687524859,006-8752-4859,"one digit, last group",5.000021083238836e-10,45,5.716727354792267e-11
00687524859,006-8752-4859,"one digit, last group",5.000021083238836e-10,46,1.963912547983853e-11
00687524859,006-8752-4859,"one digit, last group",5.000021083238836e-10,47,9.517618875310674e-11
00687524859,006-8752-4859,"one digit, last group",5.000021083238836e-10,48,-5.205934722182958e-11
00687524859,006-8752-4859,"one digit, last group",5.000021083238836e-10,49,-1.6716340514082072e-10
00687524859,006-8752-4859,"one digit, last group",5.000021083238836e-10,50,-7.514357173688678e-11
00687524859,006-8752-4859,"one digit, last group",5.000021083238836e-10,51,3.873259060490496e-11
00687524859,006-8752-4859,"one digit, last group",5.000021083238836e-10,52,-9.722414021986826e-11
00687524859,006-8752-4859,"one digit, last group",5.000021083238836e-10,53,2.3042546867678547e-10
00687524859,006-8752-4859,"one digit, last group",5.000021083238836e-10,54,2.0625948277990244e-11
00687524859,006-8752-4859,"one digit, last group",5.000021083238836e-10,55,-5.91317357515738e-12
00687524859,006-8752-4859,"one digit, last group",5.000021083238836e-10,56,5.262805366265166e-11
00687524859,006-8752-4859,"one digit, last group",5.000021083238836e-10,57,-8.822050016304527e-12
00687524859,006-8752-4859,"one digit, last group",5.000021083238836e-10,58,-3.1217497605293335e-11
00687524859,006-8752-4859,"one digit, last group",5.000021083238836e-10,59,3.690135254036657e-10
00687524859,006-8752-4859,"one digit, last group",5.000021083238836e-10,60,2.5783353026866003e-11
00687524859,006-8752-4859,"one digit, last group",5.000021083238836e-10,61,3.9046728154464446e-12
00687524859,006-8752-4859,"one digit, last group",5.000021083238836e-10,62,2.2778942944695966e-11
00687524859,006-8752-4859,"one digit, last group",5.000021083238836e-10,63,6.5054462876297565e-12
00687524859,006-8752-4859,"one digit, last group",5.000021083238836e-10,64,1.1743940486397234e-10
00687524859,006-8752-4859,"one digit, last group",5.000021083238836e-10,65,-1.0144779201254129e-10
00687524859,006-8752-4859,"one digit, last group",5.000021083238836e-10,66,1.5352215491549475e-10
00687524859,006-8752-4859,"one digit, last group",5.000021083238836e-10,67,-1.402532015379301e-10
00687524859,006-8752-4859,"one digit, last group",5.000021083238836e-10,68,-9.544458867895062e-11
00687524859,006-8752-4859,"one digit, last group",5.000021083238836e-10,69,-2.601201720617347e-10
00687524859,006-8752-4859,"one digit, last group",5.000021083238836e-10,70,2.153225428977335e-10
00687524859,006-8752-4859,"one digit, last group",5.000021083238836e-10,71,1.5738883950031044e-11
00687524859,006-8752-4859,"one digit, last group",5.000021083238836e-10,72,9.806331574670212e-11
00687524859,006-8752-4859,"one digit, last group",5.000021083238836e-10,73,-5.629728682929584e-11
00687524859,006-8752-4859,"one digit, last group",5.000021083238836e-10,74,-4.145075200568107e-11
00687524859,006-8752-4859,"one digit, last group",5.000021083238836e-10,75,2.69813132833484e-11
00687524859,006-8752-4859,"one digit, last group",5.000021083238836e-10,76,-1.823476479955713e-11
00687524859,006-8752-4859,"one digit, last group",5.000021083238836e-10,77,4.7002693834385165e-11
00687524859,006-8752-4859,"one digit, last group",5.000021083238836e-10,78,2.8403471971505406e-11
00687524859,006-8752-4859,"one digit, last group",5.000021083238836e-10,79,2.4880465786048404e-10
00687524859,006-8752-4859,"one digit, last group",5.000021083238836e-10,80,-1.8388212055696126e-10
00687524859,006-8752-4859,"one digit, last group",5.000021083238836e-10,81,1.331407174036715e-11
00687524859,006-8752-4859,"one digit, last group",5.000021083238836e-10,82,1.1316110944550397e-12
00687524859,006-8752-4859,"one digit, last group",5.000021083238836e-10,83,1.1170815225774329e-10
00687524859,006-8752-4859,"one digit, last group",5.000021083238836e-10,84,-9.154670416034797e-11
00687524859,006-8752-4859,"one digit, last group",5.000021083238836e-10,85,7.955975695452249e-12
00687524859,006-8752-4859,"one digit, last group",5.000021083238836e-10,86,1.7463228566618654e-10
00687524859,006-8752-4859,"one digit, last group",5.000021083238836e-10,87,-5.5715027938495724e-11
00687524859,006-8752-4859,"one digit, last group",5.000021083238836e-10,88,-1.6723647179092598e-10
00687524859,006-8752-4859,"one digit, last group",5.000021083238836e-10,89,1.624593911769558e-10
00687524859,006-8752-4859,"one digit, last group",5.000021083238836e-10,90,2.3314703656569883e-12
00687524859,006-8752-4859,"one digit, last group",5.000021083238836e-10,91,5.997024352031477e-11
00687524859,006-8752-4859,"one digit, last group",5.000021083238836e-10,92,-3.05191762600898e-11
00687524859,006-8752-4859,"one digit, last group",5.000021083238836e-10,93,-2.4277863041872344e-10
00687524859,006-8752-4859,"one digit, last group",5.000021083238836e-10,94,5.745935522386034e-11
00687524859,006-8752-4859,"one digit, last group",5.000021083238836e-10,95,2.401703714353733e-10
00687524859,006-8752-4859,"one digit, last group",5.000021083238836e-10,96,-2.3112367966002626e-10
00687524859,006-8752-4859,"one digit, last group",5.000021083238836e-10,97,-1.2616899279632758e-10
00687524859,006-8752-4859,"one digit, last group",5.000021083238836e-10,98,-1.3306527722156795e-10
00687524859,006-8752-4859,"one digit, last group",5.000021083238836e-10,99,-9.957523190056151e-11
00687524859,006-8752-4859,"one digit, last group",5.000021083238836e-10,100,1.0485386684119424e-10
00687524859,006-8752-4859,"one digit, last group",5.000021083238836e-10,101,5.922896432658909e-12
00687524859,006-8752-4859,"one digit, last group",5.000021083238836e-10,102,-2.122772346546612e-10
00687524859,006-8752-4859,"one digit, last group",5.000021083238836e-10,103,-2.0613508176232118e-11
00687524859,006-8752-4859,"one digit, last group",5.000021083238836e-10,104,4.911409462116448e-11
00687524859,006-8752-4859,"one digit, last group",5.000021083238836e-10,105,-8.434982270113904e-11
00687524859,006-8752-4859,"one digit, last group",5.000021083238836e-10,106,-4.165722702677622e-12
00687524859,006-8752-4859,"one digit, last group",5.000021083238836e-10,107,-3.1452040952461236e-10
00687524859,006-8752-4859,"one digit, last group",5.000021083238836e-10,108,1.1508911043559188e-10
00687524859,006-8752-4859,"one digit, last group",5.000021083238836e-10,109,9.455128121896813e-11
00687524859,006-8752-4859,"one digit, last group",5.000021083238836e-10,110,1.1868149606734593e-10
00687524859,006-8752-4859,"one digit, last group",5.000021083238836e-10,111,-4.7692281538523605e-11
00687524859,006-8752-4859,"one digit, last group",5.000021083238836e-10,112,5.226191062644492e-11
00687524859,006-8752-4859,"one digit, last group",5.000021083238836e-10,113,9.991131622518838e-11
00687524859,006-8752-4859,"one digit, last group",5.000021083238836e-10,114,2.1911543763969277e-11
00687524859,006-8752-4859,"one digit, last group",5.000021083238836e-10,115,-6.364700431642957e-11
00687524859,006-8752-4859,"one digit, last group",5.000021083238836e-10,116,4.465331404724813e-11
00687524859,006-8752-4859,"one digit, last group",5.000021083238836e-10,117,3.7396850954502914e-11
00687524859,006-8752-4859,"one digit, last group",5.000021083238836e-10,118,-5.63792733102381e-11
00687524859,006-8752-4859,"one digit, last group",5.000021083238836e-10,119,1.642801514665004e-10
00687524859,006-8752-4859,"one digit, last group",5.000021083238836e-10,120,-2.4847144832924292e-11
00687524859,006-8752-4859,"one digit, last group",5.000021083238836e-10,121,5.4545109753173696e-11
00687524859,006-8752-4859,"one digit, last group",5.000021083238836e-10,122,-3.200796590865699e-10
00687524859,006-8752-4859,"one digit, last group",5.000021083238836e-10,123,-1.916177427235073e-10
00687524859,006-8752-4859,"one digit, last group",5.000021083238836e-10,124,-5.938082481493478e-11
00687524859,006-8752-4859,"one digit, last group",5.000021083238836e-10,125,-1.4749117325060377e-10
00687524859,006-8752-4859,"one digit, last group",5.000021083238836e-10,126,3.3700559286629976e-13
00687524859,006-8752-4859,"one digit, last group",5.000021083238836e-10,127,-1.5735058898213308e-10
00687524859,006-8752-4859,"one digit, last group",5.000021083238836e-10,128,-2.2262716310771187e-10
00687524859,006-8752-4859,"one digit, last group",5.000021083238836e-10,129,1.9746901112611823e-10
00687524859,006-8752-4859,"one digit, last group",5.000021083238836e-10,130,-1.7578846344847336e-10
00687524859,006-8752-4859,"one digit, last group",5.000021083238836e-10,131,-1.3818471745528154e-10
00687524859,006-8752-4859,"one digit, last group",5.000021083238836e-10,132,-3.289662220622409e-11
00687524859,006-8752-4859,"one digit, last group",5.000021083238836e-10,133,1.2826080645760965e-11
00687524859,006-8752-4859,"one digit, last group",5.000021083238836e-10,134,6.336436243059745e-12
00687524859,006-8752-4859,"one digit, last group",5.000021083238836e-10,135,2.1702662759172305e-10
00687524859,006-8752-4859,"one digit, last group",5.000021083238836e-10,136,1.0859882169340591e-11
00687524859,006-8752-4859,"one digit, last group",5.000021083238836e-10,137,7.903506729202363e-13
00687524859,006-8752-4859,"one digit, last group",5.000021083238836e-10,138,-5.56733764693061e-12
00687524859,006-8752-4859,"one digit, last group",5.000021083238836e-10,139,2.3525312485591186e-12
00687524859,006-8752-4859,"one digit, last group",5.000021083238836e-10,140,-2.9428774794639895e-12
00687524859,006-8752-4859,"one digit, last group",5.000021083238836e-10,141,4.538840815566516e-10
00687524859,006-8752-4859,"one digit, last group",5.000021083238836e-10,142,3.0386064731618895e-10
00687524859,006-8752-4859,"one digit, last group",5.000021083238836e-10,143,1.3121449443758994e-10
00687524859,006-8752-4859,"one digit, last group",5.000021083238836e-10,144,4.144497324321523e-11
00687524859,006-8752-4859,"one digit, last group",5.000021083238836e-10,145,3.282048423527755e-10
00687524859,006-8752-4859,"one digit, last group",5.000021083238836e-10,146,2.4750271760951563e-11
00687524859,006-8752-4859,"one digit, last group",5.000021083238836e-10,147,-1.310237044094744e-12
00687524859,006-8752-4859,"one digit, last group",5.000021083238836e-10,148,-3.654588750211027e-11
00687524859,006-8752-4859,"one digit, last group",5.000021083238836e-10,149,9.328669170895893e-11
00687524859,006-8752-4859,"one digit, last group",5.000021083238836e-10,150,6.535980171349127e-11
00687524859,006-8752-4859,"one digit, last group",5.000021083238836e-10,151,1.4758376092102557e-11
00687524859,006-8752-4859,"one digit, last group",5.000021083238836e-10,152,1.226739358766776e-10
00687524859,006-8752-4859,"one digit, last group",5.000021083238836e-10,153,1.0846091583168841e-10
00687524859,006-8752-4859,"one digit, last group",5.000021083238836e-10,154,-7.722778871638961e-11
00687524859,006-8752-4859,"one digit, last group",5.000021083238836e-10,155,6.160775915906466e-11
00687524859,006-8752-4859,"one digit, last group",5.000021083238836e-10,156,-9.39836123659209e-12
00687524859,006-8752-4859,"one digit, last group",5.000021083238836e-10,157,1.3621101165514872e-10
00687524859,006-8752-4859,"one digit, last group",5.000021083238836e-10,158,8.185966360454778e-11
00687524859,006-8752-4859,"one digit, last group",5.000021083238836e-10,159,-6.186290176159705e-11
00687524859,006-8752-4859,"one digit, last group",5.000021083238836e-10,160,8.223127221683053e-11
00687524859,006-8752-4859,"one digit, last group",5.000021083238836e-10,161,-3.323728690836929e-11
00687524859,006-8752-4859,"one digit, last group",5.000021083238836e-10,162,3.4314664582803684e-11
00687524859,006-8752-4859,"one digit, last group",5.000021083238836e-10,163,6.108641066966622e-10
00687524859,006-8752-4859,"one digit, last group",5.000021083238836e-10,164,-2.2999102356612014e-10
00687524859,006-8752-4859,"one digit, last group",5.000021083238836e-10,165,-4.8004374123709184e-12
00687524859,006-8752-4859,"one digit, last group",5.000021083238836e-10,166,8.764475276015613e-11
00687524859,006-8752-4859,"one digit, last group",5.000021083238836e-10,167,7.838685954863406e-11
00687524859,006-8752-4859,"one digit, last group",5.000021083238836e-10,168,7.677281169718266e-11
00687524859,006-8752-4859,"one digit, last group",5.000021083238836e-10,169,3.350730859760878e-11
00687524859,006-8752-4859,"one digit, last group",5.000021083238836e-10,170,8.8900396382653e-11
00687524859,006-8752-4859,"one digit, last group",5.000021083238836e-10,171,1.9826956832429524e-10
00687524859,006-8752-4859,"one digit, last group",5.000021083238836e-10,172,-9.508672291551487e-11
00687524859,006-8752-4859,"one digit, last group",5.000021083238836e-10,173,1.1239283994371938e-10
00687524859,006-8752-4859,"one digit, last group",5.000021083238836e-10,174,6.468949596779034e-11
00687524859,006-8752-4859,"one digit, last group",5.000021083238836e-10,175,-3.5745674569920265e-11
00687524859,006-8752-4859,"one digit, last group",5.000021083238836e-10,176,2.0388949794364258e-11
00687524859,006-8752-4859,"one digit, last group",5.000021083238836e-10,177,1.4771968928865755e-10
00687524859,006-8752-4859,"one digit, last group",5.000021083238836e-10,178,-4.373782974864904e-11
00687524859,006-8752-4859,"one digit, last group",5.000021083238836e-10,179,-2.904358751860776e-10
00687524859,006-8752-4859,"one digit, last group",5.000021083238836e-10,180,-5.002617155660942e-12
00687524859,006-8752-4859,"one digit, last group",5.000021083238836e-10,181,-1.3364397154282437e-10
00687524859,006-8752-4859,"one digit, last group",5.000021083238836e-10,182,-4.7222413956892585e-11
00687524859,006-8752-4859,"one digit, last group",5.000021083238836e-10,183,-8.580229500029615e-13
00687524859,006-8752-4859,"one digit, last group",5.000021083238836e-10,184,-4.268831265545568e-13
00687524859,006-8752-4859,"one digit, last group",5.000021083238836e-10,185,-7.386880108031725e-11
00687524859,006-8752-4859,"one digit, last group",5.000021083238836e-10,186,-1.7439042593380813e-11
00687524859,006-8752-4859,"one digit, last group",5.000021083238836e-10,187,-1.1020097663097079e-08
00687524859,006-8752-4859,"one digit, last group",5.000021083238836e-10,188,4.208791114875004e-09
00687524859,006-8752-4859,"one digit, last group",5.000021083238836e-10,189,4.336016609777749e-10
00687524859,006-8752-4859,"one digit, last group",5.000021083238836e-10,190,3.595631526926993e-11
00687524859,006-8752-4859,"one digit, last group",5.000021083238836e-10,191,1.945167481397081e-10
00687524859,006-8752-4859,"one digit, last group",5.000021083238836e-10,192,5.2971123928541756e-11
00687524859,006-8752-4859,"one digit, last group",5.000021083238836e-10,193,-5.822201093652148e-12
00687524859,006-8752-4859,"one digit, last group",5.000021083238836e-10,194,-1.5129969653343145e-10
00687524859,006-8752-4859,"one digit, last group",5.000021083238836e-10,195,8.37993309261606e-12
00687524859,006-8752-4859,"one digit, last group",5.000021083238836e-10,196,2.2104231739821993e-10
00687524859,006-8752-4859,"one digit, last group",5.000021083238836e-10,197,8.515149810317118e-11
00687524859,006-8752-4859,"one digit, last group",5.000021083238836e-10,198,-4.915064090686084e-11
00687524859,006-8752-4859,"one digit, last group",5.000021083238836e-10,199,2.20317779302961e-10
00687524859,006-8752-4859,"one digit, last group",5.000021083238836e-10,200,-2.3960397660693722e-12
00687524859,006-8752-4859,"one digit, last group",5.000021083238836e-10,201,-1.0983832400145113e-10
00687524859,006-8752-4859,"one digit, last group",5.000021083238836e-10,202,2.774479691396585e-11
00687524859,006-8752-4859,"one digit, last group",5.000021083238836e-10,203,1.8701698388758883e-10
02020132924,020-2013-2924,"one digit, first group",-3.137497898629607e-10,0,8.224416030231351e-11
02020132924,020-2013-2924,"one digit, first group",-3.137497898629607e-10,1,1.6097144587727035e-11
02020132924,020-2013-2924,"one digit, first group",-3.137497898629607e-10,2,1.9634499401133955e-11
02020132924,020-2013-2924,"one digit, first group",-3.137497898629607e-10,3,2.145234813476699e-11
02020132924,020-2013-2924,"one digit, first group",-3.137497898629607e-10,4,-1.3467577023311446e-11
02020132924,020-2013-2924,"one digit, first group",-3.137497898629607e-10,5,4.5074653476865045e-11
02020132924,020-2013-2924,"one digit, first group",-3.137497898629607e-10,6,-1.409086767174096e-10
02020132924,020-2013-2924,"one digit, first group",-3.137497898629607e-10,7,1.4072505352304705e-10
02020132924,020-2013-2924,"one digit, first group",-3.137497898629607e-10,8,-1.253231490814961e-10
02020132924,020-2013-2924,"one digit, first group",-3.137497898629607e-10,9,-1.4169773745796598e-10
02020132924,020-2013-2924,"one digit, first group",-3.137497898629607e-10,10,-2.4951093834959477e-10
02020132924,020-2013-2924,"one digit, first group",-3.137497898629607e-10,11,-1.1512285487754204e-11
02020132924,020-2013-2924,"one digit, first group",-3.137497898629607e-10,12,1.0442970821653605e-10
02020132924,020-2013-2924,"one digit, first group",-3.137497898629607e-10,13,5.682895028968969e-11
02020132924,020-2013-2924,"one digit, first group",-3.137497898629607e-10,14,-3.2730454642579083e-10
02020132924,020-2013-2924,"one digit, first group",-3.137497898629607e-10,15,6.794064559848909e-11
02020132924,020-2013-2924,"one digit, first group",-3.137497898629607e-10,16,9.5731242935997e-12
02020132924,020-2013-2924,"one digit, first group",-3.137497898629607e-10,17,-7.627853900203288e-11
02020132924,020-2013-2924,"one digit, first group",-3.137497898629607e-10,18,4.2780129316821325e-12
02020132924,020-2013-2924,"one digit, first group",-3.137497898629607e-10,19,-6.355077150424086e-11
02020132924,020-2013-2924,"one digit, first group",-3.137497898629607e-10,20,-3.793738794736136e-11
02020132924,020-2013-2924,"one digit, first group",-3.137497898629607e-10,21,3.034644854330027e-11
02020132924,020-2013-2924,"one digit, first group",-3.137497898629607e-10,22,1.1497637634376762e-10
02020132924,020-2013-2924,"one digit, first group",-3.137497898629607e-10,23,-3.6083527562809165e-11
02020132924,020-2013-2924,"one digit, first group",-3.137497898629607e-10,24,-3.111564595543305e-11
02020132924,020-2013-2924,"one digit, first group",-3.137497898629607e-10,25,-1.2257925790168134e-11
02020132924,020-2013-2924,"one digit, first group",-3.137497898629607e-10,26,7.716755587532722e-11
02020132924,020-2013-2924,"one digit, first group",-3.137497898629607e-10,27,-1.4317473877536828e-10
02020132924,020-2013-2924,"one digit, first group",-3.137497898629607e-10,28,-7.4732669612349e-11
02020132924,020-2013-2924,"one digit, first group",-3.137497898629607e-10,29,1.4342110239937922e-10
02020132924,020-2013-2924,"one digit, first group",-3.137497898629607e-10,30,-1.5352010447710548e-10
02020132924,020-2013-2924,"one digit, first group",-3.137497898629607e-10,31,-2.5519956709426076e-11
02020132924,020-2013-2924,"one digit, first group",-3.137497898629607e-10,32,-9.762277853269056e-11
02020132924,020-2013-2924,"one digit, first group",-3.137497898629607e-10,33,-3.0822987376685273e-10
02020132924,020-2013-2924,"one digit, first group",-3.137497898629607e-10,34,-1.8744964849626056e-11
02020132924,020-2013-2924,"one digit, first group",-3.137497898629607e-10,35,8.426381552225604e-11
02020132924,020-2013-2924,"one digit, first group",-3.137497898629607e-10,36,-9.469401842563951e-11
02020132924,020-2013-2924,"one digit, first group",-3.137497898629607e-10,37,-4.017442895337804e-11
02020132924,020-2013-2924,"one digit, first group",-3.137497898629607e-10,38,2.4457016185659727e-10
02020132924,020-2013-2924,"one digit, first group",-3.137497898629607e-10,39,-7.552191179444244e-11
02020132924,020-2013-2924,"one digit, first group",-3.137497898629607e-10,40,9.088261989086007e-12
02020132924,020-2013-2924,"one digit, first group",-3.137497898629607e-10,41,4.8267271189198734e-11
02020132924,020-2013-2924,"one digit, first group",-3.137497898629607e-10,42,-9.659803366867004e-11
02020132924,020-2013-2924,"one digit, first group",-3.137497898629607e-10,43,1.4827362449010293e-10
02020132924,020-2013-2924,"one digit, first group",-3.137497898629607e-10,44,1.7601060536929277e-10
02020132924,020-2013-2924,"one digit, first group",-3.137497898629607e-10,45,-1.6113821153602116e-10
02020132924,020-2013-2924,"one digit, first group",-3.137497898629607e-10,46,2.0006962290958552e-11
02020132924,020-2013-2924,"one digit, first group",-3.137497898629607e-10,47,-1.5575217328887482e-10
02020132924,020-2013-2924,"one digit, first group",-3.137497898629607e-10,48,9.131353940873958e-11
02020132924,020-2013-2924,"one digit, first group",-3.137497898629607e-10,49,-3.7766643451727394e-11
02020132924,020-2013-2924,"one digit, first group",-3.137497898629607e-10,50,-1.0159705162864216e-10
02020132924,020-2013-2924,"one digit, first group",-3.137497898629607e-10,51,4.9152266651501224e-11
02020132924,020-2013-2924,"one digit, first group",-3.137497898629607e-10,52,3.265291630502342e-10
02020132924,020-2013-2924,"one digit, first group",-3.137497898629607e-10,53,7.028250047849193e-11
02020132924,020-2013-2924,"one digit, first group",-3.137497898629607e-10,54,3.397847701438444e-10
02020132924,020-2013-2924,"one digit, first group",-3.137497898629607e-10,55,3.1226255236276214e-11
02020132924,020-2013-2924,"one digit, first group",-3.137497898629607e-10,56,-6.209757732579806e-11
02020132924,020-2013-2924,"one digit, first group",-3.137497898629607e-10,57,-7.969331753587642e-11
02020132924,020-2013-2924,"one digit, first group",-3.137497898629607e-10,58,1.915676985751989e-11
02020132924,020-2013-2924,"one digit, first group",-3.137497898629607e-10,59,1.5527666903997378e-10
02020132924,020-2013-2924,"one digit, first group",-3.137497898629607e-10,60,4.1748481938848e-11
02020132924,020-2013-2924,"one digit, first group",-3.137497898629607e-10,61,-1.2566981661673334e-10
02020132924,020-2013-2924,"one digit, first group",-3.137497898629607e-10,62,5.379582392067068e-11
02020132924,020-2013-2924,"one digit, first group",-3.137497898629607e-10,63,-4.194540697057112e-12
02020132924,020-2013-2924,"one digit, first group",-3.137497898629607e-10,64,1.4142294613037565e-10
02020132924,020-2013-2924,"one digit, first group",-3.137497898629607e-10,65,-1.7139210597858573e-11
02020132924,020-2013-2924,"one digit, first group",-3.137497898629607e-10,66,-3.0890696748096986e-11
02020132924,020-2013-2924,"one digit, first group",-3.137497898629607e-10,67,1.7970399771555756e-10
02020132924,020-2013-2924,"one digit, first group",-3.137497898629607e-10,68,-2.794468039837879e-10
02020132924,020-2013-2924,"one digit, first group",-3.137497898629607e-10,69,-1.769823908745733e-10
02020132924,020-2013-2924,"one digit, first group",-3.137497898629607e-10,70,1.661709557131069e-10
02020132924,020-2013-2924,"one digit, first group",-3.137497898629607e-10,71,1.1070462237254543e-11
02020132924,020-2013-2924,"one digit, first group",-3.137497898629607e-10,72,6.377904847055116e-11
02020132924,020-2013-2924,"one digit, first group",-3.137497898629607e-10,73,4.8948510449483175e-11
02020132924,020-2013-2924,"one digit, first group",-3.137497898629607e-10,74,-1.66041805211227e-10
02020132924,020-2013-2924,"one digit, first group",-3.137497898629607e-10,75,3.630417845990053e-12
02020132924,020-2013-2924,"one digit, first group",-3.137497898629607e-10,76,4.7748257337611943e-11
02020132924,020-2013-2924,"one digit, first group",-3.137497898629607e-10,77,1.0510163243910096e-11
02020132924,020-2013-2924,"one digit, first group",-3.137497898629607e-10,78,1.822741755524209e-11
02020132924,020-2013-2924,"one digit, first group",-3.137497898629607e-10,79,-2.7770012962637938e-11
02020132924,020-2013-2924,"one digit, first group",-3.137497898629607e-10,80,1.3079952350405434e-10
02020132924,020-2013-2924,"one digit, first group",-3.137497898629607e-10,81,1.1205197097964453e-11
02020132924,020-2013-2924,"one digit, first group",-3.137497898629607e-10,82,-2.6976654991974717e-10
02020132924,020-2013-2924,"one digit, first group",-3.137497898629607e-10,83,-1.1075880341472233e-10
02020132924,020-2013-2924,"one digit, first group",-3.137497898629607e-10,84,7.799740338813877e-11
02020132924,020-2013-2924,"one digit, first group",-3.137497898629607e-10,85,4.364864830158309e-12
02020132924,020-2013-2924,"one digit, first group",-3.137497898629607e-10,86,-1.685502402788012e-11
02020132924,020-2013-2924,"one digit, first group",-3.137497898629607e-10,87,3.725656343637822e-11
02020132924,020-2013-2924,"one digit, first group",-3.137497898629607e-10,88,1.0389117953552901e-11
02020132924,020-2013-2924,"one digit, first group",-3.137497898629607e-10,89,-5.155004037216579e-11
02020132924,020-2013-2924,"one digit, first group",-3.137497898629607e-10,90,3.9718234464414475e-13
02020132924,020-2013-2924,"one digit, first group",-3.137497898629607e-10,91,2.1772869088389337e-10
02020132924,020-2013-2924,"one digit, first group",-3.137497898629607e-10,92,-1.5177302123980156e-12
02020132924,020-2013-2924,"one digit, first group",-3.137497898629607e-10,93,-6.112254890293737e-11
02020132924,020-2013-2924,"one digit, first group",-3.137497898629607e-10,94,-4.995057846656435e-11
02020132924,020-2013-2924,"one digit, first group",-3.137497898629607e-10,95,-1.0371743930989234e-10
02020132924,020-2013-2924,"one digit, first group",-3.137497898629607e-10,96,2.459706400921183e-10
02020132924,020-2013-2924,"one digit, first group",-3.137497898629607e-10,97,2.2718510737309112e-11
02020132924,020-2013-2924,"one digit, first group",-3.137497898629607e-10,98,-1.4438483321127135e-10
02020132924,020-2013-2924,"one digit, first group",-3.137497898629607e-10,99,1.1196880250413236e-11
02020132924,020-2013-2924,"one digit, first group",-3.137497898629607e-10,100,-1.862926352993379e-10
02020132924,020-2013-2924,"one digit, first group",-3.137497898629607e-10,101,-2.6616106882761878e-11
02020132924,020-2013-2924,"one digit, first group",-3.137497898629607e-10,102,1.839717491585338e-10
02020132924,020-2013-2924,"one digit, first group",-3.137497898629607e-10,103,1.8308329691883793e-10
02020132924,020-2013-2924,"one digit, first group",-3.137497898629607e-10,104,5.758582634635683e-11
02020132924,020-2013-2924,"one digit, first group",-3.137497898629607e-10,105,3.5123110109929346e-11
02020132924,020-2013-2924,"one digit, first group",-3.137497898629607e-10,106,-1.1798469295390945e-10
02020132924,020-2013-2924,"one digit, first group",-3.137497898629607e-10,107,2.759528521708601e-11
02020132924,020-2013-2924,"one digit, first group",-3.137497898629607e-10,108,6.260243746418862e-10
02020132924,020-2013-2924,"one digit, first group",-3.137497898629607e-10,109,7.275983268855537e-11
02020132924,020-2013-2924,"one digit, first group",-3.137497898629607e-10,110,-1.1468631415193935e-10
02020132924,020-2013-2924,"one digit, first group",-3.137497898629607e-10,111,4.165240219527352e-12
02020132924,020-2013-2924,"one digit, first group",-3.137497898629607e-10,112,1.7362606100477432e-10
02020132924,020-2013-2924,"one digit, first group",-3.137497898629607e-10,113,-2.8899483661801453e-10
02020132924,020-2013-2924,"one digit, first group",-3.137497898629607e-10,114,-1.515209992138154e-10
02020132924,020-2013-2924,"one digit, first group",-3.137497898629607e-10,115,1.8269295001496372e-11
02020132924,020-2013-2924,"one digit, first group",-3.137497898629607e-10,116,8.770625694007918e-11
02020132924,020-2013-2924,"one digit, first group",-3.137497898629607e-10,117,2.6986730588205423e-10
02020132924,020-2013-2924,"one digit, first group",-3.137497898629607e-10,118,3.810599831130014e-11
02020132924,020-2013-2924,"one digit, first group",-3.137497898629607e-10,119,2.2752759225391557e-10
02020132924,020-2013-2924,"one digit, first group",-3.137497898629607e-10,120,1.7345165155212284e-11
02020132924,020-2013-2924,"one digit, first group",-3.137497898629607e-10,121,-7.705684995631343e-11
02020132924,020-2013-2924,"one digit, first group",-3.137497898629607e-10,122,1.1885087591614185e-10
02020132924,020-2013-2924,"one digit, first group",-3.137497898629607e-10,123,1.0379209809021889e-10
02020132924,020-2013-2924,"one digit, first group",-3.137497898629607e-10,124,-2.8911207869257984e-11
02020132924,020-2013-2924,"one digit, first group",-3.137497898629607e-10,125,-3.687329203735385e-11
02020132924,020-2013-2924,"one digit, first group",-3.137497898629607e-10,126,-3.031032927763489e-11
02020132924,020-2013-2924,"one digit, first group",-3.137497898629607e-10,127,1.79437839956048e-10
02020132924,020-2013-2924,"one digit, first group",-3.137497898629607e-10,128,3.6978653558040027e-10
02020132924,020-2013-2924,"one digit, first group",-3.137497898629607e-10,129,-2.3204300872960829e-10
02020132924,020-2013-2924,"one digit, first group",-3.137497898629607e-10,130,3.1779667631693084e-10
02020132924,020-2013-2924,"one digit, first group",-3.137497898629607e-10,131,-3.7417268215521765e-11
02020132924,020-2013-2924,"one digit, first group",-3.137497898629607e-10,132,-5.942873953560902e-11
02020132924,020-2013-2924,"one digit, first group",-3.137497898629607e-10,133,-1.2067661526064658e-10
02020132924,020-2013-2924,"one digit, first group",-3.137497898629607e-10,134,3.143956119796207e-11
02020132924,020-2013-2924,"one digit, first group",-3.137497898629607e-10,135,1.5172330683521608e-11
02020132924,020-2013-2924,"one digit, first group",-3.137497898629607e-10,136,-1.8017686388393947e-11
02020132924,020-2013-2924,"one digit, first group",-3.137497898629607e-10,137,2.303740726030836e-11
02020132924,020-2013-2924,"one digit, first group",-3.137497898629607e-10,138,-1.438417093425805e-10
02020132924,020-2013-2924,"one digit, first group",-3.137497898629607e-10,139,2.9758842203817315e-12
02020132924,020-2013-2924,"one digit, first group",-3.137497898629607e-10,140,-2.8256078387999506e-10
02020132924,020-2013-2924,"one digit, first group",-3.137497898629607e-10,141,-8.412221905202928e-11
02020132924,020-2013-2924,"one digit, first group",-3.137497898629607e-10,142,2.2131979994783294e-09
02020132924,020-2013-2924,"one digit, first group",-3.137497898629607e-10,143,-8.583721763533589e-10
02020132924,020-2013-2924,"one digit, first group",-3.137497898629607e-10,144,-4.97892687415066e-10
02020132924,020-2013-2924,"one digit, first group",-3.137497898629607e-10,145,1.3292364444626051e-08
02020132924,020-2013-2924,"one digit, first group",-3.137497898629607e-10,146,-2.591340885470278e-09
02020132924,020-2013-2924,"one digit, first group",-3.137497898629607e-10,147,1.3972882932362704e-09
02020132924,020-2013-2924,"one digit, first group",-3.137497898629607e-10,148,1.1208203776954321e-09
02020132924,020-2013-2924,"one digit, first group",-3.137497898629607e-10,149,1.3580293753752397e-08
02020132924,020-2013-2924,"one digit, first group",-3.137497898629607e-10,150,-1.7926040051820485e-10
02020132924,020-2013-2924,"one digit, first group",-3.137497898629607e-10,151,7.67890935314802e-11
02020132924,020-2013-2924,"one digit, first group",-3.137497898629607e-10,152,-1.625301910928709e-11
02020132924,020-2013-2924,"one digit, first group",-3.137497898629607e-10,153,-1.5318188310863794e-10
02020132924,020-2013-2924,"one digit, first group",-3.137497898629607e-10,154,7.679538081254769e-11
02020132924,020-2013-2924,"one digit, first group",-3.137497898629607e-10,155,-6.537429610737844e-11
02020132924,020-2013-2924,"one digit, first group",-3.137497898629607e-10,156,-1.6629730191590294e-09
02020132924,020-2013-2924,"one digit, first group",-3.137497898629607e-10,157,-4.8545777574219167e-11
02020132924,020-2013-2924,"one digit, first group",-3.137497898629607e-10,158,-1.8975761096460801e-10
02020132924,020-2013-2924,"one digit, first group",-3.137497898629607e-10,159,-1.9460336299633674e-10
02020132924,020-2013-2924,"one digit, first group",-3.137497898629607e-10,160,-1.0749691771988494e-09
02020132924,020-2013-2924,"one digit, first group",-3.137497898629607e-10,161,-2.434340782153721e-11
02020132924,020-2013-2924,"one digit, first group",-3.137497898629607e-10,162,-8.587721969553604e-11
02020132924,020-2013-2924,"one digit, first group",-3.137497898629607e-10,163,5.6590226768582025e-08
02020132924,020-2013-2924,"one digit, first group",-3.137497898629607e-10,164,-6.116709327181486e-08
02020132924,020-2013-2924,"one digit, first group",-3.137497898629607e-10,165,6.201932409982698e-11
02020132924,020-2013-2924,"one digit, first group",-3.137497898629607e-10,166,1.8026999524890507e-10
02020132924,020-2013-2924,"one digit, first group",-3.137497898629607e-10,167,-5.286382382850332e-10
02020132924,020-2013-2924,"one digit, first group",-3.137497898629607e-10,168,-1.4754200448258938e-10
02020132924,020-2013-2924,"one digit, first group",-3.137497898629607e-10,169,1.2816711244493784e-10
02020132924,020-2013-2924,"one digit, first group",-3.137497898629607e-10,170,9.062470835223005e-11
02020132924,020-2013-2924,"one digit, first group",-3.137497898629607e-10,171,-7.534848202215604e-11
02020132924,020-2013-2924,"one digit, first group",-3.137497898629607e-10,172,-5.2153135238166446e-12
02020132924,020-2013-2924,"one digit, first group",-3.137497898629607e-10,173,2.0356636790264374e-11
02020132924,020-2013-2924,"one digit, first group",-3.137497898629607e-10,174,2.6742882322536425e-10
02020132924,020-2013-2924,"one digit, first group",-3.137497898629607e-10,175,-4.458660825477774e-11
02020132924,020-2013-2924,"one digit, first group",-3.137497898629607e-10,176,-1.3941196875988607e-10
02020132924,020-2013-2924,"one digit, first group",-3.137497898629607e-10,177,1.4322316101176164e-10
02020132924,020-2013-2924,"one digit, first group",-3.137497898629607e-10,178,1.6804094796156545e-11
02020132924,020-2013-2924,"one digit, first group",-3.137497898629607e-10,179,-7.077239390356442e-11
02020132924,020-2013-2924,"one digit, first group",-3.137497898629607e-10,180,-2.671649916963912e-11
02020132924,020-2013-2924,"one digit, first group",-3.137497898629607e-10,181,1.4713669059893125e-10
02020132924,020-2013-2924,"one digit, first group",-3.137497898629607e-10,182,-5.672954744018291e-11
02020132924,020-2013-2924,"one digit, first group",-3.137497898629607e-10,183,-4.01176304142106e-12
02020132924,020-2013-2924,"one digit, first group",-3.137497898629607e-10,184,1.785756420616534e-10
02020132924,020-2013-2924,"one digit, first group",-3.137497898629607e-10,185,-1.6000824393036958e-10
02020132924,020-2013-2924,"one digit, first group",-3.137497898629607e-10,186,-1.3809469927021193e-10
02020132924,020-2013-2924,"one digit, first group",-3.137497898629607e-10,187,2.896709719905478e-10
02020132924,020-2013-2924,"one digit, first group",-3.137497898629607e-10,188,-3.0748554774462735e-10
02020132924,020-2013-2924,"one digit, first group",-3.137497898629607e-10,189,-1.5631636330886333e-10
02020132924,020-2013-2924,"one digit, first group",-3.137497898629607e-10,190,2.3846263854510587e-11
02020132924,020-2013-2924,"one digit, first group",-3.137497898629607e-10,191,1.2881887351581302e-10
02020132924,020-2013-2924,"one digit, first group",-3.137497898629607e-10,192,9.385799205721937e-11
02020132924,020-2013-2924,"one digit, first group",-3.137497898629607e-10,193,-1.3650164670275957e-11
02020132924,020-2013-2924,"one digit, first group",-3.137497898629607e-10,194,-1.6609562530117664e-10
02020132924,020-2013-2924,"one digit, first group",-3.137497898629607e-10,195,-1.0815875118322265e-11
02020132924,020-2013-2924,"one digit, first group",-3.137497898629607e-10,196,-4.2799499287270054e-11
02020132924,020-2013-2924,"one digit, first group",-3.137497898629607e-10,197,-1.4971067153163932e-11
02020132924,020-2013-2924,"one digit, first group",-3.137497898629607e-10,198,-1.6528928308159644e-11
02020132924,020-2013-2924,"one digit, first group",-3.137497898629607e-10,199,-8.429988749487365e-11
02020132924,020-2013-2924,"one digit, first group",-3.137497898629607e-10,200,-1.270204269295379e-11
02020132924,020-2013-2924,"one digit, first group",-3.137497898629607e-10,201,-4.3583625328475733e-11
02020132924,020-2013-2924,"one digit, first group",-3.137497898629607e-10,202,1.5320915488325516e-10
02020132924,020-2013-2924,"one digit, first group",-3.137497898629607e-10,203,-7.400536267167304e-11
01020232924,010-2023-2924,"one digit, middle group",3.8798974457907994e-11,0,2.692470694181213e-10
01020232924,010-2023-2924,"one digit, middle group",3.8798974457907994e-11,1,-1.552854893820274e-10
01020232924,010-2023-2924,"one digit, middle group",3.8798974457907994e-11,2,-9.784149640980023e-11
01020232924,010-2023-2924,"one digit, middle group",3.8798974457907994e-11,3,-8.738096579482025e-11
01020232924,010-2023-2924,"one digit, middle group",3.8798974457907994e-11,4,1.2449844931495963e-10
01020232924,010-2023-2924,"one digit, middle group",3.8798974457907994e-11,5,-2.0242058898857672e-10
01020232924,010-2023-2924,"one digit, middle group",3.8798974457907994e-11,6,-1.5927345735887896e-10
01020232924,010-2023-2924,"one digit, middle group",3.8798974457907994e-11,7,1.3517850302537895e-10
01020232924,010-2023-2924,"one digit, middle group",3.8798974457907994e-11,8,2.7915781318772046e-11
01020232924,010-2023-2924,"one digit, middle group",3.8798974457907994e-11,9,3.8324394524943764e-11
01020232924,010-2023-2924,"one digit, middle group",3.8798974457907994e-11,10,6.337378433058964e-11
01020232924,010-2023-2924,"one digit, middle group",3.8798974457907994e-11,11,-1.3001868564748562e-10
01020232924,010-2023-2924,"one digit, middle group",3.8798974457907994e-11,12,-1.1424479473646994e-10
01020232924,010-2023-2924,"one digit, middle group",3.8798974457907994e-11,13,-1.4947764153563691e-10
01020232924,010-2023-2924,"one digit, middle group",3.8798974457907994e-11,14,1.500481832718867e-11
01020232924,010-2023-2924,"one digit, middle group",3.8798974457907994e-11,15,8.260081764950664e-11
01020232924,010-2023-2924,"one digit, middle group",3.8798974457907994e-11,16,7.53313613133228e-11
01020232924,010-2023-2924,"one digit, middle group",3.8798974457907994e-11,17,4.275020044309231e-11
01020232924,010-2023-2924,"one digit, middle group",3.8798974457907994e-11,18,-5.1795963925066356e-11
01020232924,010-2023-2924,"one digit, middle group",3.8798974457907994e-11,19,2.7828214322012616e-11
01020232924,010-2023-2924,"one digit, middle group",3.8798974457907994e-11,20,-7.461798128261006e-11
01020232924,010-2023-2924,"one digit, middle group",3.8798974457907994e-11,21,1.124688989752847e-11
01020232924,010-2023-2924,"one digit, middle group",3.8798974457907994e-11,22,-2.356776747800406e-10
01020232924,010-2023-2924,"one digit, middle group",3.8798974457907994e-11,23,2.2521589889509754e-10
01020232924,010-2023-2924,"one digit, middle group",3.8798974457907994e-11,24,5.6372307515596115e-11
01020232924,010-2023-2924,"one digit, middle group",3.8798974457907994e-11,25,-1.3051672770158793e-11
01020232924,010-2023-2924,"one digit, middle group",3.8798974457907994e-11,26,3.1100228508261705e-10
01020232924,010-2023-2924,"one digit, middle group",3.8798974457907994e-11,27,1.1679673125655607e-10
01020232924,010-2023-2924,"one digit, middle group",3.8798974457907994e-11,28,2.1084433999557419e-10
01020232924,010-2023-2924,"one digit, middle group",3.8798974457907994e-11,29,3.9387054786850706e-10
01020232924,010-2023-2924,"one digit, middle group",3.8798974457907994e-11,30,2.9725452912183794e-11
01020232924,010-2023-2924,"one digit, middle group",3.8798974457907994e-11,31,-2.9846054667874177e-10
01020232924,010-2023-2924,"one digit, middle group",3.8798974457907994e-11,32,-2.3235546285203542e-10
01020232924,010-2023-2924,"one digit, middle group",3.8798974457907994e-11,33,-2.1980320884592778e-10
01020232924,010-2023-2924,"one digit, middle group",3.8798974457907994e-11,34,4.0761690667889986e-11
01020232924,010-2023-2924,"one digit, middle group",3.8798974457907994e-11,35,1.4554482222713945e-10
01020232924,010-2023-2924,"one digit, middle group",3.8798974457907994e-11,36,4.8741356184434896e-11
01020232924,010-2023-2924,"one digit, middle group",3.8798974457907994e-11,37,-2.4413528362363293e-11
01020232924,010-2023-2924,"one digit, middle group",3.8798974457907994e-11,38,2.8423294882596965e-10
01020232924,010-2023-2924,"one digit, middle group",3.8798974457907994e-11,39,-4.9761652420196644e-11
01020232924,010-2023-2924,"one digit, middle group",3.8798974457907994e-11,40,-2.571610027223776e-10
01020232924,010-2023-2924,"one digit, middle group",3.8798974457907994e-11,41,-1.1073965778681634e-10
01020232924,010-2023-2924,"one digit, middle group",3.8798974457907994e-11,42,-2.3690554495463074e-13
01020232924,010-2023-2924,"one digit, middle group",3.8798974457907994e-11,43,1.9938990917627094e-10
01020232924,010-2023-2924,"one digit, middle group",3.8798974457907994e-11,44,-6.60448044074031e-11
01020232924,010-2023-2924,"one digit, middle group",3.8798974457907994e-11,45,7.488934969169044e-11
01020232924,010-2023-2924,"one digit, middle group",3.8798974457907994e-11,46,2.78630536804589e-10
01020232924,010-2023-2924,"one digit, middle group",3.8798974457907994e-11,47,2.0810056161659487e-10
01020232924,010-2023-2924,"one digit, middle group",3.8798974457907994e-11,48,1.480210832326761e-10
01020232924,010-2023-2924,"one digit, middle group",3.8798974457907994e-11,49,-6.972743876831893e-11
01020232924,010-2023-2924,"one digit, middle group",3.8798974457907994e-11,50,1.9498080168945532e-10
01020232924,010-2023-2924,"one digit, middle group",3.8798974457907994e-11,51,-5.424067059113574e-11
01020232924,010-2023-2924,"one digit, middle group",3.8798974457907994e-11,52,-7.796228500722359e-11
01020232924,010-2023-2924,"one digit, middle group",3.8798974457907994e-11,53,-7.685924835123359e-11
01020232924,010-2023-2924,"one digit, middle group",3.8798974457907994e-11,54,5.375808391829723e-12
01020232924,010-2023-2924,"one digit, middle group",3.8798974457907994e-11,55,6.014092461662965e-12
01020232924,010-2023-2924,"one digit, middle group",3.8798974457907994e-11,56,1.908574194461312e-11
01020232924,010-2023-2924,"one digit, middle group",3.8798974457907994e-11,57,1.305412485269143e-10
01020232924,010-2023-2924,"one digit, middle group",3.8798974457907994e-11,58,4.64592589865948e-10
01020232924,010-2023-2924,"one digit, middle group",3.8798974457907994e-11,59,8.546771143370992e-12
01020232924,010-2023-2924,"one digit, middle group",3.8798974457907994e-11,60,2.1853272031257678e-11
01020232924,010-2023-2924,"one digit, middle group",3.8798974457907994e-11,61,-3.667003316165211e-10
01020232924,010-2023-2924,"one digit, middle group",3.8798974457907994e-11,62,-1.8858617617127935e-11
01020232924,010-2023-2924,"one digit, middle group",3.8798974457907994e-11,63,-2.3093870316187766e-11
01020232924,010-2023-2924,"one digit, middle group",3.8798974457907994e-11,64,-1.3625871933613646e-11
01020232924,010-2023-2924,"one digit, middle group",3.8798974457907994e-11,65,-6.683048397736659e-11
01020232924,010-2023-2924,"one digit, middle group",3.8798974457907994e-11,66,-3.005051313773408e-11
01020232924,010-2023-2924,"one digit, middle group",3.8798974457907994e-11,67,9.596615515883004e-11
01020232924,010-2023-2924,"one digit, middle group",3.8798974457907994e-11,68,-2.1794174625327055e-11
01020232924,010-2023-2924,"one digit, middle group",3.8798974457907994e-11,69,9.631390139418961e-11
01020232924,010-2023-2924,"one digit, middle group",3.8798974457907994e-11,70,6.863180278260648e-11
01020232924,010-2023-2924,"one digit, middle group",3.8798974457907994e-11,71,1.0514716312249151e-10
01020232924,010-2023-2924,"one digit, middle group",3.8798974457907994e-11,72,8.819224507640398e-11
01020232924,010-2023-2924,"one digit, middle group",3.8798974457907994e-11,73,-3.799904268950152e-11
01020232924,010-2023-2924,"one digit, middle group",3.8798974457907994e-11,74,3.020573475657849e-11
01020232924,010-2023-2924,"one digit, middle group",3.8798974457907994e-11,75,5.015614122428617e-11
01020232924,010-2023-2924,"one digit, middle group",3.8798974457907994e-11,76,1.7524757590266182e-10
01020232924,010-2023-2924,"one digit, middle group",3.8798974457907994e-11,77,-1.0238334943331884e-11
01020232924,010-2023-2924,"one digit, middle group",3.8798974457907994e-11,78,-9.419181620286651e-11
01020232924,010-2023-2924,"one digit, middle group",3.8798974457907994e-11,79,-1.7472148226449328e-10
01020232924,010-2023-2924,"one digit, middle group",3.8798974457907994e-11,80,7.271927863703091e-11
01020232924,010-2023-2924,"one digit, middle group",3.8798974457907994e-11,81,2.5166975870876862e-11
01020232924,010-2023-2924,"one digit, middle group",3.8798974457907994e-11,82,3.84863174274341e-11
01020232924,010-2023-2924,"one digit, middle group",3.8798974457907994e-11,83,2.57690153971983e-11
01020232924,010-2023-2924,"one digit, middle group",3.8798974457907994e-11,84,-2.2749186048663792e-11
01020232924,010-2023-2924,"one digit, middle group",3.8798974457907994e-11,85,-2.2182931483987273e-11
01020232924,010-2023-2924,"one digit, middle group",3.8798974457907994e-11,86,1.0235353982314466e-10
01020232924,010-2023-2924,"one digit, middle group",3.8798974457907994e-11,87,-6.770408683165199e-11
01020232924,010-2023-2924,"one digit, middle group",3.8798974457907994e-11,88,-1.673355346151363e-10
01020232924,010-2023-2924,"one digit, middle group",3.8798974457907994e-11,89,5.2824612200003456e-11
01020232924,010-2023-2924,"one digit, middle group",3.8798974457907994e-11,90,3.2017507538510397e-12
01020232924,010-2023-2924,"one digit, middle group",3.8798974457907994e-11,91,-5.608812570927453e-11
01020232924,010-2023-2924,"one digit, middle group",3.8798974457907994e-11,92,5.957824669130937e-11
01020232924,010-2023-2924,"one digit, middle group",3.8798974457907994e-11,93,-2.8547299781413616e-12
01020232924,010-2023-2924,"one digit, middle group",3.8798974457907994e-11,94,6.828459757093746e-11
01020232924,010-2023-2924,"one digit, middle group",3.8798974457907994e-11,95,7.087036998252007e-11
01020232924,010-2023-2924,"one digit, middle group",3.8798974457907994e-11,96,-2.4967535974373852e-11
01020232924,010-2023-2924,"one digit, middle group",3.8798974457907994e-11,97,-1.875571795433016e-10
01020232924,010-2023-2924,"one digit, middle group",3.8798974457907994e-11,98,-3.1287044337578194e-11
01020232924,010-2023-2924,"one digit, middle group",3.8798974457907994e-11,99,-9.133132042375415e-11
01020232924,010-2023-2924,"one digit, middle group",3.8798974457907994e-11,100,-8.766179578462378e-11
01020232924,010-2023-2924,"one digit, middle group",3.8798974457907994e-11,101,3.726410865790886e-11
01020232924,010-2023-2924,"one digit, middle group",3.8798974457907994e-11,102,-8.641845383735081e-11
01020232924,010-2023-2924,"one digit, middle group",3.8798974457907994e-11,103,-1.9194818658415287e-10
01020232924,010-2023-2924,"one digit, middle group",3.8798974457907994e-11,104,4.809041885464811e-11
01020232924,010-2023-2924,"one digit, middle group",3.8798974457907994e-11,105,-1.0528387310889675e-10
01020232924,010-2023-2924,"one digit, middle group",3.8798974457907994e-11,106,-3.1678023951953263e-12
01020232924,010-2023-2924,"one digit, middle group",3.8798974457907994e-11,107,-1.5631669528921698e-10
01020232924,010-2023-2924,"one digit, middle group",3.8798974457907994e-11,108,1.9871900121001599e-10
01020232924,010-2023-2924,"one digit, middle group",3.8798974457907994e-11,109,7.946228671980553e-11
01020232924,010-2023-2924,"one digit, middle group",3.8798974457907994e-11,110,-1.6124315231831044e-10
01020232924,010-2023-2924,"one digit, middle group",3.8798974457907994e-11,111,8.899264877484117e-11
01020232924,010-2023-2924,"one digit, middle group",3.8798974457907994e-11,112,-1.258433568262886e-10
01020232924,010-2023-2924,"one digit, middle group",3.8798974457907994e-11,113,1.741046530589026e-10
01020232924,010-2023-2924,"one digit, middle group",3.8798974457907994e-11,114,2.5946916074110876e-10
01020232924,010-2023-2924,"one digit, middle group",3.8798974457907994e-11,115,7.804910742469788e-12
01020232924,010-2023-2924,"one digit, middle group",3.8798974457907994e-11,116,3.246959759991812e-11
01020232924,010-2023-2924,"one digit, middle group",3.8798974457907994e-11,117,1.519840688963649e-10
01020232924,010-2023-2924,"one digit, middle group",3.8798974457907994e-11,118,4.8489149012341294e-11
01020232924,010-2023-2924,"one digit, middle group",3.8798974457907994e-11,119,-2.989752484030885e-11
01020232924,010-2023-2924,"one digit, middle group",3.8798974457907994e-11,120,-1.5319575493597624e-11
01020232924,010-2023-2924,"one digit, middle group",3.8798974457907994e-11,121,-7.762139065281205e-13
01020232924,010-2023-2924,"one digit, middle group",3.8798974457907994e-11,122,-8.647526057516163e-11
01020232924,010-2023-2924,"one digit, middle group",3.8798974457907994e-11,123,-2.091726413759877e-11
01020232924,010-2023-2924,"one digit, middle group",3.8798974457907994e-11,124,5.6609182732772465e-11
01020232924,010-2023-2924,"one digit, middle group",3.8798974457907994e-11,125,5.813200293885447e-11
01020232924,010-2023-2924,"one digit, middle group",3.8798974457907994e-11,126,-3.185745631182319e-11
01020232924,010-2023-2924,"one digit, middle group",3.8798974457907994e-11,127,4.5188717725935446e-10
01020232924,010-2023-2924,"one digit, middle group",3.8798974457907994e-11,128,-5.413403641777954e-11
01020232924,010-2023-2924,"one digit, middle group",3.8798974457907994e-11,129,2.1562501268937692e-10
01020232924,010-2023-2924,"one digit, middle group",3.8798974457907994e-11,130,-3.2388380068827206e-10
01020232924,010-2023-2924,"one digit, middle group",3.8798974457907994e-11,131,1.4650896817842153e-11
01020232924,010-2023-2924,"one digit, middle group",3.8798974457907994e-11,132,-3.0940086711515815e-12
01020232924,010-2023-2924,"one digit, middle group",3.8798974457907994e-11,133,-4.7903475736840114e-11
01020232924,010-2023-2924,"one digit, middle group",3.8798974457907994e-11,134,1.3038111407255191e-11
01020232924,010-2023-2924,"one digit, middle group",3.8798974457907994e-11,135,8.285398279860968e-11
01020232924,010-2023-2924,"one digit, middle group",3.8798974457907994e-11,136,2.636125372696947e-10
01020232924,010-2023-2924,"one digit, middle group",3.8798974457907994e-11,137,1.8002562069659472e-11
01020232924,010-2023-2924,"one digit, middle group",3.8798974457907994e-11,138,-1.2575235619841886e-10
01020232924,010-2023-2924,"one digit, middle group",3.8798974457907994e-11,139,-1.3159929152516873e-10
01020232924,010-2023-2924,"one digit, middle group",3.8798974457907994e-11,140,-1.581493559174042e-10
01020232924,010-2023-2924,"one digit, middle group",3.8798974457907994e-11,141,3.6850192797988e-11
01020232924,010-2023-2924,"one digit, middle group",3.8798974457907994e-11,142,2.452203524854223e-09
01020232924,010-2023-2924,"one digit, middle group",3.8798974457907994e-11,143,-1.6006327414593765e-08
01020232924,010-2023-2924,"one digit, middle group",3.8798974457907994e-11,144,1.4357243432398126e-10
01020232924,010-2023-2924,"one digit, middle group",3.8798974457907994e-11,145,5.451369424995358e-09
01020232924,010-2023-2924,"one digit, middle group",3.8798974457907994e-11,146,1.3964254387356832e-09
01020232924,010-2023-2924,"one digit, middle group",3.8798974457907994e-11,147,2.5506569613952995e-09
01020232924,010-2023-2924,"one digit, middle group",3.8798974457907994e-11,148,-5.825730328378801e-10
01020232924,010-2023-2924,"one digit, middle group",3.8798974457907994e-11,149,-7.2723175580118795e-09
01020232924,010-2023-2924,"one digit, middle group",3.8798974457907994e-11,150,4.3158427646323394e-11
01020232924,010-2023-2924,"one digit, middle group",3.8798974457907994e-11,151,3.556138153703029e-11
01020232924,010-2023-2924,"one digit, middle group",3.8798974457907994e-11,152,2.1834339273353977e-11
01020232924,010-2023-2924,"one digit, middle group",3.8798974457907994e-11,153,-2.2402225007898346e-10
01020232924,010-2023-2924,"one digit, middle group",3.8798974457907994e-11,154,-2.84855969689317e-10
01020232924,010-2023-2924,"one digit, middle group",3.8798974457907994e-11,155,-3.7182089552438716e-11
01020232924,010-2023-2924,"one digit, middle group",3.8798974457907994e-11,156,-2.1125548554020734e-09
01020232924,010-2023-2924,"one digit, middle group",3.8798974457907994e-11,157,-3.0970615367969057e-11
01020232924,010-2023-2924,"one digit, middle group",3.8798974457907994e-11,158,-2.2795112404301036e-11
01020232924,010-2023-2924,"one digit, middle group",3.8798974457907994e-11,159,1.7203906676354757e-10
01020232924,010-2023-2924,"one digit, middle group",3.8798974457907994e-11,160,3.5036136750897607e-09
01020232924,010-2023-2924,"one digit, middle group",3.8798974457907994e-11,161,-2.601281582131489e-11
01020232924,010-2023-2924,"one digit, middle group",3.8798974457907994e-11,162,-2.32334630216173e-11
01020232924,010-2023-2924,"one digit, middle group",3.8798974457907994e-11,163,6.13234848119428e-09
01020232924,010-2023-2924,"one digit, middle group",3.8798974457907994e-11,164,-5.5675341297533245e-09
01020232924,010-2023-2924,"one digit, middle group",3.8798974457907994e-11,165,1.2843359334240057e-11
01020232924,010-2023-2924,"one digit, middle group",3.8798974457907994e-11,166,-5.516803290006526e-11
01020232924,010-2023-2924,"one digit, middle group",3.8798974457907994e-11,167,3.4904808696705744e-11
01020232924,010-2023-2924,"one digit, middle group",3.8798974457907994e-11,168,2.4103815113428064e-11
01020232924,010-2023-2924,"one digit, middle group",3.8798974457907994e-11,169,-3.8810543023868106e-11
01020232924,010-2023-2924,"one digit, middle group",3.8798974457907994e-11,170,1.499449481188947e-12
01020232924,010-2023-2924,"one digit, middle group",3.8798974457907994e-11,171,-1.2917557978451156e-10
01020232924,010-2023-2924,"one digit, middle group",3.8798974457907994e-11,172,1.577765831188542e-11
01020232924,010-2023-2924,"one digit, middle group",3.8798974457907994e-11,173,-1.8338829090167563e-11
01020232924,010-2023-2924,"one digit, middle group",3.8798974457907994e-11,174,2.5084763418873913e-10
01020232924,010-2023-2924,"one digit, middle group",3.8798974457907994e-11,175,-1.0776340822497085e-10
01020232924,010-2023-2924,"one digit, middle group",3.8798974457907994e-11,176,7.273163477069497e-11
01020232924,010-2023-2924,"one digit, middle group",3.8798974457907994e-11,177,-6.41526885476245e-11
01020232924,010-2023-2924,"one digit, middle group",3.8798974457907994e-11,178,-2.332185741463703e-10
01020232924,010-2023-2924,"one digit, middle group",3.8798974457907994e-11,179,1.3000646868828262e-10
01020232924,010-2023-2924,"one digit, middle group",3.8798974457907994e-11,180,3.0547477836129574e-11
01020232924,010-2023-2924,"one digit, middle group",3.8798974457907994e-11,181,-1.0210936627089282e-10
01020232924,010-2023-2924,"one digit, middle group",3.8798974457907994e-11,182,2.4430892087544832e-11
01020232924,010-2023-2924,"one digit, middle group",3.8798974457907994e-11,183,-8.56043218071813e-11
01020232924,010-2023-2924,"one digit, middle group",3.8798974457907994e-11,184,-2.6441996625634844e-11
01020232924,010-2023-2924,"one digit, middle group",3.8798974457907994e-11,185,1.106377897534823e-11
01020232924,010-2023-2924,"one digit, middle group",3.8798974457907994e-11,186,3.7922735663256336e-11
01020232924,010-2023-2924,"one digit, middle group",3.8798974457907994e-11,187,5.848632124146789e-11
01020232924,010-2023-2924,"one digit, middle group",3.8798974457907994e-11,188,2.236527911337944e-10
01020232924,010-2023-2924,"one digit, middle group",3.8798974457907994e-11,189,-4.347887927164322e-10
01020232924,010-2023-2924,"one digit, middle group",3.8798974457907994e-11,190,1.1268736829763798e-11
01020232924,010-2023-2924,"one digit, middle group",3.8798974457907994e-11,191,1.6069238427295747e-10
01020232924,010-2023-2924,"one digit, middle group",3.8798974457907994e-11,192,1.315972370429014e-10
01020232924,010-2023-2924,"one digit, middle group",3.8798974457907994e-11,193,-1.7490808317772658e-11
01020232924,010-2023-2924,"one digit, middle group",3.8798974457907994e-11,194,-8.055814710725837e-11
01020232924,010-2023-2924,"one digit, middle group",3.8798974457907994e-11,195,-1.3503821050543154e-10
01020232924,010-2023-2924,"one digit, middle group",3.8798974457907994e-11,196,-3.0893263747233184e-10
01020232924,010-2023-2924,"one digit, middle group",3.8798974457907994e-11,197,1.9907259171457664e-10
01020232924,010-2023-2924,"one digit, middle group",3.8798974457907994e-11,198,-5.031464252002129e-11
01020232924,010-2023-2924,"one digit, middle group",3.8798974457907994e-11,199,1.1516589751755246e-10
01020232924,010-2023-2924,"one digit, middle group",3.8798974457907994e-11,200,2.066495600509547e-11
01020232924,010-2023-2924,"one digit, middle group",3.8798974457907994e-11,201,-5.276448795563092e-12
01020232924,010-2023-2924,"one digit, middle group",3.8798974457907994e-11,202,-1.1405247610066604e-10
01020232924,010-2023-2924,"one digit, middle group",3.8798974457907994e-11,203,-1.0379586931180636e-10
01011112222,010-1111-2222,not in the log,3.8149850235508434e-10,0,2.1231122792220317e-11
01011112222,010-1111-2222,not in the log,3.8149850235508434e-10,1,3.3927700607120726e-10
01011112222,010-1111-2222,not in the log,3.8149850235508434e-10,2,3.46730611973924e-11
01011112222,010-1111-2222,not in the log,3.8149850235508434e-10,3,-2.2092639752404605e-10
01011112222,010-1111-2222,not in the log,3.8149850235508434e-10,4,2.6809311066071496e-11
01011112222,010-1111-2222,not in the log,3.8149850235508434e-10,5,6.459143598022141e-11
01011112222,010-1111-2222,not in the log,3.8149850235508434e-10,6,4.8184637150572065e-11
01011112222,010-1111-2222,not in the log,3.8149850235508434e-10,7,-5.172088554974319e-11
01011112222,010-1111-2222,not in the log,3.8149850235508434e-10,8,-8.537038567673462e-12
01011112222,010-1111-2222,not in the log,3.8149850235508434e-10,9,-2.6321700540564766e-10
01011112222,010-1111-2222,not in the log,3.8149850235508434e-10,10,2.0512250719194136e-10
01011112222,010-1111-2222,not in the log,3.8149850235508434e-10,11,1.0169885352896007e-11
01011112222,010-1111-2222,not in the log,3.8149850235508434e-10,12,-7.026788237479005e-11
01011112222,010-1111-2222,not in the log,3.8149850235508434e-10,13,-2.329327413100027e-10
01011112222,010-1111-2222,not in the log,3.8149850235508434e-10,14,8.789147896326072e-11
01011112222,010-1111-2222,not in the log,3.8149850235508434e-10,15,-6.568009725091484e-11
01011112222,010-1111-2222,not in the log,3.8149850235508434e-10,16,-4.035724809770076e-11
01011112222,010-1111-2222,not in the log,3.8149850235508434e-10,17,-9.934387503553151e-11
01011112222,010-1111-2222,not in the log,3.8149850235508434e-10,18,8.284291783329091e-11
01011112222,010-1111-2222,not in the log,3.8149850235508434e-10,19,7.427303684828248e-11
01011112222,010-1111-2222,not in the log,3.8149850235508434e-10,20,1.6909576201486137e-11
01011112222,010-1111-2222,not in the log,3.8149850235508434e-10,21,1.613573035282686e-11
01011112222,010-1111-2222,not in the log,3.8149850235508434e-10,22,2.476970015454636e-10
01011112222,010-1111-2222,not in the log,3.8149850235508434e-10,23,-2.2964552321457144e-10
01011112222,010-1111-2222,not in the log,3.8149850235508434e-10,24,-1.2723427404072115e-10
01011112222,010-1111-2222,not in the log,3.8149850235508434e-10,25,-4.9214032309122415e-11
01011112222,010-1111-2222,not in the log,3.8149850235508434e-10,26,3.5077843881244904e-11
01011112222,010-1111-2222,not in the log,3.8149850235508434e-10,27,-6.092101222799486e-11
01011112222,010-1111-2222,not in the log,3.8149850235508434e-10,28,5.0827016135972385e-11
01011112222,010-1111-2222,not in the log,3.8149850235508434e-10,29,4.4917314044809355e-10
01011112222,010-1111-2222,not in the log,3.8149850235508434e-10,30,-1.4151694973041018e-10
01011112222,010-1111-2222,not in the log,3.8149850235508434e-10,31,7.787926682331536e-11
01011112222,010-1111-2222,not in the log,3.8149850235508434e-10,32,-4.694486050265783e-11
01011112222,010-1111-2222,not in the log,3.8149850235508434e-10,33,2.341471869546176e-10
01011112222,010-1111-2222,not in the log,3.8149850235508434e-10,34,-8.541554550478263e-11
01011112222,010-1111-2222,not in the log,3.8149850235508434e-10,35,8.090522583829137e-11
01011112222,010-1111-2222,not in the log,3.8149850235508434e-10,36,-1.757304965954456e-10
01011112222,010-1111-2222,not in the log,3.8149850235508434e-10,37,1.7554815817646876e-10
01011112222,010-1111-2222,not in the log,3.8149850235508434e-10,38,-5.322411969500384e-10
01011112222,010-1111-2222,not in the log,3.8149850235508434e-10,39,-5.358006290903535e-11
01011112222,010-1111-2222,not in the log,3.8149850235508434e-10,40,1.0641988645208284e-10
01011112222,010-1111-2222,not in the log,3.8149850235508434e-10,41,1.1499281461721055e-10
01011112222,010-1111-2222,not in the log,3.8149850235508434e-10,42,-1.1263764534075581e-10
01011112222,010-1111-2222,not in the log,3.8149850235508434e-10,43,1.560299430330693e-11
01011112222,010-1111-2222,not in the log,3.8149850235508434e-10,44,-4.782490778880816e-11
01011112222,010-1111-2222,not in the log,3.8149850235508434e-10,45,-3.6587236667486216e-10
01011112222,010-1111-2222,not in the log,3.8149850235508434e-10,46,5.0712646486388586e-11
01011112222,010-1111-2222,not in the log,3.8149850235508434e-10,47,1.2177752396291513e-10
01011112222,010-1111-2222,not in the log,3.8149850235508434e-10,48,-1.9590748499368472e-10
01011112222,010-1111-2222,not in the log,3.8149850235508434e-10,49,9.767011115846025e-11
01011112222,010-1111-2222,not in the log,3.8149850235508434e-10,50,-3.5233101857533285e-11
01011112222,010-1111-2222,not in the log,3.8149850235508434e-10,51,2.2426197037194424e-11
01011112222,010-1111-2222,not in the log,3.8149850235508434e-10,52,-1.68624969299757e-10
01011112222,010-1111-2222,not in the log,3.8149850235508434e-10,53,2.5570354452655323e-10
01011112222,010-1111-2222,not in the log,3.8149850235508434e-10,54,-1.5923155216487374e-10
01011112222,010-1111-2222,not in the log,3.8149850235508434e-10,55,1.1378318656318814e-11
01011112222,010-1111-2222,not in the log,3.8149850235508434e-10,56,8.006822265462698e-11
01011112222,010-1111-2222,not in the log,3.8149850235508434e-10,57,1.7962683625119432e-10
01011112222,010-1111-2222,not in the log,3.8149850235508434e-10,58,2.1301806079548382e-10
01011112222,010-1111-2222,not in the log,3.8149850235508434e-10,59,-2.8395578694598614e-10
01011112222,010-1111-2222,not in the log,3.8149850235508434e-10,60,9.254410271124579e-12
01011112222,010-1111-2222,not in the log,3.8149850235508434e-10,61,-1.7105140443695682e-10
01011112222,010-1111-2222,not in the log,3.8149850235508434e-10,62,-7.630143259494509e-11
01011112222,010-1111-2222,not in the log,3.8149850235508434e-10,63,5.66351644999355e-11
01011112222,010-1111-2222,not in the log,3.8149850235508434e-10,64,2.0671759071617988e-10
01011112222,010-1111-2222,not in the log,3.8149850235508434e-10,65,-1.2574684523210286e-10
01011112222,010-1111-2222,not in the log,3.8149850235508434e-10,66,3.206672718609447e-12
01011112222,010-1111-2222,not in the log,3.8149850235508434e-10,67,9.76597619517737e-11
01011112222,010-1111-2222,not in the log,3.8149850235508434e-10,68,-1.2025590754072735e-10
01011112222,010-1111-2222,not in the log,3.8149850235508434e-10,69,1.3229270128875194e-10
01011112222,010-1111-2222,not in the log,3.8149850235508434e-10,70,-2.24153815498087e-10
01011112222,010-1111-2222,not in the log,3.8149850235508434e-10,71,-3.7914898107141136e-11
01011112222,010-1111-2222,not in the log,3.8149850235508434e-10,72,7.533090341278261e-11
01011112222,010-1111-2222,not in the log,3.8149850235508434e-10,73,-1.2276469024204791e-10
01011112222,010-1111-2222,not in the log,3.8149850235508434e-10,74,7.231818150663897e-11
01011112222,010-1111-2222,not in the log,3.8149850235508434e-10,75,7.002755400817853e-11
01011112222,010-1111-2222,not in the log,3.8149850235508434e-10,76,-1.3196384277370955e-10
01011112222,010-1111-2222,not in the log,3.8149850235508434e-10,77,8.455245570520964e-11
01011112222,010-1111-2222,not in the log,3.8149850235508434e-10,78,-2.0383242109405786e-11
01011112222,010-1111-2222,not in the log,3.8149850235508434e-10,79,-1.6037681298891072e-10
01011112222,010-1111-2222,not in the log,3.8149850235508434e-10,80,-1.529544159576497e-11
01011112222,010-1111-2222,not in the log,3.8149850235508434e-10,81,-4.412079867787399e-11
01011112222,010-1111-2222,not in the log,3.8149850235508434e-10,82,6.036756926310194e-11
01011112222,010-1111-2222,not in the log,3.8149850235508434e-10,83,9.359177799847762e-11
01011112222,010-1111-2222,not in the log,3.8149850235508434e-10,84,-1.571065023561101e-10
01011112222,010-1111-2222,not in the log,3.8149850235508434e-10,85,7.284984989451148e-12
01011112222,010-1111-2222,not in the log,3.8149850235508434e-10,86,-1.0227034499263374e-10
01011112222,010-1111-2222,not in the log,3.8149850235508434e-10,87,-1.5876204659179865e-11
01011112222,010-1111-2222,not in the log,3.8149850235508434e-10,88,-1.9037781566432357e-11
01011112222,010-1111-2222,not in the log,3.8149850235508434e-10,89,-3.0618722492549884e-12
01011112222,010-1111-2222,not in the log,3.8149850235508434e-10,90,-1.3677793419642487e-11
01011112222,010-1111-2222,not in the log,3.8149850235508434e-10,91,9.231336941300724e-12
01011112222,010-1111-2222,not in the log,3.8149850235508434e-10,92,-9.936948566928937e-11
01011112222,010-1111-2222,not in the log,3.8149850235508434e-10,93,-2.4738589349276187e-10
01011112222,010-1111-2222,not in the log,3.8149850235508434e-10,94,1.3838552040576616e-10
01011112222,010-1111-2222,not in the log,3.8149850235508434e-10,95,2.4577278080177546e-10
01011112222,010-1111-2222,not in the log,3.8149850235508434e-10,96,-2.1335564970370748e-10
01011112222,010-1111-2222,not in the log,3.8149850235508434e-10,97,-7.294328735322352e-11
01011112222,010-1111-2222,not in the log,3.8149850235508434e-10,98,1.6199355865621026e-11
01011112222,010-1111-2222,not in the log,3.8149850235508434e-10,99,-2.136517831846616e-11
01011112222,010-1111-2222,not in the log,3.8149850235508434e-10,100,-3.0530669152848503e-11
01011112222,010-1111-2222,not in the log,3.8149850235508434e-10,101,-1.7442933998006385e-12
01011112222,010-1111-2222,not in the log,3.8149850235508434e-10,102,-7.619380986744941e-11
01011112222,010-1111-2222,not in the log,3.8149850235508434e-10,103,-6.838734816966217e-11
01011112222,010-1111-2222,not in the log,3.8149850235508434e-10,104,-3.0803719240597537e-10
01011112222,010-1111-2222,not in the log,3.8149850235508434e-10,105,5.283714932175089e-11
01011112222,010-1111-2222,not in the log,3.8149850235508434e-10,106,9.764235707620784e-11
01011112222,010-1111-2222,not in the log,3.8149850235508434e-10,107,4.558504566380148e-10
01011112222,010-1111-2222,not in the log,3.8149850235508434e-10,108,3.5541906753985675e-10
01011112222,010-1111-2222,not in the log,3.8149850235508434e-10,109,-1.3359219859747405e-10
01011112222,010-1111-2222,not in the log,3.8149850235508434e-10,110,3.5223027315417595e-11
01011112222,010-1111-2222,not in the log,3.8149850235508434e-10,111,9.316929982474368e-12
01011112222,010-1111-2222,not in the log,3.8149850235508434e-10,112,3.030444172741259e-11
01011112222,010-1111-2222,not in the log,3.8149850235508434e-10,113,3.7807057017806373e-10
01011112222,010-1111-2222,not in the log,3.8149850235508434e-10,114,2.9502215566959706e-11
01011112222,010-1111-2222,not in the log,3.8149850235508434e-10,115,6.063260510822562e-11
01011112222,010-1111-2222,not in the log,3.8149850235508434e-10,116,-1.6553874230286333e-10
01011112222,010-1111-2222,not in the log,3.8149850235508434e-10,117,1.507875659680834e-10
01011112222,010-1111-2222,not in the log,3.8149850235508434e-10,118,-8.429279414892432e-11
01011112222,010-1111-2222,not in the log,3.8149850235508434e-10,119,1.7422235846597832e-10
01011112222,010-1111-2222,not in the log,3.8149850235508434e-10,120,3.7538595635285105e-11
01011112222,010-1111-2222,not in the log,3.8149850235508434e-10,121,-1.0144266561172684e-10
01011112222,010-1111-2222,not in the log,3.8149850235508434e-10,122,9.557877462247816e-11
01011112222,010-1111-2222,not in the log,3.8149850235508434e-10,123,2.206023433223878e-10
01011112222,010-1111-2222,not in the log,3.8149850235508434e-10,124,-3.539196769063332e-11
01011112222,010-1111-2222,not in the log,3.8149850235508434e-10,125,-6.683396863507181e-11
01011112222,010-1111-2222,not in the log,3.8149850235508434e-10,126,1.191431765147099e-10
01011112222,010-1111-2222,not in the log,3.8149850235508434e-10,127,6.338390457069505e-11
01011112222,010-1111-2222,not in the log,3.8149850235508434e-10,128,2.685623400235925e-10
01011112222,010-1111-2222,not in the log,3.8149850235508434e-10,129,1.8064898406288876e-10
01011112222,010-1111-2222,not in the log,3.8149850235508434e-10,130,8.720181382751469e-11
01011112222,010-1111-2222,not in the log,3.8149850235508434e-10,131,-1.0660233277905416e-10
01011112222,010-1111-2222,not in the log,3.8149850235508434e-10,132,-2.3903624627471442e-11
01011112222,010-1111-2222,not in the log,3.8149850235508434e-10,133,-6.291230153966908e-11
01011112222,010-1111-2222,not in the log,3.8149850235508434e-10,134,5.773231204655503e-11
01011112222,010-1111-2222,not in the log,3.8149850235508434e-10,135,-8.534546569810723e-11
01011112222,010-1111-2222,not in the log,3.8149850235508434e-10,136,-3.303278485423834e-11
01011112222,010-1111-2222,not in the log,3.8149850235508434e-10,137,-1.9256332521547757e-11
01011112222,010-1111-2222,not in the log,3.8149850235508434e-10,138,-2.2886897361777276e-10
01011112222,010-1111-2222,not in the log,3.8149850235508434e-10,139,-3.349976274505815e-11
01011112222,010-1111-2222,not in the log,3.8149850235508434e-10,140,-1.6210296252239005e-10
01011112222,010-1111-2222,not in the log,3.8149850235508434e-10,141,1.112293537100029e-10
01011112222,010-1111-2222,not in the log,3.8149850235508434e-10,142,3.210303905884813e-10
01011112222,010-1111-2222,not in the log,3.8149850235508434e-10,143,-1.2836522427300246e-10
01011112222,010-1111-2222,not in the log,3.8149850235508434e-10,144,-7.98802990516608e-11
01011112222,010-1111-2222,not in the log,3.8149850235508434e-10,145,-1.2931434264702675e-10
01011112222,010-1111-2222,not in the log,3.8149850235508434e-10,146,3.844447049120139e-11
01011112222,010-1111-2222,not in the log,3.8149850235508434e-10,147,-6.865164467827778e-12
01011112222,010-1111-2222,not in the log,3.8149850235508434e-10,148,-1.507259973589256e-10
01011112222,010-1111-2222,not in the log,3.8149850235508434e-10,149,1.0204203154669156e-11
01011112222,010-1111-2222,not in the log,3.8149850235508434e-10,150,-3.4848062237548507e-10
01011112222,010-1111-2222,not in the log,3.8149850235508434e-10,151,9.251705509668668e-12
01011112222,010-1111-2222,not in the log,3.8149850235508434e-10,152,3.314130040205455e-11
01011112222,010-1111-2222,not in the log,3.8149850235508434e-10,153,4.859450053513462e-11
01011112222,010-1111-2222,not in the log,3.8149850235508434e-10,154,-5.873799444478772e-11
01011112222,010-1111-2222,not in the log,3.8149850235508434e-10,155,-3.409433485136907e-11
01011112222,010-1111-2222,not in the log,3.8149850235508434e-10,156,2.374991451976068e-12
01011112222,010-1111-2222,not in the log,3.8149850235508434e-10,157,-1.1906926276087731e-10
01011112222,010-1111-2222,not in the log,3.8149850235508434e-10,158,9.275367390966258e-12
01011112222,010-1111-2222,not in the log,3.8149850235508434e-10,159,-7.706694449525107e-11
01011112222,010-1111-2222,not in the log,3.8149850235508434e-10,160,3.119048873585703e-11
01011112222,010-1111-2222,not in the log,3.8149850235508434e-10,161,6.974122573884175e-11
01011112222,010-1111-2222,not in the log,3.8149850235508434e-10,162,-8.334818294117238e-14
01011112222,010-1111-2222,not in the log,3.8149850235508434e-10,163,1.1832326110564032e-10
01011112222,010-1111-2222,not in the log,3.8149850235508434e-10,164,5.4541985807972447e-11
01011112222,010-1111-2222,not in the log,3.8149850235508434e-10,165,-2.84001875882114e-11
01011112222,010-1111-2222,not in the log,3.8149850235508434e-10,166,-1.8976897525123757e-10
01011112222,010-1111-2222,not in the log,3.8149850235508434e-10,167,-1.410896944417867e-10
01011112222,010-1111-2222,not in the log,3.8149850235508434e-10,168,-1.6724926836467817e-10
01011112222,010-1111-2222,not in the log,3.8149850235508434e-10,169,2.6305647777055243e-11
01011112222,010-1111-2222,not in the log,3.8149850235508434e-10,170,-2.2314143945820897e-11
01011112222,010-1111-2222,not in the log,3.8149850235508434e-10,171,1.0236355717935647e-10
01011112222,010-1111-2222,not in the log,3.8149850235508434e-10,172,-1.510472625596278e-10
01011112222,010-1111-2222,not in the log,3.8149850235508434e-10,173,-6.247691865568644e-11
01011112222,010-1111-2222,not in the log,3.8149850235508434e-10,174,-1.5622620219037247e-10
01011112222,010-1111-2222,not in the log,3.8149850235508434e-10,175,-2.8425872871692824e-11
01011112222,010-1111-2222,not in the log,3.8149850235508434e-10,176,1.611465031194266e-10
01011112222,010-1111-2222,not in the log,3.8149850235508434e-10,177,-1.7883452520119e-10
01011112222,010-1111-2222,not in the log,3.8149850235508434e-10,178,2.952922362932529e-10
01011112222,010-1111-2222,not in the log,3.8149850235508434e-10,179,-1.994113497795678e-10
01011112222,010-1111-2222,not in the log,3.8149850235508434e-10,180,-2.7552134923231018e-11
01011112222,010-1111-2222,not in the log,3.8149850235508434e-10,181,8.017907396397432e-11
01011112222,010-1111-2222,not in the log,3.8149850235508434e-10,182,1.2778936998524105e-10
01011112222,010-1111-2222,not in the log,3.8149850235508434e-10,183,-7.041687584378165e-11
01011112222,010-1111-2222,not in the log,3.8149850235508434e-10,184,-7.236077279967471e-11
01011112222,010-1111-2222,not in the log,3.8149850235508434e-10,185,6.587794722599393e-11
01011112222,010-1111-2222,not in the log,3.8149850235508434e-10,186,2.0059537121170696e-10
01011112222,010-1111-2222,not in the log,3.8149850235508434e-10,187,4.322475401357709e-10
01011112222,010-1111-2222,not in the log,3.8149850235508434e-10,188,-2.4757900554281143e-10
01011112222,010-1111-2222,not in the log,3.8149850235508434e-10,189,2.571828000352396e-10
01011112222,010-1111-2222,not in the log,3.8149850235508434e-10,190,5.4698868548321505e-11
01011112222,010-1111-2222,not in the log,3.8149850235508434e-10,191,1.1507222738699315e-10
01011112222,010-1111-2222,not in the log,3.8149850235508434e-10,192,6.432352008887996e-11
01011112222,010-1111-2222,not in the log,3.8149850235508434e-10,193,-2.0215034078533376e-11
01011112222,010-1111-2222,not in the log,3.8149850235508434e-10,194,8.98281262489566e-11
01011112222,010-1111-2222,not in the log,3.8149850235508434e-10,195,1.9329199529709893e-10
01011112222,010-1111-2222,not in the log,3.8149850235508434e-10,196,-5.3025418508255364e-11
01011112222,010-1111-2222,not in the log,3.8149850235508434e-10,197,-1.555473447850468e-11
01011112222,010-1111-2222,not in the log,3.8149850235508434e-10,198,1.1366865672784409e-10
01011112222,010-1111-2222,not in the log,3.8149850235508434e-10,199,-6.048912081608269e-12
01011112222,010-1111-2222,not in the log,3.8149850235508434e-10,200,1.133088761985944e-11
01011112222,010-1111-2222,not in the log,3.8149850235508434e-10,201,-1.1926774216044638e-10
01011112222,010-1111-2222,not in the log,3.8149850235508434e-10,202,-3.104343329793469e-11
01011112222,010-1111-2222,not in the log,3.8149850235508434e-10,203,-1.4535676984560061e-11
