radius,slot,step_input,he_output,dist_km
0.5,1,-9.262847020544438e-06,2.281817313884801e-10,2.7382851644765065
0.5,3,-9.409187860850463e-06,4.584141990638504e-10,2.759115399815683
0.5,5,-0.002431327011137954,-5.077992300372708e-10,43.62075991901769
0.5,7,-0.002293514761654408,-1.3554073958645233e-09,42.366640135419495
0.5,9,-0.002430568474624912,2.214274648906827e-11,43.61395578035329
0.5,11,-0.0021345817243434958,2.221051442471638e-10,40.87256557694776
0.5,13,-9.242276464098987e-06,3.487580255908508e-10,2.7353444243328706
0.5,16,-2.6134609378063764e-05,2.9428337368535666e-10,4.549770369051294
0.5,19,-9.237884504284165e-06,-5.771099255822177e-10,2.734716145776295
0.5,21,-9.801820176410977e-06,-1.881316226357139e-10,2.814241239990112
0.5,23,-0.00023646888822190395,-4.1542298691649555e-10,13.612039375818723
0.5,25,-0.00012030950821180858,-1.3818606674215865e-10,9.715582940922562
0.5,27,-9.215261219947632e-06,-3.663580316731015e-10,2.7314775506967157
0.5,29,-2.011562095137199e-05,8.517067959640497e-10,3.9988165588507316
0.5,31,-2.011562095137199e-05,3.1511482329361475e-10,3.9988165588507316
0.5,34,-1.967972842498781e-05,-1.6571658188141335e-10,3.9559381515574787
0.5,36,-9.238234657449485e-06,-5.292443924583868e-10,2.7347662411756772
0.5,38,-9.229771280677721e-06,5.173763406579351e-10,2.7335551532949536
0.5,40,-0.00014200111034625007,-7.481409896457993e-10,10.553023062950583
0.5,42,-0.0024308116556567947,1.95667581603435e-10,43.616137251012674
0.5,44,-0.0024275396972494086,-3.2615867820691185e-11,43.58677679535813
0.5,46,-0.0024308116556567947,1.2655789535189448e-10,43.616137251012674
0.5,48,-0.0024275396972494086,3.1184323332704036e-10,43.58677679535813
0.5,50,-7.97890902750951e-06,3.6458109098885424e-10,2.5482386666733046
0.5,53,-7.974050620766771e-06,5.490068327633653e-10,2.547492607338856
0.5,56,-7.974050620766771e-06,3.3405203629280437e-10,2.547492607338856
0.5,59,-7.974050620766771e-06,5.595166946729748e-10,2.547492607338856
0.5,62,-9.374202324700515e-06,-4.766231224859613e-10,2.754149869248217
0.5,65,-9.317926194639303e-06,-4.769962253764196e-11,2.74614370733123
0.5,68,-9.317926194639303e-06,-2.1736077414960343e-10,2.74614370733123
0.5,71,-1.0645008400353176e-05,2.6337706763492163e-10,2.929121212430598
0.5,74,-3.106807035070977e-05,-2.687006984545239e-10,4.955891287595548
0.5,77,-9.30124545804571e-06,-1.0803824003924869e-10,2.7437661224638648
0.5,80,-0.0002537707425225854,-2.5365135982870957e-10,14.100580448212929
0.5,82,-0.0002528904481767868,-1.6519209034687956e-10,14.076133560192018
0.5,84,-2.467284365104537e-05,2.6954724199453023e-10,4.422281575720752
0.5,86,3.1948759037963085e-07,0.9999999998136737,0.0
0.5,88,-2.6127935098061604e-05,-7.474953911526621e-11,4.549196386937969
0.5,91,-6.218873934804993e-05,-3.203709190436241e-10,6.993774053260166
0.5,94,-6.206916647404864e-05,3.8739097737498075e-10,6.987081606411762
0.5,97,-9.294849632137443e-06,3.204987801140186e-10,2.74285394831339
0.5,100,-6.296998414981032e-06,4.072089230816611e-10,2.275394513358442
0.5,102,-8.495951665862531e-06,-3.4372270203808277e-10,2.6264248935216594
0.5,104,-8.495951665862531e-06,-2.2279106574061373e-10,2.6264248935216594
0.5,107,-8.64169517822121e-06,1.0270325320323954e-09,2.648046913841133
0.5,110,-9.242276464098987e-06,1.6119066914285755e-09,2.7353444243328706
0.5,112,-9.698172681106386e-06,-5.064571458596095e-10,2.799794506775949
0.5,114,-0.0024369838900641294,2.482136914601232e-10,43.6714691838907
0.5,116,-0.002218898252923039,1.3258089338757929e-11,41.67186765612977
0.5,118,-2.6165932145840436e-05,3.1143217457656624e-10,4.552463132311251
0.5,121,-9.251571067399091e-06,5.579042750631484e-10,2.7366735601374064
0.5,123,-2.9069404176625124e-05,1.3317955459918882e-09,4.795507915156257
0.5,125,-0.001185851078045887,1.5743519194796056e-11,30.46608005289624
0.5,128,-0.000521082683239483,-3.677930179207706e-10,20.198979336868078
0.5,130,-0.00012058769291334915,-8.538757758990582e-10,9.726779130177333
0.5,132,-9.249128217226083e-06,-5.383556563728834e-10,2.736324293125803
0.5,134,-9.314775658173376e-06,2.6700851015016975e-12,2.7456948040629627
0.5,135,-2.595769401132906e-05,4.166626304544116e-10,4.5345312442123005
0.5,137,-2.595769401132906e-05,2.6253464427298557e-10,4.5345312442123005
0.5,140,-2.5892849541399507e-05,1.7696624793410036e-09,4.528932833688872
0.5,142,-9.26123621994589e-06,-4.3466358928758614e-10,2.738055000485007
0.5,145,-9.26123621994589e-06,2.82124916716948e-10,2.738055000485007
0.5,147,-9.424539100099209e-06,-3.655978384439787e-11,2.761291397220719
0.5,149,-0.0003746473341098907,-3.6202422428806463e-10,17.129292609582922
0.5,151,-0.00024035972563819102,-5.2005242229729844e-11,13.723418231065708
0.5,152,-9.38105514353304e-06,2.1212445375517e-10,2.7551232011689013
0.5,154,-9.38105514353304e-06,7.348895045702612e-10,2.7551232011689013
0.5,156,-9.38105514353304e-06,5.934855197127738e-10,2.7551232011689013
0.5,158,3.191566651253446e-07,0.9999999994765207,0.016091923638702973
0.5,160,-9.38105514353304e-06,3.5332554681090336e-10,2.7551232011689013
0.5,162,3.191566651253446e-07,0.9999999998106475,0.016091923638702973
0.5,164,-0.0024303381865756735,6.816351619815205e-10,43.61188986640833
0.5,166,-0.002431181269719237,-2.9970303132448135e-13,43.61945268815586
0.5,169,-0.002431181269719237,5.707234524561106e-11,43.61945268815586
0.5,171,-0.0024245867930933855,6.847371989379414e-10,43.560262338839074
0.5,173,-0.002431181269719237,2.085624927096167e-10,43.61945268815586
0.5,175,-0.0024245867930933855,2.0267142413465886e-10,43.560262338839074
0.5,177,-0.002431181269719237,5.637414862795216e-10,43.61945268815586
0.5,179,-0.0024245867930933855,-5.554628897007845e-12,43.560262338839074
0.5,181,-9.374202324700515e-06,-7.109429064251618e-11,2.754149869248217
0.5,184,-9.374202324700515e-06,8.197549282064143e-11,2.754149869248217
0.5,186,-9.374202324700515e-06,2.0463611212209331e-10,2.754149869248217
0.5,189,-9.20680721817587e-06,-8.654504768922576e-10,2.7302663474754754
0.5,191,-9.196763306992941e-06,-1.7029893244594413e-11,2.728826659474686
0.5,192,-9.30412580698887e-06,9.790432869476356e-11,2.7441768194648244
0.5,194,-9.31181799449131e-06,4.681004075406589e-10,2.745273315415976
0.5,195,-3.06684827220783e-05,-7.364198013516582e-10,4.924244097698194
0.5,197,-3.0682355780176494e-05,-2.2318832772272916e-10,4.925346246040596
0.5,199,-9.352721280678526e-06,-4.66496947491466e-10,2.7510966033112645
0.5,201,-9.351920815429535e-06,1.412557062882335e-10,2.750982761539387
0.5,203,-9.352721280678526e-06,1.5190372943629314e-10,2.7510966033112645
0.5,205,-9.351920815429535e-06,-8.275379446882649e-11,2.750982761539387
0.5,207,-8.262918504258336e-08,9.87227939640782e-10,0.5609434781842924
0.5,209,2.8697064196471195e-07,0.9999999997485617,0.1595136667991456
0.5,211,-0.002434008806211655,-4.1067863655847325e-10,43.644807350021274
0.5,213,-0.0024340149138305954,-5.572936469957016e-11,43.644862101404954
0.5,215,-9.241113694636752e-06,-3.9530739451959886e-10,2.735178101902854
0.5,218,-9.268107218178993e-06,-7.059823992755021e-10,2.7390366486149396
0.5,221,-2.6197493770082567e-05,2.2535286620784023e-10,4.555174819577347
0.5,223,-2.6196414065565816e-05,2.171075266692351e-11,4.5550820810256605
0.5,225,-9.25645119463617e-06,4.4565943552927364e-10,2.737371163907096
0.5,227,-0.00039424345613670633,4.4265130178010603e-10,17.57118919440943
0.5,229,-0.002430805236142645,-7.768529749436192e-11,43.61607966576149
0.5,232,-0.002430805236142645,-3.019015328688451e-10,43.61607966576149
0.5,234,-0.0023638395311463005,-4.852133049988583e-10,43.01117924354588
0.5,236,-0.002430805236142645,-1.683223258873288e-10,43.61607966576149
0.5,238,-0.0023638395311463005,-3.4282475247272143e-10,43.01117924354588
0.5,240,-0.002430805236142645,-9.169872601865805e-11,43.61607966576149
0.5,242,-0.0023638395311463005,-4.788124075847469e-10,43.01117924354588
0.5,244,-0.002430805236142645,-4.2333855296582286e-10,43.61607966576149
0.5,246,-0.0023638395311463005,-7.342760920608236e-10,43.01117924354588
0.5,248,-0.002430805236142645,2.905083088683131e-10,43.61607966576149
0.5,250,-0.0023638395311463005,-4.3795099981804134e-10,43.01117924354588
0.5,252,-0.002430805236142645,-6.728282731394e-11,43.61607966576149
0.5,254,-0.0023638395311463005,1.953005050899194e-11,43.01117924354588
0.5,256,-0.002430805236142645,3.0882134543870534e-11,43.61607966576149
0.5,258,-0.0023638395311463005,-9.708845425050135e-10,43.01117924354588
0.5,260,-0.002430805236142645,8.45458019504228e-11,43.61607966576149
0.5,262,-0.0023638395311463005,-1.0567478173413814e-09,43.01117924354588
0.5,264,-0.002430805236142645,-1.3594618647587573e-10,43.61607966576149
0.5,266,-0.0023638395311463005,-2.956736169235226e-10,43.01117924354588
0.5,268,-0.002430805236142645,5.843117472056089e-10,43.61607966576149
0.5,270,-0.0023638395311463005,-5.114692953420673e-10,43.01117924354588
0.5,272,-0.002430805236142645,-3.527535483211651e-10,43.61607966576149
0.5,274,-0.0023638395311463005,-9.74573109050164e-12,43.01117924354588
0.5,276,-0.002430805236142645,-1.9929851496563284e-10,43.61607966576149
0.5,278,-0.0023638395311463005,-6.081461854567824e-10,43.01117924354588
0.5,280,-0.002430805236142645,1.1383708696550623e-10,43.61607966576149
0.5,282,-0.0023638395311463005,1.4833396260442787e-10,43.01117924354588
0.5,284,-0.002430805236142645,-4.5883380919557013e-10,43.61607966576149
0.5,286,-0.0023638395311463005,-6.499771162075629e-10,43.01117924354588
0.5,288,-0.002430805236142645,1.592391399761424e-10,43.61607966576149
0.5,290,-0.0023638395311463005,-6.694344029865347e-10,43.01117924354588
0.5,292,-0.002430805236142645,-2.540163716206683e-10,43.61607966576149
0.5,294,-0.0023638395311463005,-5.627971814941459e-10,43.01117924354588
0.5,296,-0.002430805236142645,2.599161536863455e-10,43.61607966576149
0.5,298,-0.0023638395311463005,2.5179738614399827e-11,43.01117924354588
0.5,300,-0.002430805236142645,-2.572393911518959e-10,43.61607966576149
0.5,302,-0.0023638395311463005,-4.377163343128736e-10,43.01117924354588
0.5,304,-0.002430805236142645,5.077211818485671e-11,43.61607966576149
0.5,306,-0.0023638395311463005,-3.459150703085436e-10,43.01117924354588
0.5,308,-0.002430805236142645,-1.8514585448821976e-10,43.61607966576149
0.5,310,-0.0023638395311463005,-8.992477656869083e-10,43.01117924354588
0.5,312,-0.002430805236142645,6.788049664071012e-10,43.61607966576149
0.5,314,-0.0023638395311463005,-2.74526012921002e-10,43.01117924354588
0.5,315,-2.4203944995125017e-05,7.909048985283431e-10,4.380600384305171
0.5,317,-2.4203944995125017e-05,3.397242762364718e-10,4.380600384305171
0.5,319,-2.4203944995125017e-05,4.391219952062047e-10,4.380600384305171
0.5,321,-2.4203944995125017e-05,1.5180357914158074e-10,4.380600384305171
0.5,323,-2.4203944995125017e-05,1.0431076620892126e-10,4.380600384305171
0.5,325,-2.4203944995125017e-05,7.611877606449034e-10,4.380600384305171
0.5,327,-2.4203944995125017e-05,6.047830724841051e-10,4.380600384305171
0.5,329,-2.4203944995125017e-05,5.431528340271012e-10,4.380600384305171
0.5,331,-2.4203944995125017e-05,4.18164564675708e-10,4.380600384305171
0.5,333,-2.4203944995125017e-05,2.816295213320749e-10,4.380600384305171
0.5,335,-2.4203944995125017e-05,1.120732965156596e-09,4.380600384305171
0.5,337,-2.4203944995125017e-05,-4.862970629132604e-10,4.380600384305171
0.5,339,-2.4203944995125017e-05,4.5746671713533234e-10,4.380600384305171
0.5,341,-2.4203944995125017e-05,1.3909737110911844e-09,4.380600384305171
0.5,343,-2.4203944995125017e-05,2.4017028401962976e-10,4.380600384305171
0.5,345,-2.4203944995125017e-05,4.147295139139896e-10,4.380600384305171
0.5,347,-2.4203944995125017e-05,5.530355558271663e-10,4.380600384305171
0.5,349,-2.4203944995125017e-05,1.3428203886811584e-10,4.380600384305171
0.5,351,-2.4203944995125017e-05,1.1782451590503492e-09,4.380600384305171
0.5,353,-2.4203944995125017e-05,6.913484748004333e-10,4.380600384305171
0.5,355,-2.4203944995125017e-05,6.009243373763549e-10,4.380600384305171
0.5,356,-2.4203944995125017e-05,3.648283019816388e-10,4.380600384305171
0.5,357,-2.4203944995125017e-05,8.326812896561438e-10,4.380600384305171
0.5,358,-2.4203944995125017e-05,6.560046298028303e-10,4.380600384305171
0.5,359,-2.4203944995125017e-05,4.576805841918726e-10,4.380600384305171
0.5,360,-2.4203944995125017e-05,3.849178483309102e-10,4.380600384305171
0.5,361,-2.4203944995125017e-05,-3.004194069971157e-10,4.380600384305171
0.5,362,-2.4203944995125017e-05,5.288906993955273e-10,4.380600384305171
0.5,363,-2.4203944995125017e-05,2.725768026187583e-10,4.380600384305171
0.5,364,-2.4203944995125017e-05,3.308299597659251e-10,4.380600384305171
0.5,365,-2.4203944995125017e-05,4.225784504539978e-10,4.380600384305171
0.5,366,-2.4203944995125017e-05,2.173086660885163e-10,4.380600384305171
0.5,367,-2.4203944995125017e-05,7.907621556401158e-10,4.380600384305171
0.5,368,-2.4203944995125017e-05,3.919534631554619e-10,4.380600384305171
0.5,369,-2.4203944995125017e-05,6.951901294487136e-10,4.380600384305171
0.5,370,-2.4203944995125017e-05,-1.4916290694168993e-10,4.380600384305171
0.5,371,-2.4203944995125017e-05,-1.562812734000241e-10,4.380600384305171
0.5,372,-2.4203944995125017e-05,-7.177674899073547e-10,4.380600384305171
0.5,373,-2.4203944995125017e-05,6.037830614914656e-10,4.380600384305171
0.5,374,-2.4203944995125017e-05,1.0599368090970416e-09,4.380600384305171
0.5,376,-2.4203944995125017e-05,2.0817997328597632e-10,4.380600384305171
0.5,378,-2.4203944995125017e-05,7.973790620337819e-10,4.380600384305171
0.5,380,-2.4203944995125017e-05,7.278631175387254e-10,4.380600384305171
0.5,382,-2.4203944995125017e-05,6.080847576049888e-10,4.380600384305171
0.5,384,-2.4203944995125017e-05,-6.097829693976731e-10,4.380600384305171
0.5,386,-2.4203944995125017e-05,2.9417410744183263e-10,4.380600384305171
0.5,388,-2.4203944995125017e-05,-8.384686498090554e-11,4.380600384305171
0.5,390,-2.4203944995125017e-05,1.5339285756062126e-10,4.380600384305171
0.5,392,-2.4203944995125017e-05,7.436080781216664e-10,4.380600384305171
0.5,394,-2.4203944995125017e-05,-4.1457156238221235e-11,4.380600384305171
0.5,396,-2.4203944995125017e-05,2.9541292283486945e-10,4.380600384305171
0.5,398,-2.4203944995125017e-05,1.8601675455324796e-10,4.380600384305171
0.5,400,-2.4203944995125017e-05,-5.327566652382194e-10,4.380600384305171
0.5,402,-2.4203944995125017e-05,3.150274194042378e-10,4.380600384305171
0.5,404,-2.4203944995125017e-05,2.832731742585097e-10,4.380600384305171
0.5,406,-2.4203944995125017e-05,7.1058379156361e-10,4.380600384305171
0.5,408,-2.4203944995125017e-05,4.6344545851846904e-10,4.380600384305171
0.5,411,-2.4203944995125017e-05,3.7418809907133616e-10,4.380600384305171
0.5,414,-2.4203944995125017e-05,4.524297091810975e-10,4.380600384305171
0.5,417,-2.4203944995125017e-05,7.071980055599314e-10,4.380600384305171
0.5,420,-2.4203944995125017e-05,-1.1526427426872705e-10,4.380600384305171
0.5,423,-2.4203944995125017e-05,2.9366514494602317e-10,4.380600384305171
0.5,426,-2.4203944995125017e-05,-3.432002594563287e-10,4.380600384305171
0.5,429,-2.4203944995125017e-05,6.937790156128376e-11,4.380600384305171
0.5,432,-2.4203944995125017e-05,1.6992690696437342e-09,4.380600384305171
0.5,435,-2.4203944995125017e-05,-3.1671022901941096e-10,4.380600384305171
0.5,438,-2.4203944995125017e-05,1.080190195254035e-10,4.380600384305171
0.5,441,-2.4203944995125017e-05,3.5382313490862263e-10,4.380600384305171
0.5,444,-2.4203944995125017e-05,-8.709611107442603e-10,4.380600384305171
0.5,447,-2.4203944995125017e-05,-1.8041849687225045e-10,4.380600384305171
0.5,450,-2.4203944995125017e-05,8.832659396007599e-10,4.380600384305171
0.5,453,-2.4203944995125017e-05,-3.564511264481328e-10,4.380600384305171
0.5,456,-2.4203944995125017e-05,5.044782346911725e-10,4.380600384305171
0.5,458,-2.4203944995125017e-05,3.274473750370865e-10,4.380600384305171
0.5,459,-2.4203944995125017e-05,3.269051825366399e-10,4.380600384305171
0.5,460,-2.4203944995125017e-05,3.4423294632615033e-10,4.380600384305171
0.5,461,-2.4203944995125017e-05,6.657734184997458e-10,4.380600384305171
0.5,462,-2.4203944995125017e-05,3.379494672307132e-10,4.380600384305171
0.5,463,-2.4203944995125017e-05,1.0022543971041001e-09,4.380600384305171
0.5,464,-2.4203944995125017e-05,9.811971202303394e-11,4.380600384305171
0.5,465,-2.4203944995125017e-05,-8.527922968529546e-10,4.380600384305171
0.5,466,-2.4203944995125017e-05,4.394402717471905e-10,4.380600384305171
0.5,467,-2.4203944995125017e-05,5.373718104404632e-10,4.380600384305171
0.5,468,-2.4203944995125017e-05,3.9780995061649035e-10,4.380600384305171
0.5,469,-2.4203944995125017e-05,7.134564639764906e-10,4.380600384305171
0.5,470,-2.4203944995125017e-05,1.7900601683529785e-10,4.380600384305171
0.5,471,-2.4203944995125017e-05,2.7528725087623076e-11,4.380600384305171
0.5,472,-2.4203944995125017e-05,2.298488390367982e-10,4.380600384305171
0.5,473,-2.4203944995125017e-05,2.991731705558e-10,4.380600384305171
0.5,475,-2.4203944995125017e-05,1.5783726084442223e-10,4.380600384305171
0.5,477,-2.4203944995125017e-05,5.743393504009073e-10,4.380600384305171
0.5,479,-2.4203944995125017e-05,2.8298732819157005e-10,4.380600384305171
0.5,481,-2.4203944995125017e-05,2.439270129926487e-10,4.380600384305171
0.5,483,-2.4203944995125017e-05,2.3629595917606555e-10,4.380600384305171
0.5,485,-2.4203944995125017e-05,5.613313748637646e-10,4.380600384305171
0.5,487,-2.4203944995125017e-05,7.152911248036716e-10,4.380600384305171
0.5,489,-2.4203944995125017e-05,6.564478984234232e-10,4.380600384305171
0.5,491,-2.4203944995125017e-05,3.3289392940851727e-10,4.380600384305171
0.5,493,-2.4203944995125017e-05,4.196802914167813e-10,4.380600384305171
0.5,495,-2.4203944995125017e-05,7.443371217719972e-10,4.380600384305171
0.5,497,-2.4203944995125017e-05,5.904737689107046e-10,4.380600384305171
0.5,499,-2.4203944995125017e-05,-1.9257742635718015e-10,4.380600384305171
0.5,501,-2.4203944995125017e-05,4.796772799963807e-10,4.380600384305171
0.5,502,-2.4203944995125017e-05,6.699092007598075e-10,4.380600384305171
0.5,503,-2.4203944995125017e-05,5.262828977868309e-10,4.380600384305171
0.5,504,-2.4203944995125017e-05,9.719513238345711e-10,4.380600384305171
0.5,505,-2.4203944995125017e-05,5.397151408507034e-10,4.380600384305171
0.5,506,-2.4203944995125017e-05,7.112399993347444e-10,4.380600384305171
0.5,507,-2.4203944995125017e-05,3.966129984750589e-10,4.380600384305171
0.5,508,-2.4203944995125017e-05,3.8129924979008936e-10,4.380600384305171
0.5,509,-2.4203944995125017e-05,5.501553685397644e-10,4.380600384305171
0.5,510,-2.4203944995125017e-05,-3.2196105797975286e-10,4.380600384305171
0.5,511,-2.4203944995125017e-05,7.727003392676245e-10,4.380600384305171
0.5,512,-2.4203944995125017e-05,-1.537780593318587e-10,4.380600384305171
0.5,513,-2.4203944995125017e-05,-1.9935890767219793e-11,4.380600384305171
0.5,514,-2.4203944995125017e-05,1.145137896845999e-09,4.380600384305171
0.5,515,-2.4203944995125017e-05,4.451608499178121e-10,4.380600384305171
0.5,516,-2.4203944995125017e-05,1.0211363270398472e-09,4.380600384305171
0.5,517,-2.4203944995125017e-05,1.0806681513175609e-10,4.380600384305171
0.5,518,-2.4203944995125017e-05,3.4454230966082564e-10,4.380600384305171
0.5,519,-2.4203944995125017e-05,4.181741973658293e-10,4.380600384305171
0.5,520,-2.4203944995125017e-05,4.0898569300440325e-10,4.380600384305171
0.5,521,-2.4203944995125017e-05,4.927306632561575e-10,4.380600384305171
0.5,522,-2.4203944995125017e-05,-2.2651644037914188e-10,4.380600384305171
0.5,523,-2.4203944995125017e-05,1.071564836345977e-10,4.380600384305171
0.5,524,-2.4203944995125017e-05,2.9182519519198315e-10,4.380600384305171
0.5,525,-2.4203944995125017e-05,-1.9675568084153673e-10,4.380600384305171
0.5,526,-2.4203944995125017e-05,4.732887611084535e-10,4.380600384305171
0.5,527,-2.4203944995125017e-05,2.5385511334860173e-10,4.380600384305171
0.5,528,-2.4203944995125017e-05,6.712972101451528e-10,4.380600384305171
0.5,529,-2.4203944995125017e-05,-8.497345233056277e-10,4.380600384305171
0.5,530,-2.4203944995125017e-05,8.501268711875218e-10,4.380600384305171
0.5,531,-2.4203944995125017e-05,8.27540234005488e-10,4.380600384305171
0.5,532,-2.4203944995125017e-05,7.864423529655618e-10,4.380600384305171
0.5,533,-2.4203944995125017e-05,2.174019408216621e-09,4.380600384305171
0.5,534,-2.4203944995125017e-05,4.0360203015263657e-10,4.380600384305171
0.5,535,-2.4203944995125017e-05,5.85844542386622e-10,4.380600384305171
0.5,537,-2.4203944995125017e-05,8.340090259596263e-10,4.380600384305171
0.5,539,-2.4203944995125017e-05,6.360665884531537e-10,4.380600384305171
0.5,541,-2.4203944995125017e-05,7.574661634214026e-10,4.380600384305171
0.5,543,-2.4203944995125017e-05,1.3762040521420303e-10,4.380600384305171
0.5,545,-2.4203944995125017e-05,1.0143266617921242e-09,4.380600384305171
0.5,547,-2.4203944995125017e-05,2.0143052186149494e-10,4.380600384305171
0.5,549,-2.4203944995125017e-05,3.177568773865963e-10,4.380600384305171
0.5,551,-2.4203944995125017e-05,8.988730446555719e-13,4.380600384305171
0.5,553,-2.4203944995125017e-05,5.569186131755132e-10,4.380600384305171
0.5,555,-2.4203944995125017e-05,6.958995463329385e-11,4.380600384305171
0.5,557,-2.4203944995125017e-05,5.75744683602819e-10,4.380600384305171
0.5,559,-2.4203944995125017e-05,4.972364075154507e-10,4.380600384305171
0.5,561,-2.4203944995125017e-05,3.9565224243927655e-10,4.380600384305171
0.5,563,-2.4203944995125017e-05,6.299303292020734e-10,4.380600384305171
0.5,565,-2.4203944995125017e-05,4.1157743754431687e-10,4.380600384305171
0.5,567,-2.4203944995125017e-05,2.495198916631566e-10,4.380600384305171
0.5,569,-2.4203944995125017e-05,9.611656067206387e-10,4.380600384305171
0.5,570,-2.4203944995125017e-05,1.7194744785284735e-10,4.380600384305171
0.5,571,-2.4203944995125017e-05,1.512512761736374e-10,4.380600384305171
0.5,572,-2.4203944995125017e-05,2.096682297336684e-10,4.380600384305171
0.5,573,-2.4203944995125017e-05,-1.9528244662818887e-10,4.380600384305171
0.5,574,-2.4203944995125017e-05,3.64328884269769e-10,4.380600384305171
0.5,575,-2.4203944995125017e-05,6.115567343578957e-10,4.380600384305171
0.5,576,-2.4203944995125017e-05,7.506404294029214e-10,4.380600384305171
0.5,577,-2.4203944995125017e-05,3.419965192893745e-10,4.380600384305171
0.5,578,-2.4203944995125017e-05,4.111458279504274e-10,4.380600384305171
0.5,579,-2.4203944995125017e-05,6.014688082023079e-10,4.380600384305171
0.5,580,-2.4203944995125017e-05,4.290818998150107e-10,4.380600384305171
0.5,581,-2.4203944995125017e-05,7.787366532132885e-10,4.380600384305171
0.5,582,-2.4203944995125017e-05,4.88388268838271e-10,4.380600384305171
0.5,584,-2.4203944995125017e-05,3.331376316576364e-10,4.380600384305171
0.5,586,-2.4203944995125017e-05,1.9945592027625382e-10,4.380600384305171
0.5,588,-2.4203944995125017e-05,2.526505797405741e-10,4.380600384305171
0.5,590,-2.4203944995125017e-05,1.231831754374417e-09,4.380600384305171
0.5,592,-2.4203944995125017e-05,-5.692441422780111e-10,4.380600384305171
0.5,594,-2.420668592237094e-05,-5.017711469874375e-10,4.380845182243382
0.5,595,-2.4203944995125017e-05,7.06996264165043e-10,4.380600384305171
0.5,597,-2.420668592237094e-05,4.231224049238909e-10,4.380845182243382
0.5,598,-2.4203944995125017e-05,1.8358461529507384e-10,4.380600384305171
0.5,600,-2.420668592237094e-05,1.5992948394234148e-10,4.380845182243382
0.5,601,-2.4203944995125017e-05,4.002423690851417e-10,4.380600384305171
0.5,603,-2.420668592237094e-05,7.198327072549754e-10,4.380845182243382
0.5,604,-2.4203944995125017e-05,-1.6789487364254758e-10,4.380600384305171
0.5,605,-2.4203944995125017e-05,8.331315696194466e-10,4.380600384305171
0.5,606,-2.4203944995125017e-05,-3.5357944066543167e-10,4.380600384305171
0.5,607,-2.4203944995125017e-05,2.243931794365404e-10,4.380600384305171
0.5,609,-2.4203944995125017e-05,8.761180877978345e-10,4.380600384305171
0.5,611,-2.421217369892382e-05,2.8320748504079346e-10,4.3813352659248155
0.5,0,-0.4326774890606868,-2.6973804020244154e-10,581.8691313510984
1.0,1,-8.304384249405544e-06,-9.311591200874977e-10,2.7382851644765065
1.0,3,-8.450725089711569e-06,6.629447577342679e-10,2.759115399815683
1.0,5,-0.0024303685483668147,8.266365180732121e-10,43.62075991901769
1.0,7,-0.0022925562988832687,3.3938480943312635e-10,42.366640135419495
1.0,9,-0.0024296100118537728,1.2133470061869764e-09,43.61395578035329
1.0,11,-0.0021336232615723565,-6.06731600878041e-10,40.87256557694776
1.0,13,-8.283813692960093e-06,-7.29729714351746e-10,2.7353444243328706
1.0,16,-2.517614660692487e-05,2.2326894009553342e-10,4.549770369051294
1.0,19,-8.279421733145271e-06,2.4822019629742683e-10,2.734716145776295
1.0,21,-8.843357405272083e-06,-1.0611814370481051e-09,2.814241239990112
1.0,23,-0.00023551042545076503,5.632558604544321e-10,13.612039375818723
1.0,25,-0.00011935104544066969,-1.9732097781065637e-10,9.715582940922562
1.0,27,-8.256798448808738e-06,3.888658412430953e-11,2.7314775506967157
1.0,29,-1.9157158180233095e-05,1.0621200792194674e-09,3.9988165588507316
1.0,31,-1.9157158180233095e-05,9.172043230070376e-10,3.9988165588507316
1.0,34,-1.8721265653848917e-05,4.065127373132521e-10,3.9559381515574787
1.0,36,-8.27977188631059e-06,-3.9202994056032303e-10,2.7347662411756772
1.0,38,-8.271308509538827e-06,-7.292601466568232e-10,2.7335551532949536
1.0,40,-0.00014104264757511115,-3.097732673428792e-11,10.553023062950583
1.0,42,-0.0024298531928856554,-4.636097794209639e-11,43.616137251012674
1.0,44,-0.0024265812344782694,-5.621293503368801e-10,43.58677679535813
1.0,46,-0.0024298531928856554,5.20304775966818e-10,43.616137251012674
1.0,48,-0.0024265812344782694,9.129078162071225e-11,43.58677679535813
1.0,50,-7.0204462563706165e-06,-1.5970791302155027e-10,2.5482386666733046
1.0,53,-7.015587849627878e-06,1.624310384451268e-10,2.547492607338856
1.0,56,-7.015587849627878e-06,5.657295894297807e-10,2.547492607338856
1.0,59,-7.015587849627878e-06,-3.148056752197832e-11,2.547492607338856
1.0,62,-8.415739553561621e-06,5.224444388957325e-10,2.754149869248217
1.0,65,-8.35946342350041e-06,-2.148293543471772e-10,2.74614370733123
1.0,68,-8.35946342350041e-06,-5.054603629778605e-10,2.74614370733123
1.0,71,-9.686545629214282e-06,4.5917180773375236e-11,2.929121212430598
1.0,74,-3.010960757957088e-05,-6.177345687342833e-10,4.955891287595548
1.0,77,-8.342782686906817e-06,-4.142519948780952e-10,2.7437661224638648
1.0,80,-0.0002528122797514465,-8.011645802134931e-10,14.100580448212929
1.0,82,-0.00025193198540564786,7.362535514633411e-11,14.076133560192018
1.0,84,-2.3714380879906475e-05,-6.44055620040328e-10,4.422281575720752
1.0,86,1.2779503615185234e-06,0.9999999998911135,0.0
1.0,88,-2.516947232692271e-05,-9.093127731855926e-10,4.549196386937969
1.0,91,-6.123027657691104e-05,-7.548288275555356e-10,6.993774053260166
1.0,94,-6.111070370290975e-05,9.65637132094672e-11,6.987081606411762
1.0,97,-8.336386860998549e-06,3.350398428881844e-10,2.74285394831339
1.0,100,-5.33853564384214e-06,2.545652284986126e-10,2.275394513358442
1.0,102,-7.537488894723638e-06,3.04410872921851e-10,2.6264248935216594
1.0,104,-7.537488894723638e-06,-2.7719148781768e-10,2.6264248935216594
1.0,107,-7.683232407082315e-06,-1.2602242514538933e-09,2.648046913841133
1.0,110,-8.283813692960093e-06,-2.0865601493908757e-09,2.7353444243328706
1.0,112,-8.739709909967492e-06,-1.5814207401521064e-10,2.799794506775949
1.0,114,-0.00243602542729299,-4.209750576325988e-10,43.6714691838907
1.0,116,-0.0022179397901518996,-4.0696497061821977e-10,41.67186765612977
1.0,118,-2.5207469374701542e-05,4.912174862825081e-10,4.552463132311251
1.0,121,-8.293108296260197e-06,3.241035486620028e-10,2.7366735601374064
1.0,123,-2.811094140548623e-05,-5.873421256309671e-10,4.795507915156257
1.0,125,-0.0011848926152747481,-1.5722231247693832e-11,30.46608005289624
1.0,128,-0.0005201242204683442,7.356290710017878e-10,20.198979336868078
1.0,130,-0.00011962923014221026,5.737961912500326e-10,9.726779130177333
1.0,132,-8.290665446087189e-06,4.1111556967105626e-11,2.736324293125803
1.0,134,-8.356312887034482e-06,-1.0812464562688514e-10,2.7456948040629627
1.0,135,-2.4999231240190166e-05,-4.708905142066733e-10,4.5345312442123005
1.0,137,-2.4999231240190166e-05,2.270538016985566e-11,4.5345312442123005
1.0,140,-2.4934386770260613e-05,-3.601540606193642e-10,4.528932833688872
1.0,142,-8.302773448806996e-06,1.995238166127652e-10,2.738055000485007
1.0,145,-8.302773448806996e-06,2.2828835524271476e-10,2.738055000485007
1.0,147,-8.466076328960315e-06,2.9357131523394717e-10,2.761291397220719
1.0,149,-0.0003736888713387518,1.182566718838616e-10,17.129292609582922
1.0,151,-0.0002394012628670521,-1.9072201586093105e-10,13.723418231065708
1.0,152,-8.422592372394147e-06,-2.1896138545169723e-11,2.7551232011689013
1.0,154,-8.422592372394147e-06,-5.36559965791478e-10,2.7551232011689013
1.0,156,-8.422592372394147e-06,-3.4051350197013554e-11,2.7551232011689013
1.0,158,1.2776194362642373e-06,0.9999999999280305,0.016091923638702973
1.0,160,-8.422592372394147e-06,3.37804583984063e-11,2.7551232011689013
1.0,162,1.2776194362642373e-06,0.9999999998757333,0.016091923638702973
1.0,164,-0.0024293797238045343,1.210333504700983e-09,43.61188986640833
1.0,166,-0.002430222806948098,-5.1107402010557724e-11,43.61945268815586
1.0,169,-0.002430222806948098,-5.331624819434697e-10,43.61945268815586
1.0,171,-0.0024236283303222463,1.4401722789830683e-09,43.560262338839074
1.0,173,-0.002430222806948098,-3.519028444046383e-10,43.61945268815586
1.0,175,-0.0024236283303222463,-2.1615715842205733e-10,43.560262338839074
1.0,177,-0.002430222806948098,-2.2172708403656435e-10,43.61945268815586
1.0,179,-0.0024236283303222463,-3.155533098674275e-10,43.560262338839074
1.0,181,-8.415739553561621e-06,5.056778314283345e-10,2.754149869248217
1.0,184,-8.415739553561621e-06,3.2463490355138876e-11,2.754149869248217
1.0,186,-8.415739553561621e-06,1.1350616637711141e-10,2.754149869248217
1.0,189,-8.248344447036977e-06,-9.220714104720674e-10,2.7302663474754754
1.0,191,-8.238300535854048e-06,2.229847669416019e-10,2.728826659474686
1.0,192,-8.345663035849976e-06,-6.36150609416971e-10,2.7441768194648244
1.0,194,-8.353355223352416e-06,9.838014473496419e-10,2.745273315415976
1.0,195,-2.9710019950939408e-05,8.851241166693248e-10,4.924244097698194
1.0,197,-2.9723893009037604e-05,-7.384305373063649e-10,4.925346246040596
1.0,199,-8.394258509539632e-06,-4.418641891875309e-11,2.7510966033112645
1.0,201,-8.393458044290642e-06,-2.3090183055586675e-10,2.750982761539387
1.0,203,-8.394258509539632e-06,-3.98159106509489e-10,2.7510966033112645
1.0,205,-8.393458044290642e-06,-5.178595968792326e-10,2.750982761539387
1.0,207,8.758335860963091e-07,1.0000000011472558,0.5609434781842924
1.0,209,1.2454334131036046e-06,1.0000000013184265,0.1595136667991456
1.0,211,-0.0024330503434405156,2.714679005601182e-10,43.644807350021274
1.0,213,-0.002433056451059456,1.0783740526484243e-10,43.644862101404954
1.0,215,-8.282650923497858e-06,-3.275700970361225e-10,2.735178101902854
1.0,218,-8.3096444470401e-06,-3.060229404899703e-11,2.7390366486149396
1.0,221,-2.5239030998943674e-05,-1.0179441813619851e-10,4.555174819577347
1.0,223,-2.5237951294426922e-05,-2.344431118462679e-10,4.5550820810256605
1.0,225,-8.297988423497276e-06,3.011899507575797e-10,2.737371163907096
1.0,227,-0.0003932849933655674,8.561222867951561e-10,17.57118919440943
1.0,229,-0.0024298467733715056,4.5037074343454185e-10,43.61607966576149
1.0,232,-0.0024298467733715056,9.227740020946127e-11,43.61607966576149
1.0,234,-0.0023628810683751613,9.271762867357588e-11,43.01117924354588
1.0,236,-0.0024298467733715056,1.5086470067615215e-10,43.61607966576149
1.0,238,-0.0023628810683751613,-5.40582770858946e-10,43.01117924354588
1.0,240,-0.0024298467733715056,1.1405184016465131e-10,43.61607966576149
1.0,242,-0.0023628810683751613,-3.737399658651743e-10,43.01117924354588
1.0,244,-0.0024298467733715056,7.630999758221975e-10,43.61607966576149
1.0,246,-0.0023628810683751613,5.019708821116743e-10,43.01117924354588
1.0,248,-0.0024298467733715056,5.012597191484262e-10,43.61607966576149
1.0,250,-0.0023628810683751613,-7.090477880742657e-10,43.01117924354588
1.0,252,-0.0024298467733715056,4.527235334582404e-10,43.61607966576149
1.0,254,-0.0023628810683751613,8.925134804655442e-10,43.01117924354588
1.0,256,-0.0024298467733715056,4.687286146132609e-10,43.61607966576149
1.0,258,-0.0023628810683751613,-8.556903025878009e-10,43.01117924354588
1.0,260,-0.0024298467733715056,3.693024563446854e-10,43.61607966576149
1.0,262,-0.0023628810683751613,-3.849039397939057e-10,43.01117924354588
1.0,264,-0.0024298467733715056,4.215176279218395e-10,43.61607966576149
1.0,266,-0.0023628810683751613,1.1554453919514614e-10,43.01117924354588
1.0,268,-0.0024298467733715056,2.9555999516280893e-10,43.61607966576149
1.0,270,-0.0023628810683751613,6.636656829173418e-10,43.01117924354588
1.0,272,-0.0024298467733715056,7.510345986802896e-10,43.61607966576149
1.0,274,-0.0023628810683751613,-6.825235806045645e-10,43.01117924354588
1.0,276,-0.0024298467733715056,2.822102376314213e-10,43.61607966576149
1.0,278,-0.0023628810683751613,-4.2842007245970293e-10,43.01117924354588
1.0,280,-0.0024298467733715056,6.122981602138852e-10,43.61607966576149
1.0,282,-0.0023628810683751613,-2.0745837775240091e-10,43.01117924354588
1.0,284,-0.0024298467733715056,3.763827540586557e-10,43.61607966576149
1.0,286,-0.0023628810683751613,-1.1838084995986882e-09,43.01117924354588
1.0,288,-0.0024298467733715056,6.77218398285365e-10,43.61607966576149
1.0,290,-0.0023628810683751613,3.6887652812843605e-11,43.01117924354588
1.0,292,-0.0024298467733715056,-5.760330029473266e-10,43.61607966576149
1.0,294,-0.0023628810683751613,-9.77171043390026e-10,43.01117924354588
1.0,296,-0.0024298467733715056,5.912487599688391e-10,43.61607966576149
1.0,298,-0.0023628810683751613,-8.593139466731028e-13,43.01117924354588
1.0,300,-0.0024298467733715056,1.1784454905534026e-10,43.61607966576149
1.0,302,-0.0023628810683751613,-2.331619195458959e-10,43.01117924354588
1.0,304,-0.0024298467733715056,8.899799763793581e-10,43.61607966576149
1.0,306,-0.0023628810683751613,-4.480261298246977e-10,43.01117924354588
1.0,308,-0.0024298467733715056,2.3013033220159575e-10,43.61607966576149
1.0,310,-0.0023628810683751613,4.1339237848614575e-10,43.01117924354588
1.0,312,-0.0024298467733715056,2.490283698391083e-10,43.61607966576149
1.0,314,-0.0023628810683751613,-2.449152394279611e-10,43.01117924354588
1.0,315,-2.3245482223986123e-05,-3.4796796034939416e-10,4.380600384305171
1.0,317,-2.3245482223986123e-05,-5.374429488693146e-10,4.380600384305171
1.0,319,-2.3245482223986123e-05,-2.857409353770034e-10,4.380600384305171
1.0,321,-2.3245482223986123e-05,-4.31059535065958e-10,4.380600384305171
1.0,323,-2.3245482223986123e-05,-8.443487842200741e-11,4.380600384305171
1.0,325,-2.3245482223986123e-05,1.7488308416083154e-10,4.380600384305171
1.0,327,-2.3245482223986123e-05,-1.7190390784228605e-10,4.380600384305171
1.0,329,-2.3245482223986123e-05,-3.1537498214580905e-10,4.380600384305171
1.0,331,-2.3245482223986123e-05,-2.5831587653381446e-10,4.380600384305171
1.0,333,-2.3245482223986123e-05,-7.5214459310269e-11,4.380600384305171
1.0,335,-2.3245482223986123e-05,-4.05451261116525e-10,4.380600384305171
1.0,337,-2.3245482223986123e-05,-3.7604315810478574e-10,4.380600384305171
1.0,339,-2.3245482223986123e-05,-2.6988358504094156e-10,4.380600384305171
1.0,341,-2.3245482223986123e-05,-2.0784374718628723e-10,4.380600384305171
1.0,343,-2.3245482223986123e-05,-1.0019326948148585e-11,4.380600384305171
1.0,345,-2.3245482223986123e-05,-9.536227929195184e-11,4.380600384305171
1.0,347,-2.3245482223986123e-05,-6.178811477663779e-10,4.380600384305171
1.0,349,-2.3245482223986123e-05,-6.687984445797335e-10,4.380600384305171
1.0,351,-2.3245482223986123e-05,-4.955808468444302e-10,4.380600384305171
1.0,353,-2.3245482223986123e-05,-4.051934452660589e-10,4.380600384305171
1.0,355,-2.3245482223986123e-05,-1.1359879547769761e-10,4.380600384305171
1.0,356,-2.3245482223986123e-05,6.933163313266661e-10,4.380600384305171
1.0,357,-2.3245482223986123e-05,5.833257404244072e-11,4.380600384305171
1.0,358,-2.3245482223986123e-05,2.8752394208742805e-10,4.380600384305171
1.0,359,-2.3245482223986123e-05,-4.681173747806938e-10,4.380600384305171
1.0,360,-2.3245482223986123e-05,-5.468274297779638e-10,4.380600384305171
1.0,361,-2.3245482223986123e-05,-9.962657505546267e-10,4.380600384305171
1.0,362,-2.3245482223986123e-05,-2.19238129791458e-10,4.380600384305171
1.0,363,-2.3245482223986123e-05,-2.9383589520873945e-10,4.380600384305171
1.0,364,-2.3245482223986123e-05,-1.541419517168211e-10,4.380600384305171
1.0,365,-2.3245482223986123e-05,-1.2304766644490058e-10,4.380600384305171
1.0,366,-2.3245482223986123e-05,-1.7480945320398057e-10,4.380600384305171
1.0,367,-2.3245482223986123e-05,3.565017645214775e-11,4.380600384305171
1.0,368,-2.3245482223986123e-05,-3.259327363591681e-10,4.380600384305171
1.0,369,-2.3245482223986123e-05,-1.502172282722771e-10,4.380600384305171
1.0,370,-2.3245482223986123e-05,2.0397444856329958e-10,4.380600384305171
1.0,371,-2.3245482223986123e-05,-3.765868350835245e-10,4.380600384305171
1.0,372,-2.3245482223986123e-05,-6.647264230811055e-11,4.380600384305171
1.0,373,-2.3245482223986123e-05,-3.276187024957919e-10,4.380600384305171
1.0,374,-2.3245482223986123e-05,-1.2498757599511787e-10,4.380600384305171
1.0,376,-2.3245482223986123e-05,-2.7818614138028456e-10,4.380600384305171
1.0,378,-2.3245482223986123e-05,-9.355988718456353e-10,4.380600384305171
1.0,380,-2.3245482223986123e-05,5.593469592074494e-10,4.380600384305171
1.0,382,-2.3245482223986123e-05,-1.4482191896472406e-10,4.380600384305171
1.0,384,-2.3245482223986123e-05,-1.912959715723386e-10,4.380600384305171
1.0,386,-2.3245482223986123e-05,-9.730929960128673e-11,4.380600384305171
1.0,388,-2.3245482223986123e-05,-4.614138750241378e-10,4.380600384305171
1.0,390,-2.3245482223986123e-05,-5.216453799051925e-10,4.380600384305171
1.0,392,-2.3245482223986123e-05,-4.896580106770212e-10,4.380600384305171
1.0,394,-2.3245482223986123e-05,-1.0546129483776356e-09,4.380600384305171
1.0,396,-2.3245482223986123e-05,1.1725585490867948e-10,4.380600384305171
1.0,398,-2.3245482223986123e-05,-2.7623290232212054e-10,4.380600384305171
1.0,400,-2.3245482223986123e-05,-1.0290364540036608e-09,4.380600384305171
1.0,402,-2.3245482223986123e-05,-2.521028758283785e-10,4.380600384305171
1.0,404,-2.3245482223986123e-05,-4.362010852496036e-10,4.380600384305171
1.0,406,-2.3245482223986123e-05,-8.947006113374923e-10,4.380600384305171
1.0,408,-2.3245482223986123e-05,-1.9712616341830687e-10,4.380600384305171
1.0,411,-2.3245482223986123e-05,-3.0726217855706927e-10,4.380600384305171
1.0,414,-2.3245482223986123e-05,-7.913412436124362e-10,4.380600384305171
1.0,417,-2.3245482223986123e-05,-1.354284418876945e-09,4.380600384305171
1.0,420,-2.3245482223986123e-05,-1.2335565943102224e-09,4.380600384305171
1.0,423,-2.3245482223986123e-05,-3.6890551669754894e-10,4.380600384305171
1.0,426,-2.3245482223986123e-05,1.538447741371829e-10,4.380600384305171
1.0,429,-2.3245482223986123e-05,-2.2007267849083174e-10,4.380600384305171
1.0,432,-2.3245482223986123e-05,-2.047517362029047e-10,4.380600384305171
1.0,435,-2.3245482223986123e-05,-7.021432939542949e-10,4.380600384305171
1.0,438,-2.3245482223986123e-05,-2.573795816942424e-10,4.380600384305171
1.0,441,-2.3245482223986123e-05,-1.4499110730347688e-10,4.380600384305171
1.0,444,-2.3245482223986123e-05,-2.0397473903985553e-09,4.380600384305171
1.0,447,-2.3245482223986123e-05,-5.026833923816519e-10,4.380600384305171
1.0,450,-2.3245482223986123e-05,-3.3956132935590604e-10,4.380600384305171
1.0,453,-2.3245482223986123e-05,-6.649733924177116e-10,4.380600384305171
1.0,456,-2.3245482223986123e-05,-6.710625972822975e-10,4.380600384305171
1.0,458,-2.3245482223986123e-05,-1.051493866547317e-09,4.380600384305171
1.0,459,-2.3245482223986123e-05,-5.343317074937167e-10,4.380600384305171
1.0,460,-2.3245482223986123e-05,-1.5044328675132758e-10,4.380600384305171
1.0,461,-2.3245482223986123e-05,-8.927277995602361e-10,4.380600384305171
1.0,462,-2.3245482223986123e-05,-2.568359614854516e-10,4.380600384305171
1.0,463,-2.3245482223986123e-05,9.309039962943168e-11,4.380600384305171
1.0,464,-2.3245482223986123e-05,-1.0304487005815547e-10,4.380600384305171
1.0,465,-2.3245482223986123e-05,1.1127283557874711e-09,4.380600384305171
1.0,466,-2.3245482223986123e-05,-2.1252303050661492e-10,4.380600384305171
1.0,467,-2.3245482223986123e-05,-1.3476708467509338e-09,4.380600384305171
1.0,468,-2.3245482223986123e-05,-1.447969802872441e-10,4.380600384305171
1.0,469,-2.3245482223986123e-05,-2.800286525901218e-10,4.380600384305171
1.0,470,-2.3245482223986123e-05,-8.223694009132315e-11,4.380600384305171
1.0,471,-2.3245482223986123e-05,-2.3199333629640973e-10,4.380600384305171
1.0,472,-2.3245482223986123e-05,-1.2572795384229008e-09,4.380600384305171
1.0,473,-2.3245482223986123e-05,2.8532227398515765e-10,4.380600384305171
1.0,475,-2.3245482223986123e-05,-4.4462423746045143e-10,4.380600384305171
1.0,477,-2.3245482223986123e-05,-3.247778497070848e-10,4.380600384305171
1.0,479,-2.3245482223986123e-05,-3.2901852685171154e-10,4.380600384305171
1.0,481,-2.3245482223986123e-05,1.2124370876797587e-10,4.380600384305171
1.0,483,-2.3245482223986123e-05,-2.129612053508447e-10,4.380600384305171
1.0,485,-2.3245482223986123e-05,2.806545938662279e-10,4.380600384305171
1.0,487,-2.3245482223986123e-05,-6.028701454843844e-10,4.380600384305171
1.0,489,-2.3245482223986123e-05,-5.505002017238053e-11,4.380600384305171
1.0,491,-2.3245482223986123e-05,-2.6730869532064484e-10,4.380600384305171
1.0,493,-2.3245482223986123e-05,-2.310773662160653e-10,4.380600384305171
1.0,495,-2.3245482223986123e-05,-4.1062349451058136e-10,4.380600384305171
1.0,497,-2.3245482223986123e-05,-4.3857328447118423e-10,4.380600384305171
1.0,499,-2.3245482223986123e-05,1.094792822089731e-09,4.380600384305171
1.0,501,-2.3245482223986123e-05,-4.370435426871138e-10,4.380600384305171
1.0,502,-2.3245482223986123e-05,-2.6527897580034126e-10,4.380600384305171
1.0,503,-2.3245482223986123e-05,-1.28012723952596e-09,4.380600384305171
1.0,504,-2.3245482223986123e-05,-5.906230293009282e-10,4.380600384305171
1.0,505,-2.3245482223986123e-05,1.8209321009085335e-12,4.380600384305171
1.0,506,-2.3245482223986123e-05,-7.079094631741607e-11,4.380600384305171
1.0,507,-2.3245482223986123e-05,-1.8614584848137616e-10,4.380600384305171
1.0,508,-2.3245482223986123e-05,-7.67740710271633e-11,4.380600384305171
1.0,509,-2.3245482223986123e-05,-1.5617862709701468e-10,4.380600384305171
1.0,510,-2.3245482223986123e-05,3.1195117931174383e-10,4.380600384305171
1.0,511,-2.3245482223986123e-05,5.08158124947436e-10,4.380600384305171
1.0,512,-2.3245482223986123e-05,-1.9988406369316671e-10,4.380600384305171
1.0,513,-2.3245482223986123e-05,-6.685652703367616e-11,4.380600384305171
1.0,514,-2.3245482223986123e-05,-5.473321676623808e-10,4.380600384305171
1.0,515,-2.3245482223986123e-05,-2.9470702216288645e-10,4.380600384305171
1.0,516,-2.3245482223986123e-05,2.122301818393112e-10,4.380600384305171
1.0,517,-2.3245482223986123e-05,-7.064310740418725e-10,4.380600384305171
1.0,518,-2.3245482223986123e-05,-2.1173255285526704e-10,4.380600384305171
1.0,519,-2.3245482223986123e-05,-2.964896954293819e-10,4.380600384305171
1.0,520,-2.3245482223986123e-05,-2.860808032038148e-10,4.380600384305171
1.0,521,-2.3245482223986123e-05,-6.072588940636797e-10,4.380600384305171
1.0,522,-2.3245482223986123e-05,-7.85282658347266e-10,4.380600384305171
1.0,523,-2.3245482223986123e-05,-5.735435978170096e-10,4.380600384305171
1.0,524,-2.3245482223986123e-05,2.2890949405771492e-10,4.380600384305171
1.0,525,-2.3245482223986123e-05,-7.495233063990832e-10,4.380600384305171
1.0,526,-2.3245482223986123e-05,-1.8155458435688358e-10,4.380600384305171
1.0,527,-2.3245482223986123e-05,-6.627179370240476e-10,4.380600384305171
1.0,528,-2.3245482223986123e-05,-3.9237441935067946e-10,4.380600384305171
1.0,529,-2.3245482223986123e-05,-5.856715205568085e-10,4.380600384305171
1.0,530,-2.3245482223986123e-05,-3.899807724915456e-10,4.380600384305171
1.0,531,-2.3245482223986123e-05,2.4402820965125344e-10,4.380600384305171
1.0,532,-2.3245482223986123e-05,1.16642818522856e-10,4.380600384305171
1.0,533,-2.3245482223986123e-05,-2.1007179068949138e-10,4.380600384305171
1.0,534,-2.3245482223986123e-05,-1.3111927895503261e-10,4.380600384305171
1.0,535,-2.3245482223986123e-05,-6.259299165124549e-10,4.380600384305171
1.0,537,-2.3245482223986123e-05,-8.854202964027301e-10,4.380600384305171
1.0,539,-2.3245482223986123e-05,2.6766523379101834e-10,4.380600384305171
1.0,541,-2.3245482223986123e-05,-6.898489022305822e-10,4.380600384305171
1.0,543,-2.3245482223986123e-05,-6.825142076165839e-10,4.380600384305171
1.0,545,-2.3245482223986123e-05,1.864773025771917e-09,4.380600384305171
1.0,547,-2.3245482223986123e-05,-3.5966512100215794e-10,4.380600384305171
1.0,549,-2.3245482223986123e-05,-4.748776844339897e-10,4.380600384305171
1.0,551,-2.3245482223986123e-05,-1.0326050996460082e-09,4.380600384305171
1.0,553,-2.3245482223986123e-05,-7.605044005008632e-10,4.380600384305171
1.0,555,-2.3245482223986123e-05,3.1856024818273766e-10,4.380600384305171
1.0,557,-2.3245482223986123e-05,-3.8685218038862574e-10,4.380600384305171
1.0,559,-2.3245482223986123e-05,5.713133443102344e-10,4.380600384305171
1.0,561,-2.3245482223986123e-05,-2.8832475225612556e-10,4.380600384305171
1.0,563,-2.3245482223986123e-05,-2.600945768586545e-10,4.380600384305171
1.0,565,-2.3245482223986123e-05,-7.462026880051582e-11,4.380600384305171
1.0,567,-2.3245482223986123e-05,-9.840423958270143e-11,4.380600384305171
1.0,569,-2.3245482223986123e-05,1.2055311239888345e-11,4.380600384305171
1.0,570,-2.3245482223986123e-05,-6.58763257768022e-10,4.380600384305171
1.0,571,-2.3245482223986123e-05,-3.933161875217708e-10,4.380600384305171
1.0,572,-2.3245482223986123e-05,-1.7045594337676287e-10,4.380600384305171
1.0,573,-2.3245482223986123e-05,3.9632678389377354e-10,4.380600384305171
1.0,574,-2.3245482223986123e-05,-3.0484273219573906e-10,4.380600384305171
1.0,575,-2.3245482223986123e-05,-1.5550274719177737e-10,4.380600384305171
1.0,576,-2.3245482223986123e-05,-3.382427946047184e-10,4.380600384305171
1.0,577,-2.3245482223986123e-05,-1.5801225354571342e-10,4.380600384305171
1.0,578,-2.3245482223986123e-05,-2.9985086439500044e-10,4.380600384305171
1.0,579,-2.3245482223986123e-05,-4.0510719964934697e-10,4.380600384305171
1.0,580,-2.3245482223986123e-05,-6.458022147703993e-11,4.380600384305171
1.0,581,-2.3245482223986123e-05,-8.020347036305331e-10,4.380600384305171
1.0,582,-2.3245482223986123e-05,-4.2182521236036504e-10,4.380600384305171
1.0,584,-2.3245482223986123e-05,-6.533121303672524e-10,4.380600384305171
1.0,586,-2.3245482223986123e-05,-1.753761400103979e-10,4.380600384305171
1.0,588,-2.3245482223986123e-05,3.7088528363938e-10,4.380600384305171
1.0,590,-2.3245482223986123e-05,-1.2254069321117298e-10,4.380600384305171
1.0,592,-2.3245482223986123e-05,-4.2862144761333264e-10,4.380600384305171
1.0,594,-2.3248223151232046e-05,-1.0795666621372546e-09,4.380845182243382
1.0,595,-2.3245482223986123e-05,7.712917579657982e-11,4.380600384305171
1.0,597,-2.3248223151232046e-05,-5.612029152740552e-10,4.380845182243382
1.0,598,-2.3245482223986123e-05,-4.506494757520039e-10,4.380600384305171
1.0,600,-2.3248223151232046e-05,-4.719439983785352e-10,4.380845182243382
1.0,601,-2.3245482223986123e-05,3.353238339617728e-10,4.380600384305171
1.0,603,-2.3248223151232046e-05,1.1150098971087925e-11,4.380845182243382
1.0,604,-2.3245482223986123e-05,-1.2800604723844826e-10,4.380600384305171
1.0,605,-2.3245482223986123e-05,-6.776531055434516e-10,4.380600384305171
1.0,606,-2.3245482223986123e-05,-4.0427134693924666e-10,4.380600384305171
1.0,607,-2.3245482223986123e-05,2.845200546212203e-11,4.380600384305171
1.0,609,-2.3245482223986123e-05,7.570245509270072e-11,4.380600384305171
1.0,611,-2.3253710927784926e-05,-4.790404986749635e-10,4.3813352659248155
1.0,0,-0.43267653059791567,-7.277346603912854e-10,581.8691313510984
5.0,1,2.2366424427039e-05,0.9999999999135781,2.7382851644765065
5.0,3,2.2220083586732978e-05,1.000000000001366,2.759115399815683
5.0,5,-0.0023996977396903703,2.45255964724464e-10,43.62075991901769
5.0,7,-0.0022618854902068243,-3.750759270801731e-10,42.366640135419495
5.0,9,-0.0023989392031773284,6.583742134143599e-10,43.61395578035329
5.0,11,-0.002102952452895912,-7.93451805255197e-10,40.87256557694776
5.0,13,2.2386994983484454e-05,0.9999999993545776,2.7353444243328706
5.0,16,5.494662069519676e-06,1.000000000097574,4.549770369051294
5.0,19,2.2391386943299277e-05,0.9999999991444477,2.734716145776295
5.0,21,2.182745127117246e-05,0.9999999985565086,2.814241239990112
5.0,23,-0.00020483961677432048,5.724063621300112e-10,13.612039375818723
5.0,25,-8.868023676422514e-05,-3.69078752797382e-10,9.715582940922562
5.0,27,2.241401022763581e-05,1.0000000002465372,2.7314775506967157
5.0,29,1.1513650496211451e-05,1.0000000001170195,3.9988165588507316
5.0,31,1.1513650496211451e-05,0.9999999991228122,3.9988165588507316
5.0,34,1.194954302259563e-05,0.9999999998957994,3.9559381515574787
5.0,36,2.2391036790133958e-05,1.0000000004739338,2.7347662411756772
5.0,38,2.239950016690572e-05,0.9999999995609,2.7335551532949536
5.0,40,-0.00011037183889866662,6.286742859796889e-10,10.553023062950583
5.0,42,-0.002399182384209211,-3.6891761545418324e-10,43.616137251012674
5.0,44,-0.002395910425801825,5.19800570490522e-10,43.58677679535813
5.0,46,-0.002399182384209211,-9.320644609491986e-10,43.616137251012674
5.0,48,-0.002395910425801825,4.455473378058438e-10,43.58677679535813
5.0,50,2.365036242007393e-05,1.0000000004229403,2.5482386666733046
5.0,53,2.3655220826816668e-05,0.9999999990186992,2.547492607338856
5.0,56,2.3655220826816668e-05,1.0000000004450982,2.547492607338856
5.0,59,2.3655220826816668e-05,1.0000000005209047,2.547492607338856
5.0,62,2.2255069122882924e-05,0.9999999997654746,2.754149869248217
5.0,65,2.2311345252944137e-05,1.000000000044606,2.74614370733123
5.0,68,2.2311345252944137e-05,0.9999999997668927,2.74614370733123
5.0,71,2.0984263047230266e-05,0.9999999998314215,2.929121212430598
5.0,74,5.612010968736674e-07,0.9999999998438459,4.955891287595548
5.0,77,2.2328025989537732e-05,0.9999999996673896,2.7437661224638648
5.0,80,-0.00022214147107500195,2.069067066273409e-10,14.100580448212929
5.0,82,-0.00022126117672920331,-1.796690337957211e-10,14.076133560192018
5.0,84,6.956427796538071e-06,1.000000000162976,4.422281575720752
5.0,86,3.194875903796307e-05,0.999999999388449,0.0
5.0,88,5.5013363495218364e-06,1.0000000003388603,4.549196386937969
5.0,91,-3.055946790046649e-05,7.53065855059381e-11,6.993774053260166
5.0,94,-3.0439895026465198e-05,-3.4682158932071297e-10,6.987081606411762
5.0,97,2.2334421815445996e-05,1.0000000000479905,2.74285394831339
5.0,100,2.5332273032602407e-05,1.0000000000432037,2.275394513358442
5.0,102,2.313331978172091e-05,1.0000000000639209,2.6264248935216594
5.0,104,2.313331978172091e-05,1.0000000007130865,2.6264248935216594
5.0,107,2.298757626936223e-05,0.9999999988182287,2.648046913841133
5.0,110,2.2386994983484454e-05,1.0000000005804264,2.7353444243328706
5.0,112,2.1931098766477057e-05,0.9999999999588007,2.799794506775949
5.0,114,-0.0024053546186165457,-4.896317960339461e-11,43.6714691838907
5.0,116,-0.002187268981475455,4.255719390542852e-11,41.67186765612977
5.0,118,5.463339301743005e-06,0.9999999998697249,4.552463132311251
5.0,121,2.237770038018435e-05,1.0000000001584874,2.7366735601374064
5.0,123,2.559867270958317e-06,0.9999999996176012,4.795507915156257
5.0,125,-0.0011542218065983035,4.6411312644025656e-10,30.46608005289624
5.0,128,-0.0004894534117918996,3.522464954494669e-11,20.198979336868078
5.0,130,-8.895842146576571e-05,-4.079103873738839e-10,9.726779130177333
5.0,132,2.2380143230357356e-05,1.0000000000344327,2.736324293125803
5.0,134,2.2314495789410066e-05,0.9999999998829054,2.7456948040629627
5.0,135,5.671577436254381e-06,1.0000000003154312,4.5345312442123005
5.0,137,5.671577436254381e-06,1.000000000293571,4.5345312442123005
5.0,140,5.7364219061839335e-06,1.0000000001339113,4.528932833688872
5.0,142,2.2368035227637552e-05,1.0000000012667467,2.738055000485007
5.0,145,2.2368035227637552e-05,1.0000000005888756,2.738055000485007
5.0,147,2.220473234748423e-05,0.9999999996191385,2.761291397220719
5.0,149,-0.00034301806266230726,1.3098149232904232e-10,17.129292609582922
5.0,151,-0.00020873045419060756,-4.83980539290755e-12,13.723418231065708
5.0,152,2.22482163040504e-05,0.9999999999598339,2.7551232011689013
5.0,154,2.22482163040504e-05,0.9999999998970057,2.7551232011689013
5.0,156,2.22482163040504e-05,0.9999999999796931,2.7551232011689013
5.0,158,3.194842811270878e-05,0.9999999994131125,0.016091923638702973
5.0,160,2.22482163040504e-05,1.0000000000434484,2.7551232011689013
5.0,162,3.194842811270878e-05,0.9999999996279987,0.016091923638702973
5.0,164,-0.00239870891512809,-6.541168698022876e-10,43.61188986640833
5.0,166,-0.0023995519982716535,3.5380980454842934e-10,43.61945268815586
5.0,169,-0.0023995519982716535,3.2581975508700396e-10,43.61945268815586
5.0,171,-0.002392957521645802,-1.9702474828210202e-10,43.560262338839074
5.0,173,-0.0023995519982716535,3.500247733698682e-10,43.61945268815586
5.0,175,-0.002392957521645802,5.991643275515809e-10,43.560262338839074
5.0,177,-0.0023995519982716535,4.729222194072055e-10,43.61945268815586
5.0,179,-0.002392957521645802,8.153566536203478e-11,43.560262338839074
5.0,181,2.2255069122882924e-05,1.0000000000374074,2.754149869248217
5.0,184,2.2255069122882924e-05,1.0000000000663123,2.754149869248217
5.0,186,2.2255069122882924e-05,0.9999999998735594,2.754149869248217
5.0,189,2.242246422940757e-05,1.0000000008183232,2.7302663474754754
5.0,191,2.24325081405905e-05,1.000000000776687,2.728826659474686
5.0,192,2.232514564059457e-05,0.9999999991313181,2.7441768194648244
5.0,194,2.231745345309213e-05,1.000000000073522,2.745273315415976
5.0,195,9.60788725505139e-07,1.000000000503762,4.924244097698194
5.0,197,9.46915667406943e-07,1.0000000000140952,4.925346246040596
5.0,199,2.2276550166904914e-05,1.0000000002271052,2.7510966033112645
5.0,201,2.2277350632153903e-05,1.0000000000900506,2.750982761539387
5.0,203,2.2276550166904914e-05,0.9999999997648643,2.7510966033112645
5.0,205,2.2277350632153903e-05,0.999999999881386,2.750982761539387
5.0,207,3.154664226254086e-05,1.0000000009386394,0.5609434781842924
5.0,209,3.191624208954815e-05,0.9999999998212382,0.1595136667991456
5.0,211,-0.002402379534764071,8.321028883834515e-11,43.644807350021274
5.0,213,-0.0024023856423830117,-2.5067482487316644e-10,43.644862101404954
5.0,215,2.238815775294669e-05,0.9999999997786885,2.735178101902854
5.0,218,2.2361164229404447e-05,0.9999999997654887,2.7390366486149396
5.0,221,5.431777677500873e-06,1.0000000001929141,4.555174819577347
5.0,223,5.432857382017625e-06,1.0000000003779534,4.5550820810256605
5.0,225,2.2372820252947272e-05,1.0000000000998508,2.737371163907096
5.0,227,-0.00036261418468912286,3.805482415676879e-10,17.57118919440943
5.0,229,-0.002399175964695061,3.946029595746608e-10,43.61607966576149
5.0,232,-0.002399175964695061,1.1208262903916212e-10,43.61607966576149
5.0,234,-0.002332210259698717,-2.0968850478869778e-10,43.01117924354588
5.0,236,-0.002399175964695061,1.9416865342690745e-10,43.61607966576149
5.0,238,-0.002332210259698717,-5.879905217499113e-10,43.01117924354588
5.0,240,-0.002399175964695061,2.2236940541912948e-10,43.61607966576149
5.0,242,-0.002332210259698717,-5.617325979746775e-10,43.01117924354588
5.0,244,-0.002399175964695061,3.638708041875456e-10,43.61607966576149
5.0,246,-0.002332210259698717,-2.316801942626844e-10,43.01117924354588
5.0,248,-0.002399175964695061,-3.3228971548294955e-12,43.61607966576149
5.0,250,-0.002332210259698717,-6.198105892041322e-10,43.01117924354588
5.0,252,-0.002399175964695061,2.6602385038859515e-10,43.61607966576149
5.0,254,-0.002332210259698717,-4.6425980187557873e-11,43.01117924354588
5.0,256,-0.002399175964695061,2.846419963430007e-10,43.61607966576149
5.0,258,-0.002332210259698717,-2.8259303349653464e-10,43.01117924354588
5.0,260,-0.002399175964695061,1.0107727679986445e-10,43.61607966576149
5.0,262,-0.002332210259698717,3.192957345952532e-10,43.01117924354588
5.0,264,-0.002399175964695061,3.825767491774717e-10,43.61607966576149
5.0,266,-0.002332210259698717,-4.125338410624424e-10,43.01117924354588
5.0,268,-0.002399175964695061,4.818242822881727e-10,43.61607966576149
5.0,270,-0.002332210259698717,2.2677485926664602e-10,43.01117924354588
5.0,272,-0.002399175964695061,3.362914329127197e-11,43.61607966576149
5.0,274,-0.002332210259698717,-4.0630040500732983e-10,43.01117924354588
5.0,276,-0.002399175964695061,5.087464738563554e-10,43.61607966576149
5.0,278,-0.002332210259698717,-1.2450070727728207e-10,43.01117924354588
5.0,280,-0.002399175964695061,4.3948519701586583e-10,43.61607966576149
5.0,282,-0.002332210259698717,-1.5691336575450468e-10,43.01117924354588
5.0,284,-0.002399175964695061,3.5875536786661803e-10,43.61607966576149
5.0,286,-0.002332210259698717,3.8830819102946533e-10,43.01117924354588
5.0,288,-0.002399175964695061,3.8021211706663325e-10,43.61607966576149
5.0,290,-0.002332210259698717,2.346076079998877e-10,43.01117924354588
5.0,292,-0.002399175964695061,-1.0616792012168473e-10,43.61607966576149
5.0,294,-0.002332210259698717,-9.676124330967303e-10,43.01117924354588
5.0,296,-0.002399175964695061,5.002258276082568e-10,43.61607966576149
5.0,298,-0.002332210259698717,-5.736747947078685e-10,43.01117924354588
5.0,300,-0.002399175964695061,-1.803363888125103e-10,43.61607966576149
5.0,302,-0.002332210259698717,-1.724368722113804e-10,43.01117924354588
5.0,304,-0.002399175964695061,3.9050596619926676e-11,43.61607966576149
5.0,306,-0.002332210259698717,-3.5296941077474784e-10,43.01117924354588
5.0,308,-0.002399175964695061,9.437517724710834e-10,43.61607966576149
5.0,310,-0.002332210259698717,8.898684039564274e-11,43.01117924354588
5.0,312,-0.002399175964695061,7.998084233486261e-10,43.61607966576149
5.0,314,-0.002332210259698717,-1.8770640575634322e-10,43.01117924354588
5.0,315,7.425326452458423e-06,1.000000001026525,4.380600384305171
5.0,317,7.425326452458423e-06,1.0000000003426717,4.380600384305171
5.0,319,7.425326452458423e-06,0.9999999999838582,4.380600384305171
5.0,321,7.425326452458423e-06,1.0000000003808527,4.380600384305171
5.0,323,7.425326452458423e-06,1.0000000001487028,4.380600384305171
5.0,325,7.425326452458423e-06,1.000000000955058,4.380600384305171
5.0,327,7.425326452458423e-06,1.0000000001389078,4.380600384305171
5.0,329,7.425326452458423e-06,1.0000000000371447,4.380600384305171
5.0,331,7.425326452458423e-06,1.0000000004427918,4.380600384305171
5.0,333,7.425326452458423e-06,1.0000000009199623,4.380600384305171
5.0,335,7.425326452458423e-06,1.000000000127036,4.380600384305171
5.0,337,7.425326452458423e-06,0.9999999989607351,4.380600384305171
5.0,339,7.425326452458423e-06,1.0000000002827312,4.380600384305171
5.0,341,7.425326452458423e-06,1.0000000004460357,4.380600384305171
5.0,343,7.425326452458423e-06,1.0000000002035734,4.380600384305171
5.0,345,7.425326452458423e-06,0.9999999998356552,4.380600384305171
5.0,347,7.425326452458423e-06,1.0000000012014545,4.380600384305171
5.0,349,7.425326452458423e-06,1.0000000002773288,4.380600384305171
5.0,351,7.425326452458423e-06,0.9999999997079436,4.380600384305171
5.0,353,7.425326452458423e-06,0.9999999998583828,4.380600384305171
5.0,355,7.425326452458423e-06,1.0000000007079357,4.380600384305171
5.0,356,7.425326452458423e-06,1.0000000003319962,4.380600384305171
5.0,357,7.425326452458423e-06,0.9999999998993144,4.380600384305171
5.0,358,7.425326452458423e-06,1.000000000238428,4.380600384305171
5.0,359,7.425326452458423e-06,1.0000000001848717,4.380600384305171
5.0,360,7.425326452458423e-06,1.000000000191122,4.380600384305171
5.0,361,7.425326452458423e-06,1.0000000000422555,4.380600384305171
5.0,362,7.425326452458423e-06,1.000000000933672,4.380600384305171
5.0,363,7.425326452458423e-06,1.0000000018548714,4.380600384305171
5.0,364,7.425326452458423e-06,1.000000000261306,4.380600384305171
5.0,365,7.425326452458423e-06,0.9999999999553776,4.380600384305171
5.0,366,7.425326452458423e-06,1.0000000003620868,4.380600384305171
5.0,367,7.425326452458423e-06,1.0000000002567837,4.380600384305171
5.0,368,7.425326452458423e-06,0.9999999992943271,4.380600384305171
5.0,369,7.425326452458423e-06,0.9999999999999909,4.380600384305171
5.0,370,7.425326452458423e-06,1.0000000009008232,4.380600384305171
5.0,371,7.425326452458423e-06,1.000000001333735,4.380600384305171
5.0,372,7.425326452458423e-06,0.9999999996368224,4.380600384305171
5.0,373,7.425326452458423e-06,0.9999999994001567,4.380600384305171
5.0,374,7.425326452458423e-06,0.9999999995615168,4.380600384305171
5.0,376,7.425326452458423e-06,1.0000000003024991,4.380600384305171
5.0,378,7.425326452458423e-06,1.0000000004555236,4.380600384305171
5.0,380,7.425326452458423e-06,1.000000000575544,4.380600384305171
5.0,382,7.425326452458423e-06,1.0000000006137983,4.380600384305171
5.0,384,7.425326452458423e-06,0.9999999996644859,4.380600384305171
5.0,386,7.425326452458423e-06,1.000000000164672,4.380600384305171
5.0,388,7.425326452458423e-06,0.9999999998041649,4.380600384305171
5.0,390,7.425326452458423e-06,1.00000000056238,4.380600384305171
5.0,392,7.425326452458423e-06,0.9999999994859243,4.380600384305171
5.0,394,7.425326452458423e-06,1.000000000255608,4.380600384305171
5.0,396,7.425326452458423e-06,1.0000000003799938,4.380600384305171
5.0,398,7.425326452458423e-06,1.0000000002999039,4.380600384305171
5.0,400,7.425326452458423e-06,1.0000000010615726,4.380600384305171
5.0,402,7.425326452458423e-06,1.0000000002795222,4.380600384305171
5.0,404,7.425326452458423e-06,0.9999999999883172,4.380600384305171
5.0,406,7.425326452458423e-06,1.000000000453331,4.380600384305171
5.0,408,7.425326452458423e-06,1.0000000000820501,4.380600384305171
5.0,411,7.425326452458423e-06,1.0000000002757512,4.380600384305171
5.0,414,7.425326452458423e-06,1.000000000024553,4.380600384305171
5.0,417,7.425326452458423e-06,0.9999999999623456,4.380600384305171
5.0,420,7.425326452458423e-06,1.0000000002697764,4.380600384305171
5.0,423,7.425326452458423e-06,1.0000000001849658,4.380600384305171
5.0,426,7.425326452458423e-06,0.999999999886767,4.380600384305171
5.0,429,7.425326452458423e-06,1.0000000004032312,4.380600384305171
5.0,432,7.425326452458423e-06,1.0000000004781215,4.380600384305171
5.0,435,7.425326452458423e-06,0.9999999998176166,4.380600384305171
5.0,438,7.425326452458423e-06,1.0000000005291447,4.380600384305171
5.0,441,7.425326452458423e-06,1.00000000010923,4.380600384305171
5.0,444,7.425326452458423e-06,1.0000000011036856,4.380600384305171
5.0,447,7.425326452458423e-06,1.0000000000634286,4.380600384305171
5.0,450,7.425326452458423e-06,0.9999999998832894,4.380600384305171
5.0,453,7.425326452458423e-06,0.9999999995747962,4.380600384305171
5.0,456,7.425326452458423e-06,0.9999999998293632,4.380600384305171
5.0,458,7.425326452458423e-06,1.0000000002951084,4.380600384305171
5.0,459,7.425326452458423e-06,1.0000000010750754,4.380600384305171
5.0,460,7.425326452458423e-06,1.0000000003225606,4.380600384305171
5.0,461,7.425326452458423e-06,0.9999999997636004,4.380600384305171
5.0,462,7.425326452458423e-06,1.000000001179029,4.380600384305171
5.0,463,7.425326452458423e-06,1.0000000007079572,4.380600384305171
5.0,464,7.425326452458423e-06,0.9999999999962073,4.380600384305171
5.0,465,7.425326452458423e-06,1.0000000010233698,4.380600384305171
5.0,466,7.425326452458423e-06,0.999999999982187,4.380600384305171
5.0,467,7.425326452458423e-06,1.0000000000916565,4.380600384305171
5.0,468,7.425326452458423e-06,1.0000000006283012,4.380600384305171
5.0,469,7.425326452458423e-06,1.000000000279806,4.380600384305171
5.0,470,7.425326452458423e-06,1.0000000001357545,4.380600384305171
5.0,471,7.425326452458423e-06,1.0000000003902745,4.380600384305171
5.0,472,7.425326452458423e-06,1.0000000007767498,4.380600384305171
5.0,473,7.425326452458423e-06,0.9999999998342174,4.380600384305171
5.0,475,7.425326452458423e-06,1.000000000038519,4.380600384305171
5.0,477,7.425326452458423e-06,1.0000000003123213,4.380600384305171
5.0,479,7.425326452458423e-06,1.0000000005133214,4.380600384305171
5.0,481,7.425326452458423e-06,0.9999999997280153,4.380600384305171
5.0,483,7.425326452458423e-06,1.00000000028106,4.380600384305171
5.0,485,7.425326452458423e-06,1.0000000008567982,4.380600384305171
5.0,487,7.425326452458423e-06,1.0000000004727265,4.380600384305171
5.0,489,7.425326452458423e-06,1.0000000002246217,4.380600384305171
5.0,491,7.425326452458423e-06,1.0000000004357348,4.380600384305171
5.0,493,7.425326452458423e-06,1.0000000004975618,4.380600384305171
5.0,495,7.425326452458423e-06,0.9999999996707525,4.380600384305171
5.0,497,7.425326452458423e-06,1.0000000003059772,4.380600384305171
5.0,499,7.425326452458423e-06,1.00000000013512,4.380600384305171
5.0,501,7.425326452458423e-06,1.0000000001720915,4.380600384305171
5.0,502,7.425326452458423e-06,1.0000000008418888,4.380600384305171
5.0,503,7.425326452458423e-06,0.9999999998471936,4.380600384305171
5.0,504,7.425326452458423e-06,1.0000000005684555,4.380600384305171
5.0,505,7.425326452458423e-06,1.000000000420107,4.380600384305171
5.0,506,7.425326452458423e-06,1.00000000028761,4.380600384305171
5.0,507,7.425326452458423e-06,1.000000000108439,4.380600384305171
5.0,508,7.425326452458423e-06,1.00000000025732,4.380600384305171
5.0,509,7.425326452458423e-06,1.0000000002478506,4.380600384305171
5.0,510,7.425326452458423e-06,1.0000000003386338,4.380600384305171
5.0,511,7.425326452458423e-06,0.9999999997870888,4.380600384305171
5.0,512,7.425326452458423e-06,1.0000000017024118,4.380600384305171
5.0,513,7.425326452458423e-06,1.0000000002778622,4.380600384305171
5.0,514,7.425326452458423e-06,0.9999999996881422,4.380600384305171
5.0,515,7.425326452458423e-06,1.000000000009995,4.380600384305171
5.0,516,7.425326452458423e-06,0.9999999998791933,4.380600384305171
5.0,517,7.425326452458423e-06,1.0000000004006848,4.380600384305171
5.0,518,7.425326452458423e-06,1.000000000216675,4.380600384305171
5.0,519,7.425326452458423e-06,1.0000000002745106,4.380600384305171
5.0,520,7.425326452458423e-06,1.0000000001958496,4.380600384305171
5.0,521,7.425326452458423e-06,1.0000000010233028,4.380600384305171
5.0,522,7.425326452458423e-06,1.0000000002764935,4.380600384305171
5.0,523,7.425326452458423e-06,0.999999999856958,4.380600384305171
5.0,524,7.425326452458423e-06,1.0000000002960057,4.380600384305171
5.0,525,7.425326452458423e-06,0.9999999998266496,4.380600384305171
5.0,526,7.425326452458423e-06,1.0000000003005687,4.380600384305171
5.0,527,7.425326452458423e-06,1.000000000469545,4.380600384305171
5.0,528,7.425326452458423e-06,1.000000000312936,4.380600384305171
5.0,529,7.425326452458423e-06,1.0000000013147163,4.380600384305171
5.0,530,7.425326452458423e-06,1.0000000002232525,4.380600384305171
5.0,531,7.425326452458423e-06,1.0000000006767833,4.380600384305171
5.0,532,7.425326452458423e-06,1.00000000029147,4.380600384305171
5.0,533,7.425326452458423e-06,0.9999999993770726,4.380600384305171
5.0,534,7.425326452458423e-06,1.0000000004022922,4.380600384305171
5.0,535,7.425326452458423e-06,1.0000000001342624,4.380600384305171
5.0,537,7.425326452458423e-06,1.0000000001960638,4.380600384305171
5.0,539,7.425326452458423e-06,1.000000001283361,4.380600384305171
5.0,541,7.425326452458423e-06,1.0000000002459384,4.380600384305171
5.0,543,7.425326452458423e-06,1.000000000561735,4.380600384305171
5.0,545,7.425326452458423e-06,1.0000000004556449,4.380600384305171
5.0,547,7.425326452458423e-06,1.0000000001609044,4.380600384305171
5.0,549,7.425326452458423e-06,1.0000000001191078,4.380600384305171
5.0,551,7.425326452458423e-06,1.0000000001115872,4.380600384305171
5.0,553,7.425326452458423e-06,0.9999999997498266,4.380600384305171
5.0,555,7.425326452458423e-06,1.0000000000948637,4.380600384305171
5.0,557,7.425326452458423e-06,1.0000000006072414,4.380600384305171
5.0,559,7.425326452458423e-06,0.9999999999232968,4.380600384305171
5.0,561,7.425326452458423e-06,1.0000000001759393,4.380600384305171
5.0,563,7.425326452458423e-06,0.9999999994142816,4.380600384305171
5.0,565,7.425326452458423e-06,1.0000000005011183,4.380600384305171
5.0,567,7.425326452458423e-06,1.0000000001065763,4.380600384305171
5.0,569,7.425326452458423e-06,1.0000000001706328,4.380600384305171
5.0,570,7.425326452458423e-06,1.0000000000102662,4.380600384305171
5.0,571,7.425326452458423e-06,1.000000000186823,4.380600384305171
5.0,572,7.425326452458423e-06,1.0000000001667289,4.380600384305171
5.0,573,7.425326452458423e-06,1.000000000492968,4.380600384305171
5.0,574,7.425326452458423e-06,1.000000000139755,4.380600384305171
5.0,575,7.425326452458423e-06,1.0000000000399432,4.380600384305171
5.0,576,7.425326452458423e-06,1.0000000006058563,4.380600384305171
5.0,577,7.425326452458423e-06,1.0000000007245755,4.380600384305171
5.0,578,7.425326452458423e-06,1.0000000004103913,4.380600384305171
5.0,579,7.425326452458423e-06,1.000000000492875,4.380600384305171
5.0,580,7.425326452458423e-06,1.00000000035442,4.380600384305171
5.0,581,7.425326452458423e-06,1.0000000009135621,4.380600384305171
5.0,582,7.425326452458423e-06,0.9999999998344928,4.380600384305171
5.0,584,7.425326452458423e-06,1.0000000001638625,4.380600384305171
5.0,586,7.425326452458423e-06,1.0000000007402505,4.380600384305171
5.0,588,7.425326452458423e-06,1.0000000004278609,4.380600384305171
5.0,590,7.425326452458423e-06,1.0000000005140568,4.380600384305171
5.0,592,7.425326452458423e-06,1.000000000896024,4.380600384305171
5.0,594,7.422585525212501e-06,1.00000000048174,4.380845182243382
5.0,595,7.425326452458423e-06,1.0000000004932557,4.380600384305171
5.0,597,7.422585525212501e-06,0.999999999791842,4.380845182243382
5.0,598,7.425326452458423e-06,0.9999999994405827,4.380600384305171
5.0,600,7.422585525212501e-06,1.0000000007184675,4.380845182243382
5.0,601,7.425326452458423e-06,0.9999999998353821,4.380600384305171
5.0,603,7.422585525212501e-06,0.9999999995939286,4.380845182243382
5.0,604,7.425326452458423e-06,0.9999999999564652,4.380600384305171
5.0,605,7.425326452458423e-06,1.0000000001083174,4.380600384305171
5.0,606,7.425326452458423e-06,1.0000000006834846,4.380600384305171
5.0,607,7.425326452458423e-06,1.0000000002068403,4.380600384305171
5.0,609,7.425326452458423e-06,1.0000000008429266,4.380600384305171
5.0,611,7.4170977486596205e-06,1.0000000001549054,4.3813352659248155
5.0,0,-0.43264585978923925,1.110070060114057e-09,581.8691313510984
10.0,1,0.00011821270154092821,1.0000000004736842,2.7382851644765065
10.0,3,0.0001180663607006222,1.0000000003172056,2.759115399815683
10.0,5,-0.002303851462576481,-2.0816841920722111e-10,43.62075991901769
10.0,7,-0.002166039213092935,1.5185922429347225e-10,42.366640135419495
10.0,9,-0.002303092926063439,5.791986827322517e-10,43.61395578035329
10.0,11,-0.002007106175782023,-3.633644874688509e-10,40.87256557694776
10.0,13,0.00011823327209737366,0.999999999509618,2.7353444243328706
10.0,16,0.00010134093918340889,1.000000000274715,4.549770369051294
10.0,19,0.00011823766405718848,0.999999999670534,2.734716145776295
10.0,21,0.00011767372838506168,0.9999999999895316,2.814241239990112
10.0,23,-0.00010899333966043128,2.0263635326685223e-10,13.612039375818723
10.0,25,7.166040349664072e-06,0.9999999997917814,9.715582940922562
10.0,27,0.00011826028734152503,1.0000000005144005,2.7314775506967157
10.0,29,0.00010735992761010067,0.999999999975968,3.9988165588507316
10.0,31,0.00010735992761010067,1.0000000005736231,3.9988165588507316
10.0,34,0.00010779582013648484,0.9999999999533553,3.9559381515574787
10.0,36,0.00011823731390402316,0.9999999997824516,2.7347662411756772
10.0,38,0.00011824577728079493,0.9999999995678623,2.7335551532949536
10.0,40,-1.4525561784777403e-05,-5.666136509998997e-10,10.553023062950583
10.0,42,-0.0023033361070953218,1.085904421091526e-09,43.616137251012674
10.0,44,-0.0023000641486879358,1.4988519244568817e-13,43.58677679535813
10.0,46,-0.0023033361070953218,1.5743620175359785e-09,43.616137251012674
10.0,48,-0.0023000641486879358,-1.9111000233667907e-10,43.58677679535813
10.0,50,0.00011949663953396314,0.9999999994156178,2.5482386666733046
10.0,53,0.00011950149794070589,1.0000000005221177,2.547492607338856
10.0,56,0.00011950149794070589,1.000000000528973,2.547492607338856
10.0,59,0.00011950149794070589,1.0000000008451195,2.547492607338856
10.0,62,0.00011810134623677214,0.9999999998683902,2.754149869248217
10.0,65,0.00011815762236683335,0.9999999997700149,2.74614370733123
10.0,68,0.00011815762236683335,0.9999999992893283,2.74614370733123
10.0,71,0.00011683054016111948,1.0000000004025562,2.929121212430598
10.0,74,9.640747821076289e-05,1.0000000000363727,4.955891287595548
10.0,77,0.00011817430310342694,0.9999999995513662,2.7437661224638648
10.0,80,-0.00012629519396111275,-6.602552295532994e-10,14.100580448212929
10.0,82,-0.00012541489961531412,5.43366127409958e-10,14.076133560192018
10.0,84,0.00010280270491042728,1.000000000333011,4.422281575720752
10.0,86,0.00012779503615185228,1.0000000000550782,0.0
10.0,88,0.00010134761346341104,1.000000000516089,4.549196386937969
10.0,91,6.528680921342272e-05,0.9999999998648504,6.993774053260166
10.0,94,6.540638208742401e-05,1.0000000003948095,6.987081606411762
10.0,97,0.00011818069892933521,0.9999999995441549,2.74285394831339
10.0,100,0.00012117855014649162,1.000000000041038,2.275394513358442
10.0,102,0.00011897959689561013,1.0000000004542748,2.6264248935216594
10.0,104,0.00011897959689561013,1.0000000001948415,2.6264248935216594
10.0,107,0.00011883385338325144,1.0000000005525647,2.648046913841133
10.0,110,0.00011823327209737366,1.0000000004767986,2.7353444243328706
10.0,112,0.00011777737588036627,0.9999999999933719,2.799794506775949
10.0,114,-0.0023095083415026565,-4.83504691404473e-10,43.6714691838907
10.0,116,-0.002091422704361566,2.4771682960683257e-11,41.67186765612977
10.0,118,0.00010130961641563222,1.0000000002600107,4.552463132311251
10.0,121,0.00011822397749407357,0.9999999997848417,2.7366735601374064
10.0,123,9.840614438484752e-05,0.9999999993217692,4.795507915156257
10.0,125,-0.0010583755294844143,2.24195190802721e-10,30.46608005289624
10.0,128,-0.00039360713467801036,2.041033815268774e-10,20.198979336868078
10.0,130,6.887855648123498e-06,0.9999999990258305,9.726779130177333
10.0,132,0.00011822642034424657,0.9999999997836924,2.736324293125803
10.0,134,0.00011816077290329927,0.999999999917816,2.7456948040629627
10.0,135,0.00010151785455014359,0.9999999997839684,4.5345312442123005
10.0,137,0.00010151785455014359,1.0000000001143008,4.5345312442123005
10.0,140,0.00010158269902007315,1.0000000011437127,4.528932833688872
10.0,142,0.00011821431234152676,1.0000000016483233,2.738055000485007
10.0,145,0.00011821431234152676,1.000000000844003,2.738055000485007
10.0,147,0.00011805100946137344,0.9999999996678056,2.761291397220719
10.0,149,-0.00024717178554841806,3.817672599460565e-10,17.129292609582922
10.0,151,-0.00011288417707671836,-1.5501087468711305e-10,13.723418231065708
10.0,152,0.00011809449341793962,1.0000000007027536,2.7551232011689013
10.0,154,0.00011809449341793962,1.0000000000306772,2.7551232011689013
10.0,156,0.00011809449341793962,0.9999999998591186,2.7551232011689013
10.0,158,0.000127794705226598,1.0000000003716214,0.016091923638702973
10.0,160,0.00011809449341793962,0.999999999741483,2.7551232011689013
10.0,162,0.000127794705226598,1.0000000005036878,0.016091923638702973
10.0,164,-0.0023028626380142006,4.988800552138194e-10,43.61188986640833
10.0,166,-0.0023037057211577642,1.6574782564919792e-10,43.61945268815586
10.0,169,-0.0023037057211577642,2.0410763965132209e-10,43.61945268815586
10.0,171,-0.0022971112445319126,4.066751627504037e-10,43.560262338839074
10.0,173,-0.0023037057211577642,1.6183730910404526e-10,43.61945268815586
10.0,175,-0.0022971112445319126,5.168444723155228e-10,43.560262338839074
10.0,177,-0.0023037057211577642,-1.0842352985345961e-10,43.61945268815586
10.0,179,-0.0022971112445319126,-2.442164132960931e-10,43.560262338839074
10.0,181,0.00011810134623677214,0.9999999997130138,2.754149869248217
10.0,184,0.00011810134623677214,0.9999999986160861,2.754149869248217
10.0,186,0.00011810134623677214,1.0000000004054121,2.754149869248217
10.0,189,0.00011826874134329678,0.999999999683779,2.7302663474754754
10.0,191,0.00011827878525447971,0.9999999997723577,2.728826659474686
10.0,192,0.00011817142275448378,0.9999999995818623,2.7441768194648244
10.0,194,0.00011816373056698134,0.9999999993056501,2.745273315415976
10.0,195,9.680706583939434e-05,1.0000000001834315,4.924244097698194
10.0,197,9.679319278129616e-05,0.9999999998145638,4.925346246040596
10.0,199,0.00011812282728079413,1.0000000000547007,2.7510966033112645
10.0,201,0.00011812362774604312,1.0000000000602376,2.750982761539387
10.0,203,0.00011812282728079413,1.0000000002956688,2.7510966033112645
10.0,205,0.00011812362774604312,0.9999999997392333,2.750982761539387
10.0,207,0.00012739291937643006,0.9999999997004951,0.5609434781842924
10.0,209,0.00012776251920343737,0.9999999997164566,0.1595136667991456
10.0,211,-0.002306533257650182,5.068355947056502e-10,43.644807350021274
10.0,213,-0.0023065393652691225,6.776959723620693e-10,43.644862101404954
10.0,215,0.0001182344348668359,0.9999999995226783,2.735178101902854
10.0,218,0.00011820744134329366,1.0000000004799463,2.7390366486149396
10.0,221,0.00010127805479139008,0.9999999997664155,4.555174819577347
10.0,223,0.00010127913449590683,0.9999999997065596,4.5550820810256605
10.0,225,0.00011821909736683648,1.0000000000840183,2.737371163907096
10.0,227,-0.00026676790757523366,-6.472955425631691e-10,17.57118919440943
10.0,229,-0.002303329687581172,3.1292770216973597e-11,43.61607966576149
10.0,232,-0.002303329687581172,3.0173669496419233e-10,43.61607966576149
10.0,234,-0.0022363639825848276,-5.303850532954288e-11,43.01117924354588
10.0,236,-0.002303329687581172,-7.298205582092355e-12,43.61607966576149
10.0,238,-0.0022363639825848276,-3.601694238248564e-10,43.01117924354588
10.0,240,-0.002303329687581172,-5.99958613050151e-10,43.61607966576149
10.0,242,-0.0022363639825848276,9.036570365898222e-10,43.01117924354588
10.0,244,-0.002303329687581172,-1.9412008988913638e-10,43.61607966576149
10.0,246,-0.0022363639825848276,-3.483709629439405e-10,43.01117924354588
10.0,248,-0.002303329687581172,2.5290353011662547e-10,43.61607966576149
10.0,250,-0.0022363639825848276,-4.5987196750499267e-10,43.01117924354588
10.0,252,-0.002303329687581172,-2.1629109817389217e-10,43.61607966576149
10.0,254,-0.0022363639825848276,-1.4334221022141316e-09,43.01117924354588
10.0,256,-0.002303329687581172,2.883020435550743e-11,43.61607966576149
10.0,258,-0.0022363639825848276,-6.611578833459585e-10,43.01117924354588
10.0,260,-0.002303329687581172,1.187343007182984e-11,43.61607966576149
10.0,262,-0.0022363639825848276,3.9052940574801036e-11,43.01117924354588
10.0,264,-0.002303329687581172,-8.770189657088328e-12,43.61607966576149
10.0,266,-0.0022363639825848276,1.3567637184408942e-11,43.01117924354588
10.0,268,-0.002303329687581172,-6.39925708400952e-11,43.61607966576149
10.0,270,-0.0022363639825848276,3.911816230538228e-10,43.01117924354588
10.0,272,-0.002303329687581172,-4.2210942432659363e-10,43.61607966576149
10.0,274,-0.0022363639825848276,-5.404592632367367e-10,43.01117924354588
10.0,276,-0.002303329687581172,4.730554512297131e-10,43.61607966576149
10.0,278,-0.0022363639825848276,-3.0911849700023365e-10,43.01117924354588
10.0,280,-0.002303329687581172,-4.961099036173657e-10,43.61607966576149
10.0,282,-0.0022363639825848276,-4.060587019921551e-10,43.01117924354588
10.0,284,-0.002303329687581172,2.6961368476733885e-10,43.61607966576149
10.0,286,-0.0022363639825848276,2.2867695268547638e-10,43.01117924354588
10.0,288,-0.002303329687581172,-4.1224754580192074e-11,43.61607966576149
10.0,290,-0.0022363639825848276,-6.937779058725857e-10,43.01117924354588
10.0,292,-0.002303329687581172,9.737263689668266e-12,43.61607966576149
10.0,294,-0.0022363639825848276,-3.4776164161314107e-10,43.01117924354588
10.0,296,-0.002303329687581172,-2.702748444590213e-11,43.61607966576149
10.0,298,-0.0022363639825848276,-2.9935102693182265e-10,43.01117924354588
10.0,300,-0.002303329687581172,-3.438143532292619e-10,43.61607966576149
10.0,302,-0.0022363639825848276,-3.19205234468621e-11,43.01117924354588
10.0,304,-0.002303329687581172,-5.018541616681364e-11,43.61607966576149
10.0,306,-0.0022363639825848276,-1.5343331216286031e-10,43.01117924354588
10.0,308,-0.002303329687581172,2.4447673504724633e-10,43.61607966576149
10.0,310,-0.0022363639825848276,6.863127531684342e-10,43.01117924354588
10.0,312,-0.002303329687581172,-3.918705844437377e-10,43.61607966576149
10.0,314,-0.0022363639825848276,-4.582194276831912e-10,43.01117924354588
10.0,315,0.00010327160356634764,1.0000000009459278,4.380600384305171
10.0,317,0.00010327160356634764,1.0000000001020672,4.380600384305171
10.0,319,0.00010327160356634764,1.0000000004813665,4.380600384305171
10.0,321,0.00010327160356634764,1.0000000002903824,4.380600384305171
10.0,323,0.00010327160356634764,1.0000000000427467,4.380600384305171
10.0,325,0.00010327160356634764,0.9999999999678942,4.380600384305171
10.0,327,0.00010327160356634764,1.00000000030253,4.380600384305171
10.0,329,0.00010327160356634764,0.9999999995700262,4.380600384305171
10.0,331,0.00010327160356634764,1.0000000002578244,4.380600384305171
10.0,333,0.00010327160356634764,0.9999999999895175,4.380600384305171
10.0,335,0.00010327160356634764,1.0000000002024614,4.380600384305171
10.0,337,0.00010327160356634764,1.0000000004339693,4.380600384305171
10.0,339,0.00010327160356634764,1.0000000001785156,4.380600384305171
10.0,341,0.00010327160356634764,1.0000000002861826,4.380600384305171
10.0,343,0.00010327160356634764,1.0000000001391753,4.380600384305171
10.0,345,0.00010327160356634764,1.0000000003458154,4.380600384305171
10.0,347,0.00010327160356634764,1.0000000004254637,4.380600384305171
10.0,349,0.00010327160356634764,0.9999999998793707,4.380600384305171
10.0,351,0.00010327160356634764,1.0000000000761728,4.380600384305171
10.0,353,0.00010327160356634764,1.0000000000021885,4.380600384305171
10.0,355,0.00010327160356634764,0.9999999997329623,4.380600384305171
10.0,356,0.00010327160356634764,1.0000000004100094,4.380600384305171
10.0,357,0.00010327160356634764,0.9999999997130582,4.380600384305171
10.0,358,0.00010327160356634764,0.9999999999501071,4.380600384305171
10.0,359,0.00010327160356634764,1.000000000371184,4.380600384305171
10.0,360,0.00010327160356634764,1.0000000003383658,4.380600384305171
10.0,361,0.00010327160356634764,0.9999999998118372,4.380600384305171
10.0,362,0.00010327160356634764,1.0000000002691602,4.380600384305171
10.0,363,0.00010327160356634764,1.0000000013439831,4.380600384305171
10.0,364,0.00010327160356634764,1.0000000003160248,4.380600384305171
10.0,365,0.00010327160356634764,0.9999999998764548,4.380600384305171
10.0,366,0.00010327160356634764,1.0000000000376283,4.380600384305171
10.0,367,0.00010327160356634764,1.0000000003782459,4.380600384305171
10.0,368,0.00010327160356634764,1.0000000002446279,4.380600384305171
10.0,369,0.00010327160356634764,0.9999999999716445,4.380600384305171
10.0,370,0.00010327160356634764,0.999999999409193,4.380600384305171
10.0,371,0.00010327160356634764,0.9999999999909871,4.380600384305171
10.0,372,0.00010327160356634764,0.9999999992083206,4.380600384305171
10.0,373,0.00010327160356634764,1.0000000002684586,4.380600384305171
10.0,374,0.00010327160356634764,0.9999999996926596,4.380600384305171
10.0,376,0.00010327160356634764,1.000000000141331,4.380600384305171
10.0,378,0.00010327160356634764,0.9999999993344793,4.380600384305171
10.0,380,0.00010327160356634764,1.000000000205446,4.380600384305171
10.0,382,0.00010327160356634764,1.0000000002634986,4.380600384305171
10.0,384,0.00010327160356634764,1.000000000608399,4.380600384305171
10.0,386,0.00010327160356634764,1.0000000002626468,4.380600384305171
10.0,388,0.00010327160356634764,0.999999999847305,4.380600384305171
10.0,390,0.00010327160356634764,1.000000000380272,4.380600384305171
10.0,392,0.00010327160356634764,0.9999999996947251,4.380600384305171
10.0,394,0.00010327160356634764,1.0000000005572471,4.380600384305171
10.0,396,0.00010327160356634764,1.0000000004488414,4.380600384305171
10.0,398,0.00010327160356634764,1.0000000003950684,4.380600384305171
10.0,400,0.00010327160356634764,1.000000000949983,4.380600384305171
10.0,402,0.00010327160356634764,1.000000000208968,4.380600384305171
10.0,404,0.00010327160356634764,0.9999999998482579,4.380600384305171
10.0,406,0.00010327160356634764,1.0000000006377359,4.380600384305171
10.0,408,0.00010327160356634764,1.0000000000842042,4.380600384305171
10.0,411,0.00010327160356634764,1.0000000001023386,4.380600384305171
10.0,414,0.00010327160356634764,1.0000000000401057,4.380600384305171
10.0,417,0.00010327160356634764,1.0000000005735887,4.380600384305171
10.0,420,0.00010327160356634764,1.0000000001160723,4.380600384305171
10.0,423,0.00010327160356634764,1.000000000082243,4.380600384305171
10.0,426,0.00010327160356634764,1.000000000237346,4.380600384305171
10.0,429,0.00010327160356634764,1.0000000001013614,4.380600384305171
10.0,432,0.00010327160356634764,1.0000000000213767,4.380600384305171
10.0,435,0.00010327160356634764,0.9999999999402344,4.380600384305171
10.0,438,0.00010327160356634764,0.9999999998220362,4.380600384305171
10.0,441,0.00010327160356634764,1.0000000002639275,4.380600384305171
10.0,444,0.00010327160356634764,0.9999999997981797,4.380600384305171
10.0,447,0.00010327160356634764,0.999999999795872,4.380600384305171
10.0,450,0.00010327160356634764,0.9999999996883129,4.380600384305171
10.0,453,0.00010327160356634764,0.9999999995606027,4.380600384305171
10.0,456,0.00010327160356634764,0.9999999991167191,4.380600384305171
10.0,458,0.00010327160356634764,1.0000000001152134,4.380600384305171
10.0,459,0.00010327160356634764,1.0000000004024265,4.380600384305171
10.0,460,0.00010327160356634764,1.0000000001968974,4.380600384305171
10.0,461,0.00010327160356634764,0.9999999993633275,4.380600384305171
10.0,462,0.00010327160356634764,1.0000000000564917,4.380600384305171
10.0,463,0.00010327160356634764,1.000000000051289,4.380600384305171
10.0,464,0.00010327160356634764,1.0000000002841813,4.380600384305171
10.0,465,0.00010327160356634764,0.9999999994941621,4.380600384305171
10.0,466,0.00010327160356634764,1.0000000004153633,4.380600384305171
10.0,467,0.00010327160356634764,0.9999999992379862,4.380600384305171
10.0,468,0.00010327160356634764,0.999999999738538,4.380600384305171
10.0,469,0.00010327160356634764,1.000000000147935,4.380600384305171
10.0,470,0.00010327160356634764,0.999999999862044,4.380600384305171
10.0,471,0.00010327160356634764,1.0000000003331277,4.380600384305171
10.0,472,0.00010327160356634764,1.000000000622177,4.380600384305171
10.0,473,0.00010327160356634764,1.000000000145779,4.380600384305171
10.0,475,0.00010327160356634764,1.000000000300695,4.380600384305171
10.0,477,0.00010327160356634764,1.0000000001812426,4.380600384305171
10.0,479,0.00010327160356634764,1.0000000001413412,4.380600384305171
10.0,481,0.00010327160356634764,0.9999999996381839,4.380600384305171
10.0,483,0.00010327160356634764,1.0000000000413327,4.380600384305171
10.0,485,0.00010327160356634764,1.000000000038805,4.380600384305171
10.0,487,0.00010327160356634764,0.9999999997311868,4.380600384305171
10.0,489,0.00010327160356634764,1.0000000000978462,4.380600384305171
10.0,491,0.00010327160356634764,0.9999999998869789,4.380600384305171
10.0,493,0.00010327160356634764,1.0000000008923784,4.380600384305171
10.0,495,0.00010327160356634764,1.0000000004419116,4.380600384305171
10.0,497,0.00010327160356634764,1.000000000099484,4.380600384305171
10.0,499,0.00010327160356634764,1.0000000001015572,4.380600384305171
10.0,501,0.00010327160356634764,1.0000000003930276,4.380600384305171
10.0,502,0.00010327160356634764,1.0000000004181984,4.380600384305171
10.0,503,0.00010327160356634764,1.0000000001374776,4.380600384305171
10.0,504,0.00010327160356634764,0.9999999997054211,4.380600384305171
10.0,505,0.00010327160356634764,1.000000000252899,4.380600384305171
10.0,506,0.00010327160356634764,0.9999999999202228,4.380600384305171
10.0,507,0.00010327160356634764,1.0000000002570006,4.380600384305171
10.0,508,0.00010327160356634764,1.0000000000698095,4.380600384305171
10.0,509,0.00010327160356634764,0.9999999998404899,4.380600384305171
10.0,510,0.00010327160356634764,1.0000000001066436,4.380600384305171
10.0,511,0.00010327160356634764,0.9999999998470682,4.380600384305171
10.0,512,0.00010327160356634764,1.0000000004382272,4.380600384305171
10.0,513,0.00010327160356634764,0.9999999998346049,4.380600384305171
10.0,514,0.00010327160356634764,0.9999999994557203,4.380600384305171
10.0,515,0.00010327160356634764,0.9999999988493538,4.380600384305171
10.0,516,0.00010327160356634764,1.0000000003779905,4.380600384305171
10.0,517,0.00010327160356634764,1.0000000001141867,4.380600384305171
10.0,518,0.00010327160356634764,1.0000000001579532,4.380600384305171
10.0,519,0.00010327160356634764,1.0000000001488114,4.380600384305171
10.0,520,0.00010327160356634764,1.0000000000067975,4.380600384305171
10.0,521,0.00010327160356634764,1.0000000004245593,4.380600384305171
10.0,522,0.00010327160356634764,0.9999999997297626,4.380600384305171
10.0,523,0.00010327160356634764,1.0000000000075744,4.380600384305171
10.0,524,0.00010327160356634764,0.9999999998968104,4.380600384305171
10.0,525,0.00010327160356634764,1.0000000004874323,4.380600384305171
10.0,526,0.00010327160356634764,1.000000000065081,4.380600384305171
10.0,527,0.00010327160356634764,0.9999999999758593,4.380600384305171
10.0,528,0.00010327160356634764,0.9999999998418181,4.380600384305171
10.0,529,0.00010327160356634764,0.999999999841624,4.380600384305171
10.0,530,0.00010327160356634764,0.9999999998057755,4.380600384305171
10.0,531,0.00010327160356634764,1.0000000011376486,4.380600384305171
10.0,532,0.00010327160356634764,1.0000000000954945,4.380600384305171
10.0,533,0.00010327160356634764,0.9999999996083948,4.380600384305171
10.0,534,0.00010327160356634764,1.000000000196337,4.380600384305171
10.0,535,0.00010327160356634764,0.9999999999903386,4.380600384305171
10.0,537,0.00010327160356634764,0.9999999999382675,4.380600384305171
10.0,539,0.00010327160356634764,1.000000000460926,4.380600384305171
10.0,541,0.00010327160356634764,1.0000000001681837,4.380600384305171
10.0,543,0.00010327160356634764,1.0000000004028486,4.380600384305171
10.0,545,0.00010327160356634764,0.9999999994906661,4.380600384305171
10.0,547,0.00010327160356634764,0.9999999999554035,4.380600384305171
10.0,549,0.00010327160356634764,1.000000000317408,4.380600384305171
10.0,551,0.00010327160356634764,1.0000000008166616,4.380600384305171
10.0,553,0.00010327160356634764,1.000000000234262,4.380600384305171
10.0,555,0.00010327160356634764,0.9999999996939749,4.380600384305171
10.0,557,0.00010327160356634764,0.9999999999805406,4.380600384305171
10.0,559,0.00010327160356634764,1.000000000340761,4.380600384305171
10.0,561,0.00010327160356634764,1.0000000001202167,4.380600384305171
10.0,563,0.00010327160356634764,0.9999999995890059,4.380600384305171
10.0,565,0.00010327160356634764,1.0000000003477725,4.380600384305171
10.0,567,0.00010327160356634764,1.0000000000491127,4.380600384305171
10.0,569,0.00010327160356634764,0.9999999998222161,4.380600384305171
10.0,570,0.00010327160356634764,1.0000000000342144,4.380600384305171
10.0,571,0.00010327160356634764,1.0000000006568694,4.380600384305171
10.0,572,0.00010327160356634764,1.0000000000908034,4.380600384305171
10.0,573,0.00010327160356634764,1.0000000003361724,4.380600384305171
10.0,574,0.00010327160356634764,1.0000000002116198,4.380600384305171
10.0,575,0.00010327160356634764,1.000000000271299,4.380600384305171
10.0,576,0.00010327160356634764,0.9999999999768416,4.380600384305171
10.0,577,0.00010327160356634764,1.0000000007291576,4.380600384305171
10.0,578,0.00010327160356634764,1.0000000003324938,4.380600384305171
10.0,579,0.00010327160356634764,1.0000000005707017,4.380600384305171
10.0,580,0.00010327160356634764,1.0000000000228537,4.380600384305171
10.0,581,0.00010327160356634764,1.0000000012309247,4.380600384305171
10.0,582,0.00010327160356634764,0.999999999885756,4.380600384305171
10.0,584,0.00010327160356634764,1.0000000000335385,4.380600384305171
10.0,586,0.00010327160356634764,1.0000000003432739,4.380600384305171
10.0,588,0.00010327160356634764,0.9999999998208795,4.380600384305171
10.0,590,0.00010327160356634764,1.0000000008211556,4.380600384305171
10.0,592,0.00010327160356634764,1.0000000001042595,4.380600384305171
10.0,594,0.00010326886263910171,1.0000000007161498,4.380845182243382
10.0,595,0.00010327160356634764,0.9999999998667033,4.380600384305171
10.0,597,0.00010326886263910171,1.0000000014074262,4.380845182243382
10.0,598,0.00010327160356634764,0.999999999421538,4.380600384305171
10.0,600,0.00010326886263910171,1.0000000008109027,4.380845182243382
10.0,601,0.00010327160356634764,1.000000000594841,4.380600384305171
10.0,603,0.00010326886263910171,1.0000000012012995,4.380845182243382
10.0,604,0.00010327160356634764,0.9999999998119691,4.380600384305171
10.0,605,0.00010327160356634764,1.000000000457212,4.380600384305171
10.0,606,0.00010327160356634764,1.0000000005046967,4.380600384305171
10.0,607,0.00010327160356634764,1.0000000001753597,4.380600384305171
10.0,609,0.00010327160356634764,1.000000000191372,4.380600384305171
10.0,611,0.00010326337486254883,1.0000000003929328,4.3813352659248155
10.0,0,-0.43255001351212535,3.7090270691783395e-10,581.8691313510984
50.0,1,0.003185293569185384,1.0000000005302914,2.7382851644765065
50.0,3,0.003185147228345078,0.9999999993331445,2.759115399815683
50.0,5,0.0007632294050679746,1.0000000000617217,43.62075991901769
50.0,7,0.0009010416545515206,1.0000000002440488,42.366640135419495
50.0,9,0.0007639879415810165,1.000000000248244,43.61395578035329
50.0,11,0.0010599746918624328,1.000000000733287,40.87256557694776
50.0,13,0.0031853141397418295,1.0000000001385472,2.7353444243328706
50.0,16,0.0031684218068278648,0.9999999999149612,4.549770369051294
50.0,19,0.003185318531701644,1.0000000008241319,2.734716145776295
50.0,21,0.0031847545960295176,1.000000000883075,2.814241239990112
50.0,23,0.0029580875279840244,1.000000000160838,13.612039375818723
50.0,25,0.0030742469079941197,0.9999999996243695,9.715582940922562
50.0,27,0.0031853411549859806,0.9999999991553044,2.7314775506967157
50.0,29,0.0031744407952545564,1.000000001614418,3.9988165588507316
50.0,31,0.0031744407952545564,1.0000000007221321,3.9988165588507316
50.0,34,0.0031748766877809404,1.0000000002945555,3.9559381515574787
50.0,36,0.003185318181548479,0.9999999997816642,2.7347662411756772
50.0,38,0.003185326644925251,1.0000000007246754,2.7335551532949536
50.0,40,0.0030525553058596785,0.9999999994556361,10.553023062950583
50.0,42,0.0007637447605491339,1.000000000127421,43.616137251012674
50.0,44,0.0007670167189565199,1.0000000005928869,43.58677679535813
50.0,46,0.0007637447605491339,1.0000000003291607,43.616137251012674
50.0,48,0.0007670167189565199,1.000000000444017,43.58677679535813
50.0,50,0.003186577507178419,0.9999999993714604,2.5482386666733046
50.0,53,0.0031865823655851614,1.0000000001887053,2.547492607338856
50.0,56,0.0031865823655851614,1.0000000001310907,2.547492607338856
50.0,59,0.0031865823655851614,0.9999999991218269,2.547492607338856
50.0,62,0.0031851822138812278,1.0000000002572924,2.754149869248217
50.0,65,0.003185238490011289,0.9999999996567089,2.74614370733123
50.0,68,0.003185238490011289,0.9999999999310142,2.74614370733123
50.0,71,0.003183911407805575,0.9999999992682459,2.929121212430598
50.0,74,0.0031634883458552185,1.0000000004275391,4.955891287595548
50.0,77,0.0031852551707478825,0.9999999996866024,2.7437661224638648
50.0,80,0.002940785673683343,0.9999999998787616,14.100580448212929
50.0,82,0.0029416659680291416,0.9999999997492222,14.076133560192018
50.0,84,0.003169883572554883,0.9999999996535702,4.422281575720752
50.0,86,0.003194875903796308,1.000000000237971,0.0
50.0,88,0.0031684284811078667,1.0000000001088285,4.549196386937969
50.0,91,0.0031323676768578784,1.0000000001196667,6.993774053260166
50.0,94,0.00313248724973188,0.9999999996904119,6.987081606411762
50.0,97,0.003185261566573791,0.9999999992247897,2.74285394831339
50.0,100,0.0031882594177909474,1.0000000003233396,2.275394513358442
50.0,102,0.003186060464540066,0.9999999997793019,2.6264248935216594
50.0,104,0.003186060464540066,1.000000000465344,2.6264248935216594
50.0,107,0.0031859147210277074,0.9999999998348703,2.648046913841133
50.0,110,0.0031853141397418295,0.9999999994312536,2.7353444243328706
50.0,112,0.003184858243524822,1.000000000420754,2.799794506775949
50.0,114,0.0007575725261417992,0.9999999999461402,43.6714691838907
50.0,116,0.0009756581632828897,1.0000000002790217,41.67186765612977
50.0,118,0.003168390484060088,0.9999999999366038,4.552463132311251
50.0,121,0.0031853048451385294,1.0000000002372433,2.7366735601374064
50.0,123,0.003165487012029303,0.9999999998739891,4.795507915156257
50.0,125,0.002008705338160041,0.9999999998910574,30.46608005289624
50.0,128,0.0026734737329664453,1.0000000004385006,20.198979336868078
50.0,130,0.0030739687232925793,0.9999999988283398,9.726779130177333
50.0,132,0.0031853072879887024,0.999999999948102,2.736324293125803
50.0,134,0.003185241640547755,0.9999999997242561,2.7456948040629627
50.0,135,0.003168598722194599,1.0000000002454705,4.5345312442123005
50.0,137,0.003168598722194599,1.0000000000793265,4.5345312442123005
50.0,140,0.003168663566664529,1.000000000058062,4.528932833688872
50.0,142,0.0031852951799859826,0.9999999996236665,2.738055000485007
50.0,145,0.0031852951799859826,1.0000000014552708,2.738055000485007
50.0,147,0.0031851318771058293,1.000000000342097,2.761291397220719
50.0,149,0.0028199090820960377,1.0000000003423952,17.129292609582922
50.0,151,0.002954196690567737,0.9999999995536215,13.723418231065708
50.0,152,0.0031851753610623954,1.0000000003943952,2.7551232011689013
50.0,154,0.0031851753610623954,0.9999999992880384,2.7551232011689013
50.0,156,0.0031851753610623954,1.000000000537131,2.7551232011689013
50.0,158,0.0031948755728710538,1.000000000162399,0.016091923638702973
50.0,160,0.0031851753610623954,1.0000000005437537,2.7551232011689013
50.0,162,0.0031948755728710538,1.0000000002725074,0.016091923638702973
50.0,164,0.000764218229630255,1.0000000005468377,43.61188986640833
50.0,166,0.0007633751464866914,0.9999999991170099,43.61945268815586
50.0,169,0.0007633751464866914,1.0000000000603,43.61945268815586
50.0,171,0.000769969623112543,0.9999999998132887,43.560262338839074
50.0,173,0.0007633751464866914,1.0000000001766076,43.61945268815586
50.0,175,0.000769969623112543,1.0000000003471416,43.560262338839074
50.0,177,0.0007633751464866914,0.999999999872992,43.61945268815586
50.0,179,0.000769969623112543,1.0000000004446634,43.560262338839074
50.0,181,0.0031851822138812278,1.000000000207543,2.754149869248217
50.0,184,0.0031851822138812278,0.9999999997033338,2.754149869248217
50.0,186,0.0031851822138812278,1.0000000003135474,2.754149869248217
50.0,189,0.0031853496089877527,1.0000000014611587,2.7302663474754754
50.0,191,0.0031853596528989355,0.9999999993741936,2.728826659474686
50.0,192,0.0031852522903989397,0.9999999993759434,2.7441768194648244
50.0,194,0.0031852445982114373,1.000000000458968,2.745273315415976
50.0,195,0.00316388793348385,1.0000000010694816,4.924244097698194
50.0,197,0.0031638740604257518,0.9999999995461312,4.925346246040596
50.0,199,0.00318520369492525,0.9999999996149584,2.7510966033112645
50.0,201,0.0031852044953904987,1.000000000048341,2.750982761539387
50.0,203,0.00318520369492525,0.9999999997336717,2.7510966033112645
50.0,205,0.0031852044953904987,0.999999999778012,2.750982761539387
50.0,207,0.0031944737870208857,1.0000000002101894,0.5609434781842924
50.0,209,0.003194843386847893,1.0000000004843372,0.1595136667991456
50.0,211,0.0007605476099942737,0.9999999997463351,43.644807350021274
50.0,213,0.0007605415023753332,0.9999999998531852,43.644862101404954
50.0,215,0.003185315302511292,0.9999999998228507,2.735178101902854
50.0,218,0.0031852883089877495,0.9999999999060312,2.7390366486149396
50.0,221,0.0031683589224358456,0.9999999994495512,4.555174819577347
50.0,223,0.0031683600021403624,0.9999999995711439,4.5550820810256605
50.0,225,0.003185299965011292,0.9999999996445832,2.737371163907096
50.0,227,0.002800312960069222,0.9999999997181569,17.57118919440943
50.0,229,0.0007637511800632837,0.999999999930637,43.61607966576149
50.0,232,0.0007637511800632837,1.0000000000617555,43.61607966576149
50.0,234,0.000830716885059628,1.0000000002110279,43.01117924354588
50.0,236,0.0007637511800632837,0.9999999996750707,43.61607966576149
50.0,238,0.000830716885059628,1.000000000617856,43.01117924354588
50.0,240,0.0007637511800632837,0.9999999990602382,43.61607966576149
50.0,242,0.000830716885059628,1.0000000002890694,43.01117924354588
50.0,244,0.0007637511800632837,1.000000000171728,43.61607966576149
50.0,246,0.000830716885059628,1.0000000012498038,43.01117924354588
50.0,248,0.0007637511800632837,1.0000000001365108,43.61607966576149
50.0,250,0.000830716885059628,1.0000000005714385,43.01117924354588
50.0,252,0.0007637511800632837,1.0000000003253895,43.61607966576149
50.0,254,0.000830716885059628,1.0000000000502474,43.01117924354588
50.0,256,0.0007637511800632837,0.9999999997026532,43.61607966576149
50.0,258,0.000830716885059628,0.9999999998527772,43.01117924354588
50.0,260,0.0007637511800632837,0.9999999999071629,43.61607966576149
50.0,262,0.000830716885059628,1.0000000002168279,43.01117924354588
50.0,264,0.0007637511800632837,0.9999999997856392,43.61607966576149
50.0,266,0.000830716885059628,0.999999999899912,43.01117924354588
50.0,268,0.0007637511800632837,0.9999999997957021,43.61607966576149
50.0,270,0.000830716885059628,1.0000000000076732,43.01117924354588
50.0,272,0.0007637511800632837,1.0000000002236449,43.61607966576149
50.0,274,0.000830716885059628,1.0000000009475962,43.01117924354588
50.0,276,0.0007637511800632837,0.9999999999677004,43.61607966576149
50.0,278,0.000830716885059628,1.0000000005278518,43.01117924354588
50.0,280,0.0007637511800632837,0.9999999997317343,43.61607966576149
50.0,282,0.000830716885059628,0.9999999997911508,43.01117924354588
50.0,284,0.0007637511800632837,0.9999999998709543,43.61607966576149
50.0,286,0.000830716885059628,1.0000000003000273,43.01117924354588
50.0,288,0.0007637511800632837,1.0000000000522873,43.61607966576149
50.0,290,0.000830716885059628,1.0000000004209082,43.01117924354588
50.0,292,0.0007637511800632837,0.9999999991875699,43.61607966576149
50.0,294,0.000830716885059628,1.0000000005733405,43.01117924354588
50.0,296,0.0007637511800632837,0.9999999999878867,43.61607966576149
50.0,298,0.000830716885059628,1.0000000008996786,43.01117924354588
50.0,300,0.0007637511800632837,1.0000000004016312,43.61607966576149
50.0,302,0.000830716885059628,1.000000000279599,43.01117924354588
50.0,304,0.0007637511800632837,0.9999999996881872,43.61607966576149
50.0,306,0.000830716885059628,1.0000000004056009,43.01117924354588
50.0,308,0.0007637511800632837,0.9999999994211706,43.61607966576149
50.0,310,0.000830716885059628,1.0000000011822072,43.01117924354588
50.0,312,0.0007637511800632837,1.00000000034829,43.61607966576149
50.0,314,0.000830716885059628,1.0000000004434868,43.01117924354588
50.0,315,0.0031703524712108034,0.9999999999559441,4.380600384305171
50.0,317,0.0031703524712108034,0.9999999998845202,4.380600384305171
50.0,319,0.0031703524712108034,0.9999999996882536,4.380600384305171
50.0,321,0.0031703524712108034,0.9999999998318635,4.380600384305171
50.0,323,0.0031703524712108034,0.9999999996658209,4.380600384305171
50.0,325,0.0031703524712108034,0.999999999436734,4.380600384305171
50.0,327,0.0031703524712108034,0.9999999999489044,4.380600384305171
50.0,329,0.0031703524712108034,0.9999999995828817,4.380600384305171
50.0,331,0.0031703524712108034,0.9999999997814604,4.380600384305171
50.0,333,0.0031703524712108034,0.9999999997274375,4.380600384305171
50.0,335,0.0031703524712108034,0.9999999998379145,4.380600384305171
50.0,337,0.0031703524712108034,0.9999999985477088,4.380600384305171
50.0,339,0.0031703524712108034,0.99999999943609,4.380600384305171
50.0,341,0.0031703524712108034,0.9999999998231288,4.380600384305171
50.0,343,0.0031703524712108034,0.9999999994824462,4.380600384305171
50.0,345,0.0031703524712108034,0.9999999999126141,4.380600384305171
50.0,347,0.0031703524712108034,0.999999999763941,4.380600384305171
50.0,349,0.0031703524712108034,0.9999999997374655,4.380600384305171
50.0,351,0.0031703524712108034,1.000000000030664,4.380600384305171
50.0,353,0.0031703524712108034,0.9999999992866185,4.380600384305171
50.0,355,0.0031703524712108034,0.9999999994230186,4.380600384305171
50.0,356,0.0031703524712108034,0.999999999406451,4.380600384305171
50.0,357,0.0031703524712108034,0.9999999997814374,4.380600384305171
50.0,358,0.0031703524712108034,0.9999999995864013,4.380600384305171
50.0,359,0.0031703524712108034,0.9999999994059963,4.380600384305171
50.0,360,0.0031703524712108034,0.999999999665419,4.380600384305171
50.0,361,0.0031703524712108034,1.000000000001226,4.380600384305171
50.0,362,0.0031703524712108034,0.9999999993431111,4.380600384305171
50.0,363,0.0031703524712108034,1.0000000018022033,4.380600384305171
50.0,364,0.0031703524712108034,0.9999999997368234,4.380600384305171
50.0,365,0.0031703524712108034,0.9999999997169516,4.380600384305171
50.0,366,0.0031703524712108034,0.9999999995196964,4.380600384305171
50.0,367,0.0031703524712108034,0.9999999996531583,4.380600384305171
50.0,368,0.0031703524712108034,0.999999999067789,4.380600384305171
50.0,369,0.0031703524712108034,0.9999999996948764,4.380600384305171
50.0,370,0.0031703524712108034,0.9999999983912674,4.380600384305171
50.0,371,0.0031703524712108034,0.9999999996480271,4.380600384305171
50.0,372,0.0031703524712108034,0.9999999990349752,4.380600384305171
50.0,373,0.0031703524712108034,0.9999999993509678,4.380600384305171
50.0,374,0.0031703524712108034,0.9999999991242466,4.380600384305171
50.0,376,0.0031703524712108034,0.9999999995859523,4.380600384305171
50.0,378,0.0031703524712108034,0.999999999059136,4.380600384305171
50.0,380,0.0031703524712108034,0.9999999993691532,4.380600384305171
50.0,382,0.0031703524712108034,0.9999999997464136,4.380600384305171
50.0,384,0.0031703524712108034,0.9999999992852018,4.380600384305171
50.0,386,0.0031703524712108034,0.9999999999120575,4.380600384305171
50.0,388,0.0031703524712108034,0.9999999996625342,4.380600384305171
50.0,390,0.0031703524712108034,1.0000000000031186,4.380600384305171
50.0,392,0.0031703524712108034,0.9999999997745816,4.380600384305171
50.0,394,0.0031703524712108034,0.9999999998452282,4.380600384305171
50.0,396,0.0031703524712108034,0.9999999994391435,4.380600384305171
50.0,398,0.0031703524712108034,0.9999999997394198,4.380600384305171
50.0,400,0.0031703524712108034,1.0000000000412554,4.380600384305171
50.0,402,0.0031703524712108034,0.9999999996675899,4.380600384305171
50.0,404,0.0031703524712108034,0.9999999996707982,4.380600384305171
50.0,406,0.0031703524712108034,1.0000000002137024,4.380600384305171
50.0,408,0.0031703524712108034,0.9999999995266803,4.380600384305171
50.0,411,0.0031703524712108034,0.9999999995230757,4.380600384305171
50.0,414,0.0031703524712108034,0.9999999998233142,4.380600384305171
50.0,417,0.0031703524712108034,0.9999999997473136,4.380600384305171
50.0,420,0.0031703524712108034,0.9999999995723806,4.380600384305171
50.0,423,0.0031703524712108034,0.9999999994230533,4.380600384305171
50.0,426,0.0031703524712108034,0.9999999994707582,4.380600384305171
50.0,429,0.0031703524712108034,1.0000000001271223,4.380600384305171
50.0,432,0.0031703524712108034,0.9999999998598574,4.380600384305171
50.0,435,0.0031703524712108034,0.9999999993533746,4.380600384305171
50.0,438,0.0031703524712108034,0.9999999999522361,4.380600384305171
50.0,441,0.0031703524712108034,0.9999999998163946,4.380600384305171
50.0,444,0.0031703524712108034,0.9999999994009103,4.380600384305171
50.0,447,0.0031703524712108034,1.000000000365147,4.380600384305171
50.0,450,0.0031703524712108034,0.999999999869774,4.380600384305171
50.0,453,0.0031703524712108034,1.0000000001847522,4.380600384305171
50.0,456,0.0031703524712108034,0.9999999994926767,4.380600384305171
50.0,458,0.0031703524712108034,0.9999999996335581,4.380600384305171
50.0,459,0.0031703524712108034,1.0000000000564895,4.380600384305171
50.0,460,0.0031703524712108034,0.999999999575137,4.380600384305171
50.0,461,0.0031703524712108034,1.0000000005497798,4.380600384305171
50.0,462,0.0031703524712108034,0.9999999995997293,4.380600384305171
50.0,463,0.0031703524712108034,0.9999999997298635,4.380600384305171
50.0,464,0.0031703524712108034,0.9999999989641211,4.380600384305171
50.0,465,0.0031703524712108034,0.999999999217583,4.380600384305171
50.0,466,0.0031703524712108034,0.9999999999195469,4.380600384305171
50.0,467,0.0031703524712108034,1.0000000018330657,4.380600384305171
50.0,468,0.0031703524712108034,1.0000000001083569,4.380600384305171
50.0,469,0.0031703524712108034,0.9999999999944623,4.380600384305171
50.0,470,0.0031703524712108034,0.9999999996076806,4.380600384305171
50.0,471,0.0031703524712108034,0.9999999986573451,4.380600384305171
50.0,472,0.0031703524712108034,0.9999999995963615,4.380600384305171
50.0,473,0.0031703524712108034,0.9999999999047472,4.380600384305171
50.0,475,0.0031703524712108034,0.9999999998796286,4.380600384305171
50.0,477,0.0031703524712108034,0.9999999995940506,4.380600384305171
50.0,479,0.0031703524712108034,0.9999999995125339,4.380600384305171
50.0,481,0.0031703524712108034,0.99999999938682,4.380600384305171
50.0,483,0.0031703524712108034,0.9999999994724169,4.380600384305171
50.0,485,0.0031703524712108034,0.999999999183538,4.380600384305171
50.0,487,0.0031703524712108034,0.9999999997603243,4.380600384305171
50.0,489,0.0031703524712108034,0.9999999993799702,4.380600384305171
50.0,491,0.0031703524712108034,0.9999999995311248,4.380600384305171
50.0,493,0.0031703524712108034,0.9999999992319677,4.380600384305171
50.0,495,0.0031703524712108034,0.9999999998897302,4.380600384305171
50.0,497,0.0031703524712108034,0.9999999991099007,4.380600384305171
50.0,499,0.0031703524712108034,0.999999999417311,4.380600384305171
50.0,501,0.0031703524712108034,0.9999999997601674,4.380600384305171
50.0,502,0.0031703524712108034,0.9999999995785962,4.380600384305171
50.0,503,0.0031703524712108034,0.9999999992234025,4.380600384305171
50.0,504,0.0031703524712108034,0.9999999994672424,4.380600384305171
50.0,505,0.0031703524712108034,0.9999999996155203,4.380600384305171
50.0,506,0.0031703524712108034,0.9999999998843356,4.380600384305171
50.0,507,0.0031703524712108034,0.9999999995076356,4.380600384305171
50.0,508,0.0031703524712108034,0.9999999998709996,4.380600384305171
50.0,509,0.0031703524712108034,0.9999999996457323,4.380600384305171
50.0,510,0.0031703524712108034,1.000000000376812,4.380600384305171
50.0,511,0.0031703524712108034,0.9999999994377229,4.380600384305171
50.0,512,0.0031703524712108034,0.9999999986105801,4.380600384305171
50.0,513,0.0031703524712108034,0.9999999999562363,4.380600384305171
50.0,514,0.0031703524712108034,1.0000000002520917,4.380600384305171
50.0,515,0.0031703524712108034,0.999999998334001,4.380600384305171
50.0,516,0.0031703524712108034,0.9999999993166602,4.380600384305171
50.0,517,0.0031703524712108034,0.9999999995267302,4.380600384305171
50.0,518,0.0031703524712108034,0.999999999640585,4.380600384305171
50.0,519,0.0031703524712108034,0.9999999994561016,4.380600384305171
50.0,520,0.0031703524712108034,0.9999999995922051,4.380600384305171
50.0,521,0.0031703524712108034,1.0000000002191434,4.380600384305171
50.0,522,0.0031703524712108034,0.9999999989373716,4.380600384305171
50.0,523,0.0031703524712108034,1.000000000245889,4.380600384305171
50.0,524,0.0031703524712108034,0.9999999996982986,4.380600384305171
50.0,525,0.0031703524712108034,0.9999999990448993,4.380600384305171
50.0,526,0.0031703524712108034,0.9999999994459817,4.380600384305171
50.0,527,0.0031703524712108034,0.9999999993599487,4.380600384305171
50.0,528,0.0031703524712108034,0.9999999992779518,4.380600384305171
50.0,529,0.0031703524712108034,0.9999999997372622,4.380600384305171
50.0,530,0.0031703524712108034,0.9999999997313724,4.380600384305171
50.0,531,0.0031703524712108034,0.9999999987937009,4.380600384305171
50.0,532,0.0031703524712108034,0.9999999996274714,4.380600384305171
50.0,533,0.0031703524712108034,1.0000000000366431,4.380600384305171
50.0,534,0.0031703524712108034,0.9999999993849789,4.380600384305171
50.0,535,0.0031703524712108034,0.9999999994645492,4.380600384305171
50.0,537,0.0031703524712108034,0.9999999987278381,4.380600384305171
50.0,539,0.0031703524712108034,0.999999999805869,4.380600384305171
50.0,541,0.0031703524712108034,0.9999999998790057,4.380600384305171
50.0,543,0.0031703524712108034,0.9999999997224407,4.380600384305171
50.0,545,0.0031703524712108034,1.0000000000606053,4.380600384305171
50.0,547,0.0031703524712108034,0.9999999996087217,4.380600384305171
50.0,549,0.0031703524712108034,1.0000000005888832,4.380600384305171
50.0,551,0.0031703524712108034,1.0000000002219087,4.380600384305171
50.0,553,0.0031703524712108034,0.999999999375055,4.380600384305171
50.0,555,0.0031703524712108034,1.000000000329612,4.380600384305171
50.0,557,0.0031703524712108034,0.99999999948216,4.380600384305171
50.0,559,0.0031703524712108034,1.000000000556239,4.380600384305171
50.0,561,0.0031703524712108034,0.9999999995972768,4.380600384305171
50.0,563,0.0031703524712108034,0.9999999995306297,4.380600384305171
50.0,565,0.0031703524712108034,0.999999999277016,4.380600384305171
50.0,567,0.0031703524712108034,0.9999999991922222,4.380600384305171
50.0,569,0.0031703524712108034,0.999999999227948,4.380600384305171
50.0,570,0.0031703524712108034,0.9999999997652846,4.380600384305171
50.0,571,0.0031703524712108034,0.9999999995135305,4.380600384305171
50.0,572,0.0031703524712108034,0.9999999996354773,4.380600384305171
50.0,573,0.0031703524712108034,0.9999999986935073,4.380600384305171
50.0,574,0.0031703524712108034,0.9999999996036149,4.380600384305171
50.0,575,0.0031703524712108034,0.9999999999656342,4.380600384305171
50.0,576,0.0031703524712108034,0.9999999992715002,4.380600384305171
50.0,577,0.0031703524712108034,0.999999999435676,4.380600384305171
50.0,578,0.0031703524712108034,0.9999999994719155,4.380600384305171
50.0,579,0.0031703524712108034,0.9999999994133493,4.380600384305171
50.0,580,0.0031703524712108034,0.9999999998056712,4.380600384305171
50.0,581,0.0031703524712108034,0.9999999993051194,4.380600384305171
50.0,582,0.0031703524712108034,0.9999999996167692,4.380600384305171
50.0,584,0.0031703524712108034,0.9999999984708777,4.380600384305171
50.0,586,0.0031703524712108034,0.9999999990330543,4.380600384305171
50.0,588,0.0031703524712108034,0.9999999999719844,4.380600384305171
50.0,590,0.0031703524712108034,1.0000000000502662,4.380600384305171
50.0,592,0.0031703524712108034,0.9999999994233486,4.380600384305171
50.0,594,0.0031703497302835574,0.9999999996509616,4.380845182243382
50.0,595,0.0031703524712108034,0.9999999999718787,4.380600384305171
50.0,597,0.0031703497302835574,0.9999999997067941,4.380845182243382
50.0,598,0.0031703524712108034,0.9999999996792643,4.380600384305171
50.0,600,0.0031703497302835574,0.9999999997135707,4.380845182243382
50.0,601,0.0031703524712108034,0.9999999997715192,4.380600384305171
50.0,603,0.0031703497302835574,1.0000000006221341,4.380845182243382
50.0,604,0.0031703524712108034,0.9999999990466872,4.380600384305171
50.0,605,0.0031703524712108034,0.9999999997222839,4.380600384305171
50.0,606,0.0031703524712108034,0.9999999992184139,4.380600384305171
50.0,607,0.0031703524712108034,0.9999999992918653,4.380600384305171
50.0,609,0.0031703524712108034,0.9999999995030906,4.380600384305171
50.0,611,0.0031703442425070043,0.9999999999108427,4.3813352659248155
50.0,0,-0.4294829326444809,-4.3784133315103447e-10,581.8691313510984
100.0,1,0.012769921280574309,0.9999999998377481,2.7382851644765065
100.0,3,0.012769774939734002,0.9999999998539378,2.759115399815683
100.0,5,0.010347857116456898,1.0000000004320881,43.62075991901769
100.0,7,0.010485669365940444,0.9999999994847614,42.366640135419495
100.0,9,0.01034861565296994,1.0000000001074656,43.61395578035329
100.0,11,0.010644602403251357,0.9999999995555697,40.87256557694776
100.0,13,0.012769941851130753,0.9999999997849063,2.7353444243328706
100.0,16,0.012753049518216788,1.000000000599047,4.549770369051294
100.0,19,0.012769946243090568,0.9999999999679072,2.734716145776295
100.0,21,0.01276938230741844,0.999999999866994,2.814241239990112
100.0,23,0.012542715239372948,0.9999999994669898,13.612039375818723
100.0,25,0.012658874619383044,1.0000000003773026,9.715582940922562
100.0,27,0.012769968866374905,0.9999999993131247,2.7314775506967157
100.0,29,0.01275906850664348,0.9999999997646208,3.9988165588507316
100.0,31,0.01275906850664348,1.0000000001072027,3.9988165588507316
100.0,34,0.012759504399169865,0.9999999997738245,3.9559381515574787
100.0,36,0.012769945892937402,0.9999999994945039,2.7347662411756772
100.0,38,0.012769954356314174,0.9999999999152509,2.7335551532949536
100.0,40,0.012637183017248602,1.0000000000291742,10.553023062950583
100.0,42,0.010348372471938058,1.0000000010840062,43.616137251012674
100.0,44,0.010351644430345443,1.0000000001073281,43.58677679535813
100.0,46,0.010348372471938058,0.9999999998561326,43.616137251012674
100.0,48,0.010351644430345443,0.9999999996035287,43.58677679535813
100.0,50,0.012771205218567342,1.0000000004368141,2.5482386666733046
100.0,53,0.012771210076974085,1.000000000183988,2.547492607338856
100.0,56,0.012771210076974085,1.0000000005056822,2.547492607338856
100.0,59,0.012771210076974085,0.9999999997060303,2.547492607338856
100.0,62,0.012769809925270152,1.0000000000542602,2.754149869248217
100.0,65,0.012769866201400214,1.0000000005564547,2.74614370733123
100.0,68,0.012769866201400214,1.0000000006188716,2.74614370733123
100.0,71,0.012768539119194499,0.9999999995325721,2.929121212430598
100.0,74,0.012748116057244142,0.9999999999210586,4.955891287595548
100.0,77,0.012769882882136806,1.0000000002704326,2.7437661224638648
100.0,80,0.012525413385072267,0.9999999996441538,14.100580448212929
100.0,82,0.012526293679418066,0.9999999999279505,14.076133560192018
100.0,84,0.012754511283943807,0.9999999998280238,4.422281575720752
100.0,86,0.012779503615185232,1.0000000003096723,0.0
100.0,88,0.012753056192496792,1.0000000000091835,4.549196386937969
100.0,91,0.012716995388246803,0.9999999998321059,6.993774053260166
100.0,94,0.012717114961120804,0.9999999999510771,6.987081606411762
100.0,97,0.012769889277962715,1.0000000004521905,2.74285394831339
100.0,100,0.012772887129179872,0.999999999822388,2.275394513358442
100.0,102,0.01277068817592899,0.9999999998331437,2.6264248935216594
100.0,104,0.01277068817592899,0.9999999995648465,2.6264248935216594
100.0,107,0.012770542432416631,1.0000000015260717,2.648046913841133
100.0,110,0.012769941851130753,0.9999999988905575,2.7353444243328706
100.0,112,0.012769485954913746,0.9999999997298684,2.799794506775949
100.0,114,0.010342200237530724,1.0000000002321907,43.6714691838907
100.0,116,0.010560285874671813,1.0000000004393779,41.67186765612977
100.0,118,0.012753018195449013,1.0000000004594534,4.552463132311251
100.0,121,0.012769932556527454,0.9999999996316898,2.7366735601374064
100.0,123,0.012750114723418228,0.9999999999826634,4.795507915156257
100.0,125,0.011593333049548965,1.0000000001804503,30.46608005289624
100.0,128,0.012258101444355369,0.9999999998117831,20.198979336868078
100.0,130,0.012658596434681504,1.0000000004225869,9.726779130177333
100.0,132,0.012769934999377626,0.9999999997064734,2.736324293125803
100.0,134,0.012769869351936679,1.0000000003412806,2.7456948040629627
100.0,135,0.012753226433583523,0.9999999999507233,4.5345312442123005
100.0,137,0.012753226433583523,1.0000000003776588,4.5345312442123005
100.0,140,0.012753291278053453,0.9999999989237356,4.528932833688872
100.0,142,0.012769922891374906,0.999999998997843,2.738055000485007
100.0,145,0.012769922891374906,0.9999999999733895,2.738055000485007
100.0,147,0.012769759588494753,0.9999999995809161,2.761291397220719
100.0,149,0.012404536793484962,1.0000000000735936,17.129292609582922
100.0,151,0.012538824401956661,0.9999999995959958,13.723418231065708
100.0,152,0.012769803072451319,1.0000000001268292,2.7551232011689013
100.0,154,0.012769803072451319,0.999999999854562,2.7551232011689013
100.0,156,0.012769803072451319,0.9999999998233623,2.7551232011689013
100.0,158,0.012779503284259978,0.9999999997138935,0.016091923638702973
100.0,160,0.012769803072451319,0.9999999999688832,2.7551232011689013
100.0,162,0.012779503284259978,1.0000000001721943,0.016091923638702973
100.0,164,0.010348845941019178,1.000000000293922,43.61188986640833
100.0,166,0.010348002857875616,0.9999999999844904,43.61945268815586
100.0,169,0.010348002857875616,1.0000000008957413,43.61945268815586
100.0,171,0.010354597334501467,1.0000000003715592,43.560262338839074
100.0,173,0.010348002857875616,1.0000000006217653,43.61945268815586
100.0,175,0.010354597334501467,0.9999999996030697,43.560262338839074
100.0,177,0.010348002857875616,1.0000000005411867,43.61945268815586
100.0,179,0.010354597334501467,0.9999999997751818,43.560262338839074
100.0,181,0.012769809925270152,0.999999999978543,2.754149869248217
100.0,184,0.012769809925270152,1.000000000077355,2.754149869248217
100.0,186,0.012769809925270152,1.0000000002198823,2.754149869248217
100.0,189,0.012769977320376677,0.9999999991875861,2.7302663474754754
100.0,191,0.012769987364287859,0.9999999994026132,2.728826659474686
100.0,192,0.012769880001787864,1.0000000005340501,2.7441768194648244
100.0,194,0.01276987230960036,1.000000000428741,2.745273315415976
100.0,195,0.012748515644872773,1.0000000005740608,4.924244097698194
100.0,197,0.012748501771814675,0.9999999998589907,4.925346246040596
100.0,199,0.012769831406314174,0.9999999996746908,2.7510966033112645
100.0,201,0.012769832206779424,1.0000000005573089,2.750982761539387
100.0,203,0.012769831406314174,1.0000000003964722,2.7510966033112645
100.0,205,0.012769832206779424,1.0000000006138396,2.750982761539387
100.0,207,0.01277910149840981,1.0000000011577548,0.5609434781842924
100.0,209,0.012779471098236817,1.0000000001946123,0.1595136667991456
100.0,211,0.010345175321383198,0.9999999997215755,43.644807350021274
100.0,213,0.010345169213764258,0.9999999999178886,43.644862101404954
100.0,215,0.012769943013900215,0.9999999996746062,2.735178101902854
100.0,218,0.012769916020376674,1.0000000006046559,2.7390366486149396
100.0,221,0.01275298663382477,1.0000000003863405,4.555174819577347
100.0,223,0.012752987713529286,1.0000000000473739,4.5550820810256605
100.0,225,0.012769927676400216,0.9999999997565149,2.737371163907096
100.0,227,0.012384940671458147,1.0000000003792642,17.57118919440943
100.0,229,0.010348378891452207,0.999999999988738,43.61607966576149
100.0,232,0.010348378891452207,0.9999999990900728,43.61607966576149
100.0,234,0.010415344596448552,1.0000000001093865,43.01117924354588
100.0,236,0.010348378891452207,0.9999999997375378,43.61607966576149
100.0,238,0.010415344596448552,0.9999999995199812,43.01117924354588
100.0,240,0.010348378891452207,1.0000000003906233,43.61607966576149
100.0,242,0.010415344596448552,0.9999999999195376,43.01117924354588
100.0,244,0.010348378891452207,1.000000000097519,43.61607966576149
100.0,246,0.010415344596448552,0.9999999995881248,43.01117924354588
100.0,248,0.010348378891452207,1.0000000001732436,43.61607966576149
100.0,250,0.010415344596448552,0.9999999996632913,43.01117924354588
100.0,252,0.010348378891452207,1.0000000002490066,43.61607966576149
100.0,254,0.010415344596448552,0.9999999995989455,43.01117924354588
100.0,256,0.010348378891452207,1.0000000004454903,43.61607966576149
100.0,258,0.010415344596448552,0.9999999999987677,43.01117924354588
100.0,260,0.010348378891452207,0.9999999999406919,43.61607966576149
100.0,262,0.010415344596448552,0.9999999994564026,43.01117924354588
100.0,264,0.010348378891452207,0.9999999999300326,43.61607966576149
100.0,266,0.010415344596448552,1.0000000001023683,43.01117924354588
100.0,268,0.010348378891452207,0.9999999999183485,43.61607966576149
100.0,270,0.010415344596448552,0.9999999986957978,43.01117924354588
100.0,272,0.010348378891452207,0.9999999999324666,43.61607966576149
100.0,274,0.010415344596448552,0.9999999998948602,43.01117924354588
100.0,276,0.010348378891452207,1.0000000000104872,43.61607966576149
100.0,278,0.010415344596448552,0.9999999997038509,43.01117924354588
100.0,280,0.010348378891452207,0.9999999999825582,43.61607966576149
100.0,282,0.010415344596448552,0.9999999996538183,43.01117924354588
100.0,284,0.010348378891452207,0.999999999897512,43.61607966576149
100.0,286,0.010415344596448552,0.9999999992685065,43.01117924354588
100.0,288,0.010348378891452207,0.99999999959625,43.61607966576149
100.0,290,0.010415344596448552,0.9999999998659802,43.01117924354588
100.0,292,0.010348378891452207,1.0000000000170162,43.61607966576149
100.0,294,0.010415344596448552,1.0000000002745861,43.01117924354588
100.0,296,0.010348378891452207,0.9999999998307181,43.61607966576149
100.0,298,0.010415344596448552,0.9999999997028512,43.01117924354588
100.0,300,0.010348378891452207,1.0000000003268836,43.61607966576149
100.0,302,0.010415344596448552,0.9999999996902821,43.01117924354588
100.0,304,0.010348378891452207,1.0000000003566374,43.61607966576149
100.0,306,0.010415344596448552,1.0000000001080633,43.01117924354588
100.0,308,0.010348378891452207,1.0000000006294254,43.61607966576149
100.0,310,0.010415344596448552,0.9999999992591619,43.01117924354588
100.0,312,0.010348378891452207,0.9999999997685459,43.61607966576149
100.0,314,0.010415344596448552,0.9999999998363478,43.01117924354588
100.0,315,0.012754980182599728,1.0000000005087757,4.380600384305171
100.0,317,0.012754980182599728,0.9999999998642836,4.380600384305171
100.0,319,0.012754980182599728,1.0000000002676952,4.380600384305171
100.0,321,0.012754980182599728,1.0000000007730379,4.380600384305171
100.0,323,0.012754980182599728,1.0000000005548078,4.380600384305171
100.0,325,0.012754980182599728,0.9999999998650998,4.380600384305171
100.0,327,0.012754980182599728,1.0000000005842624,4.380600384305171
100.0,329,0.012754980182599728,1.0000000000438733,4.380600384305171
100.0,331,0.012754980182599728,1.0000000004106822,4.380600384305171
100.0,333,0.012754980182599728,0.9999999998550222,4.380600384305171
100.0,335,0.012754980182599728,0.9999999999661622,4.380600384305171
100.0,337,0.012754980182599728,1.0000000000095413,4.380600384305171
100.0,339,0.012754980182599728,1.000000000283912,4.380600384305171
100.0,341,0.012754980182599728,1.000000000949804,4.380600384305171
100.0,343,0.012754980182599728,1.0000000001165175,4.380600384305171
100.0,345,0.012754980182599728,1.0000000003585585,4.380600384305171
100.0,347,0.012754980182599728,1.0000000013101729,4.380600384305171
100.0,349,0.012754980182599728,0.9999999998890547,4.380600384305171
100.0,351,0.012754980182599728,1.000000000810735,4.380600384305171
100.0,353,0.012754980182599728,1.0000000003876455,4.380600384305171
100.0,355,0.012754980182599728,1.0000000004095915,4.380600384305171
100.0,356,0.012754980182599728,0.9999999996077318,4.380600384305171
100.0,357,0.012754980182599728,1.000000000258112,4.380600384305171
100.0,358,0.012754980182599728,1.0000000001964007,4.380600384305171
100.0,359,0.012754980182599728,0.999999999747091,4.380600384305171
100.0,360,0.012754980182599728,1.0000000004922138,4.380600384305171
100.0,361,0.012754980182599728,1.0000000011523347,4.380600384305171
100.0,362,0.012754980182599728,1.0000000003462182,4.380600384305171
100.0,363,0.012754980182599728,1.0000000006528982,4.380600384305171
100.0,364,0.012754980182599728,1.000000000467033,4.380600384305171
100.0,365,0.012754980182599728,1.0000000007645204,4.380600384305171
100.0,366,0.012754980182599728,1.0000000004467258,4.380600384305171
100.0,367,0.012754980182599728,1.0000000006516203,4.380600384305171
100.0,368,0.012754980182599728,0.9999999999937892,4.380600384305171
100.0,369,0.012754980182599728,1.0000000003505116,4.380600384305171
100.0,370,0.012754980182599728,1.000000001806244,4.380600384305171
100.0,371,0.012754980182599728,1.0000000010795658,4.380600384305171
100.0,372,0.012754980182599728,1.0000000001838156,4.380600384305171
100.0,373,0.012754980182599728,1.0000000009497958,4.380600384305171
100.0,374,0.012754980182599728,1.0000000006970913,4.380600384305171
100.0,376,0.012754980182599728,1.0000000002790792,4.380600384305171
100.0,378,0.012754980182599728,1.0000000000337381,4.380600384305171
100.0,380,0.012754980182599728,0.9999999997471125,4.380600384305171
100.0,382,0.012754980182599728,1.0000000003126799,4.380600384305171
100.0,384,0.012754980182599728,1.000000000649298,4.380600384305171
100.0,386,0.012754980182599728,1.0000000002879663,4.380600384305171
100.0,388,0.012754980182599728,0.9999999997312159,4.380600384305171
100.0,390,0.012754980182599728,1.000000000465107,4.380600384305171
100.0,392,0.012754980182599728,1.0000000003634444,4.380600384305171
100.0,394,0.012754980182599728,0.9999999999182515,4.380600384305171
100.0,396,0.012754980182599728,1.0000000004537495,4.380600384305171
100.0,398,0.012754980182599728,1.0000000006908425,4.380600384305171
100.0,400,0.012754980182599728,1.000000000156252,4.380600384305171
100.0,402,0.012754980182599728,1.0000000004086678,4.380600384305171
100.0,404,0.012754980182599728,1.000000000363332,4.380600384305171
100.0,406,0.012754980182599728,1.0000000004098224,4.380600384305171
100.0,408,0.012754980182599728,1.0000000003541258,4.380600384305171
100.0,411,0.012754980182599728,1.0000000003761393,4.380600384305171
100.0,414,0.012754980182599728,1.0000000002805804,4.380600384305171
100.0,417,0.012754980182599728,1.0000000013443902,4.380600384305171
100.0,420,0.012754980182599728,1.0000000000077276,4.380600384305171
100.0,423,0.012754980182599728,1.0000000008443624,4.380600384305171
100.0,426,0.012754980182599728,1.00000000053402,4.380600384305171
100.0,429,0.012754980182599728,1.0000000000568794,4.380600384305171
100.0,432,0.012754980182599728,1.0000000005740755,4.380600384305171
100.0,435,0.012754980182599728,1.0000000005769194,4.380600384305171
100.0,438,0.012754980182599728,1.0000000007385106,4.380600384305171
100.0,441,0.012754980182599728,0.9999999999165162,4.380600384305171
100.0,444,0.012754980182599728,0.9999999993113466,4.380600384305171
100.0,447,0.012754980182599728,1.0000000007931982,4.380600384305171
100.0,450,0.012754980182599728,1.000000000397978,4.380600384305171
100.0,453,0.012754980182599728,0.9999999998189689,4.380600384305171
100.0,456,0.012754980182599728,1.0000000000605715,4.380600384305171
100.0,458,0.012754980182599728,1.0000000000826788,4.380600384305171
100.0,459,0.012754980182599728,1.0000000007902727,4.380600384305171
100.0,460,0.012754980182599728,1.0000000003917167,4.380600384305171
100.0,461,0.012754980182599728,1.00000000100776,4.380600384305171
100.0,462,0.012754980182599728,1.0000000004616463,4.380600384305171
100.0,463,0.012754980182599728,1.00000000077558,4.380600384305171
100.0,464,0.012754980182599728,1.000000000266259,4.380600384305171
100.0,465,0.012754980182599728,1.000000000813869,4.380600384305171
100.0,466,0.012754980182599728,1.0000000004400036,4.380600384305171
100.0,467,0.012754980182599728,1.0000000020506332,4.380600384305171
100.0,468,0.012754980182599728,1.000000001289659,4.380600384305171
100.0,469,0.012754980182599728,1.0000000000586209,4.380600384305171
100.0,470,0.012754980182599728,1.0000000003214993,4.380600384305171
100.0,471,0.012754980182599728,1.0000000011130783,4.380600384305171
100.0,472,0.012754980182599728,1.0000000004052518,4.380600384305171
100.0,473,0.012754980182599728,1.0000000007722776,4.380600384305171
100.0,475,0.012754980182599728,1.0000000002520406,4.380600384305171
100.0,477,0.012754980182599728,1.0000000002285563,4.380600384305171
100.0,479,0.012754980182599728,1.0000000000211837,4.380600384305171
100.0,481,0.012754980182599728,0.9999999999962437,4.380600384305171
100.0,483,0.012754980182599728,1.0000000004184484,4.380600384305171
100.0,485,0.012754980182599728,0.9999999986285673,4.380600384305171
100.0,487,0.012754980182599728,1.0000000002744134,4.380600384305171
100.0,489,0.012754980182599728,1.0000000004383542,4.380600384305171
100.0,491,0.012754980182599728,1.000000000259698,4.380600384305171
100.0,493,0.012754980182599728,1.0000000003330087,4.380600384305171
100.0,495,0.012754980182599728,1.0000000011807186,4.380600384305171
100.0,497,0.012754980182599728,1.0000000000790137,4.380600384305171
100.0,499,0.012754980182599728,1.0000000004449463,4.380600384305171
100.0,501,0.012754980182599728,1.0000000010270926,4.380600384305171
100.0,502,0.012754980182599728,1.0000000006415153,4.380600384305171
100.0,503,0.012754980182599728,1.0000000004681193,4.380600384305171
100.0,504,0.012754980182599728,1.0000000010284569,4.380600384305171
100.0,505,0.012754980182599728,1.0000000005112428,4.380600384305171
100.0,506,0.012754980182599728,1.0000000006911445,4.380600384305171
100.0,507,0.012754980182599728,1.000000000486513,4.380600384305171
100.0,508,0.012754980182599728,1.0000000008533187,4.380600384305171
100.0,509,0.012754980182599728,1.000000000129361,4.380600384305171
100.0,510,0.012754980182599728,1.0000000004673208,4.380600384305171
100.0,511,0.012754980182599728,1.0000000002635148,4.380600384305171
100.0,512,0.012754980182599728,1.0000000009060495,4.380600384305171
100.0,513,0.012754980182599728,1.0000000008120797,4.380600384305171
100.0,514,0.012754980182599728,1.000000000418065,4.380600384305171
100.0,515,0.012754980182599728,0.9999999997279791,4.380600384305171
100.0,516,0.012754980182599728,1.0000000006656795,4.380600384305171
100.0,517,0.012754980182599728,1.0000000007215157,4.380600384305171
100.0,518,0.012754980182599728,1.0000000003450573,4.380600384305171
100.0,519,0.012754980182599728,1.0000000004376257,4.380600384305171
100.0,520,0.012754980182599728,1.0000000003832312,4.380600384305171
100.0,521,0.012754980182599728,1.0000000007888203,4.380600384305171
100.0,522,0.012754980182599728,0.9999999994599854,4.380600384305171
100.0,523,0.012754980182599728,1.0000000003830283,4.380600384305171
100.0,524,0.012754980182599728,1.0000000006040193,4.380600384305171
100.0,525,0.012754980182599728,1.000000000154297,4.380600384305171
100.0,526,0.012754980182599728,1.0000000002227085,4.380600384305171
100.0,527,0.012754980182599728,1.0000000001058829,4.380600384305171
100.0,528,0.012754980182599728,1.0000000003310698,4.380600384305171
100.0,529,0.012754980182599728,1.0000000001088267,4.380600384305171
100.0,530,0.012754980182599728,1.0000000003555867,4.380600384305171
100.0,531,0.012754980182599728,1.0000000006236376,4.380600384305171
100.0,532,0.012754980182599728,1.0000000001159943,4.380600384305171
100.0,533,0.012754980182599728,1.000000001658329,4.380600384305171
100.0,534,0.012754980182599728,1.00000000044533,4.380600384305171
100.0,535,0.012754980182599728,1.0000000003276313,4.380600384305171
100.0,537,0.012754980182599728,1.000000000284646,4.380600384305171
100.0,539,0.012754980182599728,0.9999999997937328,4.380600384305171
100.0,541,0.012754980182599728,1.000000000538424,4.380600384305171
100.0,543,0.012754980182599728,1.000000000154001,4.380600384305171
100.0,545,0.012754980182599728,1.0000000005742795,4.380600384305171
100.0,547,0.012754980182599728,1.000000000232554,4.380600384305171
100.0,549,0.012754980182599728,1.0000000010005357,4.380600384305171
100.0,551,0.012754980182599728,0.9999999993390294,4.380600384305171
100.0,553,0.012754980182599728,1.0000000010816719,4.380600384305171
100.0,555,0.012754980182599728,1.0000000006487588,4.380600384305171
100.0,557,0.012754980182599728,1.0000000000498865,4.380600384305171
100.0,559,0.012754980182599728,1.0000000002658425,4.380600384305171
100.0,561,0.012754980182599728,1.0000000003577751,4.380600384305171
100.0,563,0.012754980182599728,1.000000000027419,4.380600384305171
100.0,565,0.012754980182599728,1.0000000003138616,4.380600384305171
100.0,567,0.012754980182599728,1.000000000574622,4.380600384305171
100.0,569,0.012754980182599728,1.0000000001911373,4.380600384305171
100.0,570,0.012754980182599728,1.0000000005725895,4.380600384305171
100.0,571,0.012754980182599728,1.0000000003722254,4.380600384305171
100.0,572,0.012754980182599728,1.0000000004463137,4.380600384305171
100.0,573,0.012754980182599728,1.000000001444048,4.380600384305171
100.0,574,0.012754980182599728,1.0000000002973015,4.380600384305171
100.0,575,0.012754980182599728,1.0000000000649485,4.380600384305171
100.0,576,0.012754980182599728,1.0000000007090053,4.380600384305171
100.0,577,0.012754980182599728,1.0000000006867498,4.380600384305171
100.0,578,0.012754980182599728,1.0000000004032434,4.380600384305171
100.0,579,0.012754980182599728,1.000000000814405,4.380600384305171
100.0,580,0.012754980182599728,1.0000000009486163,4.380600384305171
100.0,581,0.012754980182599728,1.0000000008460024,4.380600384305171
100.0,582,0.012754980182599728,1.000000000657638,4.380600384305171
100.0,584,0.012754980182599728,1.0000000005267566,4.380600384305171
100.0,586,0.012754980182599728,1.0000000002199951,4.380600384305171
100.0,588,0.012754980182599728,1.0000000007460899,4.380600384305171
100.0,590,0.012754980182599728,1.0000000013213906,4.380600384305171
100.0,592,0.012754980182599728,1.000000001080988,4.380600384305171
100.0,594,0.012754977441672482,0.999999999760985,4.380845182243382
100.0,595,0.012754980182599728,1.0000000006804461,4.380600384305171
100.0,597,0.012754977441672482,1.0000000007122014,4.380845182243382
100.0,598,0.012754980182599728,0.999999999835831,4.380600384305171
100.0,600,0.012754977441672482,1.0000000006617737,4.380845182243382
100.0,601,0.012754980182599728,1.000000000282872,4.380600384305171
100.0,603,0.012754977441672482,1.000000000597172,4.380845182243382
100.0,604,0.012754980182599728,1.0000000007399845,4.380600384305171
100.0,605,0.012754980182599728,1.0000000002666867,4.380600384305171
100.0,606,0.012754980182599728,1.000000000396521,4.380600384305171
100.0,607,0.012754980182599728,1.0000000008586825,4.380600384305171
100.0,609,0.012754980182599728,1.00000000027757,4.380600384305171
100.0,611,0.012754971953895928,1.0000000008726033,4.3813352659248155
100.0,0,-0.419898304933092,-9.358517058056564e-10,581.8691313510984
