target,grouped,description,exist_value,slot,decrypted
01050002924,010-5000-2924,original,1.000000000506431,0,-1.4551134910331614e-10
01050002924,010-5000-2924,original,1.000000000506431,1,1.0221127645015315e-11
01050002924,010-5000-2924,original,1.000000000506431,2,1.7558909251061115e-11
01050002924,010-5000-2924,original,1.000000000506431,3,-5.576073529462133e-11
01050002924,010-5000-2924,original,1.000000000506431,4,6.637277959356217e-11
01050002924,010-5000-2924,original,1.000000000506431,5,1.0367991471582047e-10
01050002924,010-5000-2924,original,1.000000000506431,6,1.951347827461975e-10
01050002924,010-5000-2924,original,1.000000000506431,7,2.5559090693260315e-11
01050002924,010-5000-2924,original,1.000000000506431,8,-2.993866168551066e-11
01050002924,010-5000-2924,original,1.000000000506431,9,-3.216717885839439e-11
01050002924,010-5000-2924,original,1.000000000506431,10,-4.328876012916913e-11
01050002924,010-5000-2924,original,1.000000000506431,11,-1.5176501266919147e-10
01050002924,010-5000-2924,original,1.000000000506431,12,-1.0006216648043591e-10
01050002924,010-5000-2924,original,1.000000000506431,13,5.7994321180196377e-11
01050002924,010-5000-2924,original,1.000000000506431,14,3.178486663797756e-11
01050002924,010-5000-2924,original,1.000000000506431,15,3.24615651633394e-12
01050002924,010-5000-2924,original,1.000000000506431,16,7.933874305089638e-11
01050002924,010-5000-2924,original,1.000000000506431,17,-2.183537866712649e-10
01050002924,010-5000-2924,original,1.000000000506431,18,-7.666180769881601e-12
01050002924,010-5000-2924,original,1.000000000506431,19,-8.232089699086232e-11
01050002924,010-5000-2924,original,1.000000000506431,20,-4.9977014683092936e-11
01050002924,010-5000-2924,original,1.000000000506431,21,6.752670552142754e-11
01050002924,010-5000-2924,original,1.000000000506431,22,-2.2180142959988524e-11
01050002924,010-5000-2924,original,1.000000000506431,23,-1.1077810298832099e-10
01050002924,010-5000-2924,original,1.000000000506431,24,3.4373412997434975e-10
01050002924,010-5000-2924,original,1.000000000506431,25,4.691684334773385e-11
01050002924,010-5000-2924,original,1.000000000506431,26,1.6859055896817599e-10
01050002924,010-5000-2924,original,1.000000000506431,27,1.0787135968767636e-10
01050002924,010-5000-2924,original,1.000000000506431,28,-1.376329034296025e-10
01050002924,010-5000-2924,original,1.000000000506431,29,-1.1645964088578628e-10
01050002924,010-5000-2924,original,1.000000000506431,30,2.4778241444399153e-10
01050002924,010-5000-2924,original,1.000000000506431,31,-1.3751093768143585e-10
01050002924,010-5000-2924,original,1.000000000506431,32,4.94570549427621e-11
01050002924,010-5000-2924,original,1.000000000506431,33,2.113335437594074e-11
01050002924,010-5000-2924,original,1.000000000506431,34,-8.918193878305673e-11
01050002924,010-5000-2924,original,1.000000000506431,35,5.3054728808172754e-11
01050002924,010-5000-2924,original,1.000000000506431,36,-5.44650972054757e-12
01050002924,010-5000-2924,original,1.000000000506431,37,-1.305421097275059e-10
01050002924,010-5000-2924,original,1.000000000506431,38,1.046436052811715e-11
01050002924,010-5000-2924,original,1.000000000506431,39,-1.1256619815536499e-10
01050002924,010-5000-2924,original,1.000000000506431,40,1.0812606582165434e-10
01050002924,010-5000-2924,original,1.000000000506431,41,-2.339600005428022e-11
01050002924,010-5000-2924,original,1.000000000506431,42,-1.049536738347083e-10
01050002924,010-5000-2924,original,1.000000000506431,43,-4.957954727968618e-11
01050002924,010-5000-2924,original,1.000000000506431,44,-1.3101849083616156e-11
01050002924,010-5000-2924,original,1.000000000506431,45,2.1740057083969244e-11
01050002924,010-5000-2924,original,1.000000000506431,46,4.1240273080485805e-11
01050002924,010-5000-2924,original,1.000000000506431,47,5.748659144016192e-11
01050002924,010-5000-2924,original,1.000000000506431,48,-4.772524921453739e-10
01050002924,010-5000-2924,original,1.000000000506431,49,-1.1962461597914696e-10
01050002924,010-5000-2924,original,1.000000000506431,50,-1.7878594546314166e-11
01050002924,010-5000-2924,original,1.000000000506431,51,-1.0519734258120142e-10
01050002924,010-5000-2924,original,1.000000000506431,52,1.963726289217835e-10
01050002924,010-5000-2924,original,1.000000000506431,53,4.117223198003957e-11
01050002924,010-5000-2924,original,1.000000000506431,54,-3.913217626303636e-11
01050002924,010-5000-2924,original,1.000000000506431,55,1.905520691329584e-10
01050002924,010-5000-2924,original,1.000000000506431,56,1.5028785805798965e-10
01050002924,010-5000-2924,original,1.000000000506431,57,-3.630058807314868e-11
01050002924,010-5000-2924,original,1.000000000506431,58,-5.4930865033880775e-11
01050002924,010-5000-2924,original,1.000000000506431,59,1.1917420883130262e-10
01050002924,010-5000-2924,original,1.000000000506431,60,1.8549815776255007e-10
01050002924,010-5000-2924,original,1.000000000506431,61,-2.4200477745351798e-11
01050002924,010-5000-2924,original,1.000000000506431,62,2.334112401275522e-10
01050002924,010-5000-2924,original,1.000000000506431,63,9.299085288341768e-11
01050002924,010-5000-2924,original,1.000000000506431,64,6.346804338012646e-11
01050002924,010-5000-2924,original,1.000000000506431,65,7.6691684426198e-11
01050002924,010-5000-2924,original,1.000000000506431,66,1.902439723457975e-10
01050002924,010-5000-2924,original,1.000000000506431,67,1.1655358522783366e-10
01050002924,010-5000-2924,original,1.000000000506431,68,-2.036558131255838e-10
01050002924,010-5000-2924,original,1.000000000506431,69,-3.800552257445166e-10
01050002924,010-5000-2924,original,1.000000000506431,70,8.510409469817314e-11
01050002924,010-5000-2924,original,1.000000000506431,71,3.5218609913224845e-11
01050002924,010-5000-2924,original,1.000000000506431,72,-3.1733262982849644e-11
01050002924,010-5000-2924,original,1.000000000506431,73,-5.661864232703942e-11
01050002924,010-5000-2924,original,1.000000000506431,74,1.2897110958256426e-10
01050002924,010-5000-2924,original,1.000000000506431,75,-7.42480318198312e-13
01050002924,010-5000-2924,original,1.000000000506431,76,-2.3472585887646847e-11
01050002924,010-5000-2924,original,1.000000000506431,77,1.3854420104526783e-11
01050002924,010-5000-2924,original,1.000000000506431,78,3.1843637371257544e-10
01050002924,010-5000-2924,original,1.000000000506431,79,-1.9235221855974757e-11
01050002924,010-5000-2924,original,1.000000000506431,80,4.538966328353092e-11
01050002924,010-5000-2924,original,1.000000000506431,81,1.230723567937538e-10
01050002924,010-5000-2924,original,1.000000000506431,82,-3.016610898788714e-10
01050002924,010-5000-2924,original,1.000000000506431,83,-1.991265081725874e-11
01050002924,010-5000-2924,original,1.000000000506431,84,-1.3672245304469925e-10
01050002924,010-5000-2924,original,1.000000000506431,85,1.637868659276249e-11
01050002924,010-5000-2924,original,1.000000000506431,86,5.075492981652925e-11
01050002924,010-5000-2924,original,1.000000000506431,87,1.6124225649711418e-10
01050002924,010-5000-2924,original,1.000000000506431,88,-6.968560888189436e-11
01050002924,010-5000-2924,original,1.000000000506431,89,2.57376256644453e-10
01050002924,010-5000-2924,original,1.000000000506431,90,2.7159075511288132e-11
01050002924,010-5000-2924,original,1.000000000506431,91,-1.1879193937536737e-10
01050002924,010-5000-2924,original,1.000000000506431,92,-3.4595269091573916e-10
01050002924,010-5000-2924,original,1.000000000506431,93,7.268727565665849e-11
01050002924,010-5000-2924,original,1.000000000506431,94,-4.455359710678301e-11
01050002924,010-5000-2924,original,1.000000000506431,95,-1.074028382677669e-10
01050002924,010-5000-2924,original,1.000000000506431,96,-4.2319555193100586e-10
01050002924,010-5000-2924,original,1.000000000506431,97,3.038780237755052e-10
01050002924,010-5000-2924,original,1.000000000506431,98,2.8823178317136132e-11
01050002924,010-5000-2924,original,1.000000000506431,99,6.873780455220448e-11
01050002924,010-5000-2924,original,1.000000000506431,100,-1.966252055214132e-11
01050002924,010-5000-2924,original,1.000000000506431,101,9.875862104281504e-11
01050002924,010-5000-2924,original,1.000000000506431,102,-2.4509100619039e-10
01050002924,010-5000-2924,original,1.000000000506431,103,-1.515783960526092e-10
01050002924,010-5000-2924,original,1.000000000506431,104,-1.3206164026756767e-10
01050002924,010-5000-2924,original,1.000000000506431,105,2.99609943702062e-11
01050002924,010-5000-2924,original,1.000000000506431,106,-5.835301147351474e-11
01050002924,010-5000-2924,original,1.000000000506431,107,4.77049956065387e-11
01050002924,010-5000-2924,original,1.000000000506431,108,-3.888325198063644e-11
01050002924,010-5000-2924,original,1.000000000506431,109,2.1432846288685888e-10
01050002924,010-5000-2924,original,1.000000000506431,110,-7.004814643162962e-11
01050002924,010-5000-2924,original,1.000000000506431,111,4.9315521103712096e-11
01050002924,010-5000-2924,original,1.000000000506431,112,2.9766715755788545e-10
01050002924,010-5000-2924,original,1.000000000506431,113,2.2755915071834195e-11
01050002924,010-5000-2924,original,1.000000000506431,114,8.170002609538852e-11
01050002924,010-5000-2924,original,1.000000000506431,115,-2.5571128790111328e-11
01050002924,010-5000-2924,original,1.000000000506431,116,-2.1689178272933208e-11
01050002924,010-5000-2924,original,1.000000000506431,117,-9.670978627059718e-11
01050002924,010-5000-2924,original,1.000000000506431,118,-7.684371588992523e-11
01050002924,010-5000-2924,original,1.000000000506431,119,-3.9871276419744e-11
01050002924,010-5000-2924,original,1.000000000506431,120,3.267964685696691e-11
01050002924,010-5000-2924,original,1.000000000506431,121,1.9075535027761255e-10
01050002924,010-5000-2924,original,1.000000000506431,122,-2.8932389516736813e-10
01050002924,010-5000-2924,original,1.000000000506431,123,3.516821480345592e-11
01050002924,010-5000-2924,original,1.000000000506431,124,-1.9998716373984192e-10
01050002924,010-5000-2924,original,1.000000000506431,125,1.0330182069507249e-10
01050002924,010-5000-2924,original,1.000000000506431,126,-1.167786232044183e-11
01050002924,010-5000-2924,original,1.000000000506431,127,1.4250657372363516e-10
01050002924,010-5000-2924,original,1.000000000506431,128,-4.7015554325062376e-11
01050002924,010-5000-2924,original,1.000000000506431,129,1.8046354828323124e-10
01050002924,010-5000-2924,original,1.000000000506431,130,8.702530837230649e-11
01050002924,010-5000-2924,original,1.000000000506431,131,1.9792425644494185e-10
01050002924,010-5000-2924,original,1.000000000506431,132,3.5797671233662524e-11
01050002924,010-5000-2924,original,1.000000000506431,133,1.052785377160428e-10
01050002924,010-5000-2924,original,1.000000000506431,134,-8.194401045424252e-11
01050002924,010-5000-2924,original,1.000000000506431,135,-1.785336044106363e-10
01050002924,010-5000-2924,original,1.000000000506431,136,3.691783266285485e-11
01050002924,010-5000-2924,original,1.000000000506431,137,-8.012842271214615e-12
01050002924,010-5000-2924,original,1.000000000506431,138,2.3885720872158013e-10
01050002924,010-5000-2924,original,1.000000000506431,139,-2.568861150517716e-10
01050002924,010-5000-2924,original,1.000000000506431,140,-3.172699207214865e-10
01050002924,010-5000-2924,original,1.000000000506431,141,1.2045796699272113e-10
01050002924,010-5000-2924,original,1.000000000506431,142,0.9999997261200724
01050002924,010-5000-2924,original,1.000000000506431,143,0.999999696923368
01050002924,010-5000-2924,original,1.000000000506431,144,0.9999996902737609
01050002924,010-5000-2924,original,1.000000000506431,145,0.9999996783249401
01050002924,010-5000-2924,original,1.000000000506431,146,0.9999996896893777
01050002924,010-5000-2924,original,1.000000000506431,147,0.9999996673181292
01050002924,010-5000-2924,original,1.000000000506431,148,0.9999996932768709
01050002924,010-5000-2924,original,1.000000000506431,149,0.9999996905507831
01050002924,010-5000-2924,original,1.000000000506431,150,-9.005558712517051e-11
01050002924,010-5000-2924,original,1.000000000506431,151,3.7295443556374646e-11
01050002924,010-5000-2924,original,1.000000000506431,152,1.434301587363323e-10
01050002924,010-5000-2924,original,1.000000000506431,153,-1.5682951925451306e-10
01050002924,010-5000-2924,original,1.000000000506431,154,-3.788005072233533e-11
01050002924,010-5000-2924,original,1.000000000506431,155,2.7208506874266957e-11
01050002924,010-5000-2924,original,1.000000000506431,156,0.9999996887821652
01050002924,010-5000-2924,original,1.000000000506431,157,5.7467413601116e-11
01050002924,010-5000-2924,original,1.000000000506431,158,-1.1613522747153694e-10
01050002924,010-5000-2924,original,1.000000000506431,159,4.671876183909695e-12
01050002924,010-5000-2924,original,1.000000000506431,160,0.9999996862853813
01050002924,010-5000-2924,original,1.000000000506431,161,4.219669989317783e-12
01050002924,010-5000-2924,original,1.000000000506431,162,7.81032287984573e-12
01050002924,010-5000-2924,original,1.000000000506431,163,0.9999996991911042
01050002924,010-5000-2924,original,1.000000000506431,164,0.9999996886372127
01050002924,010-5000-2924,original,1.000000000506431,165,3.252925616818456e-10
01050002924,010-5000-2924,original,1.000000000506431,166,-7.478347503371151e-11
01050002924,010-5000-2924,original,1.000000000506431,167,-2.194333509320478e-10
01050002924,010-5000-2924,original,1.000000000506431,168,4.898575040330731e-10
01050002924,010-5000-2924,original,1.000000000506431,169,-1.1413968341855774e-10
01050002924,010-5000-2924,original,1.000000000506431,170,4.629079604224018e-11
01050002924,010-5000-2924,original,1.000000000506431,171,5.915979699467628e-11
01050002924,010-5000-2924,original,1.000000000506431,172,1.1615371157143513e-10
01050002924,010-5000-2924,original,1.000000000506431,173,-8.787046664989163e-11
01050002924,010-5000-2924,original,1.000000000506431,174,6.908398437160932e-11
01050002924,010-5000-2924,original,1.000000000506431,175,-2.8350117932763046e-10
01050002924,010-5000-2924,original,1.000000000506431,176,8.691628530333139e-11
01050002924,010-5000-2924,original,1.000000000506431,177,2.2998247799654196e-10
01050002924,010-5000-2924,original,1.000000000506431,178,-2.3999250360023164e-10
01050002924,010-5000-2924,original,1.000000000506431,179,-7.795400781470339e-11
01050002924,010-5000-2924,original,1.000000000506431,180,1.7689287650043797e-10
01050002924,010-5000-2924,original,1.000000000506431,181,-5.04626978874988e-10
01050002924,010-5000-2924,original,1.000000000506431,182,3.1745645204657963e-10
01050002924,010-5000-2924,original,1.000000000506431,183,-1.2556869914803534e-10
01050002924,010-5000-2924,original,1.000000000506431,184,4.245022385045066e-11
01050002924,010-5000-2924,original,1.000000000506431,185,-1.4147149165528182e-10
01050002924,010-5000-2924,original,1.000000000506431,186,2.8399911848865263e-12
01050002924,010-5000-2924,original,1.000000000506431,187,1.0075933801898459e-10
01050002924,010-5000-2924,original,1.000000000506431,188,6.024139610516588e-12
01050002924,010-5000-2924,original,1.000000000506431,189,-8.86490193712608e-11
01050002924,010-5000-2924,original,1.000000000506431,190,5.247697024888599e-11
01050002924,010-5000-2924,original,1.000000000506431,191,-1.760556118820723e-10
01050002924,010-5000-2924,original,1.000000000506431,192,4.7183758673190715e-11
01050002924,010-5000-2924,original,1.000000000506431,193,-3.7971932943669034e-10
01050002924,010-5000-2924,original,1.000000000506431,194,-6.96721544648148e-12
01050002924,010-5000-2924,original,1.000000000506431,195,1.0928798430434866e-10
01050002924,010-5000-2924,original,1.000000000506431,196,7.762039581465313e-11
01050002924,010-5000-2924,original,1.000000000506431,197,1.4914179335903256e-10
01050002924,010-5000-2924,original,1.000000000506431,198,2.54633052584659e-10
01050002924,010-5000-2924,original,1.000000000506431,199,-1.237538470316746e-10
01050002924,010-5000-2924,original,1.000000000506431,200,8.709969645547994e-11
01050002924,010-5000-2924,original,1.000000000506431,201,1.3625102080963075e-11
01050002924,010-5000-2924,original,1.000000000506431,202,-1.1544429042472011e-09
01050002924,010-5000-2924,original,1.000000000506431,203,4.486721002958543e-12
01050002925,010-5000-2925,"one digit, last group",-2.9466829258816047e-10,0,-6.507345730637759e-11
01050002925,010-5000-2925,"one digit, last group",-2.9466829258816047e-10,1,2.6483755179787017e-10
01050002925,010-5000-2925,"one digit, last group",-2.9466829258816047e-10,2,-5.5378253486829065e-11
01050002925,010-5000-2925,"one digit, last group",-2.9466829258816047e-10,3,9.384908006464481e-12
01050002925,010-5000-2925,"one digit, last group",-2.9466829258816047e-10,4,1.0519422216539658e-10
01050002925,010-5000-2925,"one digit, last group",-2.9466829258816047e-10,5,2.044390438666555e-10
01050002925,010-5000-2925,"one digit, last group",-2.9466829258816047e-10,6,3.010984144572027e-11
01050002925,010-5000-2925,"one digit, last group",-2.9466829258816047e-10,7,3.1504330572799044e-11
01050002925,010-5000-2925,"one digit, last group",-2.9466829258816047e-10,8,-9.813692960167703e-11
01050002925,010-5000-2925,"one digit, last group",-2.9466829258816047e-10,9,-2.920162876623118e-12
01050002925,010-5000-2925,"one digit, last group",-2.9466829258816047e-10,10,3.968251435463358e-12
01050002925,010-5000-2925,"one digit, last group",-2.9466829258816047e-10,11,5.021904861237523e-10
01050002925,010-5000-2925,"one digit, last group",-2.9466829258816047e-10,12,2.094394778891611e-10
01050002925,010-5000-2925,"one digit, last group",-2.9466829258816047e-10,13,1.7994867532533176e-10
01050002925,010-5000-2925,"one digit, last group",-2.9466829258816047e-10,14,7.540049058313222e-11
01050002925,010-5000-2925,"one digit, last group",-2.9466829258816047e-10,15,-5.1922637207077736e-11
01050002925,010-5000-2925,"one digit, last group",-2.9466829258816047e-10,16,-3.582056130104616e-10
01050002925,010-5000-2925,"one digit, last group",-2.9466829258816047e-10,17,2.734256235079375e-11
01050002925,010-5000-2925,"one digit, last group",-2.9466829258816047e-10,18,-1.9577603384354103e-10
01050002925,010-5000-2925,"one digit, last group",-2.9466829258816047e-10,19,-7.585982505346043e-12
01050002925,010-5000-2925,"one digit, last group",-2.9466829258816047e-10,20,-1.0483568202073263e-10
01050002925,010-5000-2925,"one digit, last group",-2.9466829258816047e-10,21,7.262819169015661e-11
01050002925,010-5000-2925,"one digit, last group",-2.9466829258816047e-10,22,-3.393005768150978e-11
01050002925,010-5000-2925,"one digit, last group",-2.9466829258816047e-10,23,3.095079286117105e-11
01050002925,010-5000-2925,"one digit, last group",-2.9466829258816047e-10,24,4.0400121451511273e-11
01050002925,010-5000-2925,"one digit, last group",-2.9466829258816047e-10,25,1.526789520232216e-10
01050002925,010-5000-2925,"one digit, last group",-2.9466829258816047e-10,26,2.706804535969833e-10
01050002925,010-5000-2925,"one digit, last group",-2.9466829258816047e-10,27,2.0161535486030844e-10
01050002925,010-5000-2925,"one digit, last group",-2.9466829258816047e-10,28,-7.573031335780994e-11
01050002925,010-5000-2925,"one digit, last group",-2.9466829258816047e-10,29,1.2199880947972249e-11
01050002925,010-5000-2925,"one digit, last group",-2.9466829258816047e-10,30,5.763513184849775e-10
01050002925,010-5000-2925,"one digit, last group",-2.9466829258816047e-10,31,-7.615844443838156e-11
01050002925,010-5000-2925,"one digit, last group",-2.9466829258816047e-10,32,2.304040827432486e-10
01050002925,010-5000-2925,"one digit, last group",-2.9466829258816047e-10,33,-2.436044057907207e-10
01050002925,010-5000-2925,"one digit, last group",-2.9466829258816047e-10,34,1.2378857866743543e-10
01050002925,010-5000-2925,"one digit, last group",-2.9466829258816047e-10,35,-1.0929751451690756e-11
01050002925,010-5000-2925,"one digit, last group",-2.9466829258816047e-10,36,-3.267597464642094e-11
01050002925,010-5000-2925,"one digit, last group",-2.9466829258816047e-10,37,8.717838074542081e-11
01050002925,010-5000-2925,"one digit, last group",-2.9466829258816047e-10,38,-6.124529792160194e-11
01050002925,010-5000-2925,"one digit, last group",-2.9466829258816047e-10,39,-1.7334069671251428e-11
01050002925,010-5000-2925,"one digit, last group",-2.9466829258816047e-10,40,1.704129576528182e-10
01050002925,010-5000-2925,"one digit, last group",-2.9466829258816047e-10,41,2.8278501040114155e-11
01050002925,010-5000-2925,"one digit, last group",-2.9466829258816047e-10,42,-8.187828249403345e-11
01050002925,010-5000-2925,"one digit, last group",-2.9466829258816047e-10,43,8.469519585936836e-12
01050002925,010-5000-2925,"one digit, last group",-2.9466829258816047e-10,44,-8.392392301640885e-13
01050002925,010-5000-2925,"one digit, last group",-2.9466829258816047e-10,45,-9.561893048599605e-11
01050002925,010-5000-2925,"one digit, last group",-2.9466829258816047e-10,46,-1.3552914549839903e-10
01050002925,010-5000-2925,"one digit, last group",-2.9466829258816047e-10,47,1.3785602766261028e-10
01050002925,010-5000-2925,"one digit, last group",-2.9466829258816047e-10,48,-1.7935982988990434e-10
01050002925,010-5000-2925,"one digit, last group",-2.9466829258816047e-10,49,-9.03882456477849e-12
01050002925,010-5000-2925,"one digit, last group",-2.9466829258816047e-10,50,-1.3130998494455718e-10
01050002925,010-5000-2925,"one digit, last group",-2.9466829258816047e-10,51,1.8047852319409424e-11
01050002925,010-5000-2925,"one digit, last group",-2.9466829258816047e-10,52,2.076928529756784e-10
01050002925,010-5000-2925,"one digit, last group",-2.9466829258816047e-10,53,-5.250186258996225e-11
01050002925,010-5000-2925,"one digit, last group",-2.9466829258816047e-10,54,-3.173489256647472e-11
01050002925,010-5000-2925,"one digit, last group",-2.9466829258816047e-10,55,1.027188208011936e-10
01050002925,010-5000-2925,"one digit, last group",-2.9466829258816047e-10,56,4.698334178404031e-11
01050002925,010-5000-2925,"one digit, last group",-2.9466829258816047e-10,57,-3.957783048443279e-11
01050002925,010-5000-2925,"one digit, last group",-2.9466829258816047e-10,58,-1.0050043150292572e-10
01050002925,010-5000-2925,"one digit, last group",-2.9466829258816047e-10,59,5.429843360627322e-11
01050002925,010-5000-2925,"one digit, last group",-2.9466829258816047e-10,60,-1.1184393822083909e-10
01050002925,010-5000-2925,"one digit, last group",-2.9466829258816047e-10,61,-1.267422458854518e-10
01050002925,010-5000-2925,"one digit, last group",-2.9466829258816047e-10,62,6.274595537356657e-11
01050002925,010-5000-2925,"one digit, last group",-2.9466829258816047e-10,63,1.4376101513051008e-10
01050002925,010-5000-2925,"one digit, last group",-2.9466829258816047e-10,64,6.115158167043231e-11
01050002925,010-5000-2925,"one digit, last group",-2.9466829258816047e-10,65,-4.5839509562669205e-10
01050002925,010-5000-2925,"one digit, last group",-2.9466829258816047e-10,66,-1.008002371699293e-10
01050002925,010-5000-2925,"one digit, last group",-2.9466829258816047e-10,67,-1.9792925548833543e-10
01050002925,010-5000-2925,"one digit, last group",-2.9466829258816047e-10,68,2.4448455739836934e-10
01050002925,010-5000-2925,"one digit, last group",-2.9466829258816047e-10,69,-5.6671822591808426e-11
01050002925,010-5000-2925,"one digit, last group",-2.9466829258816047e-10,70,-2.526307875597983e-11
01050002925,010-5000-2925,"one digit, last group",-2.9466829258816047e-10,71,-1.480477230120658e-10
01050002925,010-5000-2925,"one digit, last group",-2.9466829258816047e-10,72,-3.025337704132137e-12
01050002925,010-5000-2925,"one digit, last group",-2.9466829258816047e-10,73,-1.1056567024145106e-10
01050002925,010-5000-2925,"one digit, last group",-2.9466829258816047e-10,74,-1.2587521730557288e-10
01050002925,010-5000-2925,"one digit, last group",-2.9466829258816047e-10,75,8.39133805457397e-11
01050002925,010-5000-2925,"one digit, last group",-2.9466829258816047e-10,76,3.741304789204194e-11
01050002925,010-5000-2925,"one digit, last group",-2.9466829258816047e-10,77,-1.0969348288840458e-11
01050002925,010-5000-2925,"one digit, last group",-2.9466829258816047e-10,78,1.7257953684880257e-10
01050002925,010-5000-2925,"one digit, last group",-2.9466829258816047e-10,79,1.635638381739587e-10
01050002925,010-5000-2925,"one digit, last group",-2.9466829258816047e-10,80,-4.251342475667262e-11
01050002925,010-5000-2925,"one digit, last group",-2.9466829258816047e-10,81,3.655767704912799e-11
01050002925,010-5000-2925,"one digit, last group",-2.9466829258816047e-10,82,2.356297669779752e-10
01050002925,010-5000-2925,"one digit, last group",-2.9466829258816047e-10,83,2.6614433515906052e-11
01050002925,010-5000-2925,"one digit, last group",-2.9466829258816047e-10,84,1.9592679285530762e-11
01050002925,010-5000-2925,"one digit, last group",-2.9466829258816047e-10,85,-2.5287950252628484e-11
01050002925,010-5000-2925,"one digit, last group",-2.9466829258816047e-10,86,-1.2350100567911116e-10
01050002925,010-5000-2925,"one digit, last group",-2.9466829258816047e-10,87,1.0842682300636015e-10
01050002925,010-5000-2925,"one digit, last group",-2.9466829258816047e-10,88,4.242213023896586e-11
01050002925,010-5000-2925,"one digit, last group",-2.9466829258816047e-10,89,-4.351370591684159e-12
01050002925,010-5000-2925,"one digit, last group",-2.9466829258816047e-10,90,8.134875101358112e-11
01050002925,010-5000-2925,"one digit, last group",-2.9466829258816047e-10,91,-2.0315007146826654e-10
01050002925,010-5000-2925,"one digit, last group",-2.9466829258816047e-10,92,2.649564247590439e-10
01050002925,010-5000-2925,"one digit, last group",-2.9466829258816047e-10,93,1.4602601045322725e-10
01050002925,010-5000-2925,"one digit, last group",-2.9466829258816047e-10,94,-1.498194015723334e-10
01050002925,010-5000-2925,"one digit, last group",-2.9466829258816047e-10,95,-8.121008499971448e-11
01050002925,010-5000-2925,"one digit, last group",-2.9466829258816047e-10,96,1.9260458051412312e-10
01050002925,010-5000-2925,"one digit, last group",-2.9466829258816047e-10,97,1.0008899258512677e-10
01050002925,010-5000-2925,"one digit, last group",-2.9466829258816047e-10,98,2.5092007681343096e-11
01050002925,010-5000-2925,"one digit, last group",-2.9466829258816047e-10,99,1.4229645142021076e-11
01050002925,010-5000-2925,"one digit, last group",-2.9466829258816047e-10,100,-1.7109081490766605e-11
01050002925,010-5000-2925,"one digit, last group",-2.9466829258816047e-10,101,-1.127198262147325e-10
01050002925,010-5000-2925,"one digit, last group",-2.9466829258816047e-10,102,1.7436638020112813e-10
01050002925,010-5000-2925,"one digit, last group",-2.9466829258816047e-10,103,-5.558391981737455e-10
01050002925,010-5000-2925,"one digit, last group",-2.9466829258816047e-10,104,8.679817374578122e-11
01050002925,010-5000-2925,"one digit, last group",-2.9466829258816047e-10,105,-1.653484543591746e-10
01050002925,010-5000-2925,"one digit, last group",-2.9466829258816047e-10,106,2.0413726378620408e-10
01050002925,010-5000-2925,"one digit, last group",-2.9466829258816047e-10,107,4.7776576287245476e-11
01050002925,010-5000-2925,"one digit, last group",-2.9466829258816047e-10,108,-2.7865423631631572e-11
01050002925,010-5000-2925,"one digit, last group",-2.9466829258816047e-10,109,-2.3525084421259957e-10
01050002925,010-5000-2925,"one digit, last group",-2.9466829258816047e-10,110,-2.591154556368691e-10
01050002925,010-5000-2925,"one digit, last group",-2.9466829258816047e-10,111,-1.236997354267389e-10
01050002925,010-5000-2925,"one digit, last group",-2.9466829258816047e-10,112,2.464787620715838e-10
01050002925,010-5000-2925,"one digit, last group",-2.9466829258816047e-10,113,2.802116433933653e-12
01050002925,010-5000-2925,"one digit, last group",-2.9466829258816047e-10,114,-1.9045487186630731e-10
01050002925,010-5000-2925,"one digit, last group",-2.9466829258816047e-10,115,-1.072990319110111e-10
01050002925,010-5000-2925,"one digit, last group",-2.9466829258816047e-10,116,-8.397659402584757e-11
01050002925,010-5000-2925,"one digit, last group",-2.9466829258816047e-10,117,-2.0166646354879925e-10
01050002925,010-5000-2925,"one digit, last group",-2.9466829258816047e-10,118,-1.430913801346053e-10
01050002925,010-5000-2925,"one digit, last group",-2.9466829258816047e-10,119,-1.2481795626437682e-11
01050002925,010-5000-2925,"one digit, last group",-2.9466829258816047e-10,120,-1.8220394561111045e-11
01050002925,010-5000-2925,"one digit, last group",-2.9466829258816047e-10,121,-2.763267565564971e-10
01050002925,010-5000-2925,"one digit, last group",-2.9466829258816047e-10,122,1.2426342367886443e-10
01050002925,010-5000-2925,"one digit, last group",-2.9466829258816047e-10,123,-3.314237270691702e-11
01050002925,010-5000-2925,"one digit, last group",-2.9466829258816047e-10,124,8.508740399557849e-11
01050002925,010-5000-2925,"one digit, last group",-2.9466829258816047e-10,125,1.4188500567307112e-10
01050002925,010-5000-2925,"one digit, last group",-2.9466829258816047e-10,126,1.0705983569318452e-11
01050002925,010-5000-2925,"one digit, last group",-2.9466829258816047e-10,127,-1.0297228955697272e-10
01050002925,010-5000-2925,"one digit, last group",-2.9466829258816047e-10,128,-2.6043548614833574e-10
01050002925,010-5000-2925,"one digit, last group",-2.9466829258816047e-10,129,-3.0115920704336906e-10
01050002925,010-5000-2925,"one digit, last group",-2.9466829258816047e-10,130,-2.8956852739885484e-11
01050002925,010-5000-2925,"one digit, last group",-2.9466829258816047e-10,131,1.1486543250190381e-11
01050002925,010-5000-2925,"one digit, last group",-2.9466829258816047e-10,132,-1.2045567889326466e-10
01050002925,010-5000-2925,"one digit, last group",-2.9466829258816047e-10,133,5.98194257810328e-11
01050002925,010-5000-2925,"one digit, last group",-2.9466829258816047e-10,134,-1.5975389954367792e-10
01050002925,010-5000-2925,"one digit, last group",-2.9466829258816047e-10,135,-3.9253084813106616e-11
01050002925,010-5000-2925,"one digit, last group",-2.9466829258816047e-10,136,-9.452227707987043e-12
01050002925,010-5000-2925,"one digit, last group",-2.9466829258816047e-10,137,-6.183936003406018e-11
01050002925,010-5000-2925,"one digit, last group",-2.9466829258816047e-10,138,-1.953195998240808e-10
01050002925,010-5000-2925,"one digit, last group",-2.9466829258816047e-10,139,-5.100242374678519e-11
01050002925,010-5000-2925,"one digit, last group",-2.9466829258816047e-10,140,9.492369359897006e-11
01050002925,010-5000-2925,"one digit, last group",-2.9466829258816047e-10,141,-2.6501557603007335e-10
01050002925,010-5000-2925,"one digit, last group",-2.9466829258816047e-10,142,1.5605418306283449e-10
01050002925,010-5000-2925,"one digit, last group",-2.9466829258816047e-10,143,-1.621446807402645e-09
01050002925,010-5000-2925,"one digit, last group",-2.9466829258816047e-10,144,9.659162578308791e-09
01050002925,010-5000-2925,"one digit, last group",-2.9466829258816047e-10,145,3.0950727681333006e-09
01050002925,010-5000-2925,"one digit, last group",-2.9466829258816047e-10,146,-2.0033682685353095e-09
01050002925,010-5000-2925,"one digit, last group",-2.9466829258816047e-10,147,-9.540477613634827e-10
01050002925,010-5000-2925,"one digit, last group",-2.9466829258816047e-10,148,-1.85798518373113e-09
01050002925,010-5000-2925,"one digit, last group",-2.9466829258816047e-10,149,-9.888665993239838e-09
01050002925,010-5000-2925,"one digit, last group",-2.9466829258816047e-10,150,-6.413212964538208e-11
01050002925,010-5000-2925,"one digit, last group",-2.9466829258816047e-10,151,8.119577461606883e-11
01050002925,010-5000-2925,"one digit, last group",-2.9466829258816047e-10,152,1.5511177900900548e-10
01050002925,010-5000-2925,"one digit, last group",-2.9466829258816047e-10,153,1.9082656288538926e-10
01050002925,010-5000-2925,"one digit, last group",-2.9466829258816047e-10,154,-1.1986706901726298e-11
01050002925,010-5000-2925,"one digit, last group",-2.9466829258816047e-10,155,2.921227323529376e-11
01050002925,010-5000-2925,"one digit, last group",-2.9466829258816047e-10,156,5.848937267575028e-09
01050002925,010-5000-2925,"one digit, last group",-2.9466829258816047e-10,157,7.032382693543269e-11
01050002925,010-5000-2925,"one digit, last group",-2.9466829258816047e-10,158,-9.535171489759489e-11
01050002925,010-5000-2925,"one digit, last group",-2.9466829258816047e-10,159,1.0535386676357237e-10
01050002925,010-5000-2925,"one digit, last group",-2.9466829258816047e-10,160,-5.898782802785424e-09
01050002925,010-5000-2925,"one digit, last group",-2.9466829258816047e-10,161,1.1953806975841953e-11
01050002925,010-5000-2925,"one digit, last group",-2.9466829258816047e-10,162,5.566858727910942e-11
01050002925,010-5000-2925,"one digit, last group",-2.9466829258816047e-10,163,-1.2074692512456398e-09
01050002925,010-5000-2925,"one digit, last group",-2.9466829258816047e-10,164,-3.547393921322651e-10
01050002925,010-5000-2925,"one digit, last group",-2.9466829258816047e-10,165,2.656110810455011e-10
01050002925,010-5000-2925,"one digit, last group",-2.9466829258816047e-10,166,1.6948245602941447e-11
01050002925,010-5000-2925,"one digit, last group",-2.9466829258816047e-10,167,2.856453188371219e-10
01050002925,010-5000-2925,"one digit, last group",-2.9466829258816047e-10,168,-4.247968560569485e-10
01050002925,010-5000-2925,"one digit, last group",-2.9466829258816047e-10,169,-4.1403956501604743e-11
01050002925,010-5000-2925,"one digit, last group",-2.9466829258816047e-10,170,-8.307814616203854e-11
01050002925,010-5000-2925,"one digit, last group",-2.9466829258816047e-10,171,-5.003155005228059e-11
01050002925,010-5000-2925,"one digit, last group",-2.9466829258816047e-10,172,2.7616081805878305e-11
01050002925,010-5000-2925,"one digit, last group",-2.9466829258816047e-10,173,-9.132027335710294e-11
01050002925,010-5000-2925,"one digit, last group",-2.9466829258816047e-10,174,6.590865932475111e-11
01050002925,010-5000-2925,"one digit, last group",-2.9466829258816047e-10,175,1.254097511205352e-10
01050002925,010-5000-2925,"one digit, last group",-2.9466829258816047e-10,176,2.1968022469249482e-11
01050002925,010-5000-2925,"one digit, last group",-2.9466829258816047e-10,177,-1.2673892711054315e-10
01050002925,010-5000-2925,"one digit, last group",-2.9466829258816047e-10,178,-8.841718738661365e-11
01050002925,010-5000-2925,"one digit, last group",-2.9466829258816047e-10,179,8.855543012217948e-11
01050002925,010-5000-2925,"one digit, last group",-2.9466829258816047e-10,180,2.345688777108404e-10
01050002925,010-5000-2925,"one digit, last group",-2.9466829258816047e-10,181,1.635982699104032e-10
01050002925,010-5000-2925,"one digit, last group",-2.9466829258816047e-10,182,-4.2099095316521665e-10
01050002925,010-5000-2925,"one digit, last group",-2.9466829258816047e-10,183,1.5928103435149573e-10
01050002925,010-5000-2925,"one digit, last group",-2.9466829258816047e-10,184,3.4408675099146383e-11
01050002925,010-5000-2925,"one digit, last group",-2.9466829258816047e-10,185,-1.3007680210298005e-11
01050002925,010-5000-2925,"one digit, last group",-2.9466829258816047e-10,186,-1.478038404072116e-11
01050002925,010-5000-2925,"one digit, last group",-2.9466829258816047e-10,187,1.923505086466952e-11
01050002925,010-5000-2925,"one digit, last group",-2.9466829258816047e-10,188,3.356258789996304e-10
01050002925,010-5000-2925,"one digit, last group",-2.9466829258816047e-10,189,-2.079280216505872e-10
01050002925,010-5000-2925,"one digit, last group",-2.9466829258816047e-10,190,1.2913746437800372e-10
01050002925,010-5000-2925,"one digit, last group",-2.9466829258816047e-10,191,-2.2474863524362383e-11
01050002925,010-5000-2925,"one digit, last group",-2.9466829258816047e-10,192,-1.0394746146773798e-10
01050002925,010-5000-2925,"one digit, last group",-2.9466829258816047e-10,193,-3.3213103785194394e-10
01050002925,010-5000-2925,"one digit, last group",-2.9466829258816047e-10,194,4.045671972701499e-12
01050002925,010-5000-2925,"one digit, last group",-2.9466829258816047e-10,195,1.2375267669025465e-10
01050002925,010-5000-2925,"one digit, last group",-2.9466829258816047e-10,196,-1.197011482753198e-10
01050002925,010-5000-2925,"one digit, last group",-2.9466829258816047e-10,197,-8.488588172307212e-11
01050002925,010-5000-2925,"one digit, last group",-2.9466829258816047e-10,198,2.1636973579180495e-10
01050002925,010-5000-2925,"one digit, last group",-2.9466829258816047e-10,199,2.5599998807748533e-10
01050002925,010-5000-2925,"one digit, last group",-2.9466829258816047e-10,200,1.8584538353494857e-12
01050002925,010-5000-2925,"one digit, last group",-2.9466829258816047e-10,201,-7.327263644640119e-11
01050002925,010-5000-2925,"one digit, last group",-2.9466829258816047e-10,202,-3.839287114960569e-10
01050002925,010-5000-2925,"one digit, last group",-2.9466829258816047e-10,203,1.541560284940752e-11
01051009080,010-5100-9080,original,0.9999999996951678,0,8.991266014015323e-11
01051009080,010-5100-9080,original,0.9999999996951678,1,-6.875307373546084e-11
01051009080,010-5100-9080,original,0.9999999996951678,2,-3.4303645651859117e-10
01051009080,010-5100-9080,original,0.9999999996951678,3,-3.027073155261354e-11
01051009080,010-5100-9080,original,0.9999999996951678,4,-1.0791043967435569e-10
01051009080,010-5100-9080,original,0.9999999996951678,5,4.348261935362794e-10
01051009080,010-5100-9080,original,0.9999999996951678,6,-1.49517367327732e-10
01051009080,010-5100-9080,original,0.9999999996951678,7,-2.2768667620785657e-10
01051009080,010-5100-9080,original,0.9999999996951678,8,-5.777415949698239e-11
01051009080,010-5100-9080,original,0.9999999996951678,9,-1.310578390840787e-11
01051009080,010-5100-9080,original,0.9999999996951678,10,-1.819580996443573e-12
01051009080,010-5100-9080,original,0.9999999996951678,11,-2.4549294975542757e-10
01051009080,010-5100-9080,original,0.9999999996951678,12,-5.194034554167605e-11
01051009080,010-5100-9080,original,0.9999999996951678,13,-1.0753061582775267e-11
01051009080,010-5100-9080,original,0.9999999996951678,14,5.5057780225601214e-11
01051009080,010-5100-9080,original,0.9999999996951678,15,1.0107278476598628e-11
01051009080,010-5100-9080,original,0.9999999996951678,16,2.036958096289068e-10
01051009080,010-5100-9080,original,0.9999999996951678,17,-1.50798950115375e-10
01051009080,010-5100-9080,original,0.9999999996951678,18,-4.21457581027166e-11
01051009080,010-5100-9080,original,0.9999999996951678,19,-1.9317603099909372e-11
01051009080,010-5100-9080,original,0.9999999996951678,20,-1.3475703006994372e-10
01051009080,010-5100-9080,original,0.9999999996951678,21,-8.466099038198726e-11
01051009080,010-5100-9080,original,0.9999999996951678,22,-2.73875652216587e-10
01051009080,010-5100-9080,original,0.9999999996951678,23,5.3435399335543604e-11
01051009080,010-5100-9080,original,0.9999999996951678,24,1.8562047854481443e-10
01051009080,010-5100-9080,original,0.9999999996951678,25,-1.0166711073085705e-10
01051009080,010-5100-9080,original,0.9999999996951678,26,1.1422634162087373e-10
01051009080,010-5100-9080,original,0.9999999996951678,27,-5.388886187666706e-11
01051009080,010-5100-9080,original,0.9999999996951678,28,-2.6798673678300824e-11
01051009080,010-5100-9080,original,0.9999999996951678,29,-4.059875764345968e-11
01051009080,010-5100-9080,original,0.9999999996951678,30,2.7229760765118507e-10
01051009080,010-5100-9080,original,0.9999999996951678,31,-6.981465879804214e-11
01051009080,010-5100-9080,original,0.9999999996951678,32,-1.2948870099104404e-10
01051009080,010-5100-9080,original,0.9999999996951678,33,9.92848510162524e-11
01051009080,010-5100-9080,original,0.9999999996951678,34,-2.793546163478989e-11
01051009080,010-5100-9080,original,0.9999999996951678,35,1.4197004653716679e-11
01051009080,010-5100-9080,original,0.9999999996951678,36,1.0354818220971649e-10
01051009080,010-5100-9080,original,0.9999999996951678,37,-8.668306066338712e-11
01051009080,010-5100-9080,original,0.9999999996951678,38,1.6588285500592034e-10
01051009080,010-5100-9080,original,0.9999999996951678,39,-1.4503512804504286e-10
01051009080,010-5100-9080,original,0.9999999996951678,40,-2.693898092226222e-10
01051009080,010-5100-9080,original,0.9999999996951678,41,-1.495450511047055e-10
01051009080,010-5100-9080,original,0.9999999996951678,42,-3.049591532815981e-11
01051009080,010-5100-9080,original,0.9999999996951678,43,6.908832367731651e-11
01051009080,010-5100-9080,original,0.9999999996951678,44,-2.17622557986301e-12
01051009080,010-5100-9080,original,0.9999999996951678,45,-2.6832470390872717e-10
01051009080,010-5100-9080,original,0.9999999996951678,46,-1.2381892661989801e-11
01051009080,010-5100-9080,original,0.9999999996951678,47,2.084662858987399e-10
01051009080,010-5100-9080,original,0.9999999996951678,48,3.358032758858775e-12
01051009080,010-5100-9080,original,0.9999999996951678,49,-2.8996856298249887e-11
01051009080,010-5100-9080,original,0.9999999996951678,50,-2.0053063565436616e-10
01051009080,010-5100-9080,original,0.9999999996951678,51,-1.091699338434992e-11
01051009080,010-5100-9080,original,0.9999999996951678,52,2.5991950364941686e-10
01051009080,010-5100-9080,original,0.9999999996951678,53,-2.6950736417761815e-12
01051009080,010-5100-9080,original,0.9999999996951678,54,4.898978936117689e-11
01051009080,010-5100-9080,original,0.9999999996951678,55,-9.50093961387428e-12
01051009080,010-5100-9080,original,0.9999999996951678,56,1.6158765525707926e-10
01051009080,010-5100-9080,original,0.9999999996951678,57,3.959104589227482e-11
01051009080,010-5100-9080,original,0.9999999996951678,58,2.292536016278977e-11
01051009080,010-5100-9080,original,0.9999999996951678,59,7.674323498703381e-11
01051009080,010-5100-9080,original,0.9999999996951678,60,-1.4893988075063654e-10
01051009080,010-5100-9080,original,0.9999999996951678,61,5.565265683820763e-11
01051009080,010-5100-9080,original,0.9999999996951678,62,2.4786312775804875e-10
01051009080,010-5100-9080,original,0.9999999996951678,63,-1.991213490660529e-10
01051009080,010-5100-9080,original,0.9999999996951678,64,-1.78496370692767e-10
01051009080,010-5100-9080,original,0.9999999996951678,65,-1.4121599753938136e-10
01051009080,010-5100-9080,original,0.9999999996951678,66,-1.018043156967214e-10
01051009080,010-5100-9080,original,0.9999999996951678,67,2.1252017365502974e-10
01051009080,010-5100-9080,original,0.9999999996951678,68,-2.2064622031437648e-10
01051009080,010-5100-9080,original,0.9999999996951678,69,-3.7886148475811085e-10
01051009080,010-5100-9080,original,0.9999999996951678,70,1.4509192485847178e-10
01051009080,010-5100-9080,original,0.9999999996951678,71,3.796868724034839e-11
01051009080,010-5100-9080,original,0.9999999996951678,72,3.0058385047833466e-11
01051009080,010-5100-9080,original,0.9999999996951678,73,-1.5798765252647518e-10
01051009080,010-5100-9080,original,0.9999999996951678,74,1.2632286957571843e-11
01051009080,010-5100-9080,original,0.9999999996951678,75,1.1226452952402797e-11
01051009080,010-5100-9080,original,0.9999999996951678,76,3.10199147358324e-11
01051009080,010-5100-9080,original,0.9999999996951678,77,5.5788693589490144e-11
01051009080,010-5100-9080,original,0.9999999996951678,78,-4.979414764957184e-10
01051009080,010-5100-9080,original,0.9999999996951678,79,-6.841386769298438e-11
01051009080,010-5100-9080,original,0.9999999996951678,80,1.7590873731190293e-10
01051009080,010-5100-9080,original,0.9999999996951678,81,8.914146412575329e-11
01051009080,010-5100-9080,original,0.9999999996951678,82,3.200248744002565e-10
01051009080,010-5100-9080,original,0.9999999996951678,83,8.293813453951604e-12
01051009080,010-5100-9080,original,0.9999999996951678,84,2.1300723958210497e-11
01051009080,010-5100-9080,original,0.9999999996951678,85,-6.686449970918822e-12
01051009080,010-5100-9080,original,0.9999999996951678,86,2.927462958257993e-10
01051009080,010-5100-9080,original,0.9999999996951678,87,-1.422518414079161e-10
01051009080,010-5100-9080,original,0.9999999996951678,88,7.277992712346544e-11
01051009080,010-5100-9080,original,0.9999999996951678,89,-5.455971002660711e-12
01051009080,010-5100-9080,original,0.9999999996951678,90,1.793698430569647e-10
01051009080,010-5100-9080,original,0.9999999996951678,91,-5.0399761778545274e-11
01051009080,010-5100-9080,original,0.9999999996951678,92,-3.042012327060174e-10
01051009080,010-5100-9080,original,0.9999999996951678,93,-1.6679963681740464e-10
01051009080,010-5100-9080,original,0.9999999996951678,94,7.317738778508103e-12
01051009080,010-5100-9080,original,0.9999999996951678,95,7.807775005886584e-11
01051009080,010-5100-9080,original,0.9999999996951678,96,4.0910697126106113e-10
01051009080,010-5100-9080,original,0.9999999996951678,97,-3.1911079979617587e-10
01051009080,010-5100-9080,original,0.9999999996951678,98,-1.8401295456833817e-10
01051009080,010-5100-9080,original,0.9999999996951678,99,-1.8340067977980383e-11
01051009080,010-5100-9080,original,0.9999999996951678,100,-2.6467167752970065e-11
01051009080,010-5100-9080,original,0.9999999996951678,101,-1.0331660438572187e-10
01051009080,010-5100-9080,original,0.9999999996951678,102,-1.74153282780458e-10
01051009080,010-5100-9080,original,0.9999999996951678,103,-2.887609249920184e-10
01051009080,010-5100-9080,original,0.9999999996951678,104,-9.326650468423993e-11
01051009080,010-5100-9080,original,0.9999999996951678,105,-1.683418769594529e-10
01051009080,010-5100-9080,original,0.9999999996951678,106,-5.2698669160283657e-11
01051009080,010-5100-9080,original,0.9999999996951678,107,-4.2060716142251815e-11
01051009080,010-5100-9080,original,0.9999999996951678,108,1.7604267013750818e-10
01051009080,010-5100-9080,original,0.9999999996951678,109,-6.840066178431747e-11
01051009080,010-5100-9080,original,0.9999999996951678,110,3.3110815428544634e-11
01051009080,010-5100-9080,original,0.9999999996951678,111,2.545749957518252e-10
01051009080,010-5100-9080,original,0.9999999996951678,112,1.234511969380434e-10
01051009080,010-5100-9080,original,0.9999999996951678,113,2.4530607744300343e-12
01051009080,010-5100-9080,original,0.9999999996951678,114,2.0114009195715308e-11
01051009080,010-5100-9080,original,0.9999999996951678,115,-6.961452998613849e-11
01051009080,010-5100-9080,original,0.9999999996951678,116,-8.871805760519898e-11
01051009080,010-5100-9080,original,0.9999999996951678,117,1.0160437593203169e-10
01051009080,010-5100-9080,original,0.9999999996951678,118,3.093693009923779e-10
01051009080,010-5100-9080,original,0.9999999996951678,119,2.08917522803761e-10
01051009080,010-5100-9080,original,0.9999999996951678,120,5.841795907301123e-11
01051009080,010-5100-9080,original,0.9999999996951678,121,2.375393033145389e-10
01051009080,010-5100-9080,original,0.9999999996951678,122,4.304358355852643e-11
01051009080,010-5100-9080,original,0.9999999996951678,123,-5.348780873159866e-11
01051009080,010-5100-9080,original,0.9999999996951678,124,5.922847805378708e-10
01051009080,010-5100-9080,original,0.9999999996951678,125,-2.115534451609358e-10
01051009080,010-5100-9080,original,0.9999999996951678,126,-7.740633497038293e-11
01051009080,010-5100-9080,original,0.9999999996951678,127,-4.904939516275048e-10
01051009080,010-5100-9080,original,0.9999999996951678,128,-1.617948487459193e-10
01051009080,010-5100-9080,original,0.9999999996951678,129,9.088801213329328e-13
01051009080,010-5100-9080,original,0.9999999996951678,130,-1.2527902051074168e-11
01051009080,010-5100-9080,original,0.9999999996951678,131,4.11807552369118e-11
01051009080,010-5100-9080,original,0.9999999996951678,132,6.834843917637756e-11
01051009080,010-5100-9080,original,0.9999999996951678,133,2.6866351058218975e-11
01051009080,010-5100-9080,original,0.9999999996951678,134,6.800783169284646e-12
01051009080,010-5100-9080,original,0.9999999996951678,135,-8.155610221987346e-12
01051009080,010-5100-9080,original,0.9999999996951678,136,3.595639906077096e-11
01051009080,010-5100-9080,original,0.9999999996951678,137,1.228677140498352e-10
01051009080,010-5100-9080,original,0.9999999996951678,138,2.299512546938413e-10
01051009080,010-5100-9080,original,0.9999999996951678,139,-5.135936744319384e-11
01051009080,010-5100-9080,original,0.9999999996951678,140,1.9412268690011296e-10
01051009080,010-5100-9080,original,0.9999999996951678,141,-2.089964041065653e-10
01051009080,010-5100-9080,original,0.9999999996951678,142,1.8063359562007657e-10
01051009080,010-5100-9080,original,0.9999999996951678,143,-1.515518776444871e-10
01051009080,010-5100-9080,original,0.9999999996951678,144,-7.439233608592255e-11
01051009080,010-5100-9080,original,0.9999999996951678,145,-8.281375968382197e-11
01051009080,010-5100-9080,original,0.9999999996951678,146,-4.0310601219747967e-11
01051009080,010-5100-9080,original,0.9999999996951678,147,-1.5617722428665564e-10
01051009080,010-5100-9080,original,0.9999999996951678,148,-1.652336814961318e-10
01051009080,010-5100-9080,original,0.9999999996951678,149,-1.442455543687935e-10
01051009080,010-5100-9080,original,0.9999999996951678,150,8.600066581229298e-11
01051009080,010-5100-9080,original,0.9999999996951678,151,4.132053129159207e-11
01051009080,010-5100-9080,original,0.9999999996951678,152,-1.0124153536032718e-10
01051009080,010-5100-9080,original,0.9999999996951678,153,3.9724743442874917e-10
01051009080,010-5100-9080,original,0.9999999996951678,154,-4.678509419071511e-11
01051009080,010-5100-9080,original,0.9999999996951678,155,1.7179490031895505e-10
01051009080,010-5100-9080,original,0.9999999996951678,156,-5.3252347360194364e-11
01051009080,010-5100-9080,original,0.9999999996951678,157,-5.880177690149464e-12
01051009080,010-5100-9080,original,0.9999999996951678,158,-1.2911035558529955e-10
01051009080,010-5100-9080,original,0.9999999996951678,159,-1.4160797810519982e-10
01051009080,010-5100-9080,original,0.9999999996951678,160,1.0350735141378913e-10
01051009080,010-5100-9080,original,0.9999999996951678,161,-3.454303600647665e-11
01051009080,010-5100-9080,original,0.9999999996951678,162,-7.257650984837985e-11
01051009080,010-5100-9080,original,0.9999999996951678,163,-7.541336277662614e-13
01051009080,010-5100-9080,original,0.9999999996951678,164,2.9910773444798736e-11
01051009080,010-5100-9080,original,0.9999999996951678,165,-1.5841288082937448e-10
01051009080,010-5100-9080,original,0.9999999996951678,166,4.827333429333474e-11
01051009080,010-5100-9080,original,0.9999999996951678,167,5.5695683771303006e-11
01051009080,010-5100-9080,original,0.9999999996951678,168,2.2508227773250853e-11
01051009080,010-5100-9080,original,0.9999999996951678,169,-4.193393896755816e-10
01051009080,010-5100-9080,original,0.9999999996951678,170,8.662328573872288e-11
01051009080,010-5100-9080,original,0.9999999996951678,171,4.6529445285536805e-11
01051009080,010-5100-9080,original,0.9999999996951678,172,-3.641314353356976e-11
01051009080,010-5100-9080,original,0.9999999996951678,173,-3.5654595309371065e-11
01051009080,010-5100-9080,original,0.9999999996951678,174,1.4815804601924173e-10
01051009080,010-5100-9080,original,0.9999999996951678,175,-8.4505363493234e-11
01051009080,010-5100-9080,original,0.9999999996951678,176,-2.4325484450115283e-12
01051009080,010-5100-9080,original,0.9999999996951678,177,4.890088904170787e-11
01051009080,010-5100-9080,original,0.9999999996951678,178,-1.1583551967238616e-10
01051009080,010-5100-9080,original,0.9999999996951678,179,-1.2417951000600956e-10
01051009080,010-5100-9080,original,0.9999999996951678,180,-5.4794539906201385e-11
01051009080,010-5100-9080,original,0.9999999996951678,181,0.9999996824067767
01051009080,010-5100-9080,original,0.9999999996951678,182,0.9999996972604253
01051009080,010-5100-9080,original,0.9999999996951678,183,0.9999996860362188
01051009080,010-5100-9080,original,0.9999999996951678,184,5.75510016710762e-11
01051009080,010-5100-9080,original,0.9999999996951678,185,7.981483988906697e-11
01051009080,010-5100-9080,original,0.9999999996951678,186,7.17654413309207e-11
01051009080,010-5100-9080,original,0.9999999996951678,187,-5.835502937013897e-11
01051009080,010-5100-9080,original,0.9999999996951678,188,1.3708296027452693e-10
01051009080,010-5100-9080,original,0.9999999996951678,189,-1.7836206163074234e-10
01051009080,010-5100-9080,original,0.9999999996951678,190,-1.8528324462223466e-10
01051009080,010-5100-9080,original,0.9999999996951678,191,-9.127135855439715e-12
01051009080,010-5100-9080,original,0.9999999996951678,192,-1.633524366859676e-10
01051009080,010-5100-9080,original,0.9999999996951678,193,-1.1819354857755564e-10
01051009080,010-5100-9080,original,0.9999999996951678,194,-2.5324464229355976e-11
01051009080,010-5100-9080,original,0.9999999996951678,195,1.4245838956527712e-10
01051009080,010-5100-9080,original,0.9999999996951678,196,2.4756033075216985e-11
01051009080,010-5100-9080,original,0.9999999996951678,197,-1.6996575175526196e-10
01051009080,010-5100-9080,original,0.9999999996951678,198,1.5333677853145225e-10
01051009080,010-5100-9080,original,0.9999999996951678,199,-3.5037375935272507e-10
01051009080,010-5100-9080,original,0.9999999996951678,200,1.3617473457536937e-10
01051009080,010-5100-9080,original,0.9999999996951678,201,-1.2670851030064526e-11
01051009080,010-5100-9080,original,0.9999999996951678,202,1.6177781491436002e-10
01051009080,010-5100-9080,original,0.9999999996951678,203,-2.419366975874484e-11
01051009081,010-5100-9081,"one digit, last group",-4.953072152567819e-10,0,1.1169231864753088e-10
01051009081,010-5100-9081,"one digit, last group",-4.953072152567819e-10,1,2.7994877818553574e-10
01051009081,010-5100-9081,"one digit, last group",-4.953072152567819e-10,2,1.8200029883313458e-10
01051009081,010-5100-9081,"one digit, last group",-4.953072152567819e-10,3,2.0929716842958278e-11
01051009081,010-5100-9081,"one digit, last group",-4.953072152567819e-10,4,5.7036103243488675e-11
01051009081,010-5100-9081,"one digit, last group",-4.953072152567819e-10,5,1.6074612320019074e-10
01051009081,010-5100-9081,"one digit, last group",-4.953072152567819e-10,6,1.761406181000914e-10
01051009081,010-5100-9081,"one digit, last group",-4.953072152567819e-10,7,1.4707806294861797e-11
01051009081,010-5100-9081,"one digit, last group",-4.953072152567819e-10,8,1.8489370368193772e-10
01051009081,010-5100-9081,"one digit, last group",-4.953072152567819e-10,9,-1.6487505360486668e-11
01051009081,010-5100-9081,"one digit, last group",-4.953072152567819e-10,10,-3.6753961053957904e-11
01051009081,010-5100-9081,"one digit, last group",-4.953072152567819e-10,11,-1.4328819597943308e-10
01051009081,010-5100-9081,"one digit, last group",-4.953072152567819e-10,12,-1.9767720989142064e-10
01051009081,010-5100-9081,"one digit, last group",-4.953072152567819e-10,13,2.4210141428344682e-11
01051009081,010-5100-9081,"one digit, last group",-4.953072152567819e-10,14,-1.4441592056728693e-10
01051009081,010-5100-9081,"one digit, last group",-4.953072152567819e-10,15,-4.623255724000737e-12
01051009081,010-5100-9081,"one digit, last group",-4.953072152567819e-10,16,3.659134707360165e-10
01051009081,010-5100-9081,"one digit, last group",-4.953072152567819e-10,17,3.4150899725155684e-10
01051009081,010-5100-9081,"one digit, last group",-4.953072152567819e-10,18,4.9287923090860965e-11
01051009081,010-5100-9081,"one digit, last group",-4.953072152567819e-10,19,3.068707956389005e-11
01051009081,010-5100-9081,"one digit, last group",-4.953072152567819e-10,20,9.135373457944294e-11
01051009081,010-5100-9081,"one digit, last group",-4.953072152567819e-10,21,-3.31090509798294e-10
01051009081,010-5100-9081,"one digit, last group",-4.953072152567819e-10,22,-4.956970442762038e-11
01051009081,010-5100-9081,"one digit, last group",-4.953072152567819e-10,23,-3.5303881870638945e-11
01051009081,010-5100-9081,"one digit, last group",-4.953072152567819e-10,24,5.461111386596831e-10
01051009081,010-5100-9081,"one digit, last group",-4.953072152567819e-10,25,6.656584851109283e-11
01051009081,010-5100-9081,"one digit, last group",-4.953072152567819e-10,26,-4.5471025302081554e-11
01051009081,010-5100-9081,"one digit, last group",-4.953072152567819e-10,27,2.0325669972803047e-10
01051009081,010-5100-9081,"one digit, last group",-4.953072152567819e-10,28,-5.335376578030656e-12
01051009081,010-5100-9081,"one digit, last group",-4.953072152567819e-10,29,1.714586438200067e-11
01051009081,010-5100-9081,"one digit, last group",-4.953072152567819e-10,30,1.1013696678936595e-10
01051009081,010-5100-9081,"one digit, last group",-4.953072152567819e-10,31,-4.7460224713933444e-11
01051009081,010-5100-9081,"one digit, last group",-4.953072152567819e-10,32,2.3063258217859461e-10
01051009081,010-5100-9081,"one digit, last group",-4.953072152567819e-10,33,-2.11616531840527e-10
01051009081,010-5100-9081,"one digit, last group",-4.953072152567819e-10,34,3.8294627701069973e-10
01051009081,010-5100-9081,"one digit, last group",-4.953072152567819e-10,35,-2.5546003959112888e-11
01051009081,010-5100-9081,"one digit, last group",-4.953072152567819e-10,36,1.7901852574215637e-11
01051009081,010-5100-9081,"one digit, last group",-4.953072152567819e-10,37,1.0134308846785272e-10
01051009081,010-5100-9081,"one digit, last group",-4.953072152567819e-10,38,-1.8070426591995508e-11
01051009081,010-5100-9081,"one digit, last group",-4.953072152567819e-10,39,-6.862849374612535e-11
01051009081,010-5100-9081,"one digit, last group",-4.953072152567819e-10,40,1.1447254134435827e-10
01051009081,010-5100-9081,"one digit, last group",-4.953072152567819e-10,41,1.23723889009193e-10
01051009081,010-5100-9081,"one digit, last group",-4.953072152567819e-10,42,-2.194066939406318e-10
01051009081,010-5100-9081,"one digit, last group",-4.953072152567819e-10,43,3.6170872659456685e-11
01051009081,010-5100-9081,"one digit, last group",-4.953072152567819e-10,44,5.8134666164040536e-11
01051009081,010-5100-9081,"one digit, last group",-4.953072152567819e-10,45,-3.416520249673065e-10
01051009081,010-5100-9081,"one digit, last group",-4.953072152567819e-10,46,6.774502456000793e-11
01051009081,010-5100-9081,"one digit, last group",-4.953072152567819e-10,47,-2.208689305174911e-10
01051009081,010-5100-9081,"one digit, last group",-4.953072152567819e-10,48,-5.746648920243925e-11
01051009081,010-5100-9081,"one digit, last group",-4.953072152567819e-10,49,1.0759291722867213e-11
01051009081,010-5100-9081,"one digit, last group",-4.953072152567819e-10,50,-1.479456000683226e-10
01051009081,010-5100-9081,"one digit, last group",-4.953072152567819e-10,51,-3.5239928964744816e-11
01051009081,010-5100-9081,"one digit, last group",-4.953072152567819e-10,52,-6.065306648784376e-11
01051009081,010-5100-9081,"one digit, last group",-4.953072152567819e-10,53,6.01577018533949e-11
01051009081,010-5100-9081,"one digit, last group",-4.953072152567819e-10,54,-9.48710179151496e-11
01051009081,010-5100-9081,"one digit, last group",-4.953072152567819e-10,55,5.241590438743024e-11
01051009081,010-5100-9081,"one digit, last group",-4.953072152567819e-10,56,-2.0422383521149873e-10
01051009081,010-5100-9081,"one digit, last group",-4.953072152567819e-10,57,1.621744919286227e-11
01051009081,010-5100-9081,"one digit, last group",-4.953072152567819e-10,58,-4.3812277481022514e-11
01051009081,010-5100-9081,"one digit, last group",-4.953072152567819e-10,59,-4.079482737437667e-11
01051009081,010-5100-9081,"one digit, last group",-4.953072152567819e-10,60,1.867918102530274e-10
01051009081,010-5100-9081,"one digit, last group",-4.953072152567819e-10,61,-9.245448124824057e-11
01051009081,010-5100-9081,"one digit, last group",-4.953072152567819e-10,62,-3.3457403138545455e-10
01051009081,010-5100-9081,"one digit, last group",-4.953072152567819e-10,63,2.049576962622099e-10
01051009081,010-5100-9081,"one digit, last group",-4.953072152567819e-10,64,-1.0350971622310222e-10
01051009081,010-5100-9081,"one digit, last group",-4.953072152567819e-10,65,-1.9614525722609549e-10
01051009081,010-5100-9081,"one digit, last group",-4.953072152567819e-10,66,2.461970707391392e-11
01051009081,010-5100-9081,"one digit, last group",-4.953072152567819e-10,67,-1.431009934031599e-10
01051009081,010-5100-9081,"one digit, last group",-4.953072152567819e-10,68,-1.027581579917627e-10
01051009081,010-5100-9081,"one digit, last group",-4.953072152567819e-10,69,-4.789161313185566e-11
01051009081,010-5100-9081,"one digit, last group",-4.953072152567819e-10,70,-4.9040445664201066e-11
01051009081,010-5100-9081,"one digit, last group",-4.953072152567819e-10,71,-1.3364686667401007e-13
01051009081,010-5100-9081,"one digit, last group",-4.953072152567819e-10,72,-1.0536690453886732e-11
01051009081,010-5100-9081,"one digit, last group",-4.953072152567819e-10,73,-4.79634821132405e-11
01051009081,010-5100-9081,"one digit, last group",-4.953072152567819e-10,74,-9.260728257936834e-11
01051009081,010-5100-9081,"one digit, last group",-4.953072152567819e-10,75,-1.1642320640148617e-10
01051009081,010-5100-9081,"one digit, last group",-4.953072152567819e-10,76,6.89882330764885e-11
01051009081,010-5100-9081,"one digit, last group",-4.953072152567819e-10,77,5.621500133168338e-11
01051009081,010-5100-9081,"one digit, last group",-4.953072152567819e-10,78,-1.8415253468845364e-10
01051009081,010-5100-9081,"one digit, last group",-4.953072152567819e-10,79,1.1707472032685052e-10
01051009081,010-5100-9081,"one digit, last group",-4.953072152567819e-10,80,-5.4092803783589706e-11
01051009081,010-5100-9081,"one digit, last group",-4.953072152567819e-10,81,6.083623740118279e-11
01051009081,010-5100-9081,"one digit, last group",-4.953072152567819e-10,82,-2.291073790450388e-10
01051009081,010-5100-9081,"one digit, last group",-4.953072152567819e-10,83,-1.2655850861805055e-11
01051009081,010-5100-9081,"one digit, last group",-4.953072152567819e-10,84,1.0472338070944354e-10
01051009081,010-5100-9081,"one digit, last group",-4.953072152567819e-10,85,-2.8980383785542403e-11
01051009081,010-5100-9081,"one digit, last group",-4.953072152567819e-10,86,-4.826027549762542e-10
01051009081,010-5100-9081,"one digit, last group",-4.953072152567819e-10,87,6.709187958976987e-11
01051009081,010-5100-9081,"one digit, last group",-4.953072152567819e-10,88,-1.0185096367365045e-10
01051009081,010-5100-9081,"one digit, last group",-4.953072152567819e-10,89,-1.066327015830039e-10
01051009081,010-5100-9081,"one digit, last group",-4.953072152567819e-10,90,5.081192476387144e-12
01051009081,010-5100-9081,"one digit, last group",-4.953072152567819e-10,91,-2.0811811737366245e-10
01051009081,010-5100-9081,"one digit, last group",-4.953072152567819e-10,92,-2.28935878786897e-10
01051009081,010-5100-9081,"one digit, last group",-4.953072152567819e-10,93,-1.5082452245944903e-10
01051009081,010-5100-9081,"one digit, last group",-4.953072152567819e-10,94,-9.786378986754004e-12
01051009081,010-5100-9081,"one digit, last group",-4.953072152567819e-10,95,1.2600358605737926e-10
01051009081,010-5100-9081,"one digit, last group",-4.953072152567819e-10,96,-4.204359231543887e-10
01051009081,010-5100-9081,"one digit, last group",-4.953072152567819e-10,97,3.583893375365536e-10
01051009081,010-5100-9081,"one digit, last group",-4.953072152567819e-10,98,2.2605841830844518e-10
01051009081,010-5100-9081,"one digit, last group",-4.953072152567819e-10,99,-2.5887290005008327e-11
01051009081,010-5100-9081,"one digit, last group",-4.953072152567819e-10,100,-1.0006875785412346e-12
01051009081,010-5100-9081,"one digit, last group",-4.953072152567819e-10,101,-8.148740584646072e-11
01051009081,010-5100-9081,"one digit, last group",-4.953072152567819e-10,102,-1.1152101610140394e-11
01051009081,010-5100-9081,"one digit, last group",-4.953072152567819e-10,103,-2.520127304673709e-10
01051009081,010-5100-9081,"one digit, last group",-4.953072152567819e-10,104,-9.957620757519345e-11
01051009081,010-5100-9081,"one digit, last group",-4.953072152567819e-10,105,7.77802455586794e-11
01051009081,010-5100-9081,"one digit, last group",-4.953072152567819e-10,106,2.083786058505485e-11
01051009081,010-5100-9081,"one digit, last group",-4.953072152567819e-10,107,-6.564305472497839e-11
01051009081,010-5100-9081,"one digit, last group",-4.953072152567819e-10,108,1.1523340164426331e-10
01051009081,010-5100-9081,"one digit, last group",-4.953072152567819e-10,109,1.0981179652041317e-10
01051009081,010-5100-9081,"one digit, last group",-4.953072152567819e-10,110,1.4321566531345797e-10
01051009081,010-5100-9081,"one digit, last group",-4.953072152567819e-10,111,-5.930899621856441e-11
01051009081,010-5100-9081,"one digit, last group",-4.953072152567819e-10,112,-2.137788917964725e-11
01051009081,010-5100-9081,"one digit, last group",-4.953072152567819e-10,113,1.2589402276018482e-11
01051009081,010-5100-9081,"one digit, last group",-4.953072152567819e-10,114,7.58914870251591e-11
01051009081,010-5100-9081,"one digit, last group",-4.953072152567819e-10,115,-1.0782470186389129e-11
01051009081,010-5100-9081,"one digit, last group",-4.953072152567819e-10,116,1.0027312881381224e-11
01051009081,010-5100-9081,"one digit, last group",-4.953072152567819e-10,117,7.913577313592908e-11
01051009081,010-5100-9081,"one digit, last group",-4.953072152567819e-10,118,-3.593221375516331e-11
01051009081,010-5100-9081,"one digit, last group",-4.953072152567819e-10,119,-4.046668042682239e-12
01051009081,010-5100-9081,"one digit, last group",-4.953072152567819e-10,120,2.7524368784094962e-11
01051009081,010-5100-9081,"one digit, last group",-4.953072152567819e-10,121,-1.2672478521404376e-10
01051009081,010-5100-9081,"one digit, last group",-4.953072152567819e-10,122,-6.191618691617575e-11
01051009081,010-5100-9081,"one digit, last group",-4.953072152567819e-10,123,7.864470490402013e-11
01051009081,010-5100-9081,"one digit, last group",-4.953072152567819e-10,124,1.7037672501943815e-10
01051009081,010-5100-9081,"one digit, last group",-4.953072152567819e-10,125,-2.0872499915404096e-10
01051009081,010-5100-9081,"one digit, last group",-4.953072152567819e-10,126,-4.6964240724796226e-11
01051009081,010-5100-9081,"one digit, last group",-4.953072152567819e-10,127,-1.2345773891641963e-10
01051009081,010-5100-9081,"one digit, last group",-4.953072152567819e-10,128,-4.5336501403445025e-11
01051009081,010-5100-9081,"one digit, last group",-4.953072152567819e-10,129,3.436918872824605e-11
01051009081,010-5100-9081,"one digit, last group",-4.953072152567819e-10,130,-1.3368414669413492e-11
01051009081,010-5100-9081,"one digit, last group",-4.953072152567819e-10,131,-2.2584801172121412e-10
01051009081,010-5100-9081,"one digit, last group",-4.953072152567819e-10,132,-2.2006046246610854e-11
01051009081,010-5100-9081,"one digit, last group",-4.953072152567819e-10,133,2.0005853733945048e-11
01051009081,010-5100-9081,"one digit, last group",-4.953072152567819e-10,134,4.2918389559430436e-11
01051009081,010-5100-9081,"one digit, last group",-4.953072152567819e-10,135,9.307718767477119e-11
01051009081,010-5100-9081,"one digit, last group",-4.953072152567819e-10,136,-1.3159757224136936e-11
01051009081,010-5100-9081,"one digit, last group",-4.953072152567819e-10,137,-2.0325421389822618e-11
01051009081,010-5100-9081,"one digit, last group",-4.953072152567819e-10,138,2.942594518635845e-10
01051009081,010-5100-9081,"one digit, last group",-4.953072152567819e-10,139,7.381557440554442e-11
01051009081,010-5100-9081,"one digit, last group",-4.953072152567819e-10,140,-1.7655289284861195e-10
01051009081,010-5100-9081,"one digit, last group",-4.953072152567819e-10,141,3.166886209684851e-11
01051009081,010-5100-9081,"one digit, last group",-4.953072152567819e-10,142,-2.1256041473028427e-10
01051009081,010-5100-9081,"one digit, last group",-4.953072152567819e-10,143,-2.372684276034152e-10
01051009081,010-5100-9081,"one digit, last group",-4.953072152567819e-10,144,-3.878875866850793e-12
01051009081,010-5100-9081,"one digit, last group",-4.953072152567819e-10,145,1.0661657117508942e-10
01051009081,010-5100-9081,"one digit, last group",-4.953072152567819e-10,146,9.404886358282621e-11
01051009081,010-5100-9081,"one digit, last group",-4.953072152567819e-10,147,-1.2255490662171942e-10
01051009081,010-5100-9081,"one digit, last group",-4.953072152567819e-10,148,7.187614455625695e-12
01051009081,010-5100-9081,"one digit, last group",-4.953072152567819e-10,149,-8.80344877711699e-13
01051009081,010-5100-9081,"one digit, last group",-4.953072152567819e-10,150,9.153487922828662e-12
01051009081,010-5100-9081,"one digit, last group",-4.953072152567819e-10,151,6.951869354235529e-11
01051009081,010-5100-9081,"one digit, last group",-4.953072152567819e-10,152,1.8266748052475567e-10
01051009081,010-5100-9081,"one digit, last group",-4.953072152567819e-10,153,3.4761556280137293e-10
01051009081,010-5100-9081,"one digit, last group",-4.953072152567819e-10,154,-9.34815209942596e-11
01051009081,010-5100-9081,"one digit, last group",-4.953072152567819e-10,155,5.4718747858731103e-11
01051009081,010-5100-9081,"one digit, last group",-4.953072152567819e-10,156,7.148794371339513e-11
01051009081,010-5100-9081,"one digit, last group",-4.953072152567819e-10,157,8.366990683615033e-11
01051009081,010-5100-9081,"one digit, last group",-4.953072152567819e-10,158,4.552285472634646e-12
01051009081,010-5100-9081,"one digit, last group",-4.953072152567819e-10,159,3.776932457426431e-11
01051009081,010-5100-9081,"one digit, last group",-4.953072152567819e-10,160,2.7881934991895437e-11
01051009081,010-5100-9081,"one digit, last group",-4.953072152567819e-10,161,2.0519323405352768e-11
01051009081,010-5100-9081,"one digit, last group",-4.953072152567819e-10,162,6.349790226845757e-12
01051009081,010-5100-9081,"one digit, last group",-4.953072152567819e-10,163,-2.1101346189548953e-12
01051009081,010-5100-9081,"one digit, last group",-4.953072152567819e-10,164,-2.9607440358771977e-10
01051009081,010-5100-9081,"one digit, last group",-4.953072152567819e-10,165,-3.969081169424844e-11
01051009081,010-5100-9081,"one digit, last group",-4.953072152567819e-10,166,-1.9428591390326445e-11
01051009081,010-5100-9081,"one digit, last group",-4.953072152567819e-10,167,3.290509162176818e-11
01051009081,010-5100-9081,"one digit, last group",-4.953072152567819e-10,168,-1.7701566042851324e-10
01051009081,010-5100-9081,"one digit, last group",-4.953072152567819e-10,169,1.2710909145979862e-10
01051009081,010-5100-9081,"one digit, last group",-4.953072152567819e-10,170,-1.3213146450008254e-10
01051009081,010-5100-9081,"one digit, last group",-4.953072152567819e-10,171,2.922640638528313e-10
01051009081,010-5100-9081,"one digit, last group",-4.953072152567819e-10,172,2.0400883429810786e-11
01051009081,010-5100-9081,"one digit, last group",-4.953072152567819e-10,173,-4.4297731674920444e-11
01051009081,010-5100-9081,"one digit, last group",-4.953072152567819e-10,174,3.7760202244297306e-11
01051009081,010-5100-9081,"one digit, last group",-4.953072152567819e-10,175,-3.765267151115442e-10
01051009081,010-5100-9081,"one digit, last group",-4.953072152567819e-10,176,-5.104006572183292e-11
01051009081,010-5100-9081,"one digit, last group",-4.953072152567819e-10,177,-1.8523344728093253e-10
01051009081,010-5100-9081,"one digit, last group",-4.953072152567819e-10,178,9.746325288184338e-11
01051009081,010-5100-9081,"one digit, last group",-4.953072152567819e-10,179,-2.675385565873861e-10
01051009081,010-5100-9081,"one digit, last group",-4.953072152567819e-10,180,-2.0411997265384298e-11
01051009081,010-5100-9081,"one digit, last group",-4.953072152567819e-10,181,-1.0070661856768617e-08
01051009081,010-5100-9081,"one digit, last group",-4.953072152567819e-10,182,-3.7025490197963656e-10
01051009081,010-5100-9081,"one digit, last group",-4.953072152567819e-10,183,1.1960203164382855e-10
01051009081,010-5100-9081,"one digit, last group",-4.953072152567819e-10,184,2.119403312462753e-11
01051009081,010-5100-9081,"one digit, last group",-4.953072152567819e-10,185,1.1871903704469586e-10
01051009081,010-5100-9081,"one digit, last group",-4.953072152567819e-10,186,-1.0864025192307922e-10
01051009081,010-5100-9081,"one digit, last group",-4.953072152567819e-10,187,1.1941520146136614e-11
01051009081,010-5100-9081,"one digit, last group",-4.953072152567819e-10,188,-2.2483298065990466e-11
01051009081,010-5100-9081,"one digit, last group",-4.953072152567819e-10,189,-8.533074885128748e-11
01051009081,010-5100-9081,"one digit, last group",-4.953072152567819e-10,190,1.6305968921225382e-10
01051009081,010-5100-9081,"one digit, last group",-4.953072152567819e-10,191,4.452125328910203e-11
01051009081,010-5100-9081,"one digit, last group",-4.953072152567819e-10,192,2.4563013820281414e-11
01051009081,010-5100-9081,"one digit, last group",-4.953072152567819e-10,193,-1.6032094397848325e-10
01051009081,010-5100-9081,"one digit, last group",-4.953072152567819e-10,194,-4.84668185843967e-11
01051009081,010-5100-9081,"one digit, last group",-4.953072152567819e-10,195,-4.253349192139174e-11
01051009081,010-5100-9081,"one digit, last group",-4.953072152567819e-10,196,8.024891063947287e-11
01051009081,010-5100-9081,"one digit, last group",-4.953072152567819e-10,197,8.089509946663384e-11
01051009081,010-5100-9081,"one digit, last group",-4.953072152567819e-10,198,-1.9399422972584476e-10
01051009081,010-5100-9081,"one digit, last group",-4.953072152567819e-10,199,-4.01137734911719e-10
01051009081,010-5100-9081,"one digit, last group",-4.953072152567819e-10,200,-4.2717076322264824e-11
01051009081,010-5100-9081,"one digit, last group",-4.953072152567819e-10,201,1.0775195447312404e-11
01051009081,010-5100-9081,"one digit, last group",-4.953072152567819e-10,202,-1.1884689412471093e-11
01051009081,010-5100-9081,"one digit, last group",-4.953072152567819e-10,203,1.7604807668663338e-11
01052001582,010-5200-1582,original,0.9999999999779917,0,1.2307118872522407e-10
01052001582,010-5200-1582,original,0.9999999999779917,1,-8.811408169178164e-11
01052001582,010-5200-1582,original,0.9999999999779917,2,-8.086736426496657e-11
01052001582,010-5200-1582,original,0.9999999999779917,3,2.4277478136310544e-11
01052001582,010-5200-1582,original,0.9999999999779917,4,2.029288453798327e-10
01052001582,010-5200-1582,original,0.9999999999779917,5,-1.4447219576748092e-10
01052001582,010-5200-1582,original,0.9999999999779917,6,-7.314676915915983e-11
01052001582,010-5200-1582,original,0.9999999999779917,7,-2.325500992497114e-11
01052001582,010-5200-1582,original,0.9999999999779917,8,-2.247610350472126e-10
01052001582,010-5200-1582,original,0.9999999999779917,9,-4.8846124174166655e-11
01052001582,010-5200-1582,original,0.9999999999779917,10,-6.0235407982575e-11
01052001582,010-5200-1582,original,0.9999999999779917,11,1.9625793560837087e-10
01052001582,010-5200-1582,original,0.9999999999779917,12,4.908017158258231e-10
01052001582,010-5200-1582,original,0.9999999999779917,13,4.194119781406729e-11
01052001582,010-5200-1582,original,0.9999999999779917,14,3.832872347958977e-11
01052001582,010-5200-1582,original,0.9999999999779917,15,-6.480101799818163e-12
01052001582,010-5200-1582,original,0.9999999999779917,16,-1.6511745614907524e-10
01052001582,010-5200-1582,original,0.9999999999779917,17,-2.1503057953258219e-10
01052001582,010-5200-1582,original,0.9999999999779917,18,1.4226439801018084e-10
01052001582,010-5200-1582,original,0.9999999999779917,19,1.1295774421867748e-10
01052001582,010-5200-1582,original,0.9999999999779917,20,-9.335665568020544e-11
01052001582,010-5200-1582,original,0.9999999999779917,21,8.48256953633575e-12
01052001582,010-5200-1582,original,0.9999999999779917,22,1.0590135249886448e-10
01052001582,010-5200-1582,original,0.9999999999779917,23,-1.456007222950517e-10
01052001582,010-5200-1582,original,0.9999999999779917,24,-3.453488365870493e-11
01052001582,010-5200-1582,original,0.9999999999779917,25,1.7410652384843863e-11
01052001582,010-5200-1582,original,0.9999999999779917,26,-2.3471498768198433e-10
01052001582,010-5200-1582,original,0.9999999999779917,27,-7.66340232842436e-11
01052001582,010-5200-1582,original,0.9999999999779917,28,-4.181967959646091e-11
01052001582,010-5200-1582,original,0.9999999999779917,29,1.5049304475075857e-10
01052001582,010-5200-1582,original,0.9999999999779917,30,-7.093008315522013e-11
01052001582,010-5200-1582,original,0.9999999999779917,31,-2.0273903042782367e-10
01052001582,010-5200-1582,original,0.9999999999779917,32,-4.9033851146013965e-11
01052001582,010-5200-1582,original,0.9999999999779917,33,-2.1203270348153725e-10
01052001582,010-5200-1582,original,0.9999999999779917,34,4.163794455483106e-11
01052001582,010-5200-1582,original,0.9999999999779917,35,2.7060321265179893e-11
01052001582,010-5200-1582,original,0.9999999999779917,36,1.4262332189547085e-10
01052001582,010-5200-1582,original,0.9999999999779917,37,8.170298462959866e-11
01052001582,010-5200-1582,original,0.9999999999779917,38,2.0189698472535355e-10
01052001582,010-5200-1582,original,0.9999999999779917,39,3.972874445550152e-11
01052001582,010-5200-1582,original,0.9999999999779917,40,-9.1614310780779e-11
01052001582,010-5200-1582,original,0.9999999999779917,41,2.2924202839863662e-11
01052001582,010-5200-1582,original,0.9999999999779917,42,-9.981785119888336e-11
01052001582,010-5200-1582,original,0.9999999999779917,43,-7.481587025600758e-12
01052001582,010-5200-1582,original,0.9999999999779917,44,-3.1018206212462773e-11
01052001582,010-5200-1582,original,0.9999999999779917,45,-2.388219967284153e-10
01052001582,010-5200-1582,original,0.9999999999779917,46,2.5385324485780056e-11
01052001582,010-5200-1582,original,0.9999999999779917,47,1.2435703785234785e-10
01052001582,010-5200-1582,original,0.9999999999779917,48,1.4137811606265987e-10
01052001582,010-5200-1582,original,0.9999999999779917,49,1.8667618680844632e-10
01052001582,010-5200-1582,original,0.9999999999779917,50,-2.689459979253933e-11
01052001582,010-5200-1582,original,0.9999999999779917,51,-1.8974004051531418e-11
01052001582,010-5200-1582,original,0.9999999999779917,52,-1.4454331306498326e-11
01052001582,010-5200-1582,original,0.9999999999779917,53,2.928498807281138e-11
01052001582,010-5200-1582,original,0.9999999999779917,54,5.7730007325233214e-11
01052001582,010-5200-1582,original,0.9999999999779917,55,6.931769777523224e-11
01052001582,010-5200-1582,original,0.9999999999779917,56,1.4922953629972525e-10
01052001582,010-5200-1582,original,0.9999999999779917,57,-2.874028648807922e-11
01052001582,010-5200-1582,original,0.9999999999779917,58,3.504400526206533e-11
01052001582,010-5200-1582,original,0.9999999999779917,59,9.663107012786504e-11
01052001582,010-5200-1582,original,0.9999999999779917,60,-2.6731087431656875e-10
01052001582,010-5200-1582,original,0.9999999999779917,61,7.888317607626731e-11
01052001582,010-5200-1582,original,0.9999999999779917,62,-2.91012122470674e-11
01052001582,010-5200-1582,original,0.9999999999779917,63,-6.254582136858716e-11
01052001582,010-5200-1582,original,0.9999999999779917,64,-3.93048872173042e-10
01052001582,010-5200-1582,original,0.9999999999779917,65,1.3883880116577577e-10
01052001582,010-5200-1582,original,0.9999999999779917,66,1.7459878807416423e-10
01052001582,010-5200-1582,original,0.9999999999779917,67,-2.363203089342666e-11
01052001582,010-5200-1582,original,0.9999999999779917,68,-2.2026008685221602e-10
01052001582,010-5200-1582,original,0.9999999999779917,69,1.4228527613941278e-10
01052001582,010-5200-1582,original,0.9999999999779917,70,-5.7112731308667515e-11
01052001582,010-5200-1582,original,0.9999999999779917,71,3.5486145332972395e-12
01052001582,010-5200-1582,original,0.9999999999779917,72,3.397425431311537e-11
01052001582,010-5200-1582,original,0.9999999999779917,73,4.175529655688483e-11
01052001582,010-5200-1582,original,0.9999999999779917,74,-3.082743657711325e-10
01052001582,010-5200-1582,original,0.9999999999779917,75,-7.626320319138891e-11
01052001582,010-5200-1582,original,0.9999999999779917,76,9.32708774059718e-11
01052001582,010-5200-1582,original,0.9999999999779917,77,-1.267871149784094e-11
01052001582,010-5200-1582,original,0.9999999999779917,78,1.421313884657826e-10
01052001582,010-5200-1582,original,0.9999999999779917,79,2.0775514100556873e-10
01052001582,010-5200-1582,original,0.9999999999779917,80,1.2943321444186033e-10
01052001582,010-5200-1582,original,0.9999999999779917,81,6.105318453139723e-11
01052001582,010-5200-1582,original,0.9999999999779917,82,4.033665342963604e-11
01052001582,010-5200-1582,original,0.9999999999779917,83,3.7591851071755526e-13
01052001582,010-5200-1582,original,0.9999999999779917,84,-6.893047720794045e-11
01052001582,010-5200-1582,original,0.9999999999779917,85,9.569460908994052e-12
01052001582,010-5200-1582,original,0.9999999999779917,86,-2.0465877677667111e-10
01052001582,010-5200-1582,original,0.9999999999779917,87,7.358738456774338e-11
01052001582,010-5200-1582,original,0.9999999999779917,88,1.1787133585431524e-10
01052001582,010-5200-1582,original,0.9999999999779917,89,-5.866544692080061e-11
01052001582,010-5200-1582,original,0.9999999999779917,90,-1.360791496863973e-10
01052001582,010-5200-1582,original,0.9999999999779917,91,4.517383497113532e-10
01052001582,010-5200-1582,original,0.9999999999779917,92,-2.0470594229909218e-10
01052001582,010-5200-1582,original,0.9999999999779917,93,-4.563409982679738e-11
01052001582,010-5200-1582,original,0.9999999999779917,94,4.29293265943341e-12
01052001582,010-5200-1582,original,0.9999999999779917,95,4.481984047525474e-11
01052001582,010-5200-1582,original,0.9999999999779917,96,-1.3859481289584311e-10
01052001582,010-5200-1582,original,0.9999999999779917,97,-1.74080303654963e-10
01052001582,010-5200-1582,original,0.9999999999779917,98,1.8296626265948323e-10
01052001582,010-5200-1582,original,0.9999999999779917,99,6.861811633223154e-11
01052001582,010-5200-1582,original,0.9999999999779917,100,1.574063069450739e-10
01052001582,010-5200-1582,original,0.9999999999779917,101,3.208424572170497e-11
01052001582,010-5200-1582,original,0.9999999999779917,102,4.271893600389486e-11
01052001582,010-5200-1582,original,0.9999999999779917,103,-1.3467882889919042e-11
01052001582,010-5200-1582,original,0.9999999999779917,104,3.641082692961136e-11
01052001582,010-5200-1582,original,0.9999999999779917,105,-3.14131830402821e-11
01052001582,010-5200-1582,original,0.9999999999779917,106,3.025020571249156e-11
01052001582,010-5200-1582,original,0.9999999999779917,107,-4.247002097053193e-11
01052001582,010-5200-1582,original,0.9999999999779917,108,1.1121160892107544e-11
01052001582,010-5200-1582,original,0.9999999999779917,109,4.404395048671766e-11
01052001582,010-5200-1582,original,0.9999999999779917,110,-1.232546804379536e-10
01052001582,010-5200-1582,original,0.9999999999779917,111,8.485250896556248e-11
01052001582,010-5200-1582,original,0.9999999999779917,112,1.114044614681392e-11
01052001582,010-5200-1582,original,0.9999999999779917,113,-1.1511138436713997e-11
01052001582,010-5200-1582,original,0.9999999999779917,114,-1.1179746860027432e-10
01052001582,010-5200-1582,original,0.9999999999779917,115,3.344266376970665e-11
01052001582,010-5200-1582,original,0.9999999999779917,116,-4.028053681951494e-11
01052001582,010-5200-1582,original,0.9999999999779917,117,1.4425744388988913e-10
01052001582,010-5200-1582,original,0.9999999999779917,118,-3.656428308791782e-10
01052001582,010-5200-1582,original,0.9999999999779917,119,2.8151715020191468e-11
01052001582,010-5200-1582,original,0.9999999999779917,120,2.605769796902586e-11
01052001582,010-5200-1582,original,0.9999999999779917,121,3.01283397717076e-10
01052001582,010-5200-1582,original,0.9999999999779917,122,-2.1231506689607254e-10
01052001582,010-5200-1582,original,0.9999999999779917,123,-2.40725403191428e-11
01052001582,010-5200-1582,original,0.9999999999779917,124,-3.939267291629797e-10
01052001582,010-5200-1582,original,0.9999999999779917,125,2.9820803753814537e-10
01052001582,010-5200-1582,original,0.9999999999779917,126,7.96605854349134e-11
01052001582,010-5200-1582,original,0.9999999999779917,127,1.634494870578413e-10
01052001582,010-5200-1582,original,0.9999999999779917,128,6.001342826863202e-11
01052001582,010-5200-1582,original,0.9999999999779917,129,-1.376350376423365e-11
01052001582,010-5200-1582,original,0.9999999999779917,130,2.284402648001439e-11
01052001582,010-5200-1582,original,0.9999999999779917,131,2.113956245449233e-10
01052001582,010-5200-1582,original,0.9999999999779917,132,9.956846417739876e-11
01052001582,010-5200-1582,original,0.9999999999779917,133,2.352090994017664e-12
01052001582,010-5200-1582,original,0.9999999999779917,134,7.898283904666828e-11
01052001582,010-5200-1582,original,0.9999999999779917,135,7.620384195024887e-12
01052001582,010-5200-1582,original,0.9999999999779917,136,4.569313338114621e-12
01052001582,010-5200-1582,original,0.9999999999779917,137,-6.653944026242664e-11
01052001582,010-5200-1582,original,0.9999999999779917,138,2.295772813233938e-10
01052001582,010-5200-1582,original,0.9999999999779917,139,7.274569093268676e-11
01052001582,010-5200-1582,original,0.9999999999779917,140,-1.1582335627291854e-10
01052001582,010-5200-1582,original,0.9999999999779917,141,-4.9529952098871206e-11
01052001582,010-5200-1582,original,0.9999999999779917,142,-1.1918909676294849e-10
01052001582,010-5200-1582,original,0.9999999999779917,143,-4.2497177354009224e-11
01052001582,010-5200-1582,original,0.9999999999779917,144,7.666136432135895e-11
01052001582,010-5200-1582,original,0.9999999999779917,145,-2.8190483026919064e-11
01052001582,010-5200-1582,original,0.9999999999779917,146,9.162102945185709e-11
01052001582,010-5200-1582,original,0.9999999999779917,147,2.978367802447628e-11
01052001582,010-5200-1582,original,0.9999999999779917,148,1.2810537307108534e-10
01052001582,010-5200-1582,original,0.9999999999779917,149,2.2400521148417878e-11
01052001582,010-5200-1582,original,0.9999999999779917,150,2.396604092162579e-10
01052001582,010-5200-1582,original,0.9999999999779917,151,-6.707988714893243e-11
01052001582,010-5200-1582,original,0.9999999999779917,152,6.110245900866472e-11
01052001582,010-5200-1582,original,0.9999999999779917,153,-6.609823660263202e-11
01052001582,010-5200-1582,original,0.9999999999779917,154,-6.765415300291752e-11
01052001582,010-5200-1582,original,0.9999999999779917,155,8.772134415134625e-10
01052001582,010-5200-1582,original,0.9999999999779917,156,2.0932398572744613e-10
01052001582,010-5200-1582,original,0.9999999999779917,157,-6.190725829360469e-11
01052001582,010-5200-1582,original,0.9999999999779917,158,-2.8314826502063653e-10
01052001582,010-5200-1582,original,0.9999999999779917,159,1.9938965018535297e-11
01052001582,010-5200-1582,original,0.9999999999779917,160,4.600149502649841e-10
01052001582,010-5200-1582,original,0.9999999999779917,161,-1.7390064686528767e-10
01052001582,010-5200-1582,original,0.9999999999779917,162,-4.343583011550277e-11
01052001582,010-5200-1582,original,0.9999999999779917,163,6.255799425682819e-12
01052001582,010-5200-1582,original,0.9999999999779917,164,-1.8568316883938152e-10
01052001582,010-5200-1582,original,0.9999999999779917,165,-7.031074081025187e-11
01052001582,010-5200-1582,original,0.9999999999779917,166,-3.583311460202144e-11
01052001582,010-5200-1582,original,0.9999999999779917,167,6.111654222523237e-11
01052001582,010-5200-1582,original,0.9999999999779917,168,2.448692145830638e-10
01052001582,010-5200-1582,original,0.9999999999779917,169,-2.4460879762228854e-10
01052001582,010-5200-1582,original,0.9999999999779917,170,-1.6994392288870896e-11
01052001582,010-5200-1582,original,0.9999999999779917,171,0.9999996898446957
01052001582,010-5200-1582,original,0.9999999999779917,172,0.9999996852977135
01052001582,010-5200-1582,original,0.9999999999779917,173,7.759706729024779e-11
01052001582,010-5200-1582,original,0.9999999999779917,174,2.3491547508768327e-11
01052001582,010-5200-1582,original,0.9999999999779917,175,-3.7502544991565404e-10
01052001582,010-5200-1582,original,0.9999999999779917,176,-1.3297632953722908e-11
01052001582,010-5200-1582,original,0.9999999999779917,177,7.259382685312436e-11
01052001582,010-5200-1582,original,0.9999999999779917,178,-1.7643666760405537e-10
01052001582,010-5200-1582,original,0.9999999999779917,179,-1.2211595111595173e-10
01052001582,010-5200-1582,original,0.9999999999779917,180,-4.933056721641998e-11
01052001582,010-5200-1582,original,0.9999999999779917,181,1.9149386188496166e-10
01052001582,010-5200-1582,original,0.9999999999779917,182,3.5491869875967715e-10
01052001582,010-5200-1582,original,0.9999999999779917,183,-1.8445880373491023e-10
01052001582,010-5200-1582,original,0.9999999999779917,184,-4.5021161483794955e-11
01052001582,010-5200-1582,original,0.9999999999779917,185,-6.217130608317793e-11
01052001582,010-5200-1582,original,0.9999999999779917,186,9.512193387715478e-11
01052001582,010-5200-1582,original,0.9999999999779917,187,-2.6904635942156193e-11
01052001582,010-5200-1582,original,0.9999999999779917,188,-8.173910253509408e-11
01052001582,010-5200-1582,original,0.9999999999779917,189,-6.428539503401933e-11
01052001582,010-5200-1582,original,0.9999999999779917,190,-6.143261662691918e-11
01052001582,010-5200-1582,original,0.9999999999779917,191,3.50272336060644e-11
01052001582,010-5200-1582,original,0.9999999999779917,192,1.332379361992936e-10
01052001582,010-5200-1582,original,0.9999999999779917,193,2.925265591485226e-10
01052001582,010-5200-1582,original,0.9999999999779917,194,4.12589977707365e-11
01052001582,010-5200-1582,original,0.9999999999779917,195,-1.3181636121568344e-10
01052001582,010-5200-1582,original,0.9999999999779917,196,1.199789818847066e-10
01052001582,010-5200-1582,original,0.9999999999779917,197,-5.129181340873561e-12
01052001582,010-5200-1582,original,0.9999999999779917,198,-5.999096389240312e-11
01052001582,010-5200-1582,original,0.9999999999779917,199,2.993369130202739e-10
01052001582,010-5200-1582,original,0.9999999999779917,200,8.922955583185776e-11
01052001582,010-5200-1582,original,0.9999999999779917,201,6.625380893866055e-12
01052001582,010-5200-1582,original,0.9999999999779917,202,-2.986840579662612e-10
01052001582,010-5200-1582,original,0.9999999999779917,203,-8.206533418565751e-12
01052001583,010-5200-1583,"one digit, last group",-2.914289071263479e-10,0,2.2018874225850662e-11
01052001583,010-5200-1583,"one digit, last group",-2.914289071263479e-10,1,-1.4628440763931776e-10
01052001583,010-5200-1583,"one digit, last group",-2.914289071263479e-10,2,9.47352280374533e-11
01052001583,010-5200-1583,"one digit, last group",-2.914289071263479e-10,3,-1.8649422007061632e-11
01052001583,010-5200-1583,"one digit, last group",-2.914289071263479e-10,4,1.8419462416184835e-11
01052001583,010-5200-1583,"one digit, last group",-2.914289071263479e-10,5,2.1814165532400203e-10
01052001583,010-5200-1583,"one digit, last group",-2.914289071263479e-10,6,-1.388301520927209e-10
01052001583,010-5200-1583,"one digit, last group",-2.914289071263479e-10,7,2.609531801698661e-11
01052001583,010-5200-1583,"one digit, last group",-2.914289071263479e-10,8,-2.4906694496359334e-10
01052001583,010-5200-1583,"one digit, last group",-2.914289071263479e-10,9,-6.521746250475438e-11
01052001583,010-5200-1583,"one digit, last group",-2.914289071263479e-10,10,4.4800621725745735e-11
01052001583,010-5200-1583,"one digit, last group",-2.914289071263479e-10,11,1.8845498062147321e-10
01052001583,010-5200-1583,"one digit, last group",-2.914289071263479e-10,12,3.269946140236772e-11
01052001583,010-5200-1583,"one digit, last group",-2.914289071263479e-10,13,3.632972182779091e-11
01052001583,010-5200-1583,"one digit, last group",-2.914289071263479e-10,14,-1.7105368790910288e-10
01052001583,010-5200-1583,"one digit, last group",-2.914289071263479e-10,15,1.8363520996270432e-11
01052001583,010-5200-1583,"one digit, last group",-2.914289071263479e-10,16,3.8912905973726477e-10
01052001583,010-5200-1583,"one digit, last group",-2.914289071263479e-10,17,1.1317719076670974e-10
01052001583,010-5200-1583,"one digit, last group",-2.914289071263479e-10,18,2.639247925859552e-10
01052001583,010-5200-1583,"one digit, last group",-2.914289071263479e-10,19,3.606204548187201e-11
01052001583,010-5200-1583,"one digit, last group",-2.914289071263479e-10,20,-7.858026359489454e-11
01052001583,010-5200-1583,"one digit, last group",-2.914289071263479e-10,21,-1.1694418296991252e-10
01052001583,010-5200-1583,"one digit, last group",-2.914289071263479e-10,22,9.483128075983326e-11
01052001583,010-5200-1583,"one digit, last group",-2.914289071263479e-10,23,9.979893328597229e-11
01052001583,010-5200-1583,"one digit, last group",-2.914289071263479e-10,24,1.373627752861907e-10
01052001583,010-5200-1583,"one digit, last group",-2.914289071263479e-10,25,-7.05231794222965e-11
01052001583,010-5200-1583,"one digit, last group",-2.914289071263479e-10,26,-2.6778045679637096e-10
01052001583,010-5200-1583,"one digit, last group",-2.914289071263479e-10,27,1.522867727704514e-10
01052001583,010-5200-1583,"one digit, last group",-2.914289071263479e-10,28,2.7298481900447406e-10
01052001583,010-5200-1583,"one digit, last group",-2.914289071263479e-10,29,-1.619614369687941e-12
01052001583,010-5200-1583,"one digit, last group",-2.914289071263479e-10,30,2.7399713098829525e-10
01052001583,010-5200-1583,"one digit, last group",-2.914289071263479e-10,31,8.883169070846326e-11
01052001583,010-5200-1583,"one digit, last group",-2.914289071263479e-10,32,-1.3583444211023283e-10
01052001583,010-5200-1583,"one digit, last group",-2.914289071263479e-10,33,1.7821535327885968e-10
01052001583,010-5200-1583,"one digit, last group",-2.914289071263479e-10,34,-1.0144396480535545e-10
01052001583,010-5200-1583,"one digit, last group",-2.914289071263479e-10,35,-3.61850305531e-11
01052001583,010-5200-1583,"one digit, last group",-2.914289071263479e-10,36,7.691409087315846e-11
01052001583,010-5200-1583,"one digit, last group",-2.914289071263479e-10,37,-7.154720857050375e-11
01052001583,010-5200-1583,"one digit, last group",-2.914289071263479e-10,38,2.0089877685961934e-10
01052001583,010-5200-1583,"one digit, last group",-2.914289071263479e-10,39,-1.9611819415465736e-10
01052001583,010-5200-1583,"one digit, last group",-2.914289071263479e-10,40,-3.4984998999387756e-10
01052001583,010-5200-1583,"one digit, last group",-2.914289071263479e-10,41,6.400416603005188e-11
01052001583,010-5200-1583,"one digit, last group",-2.914289071263479e-10,42,4.3671293763664276e-11
01052001583,010-5200-1583,"one digit, last group",-2.914289071263479e-10,43,6.213941008074495e-12
01052001583,010-5200-1583,"one digit, last group",-2.914289071263479e-10,44,-3.2947527999600195e-11
01052001583,010-5200-1583,"one digit, last group",-2.914289071263479e-10,45,-2.395989036215952e-10
01052001583,010-5200-1583,"one digit, last group",-2.914289071263479e-10,46,-1.4076040959466925e-10
01052001583,010-5200-1583,"one digit, last group",-2.914289071263479e-10,47,6.076976087333475e-11
01052001583,010-5200-1583,"one digit, last group",-2.914289071263479e-10,48,6.632499134151648e-11
01052001583,010-5200-1583,"one digit, last group",-2.914289071263479e-10,49,-3.9339971835997376e-10
01052001583,010-5200-1583,"one digit, last group",-2.914289071263479e-10,50,1.3428069286602627e-10
01052001583,010-5200-1583,"one digit, last group",-2.914289071263479e-10,51,-1.685438375425879e-11
01052001583,010-5200-1583,"one digit, last group",-2.914289071263479e-10,52,-5.6960754733852744e-11
01052001583,010-5200-1583,"one digit, last group",-2.914289071263479e-10,53,2.0066225270788062e-11
01052001583,010-5200-1583,"one digit, last group",-2.914289071263479e-10,54,-2.511916215437145e-11
01052001583,010-5200-1583,"one digit, last group",-2.914289071263479e-10,55,3.966158663692092e-13
01052001583,010-5200-1583,"one digit, last group",-2.914289071263479e-10,56,1.1876587236409432e-10
01052001583,010-5200-1583,"one digit, last group",-2.914289071263479e-10,57,1.870153681844492e-11
01052001583,010-5200-1583,"one digit, last group",-2.914289071263479e-10,58,5.339530595993924e-12
01052001583,010-5200-1583,"one digit, last group",-2.914289071263479e-10,59,-1.9424977266725532e-10
01052001583,010-5200-1583,"one digit, last group",-2.914289071263479e-10,60,1.0320951715618545e-10
01052001583,010-5200-1583,"one digit, last group",-2.914289071263479e-10,61,-1.5915636295923372e-10
01052001583,010-5200-1583,"one digit, last group",-2.914289071263479e-10,62,9.634542241323908e-11
01052001583,010-5200-1583,"one digit, last group",-2.914289071263479e-10,63,-9.24839739508537e-11
01052001583,010-5200-1583,"one digit, last group",-2.914289071263479e-10,64,-1.306305281003304e-10
01052001583,010-5200-1583,"one digit, last group",-2.914289071263479e-10,65,-1.1206690626281262e-11
01052001583,010-5200-1583,"one digit, last group",-2.914289071263479e-10,66,-1.7764662900139213e-10
01052001583,010-5200-1583,"one digit, last group",-2.914289071263479e-10,67,2.83732715440628e-10
01052001583,010-5200-1583,"one digit, last group",-2.914289071263479e-10,68,2.2893574642959444e-14
01052001583,010-5200-1583,"one digit, last group",-2.914289071263479e-10,69,-7.916190128782268e-11
01052001583,010-5200-1583,"one digit, last group",-2.914289071263479e-10,70,5.761718457582463e-11
01052001583,010-5200-1583,"one digit, last group",-2.914289071263479e-10,71,-4.956569073492066e-11
01052001583,010-5200-1583,"one digit, last group",-2.914289071263479e-10,72,-1.3696599912424466e-11
01052001583,010-5200-1583,"one digit, last group",-2.914289071263479e-10,73,2.3219257663049409e-10
01052001583,010-5200-1583,"one digit, last group",-2.914289071263479e-10,74,6.843224392639992e-11
01052001583,010-5200-1583,"one digit, last group",-2.914289071263479e-10,75,-7.56553265487531e-11
01052001583,010-5200-1583,"one digit, last group",-2.914289071263479e-10,76,-7.997588095183456e-11
01052001583,010-5200-1583,"one digit, last group",-2.914289071263479e-10,77,3.28165904888758e-11
01052001583,010-5200-1583,"one digit, last group",-2.914289071263479e-10,78,3.35222607693108e-10
01052001583,010-5200-1583,"one digit, last group",-2.914289071263479e-10,79,-3.767269747249163e-10
01052001583,010-5200-1583,"one digit, last group",-2.914289071263479e-10,80,-2.5007513636080816e-11
01052001583,010-5200-1583,"one digit, last group",-2.914289071263479e-10,81,2.4801221901753738e-11
01052001583,010-5200-1583,"one digit, last group",-2.914289071263479e-10,82,-4.5851424839668555e-10
01052001583,010-5200-1583,"one digit, last group",-2.914289071263479e-10,83,-8.155625089164553e-11
01052001583,010-5200-1583,"one digit, last group",-2.914289071263479e-10,84,1.0035426251241949e-10
01052001583,010-5200-1583,"one digit, last group",-2.914289071263479e-10,85,-2.7195105511897115e-11
01052001583,010-5200-1583,"one digit, last group",-2.914289071263479e-10,86,1.6894829682735163e-10
01052001583,010-5200-1583,"one digit, last group",-2.914289071263479e-10,87,8.506386695075723e-11
01052001583,010-5200-1583,"one digit, last group",-2.914289071263479e-10,88,3.5659284900096464e-11
01052001583,010-5200-1583,"one digit, last group",-2.914289071263479e-10,89,-4.9251160880739635e-11
01052001583,010-5200-1583,"one digit, last group",-2.914289071263479e-10,90,-1.7901229368004104e-10
01052001583,010-5200-1583,"one digit, last group",-2.914289071263479e-10,91,-6.798662970297156e-11
01052001583,010-5200-1583,"one digit, last group",-2.914289071263479e-10,92,-1.865457301990223e-10
01052001583,010-5200-1583,"one digit, last group",-2.914289071263479e-10,93,2.489686311132755e-10
01052001583,010-5200-1583,"one digit, last group",-2.914289071263479e-10,94,5.367699830494701e-11
01052001583,010-5200-1583,"one digit, last group",-2.914289071263479e-10,95,4.4360568776625344e-11
01052001583,010-5200-1583,"one digit, last group",-2.914289071263479e-10,96,-2.2142859307993045e-10
01052001583,010-5200-1583,"one digit, last group",-2.914289071263479e-10,97,-1.6727880734262504e-10
01052001583,010-5200-1583,"one digit, last group",-2.914289071263479e-10,98,-2.425309500694236e-10
01052001583,010-5200-1583,"one digit, last group",-2.914289071263479e-10,99,3.1835912999296e-11
01052001583,010-5200-1583,"one digit, last group",-2.914289071263479e-10,100,-2.044662535472469e-10
01052001583,010-5200-1583,"one digit, last group",-2.914289071263479e-10,101,8.239272561102736e-11
01052001583,010-5200-1583,"one digit, last group",-2.914289071263479e-10,102,-4.799376439482169e-11
01052001583,010-5200-1583,"one digit, last group",-2.914289071263479e-10,103,-2.455110796456956e-10
01052001583,010-5200-1583,"one digit, last group",-2.914289071263479e-10,104,8.815024838366184e-11
01052001583,010-5200-1583,"one digit, last group",-2.914289071263479e-10,105,-9.907446731050465e-11
01052001583,010-5200-1583,"one digit, last group",-2.914289071263479e-10,106,-4.625195540522376e-11
01052001583,010-5200-1583,"one digit, last group",-2.914289071263479e-10,107,-1.4007252073132294e-10
01052001583,010-5200-1583,"one digit, last group",-2.914289071263479e-10,108,1.2246358211954158e-10
01052001583,010-5200-1583,"one digit, last group",-2.914289071263479e-10,109,-3.224103639326931e-11
01052001583,010-5200-1583,"one digit, last group",-2.914289071263479e-10,110,-9.742663663721002e-12
01052001583,010-5200-1583,"one digit, last group",-2.914289071263479e-10,111,-1.1997589788681668e-10
01052001583,010-5200-1583,"one digit, last group",-2.914289071263479e-10,112,-2.6581380891536485e-10
01052001583,010-5200-1583,"one digit, last group",-2.914289071263479e-10,113,1.7312003340885217e-12
01052001583,010-5200-1583,"one digit, last group",-2.914289071263479e-10,114,1.5543695690060495e-10
01052001583,010-5200-1583,"one digit, last group",-2.914289071263479e-10,115,7.076398064414666e-13
01052001583,010-5200-1583,"one digit, last group",-2.914289071263479e-10,116,-4.222248022645807e-11
01052001583,010-5200-1583,"one digit, last group",-2.914289071263479e-10,117,1.2345353708004859e-10
01052001583,010-5200-1583,"one digit, last group",-2.914289071263479e-10,118,2.0168014453009689e-10
01052001583,010-5200-1583,"one digit, last group",-2.914289071263479e-10,119,2.5175057290941584e-10
01052001583,010-5200-1583,"one digit, last group",-2.914289071263479e-10,120,4.450786842739969e-11
01052001583,010-5200-1583,"one digit, last group",-2.914289071263479e-10,121,3.5922960619821946e-10
01052001583,010-5200-1583,"one digit, last group",-2.914289071263479e-10,122,-4.120622157428686e-11
01052001583,010-5200-1583,"one digit, last group",-2.914289071263479e-10,123,-6.439781468724325e-11
01052001583,010-5200-1583,"one digit, last group",-2.914289071263479e-10,124,-1.0801428161494169e-10
01052001583,010-5200-1583,"one digit, last group",-2.914289071263479e-10,125,1.292490352869886e-10
01052001583,010-5200-1583,"one digit, last group",-2.914289071263479e-10,126,7.143372353495877e-11
01052001583,010-5200-1583,"one digit, last group",-2.914289071263479e-10,127,1.2946727015028875e-10
01052001583,010-5200-1583,"one digit, last group",-2.914289071263479e-10,128,-1.8043897402686364e-10
01052001583,010-5200-1583,"one digit, last group",-2.914289071263479e-10,129,-2.939555550329491e-11
01052001583,010-5200-1583,"one digit, last group",-2.914289071263479e-10,130,-6.876471797463218e-11
01052001583,010-5200-1583,"one digit, last group",-2.914289071263479e-10,131,2.828725956758919e-10
01052001583,010-5200-1583,"one digit, last group",-2.914289071263479e-10,132,7.270111855383382e-11
01052001583,010-5200-1583,"one digit, last group",-2.914289071263479e-10,133,-3.638645346090972e-12
01052001583,010-5200-1583,"one digit, last group",-2.914289071263479e-10,134,1.0299523612912388e-11
01052001583,010-5200-1583,"one digit, last group",-2.914289071263479e-10,135,1.750039690199546e-11
01052001583,010-5200-1583,"one digit, last group",-2.914289071263479e-10,136,1.665163276200054e-11
01052001583,010-5200-1583,"one digit, last group",-2.914289071263479e-10,137,4.649436386766746e-11
01052001583,010-5200-1583,"one digit, last group",-2.914289071263479e-10,138,1.5978637647386463e-10
01052001583,010-5200-1583,"one digit, last group",-2.914289071263479e-10,139,1.801718645405908e-12
01052001583,010-5200-1583,"one digit, last group",-2.914289071263479e-10,140,2.857959312156604e-10
01052001583,010-5200-1583,"one digit, last group",-2.914289071263479e-10,141,1.9640475039054738e-10
01052001583,010-5200-1583,"one digit, last group",-2.914289071263479e-10,142,-3.0814456671827995e-10
01052001583,010-5200-1583,"one digit, last group",-2.914289071263479e-10,143,4.314713777390727e-12
01052001583,010-5200-1583,"one digit, last group",-2.914289071263479e-10,144,6.637678960531475e-11
01052001583,010-5200-1583,"one digit, last group",-2.914289071263479e-10,145,-7.22077138562512e-11
01052001583,010-5200-1583,"one digit, last group",-2.914289071263479e-10,146,9.785816887551181e-11
01052001583,010-5200-1583,"one digit, last group",-2.914289071263479e-10,147,-7.774587577197841e-10
01052001583,010-5200-1583,"one digit, last group",-2.914289071263479e-10,148,-6.842342060290265e-11
01052001583,010-5200-1583,"one digit, last group",-2.914289071263479e-10,149,-3.6070394460895795e-11
01052001583,010-5200-1583,"one digit, last group",-2.914289071263479e-10,150,-1.34869806994771e-10
01052001583,010-5200-1583,"one digit, last group",-2.914289071263479e-10,151,1.2234959475691344e-10
01052001583,010-5200-1583,"one digit, last group",-2.914289071263479e-10,152,2.6985343171894777e-11
01052001583,010-5200-1583,"one digit, last group",-2.914289071263479e-10,153,1.2894895103747648e-10
01052001583,010-5200-1583,"one digit, last group",-2.914289071263479e-10,154,5.844580787884248e-11
01052001583,010-5200-1583,"one digit, last group",-2.914289071263479e-10,155,4.9115494988978114e-11
01052001583,010-5200-1583,"one digit, last group",-2.914289071263479e-10,156,-4.8788490605055826e-11
01052001583,010-5200-1583,"one digit, last group",-2.914289071263479e-10,157,-1.1908399909957503e-10
01052001583,010-5200-1583,"one digit, last group",-2.914289071263479e-10,158,-1.1285825282060309e-10
01052001583,010-5200-1583,"one digit, last group",-2.914289071263479e-10,159,-1.2259818844390827e-10
01052001583,010-5200-1583,"one digit, last group",-2.914289071263479e-10,160,-3.286359556095133e-10
01052001583,010-5200-1583,"one digit, last group",-2.914289071263479e-10,161,1.38092365823112e-10
01052001583,010-5200-1583,"one digit, last group",-2.914289071263479e-10,162,5.578726212862013e-11
01052001583,010-5200-1583,"one digit, last group",-2.914289071263479e-10,163,-1.4334609052085297e-11
01052001583,010-5200-1583,"one digit, last group",-2.914289071263479e-10,164,-2.756668541668035e-11
01052001583,010-5200-1583,"one digit, last group",-2.914289071263479e-10,165,3.328941711764764e-10
01052001583,010-5200-1583,"one digit, last group",-2.914289071263479e-10,166,2.6574733085028942e-11
01052001583,010-5200-1583,"one digit, last group",-2.914289071263479e-10,167,5.10675623705905e-10
01052001583,010-5200-1583,"one digit, last group",-2.914289071263479e-10,168,2.1195905106849837e-10
01052001583,010-5200-1583,"one digit, last group",-2.914289071263479e-10,169,6.879411930207564e-11
01052001583,010-5200-1583,"one digit, last group",-2.914289071263479e-10,170,1.4784990150314856e-10
01052001583,010-5200-1583,"one digit, last group",-2.914289071263479e-10,171,-5.11876999270303e-10
01052001583,010-5200-1583,"one digit, last group",-2.914289071263479e-10,172,-1.3379973812167671e-08
01052001583,010-5200-1583,"one digit, last group",-2.914289071263479e-10,173,8.962790621383826e-11
01052001583,010-5200-1583,"one digit, last group",-2.914289071263479e-10,174,-4.927472274417052e-11
01052001583,010-5200-1583,"one digit, last group",-2.914289071263479e-10,175,-4.922858268426061e-10
01052001583,010-5200-1583,"one digit, last group",-2.914289071263479e-10,176,-2.7711908920482065e-11
01052001583,010-5200-1583,"one digit, last group",-2.914289071263479e-10,177,-2.0314694029901785e-11
01052001583,010-5200-1583,"one digit, last group",-2.914289071263479e-10,178,-9.086484272338175e-11
01052001583,010-5200-1583,"one digit, last group",-2.914289071263479e-10,179,-6.084025607549832e-10
01052001583,010-5200-1583,"one digit, last group",-2.914289071263479e-10,180,1.1188239122539083e-10
01052001583,010-5200-1583,"one digit, last group",-2.914289071263479e-10,181,3.004199495717115e-11
01052001583,010-5200-1583,"one digit, last group",-2.914289071263479e-10,182,-4.5173873240363777e-10
01052001583,010-5200-1583,"one digit, last group",-2.914289071263479e-10,183,1.6798507772148955e-10
01052001583,010-5200-1583,"one digit, last group",-2.914289071263479e-10,184,2.0597252080767132e-11
01052001583,010-5200-1583,"one digit, last group",-2.914289071263479e-10,185,-1.6600106206104557e-10
01052001583,010-5200-1583,"one digit, last group",-2.914289071263479e-10,186,-2.687715958419793e-10
01052001583,010-5200-1583,"one digit, last group",-2.914289071263479e-10,187,-5.6887585769187735e-11
01052001583,010-5200-1583,"one digit, last group",-2.914289071263479e-10,188,-1.5046737177820037e-11
01052001583,010-5200-1583,"one digit, last group",-2.914289071263479e-10,189,-2.0348859852271186e-10
01052001583,010-5200-1583,"one digit, last group",-2.914289071263479e-10,190,9.39091916640806e-11
01052001583,010-5200-1583,"one digit, last group",-2.914289071263479e-10,191,-1.1301890757840053e-11
01052001583,010-5200-1583,"one digit, last group",-2.914289071263479e-10,192,1.5234831017006473e-10
01052001583,010-5200-1583,"one digit, last group",-2.914289071263479e-10,193,-2.4845266692159563e-11
01052001583,010-5200-1583,"one digit, last group",-2.914289071263479e-10,194,4.4759307791542844e-11
01052001583,010-5200-1583,"one digit, last group",-2.914289071263479e-10,195,1.6927216287235258e-11
01052001583,010-5200-1583,"one digit, last group",-2.914289071263479e-10,196,-1.0192363160906497e-10
01052001583,010-5200-1583,"one digit, last group",-2.914289071263479e-10,197,1.368658536329007e-11
01052001583,010-5200-1583,"one digit, last group",-2.914289071263479e-10,198,-1.5985573840872965e-10
01052001583,010-5200-1583,"one digit, last group",-2.914289071263479e-10,199,-1.5997342683461034e-10
01052001583,010-5200-1583,"one digit, last group",-2.914289071263479e-10,200,-2.1550136939999628e-11
01052001583,010-5200-1583,"one digit, last group",-2.914289071263479e-10,201,1.43240303110129e-11
01052001583,010-5200-1583,"one digit, last group",-2.914289071263479e-10,202,9.634432632351263e-11
01052001583,010-5200-1583,"one digit, last group",-2.914289071263479e-10,203,-1.1294238958515469e-11
00653004858,006-5300-4858,original,1.000000000121673,0,2.701238791168906e-11
00653004858,006-5300-4858,original,1.000000000121673,1,1.863387605851418e-10
00653004858,006-5300-4858,original,1.000000000121673,2,1.7107422200655647e-10
00653004858,006-5300-4858,original,1.000000000121673,3,-2.812940224077936e-11
00653004858,006-5300-4858,original,1.000000000121673,4,-2.3875114594940113e-11
00653004858,006-5300-4858,original,1.000000000121673,5,7.345926456749221e-10
00653004858,006-5300-4858,original,1.000000000121673,6,1.6526994574747737e-11
00653004858,006-5300-4858,original,1.000000000121673,7,-1.909152389474472e-10
00653004858,006-5300-4858,original,1.000000000121673,8,-2.2083520928089627e-10
00653004858,006-5300-4858,original,1.000000000121673,9,3.065828756433322e-11
00653004858,006-5300-4858,original,1.000000000121673,10,1.630918570265835e-11
00653004858,006-5300-4858,original,1.000000000121673,11,-4.190363216398752e-11
00653004858,006-5300-4858,original,1.000000000121673,12,4.811282630235746e-10
00653004858,006-5300-4858,original,1.000000000121673,13,-9.251517950323626e-11
00653004858,006-5300-4858,original,1.000000000121673,14,5.130925062879881e-11
00653004858,006-5300-4858,original,1.000000000121673,15,-6.27353584300987e-12
00653004858,006-5300-4858,original,1.000000000121673,16,-1.21200155047186e-10
00653004858,006-5300-4858,original,1.000000000121673,17,4.0684893568642633e-10
00653004858,006-5300-4858,original,1.000000000121673,18,-5.2548980677134775e-11
00653004858,006-5300-4858,original,1.000000000121673,19,-6.88451059366913e-11
00653004858,006-5300-4858,original,1.000000000121673,20,7.409014366369192e-12
00653004858,006-5300-4858,original,1.000000000121673,21,2.201272420851073e-10
00653004858,006-5300-4858,original,1.000000000121673,22,-5.602588793690634e-11
00653004858,006-5300-4858,original,1.000000000121673,23,3.0091302295351596e-11
00653004858,006-5300-4858,original,1.000000000121673,24,-2.5165794741214995e-10
00653004858,006-5300-4858,original,1.000000000121673,25,1.220273891512323e-10
00653004858,006-5300-4858,original,1.000000000121673,26,-1.9057768671203053e-10
00653004858,006-5300-4858,original,1.000000000121673,27,7.483672288892442e-11
00653004858,006-5300-4858,original,1.000000000121673,28,-1.840285492958203e-10
00653004858,006-5300-4858,original,1.000000000121673,29,-7.54768242050033e-11
00653004858,006-5300-4858,original,1.000000000121673,30,4.727699956151352e-10
00653004858,006-5300-4858,original,1.000000000121673,31,-8.400598360641982e-11
00653004858,006-5300-4858,original,1.000000000121673,32,-4.0495859106298105e-10
00653004858,006-5300-4858,original,1.000000000121673,33,3.261234019842584e-10
00653004858,006-5300-4858,original,1.000000000121673,34,-2.3716443556818906e-10
00653004858,006-5300-4858,original,1.000000000121673,35,-4.54129478578118e-11
00653004858,006-5300-4858,original,1.000000000121673,36,3.665869841394401e-11
00653004858,006-5300-4858,original,1.000000000121673,37,5.169699667240359e-11
00653004858,006-5300-4858,original,1.000000000121673,38,-2.3705021918365e-11
00653004858,006-5300-4858,original,1.000000000121673,39,9.383570401665865e-11
00653004858,006-5300-4858,original,1.000000000121673,40,2.415370711814259e-10
00653004858,006-5300-4858,original,1.000000000121673,41,-3.314316302316864e-11
00653004858,006-5300-4858,original,1.000000000121673,42,-6.354448013861224e-11
00653004858,006-5300-4858,original,1.000000000121673,43,2.196055362466496e-11
00653004858,006-5300-4858,original,1.000000000121673,44,-3.8796495784699935e-11
00653004858,006-5300-4858,original,1.000000000121673,45,6.966227167913596e-11
00653004858,006-5300-4858,original,1.000000000121673,46,1.2522807162340048e-10
00653004858,006-5300-4858,original,1.000000000121673,47,2.2650948748831963e-10
00653004858,006-5300-4858,original,1.000000000121673,48,5.4679597878730514e-11
00653004858,006-5300-4858,original,1.000000000121673,49,7.618970464120036e-11
00653004858,006-5300-4858,original,1.000000000121673,50,-5.0604194731151e-10
00653004858,006-5300-4858,original,1.000000000121673,51,3.576871403937999e-11
00653004858,006-5300-4858,original,1.000000000121673,52,2.581248371622895e-10
00653004858,006-5300-4858,original,1.000000000121673,53,4.4803050625436023e-11
00653004858,006-5300-4858,original,1.000000000121673,54,8.473429837594422e-11
00653004858,006-5300-4858,original,1.000000000121673,55,-9.46506542121146e-11
00653004858,006-5300-4858,original,1.000000000121673,56,2.3901468821558942e-11
00653004858,006-5300-4858,original,1.000000000121673,57,-6.805054782916998e-11
00653004858,006-5300-4858,original,1.000000000121673,58,4.6723585158418435e-11
00653004858,006-5300-4858,original,1.000000000121673,59,-5.537684572012321e-11
00653004858,006-5300-4858,original,1.000000000121673,60,-3.8713721810501627e-10
00653004858,006-5300-4858,original,1.000000000121673,61,5.7076513726986424e-11
00653004858,006-5300-4858,original,1.000000000121673,62,-5.287734881665374e-11
00653004858,006-5300-4858,original,1.000000000121673,63,3.2463022527207e-11
00653004858,006-5300-4858,original,1.000000000121673,64,-1.2177794478158047e-10
00653004858,006-5300-4858,original,1.000000000121673,65,1.113516101384314e-11
00653004858,006-5300-4858,original,1.000000000121673,66,1.405132759266197e-10
00653004858,006-5300-4858,original,1.000000000121673,67,-1.340992743242391e-10
00653004858,006-5300-4858,original,1.000000000121673,68,-8.63090370343301e-11
00653004858,006-5300-4858,original,1.000000000121673,69,-2.983251604760461e-11
00653004858,006-5300-4858,original,1.000000000121673,70,-3.4273741634496136e-12
00653004858,006-5300-4858,original,1.000000000121673,71,-8.375132390875103e-11
00653004858,006-5300-4858,original,1.000000000121673,72,-4.9848302210941606e-12
00653004858,006-5300-4858,original,1.000000000121673,73,2.0876995541274195e-10
00653004858,006-5300-4858,original,1.000000000121673,74,-4.050863065827566e-11
00653004858,006-5300-4858,original,1.000000000121673,75,-2.5065322043571595e-11
00653004858,006-5300-4858,original,1.000000000121673,76,-7.436059816967836e-11
00653004858,006-5300-4858,original,1.000000000121673,77,-1.9478884323637005e-11
00653004858,006-5300-4858,original,1.000000000121673,78,1.6063025389679913e-10
00653004858,006-5300-4858,original,1.000000000121673,79,3.864435737336747e-12
00653004858,006-5300-4858,original,1.000000000121673,80,1.1821487711689144e-10
00653004858,006-5300-4858,original,1.000000000121673,81,-1.1848327730477455e-10
00653004858,006-5300-4858,original,1.000000000121673,82,5.0817379107496474e-11
00653004858,006-5300-4858,original,1.000000000121673,83,7.149953579722093e-11
00653004858,006-5300-4858,original,1.000000000121673,84,-3.0157213405062445e-11
00653004858,006-5300-4858,original,1.000000000121673,85,-2.7783108085352713e-11
00653004858,006-5300-4858,original,1.000000000121673,86,5.529866518340526e-10
00653004858,006-5300-4858,original,1.000000000121673,87,9.875522287651763e-12
00653004858,006-5300-4858,original,1.000000000121673,88,-2.5778045585455675e-10
00653004858,006-5300-4858,original,1.000000000121673,89,-2.3133633255286237e-11
00653004858,006-5300-4858,original,1.000000000121673,90,-8.625864681446186e-11
00653004858,006-5300-4858,original,1.000000000121673,91,1.1279612009463986e-10
00653004858,006-5300-4858,original,1.000000000121673,92,1.0376316571502301e-10
00653004858,006-5300-4858,original,1.000000000121673,93,-2.0597770657770144e-10
00653004858,006-5300-4858,original,1.000000000121673,94,-9.097246089154609e-11
00653004858,006-5300-4858,original,1.000000000121673,95,-1.0697977611786043e-10
00653004858,006-5300-4858,original,1.000000000121673,96,-4.309351305131057e-10
00653004858,006-5300-4858,original,1.000000000121673,97,5.461232497765949e-11
00653004858,006-5300-4858,original,1.000000000121673,98,-2.113902277320691e-10
00653004858,006-5300-4858,original,1.000000000121673,99,3.2524266280825015e-11
00653004858,006-5300-4858,original,1.000000000121673,100,1.2439829693884558e-10
00653004858,006-5300-4858,original,1.000000000121673,101,-1.976320227021472e-10
00653004858,006-5300-4858,original,1.000000000121673,102,-1.214981300385045e-10
00653004858,006-5300-4858,original,1.000000000121673,103,3.2850027207779996e-10
00653004858,006-5300-4858,original,1.000000000121673,104,-1.2638157966205163e-10
00653004858,006-5300-4858,original,1.000000000121673,105,6.2373809605844e-11
00653004858,006-5300-4858,original,1.000000000121673,106,-4.055595812006884e-11
00653004858,006-5300-4858,original,1.000000000121673,107,-1.0810738227061155e-11
00653004858,006-5300-4858,original,1.000000000121673,108,6.8083278600832e-11
00653004858,006-5300-4858,original,1.000000000121673,109,-1.204691468737869e-11
00653004858,006-5300-4858,original,1.000000000121673,110,-2.323915191862715e-11
00653004858,006-5300-4858,original,1.000000000121673,111,-5.7820955783714885e-11
00653004858,006-5300-4858,original,1.000000000121673,112,-3.078026709339164e-11
00653004858,006-5300-4858,original,1.000000000121673,113,-1.0826766840499075e-11
00653004858,006-5300-4858,original,1.000000000121673,114,2.673752748955833e-10
00653004858,006-5300-4858,original,1.000000000121673,115,-1.8018492670633e-11
00653004858,006-5300-4858,original,1.000000000121673,116,-7.020438181296227e-11
00653004858,006-5300-4858,original,1.000000000121673,117,7.189390631103104e-11
00653004858,006-5300-4858,original,1.000000000121673,118,3.263219619279278e-10
00653004858,006-5300-4858,original,1.000000000121673,119,2.197658506387511e-10
00653004858,006-5300-4858,original,1.000000000121673,120,-8.994312588549828e-11
00653004858,006-5300-4858,original,1.000000000121673,121,1.6972554186161066e-10
00653004858,006-5300-4858,original,1.000000000121673,122,-1.6481978413853074e-10
00653004858,006-5300-4858,original,1.000000000121673,123,-4.971545741103052e-11
00653004858,006-5300-4858,original,1.000000000121673,124,-3.819707974106207e-10
00653004858,006-5300-4858,original,1.000000000121673,125,6.14722707300159e-11
00653004858,006-5300-4858,original,1.000000000121673,126,5.108873285721626e-11
00653004858,006-5300-4858,original,1.000000000121673,127,2.409709541716915e-10
00653004858,006-5300-4858,original,1.000000000121673,128,-8.551815196853672e-11
00653004858,006-5300-4858,original,1.000000000121673,129,6.233799943524543e-11
00653004858,006-5300-4858,original,1.000000000121673,130,5.354947738881675e-11
00653004858,006-5300-4858,original,1.000000000121673,131,-3.0206581998951235e-10
00653004858,006-5300-4858,original,1.000000000121673,132,-1.1721887990041625e-11
00653004858,006-5300-4858,original,1.000000000121673,133,1.0291564473110067e-10
00653004858,006-5300-4858,original,1.000000000121673,134,-7.816312030074265e-11
00653004858,006-5300-4858,original,1.000000000121673,135,1.8402460408677197e-10
00653004858,006-5300-4858,original,1.000000000121673,136,2.0312493469573202e-11
00653004858,006-5300-4858,original,1.000000000121673,137,2.4138812627982706e-11
00653004858,006-5300-4858,original,1.000000000121673,138,-1.0837741780990767e-10
00653004858,006-5300-4858,original,1.000000000121673,139,3.4404237018513125e-11
00653004858,006-5300-4858,original,1.000000000121673,140,1.2906368419784343e-10
00653004858,006-5300-4858,original,1.000000000121673,141,-1.9964399502003913e-10
00653004858,006-5300-4858,original,1.000000000121673,142,-5.4757282873163384e-11
00653004858,006-5300-4858,original,1.000000000121673,143,-1.7060328850522728e-10
00653004858,006-5300-4858,original,1.000000000121673,144,3.6394777455856717e-11
00653004858,006-5300-4858,original,1.000000000121673,145,-3.408141340162799e-11
00653004858,006-5300-4858,original,1.000000000121673,146,1.084671405127517e-10
00653004858,006-5300-4858,original,1.000000000121673,147,-1.5227408065558283e-10
00653004858,006-5300-4858,original,1.000000000121673,148,6.1717733617383e-11
00653004858,006-5300-4858,original,1.000000000121673,149,-3.9352166936411994e-10
00653004858,006-5300-4858,original,1.000000000121673,150,2.4749571739886313e-10
00653004858,006-5300-4858,original,1.000000000121673,151,1.1022839095448764e-10
00653004858,006-5300-4858,original,1.000000000121673,152,-3.358774320360344e-10
00653004858,006-5300-4858,original,1.000000000121673,153,5.372448863936171e-12
00653004858,006-5300-4858,original,1.000000000121673,154,7.717546821461101e-11
00653004858,006-5300-4858,original,1.000000000121673,155,4.380578361292557e-10
00653004858,006-5300-4858,original,1.000000000121673,156,2.431788772745239e-11
00653004858,006-5300-4858,original,1.000000000121673,157,-5.4491338794276506e-11
00653004858,006-5300-4858,original,1.000000000121673,158,-2.033074332133662e-11
00653004858,006-5300-4858,original,1.000000000121673,159,-4.0548098108235645e-11
00653004858,006-5300-4858,original,1.000000000121673,160,-3.7774794817259945e-10
00653004858,006-5300-4858,original,1.000000000121673,161,-6.330287531508087e-11
00653004858,006-5300-4858,original,1.000000000121673,162,5.7521756590069766e-11
00653004858,006-5300-4858,original,1.000000000121673,163,-3.7645433717841915e-11
00653004858,006-5300-4858,original,1.000000000121673,164,1.134915522847111e-10
00653004858,006-5300-4858,original,1.000000000121673,165,5.865201448268868e-11
00653004858,006-5300-4858,original,1.000000000121673,166,4.386475686590619e-11
00653004858,006-5300-4858,original,1.000000000121673,167,-1.936459807688411e-10
00653004858,006-5300-4858,original,1.000000000121673,168,-1.794024532834394e-10
00653004858,006-5300-4858,original,1.000000000121673,169,2.281656210672514e-12
00653004858,006-5300-4858,original,1.000000000121673,170,-5.171537922774538e-11
00653004858,006-5300-4858,original,1.000000000121673,171,2.0480243566581528e-10
00653004858,006-5300-4858,original,1.000000000121673,172,-4.752691793080814e-11
00653004858,006-5300-4858,original,1.000000000121673,173,-1.718031026237106e-10
00653004858,006-5300-4858,original,1.000000000121673,174,7.1854952903291e-11
00653004858,006-5300-4858,original,1.000000000121673,175,1.0316484297231347e-10
00653004858,006-5300-4858,original,1.000000000121673,176,4.4285189718011575e-11
00653004858,006-5300-4858,original,1.000000000121673,177,3.2956089309053297e-10
00653004858,006-5300-4858,original,1.000000000121673,178,-2.7526259713212934e-12
00653004858,006-5300-4858,original,1.000000000121673,179,-2.901935890839816e-10
00653004858,006-5300-4858,original,1.000000000121673,180,1.4363735175076092e-10
00653004858,006-5300-4858,original,1.000000000121673,181,5.911310254695572e-11
00653004858,006-5300-4858,original,1.000000000121673,182,-2.784165658819981e-10
00653004858,006-5300-4858,original,1.000000000121673,183,-5.801936101098339e-12
00653004858,006-5300-4858,original,1.000000000121673,184,-8.648660755814874e-12
00653004858,006-5300-4858,original,1.000000000121673,185,-1.1470922625669046e-10
00653004858,006-5300-4858,original,1.000000000121673,186,8.099987433394594e-11
00653004858,006-5300-4858,original,1.000000000121673,187,0.9999996919766636
00653004858,006-5300-4858,original,1.000000000121673,188,0.9999996935166383
00653004858,006-5300-4858,original,1.000000000121673,189,2.2848654550897226e-10
00653004858,006-5300-4858,original,1.000000000121673,190,1.0774969173121275e-10
00653004858,006-5300-4858,original,1.000000000121673,191,-9.966654559250166e-11
00653004858,006-5300-4858,original,1.000000000121673,192,-1.831719513051748e-10
00653004858,006-5300-4858,original,1.000000000121673,193,1.1373751560289681e-10
00653004858,006-5300-4858,original,1.000000000121673,194,-3.738524858979232e-11
00653004858,006-5300-4858,original,1.000000000121673,195,-9.494088167516112e-11
00653004858,006-5300-4858,original,1.000000000121673,196,9.979199817901185e-11
00653004858,006-5300-4858,original,1.000000000121673,197,-9.725187357963292e-11
00653004858,006-5300-4858,original,1.000000000121673,198,-1.0726575269664626e-10
00653004858,006-5300-4858,original,1.000000000121673,199,5.866709200201484e-10
00653004858,006-5300-4858,original,1.000000000121673,200,4.4088215250053465e-11
00653004858,006-5300-4858,original,1.000000000121673,201,3.510716194225942e-11
00653004858,006-5300-4858,original,1.000000000121673,202,2.8963783406129033e-10
00653004858,006-5300-4858,original,1.000000000121673,203,-5.428128949955069e-11
00653004859,006-5300-4859,"one digit, last group",-3.7475278729713347e-10,0,-6.740075457675051e-11
00653004859,006-5300-4859,"one digit, last group",-3.7475278729713347e-10,1,2.666923377856309e-10
00653004859,006-5300-4859,"one digit, last group",-3.7475278729713347e-10,2,2.843637057385671e-10
00653004859,006-5300-4859,"one digit, last group",-3.7475278729713347e-10,3,-2.57384495339916e-11
00653004859,006-5300-4859,"one digit, last group",-3.7475278729713347e-10,4,9.870419194126145e-11
00653004859,006-5300-4859,"one digit, last group",-3.7475278729713347e-10,5,9.873010060308662e-11
00653004859,006-5300-4859,"one digit, last group",-3.7475278729713347e-10,6,1.6525831102422188e-10
00653004859,006-5300-4859,"one digit, last group",-3.7475278729713347e-10,7,3.921628867322741e-11
00653004859,006-5300-4859,"one digit, last group",-3.7475278729713347e-10,8,-1.9549293707269876e-10
00653004859,006-5300-4859,"one digit, last group",-3.7475278729713347e-10,9,1.5817223776810273e-11
00653004859,006-5300-4859,"one digit, last group",-3.7475278729713347e-10,10,-3.3630980720618593e-11
00653004859,006-5300-4859,"one digit, last group",-3.7475278729713347e-10,11,-6.279188339091018e-11
00653004859,006-5300-4859,"one digit, last group",-3.7475278729713347e-10,12,1.9984921439466618e-10
00653004859,006-5300-4859,"one digit, last group",-3.7475278729713347e-10,13,-3.781479301225129e-10
00653004859,006-5300-4859,"one digit, last group",-3.7475278729713347e-10,14,-1.1728763673554197e-11
00653004859,006-5300-4859,"one digit, last group",-3.7475278729713347e-10,15,-3.659000500433075e-11
00653004859,006-5300-4859,"one digit, last group",-3.7475278729713347e-10,16,1.6011037308842706e-10
00653004859,006-5300-4859,"one digit, last group",-3.7475278729713347e-10,17,-5.330213240840089e-10
00653004859,006-5300-4859,"one digit, last group",-3.7475278729713347e-10,18,1.8542899690385727e-10
00653004859,006-5300-4859,"one digit, last group",-3.7475278729713347e-10,19,4.157367866769969e-11
00653004859,006-5300-4859,"one digit, last group",-3.7475278729713347e-10,20,-4.703076244364199e-11
00653004859,006-5300-4859,"one digit, last group",-3.7475278729713347e-10,21,-3.2132895216936547e-10
00653004859,006-5300-4859,"one digit, last group",-3.7475278729713347e-10,22,-1.881104500755593e-10
00653004859,006-5300-4859,"one digit, last group",-3.7475278729713347e-10,23,-4.236713922153004e-11
00653004859,006-5300-4859,"one digit, last group",-3.7475278729713347e-10,24,3.8178694164402446e-10
00653004859,006-5300-4859,"one digit, last group",-3.7475278729713347e-10,25,-4.29770804635877e-11
00653004859,006-5300-4859,"one digit, last group",-3.7475278729713347e-10,26,-4.0320512017667386e-10
00653004859,006-5300-4859,"one digit, last group",-3.7475278729713347e-10,27,-9.041498524509132e-11
00653004859,006-5300-4859,"one digit, last group",-3.7475278729713347e-10,28,1.0898469626709777e-10
00653004859,006-5300-4859,"one digit, last group",-3.7475278729713347e-10,29,1.8813091733604576e-11
00653004859,006-5300-4859,"one digit, last group",-3.7475278729713347e-10,30,1.1131476828324684e-10
00653004859,006-5300-4859,"one digit, last group",-3.7475278729713347e-10,31,7.808334374072848e-11
00653004859,006-5300-4859,"one digit, last group",-3.7475278729713347e-10,32,-1.918608714767811e-11
00653004859,006-5300-4859,"one digit, last group",-3.7475278729713347e-10,33,1.1398950521988026e-10
00653004859,006-5300-4859,"one digit, last group",-3.7475278729713347e-10,34,-1.0536292247908605e-10
00653004859,006-5300-4859,"one digit, last group",-3.7475278729713347e-10,35,3.058410501616409e-11
00653004859,006-5300-4859,"one digit, last group",-3.7475278729713347e-10,36,4.952996974926079e-11
00653004859,006-5300-4859,"one digit, last group",-3.7475278729713347e-10,37,-2.6421680450888395e-11
00653004859,006-5300-4859,"one digit, last group",-3.7475278729713347e-10,38,4.691555742641651e-11
00653004859,006-5300-4859,"one digit, last group",-3.7475278729713347e-10,39,1.6379766308092822e-11
00653004859,006-5300-4859,"one digit, last group",-3.7475278729713347e-10,40,-5.492742693528466e-10
00653004859,006-5300-4859,"one digit, last group",-3.7475278729713347e-10,41,-3.4894675869909466e-11
00653004859,006-5300-4859,"one digit, last group",-3.7475278729713347e-10,42,-9.489486411607687e-11
00653004859,006-5300-4859,"one digit, last group",-3.7475278729713347e-10,43,-6.56361451705598e-11
00653004859,006-5300-4859,"one digit, last group",-3.7475278729713347e-10,44,-1.102046548196821e-11
00653004859,006-5300-4859,"one digit, last group",-3.7475278729713347e-10,45,-1.2737134339862475e-10
00653004859,006-5300-4859,"one digit, last group",-3.7475278729713347e-10,46,4.2820811092737154e-12
00653004859,006-5300-4859,"one digit, last group",-3.7475278729713347e-10,47,-5.736573730361007e-11
00653004859,006-5300-4859,"one digit, last group",-3.7475278729713347e-10,48,-1.6903371664337636e-10
00653004859,006-5300-4859,"one digit, last group",-3.7475278729713347e-10,49,1.9985274521531694e-10
00653004859,006-5300-4859,"one digit, last group",-3.7475278729713347e-10,50,8.93602369441893e-11
00653004859,006-5300-4859,"one digit, last group",-3.7475278729713347e-10,51,7.83292253778959e-11
00653004859,006-5300-4859,"one digit, last group",-3.7475278729713347e-10,52,-1.2113780182024817e-10
00653004859,006-5300-4859,"one digit, last group",-3.7475278729713347e-10,53,1.2441885376259668e-11
00653004859,006-5300-4859,"one digit, last group",-3.7475278729713347e-10,54,-5.49805187248534e-11
00653004859,006-5300-4859,"one digit, last group",-3.7475278729713347e-10,55,-5.0061811367562615e-12
00653004859,006-5300-4859,"one digit, last group",-3.7475278729713347e-10,56,4.329818528451039e-11
00653004859,006-5300-4859,"one digit, last group",-3.7475278729713347e-10,57,3.954333280096537e-11
00653004859,006-5300-4859,"one digit, last group",-3.7475278729713347e-10,58,3.8683712849295893e-11
00653004859,006-5300-4859,"one digit, last group",-3.7475278729713347e-10,59,6.704640284582389e-11
00653004859,006-5300-4859,"one digit, last group",-3.7475278729713347e-10,60,1.8315988909053458e-10
00653004859,006-5300-4859,"one digit, last group",-3.7475278729713347e-10,61,-5.5644624725699247e-11
00653004859,006-5300-4859,"one digit, last group",-3.7475278729713347e-10,62,-1.6371324020938429e-10
00653004859,006-5300-4859,"one digit, last group",-3.7475278729713347e-10,63,1.6046565482998305e-10
00653004859,006-5300-4859,"one digit, last group",-3.7475278729713347e-10,64,1.764492010803014e-10
00653004859,006-5300-4859,"one digit, last group",-3.7475278729713347e-10,65,-6.1629834070192136e-12
00653004859,006-5300-4859,"one digit, last group",-3.7475278729713347e-10,66,2.8048923110006027e-11
00653004859,006-5300-4859,"one digit, last group",-3.7475278729713347e-10,67,7.679960277473409e-11
00653004859,006-5300-4859,"one digit, last group",-3.7475278729713347e-10,68,-5.786323355628132e-11
00653004859,006-5300-4859,"one digit, last group",-3.7475278729713347e-10,69,7.752640733269234e-11
00653004859,006-5300-4859,"one digit, last group",-3.7475278729713347e-10,70,3.85630143472874e-11
00653004859,006-5300-4859,"one digit, last group",-3.7475278729713347e-10,71,1.2811912011693653e-10
00653004859,006-5300-4859,"one digit, last group",-3.7475278729713347e-10,72,-2.3906106896338688e-11
00653004859,006-5300-4859,"one digit, last group",-3.7475278729713347e-10,73,-1.500516148929266e-10
00653004859,006-5300-4859,"one digit, last group",-3.7475278729713347e-10,74,3.802921786417494e-10
00653004859,006-5300-4859,"one digit, last group",-3.7475278729713347e-10,75,2.477678982589868e-11
00653004859,006-5300-4859,"one digit, last group",-3.7475278729713347e-10,76,6.413605796690692e-11
00653004859,006-5300-4859,"one digit, last group",-3.7475278729713347e-10,77,-8.903922472683029e-11
00653004859,006-5300-4859,"one digit, last group",-3.7475278729713347e-10,78,1.996402479356063e-11
00653004859,006-5300-4859,"one digit, last group",-3.7475278729713347e-10,79,9.924510644226164e-12
00653004859,006-5300-4859,"one digit, last group",-3.7475278729713347e-10,80,3.289916800583347e-11
00653004859,006-5300-4859,"one digit, last group",-3.7475278729713347e-10,81,1.007111639496825e-10
00653004859,006-5300-4859,"one digit, last group",-3.7475278729713347e-10,82,2.7348718179763605e-10
00653004859,006-5300-4859,"one digit, last group",-3.7475278729713347e-10,83,-9.877783358223835e-11
00653004859,006-5300-4859,"one digit, last group",-3.7475278729713347e-10,84,-1.226105086939206e-10
00653004859,006-5300-4859,"one digit, last group",-3.7475278729713347e-10,85,1.226745785673275e-11
00653004859,006-5300-4859,"one digit, last group",-3.7475278729713347e-10,86,1.9366424397604899e-10
00653004859,006-5300-4859,"one digit, last group",-3.7475278729713347e-10,87,1.1344637192166356e-10
00653004859,006-5300-4859,"one digit, last group",-3.7475278729713347e-10,88,2.3018871528221722e-11
00653004859,006-5300-4859,"one digit, last group",-3.7475278729713347e-10,89,-1.5239405227705992e-10
00653004859,006-5300-4859,"one digit, last group",-3.7475278729713347e-10,90,-3.8103011050731106e-11
00653004859,006-5300-4859,"one digit, last group",-3.7475278729713347e-10,91,-5.422885307775412e-10
00653004859,006-5300-4859,"one digit, last group",-3.7475278729713347e-10,92,-1.6863001795990256e-11
00653004859,006-5300-4859,"one digit, last group",-3.7475278729713347e-10,93,5.825298434370316e-11
00653004859,006-5300-4859,"one digit, last group",-3.7475278729713347e-10,94,1.6917285555092035e-10
00653004859,006-5300-4859,"one digit, last group",-3.7475278729713347e-10,95,-6.560811024359117e-11
00653004859,006-5300-4859,"one digit, last group",-3.7475278729713347e-10,96,4.190550247072626e-10
00653004859,006-5300-4859,"one digit, last group",-3.7475278729713347e-10,97,-2.467960748815278e-10
00653004859,006-5300-4859,"one digit, last group",-3.7475278729713347e-10,98,5.936753462520619e-11
00653004859,006-5300-4859,"one digit, last group",-3.7475278729713347e-10,99,3.4348623683084577e-11
00653004859,006-5300-4859,"one digit, last group",-3.7475278729713347e-10,100,-1.1424998263048967e-12
00653004859,006-5300-4859,"one digit, last group",-3.7475278729713347e-10,101,1.0789892056649451e-10
00653004859,006-5300-4859,"one digit, last group",-3.7475278729713347e-10,102,6.474588459968161e-10
00653004859,006-5300-4859,"one digit, last group",-3.7475278729713347e-10,103,3.126441316927335e-10
00653004859,006-5300-4859,"one digit, last group",-3.7475278729713347e-10,104,2.995919138476205e-10
00653004859,006-5300-4859,"one digit, last group",-3.7475278729713347e-10,105,-3.512903964947561e-11
00653004859,006-5300-4859,"one digit, last group",-3.7475278729713347e-10,106,-1.3435946616810045e-10
00653004859,006-5300-4859,"one digit, last group",-3.7475278729713347e-10,107,9.330140782968865e-11
00653004859,006-5300-4859,"one digit, last group",-3.7475278729713347e-10,108,3.492646557248508e-11
00653004859,006-5300-4859,"one digit, last group",-3.7475278729713347e-10,109,2.0828331652774049e-10
00653004859,006-5300-4859,"one digit, last group",-3.7475278729713347e-10,110,-7.407323182464734e-11
00653004859,006-5300-4859,"one digit, last group",-3.7475278729713347e-10,111,-1.9341829409615887e-10
00653004859,006-5300-4859,"one digit, last group",-3.7475278729713347e-10,112,-5.351382729701779e-10
00653004859,006-5300-4859,"one digit, last group",-3.7475278729713347e-10,113,1.2969934277437265e-11
00653004859,006-5300-4859,"one digit, last group",-3.7475278729713347e-10,114,1.5606509342297549e-10
00653004859,006-5300-4859,"one digit, last group",-3.7475278729713347e-10,115,3.116263286383608e-12
00653004859,006-5300-4859,"one digit, last group",-3.7475278729713347e-10,116,9.128805840652615e-11
00653004859,006-5300-4859,"one digit, last group",-3.7475278729713347e-10,117,1.4353743721122035e-10
00653004859,006-5300-4859,"one digit, last group",-3.7475278729713347e-10,118,3.8019716809826276e-10
00653004859,006-5300-4859,"one digit, last group",-3.7475278729713347e-10,119,3.8426297758580536e-10
00653004859,006-5300-4859,"one digit, last group",-3.7475278729713347e-10,120,1.5353276276818107e-10
00653004859,006-5300-4859,"one digit, last group",-3.7475278729713347e-10,121,2.1663119298733118e-10
00653004859,006-5300-4859,"one digit, last group",-3.7475278729713347e-10,122,-3.5587386845356383e-10
00653004859,006-5300-4859,"one digit, last group",-3.7475278729713347e-10,123,1.7012234593761422e-12
00653004859,006-5300-4859,"one digit, last group",-3.7475278729713347e-10,124,-1.5655155935501007e-10
00653004859,006-5300-4859,"one digit, last group",-3.7475278729713347e-10,125,1.1677888513128507e-10
00653004859,006-5300-4859,"one digit, last group",-3.7475278729713347e-10,126,-8.144606395138894e-11
00653004859,006-5300-4859,"one digit, last group",-3.7475278729713347e-10,127,2.419910595883157e-10
00653004859,006-5300-4859,"one digit, last group",-3.7475278729713347e-10,128,2.181923179083031e-10
00653004859,006-5300-4859,"one digit, last group",-3.7475278729713347e-10,129,-1.701003657721265e-11
00653004859,006-5300-4859,"one digit, last group",-3.7475278729713347e-10,130,3.595175248226658e-12
00653004859,006-5300-4859,"one digit, last group",-3.7475278729713347e-10,131,-5.755762355943736e-10
00653004859,006-5300-4859,"one digit, last group",-3.7475278729713347e-10,132,5.18744729883815e-11
00653004859,006-5300-4859,"one digit, last group",-3.7475278729713347e-10,133,-1.465259650439251e-10
00653004859,006-5300-4859,"one digit, last group",-3.7475278729713347e-10,134,1.0097349678092084e-10
00653004859,006-5300-4859,"one digit, last group",-3.7475278729713347e-10,135,4.958135243176344e-11
00653004859,006-5300-4859,"one digit, last group",-3.7475278729713347e-10,136,-1.7883353139243572e-11
00653004859,006-5300-4859,"one digit, last group",-3.7475278729713347e-10,137,5.330160737758778e-11
00653004859,006-5300-4859,"one digit, last group",-3.7475278729713347e-10,138,-1.033680802906976e-10
00653004859,006-5300-4859,"one digit, last group",-3.7475278729713347e-10,139,-7.96789448678054e-11
00653004859,006-5300-4859,"one digit, last group",-3.7475278729713347e-10,140,-1.801272430145501e-10
00653004859,006-5300-4859,"one digit, last group",-3.7475278729713347e-10,141,-7.593556674665697e-11
00653004859,006-5300-4859,"one digit, last group",-3.7475278729713347e-10,142,-1.7049468201607235e-10
00653004859,006-5300-4859,"one digit, last group",-3.7475278729713347e-10,143,2.3741753960055034e-10
00653004859,006-5300-4859,"one digit, last group",-3.7475278729713347e-10,144,-1.5484700759437112e-11
00653004859,006-5300-4859,"one digit, last group",-3.7475278729713347e-10,145,-2.6774675820932093e-10
00653004859,006-5300-4859,"one digit, last group",-3.7475278729713347e-10,146,-5.68239127673325e-11
00653004859,006-5300-4859,"one digit, last group",-3.7475278729713347e-10,147,2.4507604105117004e-10
00653004859,006-5300-4859,"one digit, last group",-3.7475278729713347e-10,148,-4.427098350069612e-11
00653004859,006-5300-4859,"one digit, last group",-3.7475278729713347e-10,149,6.909778440823651e-11
00653004859,006-5300-4859,"one digit, last group",-3.7475278729713347e-10,150,3.1518581951175604e-10
00653004859,006-5300-4859,"one digit, last group",-3.7475278729713347e-10,151,-9.992585591656761e-11
00653004859,006-5300-4859,"one digit, last group",-3.7475278729713347e-10,152,-1.2367113177507946e-10
00653004859,006-5300-4859,"one digit, last group",-3.7475278729713347e-10,153,9.585464295013872e-11
00653004859,006-5300-4859,"one digit, last group",-3.7475278729713347e-10,154,-7.2087652693575546e-12
00653004859,006-5300-4859,"one digit, last group",-3.7475278729713347e-10,155,-1.5976432879449267e-10
00653004859,006-5300-4859,"one digit, last group",-3.7475278729713347e-10,156,-4.566264001703327e-11
00653004859,006-5300-4859,"one digit, last group",-3.7475278729713347e-10,157,5.2196468997900327e-11
00653004859,006-5300-4859,"one digit, last group",-3.7475278729713347e-10,158,7.407438725649783e-11
00653004859,006-5300-4859,"one digit, last group",-3.7475278729713347e-10,159,1.4963902163858763e-11
00653004859,006-5300-4859,"one digit, last group",-3.7475278729713347e-10,160,-9.402777503093065e-11
00653004859,006-5300-4859,"one digit, last group",-3.7475278729713347e-10,161,-1.862442795925246e-11
00653004859,006-5300-4859,"one digit, last group",-3.7475278729713347e-10,162,-1.2473205607477495e-10
00653004859,006-5300-4859,"one digit, last group",-3.7475278729713347e-10,163,-3.525467399093698e-12
00653004859,006-5300-4859,"one digit, last group",-3.7475278729713347e-10,164,6.848696550634251e-11
00653004859,006-5300-4859,"one digit, last group",-3.7475278729713347e-10,165,-1.5658924583797547e-10
00653004859,006-5300-4859,"one digit, last group",-3.7475278729713347e-10,166,1.235842503667921e-11
00653004859,006-5300-4859,"one digit, last group",-3.7475278729713347e-10,167,1.165283712554349e-10
00653004859,006-5300-4859,"one digit, last group",-3.7475278729713347e-10,168,-2.5812645529479843e-10
00653004859,006-5300-4859,"one digit, last group",-3.7475278729713347e-10,169,6.97982414828647e-11
00653004859,006-5300-4859,"one digit, last group",-3.7475278729713347e-10,170,3.100736813477693e-11
00653004859,006-5300-4859,"one digit, last group",-3.7475278729713347e-10,171,-5.240134499801257e-11
00653004859,006-5300-4859,"one digit, last group",-3.7475278729713347e-10,172,-4.1010976647694585e-11
00653004859,006-5300-4859,"one digit, last group",-3.7475278729713347e-10,173,8.788361242949673e-11
00653004859,006-5300-4859,"one digit, last group",-3.7475278729713347e-10,174,7.746395454177518e-11
00653004859,006-5300-4859,"one digit, last group",-3.7475278729713347e-10,175,-6.207852005521891e-11
00653004859,006-5300-4859,"one digit, last group",-3.7475278729713347e-10,176,2.314568406433085e-11
00653004859,006-5300-4859,"one digit, last group",-3.7475278729713347e-10,177,3.015095130607266e-10
00653004859,006-5300-4859,"one digit, last group",-3.7475278729713347e-10,178,1.1176728992135521e-11
00653004859,006-5300-4859,"one digit, last group",-3.7475278729713347e-10,179,-9.364042514965954e-10
00653004859,006-5300-4859,"one digit, last group",-3.7475278729713347e-10,180,1.0489735656568732e-10
00653004859,006-5300-4859,"one digit, last group",-3.7475278729713347e-10,181,-1.0911499833494764e-10
00653004859,006-5300-4859,"one digit, last group",-3.7475278729713347e-10,182,-4.78582776203852e-10
00653004859,006-5300-4859,"one digit, last group",-3.7475278729713347e-10,183,-2.9491122142946904e-10
00653004859,006-5300-4859,"one digit, last group",-3.7475278729713347e-10,184,-6.995704220919683e-11
00653004859,006-5300-4859,"one digit, last group",-3.7475278729713347e-10,185,9.111151363403329e-11
00653004859,006-5300-4859,"one digit, last group",-3.7475278729713347e-10,186,3.177142470336362e-11
00653004859,006-5300-4859,"one digit, last group",-3.7475278729713347e-10,187,-4.104713011419533e-09
00653004859,006-5300-4859,"one digit, last group",-3.7475278729713347e-10,188,4.2666256290906417e-10
00653004859,006-5300-4859,"one digit, last group",-3.7475278729713347e-10,189,-1.5173885082839567e-10
00653004859,006-5300-4859,"one digit, last group",-3.7475278729713347e-10,190,-9.115146887609976e-11
00653004859,006-5300-4859,"one digit, last group",-3.7475278729713347e-10,191,-9.250976516292918e-11
00653004859,006-5300-4859,"one digit, last group",-3.7475278729713347e-10,192,3.35490677474612e-14
00653004859,006-5300-4859,"one digit, last group",-3.7475278729713347e-10,193,4.685766558641527e-11
00653004859,006-5300-4859,"one digit, last group",-3.7475278729713347e-10,194,-3.6529229746977196e-11
00653004859,006-5300-4859,"one digit, last group",-3.7475278729713347e-10,195,-9.578569592683581e-11
00653004859,006-5300-4859,"one digit, last group",-3.7475278729713347e-10,196,6.165178965933612e-11
00653004859,006-5300-4859,"one digit, last group",-3.7475278729713347e-10,197,-3.6813733841074445e-11
00653004859,006-5300-4859,"one digit, last group",-3.7475278729713347e-10,198,-8.620432236964804e-11
00653004859,006-5300-4859,"one digit, last group",-3.7475278729713347e-10,199,4.3861760579669664e-10
00653004859,006-5300-4859,"one digit, last group",-3.7475278729713347e-10,200,-2.163955096873938e-11
00653004859,006-5300-4859,"one digit, last group",-3.7475278729713347e-10,201,5.494766003668278e-12
00653004859,006-5300-4859,"one digit, last group",-3.7475278729713347e-10,202,-1.943847733163183e-10
00653004859,006-5300-4859,"one digit, last group",-3.7475278729713347e-10,203,5.002888207534734e-12
02050002924,020-5000-2924,"one digit, first group",-2.9974206370995387e-10,0,-1.4871392195078508e-10
02050002924,020-5000-2924,"one digit, first group",-2.9974206370995387e-10,1,-3.940748494924215e-11
02050002924,020-5000-2924,"one digit, first group",-2.9974206370995387e-10,2,-1.7148586497833312e-10
02050002924,020-5000-2924,"one digit, first group",-2.9974206370995387e-10,3,-8.879574405854119e-11
02050002924,020-5000-2924,"one digit, first group",-2.9974206370995387e-10,4,-1.430771651937934e-10
02050002924,020-5000-2924,"one digit, first group",-2.9974206370995387e-10,5,-2.8296404150533143e-10
02050002924,020-5000-2924,"one digit, first group",-2.9974206370995387e-10,6,-1.0474458441001102e-10
02050002924,020-5000-2924,"one digit, first group",-2.9974206370995387e-10,7,6.633960040656907e-11
02050002924,020-5000-2924,"one digit, first group",-2.9974206370995387e-10,8,-1.0338444714607863e-10
02050002924,020-5000-2924,"one digit, first group",-2.9974206370995387e-10,9,-4.008911077057615e-11
02050002924,020-5000-2924,"one digit, first group",-2.9974206370995387e-10,10,-1.1953188298950983e-11
02050002924,020-5000-2924,"one digit, first group",-2.9974206370995387e-10,11,-1.5279741394437174e-10
02050002924,020-5000-2924,"one digit, first group",-2.9974206370995387e-10,12,2.4980183000305125e-10
02050002924,020-5000-2924,"one digit, first group",-2.9974206370995387e-10,13,4.808387009020977e-11
02050002924,020-5000-2924,"one digit, first group",-2.9974206370995387e-10,14,1.2081964492307427e-10
02050002924,020-5000-2924,"one digit, first group",-2.9974206370995387e-10,15,-8.129832513804029e-11
02050002924,020-5000-2924,"one digit, first group",-2.9974206370995387e-10,16,-1.2973247062978018e-10
02050002924,020-5000-2924,"one digit, first group",-2.9974206370995387e-10,17,-4.3504857476227106e-10
02050002924,020-5000-2924,"one digit, first group",-2.9974206370995387e-10,18,-1.3246396265114223e-11
02050002924,020-5000-2924,"one digit, first group",-2.9974206370995387e-10,19,-5.970815294885197e-11
02050002924,020-5000-2924,"one digit, first group",-2.9974206370995387e-10,20,-1.036309684686157e-10
02050002924,020-5000-2924,"one digit, first group",-2.9974206370995387e-10,21,-1.1332734655314329e-10
02050002924,020-5000-2924,"one digit, first group",-2.9974206370995387e-10,22,6.972512679430293e-11
02050002924,020-5000-2924,"one digit, first group",-2.9974206370995387e-10,23,5.677101313223576e-11
02050002924,020-5000-2924,"one digit, first group",-2.9974206370995387e-10,24,3.0570766212764336e-10
02050002924,020-5000-2924,"one digit, first group",-2.9974206370995387e-10,25,1.9382440821101796e-10
02050002924,020-5000-2924,"one digit, first group",-2.9974206370995387e-10,26,-3.0479571232360994e-10
02050002924,020-5000-2924,"one digit, first group",-2.9974206370995387e-10,27,-1.510757342073455e-11
02050002924,020-5000-2924,"one digit, first group",-2.9974206370995387e-10,28,-2.453677395704964e-10
02050002924,020-5000-2924,"one digit, first group",-2.9974206370995387e-10,29,-3.324965387667057e-11
02050002924,020-5000-2924,"one digit, first group",-2.9974206370995387e-10,30,-2.638882927575844e-10
02050002924,020-5000-2924,"one digit, first group",-2.9974206370995387e-10,31,-2.7306377422178734e-10
02050002924,020-5000-2924,"one digit, first group",-2.9974206370995387e-10,32,2.9290473504584213e-10
02050002924,020-5000-2924,"one digit, first group",-2.9974206370995387e-10,33,2.856006589447999e-10
02050002924,020-5000-2924,"one digit, first group",-2.9974206370995387e-10,34,7.270059966140318e-11
02050002924,020-5000-2924,"one digit, first group",-2.9974206370995387e-10,35,7.136025462140054e-11
02050002924,020-5000-2924,"one digit, first group",-2.9974206370995387e-10,36,-6.01986019280595e-11
02050002924,020-5000-2924,"one digit, first group",-2.9974206370995387e-10,37,3.1739837751851977e-11
02050002924,020-5000-2924,"one digit, first group",-2.9974206370995387e-10,38,-1.0194283230668938e-10
02050002924,020-5000-2924,"one digit, first group",-2.9974206370995387e-10,39,1.1022740751388053e-10
02050002924,020-5000-2924,"one digit, first group",-2.9974206370995387e-10,40,1.3641494215558085e-10
02050002924,020-5000-2924,"one digit, first group",-2.9974206370995387e-10,41,6.58159319307515e-11
02050002924,020-5000-2924,"one digit, first group",-2.9974206370995387e-10,42,-1.0802682419890089e-10
02050002924,020-5000-2924,"one digit, first group",-2.9974206370995387e-10,43,-3.0230377549356895e-11
02050002924,020-5000-2924,"one digit, first group",-2.9974206370995387e-10,44,5.667096149875293e-12
02050002924,020-5000-2924,"one digit, first group",-2.9974206370995387e-10,45,-4.509929248454421e-10
02050002924,020-5000-2924,"one digit, first group",-2.9974206370995387e-10,46,-1.1503203390861713e-10
02050002924,020-5000-2924,"one digit, first group",-2.9974206370995387e-10,47,1.924336960331308e-10
02050002924,020-5000-2924,"one digit, first group",-2.9974206370995387e-10,48,-1.6862214362580529e-10
02050002924,020-5000-2924,"one digit, first group",-2.9974206370995387e-10,49,-1.3949653253401826e-10
02050002924,020-5000-2924,"one digit, first group",-2.9974206370995387e-10,50,-2.300696488730415e-10
02050002924,020-5000-2924,"one digit, first group",-2.9974206370995387e-10,51,1.697376022909867e-11
02050002924,020-5000-2924,"one digit, first group",-2.9974206370995387e-10,52,-1.4829422807556788e-10
02050002924,020-5000-2924,"one digit, first group",-2.9974206370995387e-10,53,1.970775612880461e-11
02050002924,020-5000-2924,"one digit, first group",-2.9974206370995387e-10,54,2.3318000292173226e-11
02050002924,020-5000-2924,"one digit, first group",-2.9974206370995387e-10,55,1.7774612470358364e-10
02050002924,020-5000-2924,"one digit, first group",-2.9974206370995387e-10,56,-1.0653635481939513e-10
02050002924,020-5000-2924,"one digit, first group",-2.9974206370995387e-10,57,-3.684213368670501e-11
02050002924,020-5000-2924,"one digit, first group",-2.9974206370995387e-10,58,6.144260319870456e-11
02050002924,020-5000-2924,"one digit, first group",-2.9974206370995387e-10,59,-1.1378999626849192e-11
02050002924,020-5000-2924,"one digit, first group",-2.9974206370995387e-10,60,-1.2985012420491672e-10
02050002924,020-5000-2924,"one digit, first group",-2.9974206370995387e-10,61,5.1449710008988223e-11
02050002924,020-5000-2924,"one digit, first group",-2.9974206370995387e-10,62,-8.506999742968591e-11
02050002924,020-5000-2924,"one digit, first group",-2.9974206370995387e-10,63,-7.630690044113817e-11
02050002924,020-5000-2924,"one digit, first group",-2.9974206370995387e-10,64,2.63337317990904e-12
02050002924,020-5000-2924,"one digit, first group",-2.9974206370995387e-10,65,-1.1437189211251419e-10
02050002924,020-5000-2924,"one digit, first group",-2.9974206370995387e-10,66,4.6158299032603174e-11
02050002924,020-5000-2924,"one digit, first group",-2.9974206370995387e-10,67,-2.0512691487620565e-10
02050002924,020-5000-2924,"one digit, first group",-2.9974206370995387e-10,68,2.33031639706194e-11
02050002924,020-5000-2924,"one digit, first group",-2.9974206370995387e-10,69,-1.6926632156503825e-10
02050002924,020-5000-2924,"one digit, first group",-2.9974206370995387e-10,70,-8.416882002832615e-11
02050002924,020-5000-2924,"one digit, first group",-2.9974206370995387e-10,71,1.6583280034215005e-10
02050002924,020-5000-2924,"one digit, first group",-2.9974206370995387e-10,72,1.222789873391293e-11
02050002924,020-5000-2924,"one digit, first group",-2.9974206370995387e-10,73,-2.283618098756742e-10
02050002924,020-5000-2924,"one digit, first group",-2.9974206370995387e-10,74,2.265145778716222e-10
02050002924,020-5000-2924,"one digit, first group",-2.9974206370995387e-10,75,1.1425098271446506e-10
02050002924,020-5000-2924,"one digit, first group",-2.9974206370995387e-10,76,-9.498053231292546e-11
02050002924,020-5000-2924,"one digit, first group",-2.9974206370995387e-10,77,4.115870031653759e-11
02050002924,020-5000-2924,"one digit, first group",-2.9974206370995387e-10,78,4.7403804720949876e-11
02050002924,020-5000-2924,"one digit, first group",-2.9974206370995387e-10,79,8.42081366388185e-11
02050002924,020-5000-2924,"one digit, first group",-2.9974206370995387e-10,80,-1.0209603700772249e-10
02050002924,020-5000-2924,"one digit, first group",-2.9974206370995387e-10,81,-3.557831062895137e-12
02050002924,020-5000-2924,"one digit, first group",-2.9974206370995387e-10,82,-2.711715866666946e-10
02050002924,020-5000-2924,"one digit, first group",-2.9974206370995387e-10,83,1.9668701345607267e-11
02050002924,020-5000-2924,"one digit, first group",-2.9974206370995387e-10,84,-3.068550508012681e-11
02050002924,020-5000-2924,"one digit, first group",-2.9974206370995387e-10,85,2.0915022987083374e-11
02050002924,020-5000-2924,"one digit, first group",-2.9974206370995387e-10,86,-5.947094610179958e-10
02050002924,020-5000-2924,"one digit, first group",-2.9974206370995387e-10,87,-3.164514736943909e-11
02050002924,020-5000-2924,"one digit, first group",-2.9974206370995387e-10,88,-1.201262111583841e-10
02050002924,020-5000-2924,"one digit, first group",-2.9974206370995387e-10,89,7.108949326005291e-12
02050002924,020-5000-2924,"one digit, first group",-2.9974206370995387e-10,90,1.332833331898896e-10
02050002924,020-5000-2924,"one digit, first group",-2.9974206370995387e-10,91,6.699143630201395e-11
02050002924,020-5000-2924,"one digit, first group",-2.9974206370995387e-10,92,1.3290542020579437e-10
02050002924,020-5000-2924,"one digit, first group",-2.9974206370995387e-10,93,4.022614236684971e-11
02050002924,020-5000-2924,"one digit, first group",-2.9974206370995387e-10,94,-1.1278223031225032e-10
02050002924,020-5000-2924,"one digit, first group",-2.9974206370995387e-10,95,-1.680942763078178e-10
02050002924,020-5000-2924,"one digit, first group",-2.9974206370995387e-10,96,-2.4652520025312636e-10
02050002924,020-5000-2924,"one digit, first group",-2.9974206370995387e-10,97,8.781198439791354e-11
02050002924,020-5000-2924,"one digit, first group",-2.9974206370995387e-10,98,-1.135180013852547e-10
02050002924,020-5000-2924,"one digit, first group",-2.9974206370995387e-10,99,-5.227283270018564e-12
02050002924,020-5000-2924,"one digit, first group",-2.9974206370995387e-10,100,8.665469424009175e-11
02050002924,020-5000-2924,"one digit, first group",-2.9974206370995387e-10,101,2.343613470245949e-10
02050002924,020-5000-2924,"one digit, first group",-2.9974206370995387e-10,102,-5.774758883524123e-11
02050002924,020-5000-2924,"one digit, first group",-2.9974206370995387e-10,103,2.4955917265523337e-10
02050002924,020-5000-2924,"one digit, first group",-2.9974206370995387e-10,104,8.43452104338165e-11
02050002924,020-5000-2924,"one digit, first group",-2.9974206370995387e-10,105,-7.834000175514563e-11
02050002924,020-5000-2924,"one digit, first group",-2.9974206370995387e-10,106,-1.5422614967369328e-11
02050002924,020-5000-2924,"one digit, first group",-2.9974206370995387e-10,107,5.0740459508536815e-11
02050002924,020-5000-2924,"one digit, first group",-2.9974206370995387e-10,108,6.643436490181126e-11
02050002924,020-5000-2924,"one digit, first group",-2.9974206370995387e-10,109,1.5864748205673732e-10
02050002924,020-5000-2924,"one digit, first group",-2.9974206370995387e-10,110,4.762252185561992e-11
02050002924,020-5000-2924,"one digit, first group",-2.9974206370995387e-10,111,-4.2552921875789885e-11
02050002924,020-5000-2924,"one digit, first group",-2.9974206370995387e-10,112,4.7431761185419165e-11
02050002924,020-5000-2924,"one digit, first group",-2.9974206370995387e-10,113,-2.4704083519483824e-12
02050002924,020-5000-2924,"one digit, first group",-2.9974206370995387e-10,114,-8.155287356957784e-11
02050002924,020-5000-2924,"one digit, first group",-2.9974206370995387e-10,115,-3.1287584867957234e-11
02050002924,020-5000-2924,"one digit, first group",-2.9974206370995387e-10,116,1.750025992622474e-10
02050002924,020-5000-2924,"one digit, first group",-2.9974206370995387e-10,117,1.5971035218788186e-10
02050002924,020-5000-2924,"one digit, first group",-2.9974206370995387e-10,118,-1.2668196592341851e-10
02050002924,020-5000-2924,"one digit, first group",-2.9974206370995387e-10,119,-1.8883604708331913e-11
02050002924,020-5000-2924,"one digit, first group",-2.9974206370995387e-10,120,2.446428539131681e-11
02050002924,020-5000-2924,"one digit, first group",-2.9974206370995387e-10,121,2.5815390053532463e-11
02050002924,020-5000-2924,"one digit, first group",-2.9974206370995387e-10,122,1.001056157626368e-10
02050002924,020-5000-2924,"one digit, first group",-2.9974206370995387e-10,123,-7.10389087029057e-11
02050002924,020-5000-2924,"one digit, first group",-2.9974206370995387e-10,124,-1.5677705894095553e-10
02050002924,020-5000-2924,"one digit, first group",-2.9974206370995387e-10,125,1.7021327484478184e-10
02050002924,020-5000-2924,"one digit, first group",-2.9974206370995387e-10,126,3.832084489360925e-11
02050002924,020-5000-2924,"one digit, first group",-2.9974206370995387e-10,127,3.380215238432428e-10
02050002924,020-5000-2924,"one digit, first group",-2.9974206370995387e-10,128,-1.1473659037587823e-10
02050002924,020-5000-2924,"one digit, first group",-2.9974206370995387e-10,129,-5.945368871753986e-11
02050002924,020-5000-2924,"one digit, first group",-2.9974206370995387e-10,130,1.780718611642658e-11
02050002924,020-5000-2924,"one digit, first group",-2.9974206370995387e-10,131,3.124780994357353e-10
02050002924,020-5000-2924,"one digit, first group",-2.9974206370995387e-10,132,6.595740727428687e-11
02050002924,020-5000-2924,"one digit, first group",-2.9974206370995387e-10,133,7.530432504559736e-11
02050002924,020-5000-2924,"one digit, first group",-2.9974206370995387e-10,134,-5.169948200732238e-12
02050002924,020-5000-2924,"one digit, first group",-2.9974206370995387e-10,135,-1.048690359358474e-10
02050002924,020-5000-2924,"one digit, first group",-2.9974206370995387e-10,136,-1.294542000305999e-11
02050002924,020-5000-2924,"one digit, first group",-2.9974206370995387e-10,137,7.09032329187911e-11
02050002924,020-5000-2924,"one digit, first group",-2.9974206370995387e-10,138,2.1662284838190372e-10
02050002924,020-5000-2924,"one digit, first group",-2.9974206370995387e-10,139,3.608994131361077e-11
02050002924,020-5000-2924,"one digit, first group",-2.9974206370995387e-10,140,-1.1817397479032785e-10
02050002924,020-5000-2924,"one digit, first group",-2.9974206370995387e-10,141,-4.7770036384409773e-11
02050002924,020-5000-2924,"one digit, first group",-2.9974206370995387e-10,142,2.8261625335349907e-09
02050002924,020-5000-2924,"one digit, first group",-2.9974206370995387e-10,143,-9.674090686921227e-10
02050002924,020-5000-2924,"one digit, first group",-2.9974206370995387e-10,144,-3.3379933825844577e-09
02050002924,020-5000-2924,"one digit, first group",-2.9974206370995387e-10,145,-8.994068205070148e-10
02050002924,020-5000-2924,"one digit, first group",-2.9974206370995387e-10,146,9.605867068693455e-10
02050002924,020-5000-2924,"one digit, first group",-2.9974206370995387e-10,147,-1.9424713455496952e-10
02050002924,020-5000-2924,"one digit, first group",-2.9974206370995387e-10,148,3.643653862700991e-09
02050002924,020-5000-2924,"one digit, first group",-2.9974206370995387e-10,149,1.1041629903037212e-09
02050002924,020-5000-2924,"one digit, first group",-2.9974206370995387e-10,150,-1.6981135071291197e-10
02050002924,020-5000-2924,"one digit, first group",-2.9974206370995387e-10,151,1.2162058432761074e-10
02050002924,020-5000-2924,"one digit, first group",-2.9974206370995387e-10,152,3.348323465160293e-10
02050002924,020-5000-2924,"one digit, first group",-2.9974206370995387e-10,153,-5.3334315760161536e-11
02050002924,020-5000-2924,"one digit, first group",-2.9974206370995387e-10,154,-4.759744867549966e-11
02050002924,020-5000-2924,"one digit, first group",-2.9974206370995387e-10,155,-1.7424922325389088e-10
02050002924,020-5000-2924,"one digit, first group",-2.9974206370995387e-10,156,2.2588614656288967e-09
02050002924,020-5000-2924,"one digit, first group",-2.9974206370995387e-10,157,2.230982390042371e-11
02050002924,020-5000-2924,"one digit, first group",-2.9974206370995387e-10,158,5.2708412837348684e-11
02050002924,020-5000-2924,"one digit, first group",-2.9974206370995387e-10,159,-9.083780137264661e-11
02050002924,020-5000-2924,"one digit, first group",-2.9974206370995387e-10,160,-3.348226145002286e-09
02050002924,020-5000-2924,"one digit, first group",-2.9974206370995387e-10,161,-3.792645637844596e-11
02050002924,020-5000-2924,"one digit, first group",-2.9974206370995387e-10,162,5.462166838937213e-11
02050002924,020-5000-2924,"one digit, first group",-2.9974206370995387e-10,163,1.4916701573600547e-09
02050002924,020-5000-2924,"one digit, first group",-2.9974206370995387e-10,164,9.578318167610776e-09
02050002924,020-5000-2924,"one digit, first group",-2.9974206370995387e-10,165,2.0198295198267727e-10
02050002924,020-5000-2924,"one digit, first group",-2.9974206370995387e-10,166,9.275918411477663e-13
02050002924,020-5000-2924,"one digit, first group",-2.9974206370995387e-10,167,-1.8811673936296942e-10
02050002924,020-5000-2924,"one digit, first group",-2.9974206370995387e-10,168,-5.282565985270125e-12
02050002924,020-5000-2924,"one digit, first group",-2.9974206370995387e-10,169,2.1469574882034574e-10
02050002924,020-5000-2924,"one digit, first group",-2.9974206370995387e-10,170,-6.47476363683112e-11
02050002924,020-5000-2924,"one digit, first group",-2.9974206370995387e-10,171,-8.950199335769573e-11
02050002924,020-5000-2924,"one digit, first group",-2.9974206370995387e-10,172,-3.371175048655881e-11
02050002924,020-5000-2924,"one digit, first group",-2.9974206370995387e-10,173,4.822488184991206e-11
02050002924,020-5000-2924,"one digit, first group",-2.9974206370995387e-10,174,-4.743185856954221e-12
02050002924,020-5000-2924,"one digit, first group",-2.9974206370995387e-10,175,-1.4851768761399953e-10
02050002924,020-5000-2924,"one digit, first group",-2.9974206370995387e-10,176,4.628564859247305e-11
02050002924,020-5000-2924,"one digit, first group",-2.9974206370995387e-10,177,3.9027027095474624e-10
02050002924,020-5000-2924,"one digit, first group",-2.9974206370995387e-10,178,-1.9512803777558272e-11
02050002924,020-5000-2924,"one digit, first group",-2.9974206370995387e-10,179,-2.5290593832444663e-10
02050002924,020-5000-2924,"one digit, first group",-2.9974206370995387e-10,180,1.789211615800152e-10
02050002924,020-5000-2924,"one digit, first group",-2.9974206370995387e-10,181,4.545265449623368e-10
02050002924,020-5000-2924,"one digit, first group",-2.9974206370995387e-10,182,-1.1916816799776914e-10
02050002924,020-5000-2924,"one digit, first group",-2.9974206370995387e-10,183,1.0543793096841954e-10
02050002924,020-5000-2924,"one digit, first group",-2.9974206370995387e-10,184,-1.2889810468211653e-11
02050002924,020-5000-2924,"one digit, first group",-2.9974206370995387e-10,185,-9.93744469438277e-11
02050002924,020-5000-2924,"one digit, first group",-2.9974206370995387e-10,186,2.2754630091089068e-10
02050002924,020-5000-2924,"one digit, first group",-2.9974206370995387e-10,187,1.1332887809639753e-10
02050002924,020-5000-2924,"one digit, first group",-2.9974206370995387e-10,188,-1.9627282688511782e-10
02050002924,020-5000-2924,"one digit, first group",-2.9974206370995387e-10,189,2.912103514205917e-10
02050002924,020-5000-2924,"one digit, first group",-2.9974206370995387e-10,190,-2.2044530914504622e-10
02050002924,020-5000-2924,"one digit, first group",-2.9974206370995387e-10,191,5.916488152712926e-11
02050002924,020-5000-2924,"one digit, first group",-2.9974206370995387e-10,192,6.914782712545514e-11
02050002924,020-5000-2924,"one digit, first group",-2.9974206370995387e-10,193,3.27278481943388e-10
02050002924,020-5000-2924,"one digit, first group",-2.9974206370995387e-10,194,-9.367872359479577e-12
02050002924,020-5000-2924,"one digit, first group",-2.9974206370995387e-10,195,-8.236134954148211e-11
02050002924,020-5000-2924,"one digit, first group",-2.9974206370995387e-10,196,1.1719785644945972e-10
02050002924,020-5000-2924,"one digit, first group",-2.9974206370995387e-10,197,-5.3171368211549965e-11
02050002924,020-5000-2924,"one digit, first group",-2.9974206370995387e-10,198,5.681739475530083e-11
02050002924,020-5000-2924,"one digit, first group",-2.9974206370995387e-10,199,-1.0455424723706698e-10
02050002924,020-5000-2924,"one digit, first group",-2.9974206370995387e-10,200,-7.512981996317289e-11
02050002924,020-5000-2924,"one digit, first group",-2.9974206370995387e-10,201,2.900834747086563e-12
02050002924,020-5000-2924,"one digit, first group",-2.9974206370995387e-10,202,-6.646355243491222e-11
02050002924,020-5000-2924,"one digit, first group",-2.9974206370995387e-10,203,2.4778378130522908e-11
01050102924,010-5010-2924,"one digit, middle group",1.9559472987511416e-10,0,-2.1033598687774191e-10
01050102924,010-5010-2924,"one digit, middle group",1.9559472987511416e-10,1,-1.5149876952684658e-10
01050102924,010-5010-2924,"one digit, middle group",1.9559472987511416e-10,2,1.747046212844311e-10
01050102924,010-5010-2924,"one digit, middle group",1.9559472987511416e-10,3,9.825418878830644e-12
01050102924,010-5010-2924,"one digit, middle group",1.9559472987511416e-10,4,-8.170318878640377e-12
01050102924,010-5010-2924,"one digit, middle group",1.9559472987511416e-10,5,-7.343585667008766e-10
01050102924,010-5010-2924,"one digit, middle group",1.9559472987511416e-10,6,-1.343581813955858e-10
01050102924,010-5010-2924,"one digit, middle group",1.9559472987511416e-10,7,2.0629947527819063e-10
01050102924,010-5010-2924,"one digit, middle group",1.9559472987511416e-10,8,3.0877403093355973e-11
01050102924,010-5010-2924,"one digit, middle group",1.9559472987511416e-10,9,-8.887010224382332e-13
01050102924,010-5010-2924,"one digit, middle group",1.9559472987511416e-10,10,-2.7086821361819017e-11
01050102924,010-5010-2924,"one digit, middle group",1.9559472987511416e-10,11,9.22715693742564e-11
01050102924,010-5010-2924,"one digit, middle group",1.9559472987511416e-10,12,7.646053508849614e-11
01050102924,010-5010-2924,"one digit, middle group",1.9559472987511416e-10,13,6.600800988417599e-11
01050102924,010-5010-2924,"one digit, middle group",1.9559472987511416e-10,14,1.2890360584546557e-10
01050102924,010-5010-2924,"one digit, middle group",1.9559472987511416e-10,15,-3.327932131649815e-11
01050102924,010-5010-2924,"one digit, middle group",1.9559472987511416e-10,16,-1.3368817119504933e-10
01050102924,010-5010-2924,"one digit, middle group",1.9559472987511416e-10,17,1.1238200721142778e-10
01050102924,010-5010-2924,"one digit, middle group",1.9559472987511416e-10,18,1.1568798221713224e-10
01050102924,010-5010-2924,"one digit, middle group",1.9559472987511416e-10,19,-2.8505704037423695e-11
01050102924,010-5010-2924,"one digit, middle group",1.9559472987511416e-10,20,2.1315069993410847e-10
01050102924,010-5010-2924,"one digit, middle group",1.9559472987511416e-10,21,-1.5988953469562566e-11
01050102924,010-5010-2924,"one digit, middle group",1.9559472987511416e-10,22,-3.406592004751969e-11
01050102924,010-5010-2924,"one digit, middle group",1.9559472987511416e-10,23,5.6178215699685265e-11
01050102924,010-5010-2924,"one digit, middle group",1.9559472987511416e-10,24,6.637861924309613e-11
01050102924,010-5010-2924,"one digit, middle group",1.9559472987511416e-10,25,6.056830511605034e-11
01050102924,010-5010-2924,"one digit, middle group",1.9559472987511416e-10,26,-6.016524630871963e-11
01050102924,010-5010-2924,"one digit, middle group",1.9559472987511416e-10,27,-1.0896517988332166e-10
01050102924,010-5010-2924,"one digit, middle group",1.9559472987511416e-10,28,-1.6972257642652782e-10
01050102924,010-5010-2924,"one digit, middle group",1.9559472987511416e-10,29,-9.624214019574458e-11
01050102924,010-5010-2924,"one digit, middle group",1.9559472987511416e-10,30,-3.285140057338732e-10
01050102924,010-5010-2924,"one digit, middle group",1.9559472987511416e-10,31,2.1106873367011084e-11
01050102924,010-5010-2924,"one digit, middle group",1.9559472987511416e-10,32,1.670112913823878e-10
01050102924,010-5010-2924,"one digit, middle group",1.9559472987511416e-10,33,-1.1460355890047416e-10
01050102924,010-5010-2924,"one digit, middle group",1.9559472987511416e-10,34,1.4136269559812425e-10
01050102924,010-5010-2924,"one digit, middle group",1.9559472987511416e-10,35,4.404048863162874e-11
01050102924,010-5010-2924,"one digit, middle group",1.9559472987511416e-10,36,1.5538362956144872e-11
01050102924,010-5010-2924,"one digit, middle group",1.9559472987511416e-10,37,7.922379401337377e-13
01050102924,010-5010-2924,"one digit, middle group",1.9559472987511416e-10,38,-3.5665498408794304e-11
01050102924,010-5010-2924,"one digit, middle group",1.9559472987511416e-10,39,1.8870847261212716e-11
01050102924,010-5010-2924,"one digit, middle group",1.9559472987511416e-10,40,6.375710991790144e-10
01050102924,010-5010-2924,"one digit, middle group",1.9559472987511416e-10,41,5.120878883950736e-12
01050102924,010-5010-2924,"one digit, middle group",1.9559472987511416e-10,42,6.354620259914131e-11
01050102924,010-5010-2924,"one digit, middle group",1.9559472987511416e-10,43,2.5925721222408342e-11
01050102924,010-5010-2924,"one digit, middle group",1.9559472987511416e-10,44,-1.3408825676945358e-11
01050102924,010-5010-2924,"one digit, middle group",1.9559472987511416e-10,45,-1.6595890454893973e-10
01050102924,010-5010-2924,"one digit, middle group",1.9559472987511416e-10,46,6.843054705430887e-12
01050102924,010-5010-2924,"one digit, middle group",1.9559472987511416e-10,47,-3.325778980837201e-10
01050102924,010-5010-2924,"one digit, middle group",1.9559472987511416e-10,48,-7.854587799224863e-11
01050102924,010-5010-2924,"one digit, middle group",1.9559472987511416e-10,49,-8.375298974883201e-11
01050102924,010-5010-2924,"one digit, middle group",1.9559472987511416e-10,50,-1.8686116083026958e-11
01050102924,010-5010-2924,"one digit, middle group",1.9559472987511416e-10,51,2.106647048833791e-11
01050102924,010-5010-2924,"one digit, middle group",1.9559472987511416e-10,52,9.830329900577562e-11
01050102924,010-5010-2924,"one digit, middle group",1.9559472987511416e-10,53,9.573154930479787e-11
01050102924,010-5010-2924,"one digit, middle group",1.9559472987511416e-10,54,7.653439604747567e-12
01050102924,010-5010-2924,"one digit, middle group",1.9559472987511416e-10,55,1.4528052207131687e-10
01050102924,010-5010-2924,"one digit, middle group",1.9559472987511416e-10,56,5.596679064815641e-11
01050102924,010-5010-2924,"one digit, middle group",1.9559472987511416e-10,57,1.1087180571452311e-10
01050102924,010-5010-2924,"one digit, middle group",1.9559472987511416e-10,58,-7.627403512425385e-12
01050102924,010-5010-2924,"one digit, middle group",1.9559472987511416e-10,59,4.181075481712042e-11
01050102924,010-5010-2924,"one digit, middle group",1.9559472987511416e-10,60,-3.6865597617870884e-11
01050102924,010-5010-2924,"one digit, middle group",1.9559472987511416e-10,61,4.1169878221043564e-11
01050102924,010-5010-2924,"one digit, middle group",1.9559472987511416e-10,62,-1.9272285903148672e-10
01050102924,010-5010-2924,"one digit, middle group",1.9559472987511416e-10,63,5.60772608394729e-11
01050102924,010-5010-2924,"one digit, middle group",1.9559472987511416e-10,64,-1.3556279812349493e-10
01050102924,010-5010-2924,"one digit, middle group",1.9559472987511416e-10,65,-3.0597438529419854e-10
01050102924,010-5010-2924,"one digit, middle group",1.9559472987511416e-10,66,3.662172187034302e-10
01050102924,010-5010-2924,"one digit, middle group",1.9559472987511416e-10,67,1.8751462799735836e-10
01050102924,010-5010-2924,"one digit, middle group",1.9559472987511416e-10,68,-3.400960273687673e-10
01050102924,010-5010-2924,"one digit, middle group",1.9559472987511416e-10,69,1.0139042466556468e-10
01050102924,010-5010-2924,"one digit, middle group",1.9559472987511416e-10,70,-5.915530664718725e-11
01050102924,010-5010-2924,"one digit, middle group",1.9559472987511416e-10,71,-1.8846242663546334e-10
01050102924,010-5010-2924,"one digit, middle group",1.9559472987511416e-10,72,3.233164839940518e-11
01050102924,010-5010-2924,"one digit, middle group",1.9559472987511416e-10,73,-3.4672691334752114e-11
01050102924,010-5010-2924,"one digit, middle group",1.9559472987511416e-10,74,-2.513383672595327e-10
01050102924,010-5010-2924,"one digit, middle group",1.9559472987511416e-10,75,9.579069947787772e-12
01050102924,010-5010-2924,"one digit, middle group",1.9559472987511416e-10,76,8.945064034194688e-11
01050102924,010-5010-2924,"one digit, middle group",1.9559472987511416e-10,77,5.89598092966259e-11
01050102924,010-5010-2924,"one digit, middle group",1.9559472987511416e-10,78,-1.1877230790524533e-10
01050102924,010-5010-2924,"one digit, middle group",1.9559472987511416e-10,79,-3.2768908789501757e-10
01050102924,010-5010-2924,"one digit, middle group",1.9559472987511416e-10,80,1.3803128133534077e-10
01050102924,010-5010-2924,"one digit, middle group",1.9559472987511416e-10,81,3.420808014708792e-11
01050102924,010-5010-2924,"one digit, middle group",1.9559472987511416e-10,82,-1.324867304036572e-10
01050102924,010-5010-2924,"one digit, middle group",1.9559472987511416e-10,83,-4.6030990589073905e-11
01050102924,010-5010-2924,"one digit, middle group",1.9559472987511416e-10,84,2.299716131591582e-11
01050102924,010-5010-2924,"one digit, middle group",1.9559472987511416e-10,85,3.959685090402307e-11
01050102924,010-5010-2924,"one digit, middle group",1.9559472987511416e-10,86,1.2103897781660795e-10
01050102924,010-5010-2924,"one digit, middle group",1.9559472987511416e-10,87,-1.1351209119918895e-10
01050102924,010-5010-2924,"one digit, middle group",1.9559472987511416e-10,88,1.1012329145348507e-10
01050102924,010-5010-2924,"one digit, middle group",1.9559472987511416e-10,89,-1.831969654149948e-10
01050102924,010-5010-2924,"one digit, middle group",1.9559472987511416e-10,90,-1.7199947847088887e-10
01050102924,010-5010-2924,"one digit, middle group",1.9559472987511416e-10,91,-2.2306013024806646e-10
01050102924,010-5010-2924,"one digit, middle group",1.9559472987511416e-10,92,9.86411399320323e-11
01050102924,010-5010-2924,"one digit, middle group",1.9559472987511416e-10,93,3.3117397857205853e-10
01050102924,010-5010-2924,"one digit, middle group",1.9559472987511416e-10,94,1.2001640340195344e-10
01050102924,010-5010-2924,"one digit, middle group",1.9559472987511416e-10,95,-1.7158681788184504e-11
01050102924,010-5010-2924,"one digit, middle group",1.9559472987511416e-10,96,1.1027229485414235e-10
01050102924,010-5010-2924,"one digit, middle group",1.9559472987511416e-10,97,-4.402093004348296e-11
01050102924,010-5010-2924,"one digit, middle group",1.9559472987511416e-10,98,7.681427338613034e-11
01050102924,010-5010-2924,"one digit, middle group",1.9559472987511416e-10,99,-1.2109147706723757e-12
01050102924,010-5010-2924,"one digit, middle group",1.9559472987511416e-10,100,-8.841274671361618e-11
01050102924,010-5010-2924,"one digit, middle group",1.9559472987511416e-10,101,1.1126725837665002e-10
01050102924,010-5010-2924,"one digit, middle group",1.9559472987511416e-10,102,-2.417435490900821e-10
01050102924,010-5010-2924,"one digit, middle group",1.9559472987511416e-10,103,8.550585514406766e-11
01050102924,010-5010-2924,"one digit, middle group",1.9559472987511416e-10,104,-3.561236873189271e-10
01050102924,010-5010-2924,"one digit, middle group",1.9559472987511416e-10,105,5.1367736863925356e-11
01050102924,010-5010-2924,"one digit, middle group",1.9559472987511416e-10,106,-7.948433367724337e-11
01050102924,010-5010-2924,"one digit, middle group",1.9559472987511416e-10,107,8.710627587065035e-11
01050102924,010-5010-2924,"one digit, middle group",1.9559472987511416e-10,108,-1.1247569838344472e-10
01050102924,010-5010-2924,"one digit, middle group",1.9559472987511416e-10,109,1.1735988969110315e-10
01050102924,010-5010-2924,"one digit, middle group",1.9559472987511416e-10,110,7.362690385556238e-11
01050102924,010-5010-2924,"one digit, middle group",1.9559472987511416e-10,111,-1.3315543608502823e-10
01050102924,010-5010-2924,"one digit, middle group",1.9559472987511416e-10,112,2.221560286020497e-10
01050102924,010-5010-2924,"one digit, middle group",1.9559472987511416e-10,113,9.664379125885848e-12
01050102924,010-5010-2924,"one digit, middle group",1.9559472987511416e-10,114,1.3125054218174412e-10
01050102924,010-5010-2924,"one digit, middle group",1.9559472987511416e-10,115,-1.3837829648869173e-11
01050102924,010-5010-2924,"one digit, middle group",1.9559472987511416e-10,116,-1.1902160499109414e-10
01050102924,010-5010-2924,"one digit, middle group",1.9559472987511416e-10,117,3.015815160704426e-10
01050102924,010-5010-2924,"one digit, middle group",1.9559472987511416e-10,118,4.6470200378654387e-10
01050102924,010-5010-2924,"one digit, middle group",1.9559472987511416e-10,119,1.6871279905278519e-10
01050102924,010-5010-2924,"one digit, middle group",1.9559472987511416e-10,120,3.4901158225546846e-11
01050102924,010-5010-2924,"one digit, middle group",1.9559472987511416e-10,121,-6.178093964699875e-11
01050102924,010-5010-2924,"one digit, middle group",1.9559472987511416e-10,122,2.1915750138130896e-10
01050102924,010-5010-2924,"one digit, middle group",1.9559472987511416e-10,123,-2.8983739036635764e-11
01050102924,010-5010-2924,"one digit, middle group",1.9559472987511416e-10,124,-5.519806238007597e-11
01050102924,010-5010-2924,"one digit, middle group",1.9559472987511416e-10,125,-1.0166932285571923e-10
01050102924,010-5010-2924,"one digit, middle group",1.9559472987511416e-10,126,-1.2062602625415982e-11
01050102924,010-5010-2924,"one digit, middle group",1.9559472987511416e-10,127,-4.5906236064621395e-10
01050102924,010-5010-2924,"one digit, middle group",1.9559472987511416e-10,128,-3.834071155776531e-10
01050102924,010-5010-2924,"one digit, middle group",1.9559472987511416e-10,129,-2.968932365988996e-11
01050102924,010-5010-2924,"one digit, middle group",1.9559472987511416e-10,130,1.7210419722776093e-11
01050102924,010-5010-2924,"one digit, middle group",1.9559472987511416e-10,131,1.803821955930804e-10
01050102924,010-5010-2924,"one digit, middle group",1.9559472987511416e-10,132,9.866207813625326e-11
01050102924,010-5010-2924,"one digit, middle group",1.9559472987511416e-10,133,4.789533668232431e-11
01050102924,010-5010-2924,"one digit, middle group",1.9559472987511416e-10,134,-1.3803077668640355e-11
01050102924,010-5010-2924,"one digit, middle group",1.9559472987511416e-10,135,-1.664395225524379e-10
01050102924,010-5010-2924,"one digit, middle group",1.9559472987511416e-10,136,-2.484983857014267e-11
01050102924,010-5010-2924,"one digit, middle group",1.9559472987511416e-10,137,1.7759932263948627e-10
01050102924,010-5010-2924,"one digit, middle group",1.9559472987511416e-10,138,3.1297734769198284e-11
01050102924,010-5010-2924,"one digit, middle group",1.9559472987511416e-10,139,8.688815127451552e-11
01050102924,010-5010-2924,"one digit, middle group",1.9559472987511416e-10,140,9.091484386915424e-11
01050102924,010-5010-2924,"one digit, middle group",1.9559472987511416e-10,141,3.926025592695189e-10
01050102924,010-5010-2924,"one digit, middle group",1.9559472987511416e-10,142,4.770517332836634e-09
01050102924,010-5010-2924,"one digit, middle group",1.9559472987511416e-10,143,-1.0852773900614407e-09
01050102924,010-5010-2924,"one digit, middle group",1.9559472987511416e-10,144,9.40464273016114e-10
01050102924,010-5010-2924,"one digit, middle group",1.9559472987511416e-10,145,-1.0363271583035943e-09
01050102924,010-5010-2924,"one digit, middle group",1.9559472987511416e-10,146,-6.025144706830713e-08
01050102924,010-5010-2924,"one digit, middle group",1.9559472987511416e-10,147,-2.7651925960761852e-08
01050102924,010-5010-2924,"one digit, middle group",1.9559472987511416e-10,148,8.876650649604702e-10
01050102924,010-5010-2924,"one digit, middle group",1.9559472987511416e-10,149,5.974301276399331e-09
01050102924,010-5010-2924,"one digit, middle group",1.9559472987511416e-10,150,1.272106145218768e-10
01050102924,010-5010-2924,"one digit, middle group",1.9559472987511416e-10,151,5.7081748585903213e-11
01050102924,010-5010-2924,"one digit, middle group",1.9559472987511416e-10,152,3.2044730794541206e-10
01050102924,010-5010-2924,"one digit, middle group",1.9559472987511416e-10,153,-6.073972839706532e-11
01050102924,010-5010-2924,"one digit, middle group",1.9559472987511416e-10,154,-2.0159616015589733e-11
01050102924,010-5010-2924,"one digit, middle group",1.9559472987511416e-10,155,-3.1414868147635957e-10
01050102924,010-5010-2924,"one digit, middle group",1.9559472987511416e-10,156,-1.8359451035004788e-09
01050102924,010-5010-2924,"one digit, middle group",1.9559472987511416e-10,157,-4.809679833600981e-11
01050102924,010-5010-2924,"one digit, middle group",1.9559472987511416e-10,158,-1.3901802650899705e-10
01050102924,010-5010-2924,"one digit, middle group",1.9559472987511416e-10,159,2.469944493591289e-11
01050102924,010-5010-2924,"one digit, middle group",1.9559472987511416e-10,160,2.0222943490808896e-09
01050102924,010-5010-2924,"one digit, middle group",1.9559472987511416e-10,161,-3.1319311720176163e-12
01050102924,010-5010-2924,"one digit, middle group",1.9559472987511416e-10,162,4.683321424707801e-11
01050102924,010-5010-2924,"one digit, middle group",1.9559472987511416e-10,163,-6.218984764917435e-10
01050102924,010-5010-2924,"one digit, middle group",1.9559472987511416e-10,164,2.715433688322969e-08
01050102924,010-5010-2924,"one digit, middle group",1.9559472987511416e-10,165,5.905255182335714e-11
01050102924,010-5010-2924,"one digit, middle group",1.9559472987511416e-10,166,-2.2919238678298102e-12
01050102924,010-5010-2924,"one digit, middle group",1.9559472987511416e-10,167,4.201158380320933e-10
01050102924,010-5010-2924,"one digit, middle group",1.9559472987511416e-10,168,-4.7635226011596006e-11
01050102924,010-5010-2924,"one digit, middle group",1.9559472987511416e-10,169,1.233916994860519e-10
01050102924,010-5010-2924,"one digit, middle group",1.9559472987511416e-10,170,-2.3431035929989205e-10
01050102924,010-5010-2924,"one digit, middle group",1.9559472987511416e-10,171,-1.1144315614615895e-10
01050102924,010-5010-2924,"one digit, middle group",1.9559472987511416e-10,172,-4.881356452723842e-11
01050102924,010-5010-2924,"one digit, middle group",1.9559472987511416e-10,173,9.022813787449614e-11
01050102924,010-5010-2924,"one digit, middle group",1.9559472987511416e-10,174,3.911920934030336e-12
01050102924,010-5010-2924,"one digit, middle group",1.9559472987511416e-10,175,2.8983447729290925e-10
01050102924,010-5010-2924,"one digit, middle group",1.9559472987511416e-10,176,6.287498593500189e-11
01050102924,010-5010-2924,"one digit, middle group",1.9559472987511416e-10,177,-2.8625233831503516e-10
01050102924,010-5010-2924,"one digit, middle group",1.9559472987511416e-10,178,-1.1546253133730241e-11
01050102924,010-5010-2924,"one digit, middle group",1.9559472987511416e-10,179,1.0804303350151263e-10
01050102924,010-5010-2924,"one digit, middle group",1.9559472987511416e-10,180,-1.6035212260101275e-11
01050102924,010-5010-2924,"one digit, middle group",1.9559472987511416e-10,181,-6.91096127665968e-10
01050102924,010-5010-2924,"one digit, middle group",1.9559472987511416e-10,182,2.6905094636395795e-10
01050102924,010-5010-2924,"one digit, middle group",1.9559472987511416e-10,183,-1.2300237156409395e-10
01050102924,010-5010-2924,"one digit, middle group",1.9559472987511416e-10,184,-6.234184845755547e-12
01050102924,010-5010-2924,"one digit, middle group",1.9559472987511416e-10,185,3.6998372885142475e-11
01050102924,010-5010-2924,"one digit, middle group",1.9559472987511416e-10,186,-1.3647220391065377e-11
01050102924,010-5010-2924,"one digit, middle group",1.9559472987511416e-10,187,-5.052220040244768e-11
01050102924,010-5010-2924,"one digit, middle group",1.9559472987511416e-10,188,-8.848619322390194e-11
01050102924,010-5010-2924,"one digit, middle group",1.9559472987511416e-10,189,-1.3439373713196472e-10
01050102924,010-5010-2924,"one digit, middle group",1.9559472987511416e-10,190,1.8086853956295512e-10
01050102924,010-5010-2924,"one digit, middle group",1.9559472987511416e-10,191,1.0754903917837986e-10
01050102924,010-5010-2924,"one digit, middle group",1.9559472987511416e-10,192,-2.567276047532824e-11
01050102924,010-5010-2924,"one digit, middle group",1.9559472987511416e-10,193,-3.644100034446495e-10
01050102924,010-5010-2924,"one digit, middle group",1.9559472987511416e-10,194,1.2473766835304236e-11
01050102924,010-5010-2924,"one digit, middle group",1.9559472987511416e-10,195,-2.059073530016607e-10
01050102924,010-5010-2924,"one digit, middle group",1.9559472987511416e-10,196,-4.20054109478052e-11
01050102924,010-5010-2924,"one digit, middle group",1.9559472987511416e-10,197,-2.7986133096632708e-11
01050102924,010-5010-2924,"one digit, middle group",1.9559472987511416e-10,198,2.0316153209727576e-11
01050102924,010-5010-2924,"one digit, middle group",1.9559472987511416e-10,199,1.0527016687561099e-09
01050102924,010-5010-2924,"one digit, middle group",1.9559472987511416e-10,200,9.841559012773339e-11
01050102924,010-5010-2924,"one digit, middle group",1.9559472987511416e-10,201,5.138026872074464e-11
01050102924,010-5010-2924,"one digit, middle group",1.9559472987511416e-10,202,-1.6966716775833806e-10
01050102924,010-5010-2924,"one digit, middle group",1.9559472987511416e-10,203,-4.221924968057611e-11
01011112222,010-1111-2222,not in the log,4.192363417444166e-10,0,2.3230909136697498e-12
01011112222,010-1111-2222,not in the log,4.192363417444166e-10,1,-1.0501025129067623e-10
01011112222,010-1111-2222,not in the log,4.192363417444166e-10,2,-3.324390706143269e-10
01011112222,010-1111-2222,not in the log,4.192363417444166e-10,3,-2.9366138504510844e-11
01011112222,010-1111-2222,not in the log,4.192363417444166e-10,4,5.94899645706322e-11
01011112222,010-1111-2222,not in the log,4.192363417444166e-10,5,-8.947736780630203e-11
01011112222,010-1111-2222,not in the log,4.192363417444166e-10,6,-1.1982975480775633e-11
01011112222,010-1111-2222,not in the log,4.192363417444166e-10,7,9.642237115478852e-11
01011112222,010-1111-2222,not in the log,4.192363417444166e-10,8,-2.62322495422709e-10
01011112222,010-1111-2222,not in the log,4.192363417444166e-10,9,-1.5340146444455312e-11
01011112222,010-1111-2222,not in the log,4.192363417444166e-10,10,-2.627255369850411e-11
01011112222,010-1111-2222,not in the log,4.192363417444166e-10,11,4.96276053001052e-10
01011112222,010-1111-2222,not in the log,4.192363417444166e-10,12,2.987488200409918e-10
01011112222,010-1111-2222,not in the log,4.192363417444166e-10,13,6.506433777982041e-11
01011112222,010-1111-2222,not in the log,4.192363417444166e-10,14,5.42478576775887e-11
01011112222,010-1111-2222,not in the log,4.192363417444166e-10,15,-6.375606999077915e-11
01011112222,010-1111-2222,not in the log,4.192363417444166e-10,16,2.5684540208070956e-11
01011112222,010-1111-2222,not in the log,4.192363417444166e-10,17,-5.178938565745537e-10
01011112222,010-1111-2222,not in the log,4.192363417444166e-10,18,7.862287965387278e-11
01011112222,010-1111-2222,not in the log,4.192363417444166e-10,19,-7.17282479094236e-11
01011112222,010-1111-2222,not in the log,4.192363417444166e-10,20,-1.0138378932916337e-10
01011112222,010-1111-2222,not in the log,4.192363417444166e-10,21,-4.8212405480709906e-11
01011112222,010-1111-2222,not in the log,4.192363417444166e-10,22,4.790705634839488e-12
01011112222,010-1111-2222,not in the log,4.192363417444166e-10,23,-1.0024916094138527e-10
01011112222,010-1111-2222,not in the log,4.192363417444166e-10,24,-4.841186532840602e-10
01011112222,010-1111-2222,not in the log,4.192363417444166e-10,25,1.9810697642640585e-10
01011112222,010-1111-2222,not in the log,4.192363417444166e-10,26,8.274018317394523e-12
01011112222,010-1111-2222,not in the log,4.192363417444166e-10,27,1.0168144019736188e-10
01011112222,010-1111-2222,not in the log,4.192363417444166e-10,28,-4.508383123048321e-12
01011112222,010-1111-2222,not in the log,4.192363417444166e-10,29,1.4000764518218668e-11
01011112222,010-1111-2222,not in the log,4.192363417444166e-10,30,-2.3042885913127513e-10
01011112222,010-1111-2222,not in the log,4.192363417444166e-10,31,3.629934850685473e-11
01011112222,010-1111-2222,not in the log,4.192363417444166e-10,32,2.2676185042825377e-11
01011112222,010-1111-2222,not in the log,4.192363417444166e-10,33,3.1405987208697435e-10
01011112222,010-1111-2222,not in the log,4.192363417444166e-10,34,1.2463902962907719e-10
01011112222,010-1111-2222,not in the log,4.192363417444166e-10,35,-5.385677498459857e-12
01011112222,010-1111-2222,not in the log,4.192363417444166e-10,36,-5.124425669458987e-11
01011112222,010-1111-2222,not in the log,4.192363417444166e-10,37,-5.923077585264692e-12
01011112222,010-1111-2222,not in the log,4.192363417444166e-10,38,-1.0053330053623791e-10
01011112222,010-1111-2222,not in the log,4.192363417444166e-10,39,8.745083780926787e-12
01011112222,010-1111-2222,not in the log,4.192363417444166e-10,40,9.922508518656189e-11
01011112222,010-1111-2222,not in the log,4.192363417444166e-10,41,1.1799149756009851e-11
01011112222,010-1111-2222,not in the log,4.192363417444166e-10,42,-7.963280989498223e-11
01011112222,010-1111-2222,not in the log,4.192363417444166e-10,43,5.3386377057633316e-11
01011112222,010-1111-2222,not in the log,4.192363417444166e-10,44,-2.1915540915950386e-11
01011112222,010-1111-2222,not in the log,4.192363417444166e-10,45,-3.703025777395711e-11
01011112222,010-1111-2222,not in the log,4.192363417444166e-10,46,4.296002829985283e-12
01011112222,010-1111-2222,not in the log,4.192363417444166e-10,47,4.126213458203917e-10
01011112222,010-1111-2222,not in the log,4.192363417444166e-10,48,-8.675061442302747e-11
01011112222,010-1111-2222,not in the log,4.192363417444166e-10,49,8.130477473766546e-11
01011112222,010-1111-2222,not in the log,4.192363417444166e-10,50,5.7769749271249876e-11
01011112222,010-1111-2222,not in the log,4.192363417444166e-10,51,9.373005480234688e-11
01011112222,010-1111-2222,not in the log,4.192363417444166e-10,52,6.605576551172955e-11
01011112222,010-1111-2222,not in the log,4.192363417444166e-10,53,-7.283339245736082e-11
01011112222,010-1111-2222,not in the log,4.192363417444166e-10,54,1.465871759306602e-10
01011112222,010-1111-2222,not in the log,4.192363417444166e-10,55,-2.7016436698591675e-10
01011112222,010-1111-2222,not in the log,4.192363417444166e-10,56,3.1927410905457524e-10
01011112222,010-1111-2222,not in the log,4.192363417444166e-10,57,1.3598271400959013e-11
01011112222,010-1111-2222,not in the log,4.192363417444166e-10,58,1.6152196478883658e-11
01011112222,010-1111-2222,not in the log,4.192363417444166e-10,59,4.605804957324234e-11
01011112222,010-1111-2222,not in the log,4.192363417444166e-10,60,4.8303352853681256e-11
01011112222,010-1111-2222,not in the log,4.192363417444166e-10,61,7.647272638786642e-11
01011112222,010-1111-2222,not in the log,4.192363417444166e-10,62,-4.675916676355821e-10
01011112222,010-1111-2222,not in the log,4.192363417444166e-10,63,-1.3487563406962292e-10
01011112222,010-1111-2222,not in the log,4.192363417444166e-10,64,-1.1221018494714977e-10
01011112222,010-1111-2222,not in the log,4.192363417444166e-10,65,5.898846980842911e-11
01011112222,010-1111-2222,not in the log,4.192363417444166e-10,66,2.6513237243202216e-10
01011112222,010-1111-2222,not in the log,4.192363417444166e-10,67,-6.287398032949699e-11
01011112222,010-1111-2222,not in the log,4.192363417444166e-10,68,-1.0834571405628658e-10
01011112222,010-1111-2222,not in the log,4.192363417444166e-10,69,-2.2048229297012363e-10
01011112222,010-1111-2222,not in the log,4.192363417444166e-10,70,-3.276042901988932e-11
01011112222,010-1111-2222,not in the log,4.192363417444166e-10,71,-5.805339093865091e-11
01011112222,010-1111-2222,not in the log,4.192363417444166e-10,72,-2.4121540725037094e-11
01011112222,010-1111-2222,not in the log,4.192363417444166e-10,73,8.00317923723742e-11
01011112222,010-1111-2222,not in the log,4.192363417444166e-10,74,5.163810823645269e-12
01011112222,010-1111-2222,not in the log,4.192363417444166e-10,75,8.517782819303623e-12
01011112222,010-1111-2222,not in the log,4.192363417444166e-10,76,1.916391599747184e-11
01011112222,010-1111-2222,not in the log,4.192363417444166e-10,77,-2.8399300079899634e-11
01011112222,010-1111-2222,not in the log,4.192363417444166e-10,78,5.915054104738536e-10
01011112222,010-1111-2222,not in the log,4.192363417444166e-10,79,2.2587592659313946e-10
01011112222,010-1111-2222,not in the log,4.192363417444166e-10,80,2.2556016327058713e-10
01011112222,010-1111-2222,not in the log,4.192363417444166e-10,81,7.466271296274543e-11
01011112222,010-1111-2222,not in the log,4.192363417444166e-10,82,-6.490108715239454e-11
01011112222,010-1111-2222,not in the log,4.192363417444166e-10,83,-4.7154245199681414e-11
01011112222,010-1111-2222,not in the log,4.192363417444166e-10,84,6.876264388185393e-11
01011112222,010-1111-2222,not in the log,4.192363417444166e-10,85,1.2390153041349828e-11
01011112222,010-1111-2222,not in the log,4.192363417444166e-10,86,4.328488360979285e-10
01011112222,010-1111-2222,not in the log,4.192363417444166e-10,87,-4.72615943602556e-11
01011112222,010-1111-2222,not in the log,4.192363417444166e-10,88,-2.7626805581148997e-11
01011112222,010-1111-2222,not in the log,4.192363417444166e-10,89,2.0708779573826907e-10
01011112222,010-1111-2222,not in the log,4.192363417444166e-10,90,8.992905697114875e-11
01011112222,010-1111-2222,not in the log,4.192363417444166e-10,91,2.1462302868216716e-10
01011112222,010-1111-2222,not in the log,4.192363417444166e-10,92,4.811382805474608e-10
01011112222,010-1111-2222,not in the log,4.192363417444166e-10,93,5.314827196151636e-12
01011112222,010-1111-2222,not in the log,4.192363417444166e-10,94,7.871783139523286e-11
01011112222,010-1111-2222,not in the log,4.192363417444166e-10,95,4.7258654156976765e-11
01011112222,010-1111-2222,not in the log,4.192363417444166e-10,96,7.772219633440235e-11
01011112222,010-1111-2222,not in the log,4.192363417444166e-10,97,1.4196075063949178e-10
01011112222,010-1111-2222,not in the log,4.192363417444166e-10,98,4.1597619409570305e-11
01011112222,010-1111-2222,not in the log,4.192363417444166e-10,99,1.3071685083929626e-11
01011112222,010-1111-2222,not in the log,4.192363417444166e-10,100,7.504303955880435e-11
01011112222,010-1111-2222,not in the log,4.192363417444166e-10,101,2.4073490386979944e-10
01011112222,010-1111-2222,not in the log,4.192363417444166e-10,102,5.888888541269544e-11
01011112222,010-1111-2222,not in the log,4.192363417444166e-10,103,-6.933517140584283e-11
01011112222,010-1111-2222,not in the log,4.192363417444166e-10,104,-1.0543478756855222e-10
01011112222,010-1111-2222,not in the log,4.192363417444166e-10,105,-5.274969829604265e-11
01011112222,010-1111-2222,not in the log,4.192363417444166e-10,106,1.792930374089631e-11
01011112222,010-1111-2222,not in the log,4.192363417444166e-10,107,1.591738985714326e-12
01011112222,010-1111-2222,not in the log,4.192363417444166e-10,108,2.90530045101273e-11
01011112222,010-1111-2222,not in the log,4.192363417444166e-10,109,7.282713506759177e-11
01011112222,010-1111-2222,not in the log,4.192363417444166e-10,110,-5.082938661502223e-11
01011112222,010-1111-2222,not in the log,4.192363417444166e-10,111,1.3472321838785487e-11
01011112222,010-1111-2222,not in the log,4.192363417444166e-10,112,-2.5236346153460808e-11
01011112222,010-1111-2222,not in the log,4.192363417444166e-10,113,1.1234311794332834e-12
01011112222,010-1111-2222,not in the log,4.192363417444166e-10,114,-3.6349415053813877e-10
01011112222,010-1111-2222,not in the log,4.192363417444166e-10,115,-4.2839242140668286e-11
01011112222,010-1111-2222,not in the log,4.192363417444166e-10,116,-8.303538030486822e-11
01011112222,010-1111-2222,not in the log,4.192363417444166e-10,117,2.2490162221662866e-11
01011112222,010-1111-2222,not in the log,4.192363417444166e-10,118,-1.4204077473607443e-10
01011112222,010-1111-2222,not in the log,4.192363417444166e-10,119,-2.0523598300598333e-11
01011112222,010-1111-2222,not in the log,4.192363417444166e-10,120,-7.095588811111937e-11
01011112222,010-1111-2222,not in the log,4.192363417444166e-10,121,5.328757810288509e-10
01011112222,010-1111-2222,not in the log,4.192363417444166e-10,122,2.143967821121683e-10
01011112222,010-1111-2222,not in the log,4.192363417444166e-10,123,9.980166820564144e-11
01011112222,010-1111-2222,not in the log,4.192363417444166e-10,124,-5.274714858416845e-11
01011112222,010-1111-2222,not in the log,4.192363417444166e-10,125,9.555708380551844e-11
01011112222,010-1111-2222,not in the log,4.192363417444166e-10,126,2.160837459514909e-12
01011112222,010-1111-2222,not in the log,4.192363417444166e-10,127,2.617978048012339e-11
01011112222,010-1111-2222,not in the log,4.192363417444166e-10,128,1.4420375086709733e-10
01011112222,010-1111-2222,not in the log,4.192363417444166e-10,129,5.495519121447586e-11
01011112222,010-1111-2222,not in the log,4.192363417444166e-10,130,-1.2200419772538325e-11
01011112222,010-1111-2222,not in the log,4.192363417444166e-10,131,2.2235682931788907e-10
01011112222,010-1111-2222,not in the log,4.192363417444166e-10,132,4.4349247529307516e-11
01011112222,010-1111-2222,not in the log,4.192363417444166e-10,133,1.421593285151693e-10
01011112222,010-1111-2222,not in the log,4.192363417444166e-10,134,1.1091941237485985e-11
01011112222,010-1111-2222,not in the log,4.192363417444166e-10,135,1.4848739183795794e-10
01011112222,010-1111-2222,not in the log,4.192363417444166e-10,136,-1.3790079948358965e-11
01011112222,010-1111-2222,not in the log,4.192363417444166e-10,137,-9.364070229064226e-11
01011112222,010-1111-2222,not in the log,4.192363417444166e-10,138,-3.384816962992758e-10
01011112222,010-1111-2222,not in the log,4.192363417444166e-10,139,3.5948937852103554e-11
01011112222,010-1111-2222,not in the log,4.192363417444166e-10,140,1.1891074388657425e-10
01011112222,010-1111-2222,not in the log,4.192363417444166e-10,141,-6.833408395539335e-11
01011112222,010-1111-2222,not in the log,4.192363417444166e-10,142,-7.551448974672342e-11
01011112222,010-1111-2222,not in the log,4.192363417444166e-10,143,-5.054335970217865e-11
01011112222,010-1111-2222,not in the log,4.192363417444166e-10,144,3.751142420671365e-11
01011112222,010-1111-2222,not in the log,4.192363417444166e-10,145,5.921612726594769e-12
01011112222,010-1111-2222,not in the log,4.192363417444166e-10,146,6.449952485883952e-12
01011112222,010-1111-2222,not in the log,4.192363417444166e-10,147,-2.41967727234627e-10
01011112222,010-1111-2222,not in the log,4.192363417444166e-10,148,8.221342245791127e-11
01011112222,010-1111-2222,not in the log,4.192363417444166e-10,149,-2.6703854199111746e-10
01011112222,010-1111-2222,not in the log,4.192363417444166e-10,150,-8.142018935513181e-11
01011112222,010-1111-2222,not in the log,4.192363417444166e-10,151,-3.664055523074222e-11
01011112222,010-1111-2222,not in the log,4.192363417444166e-10,152,-3.645440414558285e-10
01011112222,010-1111-2222,not in the log,4.192363417444166e-10,153,-7.259020315201256e-11
01011112222,010-1111-2222,not in the log,4.192363417444166e-10,154,-7.946865068326843e-11
01011112222,010-1111-2222,not in the log,4.192363417444166e-10,155,2.3254193379677793e-10
01011112222,010-1111-2222,not in the log,4.192363417444166e-10,156,-9.602396352723665e-11
01011112222,010-1111-2222,not in the log,4.192363417444166e-10,157,-1.269649511364465e-10
01011112222,010-1111-2222,not in the log,4.192363417444166e-10,158,2.86422970248267e-10
01011112222,010-1111-2222,not in the log,4.192363417444166e-10,159,5.121370587812665e-11
01011112222,010-1111-2222,not in the log,4.192363417444166e-10,160,-2.1392102172580824e-10
01011112222,010-1111-2222,not in the log,4.192363417444166e-10,161,1.0951425311170984e-11
01011112222,010-1111-2222,not in the log,4.192363417444166e-10,162,-7.300934567799571e-12
01011112222,010-1111-2222,not in the log,4.192363417444166e-10,163,-1.2377790484608483e-11
01011112222,010-1111-2222,not in the log,4.192363417444166e-10,164,3.6775991543993385e-11
01011112222,010-1111-2222,not in the log,4.192363417444166e-10,165,-2.2211985210141425e-10
01011112222,010-1111-2222,not in the log,4.192363417444166e-10,166,-2.199250637933026e-11
01011112222,010-1111-2222,not in the log,4.192363417444166e-10,167,3.0427327962324245e-10
01011112222,010-1111-2222,not in the log,4.192363417444166e-10,168,4.156264102529253e-10
01011112222,010-1111-2222,not in the log,4.192363417444166e-10,169,1.2183450937844177e-10
01011112222,010-1111-2222,not in the log,4.192363417444166e-10,170,2.9452377300719364e-10
01011112222,010-1111-2222,not in the log,4.192363417444166e-10,171,-1.8144526795472953e-10
01011112222,010-1111-2222,not in the log,4.192363417444166e-10,172,6.643232254176076e-11
01011112222,010-1111-2222,not in the log,4.192363417444166e-10,173,-2.1446467597277008e-10
01011112222,010-1111-2222,not in the log,4.192363417444166e-10,174,-8.969638134603725e-11
01011112222,010-1111-2222,not in the log,4.192363417444166e-10,175,3.0485600863471816e-10
01011112222,010-1111-2222,not in the log,4.192363417444166e-10,176,-4.3174782111329695e-11
01011112222,010-1111-2222,not in the log,4.192363417444166e-10,177,8.907990013062596e-11
01011112222,010-1111-2222,not in the log,4.192363417444166e-10,178,-1.371508327206918e-10
01011112222,010-1111-2222,not in the log,4.192363417444166e-10,179,5.112111932711495e-10
01011112222,010-1111-2222,not in the log,4.192363417444166e-10,180,1.0857561706795917e-10
01011112222,010-1111-2222,not in the log,4.192363417444166e-10,181,1.6875820166616345e-10
01011112222,010-1111-2222,not in the log,4.192363417444166e-10,182,2.327217585536704e-10
01011112222,010-1111-2222,not in the log,4.192363417444166e-10,183,1.9663050781608495e-10
01011112222,010-1111-2222,not in the log,4.192363417444166e-10,184,-6.678151102584978e-11
01011112222,010-1111-2222,not in the log,4.192363417444166e-10,185,1.2006349843938755e-10
01011112222,010-1111-2222,not in the log,4.192363417444166e-10,186,4.082922932814702e-11
01011112222,010-1111-2222,not in the log,4.192363417444166e-10,187,1.0970685756968812e-10
01011112222,010-1111-2222,not in the log,4.192363417444166e-10,188,4.663545990780989e-11
01011112222,010-1111-2222,not in the log,4.192363417444166e-10,189,-1.8721182172370022e-10
01011112222,010-1111-2222,not in the log,4.192363417444166e-10,190,-3.6321716527373063e-11
01011112222,010-1111-2222,not in the log,4.192363417444166e-10,191,-5.770050239329588e-11
01011112222,010-1111-2222,not in the log,4.192363417444166e-10,192,1.176973757430307e-12
01011112222,010-1111-2222,not in the log,4.192363417444166e-10,193,2.9129662118288007e-10
01011112222,010-1111-2222,not in the log,4.192363417444166e-10,194,2.5605802756292445e-11
01011112222,010-1111-2222,not in the log,4.192363417444166e-10,195,-1.5860838454471796e-10
01011112222,010-1111-2222,not in the log,4.192363417444166e-10,196,3.3842820840219973e-13
01011112222,010-1111-2222,not in the log,4.192363417444166e-10,197,-2.483128231492601e-11
01011112222,010-1111-2222,not in the log,4.192363417444166e-10,198,-9.173054680624764e-11
01011112222,010-1111-2222,not in the log,4.192363417444166e-10,199,-3.518732676375667e-10
01011112222,010-1111-2222,not in the log,4.192363417444166e-10,200,5.5705015872446125e-11
01011112222,010-1111-2222,not in the log,4.192363417444166e-10,201,-1.8059415685941893e-12
01011112222,010-1111-2222,not in the log,4.192363417444166e-10,202,1.6674727665134024e-10
01011112222,010-1111-2222,not in the log,4.192363417444166e-10,203,-3.63270164075679e-11
