target,grouped,description,exist_value,slot,decrypted
01050002924,010-5000-2924,original,1.0000000004259075,0,4.689777255964518e-11
01050002924,010-5000-2924,original,1.0000000004259075,1,5.568819688995148e-11
01050002924,010-5000-2924,original,1.0000000004259075,2,3.875180893759136e-10
01050002924,010-5000-2924,original,1.0000000004259075,3,4.3061445575323004e-11
01050002924,010-5000-2924,original,1.0000000004259075,4,-6.871181578064332e-11
01050002924,010-5000-2924,original,1.0000000004259075,5,-1.607255243447937e-10
01050002924,010-5000-2924,original,1.0000000004259075,6,8.918666601357916e-11
01050002924,010-5000-2924,original,1.0000000004259075,7,3.7339100952348027e-11
01050002924,010-5000-2924,original,1.0000000004259075,8,7.678849136382693e-11
01050002924,010-5000-2924,original,1.0000000004259075,9,-8.443883134831795e-12
01050002924,010-5000-2924,original,1.0000000004259075,10,6.752320640913618e-12
01050002924,010-5000-2924,original,1.0000000004259075,11,-3.7815412749700355e-11
01050002924,010-5000-2924,original,1.0000000004259075,12,1.0842914034319677e-10
01050002924,010-5000-2924,original,1.0000000004259075,13,-2.6198716226656603e-10
01050002924,010-5000-2924,original,1.0000000004259075,14,-5.141985777391485e-11
01050002924,010-5000-2924,original,1.0000000004259075,15,-7.568820920227685e-11
01050002924,010-5000-2924,original,1.0000000004259075,16,-2.4518384238870678e-11
01050002924,010-5000-2924,original,1.0000000004259075,17,-4.0785437484015613e-10
01050002924,010-5000-2924,original,1.0000000004259075,18,2.4034776582005965e-10
01050002924,010-5000-2924,original,1.0000000004259075,19,5.176358988453869e-11
01050002924,010-5000-2924,original,1.0000000004259075,20,1.6816437322977312e-10
01050002924,010-5000-2924,original,1.0000000004259075,21,1.9107912259129296e-11
01050002924,010-5000-2924,original,1.0000000004259075,22,-1.2703915128691632e-10
01050002924,010-5000-2924,original,1.0000000004259075,23,1.0239775038135077e-10
01050002924,010-5000-2924,original,1.0000000004259075,24,1.289755573652727e-10
01050002924,010-5000-2924,original,1.0000000004259075,25,1.9693615605676723e-10
01050002924,010-5000-2924,original,1.0000000004259075,26,1.8563158442603627e-10
01050002924,010-5000-2924,original,1.0000000004259075,27,-2.0761034544843206e-11
01050002924,010-5000-2924,original,1.0000000004259075,28,4.5094278220356634e-11
01050002924,010-5000-2924,original,1.0000000004259075,29,-9.120107784541638e-11
01050002924,010-5000-2924,original,1.0000000004259075,30,2.1366983397501784e-10
01050002924,010-5000-2924,original,1.0000000004259075,31,-8.747892433263712e-11
01050002924,010-5000-2924,original,1.0000000004259075,32,-5.083810988125275e-11
01050002924,010-5000-2924,original,1.0000000004259075,33,-1.459932252474804e-10
01050002924,010-5000-2924,original,1.0000000004259075,34,4.373039424204586e-11
01050002924,010-5000-2924,original,1.0000000004259075,35,4.059236506985731e-11
01050002924,010-5000-2924,original,1.0000000004259075,36,7.128905650332144e-11
01050002924,010-5000-2924,original,1.0000000004259075,37,3.2305138726699294e-11
01050002924,010-5000-2924,original,1.0000000004259075,38,-2.5697201273620133e-11
01050002924,010-5000-2924,original,1.0000000004259075,39,1.254718657666561e-10
01050002924,010-5000-2924,original,1.0000000004259075,40,-1.3055782521475464e-10
01050002924,010-5000-2924,original,1.0000000004259075,41,5.075324458357791e-11
01050002924,010-5000-2924,original,1.0000000004259075,42,-6.733912487970764e-11
01050002924,010-5000-2924,original,1.0000000004259075,43,2.8476682498713132e-11
01050002924,010-5000-2924,original,1.0000000004259075,44,1.2992637018655455e-12
01050002924,010-5000-2924,original,1.0000000004259075,45,3.230458760023972e-11
01050002924,010-5000-2924,original,1.0000000004259075,46,4.7609321674983845e-11
01050002924,010-5000-2924,original,1.0000000004259075,47,1.6531499636959853e-10
01050002924,010-5000-2924,original,1.0000000004259075,48,1.3874776915513388e-10
01050002924,010-5000-2924,original,1.0000000004259075,49,1.189327578064711e-10
01050002924,010-5000-2924,original,1.0000000004259075,50,-1.376645339838005e-10
01050002924,010-5000-2924,original,1.0000000004259075,51,-4.86123294234397e-11
01050002924,010-5000-2924,original,1.0000000004259075,52,1.8207905684777705e-10
01050002924,010-5000-2924,original,1.0000000004259075,53,4.1456661732568485e-11
01050002924,010-5000-2924,original,1.0000000004259075,54,-9.633973979715646e-11
01050002924,010-5000-2924,original,1.0000000004259075,55,3.784364742206926e-11
01050002924,010-5000-2924,original,1.0000000004259075,56,1.1818063152825052e-10
01050002924,010-5000-2924,original,1.0000000004259075,57,-7.91351305538002e-12
01050002924,010-5000-2924,original,1.0000000004259075,58,2.6150472445930234e-11
01050002924,010-5000-2924,original,1.0000000004259075,59,3.3386429667362385e-11
01050002924,010-5000-2924,original,1.0000000004259075,60,2.8022421254647027e-10
01050002924,010-5000-2924,original,1.0000000004259075,61,-1.0358682403383257e-10
01050002924,010-5000-2924,original,1.0000000004259075,62,1.8198852897825255e-10
01050002924,010-5000-2924,original,1.0000000004259075,63,-1.3422999624125463e-11
01050002924,010-5000-2924,original,1.0000000004259075,64,7.57448619184094e-12
01050002924,010-5000-2924,original,1.0000000004259075,65,1.3383606297885572e-10
01050002924,010-5000-2924,original,1.0000000004259075,66,4.169810704051994e-11
01050002924,010-5000-2924,original,1.0000000004259075,67,3.372671824352268e-10
01050002924,010-5000-2924,original,1.0000000004259075,68,1.390561670106622e-10
01050002924,010-5000-2924,original,1.0000000004259075,69,4.5106519706967126e-11
01050002924,010-5000-2924,original,1.0000000004259075,70,1.4199547614664814e-10
01050002924,010-5000-2924,original,1.0000000004259075,71,1.063880130776154e-10
01050002924,010-5000-2924,original,1.0000000004259075,72,-3.704006139361507e-11
01050002924,010-5000-2924,original,1.0000000004259075,73,-6.1888829145895384e-12
01050002924,010-5000-2924,original,1.0000000004259075,74,1.6394225837086291e-10
01050002924,010-5000-2924,original,1.0000000004259075,75,-2.8905495448248215e-11
01050002924,010-5000-2924,original,1.0000000004259075,76,1.1056966600071346e-10
01050002924,010-5000-2924,original,1.0000000004259075,77,1.0449755707760648e-10
01050002924,010-5000-2924,original,1.0000000004259075,78,2.1304213920578956e-10
01050002924,010-5000-2924,original,1.0000000004259075,79,-8.731405753351676e-11
01050002924,010-5000-2924,original,1.0000000004259075,80,-2.3673472112016054e-10
01050002924,010-5000-2924,original,1.0000000004259075,81,-7.476482428720507e-13
01050002924,010-5000-2924,original,1.0000000004259075,82,-3.269430737040042e-11
01050002924,010-5000-2924,original,1.0000000004259075,83,-3.4958214452288934e-11
01050002924,010-5000-2924,original,1.0000000004259075,84,-1.2082864179074428e-11
01050002924,010-5000-2924,original,1.0000000004259075,85,3.679388930270978e-11
01050002924,010-5000-2924,original,1.0000000004259075,86,-4.2939585215093616e-10
01050002924,010-5000-2924,original,1.0000000004259075,87,6.68868177037568e-11
01050002924,010-5000-2924,original,1.0000000004259075,88,-1.2437628176238474e-10
01050002924,010-5000-2924,original,1.0000000004259075,89,-3.6229476600699254e-13
01050002924,010-5000-2924,original,1.0000000004259075,90,6.662471502837947e-11
01050002924,010-5000-2924,original,1.0000000004259075,91,-4.336921139685935e-10
01050002924,010-5000-2924,original,1.0000000004259075,92,-4.2799904347682063e-10
01050002924,010-5000-2924,original,1.0000000004259075,93,-1.2723667664997354e-10
01050002924,010-5000-2924,original,1.0000000004259075,94,4.906960226826511e-11
01050002924,010-5000-2924,original,1.0000000004259075,95,-1.3070767273147507e-10
01050002924,010-5000-2924,original,1.0000000004259075,96,6.27472244581146e-12
01050002924,010-5000-2924,original,1.0000000004259075,97,3.546668392922208e-10
01050002924,010-5000-2924,original,1.0000000004259075,98,-2.6241555494029844e-11
01050002924,010-5000-2924,original,1.0000000004259075,99,-5.118325144463537e-11
01050002924,010-5000-2924,original,1.0000000004259075,100,4.468464275930589e-11
01050002924,010-5000-2924,original,1.0000000004259075,101,-1.0049550102889915e-10
01050002924,010-5000-2924,original,1.0000000004259075,102,1.8251860116917645e-10
01050002924,010-5000-2924,original,1.0000000004259075,103,5.7274235129121176e-11
01050002924,010-5000-2924,original,1.0000000004259075,104,1.1280119845544444e-10
01050002924,010-5000-2924,original,1.0000000004259075,105,-8.783454583306308e-11
01050002924,010-5000-2924,original,1.0000000004259075,106,-3.03691503255209e-11
01050002924,010-5000-2924,original,1.0000000004259075,107,1.846185469031398e-11
01050002924,010-5000-2924,original,1.0000000004259075,108,1.1016943159632289e-10
01050002924,010-5000-2924,original,1.0000000004259075,109,-2.756265384132677e-10
01050002924,010-5000-2924,original,1.0000000004259075,110,-8.194679587059869e-11
01050002924,010-5000-2924,original,1.0000000004259075,111,1.139459937598107e-10
01050002924,010-5000-2924,original,1.0000000004259075,112,-6.104951583692876e-11
01050002924,010-5000-2924,original,1.0000000004259075,113,-7.375209487943599e-12
01050002924,010-5000-2924,original,1.0000000004259075,114,4.309319582683384e-11
01050002924,010-5000-2924,original,1.0000000004259075,115,-2.3589113800803546e-11
01050002924,010-5000-2924,original,1.0000000004259075,116,1.2761474745263925e-10
01050002924,010-5000-2924,original,1.0000000004259075,117,3.6700118366902866e-11
01050002924,010-5000-2924,original,1.0000000004259075,118,-3.407376692408499e-10
01050002924,010-5000-2924,original,1.0000000004259075,119,1.0917165228252851e-10
01050002924,010-5000-2924,original,1.0000000004259075,120,-1.0459819608276686e-11
01050002924,010-5000-2924,original,1.0000000004259075,121,2.438209988385587e-10
01050002924,010-5000-2924,original,1.0000000004259075,122,1.3782495981885232e-10
01050002924,010-5000-2924,original,1.0000000004259075,123,9.164396921585357e-11
01050002924,010-5000-2924,original,1.0000000004259075,124,-4.039361554569633e-10
01050002924,010-5000-2924,original,1.0000000004259075,125,1.8969187017608977e-10
01050002924,010-5000-2924,original,1.0000000004259075,126,-5.091647166871377e-12
01050002924,010-5000-2924,original,1.0000000004259075,127,-5.332717760101722e-11
01050002924,010-5000-2924,original,1.0000000004259075,128,-1.0660207658739098e-10
01050002924,010-5000-2924,original,1.0000000004259075,129,-1.523269625672178e-10
01050002924,010-5000-2924,original,1.0000000004259075,130,-7.223657082930517e-11
01050002924,010-5000-2924,original,1.0000000004259075,131,9.50687706449028e-11
01050002924,010-5000-2924,original,1.0000000004259075,132,1.0851528210253048e-10
01050002924,010-5000-2924,original,1.0000000004259075,133,-7.592245886679714e-11
01050002924,010-5000-2924,original,1.0000000004259075,134,-1.4409526520829478e-10
01050002924,010-5000-2924,original,1.0000000004259075,135,-7.60452533591802e-12
01050002924,010-5000-2924,original,1.0000000004259075,136,-4.058586686358336e-12
01050002924,010-5000-2924,original,1.0000000004259075,137,-1.5666910889738138e-10
01050002924,010-5000-2924,original,1.0000000004259075,138,-1.3469554154213654e-11
01050002924,010-5000-2924,original,1.0000000004259075,139,-5.230789079910314e-11
01050002924,010-5000-2924,original,1.0000000004259075,140,1.8016640676721063e-10
01050002924,010-5000-2924,original,1.0000000004259075,141,-2.5777365574543824e-10
01050002924,010-5000-2924,original,1.0000000004259075,142,0.9999997018856801
01050002924,010-5000-2924,original,1.0000000004259075,143,0.9999996901489525
01050002924,010-5000-2924,original,1.0000000004259075,144,0.9999996896402681
01050002924,010-5000-2924,original,1.0000000004259075,145,0.999999709505149
01050002924,010-5000-2924,original,1.0000000004259075,146,0.9999996715187587
01050002924,010-5000-2924,original,1.0000000004259075,147,0.9999996945874475
01050002924,010-5000-2924,original,1.0000000004259075,148,0.9999997027183191
01050002924,010-5000-2924,original,1.0000000004259075,149,0.9999996293346953
01050002924,010-5000-2924,original,1.0000000004259075,150,2.760120988551074e-10
01050002924,010-5000-2924,original,1.0000000004259075,151,-2.5520380785591437e-11
01050002924,010-5000-2924,original,1.0000000004259075,152,-3.553574684610621e-10
01050002924,010-5000-2924,original,1.0000000004259075,153,5.173520321853085e-11
01050002924,010-5000-2924,original,1.0000000004259075,154,-2.001357592575169e-11
01050002924,010-5000-2924,original,1.0000000004259075,155,-1.2762556454654367e-10
01050002924,010-5000-2924,original,1.0000000004259075,156,0.9999996905665984
01050002924,010-5000-2924,original,1.0000000004259075,157,4.286688969300913e-11
01050002924,010-5000-2924,original,1.0000000004259075,158,1.3066402153209654e-11
01050002924,010-5000-2924,original,1.0000000004259075,159,5.462604263891133e-11
01050002924,010-5000-2924,original,1.0000000004259075,160,0.9999996853981858
01050002924,010-5000-2924,original,1.0000000004259075,161,6.173789533789824e-11
01050002924,010-5000-2924,original,1.0000000004259075,162,6.751219840948405e-11
01050002924,010-5000-2924,original,1.0000000004259075,163,0.9999996897473418
01050002924,010-5000-2924,original,1.0000000004259075,164,0.999999683627108
01050002924,010-5000-2924,original,1.0000000004259075,165,5.2151500677688625e-11
01050002924,010-5000-2924,original,1.0000000004259075,166,4.7674176363606375e-11
01050002924,010-5000-2924,original,1.0000000004259075,167,-2.3601023446040605e-10
01050002924,010-5000-2924,original,1.0000000004259075,168,-7.417475172276968e-11
01050002924,010-5000-2924,original,1.0000000004259075,169,-3.640610120364009e-11
01050002924,010-5000-2924,original,1.0000000004259075,170,-3.210938274786196e-11
01050002924,010-5000-2924,original,1.0000000004259075,171,-8.968199843115957e-11
01050002924,010-5000-2924,original,1.0000000004259075,172,1.736936106864584e-11
01050002924,010-5000-2924,original,1.0000000004259075,173,-1.0793809686620625e-10
01050002924,010-5000-2924,original,1.0000000004259075,174,-7.228989528758587e-11
01050002924,010-5000-2924,original,1.0000000004259075,175,4.5554684856362017e-10
01050002924,010-5000-2924,original,1.0000000004259075,176,-1.8872428626188918e-11
01050002924,010-5000-2924,original,1.0000000004259075,177,-1.5684392394595214e-10
01050002924,010-5000-2924,original,1.0000000004259075,178,-5.7882243663930425e-11
01050002924,010-5000-2924,original,1.0000000004259075,179,-5.960986510838871e-10
01050002924,010-5000-2924,original,1.0000000004259075,180,2.678500695362036e-10
01050002924,010-5000-2924,original,1.0000000004259075,181,-1.0214399461928567e-10
01050002924,010-5000-2924,original,1.0000000004259075,182,-4.8460607782493706e-11
01050002924,010-5000-2924,original,1.0000000004259075,183,1.0617358875422761e-10
01050002924,010-5000-2924,original,1.0000000004259075,184,-1.401781106340889e-11
01050002924,010-5000-2924,original,1.0000000004259075,185,-4.7862203946393665e-11
01050002924,010-5000-2924,original,1.0000000004259075,186,1.0608789226035346e-10
01050002924,010-5000-2924,original,1.0000000004259075,187,9.41619690443318e-11
01050002924,010-5000-2924,original,1.0000000004259075,188,-9.541153383442476e-11
01050002924,010-5000-2924,original,1.0000000004259075,189,-3.468778956283262e-11
01050002924,010-5000-2924,original,1.0000000004259075,190,-4.251172991080879e-10
01050002924,010-5000-2924,original,1.0000000004259075,191,-2.9553841926313845e-11
01050002924,010-5000-2924,original,1.0000000004259075,192,1.0344367001918903e-10
01050002924,010-5000-2924,original,1.0000000004259075,193,2.1530009114551614e-10
01050002924,010-5000-2924,original,1.0000000004259075,194,-7.054180926222237e-12
01050002924,010-5000-2924,original,1.0000000004259075,195,-1.5403334857026346e-10
01050002924,010-5000-2924,original,1.0000000004259075,196,-6.338375113941406e-11
01050002924,010-5000-2924,original,1.0000000004259075,197,2.391342603416107e-10
01050002924,010-5000-2924,original,1.0000000004259075,198,-2.576878669180189e-10
01050002924,010-5000-2924,original,1.0000000004259075,199,-3.571714928849646e-10
01050002924,010-5000-2924,original,1.0000000004259075,200,8.233048483145855e-11
01050002924,010-5000-2924,original,1.0000000004259075,201,-2.3498306335136233e-11
01050002924,010-5000-2924,original,1.0000000004259075,202,-1.3678588205414397e-10
01050002924,010-5000-2924,original,1.0000000004259075,203,-4.328814726219461e-11
01050002925,010-5000-2925,"one digit, last group",2.03815735440863e-10,0,-2.1573396415722576e-10
01050002925,010-5000-2925,"one digit, last group",2.03815735440863e-10,1,1.0101316653085314e-10
01050002925,010-5000-2925,"one digit, last group",2.03815735440863e-10,2,9.292255819609512e-11
01050002925,010-5000-2925,"one digit, last group",2.03815735440863e-10,3,-2.0629243038480772e-11
01050002925,010-5000-2925,"one digit, last group",2.03815735440863e-10,4,1.0219204361140828e-10
01050002925,010-5000-2925,"one digit, last group",2.03815735440863e-10,5,3.073118661634591e-11
01050002925,010-5000-2925,"one digit, last group",2.03815735440863e-10,6,-2.9437113269927367e-10
01050002925,010-5000-2925,"one digit, last group",2.03815735440863e-10,7,9.370197101951954e-11
01050002925,010-5000-2925,"one digit, last group",2.03815735440863e-10,8,3.384015774892721e-11
01050002925,010-5000-2925,"one digit, last group",2.03815735440863e-10,9,-8.231883244398434e-11
01050002925,010-5000-2925,"one digit, last group",2.03815735440863e-10,10,-7.661510615803735e-11
01050002925,010-5000-2925,"one digit, last group",2.03815735440863e-10,11,8.262798545678212e-11
01050002925,010-5000-2925,"one digit, last group",2.03815735440863e-10,12,1.9791063881445644e-10
01050002925,010-5000-2925,"one digit, last group",2.03815735440863e-10,13,2.2008501211143704e-11
01050002925,010-5000-2925,"one digit, last group",2.03815735440863e-10,14,-1.7574403556071424e-10
01050002925,010-5000-2925,"one digit, last group",2.03815735440863e-10,15,-6.617107145826369e-11
01050002925,010-5000-2925,"one digit, last group",2.03815735440863e-10,16,-3.0916443458246673e-10
01050002925,010-5000-2925,"one digit, last group",2.03815735440863e-10,17,-4.648850258832394e-11
01050002925,010-5000-2925,"one digit, last group",2.03815735440863e-10,18,5.1454944579919524e-11
01050002925,010-5000-2925,"one digit, last group",2.03815735440863e-10,19,2.5148975430589674e-11
01050002925,010-5000-2925,"one digit, last group",2.03815735440863e-10,20,1.4965213786260634e-10
01050002925,010-5000-2925,"one digit, last group",2.03815735440863e-10,21,1.5986682696631082e-10
01050002925,010-5000-2925,"one digit, last group",2.03815735440863e-10,22,-1.1766234221923828e-10
01050002925,010-5000-2925,"one digit, last group",2.03815735440863e-10,23,1.6616427750027344e-10
01050002925,010-5000-2925,"one digit, last group",2.03815735440863e-10,24,1.3095408025906713e-10
01050002925,010-5000-2925,"one digit, last group",2.03815735440863e-10,25,-6.789899851385034e-11
01050002925,010-5000-2925,"one digit, last group",2.03815735440863e-10,26,6.26905513159735e-11
01050002925,010-5000-2925,"one digit, last group",2.03815735440863e-10,27,8.945262163302563e-12
01050002925,010-5000-2925,"one digit, last group",2.03815735440863e-10,28,-2.515292385150259e-10
01050002925,010-5000-2925,"one digit, last group",2.03815735440863e-10,29,-5.716380139216137e-12
01050002925,010-5000-2925,"one digit, last group",2.03815735440863e-10,30,-9.96437028015194e-11
01050002925,010-5000-2925,"one digit, last group",2.03815735440863e-10,31,4.697036301603415e-11
01050002925,010-5000-2925,"one digit, last group",2.03815735440863e-10,32,-7.368708025766999e-11
01050002925,010-5000-2925,"one digit, last group",2.03815735440863e-10,33,-1.288244083002298e-10
01050002925,010-5000-2925,"one digit, last group",2.03815735440863e-10,34,2.225664431194036e-10
01050002925,010-5000-2925,"one digit, last group",2.03815735440863e-10,35,-1.114513879863642e-10
01050002925,010-5000-2925,"one digit, last group",2.03815735440863e-10,36,-5.328917854092171e-11
01050002925,010-5000-2925,"one digit, last group",2.03815735440863e-10,37,-2.064971490960353e-11
01050002925,010-5000-2925,"one digit, last group",2.03815735440863e-10,38,5.066622953403502e-11
01050002925,010-5000-2925,"one digit, last group",2.03815735440863e-10,39,-1.78257537933367e-10
01050002925,010-5000-2925,"one digit, last group",2.03815735440863e-10,40,5.285439751029099e-10
01050002925,010-5000-2925,"one digit, last group",2.03815735440863e-10,41,-7.905697485793406e-11
01050002925,010-5000-2925,"one digit, last group",2.03815735440863e-10,42,3.0571442512019464e-11
01050002925,010-5000-2925,"one digit, last group",2.03815735440863e-10,43,1.0800898143701935e-11
01050002925,010-5000-2925,"one digit, last group",2.03815735440863e-10,44,3.861212396464406e-11
01050002925,010-5000-2925,"one digit, last group",2.03815735440863e-10,45,7.75225459133837e-11
01050002925,010-5000-2925,"one digit, last group",2.03815735440863e-10,46,-8.843337581521157e-11
01050002925,010-5000-2925,"one digit, last group",2.03815735440863e-10,47,4.6443537163264195e-11
01050002925,010-5000-2925,"one digit, last group",2.03815735440863e-10,48,-4.35997323524782e-11
01050002925,010-5000-2925,"one digit, last group",2.03815735440863e-10,49,-4.978321844068858e-11
01050002925,010-5000-2925,"one digit, last group",2.03815735440863e-10,50,2.5932455394095365e-10
01050002925,010-5000-2925,"one digit, last group",2.03815735440863e-10,51,4.9729353900894154e-11
01050002925,010-5000-2925,"one digit, last group",2.03815735440863e-10,52,1.3406057882353436e-10
01050002925,010-5000-2925,"one digit, last group",2.03815735440863e-10,53,1.3472395226722295e-11
01050002925,010-5000-2925,"one digit, last group",2.03815735440863e-10,54,-1.363611896748261e-10
01050002925,010-5000-2925,"one digit, last group",2.03815735440863e-10,55,-1.0361009781017124e-10
01050002925,010-5000-2925,"one digit, last group",2.03815735440863e-10,56,-1.9470665262358217e-10
01050002925,010-5000-2925,"one digit, last group",2.03815735440863e-10,57,-3.110895006824434e-11
01050002925,010-5000-2925,"one digit, last group",2.03815735440863e-10,58,3.1217881141219565e-11
01050002925,010-5000-2925,"one digit, last group",2.03815735440863e-10,59,-9.756016247258395e-11
01050002925,010-5000-2925,"one digit, last group",2.03815735440863e-10,60,-4.588736317860664e-11
01050002925,010-5000-2925,"one digit, last group",2.03815735440863e-10,61,-1.2213329845019628e-10
01050002925,010-5000-2925,"one digit, last group",2.03815735440863e-10,62,1.66611088204362e-10
01050002925,010-5000-2925,"one digit, last group",2.03815735440863e-10,63,-4.297432306204995e-11
01050002925,010-5000-2925,"one digit, last group",2.03815735440863e-10,64,2.3112226485788518e-10
01050002925,010-5000-2925,"one digit, last group",2.03815735440863e-10,65,-2.157240943094667e-10
01050002925,010-5000-2925,"one digit, last group",2.03815735440863e-10,66,-6.320763051116347e-11
01050002925,010-5000-2925,"one digit, last group",2.03815735440863e-10,67,-2.417800447379739e-10
01050002925,010-5000-2925,"one digit, last group",2.03815735440863e-10,68,-2.1597039571973712e-10
01050002925,010-5000-2925,"one digit, last group",2.03815735440863e-10,69,1.6319662165159917e-10
01050002925,010-5000-2925,"one digit, last group",2.03815735440863e-10,70,-4.2517881490447816e-11
01050002925,010-5000-2925,"one digit, last group",2.03815735440863e-10,71,-1.1931695271400644e-10
01050002925,010-5000-2925,"one digit, last group",2.03815735440863e-10,72,1.898574552457465e-11
01050002925,010-5000-2925,"one digit, last group",2.03815735440863e-10,73,1.6425219216630508e-10
01050002925,010-5000-2925,"one digit, last group",2.03815735440863e-10,74,2.8429487494058125e-10
01050002925,010-5000-2925,"one digit, last group",2.03815735440863e-10,75,1.2464569195484677e-10
01050002925,010-5000-2925,"one digit, last group",2.03815735440863e-10,76,6.174027046831743e-11
01050002925,010-5000-2925,"one digit, last group",2.03815735440863e-10,77,4.7450122425767575e-11
01050002925,010-5000-2925,"one digit, last group",2.03815735440863e-10,78,1.3768288582152238e-10
01050002925,010-5000-2925,"one digit, last group",2.03815735440863e-10,79,-4.811880576554141e-12
01050002925,010-5000-2925,"one digit, last group",2.03815735440863e-10,80,5.261334592464813e-11
01050002925,010-5000-2925,"one digit, last group",2.03815735440863e-10,81,1.3764941687577174e-10
01050002925,010-5000-2925,"one digit, last group",2.03815735440863e-10,82,-9.104102742595359e-11
01050002925,010-5000-2925,"one digit, last group",2.03815735440863e-10,83,-6.132717996409952e-11
01050002925,010-5000-2925,"one digit, last group",2.03815735440863e-10,84,1.2422469494924033e-11
01050002925,010-5000-2925,"one digit, last group",2.03815735440863e-10,85,6.021730667433033e-12
01050002925,010-5000-2925,"one digit, last group",2.03815735440863e-10,86,2.5451803518309482e-11
01050002925,010-5000-2925,"one digit, last group",2.03815735440863e-10,87,1.2633907168109166e-11
01050002925,010-5000-2925,"one digit, last group",2.03815735440863e-10,88,3.226502805406116e-11
01050002925,010-5000-2925,"one digit, last group",2.03815735440863e-10,89,2.536013858061671e-10
01050002925,010-5000-2925,"one digit, last group",2.03815735440863e-10,90,-2.1800529968781553e-10
01050002925,010-5000-2925,"one digit, last group",2.03815735440863e-10,91,1.5609335644933043e-10
01050002925,010-5000-2925,"one digit, last group",2.03815735440863e-10,92,-4.863312584493849e-12
01050002925,010-5000-2925,"one digit, last group",2.03815735440863e-10,93,-1.4200214317566796e-10
01050002925,010-5000-2925,"one digit, last group",2.03815735440863e-10,94,-3.637300715757177e-11
01050002925,010-5000-2925,"one digit, last group",2.03815735440863e-10,95,2.556393031308703e-11
01050002925,010-5000-2925,"one digit, last group",2.03815735440863e-10,96,-2.3218937055920937e-10
01050002925,010-5000-2925,"one digit, last group",2.03815735440863e-10,97,-1.5404016445947335e-10
01050002925,010-5000-2925,"one digit, last group",2.03815735440863e-10,98,1.0794222721000592e-10
01050002925,010-5000-2925,"one digit, last group",2.03815735440863e-10,99,-8.169131233745372e-11
01050002925,010-5000-2925,"one digit, last group",2.03815735440863e-10,100,-2.1485625921723822e-10
01050002925,010-5000-2925,"one digit, last group",2.03815735440863e-10,101,9.935226272512932e-11
01050002925,010-5000-2925,"one digit, last group",2.03815735440863e-10,102,1.926268590883537e-12
01050002925,010-5000-2925,"one digit, last group",2.03815735440863e-10,103,9.200088091927096e-11
01050002925,010-5000-2925,"one digit, last group",2.03815735440863e-10,104,2.887546833547485e-11
01050002925,010-5000-2925,"one digit, last group",2.03815735440863e-10,105,5.3734336270900746e-11
01050002925,010-5000-2925,"one digit, last group",2.03815735440863e-10,106,1.0371431461468682e-10
01050002925,010-5000-2925,"one digit, last group",2.03815735440863e-10,107,1.5884290257176536e-11
01050002925,010-5000-2925,"one digit, last group",2.03815735440863e-10,108,3.206239637692689e-11
01050002925,010-5000-2925,"one digit, last group",2.03815735440863e-10,109,-2.417191323655451e-10
01050002925,010-5000-2925,"one digit, last group",2.03815735440863e-10,110,-6.448932355094647e-11
01050002925,010-5000-2925,"one digit, last group",2.03815735440863e-10,111,5.8245179962378755e-12
01050002925,010-5000-2925,"one digit, last group",2.03815735440863e-10,112,-3.990842561774303e-11
01050002925,010-5000-2925,"one digit, last group",2.03815735440863e-10,113,-1.6929691475088854e-11
01050002925,010-5000-2925,"one digit, last group",2.03815735440863e-10,114,1.0673220311178052e-11
01050002925,010-5000-2925,"one digit, last group",2.03815735440863e-10,115,-1.3198584795657716e-11
01050002925,010-5000-2925,"one digit, last group",2.03815735440863e-10,116,-9.019533122197999e-11
01050002925,010-5000-2925,"one digit, last group",2.03815735440863e-10,117,1.0221254703707667e-10
01050002925,010-5000-2925,"one digit, last group",2.03815735440863e-10,118,-3.6819447135246347e-10
01050002925,010-5000-2925,"one digit, last group",2.03815735440863e-10,119,-6.546330790546905e-11
01050002925,010-5000-2925,"one digit, last group",2.03815735440863e-10,120,7.11518544931267e-11
01050002925,010-5000-2925,"one digit, last group",2.03815735440863e-10,121,6.34931326432927e-11
01050002925,010-5000-2925,"one digit, last group",2.03815735440863e-10,122,-2.1673384700397247e-10
01050002925,010-5000-2925,"one digit, last group",2.03815735440863e-10,123,-1.9959684135093477e-11
01050002925,010-5000-2925,"one digit, last group",2.03815735440863e-10,124,5.377081283593116e-10
01050002925,010-5000-2925,"one digit, last group",2.03815735440863e-10,125,-1.3492629803044755e-10
01050002925,010-5000-2925,"one digit, last group",2.03815735440863e-10,126,-5.4595340909243976e-11
01050002925,010-5000-2925,"one digit, last group",2.03815735440863e-10,127,-1.021197429012801e-10
01050002925,010-5000-2925,"one digit, last group",2.03815735440863e-10,128,1.9089065386351347e-10
01050002925,010-5000-2925,"one digit, last group",2.03815735440863e-10,129,2.0988912079124245e-10
01050002925,010-5000-2925,"one digit, last group",2.03815735440863e-10,130,1.1566663701885883e-11
01050002925,010-5000-2925,"one digit, last group",2.03815735440863e-10,131,-1.5728922952757468e-10
01050002925,010-5000-2925,"one digit, last group",2.03815735440863e-10,132,-7.835017793988935e-11
01050002925,010-5000-2925,"one digit, last group",2.03815735440863e-10,133,-8.825088412360092e-11
01050002925,010-5000-2925,"one digit, last group",2.03815735440863e-10,134,-4.275971316826597e-11
01050002925,010-5000-2925,"one digit, last group",2.03815735440863e-10,135,3.576691857882032e-11
01050002925,010-5000-2925,"one digit, last group",2.03815735440863e-10,136,2.5990777571042315e-11
01050002925,010-5000-2925,"one digit, last group",2.03815735440863e-10,137,-5.4592454109222864e-11
01050002925,010-5000-2925,"one digit, last group",2.03815735440863e-10,138,3.8934615823811725e-10
01050002925,010-5000-2925,"one digit, last group",2.03815735440863e-10,139,-3.096155031171378e-11
01050002925,010-5000-2925,"one digit, last group",2.03815735440863e-10,140,-2.5987148598275566e-10
01050002925,010-5000-2925,"one digit, last group",2.03815735440863e-10,141,-6.604049960456915e-11
01050002925,010-5000-2925,"one digit, last group",2.03815735440863e-10,142,-3.493906832760638e-10
01050002925,010-5000-2925,"one digit, last group",2.03815735440863e-10,143,-4.238196319181605e-09
01050002925,010-5000-2925,"one digit, last group",2.03815735440863e-10,144,-1.8135598442325523e-10
01050002925,010-5000-2925,"one digit, last group",2.03815735440863e-10,145,1.4844872694767997e-09
01050002925,010-5000-2925,"one digit, last group",2.03815735440863e-10,146,7.534834610916039e-09
01050002925,010-5000-2925,"one digit, last group",2.03815735440863e-10,147,2.727804658190247e-10
01050002925,010-5000-2925,"one digit, last group",2.03815735440863e-10,148,-8.19210392096145e-11
01050002925,010-5000-2925,"one digit, last group",2.03815735440863e-10,149,4.883653164979098e-10
01050002925,010-5000-2925,"one digit, last group",2.03815735440863e-10,150,1.7499618646421084e-10
01050002925,010-5000-2925,"one digit, last group",2.03815735440863e-10,151,-8.969910649164086e-11
01050002925,010-5000-2925,"one digit, last group",2.03815735440863e-10,152,-3.816741009552335e-10
01050002925,010-5000-2925,"one digit, last group",2.03815735440863e-10,153,2.2202649133037858e-10
01050002925,010-5000-2925,"one digit, last group",2.03815735440863e-10,154,-7.931736915646367e-11
01050002925,010-5000-2925,"one digit, last group",2.03815735440863e-10,155,-2.8358346406079493e-10
01050002925,010-5000-2925,"one digit, last group",2.03815735440863e-10,156,1.1726047782489545e-10
01050002925,010-5000-2925,"one digit, last group",2.03815735440863e-10,157,5.314066658172626e-11
01050002925,010-5000-2925,"one digit, last group",2.03815735440863e-10,158,4.2490896982352225e-11
01050002925,010-5000-2925,"one digit, last group",2.03815735440863e-10,159,5.836374174607046e-11
01050002925,010-5000-2925,"one digit, last group",2.03815735440863e-10,160,-5.527911721839591e-09
01050002925,010-5000-2925,"one digit, last group",2.03815735440863e-10,161,-5.38135954575668e-11
01050002925,010-5000-2925,"one digit, last group",2.03815735440863e-10,162,-1.0549778134632381e-11
01050002925,010-5000-2925,"one digit, last group",2.03815735440863e-10,163,-1.668309891207042e-08
01050002925,010-5000-2925,"one digit, last group",2.03815735440863e-10,164,-1.4877545987618444e-09
01050002925,010-5000-2925,"one digit, last group",2.03815735440863e-10,165,-1.8859624996577167e-10
01050002925,010-5000-2925,"one digit, last group",2.03815735440863e-10,166,-1.0707071422504001e-11
01050002925,010-5000-2925,"one digit, last group",2.03815735440863e-10,167,1.7017212232627655e-10
01050002925,010-5000-2925,"one digit, last group",2.03815735440863e-10,168,-1.1964111450378662e-10
01050002925,010-5000-2925,"one digit, last group",2.03815735440863e-10,169,-3.411031611429593e-11
01050002925,010-5000-2925,"one digit, last group",2.03815735440863e-10,170,6.646171846110916e-11
01050002925,010-5000-2925,"one digit, last group",2.03815735440863e-10,171,8.908262713807639e-11
01050002925,010-5000-2925,"one digit, last group",2.03815735440863e-10,172,-4.721957655864942e-11
01050002925,010-5000-2925,"one digit, last group",2.03815735440863e-10,173,1.0458009758360566e-10
01050002925,010-5000-2925,"one digit, last group",2.03815735440863e-10,174,-1.8738226360661066e-11
01050002925,010-5000-2925,"one digit, last group",2.03815735440863e-10,175,-8.393409253279471e-10
01050002925,010-5000-2925,"one digit, last group",2.03815735440863e-10,176,7.366575077914272e-11
01050002925,010-5000-2925,"one digit, last group",2.03815735440863e-10,177,6.399509825883144e-11
01050002925,010-5000-2925,"one digit, last group",2.03815735440863e-10,178,-1.0054090566472581e-10
01050002925,010-5000-2925,"one digit, last group",2.03815735440863e-10,179,2.5544527075626053e-10
01050002925,010-5000-2925,"one digit, last group",2.03815735440863e-10,180,-1.173629455668197e-10
01050002925,010-5000-2925,"one digit, last group",2.03815735440863e-10,181,-4.627833741578736e-10
01050002925,010-5000-2925,"one digit, last group",2.03815735440863e-10,182,1.1575872258284793e-10
01050002925,010-5000-2925,"one digit, last group",2.03815735440863e-10,183,1.2445118886143218e-10
01050002925,010-5000-2925,"one digit, last group",2.03815735440863e-10,184,-5.064374992148417e-11
01050002925,010-5000-2925,"one digit, last group",2.03815735440863e-10,185,3.534652755102263e-11
01050002925,010-5000-2925,"one digit, last group",2.03815735440863e-10,186,1.1921714611167975e-10
01050002925,010-5000-2925,"one digit, last group",2.03815735440863e-10,187,3.690605162450453e-11
01050002925,010-5000-2925,"one digit, last group",2.03815735440863e-10,188,-1.1882274244436163e-10
01050002925,010-5000-2925,"one digit, last group",2.03815735440863e-10,189,-1.4460391313177548e-10
01050002925,010-5000-2925,"one digit, last group",2.03815735440863e-10,190,-1.0436906423529114e-10
01050002925,010-5000-2925,"one digit, last group",2.03815735440863e-10,191,-3.141193807087344e-12
01050002925,010-5000-2925,"one digit, last group",2.03815735440863e-10,192,1.0108847056260163e-10
01050002925,010-5000-2925,"one digit, last group",2.03815735440863e-10,193,-1.2466960781800054e-10
01050002925,010-5000-2925,"one digit, last group",2.03815735440863e-10,194,4.9769933430449914e-11
01050002925,010-5000-2925,"one digit, last group",2.03815735440863e-10,195,-1.2710047636477924e-11
01050002925,010-5000-2925,"one digit, last group",2.03815735440863e-10,196,3.929818131810413e-11
01050002925,010-5000-2925,"one digit, last group",2.03815735440863e-10,197,1.0798063870993206e-10
01050002925,010-5000-2925,"one digit, last group",2.03815735440863e-10,198,-9.585310660524835e-11
01050002925,010-5000-2925,"one digit, last group",2.03815735440863e-10,199,-1.3474377821109025e-10
01050002925,010-5000-2925,"one digit, last group",2.03815735440863e-10,200,-7.032254693393236e-11
01050002925,010-5000-2925,"one digit, last group",2.03815735440863e-10,201,3.216373663297718e-11
01050002925,010-5000-2925,"one digit, last group",2.03815735440863e-10,202,-2.0821535013576226e-10
01050002925,010-5000-2925,"one digit, last group",2.03815735440863e-10,203,2.311328233900124e-12
01051009080,010-5100-9080,original,1.0000000005605572,0,-9.031187105585894e-11
01051009080,010-5100-9080,original,1.0000000005605572,1,2.396359099179439e-10
01051009080,010-5100-9080,original,1.0000000005605572,2,4.3970305126299176e-10
01051009080,010-5100-9080,original,1.0000000005605572,3,-5.3769478401478593e-11
01051009080,010-5100-9080,original,1.0000000005605572,4,2.08747317568796e-10
01051009080,010-5100-9080,original,1.0000000005605572,5,-1.8187742758570787e-10
01051009080,010-5100-9080,original,1.0000000005605572,6,1.688293960861658e-10
01051009080,010-5100-9080,original,1.0000000005605572,7,-4.060071458575095e-11
01051009080,010-5100-9080,original,1.0000000005605572,8,-5.128107875170494e-11
01051009080,010-5100-9080,original,1.0000000005605572,9,-4.880053559214172e-12
01051009080,010-5100-9080,original,1.0000000005605572,10,2.985752578099644e-11
01051009080,010-5100-9080,original,1.0000000005605572,11,-7.903852454255558e-11
01051009080,010-5100-9080,original,1.0000000005605572,12,-2.416500556987303e-10
01051009080,010-5100-9080,original,1.0000000005605572,13,2.1759547666766002e-10
01051009080,010-5100-9080,original,1.0000000005605572,14,-1.5899186218073456e-10
01051009080,010-5100-9080,original,1.0000000005605572,15,9.657703434291638e-11
01051009080,010-5100-9080,original,1.0000000005605572,16,-2.2754207689402227e-10
01051009080,010-5100-9080,original,1.0000000005605572,17,2.1403768494100547e-10
01051009080,010-5100-9080,original,1.0000000005605572,18,1.649753767874359e-10
01051009080,010-5100-9080,original,1.0000000005605572,19,-1.0897999916522294e-11
01051009080,010-5100-9080,original,1.0000000005605572,20,7.932521926682353e-11
01051009080,010-5100-9080,original,1.0000000005605572,21,-1.3036017811948388e-10
01051009080,010-5100-9080,original,1.0000000005605572,22,3.1143915637296275e-11
01051009080,010-5100-9080,original,1.0000000005605572,23,-6.32496553120929e-11
01051009080,010-5100-9080,original,1.0000000005605572,24,-1.9004899185857555e-10
01051009080,010-5100-9080,original,1.0000000005605572,25,1.0824236514917936e-10
01051009080,010-5100-9080,original,1.0000000005605572,26,1.8736108004291572e-10
01051009080,010-5100-9080,original,1.0000000005605572,27,-7.443831281023363e-11
01051009080,010-5100-9080,original,1.0000000005605572,28,1.0955078721645563e-10
01051009080,010-5100-9080,original,1.0000000005605572,29,-2.7631159258407387e-12
01051009080,010-5100-9080,original,1.0000000005605572,30,1.7521852268468242e-10
01051009080,010-5100-9080,original,1.0000000005605572,31,-6.311187128735888e-11
01051009080,010-5100-9080,original,1.0000000005605572,32,-2.5664943914593305e-10
01051009080,010-5100-9080,original,1.0000000005605572,33,-4.349554430039509e-10
01051009080,010-5100-9080,original,1.0000000005605572,34,-4.202133769320774e-11
01051009080,010-5100-9080,original,1.0000000005605572,35,1.0646345435578312e-11
01051009080,010-5100-9080,original,1.0000000005605572,36,-1.3124198231822e-10
01051009080,010-5100-9080,original,1.0000000005605572,37,-2.454072326259584e-10
01051009080,010-5100-9080,original,1.0000000005605572,38,-1.1531395665573057e-10
01051009080,010-5100-9080,original,1.0000000005605572,39,1.1965842446110806e-10
01051009080,010-5100-9080,original,1.0000000005605572,40,-2.3548015618199877e-10
01051009080,010-5100-9080,original,1.0000000005605572,41,1.6351469714589908e-11
01051009080,010-5100-9080,original,1.0000000005605572,42,-2.4838520622417256e-10
01051009080,010-5100-9080,original,1.0000000005605572,43,-8.520666856248544e-12
01051009080,010-5100-9080,original,1.0000000005605572,44,-8.744685232396398e-12
01051009080,010-5100-9080,original,1.0000000005605572,45,-1.6861377190382142e-10
01051009080,010-5100-9080,original,1.0000000005605572,46,-9.044114541311693e-11
01051009080,010-5100-9080,original,1.0000000005605572,47,5.482597642118515e-11
01051009080,010-5100-9080,original,1.0000000005605572,48,1.6702362781600278e-10
01051009080,010-5100-9080,original,1.0000000005605572,49,6.667244567897145e-11
01051009080,010-5100-9080,original,1.0000000005605572,50,3.726348012841558e-10
01051009080,010-5100-9080,original,1.0000000005605572,51,2.285425773620084e-11
01051009080,010-5100-9080,original,1.0000000005605572,52,2.9195566161023827e-10
01051009080,010-5100-9080,original,1.0000000005605572,53,-8.654125338985653e-12
01051009080,010-5100-9080,original,1.0000000005605572,54,6.930849633157233e-11
01051009080,010-5100-9080,original,1.0000000005605572,55,6.67199655748086e-11
01051009080,010-5100-9080,original,1.0000000005605572,56,1.3303617946321358e-10
01051009080,010-5100-9080,original,1.0000000005605572,57,-6.151580445327906e-11
01051009080,010-5100-9080,original,1.0000000005605572,58,1.8049843492368324e-11
01051009080,010-5100-9080,original,1.0000000005605572,59,-1.1349723037590565e-10
01051009080,010-5100-9080,original,1.0000000005605572,60,-1.341494141667867e-10
01051009080,010-5100-9080,original,1.0000000005605572,61,-1.2362306479430897e-10
01051009080,010-5100-9080,original,1.0000000005605572,62,-6.832355914544081e-11
01051009080,010-5100-9080,original,1.0000000005605572,63,2.6412555504630004e-10
01051009080,010-5100-9080,original,1.0000000005605572,64,-6.550304860497412e-11
01051009080,010-5100-9080,original,1.0000000005605572,65,3.0288701629973883e-10
01051009080,010-5100-9080,original,1.0000000005605572,66,3.637711010433808e-10
01051009080,010-5100-9080,original,1.0000000005605572,67,2.0969669439119742e-10
01051009080,010-5100-9080,original,1.0000000005605572,68,1.0831557471685657e-10
01051009080,010-5100-9080,original,1.0000000005605572,69,2.643553933145946e-10
01051009080,010-5100-9080,original,1.0000000005605572,70,8.682421264169591e-11
01051009080,010-5100-9080,original,1.0000000005605572,71,5.3276816876502284e-11
01051009080,010-5100-9080,original,1.0000000005605572,72,-1.2190261393003875e-11
01051009080,010-5100-9080,original,1.0000000005605572,73,1.5105021976377858e-10
01051009080,010-5100-9080,original,1.0000000005605572,74,1.1552545087817741e-10
01051009080,010-5100-9080,original,1.0000000005605572,75,-6.755793959323962e-11
01051009080,010-5100-9080,original,1.0000000005605572,76,8.388746703204016e-12
01051009080,010-5100-9080,original,1.0000000005605572,77,2.788871735640003e-11
01051009080,010-5100-9080,original,1.0000000005605572,78,-4.2537908110887327e-10
01051009080,010-5100-9080,original,1.0000000005605572,79,1.534747420695664e-10
01051009080,010-5100-9080,original,1.0000000005605572,80,1.7348744390074312e-10
01051009080,010-5100-9080,original,1.0000000005605572,81,-2.60882506587804e-10
01051009080,010-5100-9080,original,1.0000000005605572,82,-5.846480398026447e-11
01051009080,010-5100-9080,original,1.0000000005605572,83,-1.760769053380396e-11
01051009080,010-5100-9080,original,1.0000000005605572,84,-3.884742293464414e-11
01051009080,010-5100-9080,original,1.0000000005605572,85,-4.816350734753804e-11
01051009080,010-5100-9080,original,1.0000000005605572,86,-1.9515665891686053e-10
01051009080,010-5100-9080,original,1.0000000005605572,87,-7.473772328759669e-11
01051009080,010-5100-9080,original,1.0000000005605572,88,2.010289956357034e-12
01051009080,010-5100-9080,original,1.0000000005605572,89,-3.5664281098430013e-10
01051009080,010-5100-9080,original,1.0000000005605572,90,5.2682477811186094e-11
01051009080,010-5100-9080,original,1.0000000005605572,91,-1.173246417266516e-10
01051009080,010-5100-9080,original,1.0000000005605572,92,-8.453834672438835e-11
01051009080,010-5100-9080,original,1.0000000005605572,93,-3.1991796486489225e-10
01051009080,010-5100-9080,original,1.0000000005605572,94,-1.2609319125734836e-10
01051009080,010-5100-9080,original,1.0000000005605572,95,-4.510435273384263e-11
01051009080,010-5100-9080,original,1.0000000005605572,96,-5.656594289261662e-10
01051009080,010-5100-9080,original,1.0000000005605572,97,3.1801419362956267e-10
01051009080,010-5100-9080,original,1.0000000005605572,98,3.399105693377793e-10
01051009080,010-5100-9080,original,1.0000000005605572,99,4.6709926560701543e-11
01051009080,010-5100-9080,original,1.0000000005605572,100,-2.0877426867887504e-10
01051009080,010-5100-9080,original,1.0000000005605572,101,-1.2298597805199045e-10
01051009080,010-5100-9080,original,1.0000000005605572,102,1.3458694597924105e-10
01051009080,010-5100-9080,original,1.0000000005605572,103,-1.6751424605992407e-10
01051009080,010-5100-9080,original,1.0000000005605572,104,-2.145579746878191e-10
01051009080,010-5100-9080,original,1.0000000005605572,105,1.0429012672651809e-10
01051009080,010-5100-9080,original,1.0000000005605572,106,9.80023288653594e-11
01051009080,010-5100-9080,original,1.0000000005605572,107,7.513124977884366e-11
01051009080,010-5100-9080,original,1.0000000005605572,108,2.4189511975153774e-11
01051009080,010-5100-9080,original,1.0000000005605572,109,1.0293266896052687e-11
01051009080,010-5100-9080,original,1.0000000005605572,110,2.2948709059159176e-11
01051009080,010-5100-9080,original,1.0000000005605572,111,8.796666867289931e-11
01051009080,010-5100-9080,original,1.0000000005605572,112,-2.4611301413432258e-11
01051009080,010-5100-9080,original,1.0000000005605572,113,1.3647906187340136e-11
01051009080,010-5100-9080,original,1.0000000005605572,114,-1.3996713332640557e-10
01051009080,010-5100-9080,original,1.0000000005605572,115,-4.1465847853134115e-11
01051009080,010-5100-9080,original,1.0000000005605572,116,1.0429291617849388e-10
01051009080,010-5100-9080,original,1.0000000005605572,117,-9.175378781387317e-11
01051009080,010-5100-9080,original,1.0000000005605572,118,1.0781619580083277e-10
01051009080,010-5100-9080,original,1.0000000005605572,119,9.208531280176523e-11
01051009080,010-5100-9080,original,1.0000000005605572,120,-4.651238268522168e-11
01051009080,010-5100-9080,original,1.0000000005605572,121,-1.0092648794576185e-11
01051009080,010-5100-9080,original,1.0000000005605572,122,2.456350607006983e-10
01051009080,010-5100-9080,original,1.0000000005605572,123,-1.288590188031486e-10
01051009080,010-5100-9080,original,1.0000000005605572,124,-1.0398847387154796e-10
01051009080,010-5100-9080,original,1.0000000005605572,125,1.9351935010410623e-10
01051009080,010-5100-9080,original,1.0000000005605572,126,-7.095948932783989e-11
01051009080,010-5100-9080,original,1.0000000005605572,127,2.3526010866331733e-10
01051009080,010-5100-9080,original,1.0000000005605572,128,4.263942517579841e-12
01051009080,010-5100-9080,original,1.0000000005605572,129,1.4877522963391747e-10
01051009080,010-5100-9080,original,1.0000000005605572,130,1.8055353407411402e-11
01051009080,010-5100-9080,original,1.0000000005605572,131,-2.2564706912728022e-10
01051009080,010-5100-9080,original,1.0000000005605572,132,1.44756935587416e-10
01051009080,010-5100-9080,original,1.0000000005605572,133,3.4279239409251243e-11
01051009080,010-5100-9080,original,1.0000000005605572,134,5.360845944711749e-11
01051009080,010-5100-9080,original,1.0000000005605572,135,3.239023592988491e-10
01051009080,010-5100-9080,original,1.0000000005605572,136,1.1639646328470488e-11
01051009080,010-5100-9080,original,1.0000000005605572,137,8.96866133442487e-11
01051009080,010-5100-9080,original,1.0000000005605572,138,7.77080321810812e-11
01051009080,010-5100-9080,original,1.0000000005605572,139,-1.6366350811417064e-10
01051009080,010-5100-9080,original,1.0000000005605572,140,3.0860741923077e-10
01051009080,010-5100-9080,original,1.0000000005605572,141,1.2379734987672572e-10
01051009080,010-5100-9080,original,1.0000000005605572,142,4.496619335540205e-11
01051009080,010-5100-9080,original,1.0000000005605572,143,-4.0654133821380924e-11
01051009080,010-5100-9080,original,1.0000000005605572,144,2.2194051512873586e-11
01051009080,010-5100-9080,original,1.0000000005605572,145,-9.72506177421137e-11
01051009080,010-5100-9080,original,1.0000000005605572,146,-3.628391173207838e-11
01051009080,010-5100-9080,original,1.0000000005605572,147,7.744702332432275e-11
01051009080,010-5100-9080,original,1.0000000005605572,148,-1.3334414946861187e-10
01051009080,010-5100-9080,original,1.0000000005605572,149,-1.426499900676621e-10
01051009080,010-5100-9080,original,1.0000000005605572,150,1.828514919530845e-10
01051009080,010-5100-9080,original,1.0000000005605572,151,-2.0931846814203475e-10
01051009080,010-5100-9080,original,1.0000000005605572,152,-1.0631419361178927e-10
01051009080,010-5100-9080,original,1.0000000005605572,153,2.83294498598618e-10
01051009080,010-5100-9080,original,1.0000000005605572,154,2.986908209690426e-11
01051009080,010-5100-9080,original,1.0000000005605572,155,1.559851000215087e-10
01051009080,010-5100-9080,original,1.0000000005605572,156,-1.6392047032779334e-10
01051009080,010-5100-9080,original,1.0000000005605572,157,-4.747162187759934e-12
01051009080,010-5100-9080,original,1.0000000005605572,158,-7.812320988994206e-12
01051009080,010-5100-9080,original,1.0000000005605572,159,-1.369114790407304e-10
01051009080,010-5100-9080,original,1.0000000005605572,160,-1.6074001686173535e-10
01051009080,010-5100-9080,original,1.0000000005605572,161,6.191454419347078e-11
01051009080,010-5100-9080,original,1.0000000005605572,162,-4.583754278831407e-11
01051009080,010-5100-9080,original,1.0000000005605572,163,6.979920977251291e-11
01051009080,010-5100-9080,original,1.0000000005605572,164,2.2474545520565586e-10
01051009080,010-5100-9080,original,1.0000000005605572,165,-1.5653207977241303e-10
01051009080,010-5100-9080,original,1.0000000005605572,166,3.2826960394597316e-11
01051009080,010-5100-9080,original,1.0000000005605572,167,-1.5225305693132552e-10
01051009080,010-5100-9080,original,1.0000000005605572,168,-3.631710596993156e-10
01051009080,010-5100-9080,original,1.0000000005605572,169,-6.723375539425682e-11
01051009080,010-5100-9080,original,1.0000000005605572,170,-2.8575292438484705e-10
01051009080,010-5100-9080,original,1.0000000005605572,171,-1.5587409517016976e-10
01051009080,010-5100-9080,original,1.0000000005605572,172,3.7226531384793756e-11
01051009080,010-5100-9080,original,1.0000000005605572,173,-9.639415230319772e-12
01051009080,010-5100-9080,original,1.0000000005605572,174,1.0849304095739957e-12
01051009080,010-5100-9080,original,1.0000000005605572,175,-1.905508634817267e-10
01051009080,010-5100-9080,original,1.0000000005605572,176,-1.1500900316201171e-11
01051009080,010-5100-9080,original,1.0000000005605572,177,1.836395623529712e-10
01051009080,010-5100-9080,original,1.0000000005605572,178,-6.275706325761394e-11
01051009080,010-5100-9080,original,1.0000000005605572,179,2.380858542049326e-10
01051009080,010-5100-9080,original,1.0000000005605572,180,-9.307687174052222e-11
01051009080,010-5100-9080,original,1.0000000005605572,181,0.9999997400562735
01051009080,010-5100-9080,original,1.0000000005605572,182,0.9999996336744598
01051009080,010-5100-9080,original,1.0000000005605572,183,0.9999996859654254
01051009080,010-5100-9080,original,1.0000000005605572,184,-1.2855717431617936e-11
01051009080,010-5100-9080,original,1.0000000005605572,185,-1.336991603404988e-11
01051009080,010-5100-9080,original,1.0000000005605572,186,7.335569293189582e-11
01051009080,010-5100-9080,original,1.0000000005605572,187,-2.1606587480538503e-12
01051009080,010-5100-9080,original,1.0000000005605572,188,-1.4232979461656056e-10
01051009080,010-5100-9080,original,1.0000000005605572,189,1.051612307724963e-10
01051009080,010-5100-9080,original,1.0000000005605572,190,1.35661409977715e-10
01051009080,010-5100-9080,original,1.0000000005605572,191,3.1582535871258526e-11
01051009080,010-5100-9080,original,1.0000000005605572,192,1.6162199045168536e-10
01051009080,010-5100-9080,original,1.0000000005605572,193,9.540491507140792e-11
01051009080,010-5100-9080,original,1.0000000005605572,194,-2.3478602066342425e-11
01051009080,010-5100-9080,original,1.0000000005605572,195,2.0113181063661952e-11
01051009080,010-5100-9080,original,1.0000000005605572,196,-7.865619238683646e-11
01051009080,010-5100-9080,original,1.0000000005605572,197,-2.999773620197465e-11
01051009080,010-5100-9080,original,1.0000000005605572,198,-2.476092657548697e-10
01051009080,010-5100-9080,original,1.0000000005605572,199,1.6478312149754256e-10
01051009080,010-5100-9080,original,1.0000000005605572,200,-2.4003523522459727e-11
01051009080,010-5100-9080,original,1.0000000005605572,201,-7.989464145300257e-11
01051009080,010-5100-9080,original,1.0000000005605572,202,-7.201090974571842e-10
01051009080,010-5100-9080,original,1.0000000005605572,203,6.214817727529145e-12
01051009081,010-5100-9081,"one digit, last group",2.3839389416097563e-10,0,-4.989561064107874e-11
01051009081,010-5100-9081,"one digit, last group",2.3839389416097563e-10,1,-2.955655485099909e-10
01051009081,010-5100-9081,"one digit, last group",2.3839389416097563e-10,2,1.9737628856849936e-10
01051009081,010-5100-9081,"one digit, last group",2.3839389416097563e-10,3,-2.2323977433325474e-12
01051009081,010-5100-9081,"one digit, last group",2.3839389416097563e-10,4,1.1977928513430838e-10
01051009081,010-5100-9081,"one digit, last group",2.3839389416097563e-10,5,3.4429785466192136e-10
01051009081,010-5100-9081,"one digit, last group",2.3839389416097563e-10,6,-7.042329336285868e-11
01051009081,010-5100-9081,"one digit, last group",2.3839389416097563e-10,7,2.340710898941823e-10
01051009081,010-5100-9081,"one digit, last group",2.3839389416097563e-10,8,2.713374297655838e-10
01051009081,010-5100-9081,"one digit, last group",2.3839389416097563e-10,9,-3.7596639087548844e-12
01051009081,010-5100-9081,"one digit, last group",2.3839389416097563e-10,10,-2.79786376801251e-11
01051009081,010-5100-9081,"one digit, last group",2.3839389416097563e-10,11,-1.1560595552088602e-10
01051009081,010-5100-9081,"one digit, last group",2.3839389416097563e-10,12,7.082225214535391e-11
01051009081,010-5100-9081,"one digit, last group",2.3839389416097563e-10,13,4.0264187123543123e-10
01051009081,010-5100-9081,"one digit, last group",2.3839389416097563e-10,14,-5.0249552194102145e-11
01051009081,010-5100-9081,"one digit, last group",2.3839389416097563e-10,15,1.007933038874229e-10
01051009081,010-5100-9081,"one digit, last group",2.3839389416097563e-10,16,2.3223021457912266e-11
01051009081,010-5100-9081,"one digit, last group",2.3839389416097563e-10,17,1.3796386771182288e-10
01051009081,010-5100-9081,"one digit, last group",2.3839389416097563e-10,18,-1.8540323721854337e-10
01051009081,010-5100-9081,"one digit, last group",2.3839389416097563e-10,19,3.7034556359517975e-11
01051009081,010-5100-9081,"one digit, last group",2.3839389416097563e-10,20,3.022256872459938e-11
01051009081,010-5100-9081,"one digit, last group",2.3839389416097563e-10,21,1.9751464397152802e-10
01051009081,010-5100-9081,"one digit, last group",2.3839389416097563e-10,22,-6.641108554910531e-11
01051009081,010-5100-9081,"one digit, last group",2.3839389416097563e-10,23,1.3044586894009456e-10
01051009081,010-5100-9081,"one digit, last group",2.3839389416097563e-10,24,8.964804309565112e-11
01051009081,010-5100-9081,"one digit, last group",2.3839389416097563e-10,25,-4.576242908182313e-11
01051009081,010-5100-9081,"one digit, last group",2.3839389416097563e-10,26,-1.7953596354973758e-10
01051009081,010-5100-9081,"one digit, last group",2.3839389416097563e-10,27,3.1228251173622597e-12
01051009081,010-5100-9081,"one digit, last group",2.3839389416097563e-10,28,-1.3454707296306346e-10
01051009081,010-5100-9081,"one digit, last group",2.3839389416097563e-10,29,-1.8270143058267033e-11
01051009081,010-5100-9081,"one digit, last group",2.3839389416097563e-10,30,-1.8097220098510847e-10
01051009081,010-5100-9081,"one digit, last group",2.3839389416097563e-10,31,-1.5953927393636663e-10
01051009081,010-5100-9081,"one digit, last group",2.3839389416097563e-10,32,-1.0460835955304845e-10
01051009081,010-5100-9081,"one digit, last group",2.3839389416097563e-10,33,1.9927104140115005e-10
01051009081,010-5100-9081,"one digit, last group",2.3839389416097563e-10,34,1.6177415038007244e-10
01051009081,010-5100-9081,"one digit, last group",2.3839389416097563e-10,35,3.777246202227202e-12
01051009081,010-5100-9081,"one digit, last group",2.3839389416097563e-10,36,2.8049683179471698e-11
01051009081,010-5100-9081,"one digit, last group",2.3839389416097563e-10,37,8.47871385497665e-11
01051009081,010-5100-9081,"one digit, last group",2.3839389416097563e-10,38,-2.8179640583014408e-11
01051009081,010-5100-9081,"one digit, last group",2.3839389416097563e-10,39,2.335849484047003e-11
01051009081,010-5100-9081,"one digit, last group",2.3839389416097563e-10,40,-3.082490815440402e-10
01051009081,010-5100-9081,"one digit, last group",2.3839389416097563e-10,41,1.6654515428250978e-10
01051009081,010-5100-9081,"one digit, last group",2.3839389416097563e-10,42,3.9771053175772626e-11
01051009081,010-5100-9081,"one digit, last group",2.3839389416097563e-10,43,2.489965918334031e-11
01051009081,010-5100-9081,"one digit, last group",2.3839389416097563e-10,44,-3.254340632255466e-11
01051009081,010-5100-9081,"one digit, last group",2.3839389416097563e-10,45,-9.029573779787136e-11
01051009081,010-5100-9081,"one digit, last group",2.3839389416097563e-10,46,-4.5068763419637645e-11
01051009081,010-5100-9081,"one digit, last group",2.3839389416097563e-10,47,-1.876567872133615e-10
01051009081,010-5100-9081,"one digit, last group",2.3839389416097563e-10,48,-9.345792686646273e-11
01051009081,010-5100-9081,"one digit, last group",2.3839389416097563e-10,49,-2.231207217313997e-11
01051009081,010-5100-9081,"one digit, last group",2.3839389416097563e-10,50,-8.164287711313563e-11
01051009081,010-5100-9081,"one digit, last group",2.3839389416097563e-10,51,-1.2103947004878927e-11
01051009081,010-5100-9081,"one digit, last group",2.3839389416097563e-10,52,4.41720412569604e-11
01051009081,010-5100-9081,"one digit, last group",2.3839389416097563e-10,53,-7.986948985219967e-11
01051009081,010-5100-9081,"one digit, last group",2.3839389416097563e-10,54,-6.016347997597278e-11
01051009081,010-5100-9081,"one digit, last group",2.3839389416097563e-10,55,2.2223646462507648e-12
01051009081,010-5100-9081,"one digit, last group",2.3839389416097563e-10,56,4.624278845976308e-12
01051009081,010-5100-9081,"one digit, last group",2.3839389416097563e-10,57,4.6608595956108244e-11
01051009081,010-5100-9081,"one digit, last group",2.3839389416097563e-10,58,-2.376713079719522e-11
01051009081,010-5100-9081,"one digit, last group",2.3839389416097563e-10,59,-1.6534161523995287e-10
01051009081,010-5100-9081,"one digit, last group",2.3839389416097563e-10,60,1.6089202068732914e-10
01051009081,010-5100-9081,"one digit, last group",2.3839389416097563e-10,61,8.707197247196876e-12
01051009081,010-5100-9081,"one digit, last group",2.3839389416097563e-10,62,1.606303588286031e-10
01051009081,010-5100-9081,"one digit, last group",2.3839389416097563e-10,63,6.532257610224285e-11
01051009081,010-5100-9081,"one digit, last group",2.3839389416097563e-10,64,-1.119667545187151e-10
01051009081,010-5100-9081,"one digit, last group",2.3839389416097563e-10,65,8.040878415187647e-11
01051009081,010-5100-9081,"one digit, last group",2.3839389416097563e-10,66,-3.977737801792279e-10
01051009081,010-5100-9081,"one digit, last group",2.3839389416097563e-10,67,2.845520404227709e-11
01051009081,010-5100-9081,"one digit, last group",2.3839389416097563e-10,68,1.143891162984109e-11
01051009081,010-5100-9081,"one digit, last group",2.3839389416097563e-10,69,-1.1829225750083665e-10
01051009081,010-5100-9081,"one digit, last group",2.3839389416097563e-10,70,-3.2975738565662415e-12
01051009081,010-5100-9081,"one digit, last group",2.3839389416097563e-10,71,-1.2758544761775863e-10
01051009081,010-5100-9081,"one digit, last group",2.3839389416097563e-10,72,-3.548153999799104e-11
01051009081,010-5100-9081,"one digit, last group",2.3839389416097563e-10,73,-1.5158935816364956e-11
01051009081,010-5100-9081,"one digit, last group",2.3839389416097563e-10,74,-9.120392831741192e-11
01051009081,010-5100-9081,"one digit, last group",2.3839389416097563e-10,75,1.9320116548516318e-11
01051009081,010-5100-9081,"one digit, last group",2.3839389416097563e-10,76,1.854151429438235e-11
01051009081,010-5100-9081,"one digit, last group",2.3839389416097563e-10,77,-4.07648335236558e-11
01051009081,010-5100-9081,"one digit, last group",2.3839389416097563e-10,78,-3.3768119535283874e-11
01051009081,010-5100-9081,"one digit, last group",2.3839389416097563e-10,79,8.705820530610393e-12
01051009081,010-5100-9081,"one digit, last group",2.3839389416097563e-10,80,-2.3032411091204675e-11
01051009081,010-5100-9081,"one digit, last group",2.3839389416097563e-10,81,-2.640599195730028e-10
01051009081,010-5100-9081,"one digit, last group",2.3839389416097563e-10,82,3.1061613282021e-10
01051009081,010-5100-9081,"one digit, last group",2.3839389416097563e-10,83,1.0479567219552205e-12
01051009081,010-5100-9081,"one digit, last group",2.3839389416097563e-10,84,-1.4466809462308623e-11
01051009081,010-5100-9081,"one digit, last group",2.3839389416097563e-10,85,-3.7764766208995427e-13
01051009081,010-5100-9081,"one digit, last group",2.3839389416097563e-10,86,5.770827196277881e-10
01051009081,010-5100-9081,"one digit, last group",2.3839389416097563e-10,87,-1.636659193307587e-10
01051009081,010-5100-9081,"one digit, last group",2.3839389416097563e-10,88,6.330048604809366e-11
01051009081,010-5100-9081,"one digit, last group",2.3839389416097563e-10,89,1.0338100900832673e-11
01051009081,010-5100-9081,"one digit, last group",2.3839389416097563e-10,90,-1.1746718487076286e-11
01051009081,010-5100-9081,"one digit, last group",2.3839389416097563e-10,91,3.3838732314497063e-10
01051009081,010-5100-9081,"one digit, last group",2.3839389416097563e-10,92,-9.520932733417035e-11
01051009081,010-5100-9081,"one digit, last group",2.3839389416097563e-10,93,6.201324509434092e-12
01051009081,010-5100-9081,"one digit, last group",2.3839389416097563e-10,94,7.884284742979982e-11
01051009081,010-5100-9081,"one digit, last group",2.3839389416097563e-10,95,-2.8178405334770084e-10
01051009081,010-5100-9081,"one digit, last group",2.3839389416097563e-10,96,-2.4986588420987657e-11
01051009081,010-5100-9081,"one digit, last group",2.3839389416097563e-10,97,-4.5391599771955266e-11
01051009081,010-5100-9081,"one digit, last group",2.3839389416097563e-10,98,-1.9954125547144244e-10
01051009081,010-5100-9081,"one digit, last group",2.3839389416097563e-10,99,-3.320196238598041e-11
01051009081,010-5100-9081,"one digit, last group",2.3839389416097563e-10,100,8.779731985537494e-11
01051009081,010-5100-9081,"one digit, last group",2.3839389416097563e-10,101,1.5693656546156795e-10
01051009081,010-5100-9081,"one digit, last group",2.3839389416097563e-10,102,2.3219099782154082e-10
01051009081,010-5100-9081,"one digit, last group",2.3839389416097563e-10,103,-6.162235170804157e-11
01051009081,010-5100-9081,"one digit, last group",2.3839389416097563e-10,104,-6.086514007499306e-12
01051009081,010-5100-9081,"one digit, last group",2.3839389416097563e-10,105,4.324034738214087e-11
01051009081,010-5100-9081,"one digit, last group",2.3839389416097563e-10,106,-2.530354727467635e-12
01051009081,010-5100-9081,"one digit, last group",2.3839389416097563e-10,107,9.43978091603106e-11
01051009081,010-5100-9081,"one digit, last group",2.3839389416097563e-10,108,-8.671084474854314e-13
01051009081,010-5100-9081,"one digit, last group",2.3839389416097563e-10,109,1.1813244112338918e-10
01051009081,010-5100-9081,"one digit, last group",2.3839389416097563e-10,110,7.270250963578675e-11
01051009081,010-5100-9081,"one digit, last group",2.3839389416097563e-10,111,-1.0792920946470385e-10
01051009081,010-5100-9081,"one digit, last group",2.3839389416097563e-10,112,-1.1640591083795846e-10
01051009081,010-5100-9081,"one digit, last group",2.3839389416097563e-10,113,-4.831515826338271e-12
01051009081,010-5100-9081,"one digit, last group",2.3839389416097563e-10,114,-3.989486454128251e-11
01051009081,010-5100-9081,"one digit, last group",2.3839389416097563e-10,115,2.0524419626551725e-11
01051009081,010-5100-9081,"one digit, last group",2.3839389416097563e-10,116,4.397731347485361e-11
01051009081,010-5100-9081,"one digit, last group",2.3839389416097563e-10,117,-1.6030836623477716e-10
01051009081,010-5100-9081,"one digit, last group",2.3839389416097563e-10,118,4.827648395508747e-10
01051009081,010-5100-9081,"one digit, last group",2.3839389416097563e-10,119,-8.438094016224672e-11
01051009081,010-5100-9081,"one digit, last group",2.3839389416097563e-10,120,8.51530163016673e-12
01051009081,010-5100-9081,"one digit, last group",2.3839389416097563e-10,121,1.667842772889144e-10
01051009081,010-5100-9081,"one digit, last group",2.3839389416097563e-10,122,1.0561154862864726e-10
01051009081,010-5100-9081,"one digit, last group",2.3839389416097563e-10,123,-4.5709793164878325e-11
01051009081,010-5100-9081,"one digit, last group",2.3839389416097563e-10,124,-7.331316899966714e-11
01051009081,010-5100-9081,"one digit, last group",2.3839389416097563e-10,125,-6.917248891969645e-11
01051009081,010-5100-9081,"one digit, last group",2.3839389416097563e-10,126,1.3747569366967693e-10
01051009081,010-5100-9081,"one digit, last group",2.3839389416097563e-10,127,1.3379537383175573e-10
01051009081,010-5100-9081,"one digit, last group",2.3839389416097563e-10,128,-2.4788233895240466e-10
01051009081,010-5100-9081,"one digit, last group",2.3839389416097563e-10,129,-7.0664826422371926e-12
01051009081,010-5100-9081,"one digit, last group",2.3839389416097563e-10,130,-1.2455300760409347e-10
01051009081,010-5100-9081,"one digit, last group",2.3839389416097563e-10,131,-3.605512608637944e-10
01051009081,010-5100-9081,"one digit, last group",2.3839389416097563e-10,132,4.127600468211597e-11
01051009081,010-5100-9081,"one digit, last group",2.3839389416097563e-10,133,-1.1143222001089221e-11
01051009081,010-5100-9081,"one digit, last group",2.3839389416097563e-10,134,1.9218155257272462e-10
01051009081,010-5100-9081,"one digit, last group",2.3839389416097563e-10,135,-7.480140984877504e-11
01051009081,010-5100-9081,"one digit, last group",2.3839389416097563e-10,136,-2.5481059921539415e-11
01051009081,010-5100-9081,"one digit, last group",2.3839389416097563e-10,137,-7.669645758773431e-11
01051009081,010-5100-9081,"one digit, last group",2.3839389416097563e-10,138,2.0163585450866966e-10
01051009081,010-5100-9081,"one digit, last group",2.3839389416097563e-10,139,7.576116481803062e-11
01051009081,010-5100-9081,"one digit, last group",2.3839389416097563e-10,140,2.5934654188806123e-11
01051009081,010-5100-9081,"one digit, last group",2.3839389416097563e-10,141,4.109316233746648e-11
01051009081,010-5100-9081,"one digit, last group",2.3839389416097563e-10,142,-5.564426149815829e-11
01051009081,010-5100-9081,"one digit, last group",2.3839389416097563e-10,143,1.329444943296009e-10
01051009081,010-5100-9081,"one digit, last group",2.3839389416097563e-10,144,1.1063934452397562e-10
01051009081,010-5100-9081,"one digit, last group",2.3839389416097563e-10,145,1.7374722172394727e-11
01051009081,010-5100-9081,"one digit, last group",2.3839389416097563e-10,146,4.5665747754789594e-11
01051009081,010-5100-9081,"one digit, last group",2.3839389416097563e-10,147,4.1793135283797344e-10
01051009081,010-5100-9081,"one digit, last group",2.3839389416097563e-10,148,-6.504935847363465e-11
01051009081,010-5100-9081,"one digit, last group",2.3839389416097563e-10,149,1.7412810216841596e-11
01051009081,010-5100-9081,"one digit, last group",2.3839389416097563e-10,150,3.12520750603172e-11
01051009081,010-5100-9081,"one digit, last group",2.3839389416097563e-10,151,-6.938657271100055e-11
01051009081,010-5100-9081,"one digit, last group",2.3839389416097563e-10,152,2.1445730721013063e-10
01051009081,010-5100-9081,"one digit, last group",2.3839389416097563e-10,153,1.9500731136487065e-10
01051009081,010-5100-9081,"one digit, last group",2.3839389416097563e-10,154,-1.2163264604690304e-11
01051009081,010-5100-9081,"one digit, last group",2.3839389416097563e-10,155,2.4479154590661693e-10
01051009081,010-5100-9081,"one digit, last group",2.3839389416097563e-10,156,7.55305438178159e-11
01051009081,010-5100-9081,"one digit, last group",2.3839389416097563e-10,157,2.2583194308430457e-11
01051009081,010-5100-9081,"one digit, last group",2.3839389416097563e-10,158,5.559650252945544e-11
01051009081,010-5100-9081,"one digit, last group",2.3839389416097563e-10,159,1.0103830567031513e-10
01051009081,010-5100-9081,"one digit, last group",2.3839389416097563e-10,160,-2.637149069464041e-10
01051009081,010-5100-9081,"one digit, last group",2.3839389416097563e-10,161,-6.786425875263352e-11
01051009081,010-5100-9081,"one digit, last group",2.3839389416097563e-10,162,3.739349374793736e-11
01051009081,010-5100-9081,"one digit, last group",2.3839389416097563e-10,163,4.052506209041152e-11
01051009081,010-5100-9081,"one digit, last group",2.3839389416097563e-10,164,-3.020798664687184e-10
01051009081,010-5100-9081,"one digit, last group",2.3839389416097563e-10,165,1.42496560113607e-12
01051009081,010-5100-9081,"one digit, last group",2.3839389416097563e-10,166,-1.24549460619945e-10
01051009081,010-5100-9081,"one digit, last group",2.3839389416097563e-10,167,4.144310977898313e-10
01051009081,010-5100-9081,"one digit, last group",2.3839389416097563e-10,168,2.1407542048387415e-10
01051009081,010-5100-9081,"one digit, last group",2.3839389416097563e-10,169,9.197688810507535e-12
01051009081,010-5100-9081,"one digit, last group",2.3839389416097563e-10,170,7.897610627061757e-11
01051009081,010-5100-9081,"one digit, last group",2.3839389416097563e-10,171,-7.475924380122562e-11
01051009081,010-5100-9081,"one digit, last group",2.3839389416097563e-10,172,-8.568772081994144e-12
01051009081,010-5100-9081,"one digit, last group",2.3839389416097563e-10,173,-2.2754476046599476e-11
01051009081,010-5100-9081,"one digit, last group",2.3839389416097563e-10,174,5.320044346801044e-11
01051009081,010-5100-9081,"one digit, last group",2.3839389416097563e-10,175,-7.757389621546752e-11
01051009081,010-5100-9081,"one digit, last group",2.3839389416097563e-10,176,-3.867549195557922e-11
01051009081,010-5100-9081,"one digit, last group",2.3839389416097563e-10,177,3.106485126864607e-10
01051009081,010-5100-9081,"one digit, last group",2.3839389416097563e-10,178,-3.757297495809256e-11
01051009081,010-5100-9081,"one digit, last group",2.3839389416097563e-10,179,-3.59865049555699e-10
01051009081,010-5100-9081,"one digit, last group",2.3839389416097563e-10,180,9.158650171682948e-11
01051009081,010-5100-9081,"one digit, last group",2.3839389416097563e-10,181,-3.655562696232792e-09
01051009081,010-5100-9081,"one digit, last group",2.3839389416097563e-10,182,-1.8784069944215607e-09
01051009081,010-5100-9081,"one digit, last group",2.3839389416097563e-10,183,6.786335816169006e-10
01051009081,010-5100-9081,"one digit, last group",2.3839389416097563e-10,184,-4.022054360924399e-11
01051009081,010-5100-9081,"one digit, last group",2.3839389416097563e-10,185,9.267450087404889e-11
01051009081,010-5100-9081,"one digit, last group",2.3839389416097563e-10,186,5.298624739227204e-11
01051009081,010-5100-9081,"one digit, last group",2.3839389416097563e-10,187,1.8064661410980436e-10
01051009081,010-5100-9081,"one digit, last group",2.3839389416097563e-10,188,-9.900566520118581e-11
01051009081,010-5100-9081,"one digit, last group",2.3839389416097563e-10,189,-1.829601771287307e-10
01051009081,010-5100-9081,"one digit, last group",2.3839389416097563e-10,190,1.6980917764799007e-10
01051009081,010-5100-9081,"one digit, last group",2.3839389416097563e-10,191,-1.7239662616650618e-11
01051009081,010-5100-9081,"one digit, last group",2.3839389416097563e-10,192,5.0271606121443305e-11
01051009081,010-5100-9081,"one digit, last group",2.3839389416097563e-10,193,2.5408994578540893e-10
01051009081,010-5100-9081,"one digit, last group",2.3839389416097563e-10,194,4.6850266335515103e-11
01051009081,010-5100-9081,"one digit, last group",2.3839389416097563e-10,195,-1.1072212670409831e-11
01051009081,010-5100-9081,"one digit, last group",2.3839389416097563e-10,196,1.2498499713998473e-11
01051009081,010-5100-9081,"one digit, last group",2.3839389416097563e-10,197,3.1430349443762833e-10
01051009081,010-5100-9081,"one digit, last group",2.3839389416097563e-10,198,2.2002218844717066e-10
01051009081,010-5100-9081,"one digit, last group",2.3839389416097563e-10,199,-3.277759663253533e-11
01051009081,010-5100-9081,"one digit, last group",2.3839389416097563e-10,200,-1.3886171069340102e-10
01051009081,010-5100-9081,"one digit, last group",2.3839389416097563e-10,201,-7.630319616323098e-11
01051009081,010-5100-9081,"one digit, last group",2.3839389416097563e-10,202,3.066531121019389e-10
01051009081,010-5100-9081,"one digit, last group",2.3839389416097563e-10,203,2.7471587496193588e-11
01052001582,010-5200-1582,original,1.0000000002924803,0,-2.472065822295847e-10
01052001582,010-5200-1582,original,1.0000000002924803,1,-1.3689720065338133e-10
01052001582,010-5200-1582,original,1.0000000002924803,2,2.3697096427333705e-10
01052001582,010-5200-1582,original,1.0000000002924803,3,-5.759373858083895e-11
01052001582,010-5200-1582,original,1.0000000002924803,4,6.852240321964703e-11
01052001582,010-5200-1582,original,1.0000000002924803,5,1.5218665002190456e-10
01052001582,010-5200-1582,original,1.0000000002924803,6,-1.4429845976465623e-12
01052001582,010-5200-1582,original,1.0000000002924803,7,5.564464841415007e-11
01052001582,010-5200-1582,original,1.0000000002924803,8,-1.6066387868713161e-10
01052001582,010-5200-1582,original,1.0000000002924803,9,-1.1903660006451077e-11
01052001582,010-5200-1582,original,1.0000000002924803,10,-6.29701941116186e-11
01052001582,010-5200-1582,original,1.0000000002924803,11,9.002764105086233e-11
01052001582,010-5200-1582,original,1.0000000002924803,12,-2.15040782594685e-10
01052001582,010-5200-1582,original,1.0000000002924803,13,-1.388170923637312e-10
01052001582,010-5200-1582,original,1.0000000002924803,14,-1.0120731890379604e-10
01052001582,010-5200-1582,original,1.0000000002924803,15,8.241338754796855e-11
01052001582,010-5200-1582,original,1.0000000002924803,16,9.448982043510459e-11
01052001582,010-5200-1582,original,1.0000000002924803,17,4.365823324215262e-10
01052001582,010-5200-1582,original,1.0000000002924803,18,-1.4818223073912481e-10
01052001582,010-5200-1582,original,1.0000000002924803,19,-4.73077487413636e-11
01052001582,010-5200-1582,original,1.0000000002924803,20,-2.9955186072646723e-12
01052001582,010-5200-1582,original,1.0000000002924803,21,8.775929483545692e-11
01052001582,010-5200-1582,original,1.0000000002924803,22,-1.1273119906522537e-10
01052001582,010-5200-1582,original,1.0000000002924803,23,-4.180833554112421e-11
01052001582,010-5200-1582,original,1.0000000002924803,24,1.0059187473463008e-10
01052001582,010-5200-1582,original,1.0000000002924803,25,-8.536814540885327e-11
01052001582,010-5200-1582,original,1.0000000002924803,26,2.8194854794973204e-10
01052001582,010-5200-1582,original,1.0000000002924803,27,-2.4087147435962458e-11
01052001582,010-5200-1582,original,1.0000000002924803,28,1.9249928626908467e-10
01052001582,010-5200-1582,original,1.0000000002924803,29,-3.861789601753279e-11
01052001582,010-5200-1582,original,1.0000000002924803,30,4.7057043323896847e-11
01052001582,010-5200-1582,original,1.0000000002924803,31,9.901266593143027e-11
01052001582,010-5200-1582,original,1.0000000002924803,32,5.3771890559205764e-11
01052001582,010-5200-1582,original,1.0000000002924803,33,-3.5327273693714806e-10
01052001582,010-5200-1582,original,1.0000000002924803,34,7.353808855544061e-11
01052001582,010-5200-1582,original,1.0000000002924803,35,-6.29391300631806e-11
01052001582,010-5200-1582,original,1.0000000002924803,36,-6.04942807624262e-11
01052001582,010-5200-1582,original,1.0000000002924803,37,-4.330354865268324e-11
01052001582,010-5200-1582,original,1.0000000002924803,38,7.22778160116911e-11
01052001582,010-5200-1582,original,1.0000000002924803,39,1.25667005982551e-10
01052001582,010-5200-1582,original,1.0000000002924803,40,5.154366500043245e-11
01052001582,010-5200-1582,original,1.0000000002924803,41,-3.603518888944631e-11
01052001582,010-5200-1582,original,1.0000000002924803,42,1.1697877412711594e-10
01052001582,010-5200-1582,original,1.0000000002924803,43,-1.928047904028518e-11
01052001582,010-5200-1582,original,1.0000000002924803,44,8.601652877603703e-12
01052001582,010-5200-1582,original,1.0000000002924803,45,-4.3843470074185197e-10
01052001582,010-5200-1582,original,1.0000000002924803,46,4.6942589446529475e-11
01052001582,010-5200-1582,original,1.0000000002924803,47,-4.773269181439922e-11
01052001582,010-5200-1582,original,1.0000000002924803,48,2.9560643973193944e-10
01052001582,010-5200-1582,original,1.0000000002924803,49,1.6514751957636202e-10
01052001582,010-5200-1582,original,1.0000000002924803,50,-1.6877944432952702e-10
01052001582,010-5200-1582,original,1.0000000002924803,51,-4.8130718491529235e-11
01052001582,010-5200-1582,original,1.0000000002924803,52,1.3501230336897834e-10
01052001582,010-5200-1582,original,1.0000000002924803,53,-4.293462441239214e-11
01052001582,010-5200-1582,original,1.0000000002924803,54,3.8295651676198466e-11
01052001582,010-5200-1582,original,1.0000000002924803,55,4.561566043555699e-11
01052001582,010-5200-1582,original,1.0000000002924803,56,4.4213369995515517e-10
01052001582,010-5200-1582,original,1.0000000002924803,57,2.9940602984857097e-11
01052001582,010-5200-1582,original,1.0000000002924803,58,9.542250836405815e-12
01052001582,010-5200-1582,original,1.0000000002924803,59,-6.072695109303749e-11
01052001582,010-5200-1582,original,1.0000000002924803,60,-1.0128112211454663e-10
01052001582,010-5200-1582,original,1.0000000002924803,61,3.2610543582104718e-12
01052001582,010-5200-1582,original,1.0000000002924803,62,4.039348807513716e-10
01052001582,010-5200-1582,original,1.0000000002924803,63,4.4415292868753854e-11
01052001582,010-5200-1582,original,1.0000000002924803,64,1.003075922173256e-10
01052001582,010-5200-1582,original,1.0000000002924803,65,-5.8702018779942186e-12
01052001582,010-5200-1582,original,1.0000000002924803,66,-2.608050990688923e-10
01052001582,010-5200-1582,original,1.0000000002924803,67,-6.424476246849156e-11
01052001582,010-5200-1582,original,1.0000000002924803,68,7.640748056178989e-11
01052001582,010-5200-1582,original,1.0000000002924803,69,4.353956543053642e-12
01052001582,010-5200-1582,original,1.0000000002924803,70,1.6591725025848048e-12
01052001582,010-5200-1582,original,1.0000000002924803,71,-2.69663043513578e-10
01052001582,010-5200-1582,original,1.0000000002924803,72,1.1283372849322525e-12
01052001582,010-5200-1582,original,1.0000000002924803,73,1.874816101350122e-10
01052001582,010-5200-1582,original,1.0000000002924803,74,-7.247212754125876e-11
01052001582,010-5200-1582,original,1.0000000002924803,75,4.224685098658625e-11
01052001582,010-5200-1582,original,1.0000000002924803,76,-1.5254178202046448e-10
01052001582,010-5200-1582,original,1.0000000002924803,77,-7.40715080614281e-11
01052001582,010-5200-1582,original,1.0000000002924803,78,1.4119477736140427e-10
01052001582,010-5200-1582,original,1.0000000002924803,79,1.3269914891133767e-10
01052001582,010-5200-1582,original,1.0000000002924803,80,9.58065258306843e-12
01052001582,010-5200-1582,original,1.0000000002924803,81,1.5463118127739646e-10
01052001582,010-5200-1582,original,1.0000000002924803,82,3.3076681985934976e-10
01052001582,010-5200-1582,original,1.0000000002924803,83,1.2281659779563201e-11
01052001582,010-5200-1582,original,1.0000000002924803,84,-1.1669079830261823e-12
01052001582,010-5200-1582,original,1.0000000002924803,85,-4.1466547698513564e-11
01052001582,010-5200-1582,original,1.0000000002924803,86,6.198584033124237e-10
01052001582,010-5200-1582,original,1.0000000002924803,87,4.087052841386827e-11
01052001582,010-5200-1582,original,1.0000000002924803,88,1.2513019116033293e-10
01052001582,010-5200-1582,original,1.0000000002924803,89,1.4887880662788517e-10
01052001582,010-5200-1582,original,1.0000000002924803,90,7.356235683433083e-11
01052001582,010-5200-1582,original,1.0000000002924803,91,4.317616680463783e-11
01052001582,010-5200-1582,original,1.0000000002924803,92,2.920492966510277e-10
01052001582,010-5200-1582,original,1.0000000002924803,93,-2.0013226877040917e-10
01052001582,010-5200-1582,original,1.0000000002924803,94,-1.335848377357867e-10
01052001582,010-5200-1582,original,1.0000000002924803,95,1.4979667937821902e-10
01052001582,010-5200-1582,original,1.0000000002924803,96,1.2210823558272923e-10
01052001582,010-5200-1582,original,1.0000000002924803,97,-3.293309550888037e-10
01052001582,010-5200-1582,original,1.0000000002924803,98,-8.646487341879218e-11
01052001582,010-5200-1582,original,1.0000000002924803,99,-9.261422709872796e-12
01052001582,010-5200-1582,original,1.0000000002924803,100,-6.399816516249193e-11
01052001582,010-5200-1582,original,1.0000000002924803,101,3.986838272070422e-12
01052001582,010-5200-1582,original,1.0000000002924803,102,1.3286197050256695e-10
01052001582,010-5200-1582,original,1.0000000002924803,103,-5.101145814482019e-10
01052001582,010-5200-1582,original,1.0000000002924803,104,1.2143498429901196e-10
01052001582,010-5200-1582,original,1.0000000002924803,105,-4.106628168559761e-11
01052001582,010-5200-1582,original,1.0000000002924803,106,-5.899213804129602e-11
01052001582,010-5200-1582,original,1.0000000002924803,107,1.447300901488837e-10
01052001582,010-5200-1582,original,1.0000000002924803,108,2.752344177608046e-12
01052001582,010-5200-1582,original,1.0000000002924803,109,-3.014360676943263e-10
01052001582,010-5200-1582,original,1.0000000002924803,110,-2.1813776197313865e-10
01052001582,010-5200-1582,original,1.0000000002924803,111,1.1439520783137813e-10
01052001582,010-5200-1582,original,1.0000000002924803,112,-1.8521094925726302e-10
01052001582,010-5200-1582,original,1.0000000002924803,113,-1.5768446727271465e-11
01052001582,010-5200-1582,original,1.0000000002924803,114,1.8688350890873603e-10
01052001582,010-5200-1582,original,1.0000000002924803,115,-3.57914355578483e-11
01052001582,010-5200-1582,original,1.0000000002924803,116,-4.8451672370707706e-11
01052001582,010-5200-1582,original,1.0000000002924803,117,1.1383064915488394e-10
01052001582,010-5200-1582,original,1.0000000002924803,118,8.597015723437322e-11
01052001582,010-5200-1582,original,1.0000000002924803,119,3.313483900133623e-10
01052001582,010-5200-1582,original,1.0000000002924803,120,2.8131186536819264e-13
01052001582,010-5200-1582,original,1.0000000002924803,121,2.407379130779456e-10
01052001582,010-5200-1582,original,1.0000000002924803,122,-3.648342003964451e-10
01052001582,010-5200-1582,original,1.0000000002924803,123,3.9872031187141306e-11
01052001582,010-5200-1582,original,1.0000000002924803,124,-3.5433230446303223e-10
01052001582,010-5200-1582,original,1.0000000002924803,125,-3.1170710761428533e-10
01052001582,010-5200-1582,original,1.0000000002924803,126,1.3240437701101062e-10
01052001582,010-5200-1582,original,1.0000000002924803,127,2.385166508416138e-10
01052001582,010-5200-1582,original,1.0000000002924803,128,4.297598115343194e-11
01052001582,010-5200-1582,original,1.0000000002924803,129,-3.406699812386115e-11
01052001582,010-5200-1582,original,1.0000000002924803,130,7.298122478396921e-11
01052001582,010-5200-1582,original,1.0000000002924803,131,4.160437336945043e-10
01052001582,010-5200-1582,original,1.0000000002924803,132,4.395093777704629e-11
01052001582,010-5200-1582,original,1.0000000002924803,133,-8.795710350974166e-11
01052001582,010-5200-1582,original,1.0000000002924803,134,6.00901403559153e-11
01052001582,010-5200-1582,original,1.0000000002924803,135,1.0518302937883138e-10
01052001582,010-5200-1582,original,1.0000000002924803,136,8.842222685627914e-12
01052001582,010-5200-1582,original,1.0000000002924803,137,-2.88121653295803e-10
01052001582,010-5200-1582,original,1.0000000002924803,138,-1.039076072336873e-10
01052001582,010-5200-1582,original,1.0000000002924803,139,1.3682325800257207e-10
01052001582,010-5200-1582,original,1.0000000002924803,140,-1.3333279693976972e-10
01052001582,010-5200-1582,original,1.0000000002924803,141,-2.072604718507527e-10
01052001582,010-5200-1582,original,1.0000000002924803,142,-3.3380784936755176e-10
01052001582,010-5200-1582,original,1.0000000002924803,143,-1.6645566277698399e-10
01052001582,010-5200-1582,original,1.0000000002924803,144,2.0710533028379928e-10
01052001582,010-5200-1582,original,1.0000000002924803,145,1.420385411505233e-10
01052001582,010-5200-1582,original,1.0000000002924803,146,1.4040044036352504e-11
01052001582,010-5200-1582,original,1.0000000002924803,147,2.4313255770536344e-10
01052001582,010-5200-1582,original,1.0000000002924803,148,1.4555969713570114e-10
01052001582,010-5200-1582,original,1.0000000002924803,149,-1.8951001863017356e-11
01052001582,010-5200-1582,original,1.0000000002924803,150,-2.112487169679433e-10
01052001582,010-5200-1582,original,1.0000000002924803,151,6.390276756611084e-11
01052001582,010-5200-1582,original,1.0000000002924803,152,2.1992063005093413e-10
01052001582,010-5200-1582,original,1.0000000002924803,153,8.12371026934798e-11
01052001582,010-5200-1582,original,1.0000000002924803,154,1.887242646492586e-11
01052001582,010-5200-1582,original,1.0000000002924803,155,-1.892148876289248e-11
01052001582,010-5200-1582,original,1.0000000002924803,156,-4.58067805815486e-11
01052001582,010-5200-1582,original,1.0000000002924803,157,4.7036063960524604e-11
01052001582,010-5200-1582,original,1.0000000002924803,158,-9.719304661988044e-11
01052001582,010-5200-1582,original,1.0000000002924803,159,-2.6121714716488117e-11
01052001582,010-5200-1582,original,1.0000000002924803,160,-1.0803311970783663e-10
01052001582,010-5200-1582,original,1.0000000002924803,161,2.283262581744917e-11
01052001582,010-5200-1582,original,1.0000000002924803,162,2.6513023449657996e-11
01052001582,010-5200-1582,original,1.0000000002924803,163,1.751190274268689e-11
01052001582,010-5200-1582,original,1.0000000002924803,164,2.1001073589397601e-10
01052001582,010-5200-1582,original,1.0000000002924803,165,-1.3824398868986561e-10
01052001582,010-5200-1582,original,1.0000000002924803,166,5.963198719532996e-11
01052001582,010-5200-1582,original,1.0000000002924803,167,-8.62498108126445e-11
01052001582,010-5200-1582,original,1.0000000002924803,168,1.677055289875943e-10
01052001582,010-5200-1582,original,1.0000000002924803,169,3.0119631038347024e-10
01052001582,010-5200-1582,original,1.0000000002924803,170,1.0845356039772355e-10
01052001582,010-5200-1582,original,1.0000000002924803,171,0.9999996814718652
01052001582,010-5200-1582,original,1.0000000002924803,172,0.9999996941123918
01052001582,010-5200-1582,original,1.0000000002924803,173,-4.8100953376525805e-11
01052001582,010-5200-1582,original,1.0000000002924803,174,5.997027831107711e-11
01052001582,010-5200-1582,original,1.0000000002924803,175,1.0735770159472885e-10
01052001582,010-5200-1582,original,1.0000000002924803,176,4.8806544143238375e-11
01052001582,010-5200-1582,original,1.0000000002924803,177,-1.2632914927822226e-10
01052001582,010-5200-1582,original,1.0000000002924803,178,-1.2819748396101534e-10
01052001582,010-5200-1582,original,1.0000000002924803,179,1.1375739782445435e-10
01052001582,010-5200-1582,original,1.0000000002924803,180,2.76056138559023e-10
01052001582,010-5200-1582,original,1.0000000002924803,181,5.962734285934776e-10
01052001582,010-5200-1582,original,1.0000000002924803,182,-2.145122017503364e-10
01052001582,010-5200-1582,original,1.0000000002924803,183,7.899353261860782e-11
01052001582,010-5200-1582,original,1.0000000002924803,184,-2.3356764332817868e-11
01052001582,010-5200-1582,original,1.0000000002924803,185,6.166076355868018e-11
01052001582,010-5200-1582,original,1.0000000002924803,186,-7.555539047001551e-11
01052001582,010-5200-1582,original,1.0000000002924803,187,-1.3811425579719791e-11
01052001582,010-5200-1582,original,1.0000000002924803,188,-1.1016420013657876e-10
01052001582,010-5200-1582,original,1.0000000002924803,189,9.916144989650375e-11
01052001582,010-5200-1582,original,1.0000000002924803,190,1.1411740808401837e-10
01052001582,010-5200-1582,original,1.0000000002924803,191,2.976934982505959e-11
01052001582,010-5200-1582,original,1.0000000002924803,192,1.07336483098099e-10
01052001582,010-5200-1582,original,1.0000000002924803,193,6.04858180918839e-12
01052001582,010-5200-1582,original,1.0000000002924803,194,2.7572406721208786e-11
01052001582,010-5200-1582,original,1.0000000002924803,195,2.7840949375227e-10
01052001582,010-5200-1582,original,1.0000000002924803,196,-7.906302130138792e-11
01052001582,010-5200-1582,original,1.0000000002924803,197,3.0045060805995733e-10
01052001582,010-5200-1582,original,1.0000000002924803,198,3.3742381618179004e-10
01052001582,010-5200-1582,original,1.0000000002924803,199,-6.822413030273256e-11
01052001582,010-5200-1582,original,1.0000000002924803,200,1.0881470467050053e-11
01052001582,010-5200-1582,original,1.0000000002924803,201,-2.2862406068929224e-11
01052001582,010-5200-1582,original,1.0000000002924803,202,-4.91084714230285e-10
01052001582,010-5200-1582,original,1.0000000002924803,203,4.8161484707626637e-11
01052001583,010-5200-1583,"one digit, last group",-2.7815539593345953e-10,0,4.76604035092125e-11
01052001583,010-5200-1583,"one digit, last group",-2.7815539593345953e-10,1,9.804875737454869e-12
01052001583,010-5200-1583,"one digit, last group",-2.7815539593345953e-10,2,-9.42798596783697e-12
01052001583,010-5200-1583,"one digit, last group",-2.7815539593345953e-10,3,1.787605329399218e-11
01052001583,010-5200-1583,"one digit, last group",-2.7815539593345953e-10,4,-3.4183718725973015e-10
01052001583,010-5200-1583,"one digit, last group",-2.7815539593345953e-10,5,2.952261819888007e-11
01052001583,010-5200-1583,"one digit, last group",-2.7815539593345953e-10,6,1.2575125576762972e-11
01052001583,010-5200-1583,"one digit, last group",-2.7815539593345953e-10,7,-7.417097916126506e-11
01052001583,010-5200-1583,"one digit, last group",-2.7815539593345953e-10,8,-2.1080816176909647e-10
01052001583,010-5200-1583,"one digit, last group",-2.7815539593345953e-10,9,1.5010660624784873e-11
01052001583,010-5200-1583,"one digit, last group",-2.7815539593345953e-10,10,3.514094872169803e-11
01052001583,010-5200-1583,"one digit, last group",-2.7815539593345953e-10,11,2.2766507905618297e-10
01052001583,010-5200-1583,"one digit, last group",-2.7815539593345953e-10,12,3.3601515628249964e-11
01052001583,010-5200-1583,"one digit, last group",-2.7815539593345953e-10,13,8.045551269736536e-11
01052001583,010-5200-1583,"one digit, last group",-2.7815539593345953e-10,14,3.331728260523057e-11
01052001583,010-5200-1583,"one digit, last group",-2.7815539593345953e-10,15,1.2547830843906779e-11
01052001583,010-5200-1583,"one digit, last group",-2.7815539593345953e-10,16,-8.137034069901832e-11
01052001583,010-5200-1583,"one digit, last group",-2.7815539593345953e-10,17,-2.6108649317022828e-11
01052001583,010-5200-1583,"one digit, last group",-2.7815539593345953e-10,18,-7.185014489155364e-11
01052001583,010-5200-1583,"one digit, last group",-2.7815539593345953e-10,19,2.143735210889984e-11
01052001583,010-5200-1583,"one digit, last group",-2.7815539593345953e-10,20,-4.52870448257873e-11
01052001583,010-5200-1583,"one digit, last group",-2.7815539593345953e-10,21,-8.971240147459927e-11
01052001583,010-5200-1583,"one digit, last group",-2.7815539593345953e-10,22,2.0490400150860178e-10
01052001583,010-5200-1583,"one digit, last group",-2.7815539593345953e-10,23,-3.243469312005957e-10
01052001583,010-5200-1583,"one digit, last group",-2.7815539593345953e-10,24,4.2018907738223957e-10
01052001583,010-5200-1583,"one digit, last group",-2.7815539593345953e-10,25,9.817661435765292e-12
01052001583,010-5200-1583,"one digit, last group",-2.7815539593345953e-10,26,2.2472446067937074e-10
01052001583,010-5200-1583,"one digit, last group",-2.7815539593345953e-10,27,-2.0147922150020337e-11
01052001583,010-5200-1583,"one digit, last group",-2.7815539593345953e-10,28,-4.668780213933071e-10
01052001583,010-5200-1583,"one digit, last group",-2.7815539593345953e-10,29,-7.63705619861645e-11
01052001583,010-5200-1583,"one digit, last group",-2.7815539593345953e-10,30,2.2264181844607994e-10
01052001583,010-5200-1583,"one digit, last group",-2.7815539593345953e-10,31,-3.1323942715319e-11
01052001583,010-5200-1583,"one digit, last group",-2.7815539593345953e-10,32,6.246274152685595e-11
01052001583,010-5200-1583,"one digit, last group",-2.7815539593345953e-10,33,3.4070325210951004e-10
01052001583,010-5200-1583,"one digit, last group",-2.7815539593345953e-10,34,-4.9920505263025296e-11
01052001583,010-5200-1583,"one digit, last group",-2.7815539593345953e-10,35,-6.221749158605876e-11
01052001583,010-5200-1583,"one digit, last group",-2.7815539593345953e-10,36,1.1809594556029075e-10
01052001583,010-5200-1583,"one digit, last group",-2.7815539593345953e-10,37,-1.024484276318312e-10
01052001583,010-5200-1583,"one digit, last group",-2.7815539593345953e-10,38,1.4369236385417715e-10
01052001583,010-5200-1583,"one digit, last group",-2.7815539593345953e-10,39,7.752042114632565e-11
01052001583,010-5200-1583,"one digit, last group",-2.7815539593345953e-10,40,-1.6198005871394684e-10
01052001583,010-5200-1583,"one digit, last group",-2.7815539593345953e-10,41,9.71674295563054e-11
01052001583,010-5200-1583,"one digit, last group",-2.7815539593345953e-10,42,-4.966839455492482e-11
01052001583,010-5200-1583,"one digit, last group",-2.7815539593345953e-10,43,4.570204292566649e-11
01052001583,010-5200-1583,"one digit, last group",-2.7815539593345953e-10,44,-3.6262452683703466e-11
01052001583,010-5200-1583,"one digit, last group",-2.7815539593345953e-10,45,-8.42167412946108e-12
01052001583,010-5200-1583,"one digit, last group",-2.7815539593345953e-10,46,7.95726982815384e-11
01052001583,010-5200-1583,"one digit, last group",-2.7815539593345953e-10,47,1.8451362742426838e-10
01052001583,010-5200-1583,"one digit, last group",-2.7815539593345953e-10,48,3.3562887798118944e-11
01052001583,010-5200-1583,"one digit, last group",-2.7815539593345953e-10,49,1.7739007509677358e-10
01052001583,010-5200-1583,"one digit, last group",-2.7815539593345953e-10,50,8.220612095387878e-11
01052001583,010-5200-1583,"one digit, last group",-2.7815539593345953e-10,51,1.8490953505155768e-11
01052001583,010-5200-1583,"one digit, last group",-2.7815539593345953e-10,52,2.74270065143097e-10
01052001583,010-5200-1583,"one digit, last group",-2.7815539593345953e-10,53,6.645381165480713e-11
01052001583,010-5200-1583,"one digit, last group",-2.7815539593345953e-10,54,-1.507364100325504e-11
01052001583,010-5200-1583,"one digit, last group",-2.7815539593345953e-10,55,-3.145111028478044e-10
01052001583,010-5200-1583,"one digit, last group",-2.7815539593345953e-10,56,-2.5450962578483397e-12
01052001583,010-5200-1583,"one digit, last group",-2.7815539593345953e-10,57,4.443163651760956e-12
01052001583,010-5200-1583,"one digit, last group",-2.7815539593345953e-10,58,-6.526100953324578e-11
01052001583,010-5200-1583,"one digit, last group",-2.7815539593345953e-10,59,-1.1778292444572088e-10
01052001583,010-5200-1583,"one digit, last group",-2.7815539593345953e-10,60,-2.2192708119870646e-10
01052001583,010-5200-1583,"one digit, last group",-2.7815539593345953e-10,61,1.2509407062542758e-10
01052001583,010-5200-1583,"one digit, last group",-2.7815539593345953e-10,62,6.882036402932964e-11
01052001583,010-5200-1583,"one digit, last group",-2.7815539593345953e-10,63,8.017853750096571e-11
01052001583,010-5200-1583,"one digit, last group",-2.7815539593345953e-10,64,-6.241449750990742e-11
01052001583,010-5200-1583,"one digit, last group",-2.7815539593345953e-10,65,-2.3225237685929693e-10
01052001583,010-5200-1583,"one digit, last group",-2.7815539593345953e-10,66,5.089650671255718e-10
01052001583,010-5200-1583,"one digit, last group",-2.7815539593345953e-10,67,9.666665025333012e-13
01052001583,010-5200-1583,"one digit, last group",-2.7815539593345953e-10,68,5.360667244696809e-11
01052001583,010-5200-1583,"one digit, last group",-2.7815539593345953e-10,69,4.5476164590397324e-10
01052001583,010-5200-1583,"one digit, last group",-2.7815539593345953e-10,70,2.9966946730265414e-11
01052001583,010-5200-1583,"one digit, last group",-2.7815539593345953e-10,71,-1.065982246109819e-10
01052001583,010-5200-1583,"one digit, last group",-2.7815539593345953e-10,72,5.6408733671673e-11
01052001583,010-5200-1583,"one digit, last group",-2.7815539593345953e-10,73,-7.94890637294647e-11
01052001583,010-5200-1583,"one digit, last group",-2.7815539593345953e-10,74,5.4141054634087765e-11
01052001583,010-5200-1583,"one digit, last group",-2.7815539593345953e-10,75,1.3628335506879397e-10
01052001583,010-5200-1583,"one digit, last group",-2.7815539593345953e-10,76,-4.0911851734146594e-11
01052001583,010-5200-1583,"one digit, last group",-2.7815539593345953e-10,77,-2.1676682949009098e-11
01052001583,010-5200-1583,"one digit, last group",-2.7815539593345953e-10,78,-2.9037263806942593e-10
01052001583,010-5200-1583,"one digit, last group",-2.7815539593345953e-10,79,9.295658871290853e-11
01052001583,010-5200-1583,"one digit, last group",-2.7815539593345953e-10,80,-9.916689846399136e-11
01052001583,010-5200-1583,"one digit, last group",-2.7815539593345953e-10,81,1.780068853443295e-10
01052001583,010-5200-1583,"one digit, last group",-2.7815539593345953e-10,82,-3.280529559420259e-10
01052001583,010-5200-1583,"one digit, last group",-2.7815539593345953e-10,83,9.071126460347207e-11
01052001583,010-5200-1583,"one digit, last group",-2.7815539593345953e-10,84,7.918741884833648e-12
01052001583,010-5200-1583,"one digit, last group",-2.7815539593345953e-10,85,-1.2868533317317084e-11
01052001583,010-5200-1583,"one digit, last group",-2.7815539593345953e-10,86,3.3309319268544994e-11
01052001583,010-5200-1583,"one digit, last group",-2.7815539593345953e-10,87,-1.2780140274466018e-10
01052001583,010-5200-1583,"one digit, last group",-2.7815539593345953e-10,88,-1.225272723433179e-10
01052001583,010-5200-1583,"one digit, last group",-2.7815539593345953e-10,89,-2.1057756021522236e-10
01052001583,010-5200-1583,"one digit, last group",-2.7815539593345953e-10,90,7.827838849532962e-11
01052001583,010-5200-1583,"one digit, last group",-2.7815539593345953e-10,91,6.480470921357347e-11
01052001583,010-5200-1583,"one digit, last group",-2.7815539593345953e-10,92,1.8168268899411064e-10
01052001583,010-5200-1583,"one digit, last group",-2.7815539593345953e-10,93,-2.066833429705957e-10
01052001583,010-5200-1583,"one digit, last group",-2.7815539593345953e-10,94,5.6184498405508744e-11
01052001583,010-5200-1583,"one digit, last group",-2.7815539593345953e-10,95,1.1465288387000599e-10
01052001583,010-5200-1583,"one digit, last group",-2.7815539593345953e-10,96,-3.2768459623877736e-10
01052001583,010-5200-1583,"one digit, last group",-2.7815539593345953e-10,97,-1.791769540056477e-10
01052001583,010-5200-1583,"one digit, last group",-2.7815539593345953e-10,98,1.925332258319844e-10
01052001583,010-5200-1583,"one digit, last group",-2.7815539593345953e-10,99,1.74712843239247e-11
01052001583,010-5200-1583,"one digit, last group",-2.7815539593345953e-10,100,-2.7529731120833543e-11
01052001583,010-5200-1583,"one digit, last group",-2.7815539593345953e-10,101,1.699921229833759e-10
01052001583,010-5200-1583,"one digit, last group",-2.7815539593345953e-10,102,6.718113623455388e-11
01052001583,010-5200-1583,"one digit, last group",-2.7815539593345953e-10,103,-2.387829512625931e-10
01052001583,010-5200-1583,"one digit, last group",-2.7815539593345953e-10,104,3.123533337450537e-10
01052001583,010-5200-1583,"one digit, last group",-2.7815539593345953e-10,105,1.5362724571024343e-11
01052001583,010-5200-1583,"one digit, last group",-2.7815539593345953e-10,106,7.00477628054067e-11
01052001583,010-5200-1583,"one digit, last group",-2.7815539593345953e-10,107,9.099510635418106e-11
01052001583,010-5200-1583,"one digit, last group",-2.7815539593345953e-10,108,-4.294117245069198e-12
01052001583,010-5200-1583,"one digit, last group",-2.7815539593345953e-10,109,-1.040859429450394e-10
01052001583,010-5200-1583,"one digit, last group",-2.7815539593345953e-10,110,1.411080528949635e-10
01052001583,010-5200-1583,"one digit, last group",-2.7815539593345953e-10,111,-1.375842731076738e-10
01052001583,010-5200-1583,"one digit, last group",-2.7815539593345953e-10,112,5.735372119751652e-10
01052001583,010-5200-1583,"one digit, last group",-2.7815539593345953e-10,113,-1.1103404810950786e-11
01052001583,010-5200-1583,"one digit, last group",-2.7815539593345953e-10,114,-7.76783164103379e-11
01052001583,010-5200-1583,"one digit, last group",-2.7815539593345953e-10,115,-1.6241773428579487e-11
01052001583,010-5200-1583,"one digit, last group",-2.7815539593345953e-10,116,1.348948905975638e-10
01052001583,010-5200-1583,"one digit, last group",-2.7815539593345953e-10,117,9.982704098172851e-11
01052001583,010-5200-1583,"one digit, last group",-2.7815539593345953e-10,118,-3.9260279899077785e-10
01052001583,010-5200-1583,"one digit, last group",-2.7815539593345953e-10,119,-3.411667710884723e-11
01052001583,010-5200-1583,"one digit, last group",-2.7815539593345953e-10,120,-1.4079135404328208e-10
01052001583,010-5200-1583,"one digit, last group",-2.7815539593345953e-10,121,-1.2118952954732225e-10
01052001583,010-5200-1583,"one digit, last group",-2.7815539593345953e-10,122,-2.7187835751872356e-10
01052001583,010-5200-1583,"one digit, last group",-2.7815539593345953e-10,123,9.688276791950563e-11
01052001583,010-5200-1583,"one digit, last group",-2.7815539593345953e-10,124,2.521779224959364e-10
01052001583,010-5200-1583,"one digit, last group",-2.7815539593345953e-10,125,-2.397197238878461e-10
01052001583,010-5200-1583,"one digit, last group",-2.7815539593345953e-10,126,8.296978545672865e-12
01052001583,010-5200-1583,"one digit, last group",-2.7815539593345953e-10,127,-2.077008056219497e-10
01052001583,010-5200-1583,"one digit, last group",-2.7815539593345953e-10,128,2.210636123130053e-11
01052001583,010-5200-1583,"one digit, last group",-2.7815539593345953e-10,129,1.3300359963965148e-11
01052001583,010-5200-1583,"one digit, last group",-2.7815539593345953e-10,130,-3.990134717540252e-11
01052001583,010-5200-1583,"one digit, last group",-2.7815539593345953e-10,131,2.541421075666223e-11
01052001583,010-5200-1583,"one digit, last group",-2.7815539593345953e-10,132,-7.107255110240884e-11
01052001583,010-5200-1583,"one digit, last group",-2.7815539593345953e-10,133,4.576911204959918e-12
01052001583,010-5200-1583,"one digit, last group",-2.7815539593345953e-10,134,1.0664023726286071e-10
01052001583,010-5200-1583,"one digit, last group",-2.7815539593345953e-10,135,7.993961918999704e-11
01052001583,010-5200-1583,"one digit, last group",-2.7815539593345953e-10,136,-7.366370853516715e-12
01052001583,010-5200-1583,"one digit, last group",-2.7815539593345953e-10,137,-3.0028394656556066e-12
01052001583,010-5200-1583,"one digit, last group",-2.7815539593345953e-10,138,-7.877664279772934e-11
01052001583,010-5200-1583,"one digit, last group",-2.7815539593345953e-10,139,-3.973392443975557e-11
01052001583,010-5200-1583,"one digit, last group",-2.7815539593345953e-10,140,-8.76273313401239e-11
01052001583,010-5200-1583,"one digit, last group",-2.7815539593345953e-10,141,-1.648428584726248e-10
01052001583,010-5200-1583,"one digit, last group",-2.7815539593345953e-10,142,4.95235496912538e-11
01052001583,010-5200-1583,"one digit, last group",-2.7815539593345953e-10,143,-1.8320043511331614e-10
01052001583,010-5200-1583,"one digit, last group",-2.7815539593345953e-10,144,-5.658650494863955e-11
01052001583,010-5200-1583,"one digit, last group",-2.7815539593345953e-10,145,1.900576618858314e-10
01052001583,010-5200-1583,"one digit, last group",-2.7815539593345953e-10,146,-9.683485401322396e-11
01052001583,010-5200-1583,"one digit, last group",-2.7815539593345953e-10,147,2.904757139538679e-10
01052001583,010-5200-1583,"one digit, last group",-2.7815539593345953e-10,148,1.562239057954862e-10
01052001583,010-5200-1583,"one digit, last group",-2.7815539593345953e-10,149,-3.508984300817266e-10
01052001583,010-5200-1583,"one digit, last group",-2.7815539593345953e-10,150,1.1474058535847785e-10
01052001583,010-5200-1583,"one digit, last group",-2.7815539593345953e-10,151,-3.402907399485828e-11
01052001583,010-5200-1583,"one digit, last group",-2.7815539593345953e-10,152,1.6483232061437587e-10
01052001583,010-5200-1583,"one digit, last group",-2.7815539593345953e-10,153,1.675286991050541e-10
01052001583,010-5200-1583,"one digit, last group",-2.7815539593345953e-10,154,-5.1482612859165065e-11
01052001583,010-5200-1583,"one digit, last group",-2.7815539593345953e-10,155,6.885714336303716e-12
01052001583,010-5200-1583,"one digit, last group",-2.7815539593345953e-10,156,1.5606663082812095e-10
01052001583,010-5200-1583,"one digit, last group",-2.7815539593345953e-10,157,8.713505870155904e-11
01052001583,010-5200-1583,"one digit, last group",-2.7815539593345953e-10,158,-4.40461715896492e-11
01052001583,010-5200-1583,"one digit, last group",-2.7815539593345953e-10,159,7.505573345495321e-11
01052001583,010-5200-1583,"one digit, last group",-2.7815539593345953e-10,160,6.846634877613497e-11
01052001583,010-5200-1583,"one digit, last group",-2.7815539593345953e-10,161,-4.012091531807141e-11
01052001583,010-5200-1583,"one digit, last group",-2.7815539593345953e-10,162,2.792245961854532e-11
01052001583,010-5200-1583,"one digit, last group",-2.7815539593345953e-10,163,-4.158703173681105e-11
01052001583,010-5200-1583,"one digit, last group",-2.7815539593345953e-10,164,1.1088743210484657e-10
01052001583,010-5200-1583,"one digit, last group",-2.7815539593345953e-10,165,1.3760415095853607e-10
01052001583,010-5200-1583,"one digit, last group",-2.7815539593345953e-10,166,7.502470277725158e-12
01052001583,010-5200-1583,"one digit, last group",-2.7815539593345953e-10,167,-3.2319628140595476e-10
01052001583,010-5200-1583,"one digit, last group",-2.7815539593345953e-10,168,6.673109692575426e-11
01052001583,010-5200-1583,"one digit, last group",-2.7815539593345953e-10,169,-8.423390750823607e-11
01052001583,010-5200-1583,"one digit, last group",-2.7815539593345953e-10,170,7.741011328763769e-11
01052001583,010-5200-1583,"one digit, last group",-2.7815539593345953e-10,171,-2.3996436616780653e-09
01052001583,010-5200-1583,"one digit, last group",-2.7815539593345953e-10,172,2.0286103304774554e-09
01052001583,010-5200-1583,"one digit, last group",-2.7815539593345953e-10,173,3.589732513326942e-11
01052001583,010-5200-1583,"one digit, last group",-2.7815539593345953e-10,174,-2.7411900599383476e-11
01052001583,010-5200-1583,"one digit, last group",-2.7815539593345953e-10,175,5.827627892368285e-10
01052001583,010-5200-1583,"one digit, last group",-2.7815539593345953e-10,176,-6.705993025576697e-11
01052001583,010-5200-1583,"one digit, last group",-2.7815539593345953e-10,177,5.337382103245249e-10
01052001583,010-5200-1583,"one digit, last group",-2.7815539593345953e-10,178,-8.258474678152009e-11
01052001583,010-5200-1583,"one digit, last group",-2.7815539593345953e-10,179,9.163404129578907e-12
01052001583,010-5200-1583,"one digit, last group",-2.7815539593345953e-10,180,5.85822692180498e-11
01052001583,010-5200-1583,"one digit, last group",-2.7815539593345953e-10,181,1.4683815837389514e-10
01052001583,010-5200-1583,"one digit, last group",-2.7815539593345953e-10,182,-1.981538396877856e-11
01052001583,010-5200-1583,"one digit, last group",-2.7815539593345953e-10,183,8.935651343333191e-12
01052001583,010-5200-1583,"one digit, last group",-2.7815539593345953e-10,184,-8.113328995497848e-11
01052001583,010-5200-1583,"one digit, last group",-2.7815539593345953e-10,185,-7.817964305612918e-11
01052001583,010-5200-1583,"one digit, last group",-2.7815539593345953e-10,186,8.919220060374392e-11
01052001583,010-5200-1583,"one digit, last group",-2.7815539593345953e-10,187,5.569131095247324e-11
01052001583,010-5200-1583,"one digit, last group",-2.7815539593345953e-10,188,-1.9804174002764688e-10
01052001583,010-5200-1583,"one digit, last group",-2.7815539593345953e-10,189,1.3453678821872704e-10
01052001583,010-5200-1583,"one digit, last group",-2.7815539593345953e-10,190,5.792652023649761e-11
01052001583,010-5200-1583,"one digit, last group",-2.7815539593345953e-10,191,3.479094801991628e-11
01052001583,010-5200-1583,"one digit, last group",-2.7815539593345953e-10,192,-5.69449611341198e-11
01052001583,010-5200-1583,"one digit, last group",-2.7815539593345953e-10,193,4.071258250402451e-10
01052001583,010-5200-1583,"one digit, last group",-2.7815539593345953e-10,194,-9.256550933027795e-12
01052001583,010-5200-1583,"one digit, last group",-2.7815539593345953e-10,195,2.4693185910881366e-10
01052001583,010-5200-1583,"one digit, last group",-2.7815539593345953e-10,196,-2.0850842648174598e-11
01052001583,010-5200-1583,"one digit, last group",-2.7815539593345953e-10,197,-1.51006229858496e-10
01052001583,010-5200-1583,"one digit, last group",-2.7815539593345953e-10,198,-7.97477046667808e-11
01052001583,010-5200-1583,"one digit, last group",-2.7815539593345953e-10,199,-7.946681878964959e-10
01052001583,010-5200-1583,"one digit, last group",-2.7815539593345953e-10,200,2.60912058539435e-11
01052001583,010-5200-1583,"one digit, last group",-2.7815539593345953e-10,201,-9.29958815547552e-11
01052001583,010-5200-1583,"one digit, last group",-2.7815539593345953e-10,202,5.248445531188453e-10
01052001583,010-5200-1583,"one digit, last group",-2.7815539593345953e-10,203,-1.2253611953039465e-12
00653004858,006-5300-4858,original,0.9999999998673217,0,1.0841733663773251e-11
00653004858,006-5300-4858,original,0.9999999998673217,1,-1.7860788063919873e-10
00653004858,006-5300-4858,original,0.9999999998673217,2,1.0073639197705427e-10
00653004858,006-5300-4858,original,0.9999999998673217,3,3.359518499026115e-11
00653004858,006-5300-4858,original,0.9999999998673217,4,1.5749932447808514e-10
00653004858,006-5300-4858,original,0.9999999998673217,5,6.793833729297183e-10
00653004858,006-5300-4858,original,0.9999999998673217,6,-9.621873081490014e-11
00653004858,006-5300-4858,original,0.9999999998673217,7,1.690373526649974e-10
00653004858,006-5300-4858,original,0.9999999998673217,8,6.343905606031888e-11
00653004858,006-5300-4858,original,0.9999999998673217,9,1.8719616291368845e-11
00653004858,006-5300-4858,original,0.9999999998673217,10,7.022449216160227e-11
00653004858,006-5300-4858,original,0.9999999998673217,11,3.2957922305643816e-11
00653004858,006-5300-4858,original,0.9999999998673217,12,1.821823006671023e-11
00653004858,006-5300-4858,original,0.9999999998673217,13,2.476269944457239e-10
00653004858,006-5300-4858,original,0.9999999998673217,14,-3.989939797856663e-11
00653004858,006-5300-4858,original,0.9999999998673217,15,-7.661006506126327e-11
00653004858,006-5300-4858,original,0.9999999998673217,16,2.8553056492079802e-11
00653004858,006-5300-4858,original,0.9999999998673217,17,8.125135576893424e-11
00653004858,006-5300-4858,original,0.9999999998673217,18,-1.0704656896132914e-10
00653004858,006-5300-4858,original,0.9999999998673217,19,-2.9476988247105375e-11
00653004858,006-5300-4858,original,0.9999999998673217,20,-4.914284370557529e-11
00653004858,006-5300-4858,original,0.9999999998673217,21,-1.848186905771296e-10
00653004858,006-5300-4858,original,0.9999999998673217,22,2.6097538012910906e-11
00653004858,006-5300-4858,original,0.9999999998673217,23,-2.1314426862755888e-10
00653004858,006-5300-4858,original,0.9999999998673217,24,-4.216810796465056e-10
00653004858,006-5300-4858,original,0.9999999998673217,25,-9.771196002270643e-12
00653004858,006-5300-4858,original,0.9999999998673217,26,-1.0165791501774545e-10
00653004858,006-5300-4858,original,0.9999999998673217,27,-1.1001308256597559e-10
00653004858,006-5300-4858,original,0.9999999998673217,28,1.683186555228452e-11
00653004858,006-5300-4858,original,0.9999999998673217,29,-3.699919872989773e-11
00653004858,006-5300-4858,original,0.9999999998673217,30,4.3189297377363514e-11
00653004858,006-5300-4858,original,0.9999999998673217,31,-1.0660927772783752e-10
00653004858,006-5300-4858,original,0.9999999998673217,32,1.4405378390839259e-10
00653004858,006-5300-4858,original,0.9999999998673217,33,3.282377671479921e-10
00653004858,006-5300-4858,original,0.9999999998673217,34,2.7673860005250496e-10
00653004858,006-5300-4858,original,0.9999999998673217,35,-5.7766625073083625e-11
00653004858,006-5300-4858,original,0.9999999998673217,36,1.1812296783777906e-11
00653004858,006-5300-4858,original,0.9999999998673217,37,2.3061683305849248e-10
00653004858,006-5300-4858,original,0.9999999998673217,38,7.807645384020543e-11
00653004858,006-5300-4858,original,0.9999999998673217,39,1.433652667239747e-10
00653004858,006-5300-4858,original,0.9999999998673217,40,-2.9034341919048433e-10
00653004858,006-5300-4858,original,0.9999999998673217,41,5.5634488884525806e-11
00653004858,006-5300-4858,original,0.9999999998673217,42,-3.8980745505722963e-11
00653004858,006-5300-4858,original,0.9999999998673217,43,8.116092644149616e-11
00653004858,006-5300-4858,original,0.9999999998673217,44,1.0229337692266345e-12
00653004858,006-5300-4858,original,0.9999999998673217,45,2.987482681482303e-11
00653004858,006-5300-4858,original,0.9999999998673217,46,-2.8502221864574418e-11
00653004858,006-5300-4858,original,0.9999999998673217,47,-4.2075427792399107e-10
00653004858,006-5300-4858,original,0.9999999998673217,48,1.9123034410258943e-10
00653004858,006-5300-4858,original,0.9999999998673217,49,2.352871699527318e-10
00653004858,006-5300-4858,original,0.9999999998673217,50,-1.0928488381485468e-10
00653004858,006-5300-4858,original,0.9999999998673217,51,3.9627035721835204e-12
00653004858,006-5300-4858,original,0.9999999998673217,52,1.9124757905902057e-10
00653004858,006-5300-4858,original,0.9999999998673217,53,3.14626343584308e-11
00653004858,006-5300-4858,original,0.9999999998673217,54,2.980562806894899e-11
00653004858,006-5300-4858,original,0.9999999998673217,55,1.1471181938190348e-11
00653004858,006-5300-4858,original,0.9999999998673217,56,-8.080313481163817e-11
00653004858,006-5300-4858,original,0.9999999998673217,57,6.6186549864236295e-12
00653004858,006-5300-4858,original,0.9999999998673217,58,-1.4329843102259321e-12
00653004858,006-5300-4858,original,0.9999999998673217,59,2.685132696648336e-10
00653004858,006-5300-4858,original,0.9999999998673217,60,-2.1772114518845747e-10
00653004858,006-5300-4858,original,0.9999999998673217,61,2.937654533947316e-11
00653004858,006-5300-4858,original,0.9999999998673217,62,3.047918129538165e-10
00653004858,006-5300-4858,original,0.9999999998673217,63,2.6340432148784594e-10
00653004858,006-5300-4858,original,0.9999999998673217,64,2.4565616208264594e-10
00653004858,006-5300-4858,original,0.9999999998673217,65,1.7066386912630201e-10
00653004858,006-5300-4858,original,0.9999999998673217,66,4.5940153040534614e-10
00653004858,006-5300-4858,original,0.9999999998673217,67,4.068262440328634e-11
00653004858,006-5300-4858,original,0.9999999998673217,68,-3.015563862478139e-10
00653004858,006-5300-4858,original,0.9999999998673217,69,7.785217235290421e-11
00653004858,006-5300-4858,original,0.9999999998673217,70,-1.4347553588895252e-10
00653004858,006-5300-4858,original,0.9999999998673217,71,-9.352804004823181e-11
00653004858,006-5300-4858,original,0.9999999998673217,72,3.404881053950873e-11
00653004858,006-5300-4858,original,0.9999999998673217,73,7.843775294815302e-11
00653004858,006-5300-4858,original,0.9999999998673217,74,1.971879043935307e-10
00653004858,006-5300-4858,original,0.9999999998673217,75,-9.651686231766985e-11
00653004858,006-5300-4858,original,0.9999999998673217,76,-1.14884530983589e-10
00653004858,006-5300-4858,original,0.9999999998673217,77,1.195658716268495e-11
00653004858,006-5300-4858,original,0.9999999998673217,78,-1.095558680700135e-10
00653004858,006-5300-4858,original,0.9999999998673217,79,4.9601848839699974e-11
00653004858,006-5300-4858,original,0.9999999998673217,80,-3.2440684531498337e-12
00653004858,006-5300-4858,original,0.9999999998673217,81,5.3772426091276935e-11
00653004858,006-5300-4858,original,0.9999999998673217,82,9.718858674968541e-11
00653004858,006-5300-4858,original,0.9999999998673217,83,4.6996898886933424e-11
00653004858,006-5300-4858,original,0.9999999998673217,84,2.908477980478147e-11
00653004858,006-5300-4858,original,0.9999999998673217,85,-1.6733496425675032e-12
00653004858,006-5300-4858,original,0.9999999998673217,86,-2.464904191904916e-11
00653004858,006-5300-4858,original,0.9999999998673217,87,3.7916930814206597e-11
00653004858,006-5300-4858,original,0.9999999998673217,88,-4.105078739976261e-12
00653004858,006-5300-4858,original,0.9999999998673217,89,1.7561921693771272e-10
00653004858,006-5300-4858,original,0.9999999998673217,90,8.241507592038441e-11
00653004858,006-5300-4858,original,0.9999999998673217,91,1.9661860004091445e-10
00653004858,006-5300-4858,original,0.9999999998673217,92,3.3985145993782607e-11
00653004858,006-5300-4858,original,0.9999999998673217,93,-4.9706265558003e-11
00653004858,006-5300-4858,original,0.9999999998673217,94,-3.4455963525667934e-11
00653004858,006-5300-4858,original,0.9999999998673217,95,4.418104273072798e-11
00653004858,006-5300-4858,original,0.9999999998673217,96,-5.763588187840405e-10
00653004858,006-5300-4858,original,0.9999999998673217,97,1.5934548446043605e-10
00653004858,006-5300-4858,original,0.9999999998673217,98,-7.545483346976775e-11
00653004858,006-5300-4858,original,0.9999999998673217,99,-1.5854949294318946e-11
00653004858,006-5300-4858,original,0.9999999998673217,100,-7.518616621680161e-11
00653004858,006-5300-4858,original,0.9999999998673217,101,1.6742863932920163e-10
00653004858,006-5300-4858,original,0.9999999998673217,102,-2.1971820541132826e-10
00653004858,006-5300-4858,original,0.9999999998673217,103,1.5914108793814642e-10
00653004858,006-5300-4858,original,0.9999999998673217,104,-7.051376666094308e-11
00653004858,006-5300-4858,original,0.9999999998673217,105,-1.646798189684888e-11
00653004858,006-5300-4858,original,0.9999999998673217,106,5.2018622867110325e-11
00653004858,006-5300-4858,original,0.9999999998673217,107,-3.7322998266578694e-11
00653004858,006-5300-4858,original,0.9999999998673217,108,-9.223067687150677e-11
00653004858,006-5300-4858,original,0.9999999998673217,109,-4.6238756057205245e-11
00653004858,006-5300-4858,original,0.9999999998673217,110,1.1612760536458104e-10
00653004858,006-5300-4858,original,0.9999999998673217,111,1.9658232606635585e-10
00653004858,006-5300-4858,original,0.9999999998673217,112,-2.2281740329881643e-10
00653004858,006-5300-4858,original,0.9999999998673217,113,-5.210904619050471e-12
00653004858,006-5300-4858,original,0.9999999998673217,114,8.439077473187502e-11
00653004858,006-5300-4858,original,0.9999999998673217,115,-5.267359006869275e-12
00653004858,006-5300-4858,original,0.9999999998673217,116,-4.309624590959102e-11
00653004858,006-5300-4858,original,0.9999999998673217,117,1.2835132850702565e-10
00653004858,006-5300-4858,original,0.9999999998673217,118,-1.1295582850647082e-10
00653004858,006-5300-4858,original,0.9999999998673217,119,9.504550199760407e-11
00653004858,006-5300-4858,original,0.9999999998673217,120,-5.885311909464007e-11
00653004858,006-5300-4858,original,0.9999999998673217,121,-1.5453480967177802e-10
00653004858,006-5300-4858,original,0.9999999998673217,122,2.7849443443037235e-10
00653004858,006-5300-4858,original,0.9999999998673217,123,-2.588870144450177e-12
00653004858,006-5300-4858,original,0.9999999998673217,124,-1.998638214266539e-10
00653004858,006-5300-4858,original,0.9999999998673217,125,3.36828118940261e-10
00653004858,006-5300-4858,original,0.9999999998673217,126,5.700051065072641e-11
00653004858,006-5300-4858,original,0.9999999998673217,127,1.2579329401803816e-10
00653004858,006-5300-4858,original,0.9999999998673217,128,-2.1695745641162715e-10
00653004858,006-5300-4858,original,0.9999999998673217,129,-5.5877724955494546e-11
00653004858,006-5300-4858,original,0.9999999998673217,130,8.731690027064327e-11
00653004858,006-5300-4858,original,0.9999999998673217,131,6.359320830546022e-11
00653004858,006-5300-4858,original,0.9999999998673217,132,4.213008226670681e-11
00653004858,006-5300-4858,original,0.9999999998673217,133,1.2747847438771175e-10
00653004858,006-5300-4858,original,0.9999999998673217,134,-9.054395814915753e-11
00653004858,006-5300-4858,original,0.9999999998673217,135,8.006907505715146e-11
00653004858,006-5300-4858,original,0.9999999998673217,136,2.1607627507462947e-11
00653004858,006-5300-4858,original,0.9999999998673217,137,-7.783870791615823e-12
00653004858,006-5300-4858,original,0.9999999998673217,138,-6.48581536973538e-11
00653004858,006-5300-4858,original,0.9999999998673217,139,-4.581365738710898e-11
00653004858,006-5300-4858,original,0.9999999998673217,140,3.0244464105333575e-10
00653004858,006-5300-4858,original,0.9999999998673217,141,1.656519225061572e-10
00653004858,006-5300-4858,original,0.9999999998673217,142,2.0313189074519077e-11
00653004858,006-5300-4858,original,0.9999999998673217,143,5.7104802931137307e-11
00653004858,006-5300-4858,original,0.9999999998673217,144,9.606621510646471e-12
00653004858,006-5300-4858,original,0.9999999998673217,145,1.564517247097817e-10
00653004858,006-5300-4858,original,0.9999999998673217,146,-9.544102947212556e-11
00653004858,006-5300-4858,original,0.9999999998673217,147,2.033928750360343e-10
00653004858,006-5300-4858,original,0.9999999998673217,148,8.309778636584205e-11
00653004858,006-5300-4858,original,0.9999999998673217,149,8.617988356396745e-11
00653004858,006-5300-4858,original,0.9999999998673217,150,1.527014982059177e-10
00653004858,006-5300-4858,original,0.9999999998673217,151,1.0600363299908981e-10
00653004858,006-5300-4858,original,0.9999999998673217,152,4.717660805433121e-10
00653004858,006-5300-4858,original,0.9999999998673217,153,2.3326061813036063e-10
00653004858,006-5300-4858,original,0.9999999998673217,154,3.911356485917449e-11
00653004858,006-5300-4858,original,0.9999999998673217,155,-3.5447444715143486e-11
00653004858,006-5300-4858,original,0.9999999998673217,156,-1.3647412032169912e-11
00653004858,006-5300-4858,original,0.9999999998673217,157,-2.1824568408681237e-11
00653004858,006-5300-4858,original,0.9999999998673217,158,5.2574731322552504e-11
00653004858,006-5300-4858,original,0.9999999998673217,159,4.342171893957508e-11
00653004858,006-5300-4858,original,0.9999999998673217,160,2.369285218917039e-10
00653004858,006-5300-4858,original,0.9999999998673217,161,-6.697772532494452e-11
00653004858,006-5300-4858,original,0.9999999998673217,162,3.401873813964314e-11
00653004858,006-5300-4858,original,0.9999999998673217,163,4.39115231736382e-11
00653004858,006-5300-4858,original,0.9999999998673217,164,-7.664112708367164e-11
00653004858,006-5300-4858,original,0.9999999998673217,165,-3.432497595221667e-10
00653004858,006-5300-4858,original,0.9999999998673217,166,-7.624446601536903e-11
00653004858,006-5300-4858,original,0.9999999998673217,167,-2.066579322444248e-10
00653004858,006-5300-4858,original,0.9999999998673217,168,-1.8797789674113856e-10
00653004858,006-5300-4858,original,0.9999999998673217,169,1.0751515258415236e-10
00653004858,006-5300-4858,original,0.9999999998673217,170,5.838139192668544e-12
00653004858,006-5300-4858,original,0.9999999998673217,171,1.6797195228765545e-10
00653004858,006-5300-4858,original,0.9999999998673217,172,2.8253457254110083e-11
00653004858,006-5300-4858,original,0.9999999998673217,173,5.012464825444404e-12
00653004858,006-5300-4858,original,0.9999999998673217,174,4.802209479183985e-12
00653004858,006-5300-4858,original,0.9999999998673217,175,-3.047052029661934e-10
00653004858,006-5300-4858,original,0.9999999998673217,176,-2.3001273958364132e-11
00653004858,006-5300-4858,original,0.9999999998673217,177,3.639799885745027e-10
00653004858,006-5300-4858,original,0.9999999998673217,178,-1.269115374296581e-10
00653004858,006-5300-4858,original,0.9999999998673217,179,1.0183965463330328e-10
00653004858,006-5300-4858,original,0.9999999998673217,180,-1.0723393028426673e-10
00653004858,006-5300-4858,original,0.9999999998673217,181,-3.060984742182757e-10
00653004858,006-5300-4858,original,0.9999999998673217,182,-8.465282101975835e-11
00653004858,006-5300-4858,original,0.9999999998673217,183,-5.445819745838605e-11
00653004858,006-5300-4858,original,0.9999999998673217,184,2.936763469178336e-11
00653004858,006-5300-4858,original,0.9999999998673217,185,-1.905665071662664e-11
00653004858,006-5300-4858,original,0.9999999998673217,186,1.7489402226158875e-10
00653004858,006-5300-4858,original,0.9999999998673217,187,0.9999996940992757
00653004858,006-5300-4858,original,0.9999999998673217,188,0.9999996855879216
00653004858,006-5300-4858,original,0.9999999998673217,189,2.2973394014593267e-10
00653004858,006-5300-4858,original,0.9999999998673217,190,1.223977965419435e-10
00653004858,006-5300-4858,original,0.9999999998673217,191,4.2228109704506535e-11
00653004858,006-5300-4858,original,0.9999999998673217,192,8.148429697387809e-11
00653004858,006-5300-4858,original,0.9999999998673217,193,-2.0808533862886787e-10
00653004858,006-5300-4858,original,0.9999999998673217,194,3.8272104705013985e-13
00653004858,006-5300-4858,original,0.9999999998673217,195,-3.343269268512671e-10
00653004858,006-5300-4858,original,0.9999999998673217,196,-1.7087432065745642e-10
00653004858,006-5300-4858,original,0.9999999998673217,197,-8.95287786549558e-11
00653004858,006-5300-4858,original,0.9999999998673217,198,2.696139319799952e-10
00653004858,006-5300-4858,original,0.9999999998673217,199,7.282772830490243e-11
00653004858,006-5300-4858,original,0.9999999998673217,200,-4.467661647133747e-11
00653004858,006-5300-4858,original,0.9999999998673217,201,4.6934396631169275e-11
00653004858,006-5300-4858,original,0.9999999998673217,202,4.3243796310435266e-11
00653004858,006-5300-4858,original,0.9999999998673217,203,-3.0361189982440846e-12
00653004859,006-5300-4859,"one digit, last group",-1.9482685301774584e-10,0,4.107051097250727e-11
00653004859,006-5300-4859,"one digit, last group",-1.9482685301774584e-10,1,1.4424656637222258e-10
00653004859,006-5300-4859,"one digit, last group",-1.9482685301774584e-10,2,-1.2799950545752845e-10
00653004859,006-5300-4859,"one digit, last group",-1.9482685301774584e-10,3,2.6834874883055896e-12
00653004859,006-5300-4859,"one digit, last group",-1.9482685301774584e-10,4,1.947911622263729e-10
00653004859,006-5300-4859,"one digit, last group",-1.9482685301774584e-10,5,-1.0153687882603202e-10
00653004859,006-5300-4859,"one digit, last group",-1.9482685301774584e-10,6,-3.150914067208634e-10
00653004859,006-5300-4859,"one digit, last group",-1.9482685301774584e-10,7,-2.343367285949547e-10
00653004859,006-5300-4859,"one digit, last group",-1.9482685301774584e-10,8,-2.1653089587455038e-10
00653004859,006-5300-4859,"one digit, last group",-1.9482685301774584e-10,9,9.364546984354633e-11
00653004859,006-5300-4859,"one digit, last group",-1.9482685301774584e-10,10,-5.118568212098887e-11
00653004859,006-5300-4859,"one digit, last group",-1.9482685301774584e-10,11,-3.138511928556216e-10
00653004859,006-5300-4859,"one digit, last group",-1.9482685301774584e-10,12,3.066181152331273e-11
00653004859,006-5300-4859,"one digit, last group",-1.9482685301774584e-10,13,-2.740824053226572e-10
00653004859,006-5300-4859,"one digit, last group",-1.9482685301774584e-10,14,-9.733630393964684e-11
00653004859,006-5300-4859,"one digit, last group",-1.9482685301774584e-10,15,7.71172973578715e-11
00653004859,006-5300-4859,"one digit, last group",-1.9482685301774584e-10,16,-5.976148576421351e-11
00653004859,006-5300-4859,"one digit, last group",-1.9482685301774584e-10,17,2.1127545202110804e-11
00653004859,006-5300-4859,"one digit, last group",-1.9482685301774584e-10,18,2.778075844305918e-10
00653004859,006-5300-4859,"one digit, last group",-1.9482685301774584e-10,19,-9.784636482726833e-11
00653004859,006-5300-4859,"one digit, last group",-1.9482685301774584e-10,20,7.782782090836591e-11
00653004859,006-5300-4859,"one digit, last group",-1.9482685301774584e-10,21,-1.3180844774120793e-10
00653004859,006-5300-4859,"one digit, last group",-1.9482685301774584e-10,22,-1.8667832275752722e-10
00653004859,006-5300-4859,"one digit, last group",-1.9482685301774584e-10,23,-9.982251479813894e-11
00653004859,006-5300-4859,"one digit, last group",-1.9482685301774584e-10,24,4.963789211226021e-10
00653004859,006-5300-4859,"one digit, last group",-1.9482685301774584e-10,25,8.954707245482136e-11
00653004859,006-5300-4859,"one digit, last group",-1.9482685301774584e-10,26,4.730579901755395e-10
00653004859,006-5300-4859,"one digit, last group",-1.9482685301774584e-10,27,-2.7502673632439957e-11
00653004859,006-5300-4859,"one digit, last group",-1.9482685301774584e-10,28,-3.468918499625463e-11
00653004859,006-5300-4859,"one digit, last group",-1.9482685301774584e-10,29,3.770013803020224e-11
00653004859,006-5300-4859,"one digit, last group",-1.9482685301774584e-10,30,1.4468287710032764e-10
00653004859,006-5300-4859,"one digit, last group",-1.9482685301774584e-10,31,2.753679316475073e-10
00653004859,006-5300-4859,"one digit, last group",-1.9482685301774584e-10,32,5.1758761048298475e-11
00653004859,006-5300-4859,"one digit, last group",-1.9482685301774584e-10,33,4.2023235582292673e-10
00653004859,006-5300-4859,"one digit, last group",-1.9482685301774584e-10,34,-1.7112272819303738e-10
00653004859,006-5300-4859,"one digit, last group",-1.9482685301774584e-10,35,-9.427500887629105e-11
00653004859,006-5300-4859,"one digit, last group",-1.9482685301774584e-10,36,-1.2674669915946563e-10
00653004859,006-5300-4859,"one digit, last group",-1.9482685301774584e-10,37,-6.543275072400368e-11
00653004859,006-5300-4859,"one digit, last group",-1.9482685301774584e-10,38,3.59470204530614e-12
00653004859,006-5300-4859,"one digit, last group",-1.9482685301774584e-10,39,-1.7399188005668238e-11
00653004859,006-5300-4859,"one digit, last group",-1.9482685301774584e-10,40,2.5656399853563655e-10
00653004859,006-5300-4859,"one digit, last group",-1.9482685301774584e-10,41,-5.195297076895522e-12
00653004859,006-5300-4859,"one digit, last group",-1.9482685301774584e-10,42,1.5086539882536446e-11
00653004859,006-5300-4859,"one digit, last group",-1.9482685301774584e-10,43,-6.676284020920585e-11
00653004859,006-5300-4859,"one digit, last group",-1.9482685301774584e-10,44,-4.501001100175143e-11
00653004859,006-5300-4859,"one digit, last group",-1.9482685301774584e-10,45,-1.6299770987298103e-10
00653004859,006-5300-4859,"one digit, last group",-1.9482685301774584e-10,46,2.4806993026035143e-12
00653004859,006-5300-4859,"one digit, last group",-1.9482685301774584e-10,47,-1.764297480366298e-10
00653004859,006-5300-4859,"one digit, last group",-1.9482685301774584e-10,48,-2.8683265630610316e-10
00653004859,006-5300-4859,"one digit, last group",-1.9482685301774584e-10,49,-7.080678801818084e-11
00653004859,006-5300-4859,"one digit, last group",-1.9482685301774584e-10,50,7.534944295977963e-11
00653004859,006-5300-4859,"one digit, last group",-1.9482685301774584e-10,51,-7.308930012161205e-11
00653004859,006-5300-4859,"one digit, last group",-1.9482685301774584e-10,52,1.030224967598282e-10
00653004859,006-5300-4859,"one digit, last group",-1.9482685301774584e-10,53,-3.740942248385412e-12
00653004859,006-5300-4859,"one digit, last group",-1.9482685301774584e-10,54,3.0298130261284675e-11
00653004859,006-5300-4859,"one digit, last group",-1.9482685301774584e-10,55,-2.210773457669865e-10
00653004859,006-5300-4859,"one digit, last group",-1.9482685301774584e-10,56,9.962726035360112e-11
00653004859,006-5300-4859,"one digit, last group",-1.9482685301774584e-10,57,-5.205964146497548e-12
00653004859,006-5300-4859,"one digit, last group",-1.9482685301774584e-10,58,-3.087605729430161e-11
00653004859,006-5300-4859,"one digit, last group",-1.9482685301774584e-10,59,1.3451078928110094e-10
00653004859,006-5300-4859,"one digit, last group",-1.9482685301774584e-10,60,-1.323892185871633e-10
00653004859,006-5300-4859,"one digit, last group",-1.9482685301774584e-10,61,5.5057759700283016e-11
00653004859,006-5300-4859,"one digit, last group",-1.9482685301774584e-10,62,-2.419805712575577e-11
00653004859,006-5300-4859,"one digit, last group",-1.9482685301774584e-10,63,-1.0386690443385718e-11
00653004859,006-5300-4859,"one digit, last group",-1.9482685301774584e-10,64,-1.227113260558811e-10
00653004859,006-5300-4859,"one digit, last group",-1.9482685301774584e-10,65,-5.5135722574926665e-11
00653004859,006-5300-4859,"one digit, last group",-1.9482685301774584e-10,66,3.130533076258163e-11
00653004859,006-5300-4859,"one digit, last group",-1.9482685301774584e-10,67,7.800224388765471e-11
00653004859,006-5300-4859,"one digit, last group",-1.9482685301774584e-10,68,-4.756467764204771e-11
00653004859,006-5300-4859,"one digit, last group",-1.9482685301774584e-10,69,2.3855295577117713e-11
00653004859,006-5300-4859,"one digit, last group",-1.9482685301774584e-10,70,2.6767382691034596e-11
00653004859,006-5300-4859,"one digit, last group",-1.9482685301774584e-10,71,9.470483103706033e-12
00653004859,006-5300-4859,"one digit, last group",-1.9482685301774584e-10,72,-1.598330131738158e-11
00653004859,006-5300-4859,"one digit, last group",-1.9482685301774584e-10,73,4.0831408719533545e-11
00653004859,006-5300-4859,"one digit, last group",-1.9482685301774584e-10,74,1.9866346240365433e-10
00653004859,006-5300-4859,"one digit, last group",-1.9482685301774584e-10,75,-2.635727766099439e-11
00653004859,006-5300-4859,"one digit, last group",-1.9482685301774584e-10,76,1.8920093158722604e-10
00653004859,006-5300-4859,"one digit, last group",-1.9482685301774584e-10,77,4.509739119568668e-11
00653004859,006-5300-4859,"one digit, last group",-1.9482685301774584e-10,78,-6.182726090614055e-11
00653004859,006-5300-4859,"one digit, last group",-1.9482685301774584e-10,79,1.213524223905593e-10
00653004859,006-5300-4859,"one digit, last group",-1.9482685301774584e-10,80,1.449372942877623e-10
00653004859,006-5300-4859,"one digit, last group",-1.9482685301774584e-10,81,-2.33460983021939e-10
00653004859,006-5300-4859,"one digit, last group",-1.9482685301774584e-10,82,8.756139267296532e-11
00653004859,006-5300-4859,"one digit, last group",-1.9482685301774584e-10,83,-7.321177030566027e-11
00653004859,006-5300-4859,"one digit, last group",-1.9482685301774584e-10,84,-3.7032566994704586e-11
00653004859,006-5300-4859,"one digit, last group",-1.9482685301774584e-10,85,-4.175383829152652e-11
00653004859,006-5300-4859,"one digit, last group",-1.9482685301774584e-10,86,2.4144218403616714e-10
00653004859,006-5300-4859,"one digit, last group",-1.9482685301774584e-10,87,1.146588297060949e-10
00653004859,006-5300-4859,"one digit, last group",-1.9482685301774584e-10,88,-1.3351369003105886e-10
00653004859,006-5300-4859,"one digit, last group",-1.9482685301774584e-10,89,1.0028891918804451e-10
00653004859,006-5300-4859,"one digit, last group",-1.9482685301774584e-10,90,-1.2568743748828347e-10
00653004859,006-5300-4859,"one digit, last group",-1.9482685301774584e-10,91,-2.3038059119400645e-10
00653004859,006-5300-4859,"one digit, last group",-1.9482685301774584e-10,92,3.396982174530226e-11
00653004859,006-5300-4859,"one digit, last group",-1.9482685301774584e-10,93,2.4046028119485278e-11
00653004859,006-5300-4859,"one digit, last group",-1.9482685301774584e-10,94,-1.4475119429948725e-10
00653004859,006-5300-4859,"one digit, last group",-1.9482685301774584e-10,95,2.2346759330744445e-10
00653004859,006-5300-4859,"one digit, last group",-1.9482685301774584e-10,96,-5.387841948288807e-11
00653004859,006-5300-4859,"one digit, last group",-1.9482685301774584e-10,97,1.0505010057953683e-10
00653004859,006-5300-4859,"one digit, last group",-1.9482685301774584e-10,98,-1.659082633681884e-10
00653004859,006-5300-4859,"one digit, last group",-1.9482685301774584e-10,99,-8.444700916069222e-11
00653004859,006-5300-4859,"one digit, last group",-1.9482685301774584e-10,100,7.055459523845671e-13
00653004859,006-5300-4859,"one digit, last group",-1.9482685301774584e-10,101,2.3688692281322625e-10
00653004859,006-5300-4859,"one digit, last group",-1.9482685301774584e-10,102,-2.5459941839532196e-10
00653004859,006-5300-4859,"one digit, last group",-1.9482685301774584e-10,103,-1.7639119466807286e-10
00653004859,006-5300-4859,"one digit, last group",-1.9482685301774584e-10,104,-3.4296533777885134e-10
00653004859,006-5300-4859,"one digit, last group",-1.9482685301774584e-10,105,-7.0145303970952275e-12
00653004859,006-5300-4859,"one digit, last group",-1.9482685301774584e-10,106,-1.0678095197238681e-10
00653004859,006-5300-4859,"one digit, last group",-1.9482685301774584e-10,107,-1.71461825781828e-11
00653004859,006-5300-4859,"one digit, last group",-1.9482685301774584e-10,108,1.975796288616281e-10
00653004859,006-5300-4859,"one digit, last group",-1.9482685301774584e-10,109,-9.797514417085627e-11
00653004859,006-5300-4859,"one digit, last group",-1.9482685301774584e-10,110,4.8974560028035376e-11
00653004859,006-5300-4859,"one digit, last group",-1.9482685301774584e-10,111,1.4015720614389537e-10
00653004859,006-5300-4859,"one digit, last group",-1.9482685301774584e-10,112,-3.037116527898747e-11
00653004859,006-5300-4859,"one digit, last group",-1.9482685301774584e-10,113,1.0668092130197176e-11
00653004859,006-5300-4859,"one digit, last group",-1.9482685301774584e-10,114,8.367362256017893e-11
00653004859,006-5300-4859,"one digit, last group",-1.9482685301774584e-10,115,-5.027627172825698e-11
00653004859,006-5300-4859,"one digit, last group",-1.9482685301774584e-10,116,6.330895358682661e-11
00653004859,006-5300-4859,"one digit, last group",-1.9482685301774584e-10,117,1.0566035531132855e-12
00653004859,006-5300-4859,"one digit, last group",-1.9482685301774584e-10,118,2.3229767542457681e-10
00653004859,006-5300-4859,"one digit, last group",-1.9482685301774584e-10,119,-1.0431064539619517e-10
00653004859,006-5300-4859,"one digit, last group",-1.9482685301774584e-10,120,-1.3101810790003863e-10
00653004859,006-5300-4859,"one digit, last group",-1.9482685301774584e-10,121,-2.456294779907025e-10
00653004859,006-5300-4859,"one digit, last group",-1.9482685301774584e-10,122,-9.274706770784741e-11
00653004859,006-5300-4859,"one digit, last group",-1.9482685301774584e-10,123,1.0378471342888922e-10
00653004859,006-5300-4859,"one digit, last group",-1.9482685301774584e-10,124,9.703558055295702e-11
00653004859,006-5300-4859,"one digit, last group",-1.9482685301774584e-10,125,-3.829615467518568e-10
00653004859,006-5300-4859,"one digit, last group",-1.9482685301774584e-10,126,6.898494007190929e-11
00653004859,006-5300-4859,"one digit, last group",-1.9482685301774584e-10,127,-7.599838272265941e-11
00653004859,006-5300-4859,"one digit, last group",-1.9482685301774584e-10,128,2.8964911270167845e-11
00653004859,006-5300-4859,"one digit, last group",-1.9482685301774584e-10,129,8.880709338725634e-11
00653004859,006-5300-4859,"one digit, last group",-1.9482685301774584e-10,130,-4.783319692451704e-11
00653004859,006-5300-4859,"one digit, last group",-1.9482685301774584e-10,131,7.174069089649414e-12
00653004859,006-5300-4859,"one digit, last group",-1.9482685301774584e-10,132,-5.6887542018623325e-11
00653004859,006-5300-4859,"one digit, last group",-1.9482685301774584e-10,133,-1.6485149451532592e-10
00653004859,006-5300-4859,"one digit, last group",-1.9482685301774584e-10,134,-1.2869957316998635e-10
00653004859,006-5300-4859,"one digit, last group",-1.9482685301774584e-10,135,-1.0612928348048871e-10
00653004859,006-5300-4859,"one digit, last group",-1.9482685301774584e-10,136,2.7021713397889114e-11
00653004859,006-5300-4859,"one digit, last group",-1.9482685301774584e-10,137,1.8873154161931127e-10
00653004859,006-5300-4859,"one digit, last group",-1.9482685301774584e-10,138,-1.475435640779639e-10
00653004859,006-5300-4859,"one digit, last group",-1.9482685301774584e-10,139,2.7035986146912316e-10
00653004859,006-5300-4859,"one digit, last group",-1.9482685301774584e-10,140,1.4843821009734062e-10
00653004859,006-5300-4859,"one digit, last group",-1.9482685301774584e-10,141,-2.62639913495507e-12
00653004859,006-5300-4859,"one digit, last group",-1.9482685301774584e-10,142,2.6227613560608035e-10
00653004859,006-5300-4859,"one digit, last group",-1.9482685301774584e-10,143,-7.014403981926815e-12
00653004859,006-5300-4859,"one digit, last group",-1.9482685301774584e-10,144,7.996709937781143e-11
00653004859,006-5300-4859,"one digit, last group",-1.9482685301774584e-10,145,6.558501645135846e-11
00653004859,006-5300-4859,"one digit, last group",-1.9482685301774584e-10,146,-2.438559757594853e-10
00653004859,006-5300-4859,"one digit, last group",-1.9482685301774584e-10,147,3.322618788491444e-10
00653004859,006-5300-4859,"one digit, last group",-1.9482685301774584e-10,148,-1.138432974822227e-11
00653004859,006-5300-4859,"one digit, last group",-1.9482685301774584e-10,149,1.994020538118221e-10
00653004859,006-5300-4859,"one digit, last group",-1.9482685301774584e-10,150,-6.238094358383641e-11
00653004859,006-5300-4859,"one digit, last group",-1.9482685301774584e-10,151,-5.774485557761666e-11
00653004859,006-5300-4859,"one digit, last group",-1.9482685301774584e-10,152,-2.669071577931636e-10
00653004859,006-5300-4859,"one digit, last group",-1.9482685301774584e-10,153,-3.464994629165278e-11
00653004859,006-5300-4859,"one digit, last group",-1.9482685301774584e-10,154,-3.556081559073485e-11
00653004859,006-5300-4859,"one digit, last group",-1.9482685301774584e-10,155,-5.25940725011036e-10
00653004859,006-5300-4859,"one digit, last group",-1.9482685301774584e-10,156,9.613713937458873e-11
00653004859,006-5300-4859,"one digit, last group",-1.9482685301774584e-10,157,3.542977953522882e-11
00653004859,006-5300-4859,"one digit, last group",-1.9482685301774584e-10,158,4.535583271670966e-11
00653004859,006-5300-4859,"one digit, last group",-1.9482685301774584e-10,159,-1.4921361150975917e-10
00653004859,006-5300-4859,"one digit, last group",-1.9482685301774584e-10,160,1.259517419130495e-10
00653004859,006-5300-4859,"one digit, last group",-1.9482685301774584e-10,161,4.5193858308570155e-11
00653004859,006-5300-4859,"one digit, last group",-1.9482685301774584e-10,162,8.848424919915744e-11
00653004859,006-5300-4859,"one digit, last group",-1.9482685301774584e-10,163,5.339090060830075e-11
00653004859,006-5300-4859,"one digit, last group",-1.9482685301774584e-10,164,-2.1564058667993986e-11
00653004859,006-5300-4859,"one digit, last group",-1.9482685301774584e-10,165,2.256220987481569e-10
00653004859,006-5300-4859,"one digit, last group",-1.9482685301774584e-10,166,4.064140032843822e-11
00653004859,006-5300-4859,"one digit, last group",-1.9482685301774584e-10,167,1.1026643288214178e-10
00653004859,006-5300-4859,"one digit, last group",-1.9482685301774584e-10,168,-4.705692188782725e-10
00653004859,006-5300-4859,"one digit, last group",-1.9482685301774584e-10,169,-2.1911444024880133e-10
00653004859,006-5300-4859,"one digit, last group",-1.9482685301774584e-10,170,-1.563742890437993e-11
00653004859,006-5300-4859,"one digit, last group",-1.9482685301774584e-10,171,3.090692764591688e-10
00653004859,006-5300-4859,"one digit, last group",-1.9482685301774584e-10,172,6.5897014660598026e-12
00653004859,006-5300-4859,"one digit, last group",-1.9482685301774584e-10,173,-2.2156780517568255e-10
00653004859,006-5300-4859,"one digit, last group",-1.9482685301774584e-10,174,-1.4697452832589147e-11
00653004859,006-5300-4859,"one digit, last group",-1.9482685301774584e-10,175,-1.9363819459121718e-10
00653004859,006-5300-4859,"one digit, last group",-1.9482685301774584e-10,176,-9.10574871976715e-11
00653004859,006-5300-4859,"one digit, last group",-1.9482685301774584e-10,177,2.115467134115579e-10
00653004859,006-5300-4859,"one digit, last group",-1.9482685301774584e-10,178,-1.7368220721375092e-10
00653004859,006-5300-4859,"one digit, last group",-1.9482685301774584e-10,179,3.058281119045467e-10
00653004859,006-5300-4859,"one digit, last group",-1.9482685301774584e-10,180,-3.417895432609977e-11
00653004859,006-5300-4859,"one digit, last group",-1.9482685301774584e-10,181,4.690891979324881e-10
00653004859,006-5300-4859,"one digit, last group",-1.9482685301774584e-10,182,8.448813933838108e-11
00653004859,006-5300-4859,"one digit, last group",-1.9482685301774584e-10,183,-2.0398390709249856e-10
00653004859,006-5300-4859,"one digit, last group",-1.9482685301774584e-10,184,-3.1586605100216126e-11
00653004859,006-5300-4859,"one digit, last group",-1.9482685301774584e-10,185,-3.0341688390304307e-11
00653004859,006-5300-4859,"one digit, last group",-1.9482685301774584e-10,186,-8.902543794885242e-11
00653004859,006-5300-4859,"one digit, last group",-1.9482685301774584e-10,187,3.896465668629867e-09
00653004859,006-5300-4859,"one digit, last group",-1.9482685301774584e-10,188,1.5984851081779685e-09
00653004859,006-5300-4859,"one digit, last group",-1.9482685301774584e-10,189,2.0807365084848195e-10
00653004859,006-5300-4859,"one digit, last group",-1.9482685301774584e-10,190,7.678069760135282e-11
00653004859,006-5300-4859,"one digit, last group",-1.9482685301774584e-10,191,-4.382312481303911e-11
00653004859,006-5300-4859,"one digit, last group",-1.9482685301774584e-10,192,-1.507103117734813e-10
00653004859,006-5300-4859,"one digit, last group",-1.9482685301774584e-10,193,-1.54553698478852e-10
00653004859,006-5300-4859,"one digit, last group",-1.9482685301774584e-10,194,4.863889738392686e-13
00653004859,006-5300-4859,"one digit, last group",-1.9482685301774584e-10,195,-1.5625022895859144e-10
00653004859,006-5300-4859,"one digit, last group",-1.9482685301774584e-10,196,2.2435157428768494e-12
00653004859,006-5300-4859,"one digit, last group",-1.9482685301774584e-10,197,1.0854374272320582e-10
00653004859,006-5300-4859,"one digit, last group",-1.9482685301774584e-10,198,3.7649939244351807e-11
00653004859,006-5300-4859,"one digit, last group",-1.9482685301774584e-10,199,5.290667442781703e-10
00653004859,006-5300-4859,"one digit, last group",-1.9482685301774584e-10,200,-4.852950625506141e-11
00653004859,006-5300-4859,"one digit, last group",-1.9482685301774584e-10,201,-3.3950809917588486e-11
00653004859,006-5300-4859,"one digit, last group",-1.9482685301774584e-10,202,-2.6373063238496994e-10
00653004859,006-5300-4859,"one digit, last group",-1.9482685301774584e-10,203,3.0267115335227995e-12
02050002924,020-5000-2924,"one digit, first group",-5.002738404242014e-10,0,3.657193448549203e-11
02050002924,020-5000-2924,"one digit, first group",-5.002738404242014e-10,1,-3.028379278227948e-11
02050002924,020-5000-2924,"one digit, first group",-5.002738404242014e-10,2,-1.112818835933741e-11
02050002924,020-5000-2924,"one digit, first group",-5.002738404242014e-10,3,-1.7491614397964105e-11
02050002924,020-5000-2924,"one digit, first group",-5.002738404242014e-10,4,-4.851931033034203e-11
02050002924,020-5000-2924,"one digit, first group",-5.002738404242014e-10,5,-4.904417970865478e-10
02050002924,020-5000-2924,"one digit, first group",-5.002738404242014e-10,6,-7.025327902657574e-11
02050002924,020-5000-2924,"one digit, first group",-5.002738404242014e-10,7,-1.3448323625015427e-10
02050002924,020-5000-2924,"one digit, first group",-5.002738404242014e-10,8,-1.311660148476805e-10
02050002924,020-5000-2924,"one digit, first group",-5.002738404242014e-10,9,1.1809880189727048e-10
02050002924,020-5000-2924,"one digit, first group",-5.002738404242014e-10,10,1.818638928728589e-11
02050002924,020-5000-2924,"one digit, first group",-5.002738404242014e-10,11,-3.6261798378927745e-11
02050002924,020-5000-2924,"one digit, first group",-5.002738404242014e-10,12,-9.425381420698441e-11
02050002924,020-5000-2924,"one digit, first group",-5.002738404242014e-10,13,2.3265996073307758e-10
02050002924,020-5000-2924,"one digit, first group",-5.002738404242014e-10,14,6.422063598882242e-11
02050002924,020-5000-2924,"one digit, first group",-5.002738404242014e-10,15,1.116085155451826e-11
02050002924,020-5000-2924,"one digit, first group",-5.002738404242014e-10,16,-9.370162423470852e-11
02050002924,020-5000-2924,"one digit, first group",-5.002738404242014e-10,17,-1.9816203096784168e-10
02050002924,020-5000-2924,"one digit, first group",-5.002738404242014e-10,18,-1.6142070332247015e-10
02050002924,020-5000-2924,"one digit, first group",-5.002738404242014e-10,19,-8.286249114283311e-11
02050002924,020-5000-2924,"one digit, first group",-5.002738404242014e-10,20,-8.681124700371618e-11
02050002924,020-5000-2924,"one digit, first group",-5.002738404242014e-10,21,1.625884283746358e-10
02050002924,020-5000-2924,"one digit, first group",-5.002738404242014e-10,22,3.5614893679083234e-10
02050002924,020-5000-2924,"one digit, first group",-5.002738404242014e-10,23,-1.5189936335532897e-10
02050002924,020-5000-2924,"one digit, first group",-5.002738404242014e-10,24,2.5534024531484606e-10
02050002924,020-5000-2924,"one digit, first group",-5.002738404242014e-10,25,5.035161369598007e-11
02050002924,020-5000-2924,"one digit, first group",-5.002738404242014e-10,26,1.5863652542763724e-10
02050002924,020-5000-2924,"one digit, first group",-5.002738404242014e-10,27,-3.791752608447518e-11
02050002924,020-5000-2924,"one digit, first group",-5.002738404242014e-10,28,1.0327303481944485e-11
02050002924,020-5000-2924,"one digit, first group",-5.002738404242014e-10,29,9.255905451232668e-11
02050002924,020-5000-2924,"one digit, first group",-5.002738404242014e-10,30,-6.682064299198875e-11
02050002924,020-5000-2924,"one digit, first group",-5.002738404242014e-10,31,-3.5303387542275745e-11
02050002924,020-5000-2924,"one digit, first group",-5.002738404242014e-10,32,-1.667506160489901e-10
02050002924,020-5000-2924,"one digit, first group",-5.002738404242014e-10,33,-2.6234804194050956e-10
02050002924,020-5000-2924,"one digit, first group",-5.002738404242014e-10,34,1.543409240655745e-10
02050002924,020-5000-2924,"one digit, first group",-5.002738404242014e-10,35,7.715687808464568e-11
02050002924,020-5000-2924,"one digit, first group",-5.002738404242014e-10,36,-7.017664657037855e-11
02050002924,020-5000-2924,"one digit, first group",-5.002738404242014e-10,37,9.559539510078981e-11
02050002924,020-5000-2924,"one digit, first group",-5.002738404242014e-10,38,-8.643093311845566e-12
02050002924,020-5000-2924,"one digit, first group",-5.002738404242014e-10,39,-1.6494629629723258e-10
02050002924,020-5000-2924,"one digit, first group",-5.002738404242014e-10,40,6.7340798663939445e-12
02050002924,020-5000-2924,"one digit, first group",-5.002738404242014e-10,41,-8.415267892684941e-11
02050002924,020-5000-2924,"one digit, first group",-5.002738404242014e-10,42,1.0447948319553133e-10
02050002924,020-5000-2924,"one digit, first group",-5.002738404242014e-10,43,-6.161679098890901e-11
02050002924,020-5000-2924,"one digit, first group",-5.002738404242014e-10,44,-4.2718054696461845e-11
02050002924,020-5000-2924,"one digit, first group",-5.002738404242014e-10,45,2.2848735521314419e-10
02050002924,020-5000-2924,"one digit, first group",-5.002738404242014e-10,46,-6.169736978015876e-11
02050002924,020-5000-2924,"one digit, first group",-5.002738404242014e-10,47,5.269013298195522e-11
02050002924,020-5000-2924,"one digit, first group",-5.002738404242014e-10,48,-3.6665468237192666e-11
02050002924,020-5000-2924,"one digit, first group",-5.002738404242014e-10,49,-1.1098565869871751e-10
02050002924,020-5000-2924,"one digit, first group",-5.002738404242014e-10,50,-3.6553733108161414e-10
02050002924,020-5000-2924,"one digit, first group",-5.002738404242014e-10,51,1.9137597027800397e-12
02050002924,020-5000-2924,"one digit, first group",-5.002738404242014e-10,52,1.047557851175748e-10
02050002924,020-5000-2924,"one digit, first group",-5.002738404242014e-10,53,6.71731951942782e-11
02050002924,020-5000-2924,"one digit, first group",-5.002738404242014e-10,54,-4.8852182304209613e-11
02050002924,020-5000-2924,"one digit, first group",-5.002738404242014e-10,55,-1.4280084025153206e-10
02050002924,020-5000-2924,"one digit, first group",-5.002738404242014e-10,56,-8.023834423559956e-11
02050002924,020-5000-2924,"one digit, first group",-5.002738404242014e-10,57,-1.0552197283341483e-10
02050002924,020-5000-2924,"one digit, first group",-5.002738404242014e-10,58,-4.619933496352236e-11
02050002924,020-5000-2924,"one digit, first group",-5.002738404242014e-10,59,-3.752161239270476e-11
02050002924,020-5000-2924,"one digit, first group",-5.002738404242014e-10,60,-2.468890102170137e-10
02050002924,020-5000-2924,"one digit, first group",-5.002738404242014e-10,61,3.738943445468292e-12
02050002924,020-5000-2924,"one digit, first group",-5.002738404242014e-10,62,4.686593966095264e-11
02050002924,020-5000-2924,"one digit, first group",-5.002738404242014e-10,63,8.260691185644611e-11
02050002924,020-5000-2924,"one digit, first group",-5.002738404242014e-10,64,-8.979053907513199e-11
02050002924,020-5000-2924,"one digit, first group",-5.002738404242014e-10,65,-2.3979967103107848e-11
02050002924,020-5000-2924,"one digit, first group",-5.002738404242014e-10,66,-2.5809076506456246e-10
02050002924,020-5000-2924,"one digit, first group",-5.002738404242014e-10,67,-7.291991547240424e-11
02050002924,020-5000-2924,"one digit, first group",-5.002738404242014e-10,68,5.4845906011694006e-11
02050002924,020-5000-2924,"one digit, first group",-5.002738404242014e-10,69,-3.4741845681322464e-10
02050002924,020-5000-2924,"one digit, first group",-5.002738404242014e-10,70,9.369775599743756e-11
02050002924,020-5000-2924,"one digit, first group",-5.002738404242014e-10,71,1.4371153631498916e-10
02050002924,020-5000-2924,"one digit, first group",-5.002738404242014e-10,72,3.762703240348717e-11
02050002924,020-5000-2924,"one digit, first group",-5.002738404242014e-10,73,1.7839457153923478e-11
02050002924,020-5000-2924,"one digit, first group",-5.002738404242014e-10,74,1.1704636471982368e-10
02050002924,020-5000-2924,"one digit, first group",-5.002738404242014e-10,75,-1.26707088151534e-10
02050002924,020-5000-2924,"one digit, first group",-5.002738404242014e-10,76,1.0275451333811302e-10
02050002924,020-5000-2924,"one digit, first group",-5.002738404242014e-10,77,-3.169137776336573e-11
02050002924,020-5000-2924,"one digit, first group",-5.002738404242014e-10,78,1.608200091733249e-10
02050002924,020-5000-2924,"one digit, first group",-5.002738404242014e-10,79,1.664808658045229e-11
02050002924,020-5000-2924,"one digit, first group",-5.002738404242014e-10,80,3.664900386339111e-11
02050002924,020-5000-2924,"one digit, first group",-5.002738404242014e-10,81,-1.5480687340118296e-10
02050002924,020-5000-2924,"one digit, first group",-5.002738404242014e-10,82,2.970575181078758e-10
02050002924,020-5000-2924,"one digit, first group",-5.002738404242014e-10,83,-1.5996663129150148e-11
02050002924,020-5000-2924,"one digit, first group",-5.002738404242014e-10,84,-6.285618949712736e-11
02050002924,020-5000-2924,"one digit, first group",-5.002738404242014e-10,85,2.97868287013925e-11
02050002924,020-5000-2924,"one digit, first group",-5.002738404242014e-10,86,-9.887008737874015e-11
02050002924,020-5000-2924,"one digit, first group",-5.002738404242014e-10,87,-5.662390233719051e-11
02050002924,020-5000-2924,"one digit, first group",-5.002738404242014e-10,88,-5.292961602432033e-12
02050002924,020-5000-2924,"one digit, first group",-5.002738404242014e-10,89,1.6210259447772265e-10
02050002924,020-5000-2924,"one digit, first group",-5.002738404242014e-10,90,-9.540512572503436e-11
02050002924,020-5000-2924,"one digit, first group",-5.002738404242014e-10,91,2.009960629404133e-11
02050002924,020-5000-2924,"one digit, first group",-5.002738404242014e-10,92,1.9667592362340947e-10
02050002924,020-5000-2924,"one digit, first group",-5.002738404242014e-10,93,-6.480452995840243e-11
02050002924,020-5000-2924,"one digit, first group",-5.002738404242014e-10,94,1.3686109843108363e-10
02050002924,020-5000-2924,"one digit, first group",-5.002738404242014e-10,95,-2.6051690319787672e-11
02050002924,020-5000-2924,"one digit, first group",-5.002738404242014e-10,96,2.3101418944142066e-10
02050002924,020-5000-2924,"one digit, first group",-5.002738404242014e-10,97,1.4852710395962034e-11
02050002924,020-5000-2924,"one digit, first group",-5.002738404242014e-10,98,-2.3091615435342923e-11
02050002924,020-5000-2924,"one digit, first group",-5.002738404242014e-10,99,-1.6746137600235062e-11
02050002924,020-5000-2924,"one digit, first group",-5.002738404242014e-10,100,-3.142187613727843e-11
02050002924,020-5000-2924,"one digit, first group",-5.002738404242014e-10,101,1.3279768063339595e-10
02050002924,020-5000-2924,"one digit, first group",-5.002738404242014e-10,102,2.5484944123778205e-11
02050002924,020-5000-2924,"one digit, first group",-5.002738404242014e-10,103,-1.2145776950003757e-10
02050002924,020-5000-2924,"one digit, first group",-5.002738404242014e-10,104,-5.007468269103497e-11
02050002924,020-5000-2924,"one digit, first group",-5.002738404242014e-10,105,-5.196932198612513e-11
02050002924,020-5000-2924,"one digit, first group",-5.002738404242014e-10,106,-4.116472900116904e-11
02050002924,020-5000-2924,"one digit, first group",-5.002738404242014e-10,107,3.220975069062387e-11
02050002924,020-5000-2924,"one digit, first group",-5.002738404242014e-10,108,4.384670191791865e-11
02050002924,020-5000-2924,"one digit, first group",-5.002738404242014e-10,109,4.982524172505621e-10
02050002924,020-5000-2924,"one digit, first group",-5.002738404242014e-10,110,-1.769445057848855e-11
02050002924,020-5000-2924,"one digit, first group",-5.002738404242014e-10,111,-6.720831624211923e-11
02050002924,020-5000-2924,"one digit, first group",-5.002738404242014e-10,112,-2.1826824282858544e-10
02050002924,020-5000-2924,"one digit, first group",-5.002738404242014e-10,113,-1.5442978607645462e-12
02050002924,020-5000-2924,"one digit, first group",-5.002738404242014e-10,114,7.360163996646399e-11
02050002924,020-5000-2924,"one digit, first group",-5.002738404242014e-10,115,7.104037978441351e-11
02050002924,020-5000-2924,"one digit, first group",-5.002738404242014e-10,116,-1.6592853378244055e-11
02050002924,020-5000-2924,"one digit, first group",-5.002738404242014e-10,117,-1.2335972216749943e-10
02050002924,020-5000-2924,"one digit, first group",-5.002738404242014e-10,118,3.3560948712739234e-10
02050002924,020-5000-2924,"one digit, first group",-5.002738404242014e-10,119,-8.767355383135376e-11
02050002924,020-5000-2924,"one digit, first group",-5.002738404242014e-10,120,-5.901328869154514e-11
02050002924,020-5000-2924,"one digit, first group",-5.002738404242014e-10,121,2.2629121963879562e-10
02050002924,020-5000-2924,"one digit, first group",-5.002738404242014e-10,122,1.5886410281519558e-10
02050002924,020-5000-2924,"one digit, first group",-5.002738404242014e-10,123,-7.1655194204608985e-12
02050002924,020-5000-2924,"one digit, first group",-5.002738404242014e-10,124,1.7800875773471e-10
02050002924,020-5000-2924,"one digit, first group",-5.002738404242014e-10,125,-2.856434205925231e-10
02050002924,020-5000-2924,"one digit, first group",-5.002738404242014e-10,126,-4.627140888464293e-11
02050002924,020-5000-2924,"one digit, first group",-5.002738404242014e-10,127,1.2075143025449174e-10
02050002924,020-5000-2924,"one digit, first group",-5.002738404242014e-10,128,2.1230795409290532e-10
02050002924,020-5000-2924,"one digit, first group",-5.002738404242014e-10,129,2.617849984115933e-11
02050002924,020-5000-2924,"one digit, first group",-5.002738404242014e-10,130,7.700106873680835e-11
02050002924,020-5000-2924,"one digit, first group",-5.002738404242014e-10,131,9.721947682284417e-11
02050002924,020-5000-2924,"one digit, first group",-5.002738404242014e-10,132,-5.0413781529470706e-11
02050002924,020-5000-2924,"one digit, first group",-5.002738404242014e-10,133,4.4097205778632455e-11
02050002924,020-5000-2924,"one digit, first group",-5.002738404242014e-10,134,5.023273928919986e-11
02050002924,020-5000-2924,"one digit, first group",-5.002738404242014e-10,135,9.010815969204804e-11
02050002924,020-5000-2924,"one digit, first group",-5.002738404242014e-10,136,4.068816686084245e-11
02050002924,020-5000-2924,"one digit, first group",-5.002738404242014e-10,137,-1.7682968901310346e-10
02050002924,020-5000-2924,"one digit, first group",-5.002738404242014e-10,138,-1.0980049694279455e-10
02050002924,020-5000-2924,"one digit, first group",-5.002738404242014e-10,139,-3.3869591754763985e-12
02050002924,020-5000-2924,"one digit, first group",-5.002738404242014e-10,140,5.348837372790016e-11
02050002924,020-5000-2924,"one digit, first group",-5.002738404242014e-10,141,-1.796983600682307e-10
02050002924,020-5000-2924,"one digit, first group",-5.002738404242014e-10,142,2.9241833509345245e-08
02050002924,020-5000-2924,"one digit, first group",-5.002738404242014e-10,143,-1.037427330195302e-08
02050002924,020-5000-2924,"one digit, first group",-5.002738404242014e-10,144,1.007530818726687e-10
02050002924,020-5000-2924,"one digit, first group",-5.002738404242014e-10,145,3.834195429293879e-08
02050002924,020-5000-2924,"one digit, first group",-5.002738404242014e-10,146,1.9336574897998532e-09
02050002924,020-5000-2924,"one digit, first group",-5.002738404242014e-10,147,-2.9221906394556177e-10
02050002924,020-5000-2924,"one digit, first group",-5.002738404242014e-10,148,-4.679268860014324e-10
02050002924,020-5000-2924,"one digit, first group",-5.002738404242014e-10,149,2.092289036123515e-09
02050002924,020-5000-2924,"one digit, first group",-5.002738404242014e-10,150,-4.018508223440602e-11
02050002924,020-5000-2924,"one digit, first group",-5.002738404242014e-10,151,-1.4655465797270486e-10
02050002924,020-5000-2924,"one digit, first group",-5.002738404242014e-10,152,1.820842713481108e-10
02050002924,020-5000-2924,"one digit, first group",-5.002738404242014e-10,153,-9.547150357220873e-12
02050002924,020-5000-2924,"one digit, first group",-5.002738404242014e-10,154,8.342152851680633e-11
02050002924,020-5000-2924,"one digit, first group",-5.002738404242014e-10,155,4.247406758379414e-11
02050002924,020-5000-2924,"one digit, first group",-5.002738404242014e-10,156,7.197224736299443e-11
02050002924,020-5000-2924,"one digit, first group",-5.002738404242014e-10,157,-2.1520172714208307e-11
02050002924,020-5000-2924,"one digit, first group",-5.002738404242014e-10,158,1.529497336678259e-10
02050002924,020-5000-2924,"one digit, first group",-5.002738404242014e-10,159,-4.53422977572839e-12
02050002924,020-5000-2924,"one digit, first group",-5.002738404242014e-10,160,5.968990755474661e-08
02050002924,020-5000-2924,"one digit, first group",-5.002738404242014e-10,161,-2.5079090057949473e-11
02050002924,020-5000-2924,"one digit, first group",-5.002738404242014e-10,162,-1.055331716046151e-12
02050002924,020-5000-2924,"one digit, first group",-5.002738404242014e-10,163,-1.7242199098749544e-10
02050002924,020-5000-2924,"one digit, first group",-5.002738404242014e-10,164,-3.6723700299972957e-09
02050002924,020-5000-2924,"one digit, first group",-5.002738404242014e-10,165,5.612659885888914e-11
02050002924,020-5000-2924,"one digit, first group",-5.002738404242014e-10,166,-3.5020798487338377e-11
02050002924,020-5000-2924,"one digit, first group",-5.002738404242014e-10,167,3.4171740539627194e-10
02050002924,020-5000-2924,"one digit, first group",-5.002738404242014e-10,168,4.6926266066777014e-11
02050002924,020-5000-2924,"one digit, first group",-5.002738404242014e-10,169,6.467345376473458e-11
02050002924,020-5000-2924,"one digit, first group",-5.002738404242014e-10,170,4.280668067879036e-11
02050002924,020-5000-2924,"one digit, first group",-5.002738404242014e-10,171,-2.0552086227405615e-10
02050002924,020-5000-2924,"one digit, first group",-5.002738404242014e-10,172,-2.6057086460993393e-11
02050002924,020-5000-2924,"one digit, first group",-5.002738404242014e-10,173,1.646861227521724e-10
02050002924,020-5000-2924,"one digit, first group",-5.002738404242014e-10,174,-8.596041118196721e-11
02050002924,020-5000-2924,"one digit, first group",-5.002738404242014e-10,175,-1.852086487343415e-10
02050002924,020-5000-2924,"one digit, first group",-5.002738404242014e-10,176,-2.77776400649586e-12
02050002924,020-5000-2924,"one digit, first group",-5.002738404242014e-10,177,-5.0661221059029453e-11
02050002924,020-5000-2924,"one digit, first group",-5.002738404242014e-10,178,2.481489796770982e-10
02050002924,020-5000-2924,"one digit, first group",-5.002738404242014e-10,179,4.0077852516553273e-10
02050002924,020-5000-2924,"one digit, first group",-5.002738404242014e-10,180,9.339622187094528e-11
02050002924,020-5000-2924,"one digit, first group",-5.002738404242014e-10,181,-1.4744440483962657e-10
02050002924,020-5000-2924,"one digit, first group",-5.002738404242014e-10,182,-8.049280049257423e-11
02050002924,020-5000-2924,"one digit, first group",-5.002738404242014e-10,183,-3.712012144112053e-11
02050002924,020-5000-2924,"one digit, first group",-5.002738404242014e-10,184,-2.7144181152077775e-12
02050002924,020-5000-2924,"one digit, first group",-5.002738404242014e-10,185,1.565987350167504e-10
02050002924,020-5000-2924,"one digit, first group",-5.002738404242014e-10,186,-5.169898521988958e-11
02050002924,020-5000-2924,"one digit, first group",-5.002738404242014e-10,187,-5.133582039174255e-12
02050002924,020-5000-2924,"one digit, first group",-5.002738404242014e-10,188,1.6013200549686e-10
02050002924,020-5000-2924,"one digit, first group",-5.002738404242014e-10,189,6.052668155399102e-12
02050002924,020-5000-2924,"one digit, first group",-5.002738404242014e-10,190,-8.27904693217443e-11
02050002924,020-5000-2924,"one digit, first group",-5.002738404242014e-10,191,1.0758791594711767e-11
02050002924,020-5000-2924,"one digit, first group",-5.002738404242014e-10,192,1.0761246945164316e-10
02050002924,020-5000-2924,"one digit, first group",-5.002738404242014e-10,193,1.3128329606559364e-10
02050002924,020-5000-2924,"one digit, first group",-5.002738404242014e-10,194,2.600906146759317e-12
02050002924,020-5000-2924,"one digit, first group",-5.002738404242014e-10,195,-1.99911697604773e-10
02050002924,020-5000-2924,"one digit, first group",-5.002738404242014e-10,196,-4.0601738837451594e-11
02050002924,020-5000-2924,"one digit, first group",-5.002738404242014e-10,197,5.5521114383385615e-11
02050002924,020-5000-2924,"one digit, first group",-5.002738404242014e-10,198,3.146729374646317e-10
02050002924,020-5000-2924,"one digit, first group",-5.002738404242014e-10,199,-8.26997205205568e-10
02050002924,020-5000-2924,"one digit, first group",-5.002738404242014e-10,200,-1.4921157629010783e-12
02050002924,020-5000-2924,"one digit, first group",-5.002738404242014e-10,201,1.841629829476083e-11
02050002924,020-5000-2924,"one digit, first group",-5.002738404242014e-10,202,-5.252908806236302e-10
02050002924,020-5000-2924,"one digit, first group",-5.002738404242014e-10,203,4.120955970487059e-11
01050102924,010-5010-2924,"one digit, middle group",-1.9843934215566214e-10,0,-1.5098447644796147e-11
01050102924,010-5010-2924,"one digit, middle group",-1.9843934215566214e-10,1,1.6165063227191377e-10
01050102924,010-5010-2924,"one digit, middle group",-1.9843934215566214e-10,2,2.1130987273290872e-10
01050102924,010-5010-2924,"one digit, middle group",-1.9843934215566214e-10,3,6.889695204596908e-12
01050102924,010-5010-2924,"one digit, middle group",-1.9843934215566214e-10,4,-5.7864099572464627e-11
01050102924,010-5010-2924,"one digit, middle group",-1.9843934215566214e-10,5,1.1984193440769345e-11
01050102924,010-5010-2924,"one digit, middle group",-1.9843934215566214e-10,6,1.9282696687240484e-10
01050102924,010-5010-2924,"one digit, middle group",-1.9843934215566214e-10,7,-1.494999747616835e-11
01050102924,010-5010-2924,"one digit, middle group",-1.9843934215566214e-10,8,7.706667555788334e-12
01050102924,010-5010-2924,"one digit, middle group",-1.9843934215566214e-10,9,-1.824370851073113e-11
01050102924,010-5010-2924,"one digit, middle group",-1.9843934215566214e-10,10,-2.5787430154530197e-11
01050102924,010-5010-2924,"one digit, middle group",-1.9843934215566214e-10,11,1.1648235982048825e-10
01050102924,010-5010-2924,"one digit, middle group",-1.9843934215566214e-10,12,1.773651346809718e-10
01050102924,010-5010-2924,"one digit, middle group",-1.9843934215566214e-10,13,-1.2899375192692015e-10
01050102924,010-5010-2924,"one digit, middle group",-1.9843934215566214e-10,14,-6.013871789265531e-11
01050102924,010-5010-2924,"one digit, middle group",-1.9843934215566214e-10,15,-8.925129394076034e-12
01050102924,010-5010-2924,"one digit, middle group",-1.9843934215566214e-10,16,-5.233142936674221e-10
01050102924,010-5010-2924,"one digit, middle group",-1.9843934215566214e-10,17,4.589338689666669e-10
01050102924,010-5010-2924,"one digit, middle group",-1.9843934215566214e-10,18,-3.453009089530776e-11
01050102924,010-5010-2924,"one digit, middle group",-1.9843934215566214e-10,19,8.709974448898762e-11
01050102924,010-5010-2924,"one digit, middle group",-1.9843934215566214e-10,20,2.9583298805736065e-11
01050102924,010-5010-2924,"one digit, middle group",-1.9843934215566214e-10,21,-1.560486923015231e-10
01050102924,010-5010-2924,"one digit, middle group",-1.9843934215566214e-10,22,5.0602115106927904e-11
01050102924,010-5010-2924,"one digit, middle group",-1.9843934215566214e-10,23,1.8927006331924658e-10
01050102924,010-5010-2924,"one digit, middle group",-1.9843934215566214e-10,24,3.7606352688796983e-10
01050102924,010-5010-2924,"one digit, middle group",-1.9843934215566214e-10,25,3.765398915619761e-11
01050102924,010-5010-2924,"one digit, middle group",-1.9843934215566214e-10,26,-4.600774028170685e-11
01050102924,010-5010-2924,"one digit, middle group",-1.9843934215566214e-10,27,1.1802607624906722e-10
01050102924,010-5010-2924,"one digit, middle group",-1.9843934215566214e-10,28,9.718204489105256e-11
01050102924,010-5010-2924,"one digit, middle group",-1.9843934215566214e-10,29,-1.3846070792584522e-11
01050102924,010-5010-2924,"one digit, middle group",-1.9843934215566214e-10,30,-2.9744537283180205e-10
01050102924,010-5010-2924,"one digit, middle group",-1.9843934215566214e-10,31,3.368055845906622e-11
01050102924,010-5010-2924,"one digit, middle group",-1.9843934215566214e-10,32,5.670224191166042e-10
01050102924,010-5010-2924,"one digit, middle group",-1.9843934215566214e-10,33,5.875095269130154e-11
01050102924,010-5010-2924,"one digit, middle group",-1.9843934215566214e-10,34,6.336933053732735e-11
01050102924,010-5010-2924,"one digit, middle group",-1.9843934215566214e-10,35,-2.435662557215225e-11
01050102924,010-5010-2924,"one digit, middle group",-1.9843934215566214e-10,36,4.575502822967704e-11
01050102924,010-5010-2924,"one digit, middle group",-1.9843934215566214e-10,37,-7.175462875720846e-11
01050102924,010-5010-2924,"one digit, middle group",-1.9843934215566214e-10,38,-9.65083207157175e-11
01050102924,010-5010-2924,"one digit, middle group",-1.9843934215566214e-10,39,8.685244187061801e-11
01050102924,010-5010-2924,"one digit, middle group",-1.9843934215566214e-10,40,2.66025092823824e-10
01050102924,010-5010-2924,"one digit, middle group",-1.9843934215566214e-10,41,1.4813212582394842e-11
01050102924,010-5010-2924,"one digit, middle group",-1.9843934215566214e-10,42,-3.0824666996618113e-11
01050102924,010-5010-2924,"one digit, middle group",-1.9843934215566214e-10,43,3.630075279994936e-11
01050102924,010-5010-2924,"one digit, middle group",-1.9843934215566214e-10,44,5.4821281663685754e-12
01050102924,010-5010-2924,"one digit, middle group",-1.9843934215566214e-10,45,7.146031234779568e-11
01050102924,010-5010-2924,"one digit, middle group",-1.9843934215566214e-10,46,-4.9473648329271674e-11
01050102924,010-5010-2924,"one digit, middle group",-1.9843934215566214e-10,47,-3.690526041831996e-11
01050102924,010-5010-2924,"one digit, middle group",-1.9843934215566214e-10,48,1.496606601204559e-10
01050102924,010-5010-2924,"one digit, middle group",-1.9843934215566214e-10,49,-5.949618607223475e-11
01050102924,010-5010-2924,"one digit, middle group",-1.9843934215566214e-10,50,4.361267813589084e-11
01050102924,010-5010-2924,"one digit, middle group",-1.9843934215566214e-10,51,-1.951476135211372e-11
01050102924,010-5010-2924,"one digit, middle group",-1.9843934215566214e-10,52,-3.344100584118601e-10
01050102924,010-5010-2924,"one digit, middle group",-1.9843934215566214e-10,53,-7.807739515955138e-11
01050102924,010-5010-2924,"one digit, middle group",-1.9843934215566214e-10,54,8.441333108156495e-11
01050102924,010-5010-2924,"one digit, middle group",-1.9843934215566214e-10,55,-6.895663187150047e-11
01050102924,010-5010-2924,"one digit, middle group",-1.9843934215566214e-10,56,-1.3602217231758876e-10
01050102924,010-5010-2924,"one digit, middle group",-1.9843934215566214e-10,57,2.0057975157475967e-12
01050102924,010-5010-2924,"one digit, middle group",-1.9843934215566214e-10,58,-6.321888789076781e-11
01050102924,010-5010-2924,"one digit, middle group",-1.9843934215566214e-10,59,3.55568059903564e-11
01050102924,010-5010-2924,"one digit, middle group",-1.9843934215566214e-10,60,-1.0548641061608094e-10
01050102924,010-5010-2924,"one digit, middle group",-1.9843934215566214e-10,61,-4.3367073846740854e-11
01050102924,010-5010-2924,"one digit, middle group",-1.9843934215566214e-10,62,-5.605116194731525e-11
01050102924,010-5010-2924,"one digit, middle group",-1.9843934215566214e-10,63,-3.754447930137951e-11
01050102924,010-5010-2924,"one digit, middle group",-1.9843934215566214e-10,64,1.8186044793706454e-10
01050102924,010-5010-2924,"one digit, middle group",-1.9843934215566214e-10,65,2.2179764539729945e-10
01050102924,010-5010-2924,"one digit, middle group",-1.9843934215566214e-10,66,-1.6793786267798464e-10
01050102924,010-5010-2924,"one digit, middle group",-1.9843934215566214e-10,67,-2.136154027384992e-10
01050102924,010-5010-2924,"one digit, middle group",-1.9843934215566214e-10,68,1.3245932144310904e-10
01050102924,010-5010-2924,"one digit, middle group",-1.9843934215566214e-10,69,-1.7357317478572854e-10
01050102924,010-5010-2924,"one digit, middle group",-1.9843934215566214e-10,70,2.59894684048051e-11
01050102924,010-5010-2924,"one digit, middle group",-1.9843934215566214e-10,71,-2.133140715909459e-12
01050102924,010-5010-2924,"one digit, middle group",-1.9843934215566214e-10,72,-5.2154936103662715e-12
01050102924,010-5010-2924,"one digit, middle group",-1.9843934215566214e-10,73,-9.069553724983689e-11
01050102924,010-5010-2924,"one digit, middle group",-1.9843934215566214e-10,74,3.951124957728476e-11
01050102924,010-5010-2924,"one digit, middle group",-1.9843934215566214e-10,75,1.0781901620771273e-10
01050102924,010-5010-2924,"one digit, middle group",-1.9843934215566214e-10,76,-5.7443280637161145e-11
01050102924,010-5010-2924,"one digit, middle group",-1.9843934215566214e-10,77,-5.7471541232102434e-12
01050102924,010-5010-2924,"one digit, middle group",-1.9843934215566214e-10,78,1.0502790087979486e-10
01050102924,010-5010-2924,"one digit, middle group",-1.9843934215566214e-10,79,-8.087059575460763e-11
01050102924,010-5010-2924,"one digit, middle group",-1.9843934215566214e-10,80,-3.62629653963557e-11
01050102924,010-5010-2924,"one digit, middle group",-1.9843934215566214e-10,81,2.022733536867312e-11
01050102924,010-5010-2924,"one digit, middle group",-1.9843934215566214e-10,82,3.46916626412948e-10
01050102924,010-5010-2924,"one digit, middle group",-1.9843934215566214e-10,83,-2.4990932876272907e-11
01050102924,010-5010-2924,"one digit, middle group",-1.9843934215566214e-10,84,3.4328751903863973e-11
01050102924,010-5010-2924,"one digit, middle group",-1.9843934215566214e-10,85,1.0605340990963396e-11
01050102924,010-5010-2924,"one digit, middle group",-1.9843934215566214e-10,86,-4.3571690552926765e-11
01050102924,010-5010-2924,"one digit, middle group",-1.9843934215566214e-10,87,2.0187979617142233e-11
01050102924,010-5010-2924,"one digit, middle group",-1.9843934215566214e-10,88,-3.382503986316846e-11
01050102924,010-5010-2924,"one digit, middle group",-1.9843934215566214e-10,89,4.050247424382699e-11
01050102924,010-5010-2924,"one digit, middle group",-1.9843934215566214e-10,90,1.0967584640670962e-10
01050102924,010-5010-2924,"one digit, middle group",-1.9843934215566214e-10,91,-3.3726431538222436e-10
01050102924,010-5010-2924,"one digit, middle group",-1.9843934215566214e-10,92,1.3334223765355266e-10
01050102924,010-5010-2924,"one digit, middle group",-1.9843934215566214e-10,93,1.5846843302783953e-11
01050102924,010-5010-2924,"one digit, middle group",-1.9843934215566214e-10,94,1.7977977783859616e-10
01050102924,010-5010-2924,"one digit, middle group",-1.9843934215566214e-10,95,-1.1824729854135888e-10
01050102924,010-5010-2924,"one digit, middle group",-1.9843934215566214e-10,96,1.5660971148383744e-10
01050102924,010-5010-2924,"one digit, middle group",-1.9843934215566214e-10,97,-2.446299199384002e-10
01050102924,010-5010-2924,"one digit, middle group",-1.9843934215566214e-10,98,4.5367871959761496e-11
01050102924,010-5010-2924,"one digit, middle group",-1.9843934215566214e-10,99,-1.140633754803678e-12
01050102924,010-5010-2924,"one digit, middle group",-1.9843934215566214e-10,100,-2.34824916874991e-11
01050102924,010-5010-2924,"one digit, middle group",-1.9843934215566214e-10,101,-1.1676473692612528e-10
01050102924,010-5010-2924,"one digit, middle group",-1.9843934215566214e-10,102,1.5077701434038008e-10
01050102924,010-5010-2924,"one digit, middle group",-1.9843934215566214e-10,103,5.839197192212692e-11
01050102924,010-5010-2924,"one digit, middle group",-1.9843934215566214e-10,104,-2.1504245224879853e-11
01050102924,010-5010-2924,"one digit, middle group",-1.9843934215566214e-10,105,-9.406955129052659e-11
01050102924,010-5010-2924,"one digit, middle group",-1.9843934215566214e-10,106,-7.237982171431984e-11
01050102924,010-5010-2924,"one digit, middle group",-1.9843934215566214e-10,107,-6.862202312930021e-11
01050102924,010-5010-2924,"one digit, middle group",-1.9843934215566214e-10,108,5.0772609933318415e-11
01050102924,010-5010-2924,"one digit, middle group",-1.9843934215566214e-10,109,-1.4462875849296944e-10
01050102924,010-5010-2924,"one digit, middle group",-1.9843934215566214e-10,110,-2.1465044434565875e-11
01050102924,010-5010-2924,"one digit, middle group",-1.9843934215566214e-10,111,-6.830205348424909e-12
01050102924,010-5010-2924,"one digit, middle group",-1.9843934215566214e-10,112,7.228282162898569e-10
01050102924,010-5010-2924,"one digit, middle group",-1.9843934215566214e-10,113,1.62929377646227e-11
01050102924,010-5010-2924,"one digit, middle group",-1.9843934215566214e-10,114,-1.1685882031156793e-10
01050102924,010-5010-2924,"one digit, middle group",-1.9843934215566214e-10,115,-3.3401967414439214e-11
01050102924,010-5010-2924,"one digit, middle group",-1.9843934215566214e-10,116,1.0210707403231805e-10
01050102924,010-5010-2924,"one digit, middle group",-1.9843934215566214e-10,117,1.7752674102720396e-11
01050102924,010-5010-2924,"one digit, middle group",-1.9843934215566214e-10,118,-5.73233889549869e-11
01050102924,010-5010-2924,"one digit, middle group",-1.9843934215566214e-10,119,1.865762442511884e-10
01050102924,010-5010-2924,"one digit, middle group",-1.9843934215566214e-10,120,-1.0713704162524568e-10
01050102924,010-5010-2924,"one digit, middle group",-1.9843934215566214e-10,121,-6.881995080344888e-11
01050102924,010-5010-2924,"one digit, middle group",-1.9843934215566214e-10,122,1.609384809720969e-10
01050102924,010-5010-2924,"one digit, middle group",-1.9843934215566214e-10,123,-6.058901383777864e-11
01050102924,010-5010-2924,"one digit, middle group",-1.9843934215566214e-10,124,1.0802702938284245e-10
01050102924,010-5010-2924,"one digit, middle group",-1.9843934215566214e-10,125,3.170513572396166e-10
01050102924,010-5010-2924,"one digit, middle group",-1.9843934215566214e-10,126,1.2571554619669267e-10
01050102924,010-5010-2924,"one digit, middle group",-1.9843934215566214e-10,127,-1.2115702091485368e-10
01050102924,010-5010-2924,"one digit, middle group",-1.9843934215566214e-10,128,1.9478477278039764e-10
01050102924,010-5010-2924,"one digit, middle group",-1.9843934215566214e-10,129,7.625708920453997e-11
01050102924,010-5010-2924,"one digit, middle group",-1.9843934215566214e-10,130,4.8464783807108256e-11
01050102924,010-5010-2924,"one digit, middle group",-1.9843934215566214e-10,131,1.506684241321716e-10
01050102924,010-5010-2924,"one digit, middle group",-1.9843934215566214e-10,132,-6.484707848697523e-11
01050102924,010-5010-2924,"one digit, middle group",-1.9843934215566214e-10,133,-1.6124180590757394e-10
01050102924,010-5010-2924,"one digit, middle group",-1.9843934215566214e-10,134,6.962261246921536e-11
01050102924,010-5010-2924,"one digit, middle group",-1.9843934215566214e-10,135,-1.6298578705849125e-11
01050102924,010-5010-2924,"one digit, middle group",-1.9843934215566214e-10,136,-8.620867997395924e-11
01050102924,010-5010-2924,"one digit, middle group",-1.9843934215566214e-10,137,1.109465810136069e-10
01050102924,010-5010-2924,"one digit, middle group",-1.9843934215566214e-10,138,6.718218011376309e-11
01050102924,010-5010-2924,"one digit, middle group",-1.9843934215566214e-10,139,-1.4896102345534837e-10
01050102924,010-5010-2924,"one digit, middle group",-1.9843934215566214e-10,140,-1.6541189036254832e-11
01050102924,010-5010-2924,"one digit, middle group",-1.9843934215566214e-10,141,9.357606415236096e-11
01050102924,010-5010-2924,"one digit, middle group",-1.9843934215566214e-10,142,-1.1488047278190922e-09
01050102924,010-5010-2924,"one digit, middle group",-1.9843934215566214e-10,143,1.657462694230501e-08
01050102924,010-5010-2924,"one digit, middle group",-1.9843934215566214e-10,144,5.391728609818914e-10
01050102924,010-5010-2924,"one digit, middle group",-1.9843934215566214e-10,145,-1.8979805853529556e-09
01050102924,010-5010-2924,"one digit, middle group",-1.9843934215566214e-10,146,1.1532484749982582e-09
01050102924,010-5010-2924,"one digit, middle group",-1.9843934215566214e-10,147,-2.4596620939186517e-09
01050102924,010-5010-2924,"one digit, middle group",-1.9843934215566214e-10,148,2.164182690627218e-09
01050102924,010-5010-2924,"one digit, middle group",-1.9843934215566214e-10,149,4.141783893131824e-09
01050102924,010-5010-2924,"one digit, middle group",-1.9843934215566214e-10,150,1.9496497708453128e-10
01050102924,010-5010-2924,"one digit, middle group",-1.9843934215566214e-10,151,3.330692128524213e-11
01050102924,010-5010-2924,"one digit, middle group",-1.9843934215566214e-10,152,8.934799765329283e-11
01050102924,010-5010-2924,"one digit, middle group",-1.9843934215566214e-10,153,-4.599651527440399e-11
01050102924,010-5010-2924,"one digit, middle group",-1.9843934215566214e-10,154,1.59489613498871e-11
01050102924,010-5010-2924,"one digit, middle group",-1.9843934215566214e-10,155,2.0595534176079694e-10
01050102924,010-5010-2924,"one digit, middle group",-1.9843934215566214e-10,156,-2.734734664946798e-09
01050102924,010-5010-2924,"one digit, middle group",-1.9843934215566214e-10,157,1.4405646468609296e-11
01050102924,010-5010-2924,"one digit, middle group",-1.9843934215566214e-10,158,1.5040121816996192e-10
01050102924,010-5010-2924,"one digit, middle group",-1.9843934215566214e-10,159,1.2881055135523213e-10
01050102924,010-5010-2924,"one digit, middle group",-1.9843934215566214e-10,160,9.462229258086799e-09
01050102924,010-5010-2924,"one digit, middle group",-1.9843934215566214e-10,161,-5.4874195697005175e-11
01050102924,010-5010-2924,"one digit, middle group",-1.9843934215566214e-10,162,3.904900998638013e-11
01050102924,010-5010-2924,"one digit, middle group",-1.9843934215566214e-10,163,8.566636614190845e-11
01050102924,010-5010-2924,"one digit, middle group",-1.9843934215566214e-10,164,1.087240437746813e-09
01050102924,010-5010-2924,"one digit, middle group",-1.9843934215566214e-10,165,-1.4033738011285108e-10
01050102924,010-5010-2924,"one digit, middle group",-1.9843934215566214e-10,166,3.714313289763752e-11
01050102924,010-5010-2924,"one digit, middle group",-1.9843934215566214e-10,167,-3.8561184348719225e-10
01050102924,010-5010-2924,"one digit, middle group",-1.9843934215566214e-10,168,1.8107210598945812e-10
01050102924,010-5010-2924,"one digit, middle group",-1.9843934215566214e-10,169,1.562531194758962e-11
01050102924,010-5010-2924,"one digit, middle group",-1.9843934215566214e-10,170,-1.744351128195223e-10
01050102924,010-5010-2924,"one digit, middle group",-1.9843934215566214e-10,171,-5.678007053995054e-11
01050102924,010-5010-2924,"one digit, middle group",-1.9843934215566214e-10,172,1.3523661416670322e-12
01050102924,010-5010-2924,"one digit, middle group",-1.9843934215566214e-10,173,-1.0634649816286878e-10
01050102924,010-5010-2924,"one digit, middle group",-1.9843934215566214e-10,174,5.7027559707408545e-11
01050102924,010-5010-2924,"one digit, middle group",-1.9843934215566214e-10,175,8.405889869591919e-11
01050102924,010-5010-2924,"one digit, middle group",-1.9843934215566214e-10,176,9.512625350577288e-12
01050102924,010-5010-2924,"one digit, middle group",-1.9843934215566214e-10,177,-1.2058733233439242e-10
01050102924,010-5010-2924,"one digit, middle group",-1.9843934215566214e-10,178,-1.1941281444145925e-10
01050102924,010-5010-2924,"one digit, middle group",-1.9843934215566214e-10,179,2.5621247340909904e-10
01050102924,010-5010-2924,"one digit, middle group",-1.9843934215566214e-10,180,1.862482256513788e-10
01050102924,010-5010-2924,"one digit, middle group",-1.9843934215566214e-10,181,2.8970957576288784e-10
01050102924,010-5010-2924,"one digit, middle group",-1.9843934215566214e-10,182,3.267137695265899e-10
01050102924,010-5010-2924,"one digit, middle group",-1.9843934215566214e-10,183,-8.575063664985297e-12
01050102924,010-5010-2924,"one digit, middle group",-1.9843934215566214e-10,184,1.7342620126957957e-12
01050102924,010-5010-2924,"one digit, middle group",-1.9843934215566214e-10,185,8.098867094222324e-11
01050102924,010-5010-2924,"one digit, middle group",-1.9843934215566214e-10,186,-9.006199640999985e-11
01050102924,010-5010-2924,"one digit, middle group",-1.9843934215566214e-10,187,4.749185459158798e-11
01050102924,010-5010-2924,"one digit, middle group",-1.9843934215566214e-10,188,-1.9376787556017264e-10
01050102924,010-5010-2924,"one digit, middle group",-1.9843934215566214e-10,189,1.612892031444609e-10
01050102924,010-5010-2924,"one digit, middle group",-1.9843934215566214e-10,190,-2.1524389287702173e-10
01050102924,010-5010-2924,"one digit, middle group",-1.9843934215566214e-10,191,2.3300934709037478e-11
01050102924,010-5010-2924,"one digit, middle group",-1.9843934215566214e-10,192,-5.7460852813162436e-11
01050102924,010-5010-2924,"one digit, middle group",-1.9843934215566214e-10,193,2.1424532783271934e-10
01050102924,010-5010-2924,"one digit, middle group",-1.9843934215566214e-10,194,-2.6260080315429212e-12
01050102924,010-5010-2924,"one digit, middle group",-1.9843934215566214e-10,195,-3.086255299416078e-10
01050102924,010-5010-2924,"one digit, middle group",-1.9843934215566214e-10,196,-9.713520230280408e-11
01050102924,010-5010-2924,"one digit, middle group",-1.9843934215566214e-10,197,-3.90749028307585e-10
01050102924,010-5010-2924,"one digit, middle group",-1.9843934215566214e-10,198,1.4034477256553177e-11
01050102924,010-5010-2924,"one digit, middle group",-1.9843934215566214e-10,199,-4.5772745942389837e-10
01050102924,010-5010-2924,"one digit, middle group",-1.9843934215566214e-10,200,-2.4974414994205536e-11
01050102924,010-5010-2924,"one digit, middle group",-1.9843934215566214e-10,201,-5.377885972640988e-13
01050102924,010-5010-2924,"one digit, middle group",-1.9843934215566214e-10,202,1.7054480764452068e-10
01050102924,010-5010-2924,"one digit, middle group",-1.9843934215566214e-10,203,-1.067025730705881e-11
01011112222,010-1111-2222,not in the log,4.124535348266006e-10,0,9.825775456859404e-11
01011112222,010-1111-2222,not in the log,4.124535348266006e-10,1,9.626874458609574e-11
01011112222,010-1111-2222,not in the log,4.124535348266006e-10,2,-3.159908852614888e-10
01011112222,010-1111-2222,not in the log,4.124535348266006e-10,3,-3.152435249868646e-11
01011112222,010-1111-2222,not in the log,4.124535348266006e-10,4,3.5744213262007684e-10
01011112222,010-1111-2222,not in the log,4.124535348266006e-10,5,5.487384559988825e-11
01011112222,010-1111-2222,not in the log,4.124535348266006e-10,6,-8.952988654555203e-11
01011112222,010-1111-2222,not in the log,4.124535348266006e-10,7,-4.225170330997619e-12
01011112222,010-1111-2222,not in the log,4.124535348266006e-10,8,-2.737565125233061e-11
01011112222,010-1111-2222,not in the log,4.124535348266006e-10,9,7.168110955761106e-11
01011112222,010-1111-2222,not in the log,4.124535348266006e-10,10,8.046515349053822e-11
01011112222,010-1111-2222,not in the log,4.124535348266006e-10,11,3.124732101464234e-10
01011112222,010-1111-2222,not in the log,4.124535348266006e-10,12,-1.1623924842702129e-10
01011112222,010-1111-2222,not in the log,4.124535348266006e-10,13,-5.568300836138497e-11
01011112222,010-1111-2222,not in the log,4.124535348266006e-10,14,7.093069623403399e-11
01011112222,010-1111-2222,not in the log,4.124535348266006e-10,15,1.234360543308905e-10
01011112222,010-1111-2222,not in the log,4.124535348266006e-10,16,1.6264987272974704e-10
01011112222,010-1111-2222,not in the log,4.124535348266006e-10,17,4.538718757673471e-10
01011112222,010-1111-2222,not in the log,4.124535348266006e-10,18,2.884980041519253e-11
01011112222,010-1111-2222,not in the log,4.124535348266006e-10,19,1.1883093810915545e-10
01011112222,010-1111-2222,not in the log,4.124535348266006e-10,20,-1.5909988428949942e-10
01011112222,010-1111-2222,not in the log,4.124535348266006e-10,21,1.3612823532441705e-10
01011112222,010-1111-2222,not in the log,4.124535348266006e-10,22,1.630456596030338e-11
01011112222,010-1111-2222,not in the log,4.124535348266006e-10,23,-1.3588233369511308e-11
01011112222,010-1111-2222,not in the log,4.124535348266006e-10,24,-2.3926454843571384e-11
01011112222,010-1111-2222,not in the log,4.124535348266006e-10,25,-7.882064332427056e-12
01011112222,010-1111-2222,not in the log,4.124535348266006e-10,26,-7.417054242727913e-11
01011112222,010-1111-2222,not in the log,4.124535348266006e-10,27,-9.115580060371297e-11
01011112222,010-1111-2222,not in the log,4.124535348266006e-10,28,3.061689686848999e-10
01011112222,010-1111-2222,not in the log,4.124535348266006e-10,29,-1.2819023576982012e-11
01011112222,010-1111-2222,not in the log,4.124535348266006e-10,30,2.3456410215637272e-12
01011112222,010-1111-2222,not in the log,4.124535348266006e-10,31,-1.0607377862411233e-10
01011112222,010-1111-2222,not in the log,4.124535348266006e-10,32,1.3440192535600157e-10
01011112222,010-1111-2222,not in the log,4.124535348266006e-10,33,-5.669656153501375e-11
01011112222,010-1111-2222,not in the log,4.124535348266006e-10,34,8.328081508208857e-11
01011112222,010-1111-2222,not in the log,4.124535348266006e-10,35,8.810038643011488e-13
01011112222,010-1111-2222,not in the log,4.124535348266006e-10,36,-5.7873982537106377e-11
01011112222,010-1111-2222,not in the log,4.124535348266006e-10,37,1.8581209725970252e-10
01011112222,010-1111-2222,not in the log,4.124535348266006e-10,38,-4.268609835651783e-11
01011112222,010-1111-2222,not in the log,4.124535348266006e-10,39,-1.34685627605316e-10
01011112222,010-1111-2222,not in the log,4.124535348266006e-10,40,-4.7938908949352237e-11
01011112222,010-1111-2222,not in the log,4.124535348266006e-10,41,4.4870098173082355e-11
01011112222,010-1111-2222,not in the log,4.124535348266006e-10,42,-1.8256035186663343e-11
01011112222,010-1111-2222,not in the log,4.124535348266006e-10,43,-5.937575920884367e-11
01011112222,010-1111-2222,not in the log,4.124535348266006e-10,44,3.726361455814811e-11
01011112222,010-1111-2222,not in the log,4.124535348266006e-10,45,-2.0557577091882416e-10
01011112222,010-1111-2222,not in the log,4.124535348266006e-10,46,1.304565674328501e-10
01011112222,010-1111-2222,not in the log,4.124535348266006e-10,47,4.307791461166038e-11
01011112222,010-1111-2222,not in the log,4.124535348266006e-10,48,-1.883330597162091e-10
01011112222,010-1111-2222,not in the log,4.124535348266006e-10,49,1.473494113053033e-10
01011112222,010-1111-2222,not in the log,4.124535348266006e-10,50,2.3171814175511217e-10
01011112222,010-1111-2222,not in the log,4.124535348266006e-10,51,1.8465786224897767e-11
01011112222,010-1111-2222,not in the log,4.124535348266006e-10,52,-3.9221294980501476e-10
01011112222,010-1111-2222,not in the log,4.124535348266006e-10,53,7.158210918422697e-11
01011112222,010-1111-2222,not in the log,4.124535348266006e-10,54,-2.3734477004548073e-11
01011112222,010-1111-2222,not in the log,4.124535348266006e-10,55,-1.3380399377399788e-10
01011112222,010-1111-2222,not in the log,4.124535348266006e-10,56,2.551989549978834e-11
01011112222,010-1111-2222,not in the log,4.124535348266006e-10,57,2.5461382629344295e-11
01011112222,010-1111-2222,not in the log,4.124535348266006e-10,58,-1.6408377573906898e-10
01011112222,010-1111-2222,not in the log,4.124535348266006e-10,59,-1.3633340687399541e-10
01011112222,010-1111-2222,not in the log,4.124535348266006e-10,60,-4.603008299328512e-10
01011112222,010-1111-2222,not in the log,4.124535348266006e-10,61,1.188177104077799e-10
01011112222,010-1111-2222,not in the log,4.124535348266006e-10,62,-1.5051645315950472e-10
01011112222,010-1111-2222,not in the log,4.124535348266006e-10,63,-1.289134689635903e-10
01011112222,010-1111-2222,not in the log,4.124535348266006e-10,64,-1.0700503195187492e-10
01011112222,010-1111-2222,not in the log,4.124535348266006e-10,65,1.416761807694812e-10
01011112222,010-1111-2222,not in the log,4.124535348266006e-10,66,2.600753485691702e-10
01011112222,010-1111-2222,not in the log,4.124535348266006e-10,67,-1.3022524303881597e-10
01011112222,010-1111-2222,not in the log,4.124535348266006e-10,68,-8.338628869951962e-11
01011112222,010-1111-2222,not in the log,4.124535348266006e-10,69,-8.285957792673838e-11
01011112222,010-1111-2222,not in the log,4.124535348266006e-10,70,4.060155457959009e-11
01011112222,010-1111-2222,not in the log,4.124535348266006e-10,71,8.909822173815235e-11
01011112222,010-1111-2222,not in the log,4.124535348266006e-10,72,-1.6888936483748094e-11
01011112222,010-1111-2222,not in the log,4.124535348266006e-10,73,3.099933984750192e-11
01011112222,010-1111-2222,not in the log,4.124535348266006e-10,74,-3.837506830691302e-10
01011112222,010-1111-2222,not in the log,4.124535348266006e-10,75,1.7160983675120518e-11
01011112222,010-1111-2222,not in the log,4.124535348266006e-10,76,-1.3566317541467464e-11
01011112222,010-1111-2222,not in the log,4.124535348266006e-10,77,7.694666854528721e-11
01011112222,010-1111-2222,not in the log,4.124535348266006e-10,78,2.1786582934962147e-10
01011112222,010-1111-2222,not in the log,4.124535348266006e-10,79,-8.972535232703764e-11
01011112222,010-1111-2222,not in the log,4.124535348266006e-10,80,9.761317522357011e-11
01011112222,010-1111-2222,not in the log,4.124535348266006e-10,81,1.352525958512279e-10
01011112222,010-1111-2222,not in the log,4.124535348266006e-10,82,-3.5242990543838937e-10
01011112222,010-1111-2222,not in the log,4.124535348266006e-10,83,-5.406458529787371e-11
01011112222,010-1111-2222,not in the log,4.124535348266006e-10,84,-1.1816297314163099e-11
01011112222,010-1111-2222,not in the log,4.124535348266006e-10,85,-5.013448971709999e-11
01011112222,010-1111-2222,not in the log,4.124535348266006e-10,86,-2.370168105420989e-10
01011112222,010-1111-2222,not in the log,4.124535348266006e-10,87,-2.7483328109942172e-11
01011112222,010-1111-2222,not in the log,4.124535348266006e-10,88,3.173920407897284e-11
01011112222,010-1111-2222,not in the log,4.124535348266006e-10,89,2.5438002505102973e-11
01011112222,010-1111-2222,not in the log,4.124535348266006e-10,90,6.456249880894008e-11
01011112222,010-1111-2222,not in the log,4.124535348266006e-10,91,1.539311449905881e-10
01011112222,010-1111-2222,not in the log,4.124535348266006e-10,92,4.559499447254638e-12
01011112222,010-1111-2222,not in the log,4.124535348266006e-10,93,-2.204081220453202e-10
01011112222,010-1111-2222,not in the log,4.124535348266006e-10,94,-1.0576571059792454e-11
01011112222,010-1111-2222,not in the log,4.124535348266006e-10,95,5.924484209245226e-11
01011112222,010-1111-2222,not in the log,4.124535348266006e-10,96,-4.247513483642181e-11
01011112222,010-1111-2222,not in the log,4.124535348266006e-10,97,-2.717504758097822e-10
01011112222,010-1111-2222,not in the log,4.124535348266006e-10,98,-2.7551381681426015e-10
01011112222,010-1111-2222,not in the log,4.124535348266006e-10,99,-2.001214715520693e-11
01011112222,010-1111-2222,not in the log,4.124535348266006e-10,100,1.7420782955396386e-10
01011112222,010-1111-2222,not in the log,4.124535348266006e-10,101,3.6443726786589157e-10
01011112222,010-1111-2222,not in the log,4.124535348266006e-10,102,3.425237455962541e-11
01011112222,010-1111-2222,not in the log,4.124535348266006e-10,103,-2.6870833373752905e-10
01011112222,010-1111-2222,not in the log,4.124535348266006e-10,104,-3.8271615563832946e-11
01011112222,010-1111-2222,not in the log,4.124535348266006e-10,105,-8.377702597155933e-11
01011112222,010-1111-2222,not in the log,4.124535348266006e-10,106,2.719265426546852e-11
01011112222,010-1111-2222,not in the log,4.124535348266006e-10,107,-1.252024841860198e-10
01011112222,010-1111-2222,not in the log,4.124535348266006e-10,108,-5.0864009459146006e-11
01011112222,010-1111-2222,not in the log,4.124535348266006e-10,109,1.0456498733731411e-11
01011112222,010-1111-2222,not in the log,4.124535348266006e-10,110,-8.521892754459808e-11
01011112222,010-1111-2222,not in the log,4.124535348266006e-10,111,-9.838026491734467e-11
01011112222,010-1111-2222,not in the log,4.124535348266006e-10,112,3.9729385466320145e-11
01011112222,010-1111-2222,not in the log,4.124535348266006e-10,113,1.8591692444152457e-12
01011112222,010-1111-2222,not in the log,4.124535348266006e-10,114,-9.122268320791286e-12
01011112222,010-1111-2222,not in the log,4.124535348266006e-10,115,-2.3439308896998546e-11
01011112222,010-1111-2222,not in the log,4.124535348266006e-10,116,-1.241480468401354e-10
01011112222,010-1111-2222,not in the log,4.124535348266006e-10,117,1.5067598822617512e-10
01011112222,010-1111-2222,not in the log,4.124535348266006e-10,118,3.767047342149158e-10
01011112222,010-1111-2222,not in the log,4.124535348266006e-10,119,4.995230037657413e-11
01011112222,010-1111-2222,not in the log,4.124535348266006e-10,120,-7.554206059093127e-11
01011112222,010-1111-2222,not in the log,4.124535348266006e-10,121,1.170632107088203e-10
01011112222,010-1111-2222,not in the log,4.124535348266006e-10,122,3.016275227905531e-10
01011112222,010-1111-2222,not in the log,4.124535348266006e-10,123,-1.2990896415455202e-10
01011112222,010-1111-2222,not in the log,4.124535348266006e-10,124,3.005344347327303e-10
01011112222,010-1111-2222,not in the log,4.124535348266006e-10,125,9.04708315433691e-11
01011112222,010-1111-2222,not in the log,4.124535348266006e-10,126,7.846526159329493e-11
01011112222,010-1111-2222,not in the log,4.124535348266006e-10,127,-1.1679203756387853e-10
01011112222,010-1111-2222,not in the log,4.124535348266006e-10,128,2.2715683603125925e-11
01011112222,010-1111-2222,not in the log,4.124535348266006e-10,129,-7.26028046554373e-11
01011112222,010-1111-2222,not in the log,4.124535348266006e-10,130,-3.8288015689568754e-11
01011112222,010-1111-2222,not in the log,4.124535348266006e-10,131,-1.341346943486258e-10
01011112222,010-1111-2222,not in the log,4.124535348266006e-10,132,-8.007561440938423e-11
01011112222,010-1111-2222,not in the log,4.124535348266006e-10,133,-2.296212400493157e-10
01011112222,010-1111-2222,not in the log,4.124535348266006e-10,134,4.493632348225217e-11
01011112222,010-1111-2222,not in the log,4.124535348266006e-10,135,-1.036460155549987e-10
01011112222,010-1111-2222,not in the log,4.124535348266006e-10,136,-5.164426689337548e-11
01011112222,010-1111-2222,not in the log,4.124535348266006e-10,137,1.965151114000579e-10
01011112222,010-1111-2222,not in the log,4.124535348266006e-10,138,-1.210485065429645e-10
01011112222,010-1111-2222,not in the log,4.124535348266006e-10,139,-8.361306851383761e-11
01011112222,010-1111-2222,not in the log,4.124535348266006e-10,140,2.2919554816211704e-11
01011112222,010-1111-2222,not in the log,4.124535348266006e-10,141,-1.590472018104717e-10
01011112222,010-1111-2222,not in the log,4.124535348266006e-10,142,-2.660217036664961e-10
01011112222,010-1111-2222,not in the log,4.124535348266006e-10,143,1.5617580310102813e-10
01011112222,010-1111-2222,not in the log,4.124535348266006e-10,144,-6.71774178468629e-11
01011112222,010-1111-2222,not in the log,4.124535348266006e-10,145,1.6094292504682184e-11
01011112222,010-1111-2222,not in the log,4.124535348266006e-10,146,9.509305265945021e-11
01011112222,010-1111-2222,not in the log,4.124535348266006e-10,147,-2.6894971506369557e-11
01011112222,010-1111-2222,not in the log,4.124535348266006e-10,148,1.1195446601120517e-10
01011112222,010-1111-2222,not in the log,4.124535348266006e-10,149,-2.687466410438032e-10
01011112222,010-1111-2222,not in the log,4.124535348266006e-10,150,-1.298519144898641e-10
01011112222,010-1111-2222,not in the log,4.124535348266006e-10,151,-1.3471323685534955e-10
01011112222,010-1111-2222,not in the log,4.124535348266006e-10,152,-5.886840189681758e-11
01011112222,010-1111-2222,not in the log,4.124535348266006e-10,153,-9.798873771249289e-11
01011112222,010-1111-2222,not in the log,4.124535348266006e-10,154,7.507373787337556e-11
01011112222,010-1111-2222,not in the log,4.124535348266006e-10,155,9.690169864850281e-11
01011112222,010-1111-2222,not in the log,4.124535348266006e-10,156,-3.912636776217497e-11
01011112222,010-1111-2222,not in the log,4.124535348266006e-10,157,-5.993624392463984e-11
01011112222,010-1111-2222,not in the log,4.124535348266006e-10,158,4.2708718914489355e-11
01011112222,010-1111-2222,not in the log,4.124535348266006e-10,159,-1.7836895970713378e-11
01011112222,010-1111-2222,not in the log,4.124535348266006e-10,160,-2.5166658577756204e-10
01011112222,010-1111-2222,not in the log,4.124535348266006e-10,161,5.998035455396046e-11
01011112222,010-1111-2222,not in the log,4.124535348266006e-10,162,-3.4841787835273654e-11
01011112222,010-1111-2222,not in the log,4.124535348266006e-10,163,6.143442921100623e-11
01011112222,010-1111-2222,not in the log,4.124535348266006e-10,164,3.231088169024638e-11
01011112222,010-1111-2222,not in the log,4.124535348266006e-10,165,-1.9222693940054237e-10
01011112222,010-1111-2222,not in the log,4.124535348266006e-10,166,3.9191650273374124e-11
01011112222,010-1111-2222,not in the log,4.124535348266006e-10,167,4.949314139396105e-10
01011112222,010-1111-2222,not in the log,4.124535348266006e-10,168,-4.337048801255231e-10
01011112222,010-1111-2222,not in the log,4.124535348266006e-10,169,-6.727725670770533e-11
01011112222,010-1111-2222,not in the log,4.124535348266006e-10,170,9.859843744599229e-12
01011112222,010-1111-2222,not in the log,4.124535348266006e-10,171,7.225110234796151e-11
01011112222,010-1111-2222,not in the log,4.124535348266006e-10,172,5.218247445978396e-11
01011112222,010-1111-2222,not in the log,4.124535348266006e-10,173,-2.901409015331686e-12
01011112222,010-1111-2222,not in the log,4.124535348266006e-10,174,-1.9507306952642018e-11
01011112222,010-1111-2222,not in the log,4.124535348266006e-10,175,1.5618603781164912e-10
01011112222,010-1111-2222,not in the log,4.124535348266006e-10,176,-4.564704873943162e-11
01011112222,010-1111-2222,not in the log,4.124535348266006e-10,177,-2.2400965954700164e-10
01011112222,010-1111-2222,not in the log,4.124535348266006e-10,178,-5.1474018273986314e-11
01011112222,010-1111-2222,not in the log,4.124535348266006e-10,179,-3.022559510045387e-10
01011112222,010-1111-2222,not in the log,4.124535348266006e-10,180,8.919916804866532e-11
01011112222,010-1111-2222,not in the log,4.124535348266006e-10,181,2.9521797101027404e-10
01011112222,010-1111-2222,not in the log,4.124535348266006e-10,182,7.842090000354183e-11
01011112222,010-1111-2222,not in the log,4.124535348266006e-10,183,-7.56876946220308e-11
01011112222,010-1111-2222,not in the log,4.124535348266006e-10,184,1.5540340634736495e-11
01011112222,010-1111-2222,not in the log,4.124535348266006e-10,185,3.443369503117361e-11
01011112222,010-1111-2222,not in the log,4.124535348266006e-10,186,1.3054056325040597e-10
01011112222,010-1111-2222,not in the log,4.124535348266006e-10,187,-6.665498934483556e-11
01011112222,010-1111-2222,not in the log,4.124535348266006e-10,188,2.0203335661972333e-10
01011112222,010-1111-2222,not in the log,4.124535348266006e-10,189,-7.489796881870487e-11
01011112222,010-1111-2222,not in the log,4.124535348266006e-10,190,1.2699832992152546e-10
01011112222,010-1111-2222,not in the log,4.124535348266006e-10,191,2.461997624973364e-11
01011112222,010-1111-2222,not in the log,4.124535348266006e-10,192,-1.63668793017852e-10
01011112222,010-1111-2222,not in the log,4.124535348266006e-10,193,-7.137061277109707e-10
01011112222,010-1111-2222,not in the log,4.124535348266006e-10,194,1.1371954876644196e-11
01011112222,010-1111-2222,not in the log,4.124535348266006e-10,195,1.5837962007908153e-10
01011112222,010-1111-2222,not in the log,4.124535348266006e-10,196,3.487664206502256e-11
01011112222,010-1111-2222,not in the log,4.124535348266006e-10,197,-3.0930460900437845e-10
01011112222,010-1111-2222,not in the log,4.124535348266006e-10,198,-1.333215067663123e-10
01011112222,010-1111-2222,not in the log,4.124535348266006e-10,199,7.091575141264657e-10
01011112222,010-1111-2222,not in the log,4.124535348266006e-10,200,-2.675580611944098e-11
01011112222,010-1111-2222,not in the log,4.124535348266006e-10,201,-4.7367233375243505e-12
01011112222,010-1111-2222,not in the log,4.124535348266006e-10,202,-2.4851249330647105e-10
01011112222,010-1111-2222,not in the log,4.124535348266006e-10,203,-1.0344559583235723e-11
