target,grouped,description,exist_value,slot,decrypted
01050002924,010-5000-2924,original,1.0000000004341856,0,-4.685610605677099e-11
01050002924,010-5000-2924,original,1.0000000004341856,1,9.91459933067251e-11
01050002924,010-5000-2924,original,1.0000000004341856,2,-1.4758480488482034e-10
01050002924,010-5000-2924,original,1.0000000004341856,3,2.6790941585184697e-11
01050002924,010-5000-2924,original,1.0000000004341856,4,9.17578636232812e-11
01050002924,010-5000-2924,original,1.0000000004341856,5,-4.284082061908009e-10
01050002924,010-5000-2924,original,1.0000000004341856,6,-1.9202138779459218e-10
01050002924,010-5000-2924,original,1.0000000004341856,7,-2.5097032624468365e-10
01050002924,010-5000-2924,original,1.0000000004341856,8,-8.219972878828814e-11
01050002924,010-5000-2924,original,1.0000000004341856,9,-1.4895819069959278e-10
01050002924,010-5000-2924,original,1.0000000004341856,10,-1.5069856368216477e-11
01050002924,010-5000-2924,original,1.0000000004341856,11,1.868026571258433e-10
01050002924,010-5000-2924,original,1.0000000004341856,12,-1.6913107227136235e-10
01050002924,010-5000-2924,original,1.0000000004341856,13,2.6642402239144875e-10
01050002924,010-5000-2924,original,1.0000000004341856,14,6.019085467542915e-11
01050002924,010-5000-2924,original,1.0000000004341856,15,3.8568193214691374e-11
01050002924,010-5000-2924,original,1.0000000004341856,16,-1.7737379283683396e-10
01050002924,010-5000-2924,original,1.0000000004341856,17,6.261349846870779e-11
01050002924,010-5000-2924,original,1.0000000004341856,18,-1.468217419142329e-10
01050002924,010-5000-2924,original,1.0000000004341856,19,-6.062537089309406e-11
01050002924,010-5000-2924,original,1.0000000004341856,20,-5.1634904422468327e-11
01050002924,010-5000-2924,original,1.0000000004341856,21,-6.256082480479911e-12
01050002924,010-5000-2924,original,1.0000000004341856,22,1.284088868738438e-10
01050002924,010-5000-2924,original,1.0000000004341856,23,2.1156777045362558e-10
01050002924,010-5000-2924,original,1.0000000004341856,24,-5.131229151654615e-10
01050002924,010-5000-2924,original,1.0000000004341856,25,-7.640373697459193e-11
01050002924,010-5000-2924,original,1.0000000004341856,26,5.879695261649275e-10
01050002924,010-5000-2924,original,1.0000000004341856,27,-2.7314242289069264e-13
01050002924,010-5000-2924,original,1.0000000004341856,28,4.943919413104486e-11
01050002924,010-5000-2924,original,1.0000000004341856,29,1.7395619835502073e-11
01050002924,010-5000-2924,original,1.0000000004341856,30,-6.935656793418805e-11
01050002924,010-5000-2924,original,1.0000000004341856,31,-8.04455419846686e-11
01050002924,010-5000-2924,original,1.0000000004341856,32,1.1900211348981208e-10
01050002924,010-5000-2924,original,1.0000000004341856,33,2.5754233923463325e-10
01050002924,010-5000-2924,original,1.0000000004341856,34,-3.2458887451344845e-10
01050002924,010-5000-2924,original,1.0000000004341856,35,-9.475149912893753e-12
01050002924,010-5000-2924,original,1.0000000004341856,36,-8.370386075615709e-11
01050002924,010-5000-2924,original,1.0000000004341856,37,5.83404942155213e-11
01050002924,010-5000-2924,original,1.0000000004341856,38,1.9657247863740033e-10
01050002924,010-5000-2924,original,1.0000000004341856,39,-4.8374675041277554e-12
01050002924,010-5000-2924,original,1.0000000004341856,40,2.5747491378508315e-10
01050002924,010-5000-2924,original,1.0000000004341856,41,-6.387254719382341e-11
01050002924,010-5000-2924,original,1.0000000004341856,42,1.4931280912781737e-11
01050002924,010-5000-2924,original,1.0000000004341856,43,2.6164137868428197e-11
01050002924,010-5000-2924,original,1.0000000004341856,44,6.911939114627152e-12
01050002924,010-5000-2924,original,1.0000000004341856,45,1.1094576750090937e-10
01050002924,010-5000-2924,original,1.0000000004341856,46,-7.294686778679812e-11
01050002924,010-5000-2924,original,1.0000000004341856,47,8.229402794935092e-11
01050002924,010-5000-2924,original,1.0000000004341856,48,-2.006051225050992e-11
01050002924,010-5000-2924,original,1.0000000004341856,49,-1.6046002267527588e-10
01050002924,010-5000-2924,original,1.0000000004341856,50,-2.9052989245951697e-10
01050002924,010-5000-2924,original,1.0000000004341856,51,6.234623412306836e-12
01050002924,010-5000-2924,original,1.0000000004341856,52,1.965900278417247e-10
01050002924,010-5000-2924,original,1.0000000004341856,53,-8.196118179525374e-11
01050002924,010-5000-2924,original,1.0000000004341856,54,-4.104560107057478e-11
01050002924,010-5000-2924,original,1.0000000004341856,55,-1.2432447001298076e-10
01050002924,010-5000-2924,original,1.0000000004341856,56,-2.03941684227462e-10
01050002924,010-5000-2924,original,1.0000000004341856,57,5.2129856997959274e-11
01050002924,010-5000-2924,original,1.0000000004341856,58,7.714970330152566e-11
01050002924,010-5000-2924,original,1.0000000004341856,59,8.526465404139934e-11
01050002924,010-5000-2924,original,1.0000000004341856,60,-7.860781440386326e-11
01050002924,010-5000-2924,original,1.0000000004341856,61,-4.4869999970471535e-11
01050002924,010-5000-2924,original,1.0000000004341856,62,-1.0551116508486002e-10
01050002924,010-5000-2924,original,1.0000000004341856,63,9.949203832367842e-11
01050002924,010-5000-2924,original,1.0000000004341856,64,1.3471217591267626e-10
01050002924,010-5000-2924,original,1.0000000004341856,65,-8.714233638856062e-11
01050002924,010-5000-2924,original,1.0000000004341856,66,-1.4750794473834717e-10
01050002924,010-5000-2924,original,1.0000000004341856,67,1.0981231585746393e-10
01050002924,010-5000-2924,original,1.0000000004341856,68,-6.425835470574202e-11
01050002924,010-5000-2924,original,1.0000000004341856,69,2.791667533228398e-10
01050002924,010-5000-2924,original,1.0000000004341856,70,-9.598686709058318e-12
01050002924,010-5000-2924,original,1.0000000004341856,71,1.0542230162437021e-10
01050002924,010-5000-2924,original,1.0000000004341856,72,1.3970382264910154e-11
01050002924,010-5000-2924,original,1.0000000004341856,73,-1.2686741806362525e-10
01050002924,010-5000-2924,original,1.0000000004341856,74,1.4753686733754979e-10
01050002924,010-5000-2924,original,1.0000000004341856,75,9.998964570599966e-11
01050002924,010-5000-2924,original,1.0000000004341856,76,-7.31388449023501e-11
01050002924,010-5000-2924,original,1.0000000004341856,77,3.033866124002547e-11
01050002924,010-5000-2924,original,1.0000000004341856,78,1.0405839447370548e-10
01050002924,010-5000-2924,original,1.0000000004341856,79,4.7061820631627316e-11
01050002924,010-5000-2924,original,1.0000000004341856,80,7.888903130743775e-11
01050002924,010-5000-2924,original,1.0000000004341856,81,-6.80430820327165e-11
01050002924,010-5000-2924,original,1.0000000004341856,82,2.0736528488141266e-10
01050002924,010-5000-2924,original,1.0000000004341856,83,-6.094138402271519e-11
01050002924,010-5000-2924,original,1.0000000004341856,84,-5.1216388610125215e-11
01050002924,010-5000-2924,original,1.0000000004341856,85,-9.289068118448496e-12
01050002924,010-5000-2924,original,1.0000000004341856,86,5.944560741563825e-10
01050002924,010-5000-2924,original,1.0000000004341856,87,1.4556847887210508e-10
01050002924,010-5000-2924,original,1.0000000004341856,88,-7.936608070476767e-11
01050002924,010-5000-2924,original,1.0000000004341856,89,-2.1006623207846736e-10
01050002924,010-5000-2924,original,1.0000000004341856,90,7.48303692861025e-11
01050002924,010-5000-2924,original,1.0000000004341856,91,-3.205746840133299e-10
01050002924,010-5000-2924,original,1.0000000004341856,92,3.092917426558353e-10
01050002924,010-5000-2924,original,1.0000000004341856,93,-1.2787306315067535e-10
01050002924,010-5000-2924,original,1.0000000004341856,94,-6.888016937589017e-11
01050002924,010-5000-2924,original,1.0000000004341856,95,4.770974651343663e-12
01050002924,010-5000-2924,original,1.0000000004341856,96,-3.991222807873906e-10
01050002924,010-5000-2924,original,1.0000000004341856,97,-1.1872911295022157e-10
01050002924,010-5000-2924,original,1.0000000004341856,98,3.998979434216126e-11
01050002924,010-5000-2924,original,1.0000000004341856,99,7.38262472809778e-11
01050002924,010-5000-2924,original,1.0000000004341856,100,2.2842611829704826e-10
01050002924,010-5000-2924,original,1.0000000004341856,101,1.8191352700253218e-10
01050002924,010-5000-2924,original,1.0000000004341856,102,3.368534326543372e-10
01050002924,010-5000-2924,original,1.0000000004341856,103,-8.720914887376541e-11
01050002924,010-5000-2924,original,1.0000000004341856,104,5.538222393737958e-11
01050002924,010-5000-2924,original,1.0000000004341856,105,1.1918840784252923e-11
01050002924,010-5000-2924,original,1.0000000004341856,106,8.758698856082173e-11
01050002924,010-5000-2924,original,1.0000000004341856,107,7.79848338354413e-11
01050002924,010-5000-2924,original,1.0000000004341856,108,9.69001802531326e-11
01050002924,010-5000-2924,original,1.0000000004341856,109,-8.395300052706913e-11
01050002924,010-5000-2924,original,1.0000000004341856,110,-2.9016745989593696e-11
01050002924,010-5000-2924,original,1.0000000004341856,111,2.0249139311812836e-12
01050002924,010-5000-2924,original,1.0000000004341856,112,1.0228491914332088e-10
01050002924,010-5000-2924,original,1.0000000004341856,113,-1.0321448065035426e-11
01050002924,010-5000-2924,original,1.0000000004341856,114,-8.448978432076325e-11
01050002924,010-5000-2924,original,1.0000000004341856,115,-3.961886266546739e-11
01050002924,010-5000-2924,original,1.0000000004341856,116,-7.911618492964291e-11
01050002924,010-5000-2924,original,1.0000000004341856,117,2.173506246809447e-10
01050002924,010-5000-2924,original,1.0000000004341856,118,-4.2257245212892537e-10
01050002924,010-5000-2924,original,1.0000000004341856,119,-1.445252444750199e-10
01050002924,010-5000-2924,original,1.0000000004341856,120,6.385711818613128e-11
01050002924,010-5000-2924,original,1.0000000004341856,121,1.1878737477530425e-10
01050002924,010-5000-2924,original,1.0000000004341856,122,-1.720846889924585e-10
01050002924,010-5000-2924,original,1.0000000004341856,123,2.260356883155627e-11
01050002924,010-5000-2924,original,1.0000000004341856,124,-5.541546672135927e-11
01050002924,010-5000-2924,original,1.0000000004341856,125,-2.584300227412675e-10
01050002924,010-5000-2924,original,1.0000000004341856,126,9.975359968137285e-12
01050002924,010-5000-2924,original,1.0000000004341856,127,-7.72698750024513e-11
01050002924,010-5000-2924,original,1.0000000004341856,128,-2.2011124838622518e-10
01050002924,010-5000-2924,original,1.0000000004341856,129,9.554354106545728e-11
01050002924,010-5000-2924,original,1.0000000004341856,130,3.7710474065911064e-11
01050002924,010-5000-2924,original,1.0000000004341856,131,-1.0454970111543767e-10
01050002924,010-5000-2924,original,1.0000000004341856,132,-9.898787568864014e-11
01050002924,010-5000-2924,original,1.0000000004341856,133,-9.8505547736954e-11
01050002924,010-5000-2924,original,1.0000000004341856,134,-9.325693610568681e-11
01050002924,010-5000-2924,original,1.0000000004341856,135,-9.897278672075005e-11
01050002924,010-5000-2924,original,1.0000000004341856,136,3.4122623739109506e-11
01050002924,010-5000-2924,original,1.0000000004341856,137,-9.711038412507721e-11
01050002924,010-5000-2924,original,1.0000000004341856,138,-1.6759489808620262e-10
01050002924,010-5000-2924,original,1.0000000004341856,139,-2.1657435772017946e-11
01050002924,010-5000-2924,original,1.0000000004341856,140,1.0243810776123933e-10
01050002924,010-5000-2924,original,1.0000000004341856,141,-4.381917360839833e-11
01050002924,010-5000-2924,original,1.0000000004341856,142,0.999999691231044
01050002924,010-5000-2924,original,1.0000000004341856,143,0.9999996808730278
01050002924,010-5000-2924,original,1.0000000004341856,144,0.9999996841826431
01050002924,010-5000-2924,original,1.0000000004341856,145,0.9999996868555777
01050002924,010-5000-2924,original,1.0000000004341856,146,0.9999996999786118
01050002924,010-5000-2924,original,1.0000000004341856,147,0.9999996819175747
01050002924,010-5000-2924,original,1.0000000004341856,148,0.999999691977417
01050002924,010-5000-2924,original,1.0000000004341856,149,0.9999996970181162
01050002924,010-5000-2924,original,1.0000000004341856,150,-4.946518350251615e-11
01050002924,010-5000-2924,original,1.0000000004341856,151,-1.468279057654215e-11
01050002924,010-5000-2924,original,1.0000000004341856,152,-5.785447874490102e-11
01050002924,010-5000-2924,original,1.0000000004341856,153,-1.5560713277928134e-10
01050002924,010-5000-2924,original,1.0000000004341856,154,-1.5019717643178843e-11
01050002924,010-5000-2924,original,1.0000000004341856,155,-6.720599099343483e-11
01050002924,010-5000-2924,original,1.0000000004341856,156,0.9999996605699886
01050002924,010-5000-2924,original,1.0000000004341856,157,6.754432527166324e-11
01050002924,010-5000-2924,original,1.0000000004341856,158,-2.304311660856326e-12
01050002924,010-5000-2924,original,1.0000000004341856,159,4.164017821116456e-11
01050002924,010-5000-2924,original,1.0000000004341856,160,0.9999996968812535
01050002924,010-5000-2924,original,1.0000000004341856,161,-1.477325491240376e-11
01050002924,010-5000-2924,original,1.0000000004341856,162,-9.957886827230507e-12
01050002924,010-5000-2924,original,1.0000000004341856,163,0.9999996898936654
01050002924,010-5000-2924,original,1.0000000004341856,164,0.999999658294378
01050002924,010-5000-2924,original,1.0000000004341856,165,7.776201492374452e-11
01050002924,010-5000-2924,original,1.0000000004341856,166,1.8127690227094525e-12
01050002924,010-5000-2924,original,1.0000000004341856,167,5.275079942258512e-11
01050002924,010-5000-2924,original,1.0000000004341856,168,-4.236845784415902e-10
01050002924,010-5000-2924,original,1.0000000004341856,169,-9.033053379789816e-11
01050002924,010-5000-2924,original,1.0000000004341856,170,1.8364516881914984e-10
01050002924,010-5000-2924,original,1.0000000004341856,171,-9.674356734362102e-11
01050002924,010-5000-2924,original,1.0000000004341856,172,-4.109967228135417e-11
01050002924,010-5000-2924,original,1.0000000004341856,173,7.746889915882169e-11
01050002924,010-5000-2924,original,1.0000000004341856,174,-7.244478104727438e-11
01050002924,010-5000-2924,original,1.0000000004341856,175,-2.3676052549466675e-10
01050002924,010-5000-2924,original,1.0000000004341856,176,-4.833258364711123e-12
01050002924,010-5000-2924,original,1.0000000004341856,177,4.0564574284701405e-11
01050002924,010-5000-2924,original,1.0000000004341856,178,-2.1233125261321482e-11
01050002924,010-5000-2924,original,1.0000000004341856,179,7.023781977649652e-10
01050002924,010-5000-2924,original,1.0000000004341856,180,-1.70453280374516e-10
01050002924,010-5000-2924,original,1.0000000004341856,181,2.675625838471632e-10
01050002924,010-5000-2924,original,1.0000000004341856,182,4.965524784610568e-11
01050002924,010-5000-2924,original,1.0000000004341856,183,1.6074644758094586e-11
01050002924,010-5000-2924,original,1.0000000004341856,184,3.8399212757480114e-11
01050002924,010-5000-2924,original,1.0000000004341856,185,-2.070481294525019e-10
01050002924,010-5000-2924,original,1.0000000004341856,186,1.6335360382234225e-10
01050002924,010-5000-2924,original,1.0000000004341856,187,-3.342695287289309e-11
01050002924,010-5000-2924,original,1.0000000004341856,188,-1.609527718112157e-10
01050002924,010-5000-2924,original,1.0000000004341856,189,1.1818317018544527e-10
01050002924,010-5000-2924,original,1.0000000004341856,190,-6.682953857667235e-11
01050002924,010-5000-2924,original,1.0000000004341856,191,2.98181256686572e-11
01050002924,010-5000-2924,original,1.0000000004341856,192,6.464391502537538e-11
01050002924,010-5000-2924,original,1.0000000004341856,193,1.2084469275150138e-10
01050002924,010-5000-2924,original,1.0000000004341856,194,3.784233607360751e-12
01050002924,010-5000-2924,original,1.0000000004341856,195,2.761250374864676e-10
01050002924,010-5000-2924,original,1.0000000004341856,196,2.318734643241309e-11
01050002924,010-5000-2924,original,1.0000000004341856,197,-1.6461733372123754e-11
01050002924,010-5000-2924,original,1.0000000004341856,198,2.1373300489558002e-10
01050002924,010-5000-2924,original,1.0000000004341856,199,-4.876631620259636e-10
01050002924,010-5000-2924,original,1.0000000004341856,200,8.450437320103302e-11
01050002924,010-5000-2924,original,1.0000000004341856,201,-7.474845410325043e-11
01050002924,010-5000-2924,original,1.0000000004341856,202,-5.231758954598416e-10
01050002924,010-5000-2924,original,1.0000000004341856,203,-4.062579927254186e-11
01050002925,010-5000-2925,"one digit, last group",-2.1113992532962156e-10,0,-3.204231392016775e-11
01050002925,010-5000-2925,"one digit, last group",-2.1113992532962156e-10,1,-1.6692978209528775e-10
01050002925,010-5000-2925,"one digit, last group",-2.1113992532962156e-10,2,8.416329836415708e-12
01050002925,010-5000-2925,"one digit, last group",-2.1113992532962156e-10,3,-2.126665523697897e-11
01050002925,010-5000-2925,"one digit, last group",-2.1113992532962156e-10,4,1.4279292539499842e-10
01050002925,010-5000-2925,"one digit, last group",-2.1113992532962156e-10,5,-5.195016851695783e-10
01050002925,010-5000-2925,"one digit, last group",-2.1113992532962156e-10,6,-9.119861016366617e-11
01050002925,010-5000-2925,"one digit, last group",-2.1113992532962156e-10,7,-9.019216704232762e-11
01050002925,010-5000-2925,"one digit, last group",-2.1113992532962156e-10,8,2.2315685275035614e-10
01050002925,010-5000-2925,"one digit, last group",-2.1113992532962156e-10,9,-3.6163261378787506e-11
01050002925,010-5000-2925,"one digit, last group",-2.1113992532962156e-10,10,4.222597007619698e-11
01050002925,010-5000-2925,"one digit, last group",-2.1113992532962156e-10,11,8.764636732551998e-11
01050002925,010-5000-2925,"one digit, last group",-2.1113992532962156e-10,12,2.609314014312192e-10
01050002925,010-5000-2925,"one digit, last group",-2.1113992532962156e-10,13,-1.1180269941227951e-10
01050002925,010-5000-2925,"one digit, last group",-2.1113992532962156e-10,14,1.657312577184342e-11
01050002925,010-5000-2925,"one digit, last group",-2.1113992532962156e-10,15,2.134057764845528e-12
01050002925,010-5000-2925,"one digit, last group",-2.1113992532962156e-10,16,9.36989063540972e-11
01050002925,010-5000-2925,"one digit, last group",-2.1113992532962156e-10,17,5.218578224521082e-10
01050002925,010-5000-2925,"one digit, last group",-2.1113992532962156e-10,18,-2.333043387635464e-11
01050002925,010-5000-2925,"one digit, last group",-2.1113992532962156e-10,19,-1.6327133018677062e-11
01050002925,010-5000-2925,"one digit, last group",-2.1113992532962156e-10,20,-3.7853590565620185e-11
01050002925,010-5000-2925,"one digit, last group",-2.1113992532962156e-10,21,1.860220489159043e-10
01050002925,010-5000-2925,"one digit, last group",-2.1113992532962156e-10,22,1.971797539871986e-10
01050002925,010-5000-2925,"one digit, last group",-2.1113992532962156e-10,23,-1.6543735386018405e-11
01050002925,010-5000-2925,"one digit, last group",-2.1113992532962156e-10,24,-1.0165662301344325e-10
01050002925,010-5000-2925,"one digit, last group",-2.1113992532962156e-10,25,-1.540117214903699e-10
01050002925,010-5000-2925,"one digit, last group",-2.1113992532962156e-10,26,6.221489393145411e-10
01050002925,010-5000-2925,"one digit, last group",-2.1113992532962156e-10,27,1.1116047050972991e-10
01050002925,010-5000-2925,"one digit, last group",-2.1113992532962156e-10,28,2.7800575356969136e-10
01050002925,010-5000-2925,"one digit, last group",-2.1113992532962156e-10,29,-4.0389966121821676e-11
01050002925,010-5000-2925,"one digit, last group",-2.1113992532962156e-10,30,-4.675405907710163e-10
01050002925,010-5000-2925,"one digit, last group",-2.1113992532962156e-10,31,4.3020515124475564e-11
01050002925,010-5000-2925,"one digit, last group",-2.1113992532962156e-10,32,-2.8483948760331544e-10
01050002925,010-5000-2925,"one digit, last group",-2.1113992532962156e-10,33,-3.686879597761414e-11
01050002925,010-5000-2925,"one digit, last group",-2.1113992532962156e-10,34,-4.860613640372943e-12
01050002925,010-5000-2925,"one digit, last group",-2.1113992532962156e-10,35,-3.873832796278728e-11
01050002925,010-5000-2925,"one digit, last group",-2.1113992532962156e-10,36,3.813718257674104e-11
01050002925,010-5000-2925,"one digit, last group",-2.1113992532962156e-10,37,-2.7204533947956885e-11
01050002925,010-5000-2925,"one digit, last group",-2.1113992532962156e-10,38,-8.511921940786914e-11
01050002925,010-5000-2925,"one digit, last group",-2.1113992532962156e-10,39,4.211827132485377e-11
01050002925,010-5000-2925,"one digit, last group",-2.1113992532962156e-10,40,7.976638814881541e-11
01050002925,010-5000-2925,"one digit, last group",-2.1113992532962156e-10,41,-1.2243128516089947e-10
01050002925,010-5000-2925,"one digit, last group",-2.1113992532962156e-10,42,-8.033052488237953e-11
01050002925,010-5000-2925,"one digit, last group",-2.1113992532962156e-10,43,6.7981805178001334e-12
01050002925,010-5000-2925,"one digit, last group",-2.1113992532962156e-10,44,-2.969975619244143e-12
01050002925,010-5000-2925,"one digit, last group",-2.1113992532962156e-10,45,1.2580217969130293e-10
01050002925,010-5000-2925,"one digit, last group",-2.1113992532962156e-10,46,-8.75449813433929e-11
01050002925,010-5000-2925,"one digit, last group",-2.1113992532962156e-10,47,-3.0075334375863267e-10
01050002925,010-5000-2925,"one digit, last group",-2.1113992532962156e-10,48,-1.618257846824531e-11
01050002925,010-5000-2925,"one digit, last group",-2.1113992532962156e-10,49,-1.8829889324162252e-10
01050002925,010-5000-2925,"one digit, last group",-2.1113992532962156e-10,50,-1.3401308603108493e-10
01050002925,010-5000-2925,"one digit, last group",-2.1113992532962156e-10,51,6.99607297684253e-11
01050002925,010-5000-2925,"one digit, last group",-2.1113992532962156e-10,52,-3.455515510346739e-10
01050002925,010-5000-2925,"one digit, last group",-2.1113992532962156e-10,53,4.656658340607924e-11
01050002925,010-5000-2925,"one digit, last group",-2.1113992532962156e-10,54,8.673651435712452e-11
01050002925,010-5000-2925,"one digit, last group",-2.1113992532962156e-10,55,-2.1955035726839036e-10
01050002925,010-5000-2925,"one digit, last group",-2.1113992532962156e-10,56,3.3539225083503465e-10
01050002925,010-5000-2925,"one digit, last group",-2.1113992532962156e-10,57,-2.035880542023502e-11
01050002925,010-5000-2925,"one digit, last group",-2.1113992532962156e-10,58,-6.152735257012714e-11
01050002925,010-5000-2925,"one digit, last group",-2.1113992532962156e-10,59,-2.6726559252332646e-11
01050002925,010-5000-2925,"one digit, last group",-2.1113992532962156e-10,60,-3.222716177535052e-11
01050002925,010-5000-2925,"one digit, last group",-2.1113992532962156e-10,61,4.6220236251075996e-11
01050002925,010-5000-2925,"one digit, last group",-2.1113992532962156e-10,62,-1.2621588693640218e-10
01050002925,010-5000-2925,"one digit, last group",-2.1113992532962156e-10,63,2.577185283788843e-10
01050002925,010-5000-2925,"one digit, last group",-2.1113992532962156e-10,64,4.837184525925014e-11
01050002925,010-5000-2925,"one digit, last group",-2.1113992532962156e-10,65,-1.1449807633287224e-10
01050002925,010-5000-2925,"one digit, last group",-2.1113992532962156e-10,66,-1.2038641983175186e-10
01050002925,010-5000-2925,"one digit, last group",-2.1113992532962156e-10,67,-1.7161455611988536e-10
01050002925,010-5000-2925,"one digit, last group",-2.1113992532962156e-10,68,-1.0273515804818349e-10
01050002925,010-5000-2925,"one digit, last group",-2.1113992532962156e-10,69,-2.9684294562281106e-11
01050002925,010-5000-2925,"one digit, last group",-2.1113992532962156e-10,70,-5.544256622817424e-11
01050002925,010-5000-2925,"one digit, last group",-2.1113992532962156e-10,71,-4.3814799765770905e-11
01050002925,010-5000-2925,"one digit, last group",-2.1113992532962156e-10,72,2.062193120864507e-11
01050002925,010-5000-2925,"one digit, last group",-2.1113992532962156e-10,73,1.745805829475428e-10
01050002925,010-5000-2925,"one digit, last group",-2.1113992532962156e-10,74,-1.0845356995895644e-10
01050002925,010-5000-2925,"one digit, last group",-2.1113992532962156e-10,75,-1.9919832538430034e-11
01050002925,010-5000-2925,"one digit, last group",-2.1113992532962156e-10,76,1.0719478877823408e-10
01050002925,010-5000-2925,"one digit, last group",-2.1113992532962156e-10,77,-8.6673042648327e-12
01050002925,010-5000-2925,"one digit, last group",-2.1113992532962156e-10,78,6.334791413808277e-12
01050002925,010-5000-2925,"one digit, last group",-2.1113992532962156e-10,79,1.8037715005625017e-10
01050002925,010-5000-2925,"one digit, last group",-2.1113992532962156e-10,80,7.859973782419267e-11
01050002925,010-5000-2925,"one digit, last group",-2.1113992532962156e-10,81,-1.4401967314985467e-10
01050002925,010-5000-2925,"one digit, last group",-2.1113992532962156e-10,82,6.026808049637575e-10
01050002925,010-5000-2925,"one digit, last group",-2.1113992532962156e-10,83,-1.611208695832039e-11
01050002925,010-5000-2925,"one digit, last group",-2.1113992532962156e-10,84,1.857429334859859e-11
01050002925,010-5000-2925,"one digit, last group",-2.1113992532962156e-10,85,5.073947261778639e-11
01050002925,010-5000-2925,"one digit, last group",-2.1113992532962156e-10,86,-6.382727046121823e-11
01050002925,010-5000-2925,"one digit, last group",-2.1113992532962156e-10,87,-8.649783631814414e-11
01050002925,010-5000-2925,"one digit, last group",-2.1113992532962156e-10,88,-4.822196560193818e-11
01050002925,010-5000-2925,"one digit, last group",-2.1113992532962156e-10,89,1.4469407028277095e-10
01050002925,010-5000-2925,"one digit, last group",-2.1113992532962156e-10,90,1.8197685653806537e-10
01050002925,010-5000-2925,"one digit, last group",-2.1113992532962156e-10,91,-3.124485419933068e-10
01050002925,010-5000-2925,"one digit, last group",-2.1113992532962156e-10,92,3.249131112849994e-10
01050002925,010-5000-2925,"one digit, last group",-2.1113992532962156e-10,93,-9.07101201818791e-11
01050002925,010-5000-2925,"one digit, last group",-2.1113992532962156e-10,94,1.4594557664012292e-10
01050002925,010-5000-2925,"one digit, last group",-2.1113992532962156e-10,95,-1.1628414880476045e-11
01050002925,010-5000-2925,"one digit, last group",-2.1113992532962156e-10,96,2.4870315399776943e-10
01050002925,010-5000-2925,"one digit, last group",-2.1113992532962156e-10,97,3.619319836203915e-10
01050002925,010-5000-2925,"one digit, last group",-2.1113992532962156e-10,98,1.425054677330444e-10
01050002925,010-5000-2925,"one digit, last group",-2.1113992532962156e-10,99,-7.120679385088661e-11
01050002925,010-5000-2925,"one digit, last group",-2.1113992532962156e-10,100,2.7757792795057203e-12
01050002925,010-5000-2925,"one digit, last group",-2.1113992532962156e-10,101,-2.22290064597819e-11
01050002925,010-5000-2925,"one digit, last group",-2.1113992532962156e-10,102,-1.1081738972032065e-10
01050002925,010-5000-2925,"one digit, last group",-2.1113992532962156e-10,103,4.58481438036537e-11
01050002925,010-5000-2925,"one digit, last group",-2.1113992532962156e-10,104,6.560730603991165e-11
01050002925,010-5000-2925,"one digit, last group",-2.1113992532962156e-10,105,-9.16601148417652e-11
01050002925,010-5000-2925,"one digit, last group",-2.1113992532962156e-10,106,-5.49708600838043e-11
01050002925,010-5000-2925,"one digit, last group",-2.1113992532962156e-10,107,-5.715951163411642e-11
01050002925,010-5000-2925,"one digit, last group",-2.1113992532962156e-10,108,1.4510390813734187e-11
01050002925,010-5000-2925,"one digit, last group",-2.1113992532962156e-10,109,5.792353370006211e-11
01050002925,010-5000-2925,"one digit, last group",-2.1113992532962156e-10,110,-6.74140338721049e-11
01050002925,010-5000-2925,"one digit, last group",-2.1113992532962156e-10,111,-8.494322848303174e-11
01050002925,010-5000-2925,"one digit, last group",-2.1113992532962156e-10,112,2.112204347675021e-10
01050002925,010-5000-2925,"one digit, last group",-2.1113992532962156e-10,113,-5.399631236012133e-12
01050002925,010-5000-2925,"one digit, last group",-2.1113992532962156e-10,114,-2.424727227081819e-10
01050002925,010-5000-2925,"one digit, last group",-2.1113992532962156e-10,115,-1.4310879210675506e-11
01050002925,010-5000-2925,"one digit, last group",-2.1113992532962156e-10,116,7.01089255840187e-11
01050002925,010-5000-2925,"one digit, last group",-2.1113992532962156e-10,117,2.1417951636419835e-10
01050002925,010-5000-2925,"one digit, last group",-2.1113992532962156e-10,118,1.2116381218271469e-10
01050002925,010-5000-2925,"one digit, last group",-2.1113992532962156e-10,119,-2.3836693936879104e-11
01050002925,010-5000-2925,"one digit, last group",-2.1113992532962156e-10,120,7.58490433068663e-11
01050002925,010-5000-2925,"one digit, last group",-2.1113992532962156e-10,121,-3.4453922774296226e-11
01050002925,010-5000-2925,"one digit, last group",-2.1113992532962156e-10,122,-1.5544085923620687e-12
01050002925,010-5000-2925,"one digit, last group",-2.1113992532962156e-10,123,-4.7479304288934304e-11
01050002925,010-5000-2925,"one digit, last group",-2.1113992532962156e-10,124,2.559282839763807e-10
01050002925,010-5000-2925,"one digit, last group",-2.1113992532962156e-10,125,-4.201795983052677e-10
01050002925,010-5000-2925,"one digit, last group",-2.1113992532962156e-10,126,3.366713048877763e-11
01050002925,010-5000-2925,"one digit, last group",-2.1113992532962156e-10,127,-3.0440879543291495e-10
01050002925,010-5000-2925,"one digit, last group",-2.1113992532962156e-10,128,1.8833092446528395e-10
01050002925,010-5000-2925,"one digit, last group",-2.1113992532962156e-10,129,-3.736912615921882e-12
01050002925,010-5000-2925,"one digit, last group",-2.1113992532962156e-10,130,-9.332324847639412e-12
01050002925,010-5000-2925,"one digit, last group",-2.1113992532962156e-10,131,5.930853935338264e-11
01050002925,010-5000-2925,"one digit, last group",-2.1113992532962156e-10,132,1.2195964199003367e-11
01050002925,010-5000-2925,"one digit, last group",-2.1113992532962156e-10,133,8.416223092313747e-11
01050002925,010-5000-2925,"one digit, last group",-2.1113992532962156e-10,134,3.2083673018809964e-10
01050002925,010-5000-2925,"one digit, last group",-2.1113992532962156e-10,135,-2.351223968954739e-10
01050002925,010-5000-2925,"one digit, last group",-2.1113992532962156e-10,136,5.948676373173048e-11
01050002925,010-5000-2925,"one digit, last group",-2.1113992532962156e-10,137,-1.1366703726261694e-12
01050002925,010-5000-2925,"one digit, last group",-2.1113992532962156e-10,138,-2.7129998835254515e-10
01050002925,010-5000-2925,"one digit, last group",-2.1113992532962156e-10,139,1.0382597010245304e-10
01050002925,010-5000-2925,"one digit, last group",-2.1113992532962156e-10,140,1.0025757357248136e-10
01050002925,010-5000-2925,"one digit, last group",-2.1113992532962156e-10,141,3.6140888773797423e-10
01050002925,010-5000-2925,"one digit, last group",-2.1113992532962156e-10,142,1.1145547644630137e-08
01050002925,010-5000-2925,"one digit, last group",-2.1113992532962156e-10,143,-6.593304825868091e-08
01050002925,010-5000-2925,"one digit, last group",-2.1113992532962156e-10,144,1.3618815927064348e-09
01050002925,010-5000-2925,"one digit, last group",-2.1113992532962156e-10,145,-2.3515557735249575e-09
01050002925,010-5000-2925,"one digit, last group",-2.1113992532962156e-10,146,-1.951615707247655e-09
01050002925,010-5000-2925,"one digit, last group",-2.1113992532962156e-10,147,2.2159387365588652e-09
01050002925,010-5000-2925,"one digit, last group",-2.1113992532962156e-10,148,-6.208153333724348e-10
01050002925,010-5000-2925,"one digit, last group",-2.1113992532962156e-10,149,1.6103152552035794e-08
01050002925,010-5000-2925,"one digit, last group",-2.1113992532962156e-10,150,-1.3211005499601362e-10
01050002925,010-5000-2925,"one digit, last group",-2.1113992532962156e-10,151,3.540932154979915e-11
01050002925,010-5000-2925,"one digit, last group",-2.1113992532962156e-10,152,8.501637486682003e-11
01050002925,010-5000-2925,"one digit, last group",-2.1113992532962156e-10,153,1.4490735953996613e-12
01050002925,010-5000-2925,"one digit, last group",-2.1113992532962156e-10,154,-4.498948631866998e-11
01050002925,010-5000-2925,"one digit, last group",-2.1113992532962156e-10,155,1.2909720498643556e-10
01050002925,010-5000-2925,"one digit, last group",-2.1113992532962156e-10,156,9.376497192197842e-10
01050002925,010-5000-2925,"one digit, last group",-2.1113992532962156e-10,157,-8.679363429118189e-11
01050002925,010-5000-2925,"one digit, last group",-2.1113992532962156e-10,158,1.6921739674818844e-10
01050002925,010-5000-2925,"one digit, last group",-2.1113992532962156e-10,159,-1.908822868133715e-11
01050002925,010-5000-2925,"one digit, last group",-2.1113992532962156e-10,160,1.4108708978917337e-08
01050002925,010-5000-2925,"one digit, last group",-2.1113992532962156e-10,161,-2.92784493757076e-11
01050002925,010-5000-2925,"one digit, last group",-2.1113992532962156e-10,162,-8.511610602275147e-11
01050002925,010-5000-2925,"one digit, last group",-2.1113992532962156e-10,163,-3.301904162399915e-09
01050002925,010-5000-2925,"one digit, last group",-2.1113992532962156e-10,164,-1.4149327930574827e-08
01050002925,010-5000-2925,"one digit, last group",-2.1113992532962156e-10,165,-8.083751180575298e-11
01050002925,010-5000-2925,"one digit, last group",-2.1113992532962156e-10,166,6.761945723374987e-11
01050002925,010-5000-2925,"one digit, last group",-2.1113992532962156e-10,167,-1.9250863619685787e-10
01050002925,010-5000-2925,"one digit, last group",-2.1113992532962156e-10,168,2.0739853963727723e-10
01050002925,010-5000-2925,"one digit, last group",-2.1113992532962156e-10,169,-4.5406981883258557e-11
01050002925,010-5000-2925,"one digit, last group",-2.1113992532962156e-10,170,-2.2631433711090544e-10
01050002925,010-5000-2925,"one digit, last group",-2.1113992532962156e-10,171,1.6680627269053274e-10
01050002925,010-5000-2925,"one digit, last group",-2.1113992532962156e-10,172,-1.510952597994773e-11
01050002925,010-5000-2925,"one digit, last group",-2.1113992532962156e-10,173,-1.2049267105948802e-10
01050002925,010-5000-2925,"one digit, last group",-2.1113992532962156e-10,174,-1.694688411277108e-11
01050002925,010-5000-2925,"one digit, last group",-2.1113992532962156e-10,175,1.3954844172085696e-10
01050002925,010-5000-2925,"one digit, last group",-2.1113992532962156e-10,176,3.945250414633412e-11
01050002925,010-5000-2925,"one digit, last group",-2.1113992532962156e-10,177,1.8617905860246313e-10
01050002925,010-5000-2925,"one digit, last group",-2.1113992532962156e-10,178,1.7910169144020206e-10
01050002925,010-5000-2925,"one digit, last group",-2.1113992532962156e-10,179,2.846145436353938e-10
01050002925,010-5000-2925,"one digit, last group",-2.1113992532962156e-10,180,-1.4164153809304648e-10
01050002925,010-5000-2925,"one digit, last group",-2.1113992532962156e-10,181,1.6707820882462287e-12
01050002925,010-5000-2925,"one digit, last group",-2.1113992532962156e-10,182,8.203267062896402e-11
01050002925,010-5000-2925,"one digit, last group",-2.1113992532962156e-10,183,7.516129868511352e-11
01050002925,010-5000-2925,"one digit, last group",-2.1113992532962156e-10,184,-2.8246535050610635e-13
01050002925,010-5000-2925,"one digit, last group",-2.1113992532962156e-10,185,-3.74595809361934e-11
01050002925,010-5000-2925,"one digit, last group",-2.1113992532962156e-10,186,-9.957271709181165e-11
01050002925,010-5000-2925,"one digit, last group",-2.1113992532962156e-10,187,7.050300569582207e-12
01050002925,010-5000-2925,"one digit, last group",-2.1113992532962156e-10,188,1.6400788204221507e-10
01050002925,010-5000-2925,"one digit, last group",-2.1113992532962156e-10,189,-7.762060860521073e-11
01050002925,010-5000-2925,"one digit, last group",-2.1113992532962156e-10,190,1.5290300487370346e-10
01050002925,010-5000-2925,"one digit, last group",-2.1113992532962156e-10,191,3.9149302337487996e-11
01050002925,010-5000-2925,"one digit, last group",-2.1113992532962156e-10,192,1.705949177160859e-11
01050002925,010-5000-2925,"one digit, last group",-2.1113992532962156e-10,193,-1.3531957328361033e-10
01050002925,010-5000-2925,"one digit, last group",-2.1113992532962156e-10,194,-8.894128405557413e-13
01050002925,010-5000-2925,"one digit, last group",-2.1113992532962156e-10,195,-5.057088556622169e-10
01050002925,010-5000-2925,"one digit, last group",-2.1113992532962156e-10,196,-1.2443986856428694e-10
01050002925,010-5000-2925,"one digit, last group",-2.1113992532962156e-10,197,4.3358791791924897e-10
01050002925,010-5000-2925,"one digit, last group",-2.1113992532962156e-10,198,1.0726341800087254e-10
01050002925,010-5000-2925,"one digit, last group",-2.1113992532962156e-10,199,4.909380462005174e-10
01050002925,010-5000-2925,"one digit, last group",-2.1113992532962156e-10,200,-5.767738519457694e-11
01050002925,010-5000-2925,"one digit, last group",-2.1113992532962156e-10,201,1.1152597350890224e-11
01050002925,010-5000-2925,"one digit, last group",-2.1113992532962156e-10,202,5.326260938662639e-10
01050002925,010-5000-2925,"one digit, last group",-2.1113992532962156e-10,203,-3.8455178760658054e-11
01051009080,010-5100-9080,original,1.0000000003971363,0,1.1843156424321141e-10
01051009080,010-5100-9080,original,1.0000000003971363,1,1.7081250008769066e-10
01051009080,010-5100-9080,original,1.0000000003971363,2,5.539345939603384e-10
01051009080,010-5100-9080,original,1.0000000003971363,3,-4.435074603449304e-11
01051009080,010-5100-9080,original,1.0000000003971363,4,5.326362007060661e-12
01051009080,010-5100-9080,original,1.0000000003971363,5,-2.2341520897738065e-10
01051009080,010-5100-9080,original,1.0000000003971363,6,-1.8512444842290458e-10
01051009080,010-5100-9080,original,1.0000000003971363,7,1.786986753362675e-11
01051009080,010-5100-9080,original,1.0000000003971363,8,1.6092371435363443e-10
01051009080,010-5100-9080,original,1.0000000003971363,9,-1.830999638029482e-11
01051009080,010-5100-9080,original,1.0000000003971363,10,-1.5194648713695306e-11
01051009080,010-5100-9080,original,1.0000000003971363,11,-9.673891687808698e-11
01051009080,010-5100-9080,original,1.0000000003971363,12,-3.3914020488529183e-10
01051009080,010-5100-9080,original,1.0000000003971363,13,1.1115253908906941e-10
01051009080,010-5100-9080,original,1.0000000003971363,14,-1.2536338919488985e-11
01051009080,010-5100-9080,original,1.0000000003971363,15,-9.714257574948721e-11
01051009080,010-5100-9080,original,1.0000000003971363,16,-3.224204760286227e-10
01051009080,010-5100-9080,original,1.0000000003971363,17,1.66802620373289e-10
01051009080,010-5100-9080,original,1.0000000003971363,18,1.766316057833296e-10
01051009080,010-5100-9080,original,1.0000000003971363,19,6.912205473380885e-11
01051009080,010-5100-9080,original,1.0000000003971363,20,2.0165241825962427e-12
01051009080,010-5100-9080,original,1.0000000003971363,21,-7.209976258854158e-11
01051009080,010-5100-9080,original,1.0000000003971363,22,-2.782839379681624e-10
01051009080,010-5100-9080,original,1.0000000003971363,23,1.412251891927057e-11
01051009080,010-5100-9080,original,1.0000000003971363,24,9.768533086429345e-12
01051009080,010-5100-9080,original,1.0000000003971363,25,4.513928883158967e-11
01051009080,010-5100-9080,original,1.0000000003971363,26,2.51342168454913e-10
01051009080,010-5100-9080,original,1.0000000003971363,27,1.4094507431505355e-10
01051009080,010-5100-9080,original,1.0000000003971363,28,-6.89518100143451e-11
01051009080,010-5100-9080,original,1.0000000003971363,29,2.0239063140056363e-10
01051009080,010-5100-9080,original,1.0000000003971363,30,-7.279463143113458e-11
01051009080,010-5100-9080,original,1.0000000003971363,31,-2.0558401814784756e-10
01051009080,010-5100-9080,original,1.0000000003971363,32,-8.84599378963077e-11
01051009080,010-5100-9080,original,1.0000000003971363,33,-1.2115951308002302e-10
01051009080,010-5100-9080,original,1.0000000003971363,34,-3.886768142979528e-11
01051009080,010-5100-9080,original,1.0000000003971363,35,2.5851499598008763e-12
01051009080,010-5100-9080,original,1.0000000003971363,36,-8.119340830945416e-12
01051009080,010-5100-9080,original,1.0000000003971363,37,-3.7348432426938344e-11
01051009080,010-5100-9080,original,1.0000000003971363,38,-1.9798232585698764e-11
01051009080,010-5100-9080,original,1.0000000003971363,39,-2.0856211393718354e-10
01051009080,010-5100-9080,original,1.0000000003971363,40,-4.645458514336459e-11
01051009080,010-5100-9080,original,1.0000000003971363,41,1.1980304734403868e-11
01051009080,010-5100-9080,original,1.0000000003971363,42,2.866895109758848e-11
01051009080,010-5100-9080,original,1.0000000003971363,43,-8.030073194390281e-11
01051009080,010-5100-9080,original,1.0000000003971363,44,1.2661684447734837e-11
01051009080,010-5100-9080,original,1.0000000003971363,45,4.301570199551279e-10
01051009080,010-5100-9080,original,1.0000000003971363,46,7.233369570533134e-11
01051009080,010-5100-9080,original,1.0000000003971363,47,-4.4613661673492116e-10
01051009080,010-5100-9080,original,1.0000000003971363,48,9.898878602172559e-12
01051009080,010-5100-9080,original,1.0000000003971363,49,-1.7277785365280656e-10
01051009080,010-5100-9080,original,1.0000000003971363,50,-9.859376465943272e-11
01051009080,010-5100-9080,original,1.0000000003971363,51,-4.767114651370579e-11
01051009080,010-5100-9080,original,1.0000000003971363,52,6.390697004621066e-12
01051009080,010-5100-9080,original,1.0000000003971363,53,7.325377296913407e-12
01051009080,010-5100-9080,original,1.0000000003971363,54,-4.4942492143990553e-11
01051009080,010-5100-9080,original,1.0000000003971363,55,-2.1620675175537284e-10
01051009080,010-5100-9080,original,1.0000000003971363,56,-1.8226661398110324e-10
01051009080,010-5100-9080,original,1.0000000003971363,57,5.2134074592988673e-11
01051009080,010-5100-9080,original,1.0000000003971363,58,2.0210142525026978e-11
01051009080,010-5100-9080,original,1.0000000003971363,59,-3.194673098392848e-10
01051009080,010-5100-9080,original,1.0000000003971363,60,4.824558865118243e-11
01051009080,010-5100-9080,original,1.0000000003971363,61,-2.7333873560176705e-11
01051009080,010-5100-9080,original,1.0000000003971363,62,2.024828681741698e-10
01051009080,010-5100-9080,original,1.0000000003971363,63,-8.703076493010663e-11
01051009080,010-5100-9080,original,1.0000000003971363,64,-1.4804008533099684e-10
01051009080,010-5100-9080,original,1.0000000003971363,65,5.928493359206553e-11
01051009080,010-5100-9080,original,1.0000000003971363,66,1.1253248856406427e-10
01051009080,010-5100-9080,original,1.0000000003971363,67,1.5779850834293337e-10
01051009080,010-5100-9080,original,1.0000000003971363,68,3.2604032091501424e-11
01051009080,010-5100-9080,original,1.0000000003971363,69,3.040658738672752e-10
01051009080,010-5100-9080,original,1.0000000003971363,70,4.3285429755132e-11
01051009080,010-5100-9080,original,1.0000000003971363,71,3.747185004978441e-11
01051009080,010-5100-9080,original,1.0000000003971363,72,-3.207877755174727e-11
01051009080,010-5100-9080,original,1.0000000003971363,73,-4.3253755924988654e-11
01051009080,010-5100-9080,original,1.0000000003971363,74,-1.2134732546509835e-10
01051009080,010-5100-9080,original,1.0000000003971363,75,-4.228414063032926e-11
01051009080,010-5100-9080,original,1.0000000003971363,76,1.358481733571038e-10
01051009080,010-5100-9080,original,1.0000000003971363,77,8.706696854883842e-12
01051009080,010-5100-9080,original,1.0000000003971363,78,-2.607853835356668e-10
01051009080,010-5100-9080,original,1.0000000003971363,79,-1.912912790225125e-10
01051009080,010-5100-9080,original,1.0000000003971363,80,-5.292982665195665e-11
01051009080,010-5100-9080,original,1.0000000003971363,81,-1.7638395003604663e-10
01051009080,010-5100-9080,original,1.0000000003971363,82,2.3883249446358718e-11
01051009080,010-5100-9080,original,1.0000000003971363,83,5.952626979196703e-11
01051009080,010-5100-9080,original,1.0000000003971363,84,8.265083671366024e-11
01051009080,010-5100-9080,original,1.0000000003971363,85,2.0170111111102618e-11
01051009080,010-5100-9080,original,1.0000000003971363,86,-2.2071537882338755e-10
01051009080,010-5100-9080,original,1.0000000003971363,87,4.050321276182635e-11
01051009080,010-5100-9080,original,1.0000000003971363,88,4.0123619921377396e-11
01051009080,010-5100-9080,original,1.0000000003971363,89,2.272599830224059e-11
01051009080,010-5100-9080,original,1.0000000003971363,90,1.8946297353917583e-10
01051009080,010-5100-9080,original,1.0000000003971363,91,-1.2597372882902924e-10
01051009080,010-5100-9080,original,1.0000000003971363,92,-8.714079409227984e-11
01051009080,010-5100-9080,original,1.0000000003971363,93,-2.74909033943222e-10
01051009080,010-5100-9080,original,1.0000000003971363,94,1.1997472208226846e-13
01051009080,010-5100-9080,original,1.0000000003971363,95,1.9849036487945378e-10
01051009080,010-5100-9080,original,1.0000000003971363,96,-7.645398318997476e-11
01051009080,010-5100-9080,original,1.0000000003971363,97,5.088120761119473e-10
01051009080,010-5100-9080,original,1.0000000003971363,98,-2.7907253665289122e-11
01051009080,010-5100-9080,original,1.0000000003971363,99,-4.1323297178509094e-11
01051009080,010-5100-9080,original,1.0000000003971363,100,2.1134044303568733e-10
01051009080,010-5100-9080,original,1.0000000003971363,101,9.719632582673697e-11
01051009080,010-5100-9080,original,1.0000000003971363,102,-2.425552565450512e-10
01051009080,010-5100-9080,original,1.0000000003971363,103,-1.9664423025724064e-11
01051009080,010-5100-9080,original,1.0000000003971363,104,1.9535247771470887e-10
01051009080,010-5100-9080,original,1.0000000003971363,105,-1.808431036314795e-11
01051009080,010-5100-9080,original,1.0000000003971363,106,-3.789258733989606e-11
01051009080,010-5100-9080,original,1.0000000003971363,107,-6.13557334099166e-11
01051009080,010-5100-9080,original,1.0000000003971363,108,3.34713016260515e-11
01051009080,010-5100-9080,original,1.0000000003971363,109,8.43156665250472e-11
01051009080,010-5100-9080,original,1.0000000003971363,110,1.7691623879372157e-11
01051009080,010-5100-9080,original,1.0000000003971363,111,4.2430985324039794e-11
01051009080,010-5100-9080,original,1.0000000003971363,112,-1.4510590266939522e-10
01051009080,010-5100-9080,original,1.0000000003971363,113,-1.2235523873631665e-11
01051009080,010-5100-9080,original,1.0000000003971363,114,3.6655742902241133e-10
01051009080,010-5100-9080,original,1.0000000003971363,115,2.214163273899967e-11
01051009080,010-5100-9080,original,1.0000000003971363,116,-1.531129251093736e-11
01051009080,010-5100-9080,original,1.0000000003971363,117,2.066607324064239e-10
01051009080,010-5100-9080,original,1.0000000003971363,118,-5.636405473588726e-10
01051009080,010-5100-9080,original,1.0000000003971363,119,3.332717479515889e-10
01051009080,010-5100-9080,original,1.0000000003971363,120,-3.302845348013507e-11
01051009080,010-5100-9080,original,1.0000000003971363,121,-2.966733930291813e-10
01051009080,010-5100-9080,original,1.0000000003971363,122,1.2727936288775978e-10
01051009080,010-5100-9080,original,1.0000000003971363,123,2.39483286041376e-11
01051009080,010-5100-9080,original,1.0000000003971363,124,-1.1652912272811176e-10
01051009080,010-5100-9080,original,1.0000000003971363,125,4.8997827340661945e-11
01051009080,010-5100-9080,original,1.0000000003971363,126,8.07184531651834e-11
01051009080,010-5100-9080,original,1.0000000003971363,127,-2.339707742928386e-10
01051009080,010-5100-9080,original,1.0000000003971363,128,-1.1590321340636072e-11
01051009080,010-5100-9080,original,1.0000000003971363,129,9.283984068102444e-12
01051009080,010-5100-9080,original,1.0000000003971363,130,5.0322922912876105e-11
01051009080,010-5100-9080,original,1.0000000003971363,131,2.3256712327643857e-10
01051009080,010-5100-9080,original,1.0000000003971363,132,-7.66385216210152e-11
01051009080,010-5100-9080,original,1.0000000003971363,133,6.825052128290942e-11
01051009080,010-5100-9080,original,1.0000000003971363,134,6.381781961015952e-11
01051009080,010-5100-9080,original,1.0000000003971363,135,-3.223203614214065e-11
01051009080,010-5100-9080,original,1.0000000003971363,136,-3.727311503916876e-11
01051009080,010-5100-9080,original,1.0000000003971363,137,-1.3687292196904078e-10
01051009080,010-5100-9080,original,1.0000000003971363,138,-1.827348774182328e-10
01051009080,010-5100-9080,original,1.0000000003971363,139,1.0560679217039234e-11
01051009080,010-5100-9080,original,1.0000000003971363,140,-2.4698877742832136e-10
01051009080,010-5100-9080,original,1.0000000003971363,141,1.8523262480465111e-10
01051009080,010-5100-9080,original,1.0000000003971363,142,-2.1419494433444975e-10
01051009080,010-5100-9080,original,1.0000000003971363,143,1.518814013385589e-10
01051009080,010-5100-9080,original,1.0000000003971363,144,9.289939321768448e-12
01051009080,010-5100-9080,original,1.0000000003971363,145,-1.730918071993951e-10
01051009080,010-5100-9080,original,1.0000000003971363,146,-2.2420560513305498e-10
01051009080,010-5100-9080,original,1.0000000003971363,147,-6.586165251110088e-11
01051009080,010-5100-9080,original,1.0000000003971363,148,-8.604330967331552e-11
01051009080,010-5100-9080,original,1.0000000003971363,149,1.6453035211484449e-10
01051009080,010-5100-9080,original,1.0000000003971363,150,7.92583263852799e-12
01051009080,010-5100-9080,original,1.0000000003971363,151,9.66080161269695e-12
01051009080,010-5100-9080,original,1.0000000003971363,152,-7.301969114721918e-11
01051009080,010-5100-9080,original,1.0000000003971363,153,-1.9441096184318106e-10
01051009080,010-5100-9080,original,1.0000000003971363,154,-8.421433211913905e-11
01051009080,010-5100-9080,original,1.0000000003971363,155,-2.548396254006511e-10
01051009080,010-5100-9080,original,1.0000000003971363,156,-6.245371583872436e-11
01051009080,010-5100-9080,original,1.0000000003971363,157,-1.55361531003695e-11
01051009080,010-5100-9080,original,1.0000000003971363,158,6.928463490868553e-11
01051009080,010-5100-9080,original,1.0000000003971363,159,-4.321775237971795e-11
01051009080,010-5100-9080,original,1.0000000003971363,160,-1.5349806731540194e-10
01051009080,010-5100-9080,original,1.0000000003971363,161,4.0931391523946814e-13
01051009080,010-5100-9080,original,1.0000000003971363,162,-1.0374085142854956e-11
01051009080,010-5100-9080,original,1.0000000003971363,163,2.4498983886528683e-11
01051009080,010-5100-9080,original,1.0000000003971363,164,5.958573232726003e-11
01051009080,010-5100-9080,original,1.0000000003971363,165,-2.349258665781971e-11
01051009080,010-5100-9080,original,1.0000000003971363,166,4.0996844770874455e-12
01051009080,010-5100-9080,original,1.0000000003971363,167,-8.000539969451855e-11
01051009080,010-5100-9080,original,1.0000000003971363,168,-1.9576604740580797e-10
01051009080,010-5100-9080,original,1.0000000003971363,169,3.6718257538022283e-11
01051009080,010-5100-9080,original,1.0000000003971363,170,-1.7807771913984667e-10
01051009080,010-5100-9080,original,1.0000000003971363,171,1.471913489068618e-10
01051009080,010-5100-9080,original,1.0000000003971363,172,2.580680217510911e-11
01051009080,010-5100-9080,original,1.0000000003971363,173,-7.102687747035486e-11
01051009080,010-5100-9080,original,1.0000000003971363,174,-1.2716318260218014e-10
01051009080,010-5100-9080,original,1.0000000003971363,175,2.1984842186110586e-11
01051009080,010-5100-9080,original,1.0000000003971363,176,-6.131366857705702e-11
01051009080,010-5100-9080,original,1.0000000003971363,177,5.114852306363329e-11
01051009080,010-5100-9080,original,1.0000000003971363,178,-3.3242143615525906e-10
01051009080,010-5100-9080,original,1.0000000003971363,179,-1.02848854541682e-10
01051009080,010-5100-9080,original,1.0000000003971363,180,-2.150281155628993e-10
01051009080,010-5100-9080,original,1.0000000003971363,181,0.9999996943378806
01051009080,010-5100-9080,original,1.0000000003971363,182,0.9999996428724016
01051009080,010-5100-9080,original,1.0000000003971363,183,0.9999996891027066
01051009080,010-5100-9080,original,1.0000000003971363,184,5.487529137834672e-11
01051009080,010-5100-9080,original,1.0000000003971363,185,-1.888141951461711e-10
01051009080,010-5100-9080,original,1.0000000003971363,186,1.5922512650200854e-10
01051009080,010-5100-9080,original,1.0000000003971363,187,-3.8327266768950015e-11
01051009080,010-5100-9080,original,1.0000000003971363,188,-7.5769779927385e-11
01051009080,010-5100-9080,original,1.0000000003971363,189,1.5471864265223728e-10
01051009080,010-5100-9080,original,1.0000000003971363,190,-1.5307129422359293e-11
01051009080,010-5100-9080,original,1.0000000003971363,191,3.031297742629637e-11
01051009080,010-5100-9080,original,1.0000000003971363,192,-6.592539989142521e-11
01051009080,010-5100-9080,original,1.0000000003971363,193,3.0823881781115e-10
01051009080,010-5100-9080,original,1.0000000003971363,194,-2.1268492610969924e-11
01051009080,010-5100-9080,original,1.0000000003971363,195,-1.0230202428394844e-10
01051009080,010-5100-9080,original,1.0000000003971363,196,-7.426031397116126e-11
01051009080,010-5100-9080,original,1.0000000003971363,197,-5.410395082923642e-11
01051009080,010-5100-9080,original,1.0000000003971363,198,4.634386172124933e-10
01051009080,010-5100-9080,original,1.0000000003971363,199,5.63417998441092e-10
01051009080,010-5100-9080,original,1.0000000003971363,200,-6.70991274646311e-11
01051009080,010-5100-9080,original,1.0000000003971363,201,-9.707792191370333e-11
01051009080,010-5100-9080,original,1.0000000003971363,202,2.3048985259342055e-10
01051009080,010-5100-9080,original,1.0000000003971363,203,-3.4434568654515466e-12
01051009081,010-5100-9081,"one digit, last group",-2.5257270662413505e-10,0,1.0921821519270225e-10
01051009081,010-5100-9081,"one digit, last group",-2.5257270662413505e-10,1,3.22796897134629e-11
01051009081,010-5100-9081,"one digit, last group",-2.5257270662413505e-10,2,5.089382554338352e-11
01051009081,010-5100-9081,"one digit, last group",-2.5257270662413505e-10,3,7.459995921949216e-11
01051009081,010-5100-9081,"one digit, last group",-2.5257270662413505e-10,4,-4.354829240641884e-11
01051009081,010-5100-9081,"one digit, last group",-2.5257270662413505e-10,5,-3.6368889340850455e-10
01051009081,010-5100-9081,"one digit, last group",-2.5257270662413505e-10,6,3.810538045351985e-12
01051009081,010-5100-9081,"one digit, last group",-2.5257270662413505e-10,7,-2.1746138360057344e-11
01051009081,010-5100-9081,"one digit, last group",-2.5257270662413505e-10,8,-3.322049656621762e-11
01051009081,010-5100-9081,"one digit, last group",-2.5257270662413505e-10,9,2.6300033663846125e-11
01051009081,010-5100-9081,"one digit, last group",-2.5257270662413505e-10,10,8.991838882283534e-12
01051009081,010-5100-9081,"one digit, last group",-2.5257270662413505e-10,11,7.05863423040052e-12
01051009081,010-5100-9081,"one digit, last group",-2.5257270662413505e-10,12,-1.4380570215105322e-10
01051009081,010-5100-9081,"one digit, last group",-2.5257270662413505e-10,13,1.3869174710913958e-10
01051009081,010-5100-9081,"one digit, last group",-2.5257270662413505e-10,14,-6.961631490870313e-12
01051009081,010-5100-9081,"one digit, last group",-2.5257270662413505e-10,15,2.3533977885700096e-11
01051009081,010-5100-9081,"one digit, last group",-2.5257270662413505e-10,16,-6.537541195423858e-11
01051009081,010-5100-9081,"one digit, last group",-2.5257270662413505e-10,17,-4.6324412728267026e-10
01051009081,010-5100-9081,"one digit, last group",-2.5257270662413505e-10,18,-2.9120374031228395e-10
01051009081,010-5100-9081,"one digit, last group",-2.5257270662413505e-10,19,5.3332340707207e-11
01051009081,010-5100-9081,"one digit, last group",-2.5257270662413505e-10,20,1.5119484773832803e-10
01051009081,010-5100-9081,"one digit, last group",-2.5257270662413505e-10,21,8.830825554033222e-11
01051009081,010-5100-9081,"one digit, last group",-2.5257270662413505e-10,22,-1.1200700847361318e-10
01051009081,010-5100-9081,"one digit, last group",-2.5257270662413505e-10,23,1.354928431223564e-10
01051009081,010-5100-9081,"one digit, last group",-2.5257270662413505e-10,24,-2.523349365532466e-10
01051009081,010-5100-9081,"one digit, last group",-2.5257270662413505e-10,25,1.9193012919667943e-11
01051009081,010-5100-9081,"one digit, last group",-2.5257270662413505e-10,26,-3.3037055679362574e-11
01051009081,010-5100-9081,"one digit, last group",-2.5257270662413505e-10,27,-4.022436551500096e-11
01051009081,010-5100-9081,"one digit, last group",-2.5257270662413505e-10,28,5.561741109399257e-10
01051009081,010-5100-9081,"one digit, last group",-2.5257270662413505e-10,29,3.795562997731842e-11
01051009081,010-5100-9081,"one digit, last group",-2.5257270662413505e-10,30,-1.7140504184982148e-10
01051009081,010-5100-9081,"one digit, last group",-2.5257270662413505e-10,31,-3.151780129735992e-10
01051009081,010-5100-9081,"one digit, last group",-2.5257270662413505e-10,32,1.342547356206247e-10
01051009081,010-5100-9081,"one digit, last group",-2.5257270662413505e-10,33,-2.9355322750430004e-11
01051009081,010-5100-9081,"one digit, last group",-2.5257270662413505e-10,34,-2.9000676986813407e-10
01051009081,010-5100-9081,"one digit, last group",-2.5257270662413505e-10,35,-8.345615479339654e-11
01051009081,010-5100-9081,"one digit, last group",-2.5257270662413505e-10,36,1.5808747718888778e-11
01051009081,010-5100-9081,"one digit, last group",-2.5257270662413505e-10,37,6.209192656213035e-11
01051009081,010-5100-9081,"one digit, last group",-2.5257270662413505e-10,38,3.2307033827630265e-12
01051009081,010-5100-9081,"one digit, last group",-2.5257270662413505e-10,39,-2.2411973541806854e-11
01051009081,010-5100-9081,"one digit, last group",-2.5257270662413505e-10,40,1.8090169266438845e-10
01051009081,010-5100-9081,"one digit, last group",-2.5257270662413505e-10,41,6.681868334842335e-11
01051009081,010-5100-9081,"one digit, last group",-2.5257270662413505e-10,42,1.547476159151981e-10
01051009081,010-5100-9081,"one digit, last group",-2.5257270662413505e-10,43,4.8221156846271377e-11
01051009081,010-5100-9081,"one digit, last group",-2.5257270662413505e-10,44,-4.967265319922003e-11
01051009081,010-5100-9081,"one digit, last group",-2.5257270662413505e-10,45,5.061856103646015e-11
01051009081,010-5100-9081,"one digit, last group",-2.5257270662413505e-10,46,-2.171175462436788e-11
01051009081,010-5100-9081,"one digit, last group",-2.5257270662413505e-10,47,1.3490317644129744e-10
01051009081,010-5100-9081,"one digit, last group",-2.5257270662413505e-10,48,-5.857230441875597e-11
01051009081,010-5100-9081,"one digit, last group",-2.5257270662413505e-10,49,6.52902681748927e-11
01051009081,010-5100-9081,"one digit, last group",-2.5257270662413505e-10,50,-1.9267537862218758e-10
01051009081,010-5100-9081,"one digit, last group",-2.5257270662413505e-10,51,6.228408418223039e-11
01051009081,010-5100-9081,"one digit, last group",-2.5257270662413505e-10,52,-2.987637591435965e-11
01051009081,010-5100-9081,"one digit, last group",-2.5257270662413505e-10,53,5.920966602365357e-11
01051009081,010-5100-9081,"one digit, last group",-2.5257270662413505e-10,54,-3.900603060380718e-11
01051009081,010-5100-9081,"one digit, last group",-2.5257270662413505e-10,55,1.637749336189514e-10
01051009081,010-5100-9081,"one digit, last group",-2.5257270662413505e-10,56,5.0669604561614544e-11
01051009081,010-5100-9081,"one digit, last group",-2.5257270662413505e-10,57,-2.1928057067665957e-11
01051009081,010-5100-9081,"one digit, last group",-2.5257270662413505e-10,58,5.401170867621581e-11
01051009081,010-5100-9081,"one digit, last group",-2.5257270662413505e-10,59,9.0392155789091e-11
01051009081,010-5100-9081,"one digit, last group",-2.5257270662413505e-10,60,-5.5763882443937393e-11
01051009081,010-5100-9081,"one digit, last group",-2.5257270662413505e-10,61,-1.2122471503074489e-11
01051009081,010-5100-9081,"one digit, last group",-2.5257270662413505e-10,62,-2.78133499667336e-10
01051009081,010-5100-9081,"one digit, last group",-2.5257270662413505e-10,63,1.529433985696452e-11
01051009081,010-5100-9081,"one digit, last group",-2.5257270662413505e-10,64,1.2858343621998388e-10
01051009081,010-5100-9081,"one digit, last group",-2.5257270662413505e-10,65,2.0923419201324632e-10
01051009081,010-5100-9081,"one digit, last group",-2.5257270662413505e-10,66,-2.572199061349455e-10
01051009081,010-5100-9081,"one digit, last group",-2.5257270662413505e-10,67,2.559603270701941e-10
01051009081,010-5100-9081,"one digit, last group",-2.5257270662413505e-10,68,-1.5269254086670295e-10
01051009081,010-5100-9081,"one digit, last group",-2.5257270662413505e-10,69,-1.3721340592944832e-11
01051009081,010-5100-9081,"one digit, last group",-2.5257270662413505e-10,70,-7.443524156029481e-11
01051009081,010-5100-9081,"one digit, last group",-2.5257270662413505e-10,71,1.0485216996251874e-10
01051009081,010-5100-9081,"one digit, last group",-2.5257270662413505e-10,72,5.247592041217144e-12
01051009081,010-5100-9081,"one digit, last group",-2.5257270662413505e-10,73,2.2204966480506486e-10
01051009081,010-5100-9081,"one digit, last group",-2.5257270662413505e-10,74,2.5311808100659674e-10
01051009081,010-5100-9081,"one digit, last group",-2.5257270662413505e-10,75,-2.1418086448111328e-11
01051009081,010-5100-9081,"one digit, last group",-2.5257270662413505e-10,76,-1.1990509245511395e-11
01051009081,010-5100-9081,"one digit, last group",-2.5257270662413505e-10,77,-1.5127056767747685e-10
01051009081,010-5100-9081,"one digit, last group",-2.5257270662413505e-10,78,4.007424634925718e-10
01051009081,010-5100-9081,"one digit, last group",-2.5257270662413505e-10,79,-1.332331878032611e-10
01051009081,010-5100-9081,"one digit, last group",-2.5257270662413505e-10,80,-9.526018007411265e-11
01051009081,010-5100-9081,"one digit, last group",-2.5257270662413505e-10,81,-6.656777974727697e-11
01051009081,010-5100-9081,"one digit, last group",-2.5257270662413505e-10,82,-5.5615511938092005e-11
01051009081,010-5100-9081,"one digit, last group",-2.5257270662413505e-10,83,2.3977317767712165e-11
01051009081,010-5100-9081,"one digit, last group",-2.5257270662413505e-10,84,-7.387561159324113e-11
01051009081,010-5100-9081,"one digit, last group",-2.5257270662413505e-10,85,2.093930998392815e-11
01051009081,010-5100-9081,"one digit, last group",-2.5257270662413505e-10,86,9.158960276251268e-12
01051009081,010-5100-9081,"one digit, last group",-2.5257270662413505e-10,87,2.6195120852012127e-11
01051009081,010-5100-9081,"one digit, last group",-2.5257270662413505e-10,88,1.3053690252249047e-10
01051009081,010-5100-9081,"one digit, last group",-2.5257270662413505e-10,89,-2.187663403827092e-11
01051009081,010-5100-9081,"one digit, last group",-2.5257270662413505e-10,90,-1.0801084495952625e-10
01051009081,010-5100-9081,"one digit, last group",-2.5257270662413505e-10,91,-1.0161404208867967e-11
01051009081,010-5100-9081,"one digit, last group",-2.5257270662413505e-10,92,1.0826105343252057e-10
01051009081,010-5100-9081,"one digit, last group",-2.5257270662413505e-10,93,-1.5161208345087061e-10
01051009081,010-5100-9081,"one digit, last group",-2.5257270662413505e-10,94,5.754407789016453e-12
01051009081,010-5100-9081,"one digit, last group",-2.5257270662413505e-10,95,8.21774939276485e-12
01051009081,010-5100-9081,"one digit, last group",-2.5257270662413505e-10,96,-1.5827650203087416e-10
01051009081,010-5100-9081,"one digit, last group",-2.5257270662413505e-10,97,-2.5160098009447774e-10
01051009081,010-5100-9081,"one digit, last group",-2.5257270662413505e-10,98,-9.499007476558588e-11
01051009081,010-5100-9081,"one digit, last group",-2.5257270662413505e-10,99,-1.202389030830585e-11
01051009081,010-5100-9081,"one digit, last group",-2.5257270662413505e-10,100,1.3249280088854996e-12
01051009081,010-5100-9081,"one digit, last group",-2.5257270662413505e-10,101,1.617948356140433e-10
01051009081,010-5100-9081,"one digit, last group",-2.5257270662413505e-10,102,-2.2909746214645516e-10
01051009081,010-5100-9081,"one digit, last group",-2.5257270662413505e-10,103,1.1142866912367906e-10
01051009081,010-5100-9081,"one digit, last group",-2.5257270662413505e-10,104,-2.2241673323521035e-10
01051009081,010-5100-9081,"one digit, last group",-2.5257270662413505e-10,105,-1.196610060854036e-10
01051009081,010-5100-9081,"one digit, last group",-2.5257270662413505e-10,106,4.9264118347168884e-11
01051009081,010-5100-9081,"one digit, last group",-2.5257270662413505e-10,107,9.616983651247553e-12
01051009081,010-5100-9081,"one digit, last group",-2.5257270662413505e-10,108,-1.2623736897770476e-11
01051009081,010-5100-9081,"one digit, last group",-2.5257270662413505e-10,109,3.8034513290900143e-10
01051009081,010-5100-9081,"one digit, last group",-2.5257270662413505e-10,110,9.265454388551034e-11
01051009081,010-5100-9081,"one digit, last group",-2.5257270662413505e-10,111,-2.389813126384411e-10
01051009081,010-5100-9081,"one digit, last group",-2.5257270662413505e-10,112,1.0507080702837678e-11
01051009081,010-5100-9081,"one digit, last group",-2.5257270662413505e-10,113,7.352405304467345e-12
01051009081,010-5100-9081,"one digit, last group",-2.5257270662413505e-10,114,2.0853623914637146e-10
01051009081,010-5100-9081,"one digit, last group",-2.5257270662413505e-10,115,-1.1204565159379496e-11
01051009081,010-5100-9081,"one digit, last group",-2.5257270662413505e-10,116,9.188646377533238e-11
01051009081,010-5100-9081,"one digit, last group",-2.5257270662413505e-10,117,-1.1657884493635347e-10
01051009081,010-5100-9081,"one digit, last group",-2.5257270662413505e-10,118,-1.6983406092109432e-10
01051009081,010-5100-9081,"one digit, last group",-2.5257270662413505e-10,119,1.1076279023265412e-10
01051009081,010-5100-9081,"one digit, last group",-2.5257270662413505e-10,120,-3.497372530654474e-11
01051009081,010-5100-9081,"one digit, last group",-2.5257270662413505e-10,121,-1.484385078131048e-10
01051009081,010-5100-9081,"one digit, last group",-2.5257270662413505e-10,122,-1.3373355184110103e-10
01051009081,010-5100-9081,"one digit, last group",-2.5257270662413505e-10,123,4.339228449745821e-11
01051009081,010-5100-9081,"one digit, last group",-2.5257270662413505e-10,124,2.428433755639699e-10
01051009081,010-5100-9081,"one digit, last group",-2.5257270662413505e-10,125,2.562997256052727e-10
01051009081,010-5100-9081,"one digit, last group",-2.5257270662413505e-10,126,1.084560035535427e-12
01051009081,010-5100-9081,"one digit, last group",-2.5257270662413505e-10,127,2.952164274720174e-10
01051009081,010-5100-9081,"one digit, last group",-2.5257270662413505e-10,128,1.4013739398201934e-10
01051009081,010-5100-9081,"one digit, last group",-2.5257270662413505e-10,129,9.229468836712411e-11
01051009081,010-5100-9081,"one digit, last group",-2.5257270662413505e-10,130,2.3871664225195303e-12
01051009081,010-5100-9081,"one digit, last group",-2.5257270662413505e-10,131,-1.6702351249309655e-10
01051009081,010-5100-9081,"one digit, last group",-2.5257270662413505e-10,132,-3.326036774601508e-11
01051009081,010-5100-9081,"one digit, last group",-2.5257270662413505e-10,133,-3.3722156354756534e-11
01051009081,010-5100-9081,"one digit, last group",-2.5257270662413505e-10,134,-4.6070209773165143e-11
01051009081,010-5100-9081,"one digit, last group",-2.5257270662413505e-10,135,2.8102539165827374e-10
01051009081,010-5100-9081,"one digit, last group",-2.5257270662413505e-10,136,-1.2904500027019734e-13
01051009081,010-5100-9081,"one digit, last group",-2.5257270662413505e-10,137,9.644698667004573e-12
01051009081,010-5100-9081,"one digit, last group",-2.5257270662413505e-10,138,3.27448262527133e-10
01051009081,010-5100-9081,"one digit, last group",-2.5257270662413505e-10,139,1.2902762828479386e-10
01051009081,010-5100-9081,"one digit, last group",-2.5257270662413505e-10,140,-2.0034472554431414e-10
01051009081,010-5100-9081,"one digit, last group",-2.5257270662413505e-10,141,5.968105679447518e-10
01051009081,010-5100-9081,"one digit, last group",-2.5257270662413505e-10,142,4.765977617152299e-10
01051009081,010-5100-9081,"one digit, last group",-2.5257270662413505e-10,143,-8.887175983396298e-11
01051009081,010-5100-9081,"one digit, last group",-2.5257270662413505e-10,144,2.8316298090648285e-10
01051009081,010-5100-9081,"one digit, last group",-2.5257270662413505e-10,145,1.4344810116747033e-10
01051009081,010-5100-9081,"one digit, last group",-2.5257270662413505e-10,146,-2.5049971048023254e-10
01051009081,010-5100-9081,"one digit, last group",-2.5257270662413505e-10,147,-9.444431432870906e-11
01051009081,010-5100-9081,"one digit, last group",-2.5257270662413505e-10,148,6.849529616108914e-11
01051009081,010-5100-9081,"one digit, last group",-2.5257270662413505e-10,149,7.170277092515561e-11
01051009081,010-5100-9081,"one digit, last group",-2.5257270662413505e-10,150,1.0137889412444315e-11
01051009081,010-5100-9081,"one digit, last group",-2.5257270662413505e-10,151,3.563416133151752e-11
01051009081,010-5100-9081,"one digit, last group",-2.5257270662413505e-10,152,1.3136606317497648e-10
01051009081,010-5100-9081,"one digit, last group",-2.5257270662413505e-10,153,-1.9963930153132869e-10
01051009081,010-5100-9081,"one digit, last group",-2.5257270662413505e-10,154,5.059119593000237e-11
01051009081,010-5100-9081,"one digit, last group",-2.5257270662413505e-10,155,-6.422494423395092e-12
01051009081,010-5100-9081,"one digit, last group",-2.5257270662413505e-10,156,-2.5759902958259457e-11
01051009081,010-5100-9081,"one digit, last group",-2.5257270662413505e-10,157,-1.83286951927111e-10
01051009081,010-5100-9081,"one digit, last group",-2.5257270662413505e-10,158,-1.8027581609048378e-11
01051009081,010-5100-9081,"one digit, last group",-2.5257270662413505e-10,159,5.306954637441224e-12
01051009081,010-5100-9081,"one digit, last group",-2.5257270662413505e-10,160,3.254046776115289e-10
01051009081,010-5100-9081,"one digit, last group",-2.5257270662413505e-10,161,-1.0083461119478646e-12
01051009081,010-5100-9081,"one digit, last group",-2.5257270662413505e-10,162,-5.0232614350748956e-11
01051009081,010-5100-9081,"one digit, last group",-2.5257270662413505e-10,163,4.9038057655738515e-12
01051009081,010-5100-9081,"one digit, last group",-2.5257270662413505e-10,164,-5.892396494624433e-11
01051009081,010-5100-9081,"one digit, last group",-2.5257270662413505e-10,165,4.5267442780765274e-10
01051009081,010-5100-9081,"one digit, last group",-2.5257270662413505e-10,166,-1.7749444895412472e-11
01051009081,010-5100-9081,"one digit, last group",-2.5257270662413505e-10,167,3.1675318293414215e-10
01051009081,010-5100-9081,"one digit, last group",-2.5257270662413505e-10,168,-3.4883818872868503e-10
01051009081,010-5100-9081,"one digit, last group",-2.5257270662413505e-10,169,4.725204039906665e-12
01051009081,010-5100-9081,"one digit, last group",-2.5257270662413505e-10,170,1.168943083108696e-10
01051009081,010-5100-9081,"one digit, last group",-2.5257270662413505e-10,171,9.522881141107874e-11
01051009081,010-5100-9081,"one digit, last group",-2.5257270662413505e-10,172,1.6285536439499204e-11
01051009081,010-5100-9081,"one digit, last group",-2.5257270662413505e-10,173,2.6550207548462804e-11
01051009081,010-5100-9081,"one digit, last group",-2.5257270662413505e-10,174,2.2346573532937306e-11
01051009081,010-5100-9081,"one digit, last group",-2.5257270662413505e-10,175,1.1847935829822637e-10
01051009081,010-5100-9081,"one digit, last group",-2.5257270662413505e-10,176,-1.0765805406432708e-10
01051009081,010-5100-9081,"one digit, last group",-2.5257270662413505e-10,177,-2.1013966398883802e-10
01051009081,010-5100-9081,"one digit, last group",-2.5257270662413505e-10,178,1.0920270432157545e-10
01051009081,010-5100-9081,"one digit, last group",-2.5257270662413505e-10,179,-4.151934891474779e-10
01051009081,010-5100-9081,"one digit, last group",-2.5257270662413505e-10,180,3.0235225409146034e-10
01051009081,010-5100-9081,"one digit, last group",-2.5257270662413505e-10,181,-1.9044920636638417e-08
01051009081,010-5100-9081,"one digit, last group",-2.5257270662413505e-10,182,-2.3454505176668372e-09
01051009081,010-5100-9081,"one digit, last group",-2.5257270662413505e-10,183,-2.8731006064142327e-08
01051009081,010-5100-9081,"one digit, last group",-2.5257270662413505e-10,184,3.5986789215936867e-11
01051009081,010-5100-9081,"one digit, last group",-2.5257270662413505e-10,185,-3.070797244692184e-11
01051009081,010-5100-9081,"one digit, last group",-2.5257270662413505e-10,186,-7.604955035998629e-11
01051009081,010-5100-9081,"one digit, last group",-2.5257270662413505e-10,187,6.990368082189515e-11
01051009081,010-5100-9081,"one digit, last group",-2.5257270662413505e-10,188,8.05601048174223e-11
01051009081,010-5100-9081,"one digit, last group",-2.5257270662413505e-10,189,9.979072537884755e-11
01051009081,010-5100-9081,"one digit, last group",-2.5257270662413505e-10,190,2.3084243193303307e-11
01051009081,010-5100-9081,"one digit, last group",-2.5257270662413505e-10,191,-2.104875935418939e-11
01051009081,010-5100-9081,"one digit, last group",-2.5257270662413505e-10,192,1.2446912425284411e-10
01051009081,010-5100-9081,"one digit, last group",-2.5257270662413505e-10,193,2.6472054053118385e-11
01051009081,010-5100-9081,"one digit, last group",-2.5257270662413505e-10,194,-8.574701608029755e-12
01051009081,010-5100-9081,"one digit, last group",-2.5257270662413505e-10,195,-2.996395678900416e-10
01051009081,010-5100-9081,"one digit, last group",-2.5257270662413505e-10,196,-5.781540907144809e-11
01051009081,010-5100-9081,"one digit, last group",-2.5257270662413505e-10,197,-3.7207969701259206e-10
01051009081,010-5100-9081,"one digit, last group",-2.5257270662413505e-10,198,1.391874009858327e-10
01051009081,010-5100-9081,"one digit, last group",-2.5257270662413505e-10,199,7.758378935196849e-10
01051009081,010-5100-9081,"one digit, last group",-2.5257270662413505e-10,200,-9.523522066676913e-11
01051009081,010-5100-9081,"one digit, last group",-2.5257270662413505e-10,201,3.5740015343687664e-11
01051009081,010-5100-9081,"one digit, last group",-2.5257270662413505e-10,202,2.1970312981505773e-10
01051009081,010-5100-9081,"one digit, last group",-2.5257270662413505e-10,203,-3.0292874130302645e-11
01052001582,010-5200-1582,original,0.9999999997296126,0,-5.772600497429535e-11
01052001582,010-5200-1582,original,0.9999999997296126,1,2.7792222262163736e-11
01052001582,010-5200-1582,original,0.9999999997296126,2,1.6599905818381138e-10
01052001582,010-5200-1582,original,0.9999999997296126,3,1.375180860566233e-11
01052001582,010-5200-1582,original,0.9999999997296126,4,2.635664037736556e-11
01052001582,010-5200-1582,original,0.9999999997296126,5,-2.41975439357925e-10
01052001582,010-5200-1582,original,0.9999999997296126,6,5.600072018387296e-11
01052001582,010-5200-1582,original,0.9999999997296126,7,5.227889894631699e-11
01052001582,010-5200-1582,original,0.9999999997296126,8,4.53877903814968e-11
01052001582,010-5200-1582,original,0.9999999997296126,9,-4.0959135998904695e-11
01052001582,010-5200-1582,original,0.9999999997296126,10,2.6101852694255792e-11
01052001582,010-5200-1582,original,0.9999999997296126,11,3.749634728280248e-11
01052001582,010-5200-1582,original,0.9999999997296126,12,-2.58729642335637e-10
01052001582,010-5200-1582,original,0.9999999997296126,13,-5.1930158020805114e-11
01052001582,010-5200-1582,original,0.9999999997296126,14,-2.2357003784315134e-11
01052001582,010-5200-1582,original,0.9999999997296126,15,4.393486850077796e-11
01052001582,010-5200-1582,original,0.9999999997296126,16,-3.762056276476045e-10
01052001582,010-5200-1582,original,0.9999999997296126,17,-7.98084478046327e-10
01052001582,010-5200-1582,original,0.9999999997296126,18,-9.994416547709683e-11
01052001582,010-5200-1582,original,0.9999999997296126,19,-4.010075814546015e-11
01052001582,010-5200-1582,original,0.9999999997296126,20,-2.1335174080451367e-11
01052001582,010-5200-1582,original,0.9999999997296126,21,-1.1760946768103998e-10
01052001582,010-5200-1582,original,0.9999999997296126,22,-2.337127393935131e-10
01052001582,010-5200-1582,original,0.9999999997296126,23,-2.7680909197065677e-11
01052001582,010-5200-1582,original,0.9999999997296126,24,4.477904088145579e-11
01052001582,010-5200-1582,original,0.9999999997296126,25,1.0249867815623968e-11
01052001582,010-5200-1582,original,0.9999999997296126,26,1.4081302341790435e-11
01052001582,010-5200-1582,original,0.9999999997296126,27,-8.55252334157046e-11
01052001582,010-5200-1582,original,0.9999999997296126,28,3.9217061365087225e-10
01052001582,010-5200-1582,original,0.9999999997296126,29,3.311326293166616e-11
01052001582,010-5200-1582,original,0.9999999997296126,30,8.590605491096072e-11
01052001582,010-5200-1582,original,0.9999999997296126,31,-1.3895994621358994e-10
01052001582,010-5200-1582,original,0.9999999997296126,32,-6.938303353466914e-11
01052001582,010-5200-1582,original,0.9999999997296126,33,-2.644088478856983e-10
01052001582,010-5200-1582,original,0.9999999997296126,34,-5.933250758304457e-11
01052001582,010-5200-1582,original,0.9999999997296126,35,2.5861932985371718e-11
01052001582,010-5200-1582,original,0.9999999997296126,36,3.6475014377626785e-11
01052001582,010-5200-1582,original,0.9999999997296126,37,-1.512781318938361e-11
01052001582,010-5200-1582,original,0.9999999997296126,38,1.3761759487338096e-10
01052001582,010-5200-1582,original,0.9999999997296126,39,-5.4659684372747055e-11
01052001582,010-5200-1582,original,0.9999999997296126,40,1.073224280386e-10
01052001582,010-5200-1582,original,0.9999999997296126,41,-2.3069855042239572e-11
01052001582,010-5200-1582,original,0.9999999997296126,42,1.8243990237788105e-10
01052001582,010-5200-1582,original,0.9999999997296126,43,2.7686720801038303e-11
01052001582,010-5200-1582,original,0.9999999997296126,44,2.7887232109270974e-11
01052001582,010-5200-1582,original,0.9999999997296126,45,-6.725440596502517e-11
01052001582,010-5200-1582,original,0.9999999997296126,46,-4.209464825077685e-12
01052001582,010-5200-1582,original,0.9999999997296126,47,-9.451048557068062e-11
01052001582,010-5200-1582,original,0.9999999997296126,48,9.627016391005643e-12
01052001582,010-5200-1582,original,0.9999999997296126,49,3.002280849974636e-11
01052001582,010-5200-1582,original,0.9999999997296126,50,-1.19490035343322e-11
01052001582,010-5200-1582,original,0.9999999997296126,51,2.9027354477960257e-12
01052001582,010-5200-1582,original,0.9999999997296126,52,-1.1471407180048794e-10
01052001582,010-5200-1582,original,0.9999999997296126,53,5.258084299607384e-11
01052001582,010-5200-1582,original,0.9999999997296126,54,-2.4270728020483284e-11
01052001582,010-5200-1582,original,0.9999999997296126,55,3.1907989069417884e-10
01052001582,010-5200-1582,original,0.9999999997296126,56,-3.867917722453275e-11
01052001582,010-5200-1582,original,0.9999999997296126,57,-1.9293988509729897e-11
01052001582,010-5200-1582,original,0.9999999997296126,58,5.681809736800639e-11
01052001582,010-5200-1582,original,0.9999999997296126,59,7.675459964302042e-11
01052001582,010-5200-1582,original,0.9999999997296126,60,1.026082729316967e-10
01052001582,010-5200-1582,original,0.9999999997296126,61,-1.1657876201333717e-10
01052001582,010-5200-1582,original,0.9999999997296126,62,3.548481756973738e-11
01052001582,010-5200-1582,original,0.9999999997296126,63,-1.7032624447483283e-11
01052001582,010-5200-1582,original,0.9999999997296126,64,4.367604829299369e-11
01052001582,010-5200-1582,original,0.9999999997296126,65,-5.124627453543415e-11
01052001582,010-5200-1582,original,0.9999999997296126,66,1.924685839755171e-10
01052001582,010-5200-1582,original,0.9999999997296126,67,-1.291046639691771e-10
01052001582,010-5200-1582,original,0.9999999997296126,68,1.4848580778337084e-10
01052001582,010-5200-1582,original,0.9999999997296126,69,-9.642164237012388e-11
01052001582,010-5200-1582,original,0.9999999997296126,70,-1.6104981478638865e-10
01052001582,010-5200-1582,original,0.9999999997296126,71,-5.5886058310076426e-11
01052001582,010-5200-1582,original,0.9999999997296126,72,-1.5185586961886522e-11
01052001582,010-5200-1582,original,0.9999999997296126,73,-1.9398181577439427e-11
01052001582,010-5200-1582,original,0.9999999997296126,74,4.245282085010269e-11
01052001582,010-5200-1582,original,0.9999999997296126,75,3.547397636884475e-11
01052001582,010-5200-1582,original,0.9999999997296126,76,-4.594067129307239e-11
01052001582,010-5200-1582,original,0.9999999997296126,77,7.535917841821024e-11
01052001582,010-5200-1582,original,0.9999999997296126,78,2.81916579971174e-12
01052001582,010-5200-1582,original,0.9999999997296126,79,-1.1065471471833338e-10
01052001582,010-5200-1582,original,0.9999999997296126,80,5.3467380806840846e-11
01052001582,010-5200-1582,original,0.9999999997296126,81,-1.8393922405620114e-12
01052001582,010-5200-1582,original,0.9999999997296126,82,4.558623889478991e-10
01052001582,010-5200-1582,original,0.9999999997296126,83,-1.820992431605124e-11
01052001582,010-5200-1582,original,0.9999999997296126,84,-1.0509543760318641e-10
01052001582,010-5200-1582,original,0.9999999997296126,85,-8.85018334794035e-12
01052001582,010-5200-1582,original,0.9999999997296126,86,6.93224078262034e-11
01052001582,010-5200-1582,original,0.9999999997296126,87,1.543578673450492e-10
01052001582,010-5200-1582,original,0.9999999997296126,88,-2.2558130083762768e-11
01052001582,010-5200-1582,original,0.9999999997296126,89,-1.656965090609771e-10
01052001582,010-5200-1582,original,0.9999999997296126,90,-1.9510284521010906e-10
01052001582,010-5200-1582,original,0.9999999997296126,91,-7.853216865003156e-11
01052001582,010-5200-1582,original,0.9999999997296126,92,-4.723615095743677e-10
01052001582,010-5200-1582,original,0.9999999997296126,93,-7.378852352328843e-11
01052001582,010-5200-1582,original,0.9999999997296126,94,-2.459855874155388e-11
01052001582,010-5200-1582,original,0.9999999997296126,95,2.0259884680401611e-10
01052001582,010-5200-1582,original,0.9999999997296126,96,-1.839209503213596e-12
01052001582,010-5200-1582,original,0.9999999997296126,97,-1.8103934253386875e-10
01052001582,010-5200-1582,original,0.9999999997296126,98,1.9626462637127195e-11
01052001582,010-5200-1582,original,0.9999999997296126,99,1.0321427407340284e-11
01052001582,010-5200-1582,original,0.9999999997296126,100,-1.569948415281987e-10
01052001582,010-5200-1582,original,0.9999999997296126,101,3.145464076893917e-11
01052001582,010-5200-1582,original,0.9999999997296126,102,-5.695231000935604e-11
01052001582,010-5200-1582,original,0.9999999997296126,103,9.23945728501049e-11
01052001582,010-5200-1582,original,0.9999999997296126,104,6.638300492788089e-11
01052001582,010-5200-1582,original,0.9999999997296126,105,1.647199798848091e-10
01052001582,010-5200-1582,original,0.9999999997296126,106,-4.609697232953151e-12
01052001582,010-5200-1582,original,0.9999999997296126,107,3.13877537264001e-11
01052001582,010-5200-1582,original,0.9999999997296126,108,-5.160872006913444e-12
01052001582,010-5200-1582,original,0.9999999997296126,109,1.8377188715805218e-10
01052001582,010-5200-1582,original,0.9999999997296126,110,8.322347167245837e-11
01052001582,010-5200-1582,original,0.9999999997296126,111,-3.819840837324397e-11
01052001582,010-5200-1582,original,0.9999999997296126,112,-5.876138127673487e-11
01052001582,010-5200-1582,original,0.9999999997296126,113,4.315092815552875e-12
01052001582,010-5200-1582,original,0.9999999997296126,114,7.219693532831688e-11
01052001582,010-5200-1582,original,0.9999999997296126,115,6.058799419410213e-11
01052001582,010-5200-1582,original,0.9999999997296126,116,-1.3108264077091119e-10
01052001582,010-5200-1582,original,0.9999999997296126,117,7.061029601387951e-11
01052001582,010-5200-1582,original,0.9999999997296126,118,-2.138609258772657e-11
01052001582,010-5200-1582,original,0.9999999997296126,119,1.9066091009324193e-10
01052001582,010-5200-1582,original,0.9999999997296126,120,2.7149630674370676e-11
01052001582,010-5200-1582,original,0.9999999997296126,121,-1.3091177692411104e-11
01052001582,010-5200-1582,original,0.9999999997296126,122,-1.3353642162656812e-10
01052001582,010-5200-1582,original,0.9999999997296126,123,4.075932720013068e-11
01052001582,010-5200-1582,original,0.9999999997296126,124,-2.2996889384550373e-10
01052001582,010-5200-1582,original,0.9999999997296126,125,1.9597206233465537e-10
01052001582,010-5200-1582,original,0.9999999997296126,126,2.7009268889516252e-11
01052001582,010-5200-1582,original,0.9999999997296126,127,-6.175781706221665e-11
01052001582,010-5200-1582,original,0.9999999997296126,128,8.219862118402955e-11
01052001582,010-5200-1582,original,0.9999999997296126,129,-6.623310839461112e-11
01052001582,010-5200-1582,original,0.9999999997296126,130,2.5598740684205685e-11
01052001582,010-5200-1582,original,0.9999999997296126,131,3.8328193864455687e-11
01052001582,010-5200-1582,original,0.9999999997296126,132,3.014517207370387e-11
01052001582,010-5200-1582,original,0.9999999997296126,133,2.3503239034278174e-10
01052001582,010-5200-1582,original,0.9999999997296126,134,9.308238238038937e-12
01052001582,010-5200-1582,original,0.9999999997296126,135,-4.316351019418749e-11
01052001582,010-5200-1582,original,0.9999999997296126,136,1.4429921615031683e-11
01052001582,010-5200-1582,original,0.9999999997296126,137,9.7184416665719e-11
01052001582,010-5200-1582,original,0.9999999997296126,138,-8.208548602630446e-11
01052001582,010-5200-1582,original,0.9999999997296126,139,-9.396551013706661e-11
01052001582,010-5200-1582,original,0.9999999997296126,140,-5.652178591642769e-11
01052001582,010-5200-1582,original,0.9999999997296126,141,-2.562572974779161e-10
01052001582,010-5200-1582,original,0.9999999997296126,142,-3.0912672887931927e-12
01052001582,010-5200-1582,original,0.9999999997296126,143,3.7970588399401706e-11
01052001582,010-5200-1582,original,0.9999999997296126,144,1.904673794612848e-10
01052001582,010-5200-1582,original,0.9999999997296126,145,-8.147020302701578e-11
01052001582,010-5200-1582,original,0.9999999997296126,146,-4.740807480435319e-11
01052001582,010-5200-1582,original,0.9999999997296126,147,3.939830138120868e-11
01052001582,010-5200-1582,original,0.9999999997296126,148,-3.4795927342740587e-12
01052001582,010-5200-1582,original,0.9999999997296126,149,-6.278608253973367e-11
01052001582,010-5200-1582,original,0.9999999997296126,150,5.789220236489306e-11
01052001582,010-5200-1582,original,0.9999999997296126,151,-1.3376211793717848e-11
01052001582,010-5200-1582,original,0.9999999997296126,152,4.538424756581177e-10
01052001582,010-5200-1582,original,0.9999999997296126,153,-4.201998387892253e-12
01052001582,010-5200-1582,original,0.9999999997296126,154,-9.18883081943515e-11
01052001582,010-5200-1582,original,0.9999999997296126,155,3.507406539627031e-10
01052001582,010-5200-1582,original,0.9999999997296126,156,-1.4777109724922696e-10
01052001582,010-5200-1582,original,0.9999999997296126,157,-4.9031493854667954e-11
01052001582,010-5200-1582,original,0.9999999997296126,158,-3.1998652860583713e-11
01052001582,010-5200-1582,original,0.9999999997296126,159,-1.9222623857546426e-10
01052001582,010-5200-1582,original,0.9999999997296126,160,2.354624748563214e-10
01052001582,010-5200-1582,original,0.9999999997296126,161,-2.1945287535975742e-11
01052001582,010-5200-1582,original,0.9999999997296126,162,3.6899380221356195e-11
01052001582,010-5200-1582,original,0.9999999997296126,163,1.0307965695955862e-11
01052001582,010-5200-1582,original,0.9999999997296126,164,-2.599295221568017e-11
01052001582,010-5200-1582,original,0.9999999997296126,165,2.600568041979818e-10
01052001582,010-5200-1582,original,0.9999999997296126,166,-4.518901972770222e-11
01052001582,010-5200-1582,original,0.9999999997296126,167,1.9778271585651033e-10
01052001582,010-5200-1582,original,0.9999999997296126,168,-2.6066253819401895e-10
01052001582,010-5200-1582,original,0.9999999997296126,169,-9.08596362282674e-11
01052001582,010-5200-1582,original,0.9999999997296126,170,-6.790363664256654e-11
01052001582,010-5200-1582,original,0.9999999997296126,171,0.9999996975211622
01052001582,010-5200-1582,original,0.9999999997296126,172,0.9999996934311963
01052001582,010-5200-1582,original,0.9999999997296126,173,-1.0318415874248941e-10
01052001582,010-5200-1582,original,0.9999999997296126,174,-1.0350127303974689e-10
01052001582,010-5200-1582,original,0.9999999997296126,175,1.645139118655047e-10
01052001582,010-5200-1582,original,0.9999999997296126,176,3.361628798863194e-12
01052001582,010-5200-1582,original,0.9999999997296126,177,-2.83045908681684e-10
01052001582,010-5200-1582,original,0.9999999997296126,178,-3.877647069134838e-11
01052001582,010-5200-1582,original,0.9999999997296126,179,-3.087211841184869e-10
01052001582,010-5200-1582,original,0.9999999997296126,180,2.7439070199041347e-10
01052001582,010-5200-1582,original,0.9999999997296126,181,-3.190812400502945e-10
01052001582,010-5200-1582,original,0.9999999997296126,182,3.061061901125025e-11
01052001582,010-5200-1582,original,0.9999999997296126,183,-4.828618649011555e-11
01052001582,010-5200-1582,original,0.9999999997296126,184,-9.54845307946413e-12
01052001582,010-5200-1582,original,0.9999999997296126,185,2.3620231877364422e-11
01052001582,010-5200-1582,original,0.9999999997296126,186,1.1885527199204495e-10
01052001582,010-5200-1582,original,0.9999999997296126,187,9.93372236448937e-11
01052001582,010-5200-1582,original,0.9999999997296126,188,-1.8442799523329695e-10
01052001582,010-5200-1582,original,0.9999999997296126,189,4.440111708766988e-11
01052001582,010-5200-1582,original,0.9999999997296126,190,4.7642885492791546e-11
01052001582,010-5200-1582,original,0.9999999997296126,191,-3.464074119069092e-11
01052001582,010-5200-1582,original,0.9999999997296126,192,1.767921993843517e-10
01052001582,010-5200-1582,original,0.9999999997296126,193,-7.422530223593406e-11
01052001582,010-5200-1582,original,0.9999999997296126,194,2.170394875160578e-11
01052001582,010-5200-1582,original,0.9999999997296126,195,-6.238809488991456e-11
01052001582,010-5200-1582,original,0.9999999997296126,196,-5.787348854987721e-11
01052001582,010-5200-1582,original,0.9999999997296126,197,7.46051078689988e-12
01052001582,010-5200-1582,original,0.9999999997296126,198,-2.3114821795332727e-12
01052001582,010-5200-1582,original,0.9999999997296126,199,-3.6494031154840675e-10
01052001582,010-5200-1582,original,0.9999999997296126,200,1.3616745786505094e-11
01052001582,010-5200-1582,original,0.9999999997296126,201,3.6326607745268204e-11
01052001582,010-5200-1582,original,0.9999999997296126,202,1.3165677359451164e-11
01052001582,010-5200-1582,original,0.9999999997296126,203,-5.892562865799067e-12
01052001583,010-5200-1583,"one digit, last group",-2.1252773055599132e-10,0,1.639700283588893e-11
01052001583,010-5200-1583,"one digit, last group",-2.1252773055599132e-10,1,5.210597898861422e-11
01052001583,010-5200-1583,"one digit, last group",-2.1252773055599132e-10,2,7.79650266383041e-11
01052001583,010-5200-1583,"one digit, last group",-2.1252773055599132e-10,3,-4.229703381366446e-12
01052001583,010-5200-1583,"one digit, last group",-2.1252773055599132e-10,4,1.716596284167265e-10
01052001583,010-5200-1583,"one digit, last group",-2.1252773055599132e-10,5,-1.8021958567098168e-10
01052001583,010-5200-1583,"one digit, last group",-2.1252773055599132e-10,6,-2.125452224511018e-10
01052001583,010-5200-1583,"one digit, last group",-2.1252773055599132e-10,7,4.0225597931057596e-11
01052001583,010-5200-1583,"one digit, last group",-2.1252773055599132e-10,8,6.656786494162095e-11
01052001583,010-5200-1583,"one digit, last group",-2.1252773055599132e-10,9,1.3641991410365656e-11
01052001583,010-5200-1583,"one digit, last group",-2.1252773055599132e-10,10,3.3851075668561594e-11
01052001583,010-5200-1583,"one digit, last group",-2.1252773055599132e-10,11,-1.4673792747263746e-10
01052001583,010-5200-1583,"one digit, last group",-2.1252773055599132e-10,12,9.992493612024844e-11
01052001583,010-5200-1583,"one digit, last group",-2.1252773055599132e-10,13,3.326115940258226e-10
01052001583,010-5200-1583,"one digit, last group",-2.1252773055599132e-10,14,1.6246133162330303e-10
01052001583,010-5200-1583,"one digit, last group",-2.1252773055599132e-10,15,1.3551682997405089e-11
01052001583,010-5200-1583,"one digit, last group",-2.1252773055599132e-10,16,3.7272793828174294e-10
01052001583,010-5200-1583,"one digit, last group",-2.1252773055599132e-10,17,5.751357928064307e-11
01052001583,010-5200-1583,"one digit, last group",-2.1252773055599132e-10,18,-5.282777465301822e-11
01052001583,010-5200-1583,"one digit, last group",-2.1252773055599132e-10,19,-6.1553796063596074e-12
01052001583,010-5200-1583,"one digit, last group",-2.1252773055599132e-10,20,2.0909006278253932e-10
01052001583,010-5200-1583,"one digit, last group",-2.1252773055599132e-10,21,3.1762714659382836e-11
01052001583,010-5200-1583,"one digit, last group",-2.1252773055599132e-10,22,-7.385628707983297e-11
01052001583,010-5200-1583,"one digit, last group",-2.1252773055599132e-10,23,-1.1722665759976097e-10
01052001583,010-5200-1583,"one digit, last group",-2.1252773055599132e-10,24,3.063727193952804e-10
01052001583,010-5200-1583,"one digit, last group",-2.1252773055599132e-10,25,-3.25912423996822e-11
01052001583,010-5200-1583,"one digit, last group",-2.1252773055599132e-10,26,9.291276134927384e-11
01052001583,010-5200-1583,"one digit, last group",-2.1252773055599132e-10,27,5.1944789794261276e-11
01052001583,010-5200-1583,"one digit, last group",-2.1252773055599132e-10,28,-1.7147894523556128e-10
01052001583,010-5200-1583,"one digit, last group",-2.1252773055599132e-10,29,-1.3587887938605293e-10
01052001583,010-5200-1583,"one digit, last group",-2.1252773055599132e-10,30,3.3261438174680623e-10
01052001583,010-5200-1583,"one digit, last group",-2.1252773055599132e-10,31,9.956406875300448e-11
01052001583,010-5200-1583,"one digit, last group",-2.1252773055599132e-10,32,-1.5947467175691077e-10
01052001583,010-5200-1583,"one digit, last group",-2.1252773055599132e-10,33,1.2833278872386045e-10
01052001583,010-5200-1583,"one digit, last group",-2.1252773055599132e-10,34,-1.1834034466022508e-11
01052001583,010-5200-1583,"one digit, last group",-2.1252773055599132e-10,35,-2.335108156135016e-11
01052001583,010-5200-1583,"one digit, last group",-2.1252773055599132e-10,36,3.434229115455205e-11
01052001583,010-5200-1583,"one digit, last group",-2.1252773055599132e-10,37,-1.4827284046713925e-10
01052001583,010-5200-1583,"one digit, last group",-2.1252773055599132e-10,38,1.3699087548432043e-10
01052001583,010-5200-1583,"one digit, last group",-2.1252773055599132e-10,39,-6.222152591802755e-11
01052001583,010-5200-1583,"one digit, last group",-2.1252773055599132e-10,40,3.384784837662217e-10
01052001583,010-5200-1583,"one digit, last group",-2.1252773055599132e-10,41,-2.0329293427287792e-11
01052001583,010-5200-1583,"one digit, last group",-2.1252773055599132e-10,42,6.060627141299638e-11
01052001583,010-5200-1583,"one digit, last group",-2.1252773055599132e-10,43,-8.986355477384936e-13
01052001583,010-5200-1583,"one digit, last group",-2.1252773055599132e-10,44,5.148746724668687e-11
01052001583,010-5200-1583,"one digit, last group",-2.1252773055599132e-10,45,4.19211559577999e-10
01052001583,010-5200-1583,"one digit, last group",-2.1252773055599132e-10,46,9.217500342315721e-11
01052001583,010-5200-1583,"one digit, last group",-2.1252773055599132e-10,47,-4.281595740774574e-10
01052001583,010-5200-1583,"one digit, last group",-2.1252773055599132e-10,48,7.145018756679563e-11
01052001583,010-5200-1583,"one digit, last group",-2.1252773055599132e-10,49,9.284079397058818e-11
01052001583,010-5200-1583,"one digit, last group",-2.1252773055599132e-10,50,3.228897106337173e-10
01052001583,010-5200-1583,"one digit, last group",-2.1252773055599132e-10,51,-5.52424270654081e-11
01052001583,010-5200-1583,"one digit, last group",-2.1252773055599132e-10,52,3.74816272923986e-10
01052001583,010-5200-1583,"one digit, last group",-2.1252773055599132e-10,53,3.047286825210852e-11
01052001583,010-5200-1583,"one digit, last group",-2.1252773055599132e-10,54,-2.753388488519875e-12
01052001583,010-5200-1583,"one digit, last group",-2.1252773055599132e-10,55,8.967778775156537e-11
01052001583,010-5200-1583,"one digit, last group",-2.1252773055599132e-10,56,1.735015215033949e-11
01052001583,010-5200-1583,"one digit, last group",-2.1252773055599132e-10,57,4.3994567455879095e-11
01052001583,010-5200-1583,"one digit, last group",-2.1252773055599132e-10,58,-1.1955637825095418e-11
01052001583,010-5200-1583,"one digit, last group",-2.1252773055599132e-10,59,-1.4329544080491835e-10
01052001583,010-5200-1583,"one digit, last group",-2.1252773055599132e-10,60,-2.125713650480855e-10
01052001583,010-5200-1583,"one digit, last group",-2.1252773055599132e-10,61,6.999527568260311e-11
01052001583,010-5200-1583,"one digit, last group",-2.1252773055599132e-10,62,-1.3833376108252638e-10
01052001583,010-5200-1583,"one digit, last group",-2.1252773055599132e-10,63,1.5383688641107731e-10
01052001583,010-5200-1583,"one digit, last group",-2.1252773055599132e-10,64,4.497922576951826e-11
01052001583,010-5200-1583,"one digit, last group",-2.1252773055599132e-10,65,-5.937734705496585e-11
01052001583,010-5200-1583,"one digit, last group",-2.1252773055599132e-10,66,-2.6287037717797866e-10
01052001583,010-5200-1583,"one digit, last group",-2.1252773055599132e-10,67,-9.509543303520709e-11
01052001583,010-5200-1583,"one digit, last group",-2.1252773055599132e-10,68,8.785129219467384e-11
01052001583,010-5200-1583,"one digit, last group",-2.1252773055599132e-10,69,1.7563392590919692e-10
01052001583,010-5200-1583,"one digit, last group",-2.1252773055599132e-10,70,-1.4413606063995067e-10
01052001583,010-5200-1583,"one digit, last group",-2.1252773055599132e-10,71,9.81218193407925e-11
01052001583,010-5200-1583,"one digit, last group",-2.1252773055599132e-10,72,-2.5644872080519573e-11
01052001583,010-5200-1583,"one digit, last group",-2.1252773055599132e-10,73,3.33472001009303e-11
01052001583,010-5200-1583,"one digit, last group",-2.1252773055599132e-10,74,-4.007842113809902e-12
01052001583,010-5200-1583,"one digit, last group",-2.1252773055599132e-10,75,4.2165626250235154e-11
01052001583,010-5200-1583,"one digit, last group",-2.1252773055599132e-10,76,3.9043946803338345e-11
01052001583,010-5200-1583,"one digit, last group",-2.1252773055599132e-10,77,-1.077965340540139e-10
01052001583,010-5200-1583,"one digit, last group",-2.1252773055599132e-10,78,-2.372119604565997e-10
01052001583,010-5200-1583,"one digit, last group",-2.1252773055599132e-10,79,-1.7235167632892453e-10
01052001583,010-5200-1583,"one digit, last group",-2.1252773055599132e-10,80,1.628843826706904e-12
01052001583,010-5200-1583,"one digit, last group",-2.1252773055599132e-10,81,7.239664560158236e-11
01052001583,010-5200-1583,"one digit, last group",-2.1252773055599132e-10,82,2.739823598893677e-10
01052001583,010-5200-1583,"one digit, last group",-2.1252773055599132e-10,83,4.9650514640786736e-12
01052001583,010-5200-1583,"one digit, last group",-2.1252773055599132e-10,84,-1.3629354649062361e-11
01052001583,010-5200-1583,"one digit, last group",-2.1252773055599132e-10,85,-1.8560854964258903e-11
01052001583,010-5200-1583,"one digit, last group",-2.1252773055599132e-10,86,2.911870185403455e-10
01052001583,010-5200-1583,"one digit, last group",-2.1252773055599132e-10,87,8.270766729284353e-11
01052001583,010-5200-1583,"one digit, last group",-2.1252773055599132e-10,88,-1.8725430963520654e-10
01052001583,010-5200-1583,"one digit, last group",-2.1252773055599132e-10,89,4.2000401654099715e-11
01052001583,010-5200-1583,"one digit, last group",-2.1252773055599132e-10,90,2.265628821623029e-11
01052001583,010-5200-1583,"one digit, last group",-2.1252773055599132e-10,91,-3.102405547132821e-10
01052001583,010-5200-1583,"one digit, last group",-2.1252773055599132e-10,92,-7.246458150630681e-11
01052001583,010-5200-1583,"one digit, last group",-2.1252773055599132e-10,93,1.6423279231035423e-10
01052001583,010-5200-1583,"one digit, last group",-2.1252773055599132e-10,94,4.554824764671129e-11
01052001583,010-5200-1583,"one digit, last group",-2.1252773055599132e-10,95,2.517778546923239e-10
01052001583,010-5200-1583,"one digit, last group",-2.1252773055599132e-10,96,-2.8637741749068586e-11
01052001583,010-5200-1583,"one digit, last group",-2.1252773055599132e-10,97,9.87985459695804e-11
01052001583,010-5200-1583,"one digit, last group",-2.1252773055599132e-10,98,-2.3242010641412315e-10
01052001583,010-5200-1583,"one digit, last group",-2.1252773055599132e-10,99,-5.564069443751617e-11
01052001583,010-5200-1583,"one digit, last group",-2.1252773055599132e-10,100,7.840945339424618e-11
01052001583,010-5200-1583,"one digit, last group",-2.1252773055599132e-10,101,-5.0144728278407717e-11
01052001583,010-5200-1583,"one digit, last group",-2.1252773055599132e-10,102,5.450571669001207e-10
01052001583,010-5200-1583,"one digit, last group",-2.1252773055599132e-10,103,3.5041973373127976e-10
01052001583,010-5200-1583,"one digit, last group",-2.1252773055599132e-10,104,1.4058699103162997e-10
01052001583,010-5200-1583,"one digit, last group",-2.1252773055599132e-10,105,-6.849556718408977e-11
01052001583,010-5200-1583,"one digit, last group",-2.1252773055599132e-10,106,-8.298231438449967e-11
01052001583,010-5200-1583,"one digit, last group",-2.1252773055599132e-10,107,4.4682878185623893e-11
01052001583,010-5200-1583,"one digit, last group",-2.1252773055599132e-10,108,-2.740358062302069e-11
01052001583,010-5200-1583,"one digit, last group",-2.1252773055599132e-10,109,1.676499743585215e-10
01052001583,010-5200-1583,"one digit, last group",-2.1252773055599132e-10,110,-4.6658475906733915e-11
01052001583,010-5200-1583,"one digit, last group",-2.1252773055599132e-10,111,1.752215031776451e-10
01052001583,010-5200-1583,"one digit, last group",-2.1252773055599132e-10,112,-8.905275643144514e-11
01052001583,010-5200-1583,"one digit, last group",-2.1252773055599132e-10,113,9.562025721258542e-12
01052001583,010-5200-1583,"one digit, last group",-2.1252773055599132e-10,114,4.554357275316252e-11
01052001583,010-5200-1583,"one digit, last group",-2.1252773055599132e-10,115,2.0819736571904186e-11
01052001583,010-5200-1583,"one digit, last group",-2.1252773055599132e-10,116,4.058232510960877e-11
01052001583,010-5200-1583,"one digit, last group",-2.1252773055599132e-10,117,1.383824826348068e-10
01052001583,010-5200-1583,"one digit, last group",-2.1252773055599132e-10,118,-4.1030964524032024e-10
01052001583,010-5200-1583,"one digit, last group",-2.1252773055599132e-10,119,-1.4848889562634386e-10
01052001583,010-5200-1583,"one digit, last group",-2.1252773055599132e-10,120,1.5344838650144274e-11
01052001583,010-5200-1583,"one digit, last group",-2.1252773055599132e-10,121,1.8079284239153682e-10
01052001583,010-5200-1583,"one digit, last group",-2.1252773055599132e-10,122,-9.401415678931128e-11
01052001583,010-5200-1583,"one digit, last group",-2.1252773055599132e-10,123,-1.7895313001963132e-11
01052001583,010-5200-1583,"one digit, last group",-2.1252773055599132e-10,124,-3.407885260289328e-10
01052001583,010-5200-1583,"one digit, last group",-2.1252773055599132e-10,125,-1.5289303034310729e-10
01052001583,010-5200-1583,"one digit, last group",-2.1252773055599132e-10,126,1.4152664291018414e-10
01052001583,010-5200-1583,"one digit, last group",-2.1252773055599132e-10,127,1.2208803599908035e-10
01052001583,010-5200-1583,"one digit, last group",-2.1252773055599132e-10,128,1.9558775387931223e-10
01052001583,010-5200-1583,"one digit, last group",-2.1252773055599132e-10,129,-9.157822769062886e-11
01052001583,010-5200-1583,"one digit, last group",-2.1252773055599132e-10,130,3.0937975316193304e-11
01052001583,010-5200-1583,"one digit, last group",-2.1252773055599132e-10,131,-2.5817241036529064e-10
01052001583,010-5200-1583,"one digit, last group",-2.1252773055599132e-10,132,-3.008059743172267e-11
01052001583,010-5200-1583,"one digit, last group",-2.1252773055599132e-10,133,9.53734137522037e-11
01052001583,010-5200-1583,"one digit, last group",-2.1252773055599132e-10,134,-3.067051919654835e-10
01052001583,010-5200-1583,"one digit, last group",-2.1252773055599132e-10,135,-2.995633041078635e-11
01052001583,010-5200-1583,"one digit, last group",-2.1252773055599132e-10,136,3.1089316171814175e-11
01052001583,010-5200-1583,"one digit, last group",-2.1252773055599132e-10,137,3.920643401455951e-11
01052001583,010-5200-1583,"one digit, last group",-2.1252773055599132e-10,138,1.37012720310616e-10
01052001583,010-5200-1583,"one digit, last group",-2.1252773055599132e-10,139,-1.2617543733835683e-10
01052001583,010-5200-1583,"one digit, last group",-2.1252773055599132e-10,140,-8.931525050559155e-11
01052001583,010-5200-1583,"one digit, last group",-2.1252773055599132e-10,141,3.464201075821353e-11
01052001583,010-5200-1583,"one digit, last group",-2.1252773055599132e-10,142,-8.148181109520349e-11
01052001583,010-5200-1583,"one digit, last group",-2.1252773055599132e-10,143,1.6949748933519822e-10
01052001583,010-5200-1583,"one digit, last group",-2.1252773055599132e-10,144,1.6810756775317814e-10
01052001583,010-5200-1583,"one digit, last group",-2.1252773055599132e-10,145,-3.2619611008225356e-12
01052001583,010-5200-1583,"one digit, last group",-2.1252773055599132e-10,146,-1.394909199390443e-10
01052001583,010-5200-1583,"one digit, last group",-2.1252773055599132e-10,147,2.2188385317567712e-10
01052001583,010-5200-1583,"one digit, last group",-2.1252773055599132e-10,148,1.9125998622521646e-11
01052001583,010-5200-1583,"one digit, last group",-2.1252773055599132e-10,149,5.026396396454858e-10
01052001583,010-5200-1583,"one digit, last group",-2.1252773055599132e-10,150,2.8544959880537593e-11
01052001583,010-5200-1583,"one digit, last group",-2.1252773055599132e-10,151,2.4477338503918698e-11
01052001583,010-5200-1583,"one digit, last group",-2.1252773055599132e-10,152,-7.467416473523914e-11
01052001583,010-5200-1583,"one digit, last group",-2.1252773055599132e-10,153,1.693392396154052e-10
01052001583,010-5200-1583,"one digit, last group",-2.1252773055599132e-10,154,7.258424039106017e-11
01052001583,010-5200-1583,"one digit, last group",-2.1252773055599132e-10,155,-6.902211016883795e-10
01052001583,010-5200-1583,"one digit, last group",-2.1252773055599132e-10,156,9.605762832716844e-11
01052001583,010-5200-1583,"one digit, last group",-2.1252773055599132e-10,157,1.6870088155984574e-11
01052001583,010-5200-1583,"one digit, last group",-2.1252773055599132e-10,158,4.689235922294437e-12
01052001583,010-5200-1583,"one digit, last group",-2.1252773055599132e-10,159,1.2467137365023746e-11
01052001583,010-5200-1583,"one digit, last group",-2.1252773055599132e-10,160,2.5300164558154415e-10
01052001583,010-5200-1583,"one digit, last group",-2.1252773055599132e-10,161,-5.161315139504472e-11
01052001583,010-5200-1583,"one digit, last group",-2.1252773055599132e-10,162,-1.5647617526273454e-10
01052001583,010-5200-1583,"one digit, last group",-2.1252773055599132e-10,163,-4.457600240010807e-11
01052001583,010-5200-1583,"one digit, last group",-2.1252773055599132e-10,164,6.45284972794938e-11
01052001583,010-5200-1583,"one digit, last group",-2.1252773055599132e-10,165,-8.860182270218785e-11
01052001583,010-5200-1583,"one digit, last group",-2.1252773055599132e-10,166,8.764294137328277e-11
01052001583,010-5200-1583,"one digit, last group",-2.1252773055599132e-10,167,2.4576815128338695e-10
01052001583,010-5200-1583,"one digit, last group",-2.1252773055599132e-10,168,8.870609638739075e-11
01052001583,010-5200-1583,"one digit, last group",-2.1252773055599132e-10,169,1.913562758390632e-10
01052001583,010-5200-1583,"one digit, last group",-2.1252773055599132e-10,170,-6.048244935472425e-11
01052001583,010-5200-1583,"one digit, last group",-2.1252773055599132e-10,171,2.9365268793158283e-09
01052001583,010-5200-1583,"one digit, last group",-2.1252773055599132e-10,172,2.1041894357865226e-09
01052001583,010-5200-1583,"one digit, last group",-2.1252773055599132e-10,173,1.1989955555642261e-11
01052001583,010-5200-1583,"one digit, last group",-2.1252773055599132e-10,174,-4.028861645054387e-11
01052001583,010-5200-1583,"one digit, last group",-2.1252773055599132e-10,175,-5.203744378027217e-10
01052001583,010-5200-1583,"one digit, last group",-2.1252773055599132e-10,176,5.07102937774614e-11
01052001583,010-5200-1583,"one digit, last group",-2.1252773055599132e-10,177,-2.7188496194833244e-10
01052001583,010-5200-1583,"one digit, last group",-2.1252773055599132e-10,178,-1.3772913800207013e-10
01052001583,010-5200-1583,"one digit, last group",-2.1252773055599132e-10,179,2.165602037144231e-10
01052001583,010-5200-1583,"one digit, last group",-2.1252773055599132e-10,180,1.1858716603867477e-11
01052001583,010-5200-1583,"one digit, last group",-2.1252773055599132e-10,181,-6.863521494997803e-10
01052001583,010-5200-1583,"one digit, last group",-2.1252773055599132e-10,182,1.7626272685250677e-10
01052001583,010-5200-1583,"one digit, last group",-2.1252773055599132e-10,183,-9.090669401974214e-11
01052001583,010-5200-1583,"one digit, last group",-2.1252773055599132e-10,184,9.559649131710697e-12
01052001583,010-5200-1583,"one digit, last group",-2.1252773055599132e-10,185,-4.441705363157578e-12
01052001583,010-5200-1583,"one digit, last group",-2.1252773055599132e-10,186,-5.869216651594926e-11
01052001583,010-5200-1583,"one digit, last group",-2.1252773055599132e-10,187,1.427859262422857e-11
01052001583,010-5200-1583,"one digit, last group",-2.1252773055599132e-10,188,5.969026746315914e-11
01052001583,010-5200-1583,"one digit, last group",-2.1252773055599132e-10,189,-4.0736394248830345e-11
01052001583,010-5200-1583,"one digit, last group",-2.1252773055599132e-10,190,-7.484343972125445e-11
01052001583,010-5200-1583,"one digit, last group",-2.1252773055599132e-10,191,5.251609386019159e-11
01052001583,010-5200-1583,"one digit, last group",-2.1252773055599132e-10,192,-2.8420141558804688e-11
01052001583,010-5200-1583,"one digit, last group",-2.1252773055599132e-10,193,-6.314783559339123e-10
01052001583,010-5200-1583,"one digit, last group",-2.1252773055599132e-10,194,6.603002121332826e-11
01052001583,010-5200-1583,"one digit, last group",-2.1252773055599132e-10,195,1.8645073535855188e-11
01052001583,010-5200-1583,"one digit, last group",-2.1252773055599132e-10,196,-1.1132919175112067e-10
01052001583,010-5200-1583,"one digit, last group",-2.1252773055599132e-10,197,2.702236607123883e-10
01052001583,010-5200-1583,"one digit, last group",-2.1252773055599132e-10,198,-1.3218842994395083e-10
01052001583,010-5200-1583,"one digit, last group",-2.1252773055599132e-10,199,9.217087653473388e-10
01052001583,010-5200-1583,"one digit, last group",-2.1252773055599132e-10,200,-3.9974813717100895e-11
01052001583,010-5200-1583,"one digit, last group",-2.1252773055599132e-10,201,-1.5136639195922475e-11
01052001583,010-5200-1583,"one digit, last group",-2.1252773055599132e-10,202,-3.950138406607041e-10
01052001583,010-5200-1583,"one digit, last group",-2.1252773055599132e-10,203,-1.3340523905907673e-11
00653004858,006-5300-4858,original,1.0000000001397238,0,-9.814601349969935e-11
00653004858,006-5300-4858,original,1.0000000001397238,1,-4.139006745892252e-11
00653004858,006-5300-4858,original,1.0000000001397238,2,-3.044077533818897e-11
00653004858,006-5300-4858,original,1.0000000001397238,3,2.818743557195262e-11
00653004858,006-5300-4858,original,1.0000000001397238,4,2.622022918198582e-13
00653004858,006-5300-4858,original,1.0000000001397238,5,7.559555931957436e-11
00653004858,006-5300-4858,original,1.0000000001397238,6,1.973003385160944e-10
00653004858,006-5300-4858,original,1.0000000001397238,7,1.3903365318379327e-10
00653004858,006-5300-4858,original,1.0000000001397238,8,2.68242339551231e-10
00653004858,006-5300-4858,original,1.0000000001397238,9,9.168696563775627e-11
00653004858,006-5300-4858,original,1.0000000001397238,10,-2.7427144887972605e-11
00653004858,006-5300-4858,original,1.0000000001397238,11,-5.521145015516842e-11
00653004858,006-5300-4858,original,1.0000000001397238,12,-8.97268304420625e-11
00653004858,006-5300-4858,original,1.0000000001397238,13,-2.459128422851585e-10
00653004858,006-5300-4858,original,1.0000000001397238,14,-1.4738208712934386e-10
00653004858,006-5300-4858,original,1.0000000001397238,15,-1.1002141733908334e-10
00653004858,006-5300-4858,original,1.0000000001397238,16,-1.4231700645219325e-10
00653004858,006-5300-4858,original,1.0000000001397238,17,-3.010903397495591e-10
00653004858,006-5300-4858,original,1.0000000001397238,18,2.0797440831948827e-10
00653004858,006-5300-4858,original,1.0000000001397238,19,-2.7309665458998038e-11
00653004858,006-5300-4858,original,1.0000000001397238,20,-3.1199196814401416e-11
00653004858,006-5300-4858,original,1.0000000001397238,21,3.5116107645849373e-10
00653004858,006-5300-4858,original,1.0000000001397238,22,2.044912830169056e-10
00653004858,006-5300-4858,original,1.0000000001397238,23,-9.32799554039135e-13
00653004858,006-5300-4858,original,1.0000000001397238,24,7.883863353692158e-13
00653004858,006-5300-4858,original,1.0000000001397238,25,-4.692269806804839e-11
00653004858,006-5300-4858,original,1.0000000001397238,26,2.4327871766384425e-10
00653004858,006-5300-4858,original,1.0000000001397238,27,6.81105762210088e-11
00653004858,006-5300-4858,original,1.0000000001397238,28,-1.1375362497920628e-11
00653004858,006-5300-4858,original,1.0000000001397238,29,-2.6061897036146618e-11
00653004858,006-5300-4858,original,1.0000000001397238,30,-1.7111618319754402e-10
00653004858,006-5300-4858,original,1.0000000001397238,31,-6.62346394353709e-11
00653004858,006-5300-4858,original,1.0000000001397238,32,2.0895753908961329e-10
00653004858,006-5300-4858,original,1.0000000001397238,33,2.1288593347595137e-10
00653004858,006-5300-4858,original,1.0000000001397238,34,-3.7243290686590454e-11
00653004858,006-5300-4858,original,1.0000000001397238,35,1.463470460320512e-11
00653004858,006-5300-4858,original,1.0000000001397238,36,-1.2509580872471385e-11
00653004858,006-5300-4858,original,1.0000000001397238,37,1.941081421400122e-11
00653004858,006-5300-4858,original,1.0000000001397238,38,6.89259964333476e-11
00653004858,006-5300-4858,original,1.0000000001397238,39,4.794924184672659e-11
00653004858,006-5300-4858,original,1.0000000001397238,40,-5.278297470086203e-10
00653004858,006-5300-4858,original,1.0000000001397238,41,-4.221486977833255e-11
00653004858,006-5300-4858,original,1.0000000001397238,42,1.7130797767640437e-10
00653004858,006-5300-4858,original,1.0000000001397238,43,-3.316046118264476e-12
00653004858,006-5300-4858,original,1.0000000001397238,44,3.196631881728601e-11
00653004858,006-5300-4858,original,1.0000000001397238,45,-9.871267397370426e-11
00653004858,006-5300-4858,original,1.0000000001397238,46,5.023627877456576e-11
00653004858,006-5300-4858,original,1.0000000001397238,47,2.160012220083467e-10
00653004858,006-5300-4858,original,1.0000000001397238,48,9.380178416198675e-11
00653004858,006-5300-4858,original,1.0000000001397238,49,1.1390737432514003e-10
00653004858,006-5300-4858,original,1.0000000001397238,50,-1.2793063649641672e-10
00653004858,006-5300-4858,original,1.0000000001397238,51,1.7493996828604445e-11
00653004858,006-5300-4858,original,1.0000000001397238,52,-1.150146021263848e-10
00653004858,006-5300-4858,original,1.0000000001397238,53,1.2737738266687846e-11
00653004858,006-5300-4858,original,1.0000000001397238,54,-3.50334829371958e-11
00653004858,006-5300-4858,original,1.0000000001397238,55,1.0186314103115942e-10
00653004858,006-5300-4858,original,1.0000000001397238,56,-2.4738405940038367e-10
00653004858,006-5300-4858,original,1.0000000001397238,57,-3.4315680633469116e-12
00653004858,006-5300-4858,original,1.0000000001397238,58,1.9548838700871414e-12
00653004858,006-5300-4858,original,1.0000000001397238,59,5.2588976681337626e-11
00653004858,006-5300-4858,original,1.0000000001397238,60,1.8529601294420947e-10
00653004858,006-5300-4858,original,1.0000000001397238,61,-1.348921483284421e-11
00653004858,006-5300-4858,original,1.0000000001397238,62,-2.4490889252361514e-10
00653004858,006-5300-4858,original,1.0000000001397238,63,-2.0359598336235124e-10
00653004858,006-5300-4858,original,1.0000000001397238,64,7.071789653936187e-11
00653004858,006-5300-4858,original,1.0000000001397238,65,7.205467217929691e-11
00653004858,006-5300-4858,original,1.0000000001397238,66,-4.4457308444352136e-10
00653004858,006-5300-4858,original,1.0000000001397238,67,-6.498377505721608e-11
00653004858,006-5300-4858,original,1.0000000001397238,68,-2.5512349374253774e-11
00653004858,006-5300-4858,original,1.0000000001397238,69,1.1895741844700145e-11
00653004858,006-5300-4858,original,1.0000000001397238,70,-1.2755701923136238e-10
00653004858,006-5300-4858,original,1.0000000001397238,71,-3.594336365355705e-11
00653004858,006-5300-4858,original,1.0000000001397238,72,-1.1103668836060167e-11
00653004858,006-5300-4858,original,1.0000000001397238,73,8.87620453583243e-11
00653004858,006-5300-4858,original,1.0000000001397238,74,6.625836463507179e-11
00653004858,006-5300-4858,original,1.0000000001397238,75,-1.7816839140169077e-11
00653004858,006-5300-4858,original,1.0000000001397238,76,-8.93099123619911e-11
00653004858,006-5300-4858,original,1.0000000001397238,77,-4.183089273709743e-12
00653004858,006-5300-4858,original,1.0000000001397238,78,1.227076693935605e-10
00653004858,006-5300-4858,original,1.0000000001397238,79,-4.5621836512760247e-11
00653004858,006-5300-4858,original,1.0000000001397238,80,6.201895565504534e-11
00653004858,006-5300-4858,original,1.0000000001397238,81,1.2326917113556042e-10
00653004858,006-5300-4858,original,1.0000000001397238,82,2.431834956870983e-11
00653004858,006-5300-4858,original,1.0000000001397238,83,-7.353687116015798e-12
00653004858,006-5300-4858,original,1.0000000001397238,84,4.485268242181427e-11
00653004858,006-5300-4858,original,1.0000000001397238,85,-1.2449137729108598e-11
00653004858,006-5300-4858,original,1.0000000001397238,86,-1.2721065877632578e-10
00653004858,006-5300-4858,original,1.0000000001397238,87,-6.455093159947623e-11
00653004858,006-5300-4858,original,1.0000000001397238,88,3.134983952868454e-11
00653004858,006-5300-4858,original,1.0000000001397238,89,-2.413289878700672e-10
00653004858,006-5300-4858,original,1.0000000001397238,90,-6.492218231506477e-11
00653004858,006-5300-4858,original,1.0000000001397238,91,-1.359607686860721e-10
00653004858,006-5300-4858,original,1.0000000001397238,92,-2.018899836743023e-10
00653004858,006-5300-4858,original,1.0000000001397238,93,-1.4028801712008445e-10
00653004858,006-5300-4858,original,1.0000000001397238,94,3.051545448127603e-12
00653004858,006-5300-4858,original,1.0000000001397238,95,-9.57860488212326e-11
00653004858,006-5300-4858,original,1.0000000001397238,96,1.8365914008740658e-10
00653004858,006-5300-4858,original,1.0000000001397238,97,-1.3335070709745411e-10
00653004858,006-5300-4858,original,1.0000000001397238,98,1.1105264562914485e-10
00653004858,006-5300-4858,original,1.0000000001397238,99,-2.3891087801192428e-11
00653004858,006-5300-4858,original,1.0000000001397238,100,1.5372345039217246e-10
00653004858,006-5300-4858,original,1.0000000001397238,101,3.2308827393696945e-10
00653004858,006-5300-4858,original,1.0000000001397238,102,4.50327096383027e-11
00653004858,006-5300-4858,original,1.0000000001397238,103,-2.5807169338921633e-10
00653004858,006-5300-4858,original,1.0000000001397238,104,1.754700632574029e-10
00653004858,006-5300-4858,original,1.0000000001397238,105,-2.5982159313083186e-11
00653004858,006-5300-4858,original,1.0000000001397238,106,7.39050116556178e-11
00653004858,006-5300-4858,original,1.0000000001397238,107,2.423275956181859e-12
00653004858,006-5300-4858,original,1.0000000001397238,108,3.3571401995944736e-11
00653004858,006-5300-4858,original,1.0000000001397238,109,3.615190610819069e-12
00653004858,006-5300-4858,original,1.0000000001397238,110,-3.075463303942153e-11
00653004858,006-5300-4858,original,1.0000000001397238,111,-1.5981676924518374e-10
00653004858,006-5300-4858,original,1.0000000001397238,112,-1.8179919683081432e-10
00653004858,006-5300-4858,original,1.0000000001397238,113,5.468502276461512e-12
00653004858,006-5300-4858,original,1.0000000001397238,114,-3.669250585429093e-11
00653004858,006-5300-4858,original,1.0000000001397238,115,9.103725782114622e-12
00653004858,006-5300-4858,original,1.0000000001397238,116,-2.2079681355866876e-10
00653004858,006-5300-4858,original,1.0000000001397238,117,-5.103530649076687e-10
00653004858,006-5300-4858,original,1.0000000001397238,118,-1.3199745122886068e-10
00653004858,006-5300-4858,original,1.0000000001397238,119,-1.0776544695530121e-10
00653004858,006-5300-4858,original,1.0000000001397238,120,-9.644812147206727e-12
00653004858,006-5300-4858,original,1.0000000001397238,121,-3.1351157506644336e-10
00653004858,006-5300-4858,original,1.0000000001397238,122,-2.3744460389145972e-11
00653004858,006-5300-4858,original,1.0000000001397238,123,-7.049153684292118e-11
00653004858,006-5300-4858,original,1.0000000001397238,124,1.2868293794609279e-10
00653004858,006-5300-4858,original,1.0000000001397238,125,-4.623705879266856e-10
00653004858,006-5300-4858,original,1.0000000001397238,126,-7.460329674646091e-11
00653004858,006-5300-4858,original,1.0000000001397238,127,1.2994499808939842e-10
00653004858,006-5300-4858,original,1.0000000001397238,128,-1.4586789285590803e-10
00653004858,006-5300-4858,original,1.0000000001397238,129,9.385403458339558e-11
00653004858,006-5300-4858,original,1.0000000001397238,130,-8.73145016885322e-12
00653004858,006-5300-4858,original,1.0000000001397238,131,-3.113177770352257e-10
00653004858,006-5300-4858,original,1.0000000001397238,132,-8.11235129113732e-11
00653004858,006-5300-4858,original,1.0000000001397238,133,7.813175446718062e-11
00653004858,006-5300-4858,original,1.0000000001397238,134,1.370693337375449e-10
00653004858,006-5300-4858,original,1.0000000001397238,135,-3.973787471651133e-12
00653004858,006-5300-4858,original,1.0000000001397238,136,-9.787011770465787e-12
00653004858,006-5300-4858,original,1.0000000001397238,137,-6.263766255764568e-11
00653004858,006-5300-4858,original,1.0000000001397238,138,-2.803234310871712e-10
00653004858,006-5300-4858,original,1.0000000001397238,139,-2.1702488632572595e-10
00653004858,006-5300-4858,original,1.0000000001397238,140,-9.196146132977068e-11
00653004858,006-5300-4858,original,1.0000000001397238,141,-1.665092739921927e-10
00653004858,006-5300-4858,original,1.0000000001397238,142,2.1543538328996037e-10
00653004858,006-5300-4858,original,1.0000000001397238,143,-1.7464799508431087e-10
00653004858,006-5300-4858,original,1.0000000001397238,144,-6.083800108236408e-11
00653004858,006-5300-4858,original,1.0000000001397238,145,4.223338125071661e-12
00653004858,006-5300-4858,original,1.0000000001397238,146,-4.1938905959986587e-11
00653004858,006-5300-4858,original,1.0000000001397238,147,7.97998777273002e-12
00653004858,006-5300-4858,original,1.0000000001397238,148,5.228380805814294e-11
00653004858,006-5300-4858,original,1.0000000001397238,149,-7.857767793854603e-11
00653004858,006-5300-4858,original,1.0000000001397238,150,-9.970036540652154e-11
00653004858,006-5300-4858,original,1.0000000001397238,151,-5.3851594773213316e-11
00653004858,006-5300-4858,original,1.0000000001397238,152,6.212782469480109e-11
00653004858,006-5300-4858,original,1.0000000001397238,153,-2.4403915803315605e-10
00653004858,006-5300-4858,original,1.0000000001397238,154,-1.1661107481496872e-12
00653004858,006-5300-4858,original,1.0000000001397238,155,8.243204473212046e-11
00653004858,006-5300-4858,original,1.0000000001397238,156,-2.0853732761649544e-10
00653004858,006-5300-4858,original,1.0000000001397238,157,6.978287024001238e-12
00653004858,006-5300-4858,original,1.0000000001397238,158,1.1258518373373693e-10
00653004858,006-5300-4858,original,1.0000000001397238,159,1.1942747499182848e-10
00653004858,006-5300-4858,original,1.0000000001397238,160,-2.6274252743512847e-11
00653004858,006-5300-4858,original,1.0000000001397238,161,2.4223175713238204e-11
00653004858,006-5300-4858,original,1.0000000001397238,162,1.5499433876845804e-11
00653004858,006-5300-4858,original,1.0000000001397238,163,1.2193557380675591e-11
00653004858,006-5300-4858,original,1.0000000001397238,164,-8.008838300063389e-11
00653004858,006-5300-4858,original,1.0000000001397238,165,-6.960999749194324e-12
00653004858,006-5300-4858,original,1.0000000001397238,166,-1.871010814934065e-10
00653004858,006-5300-4858,original,1.0000000001397238,167,-4.401012237168171e-10
00653004858,006-5300-4858,original,1.0000000001397238,168,-1.4730862616454202e-10
00653004858,006-5300-4858,original,1.0000000001397238,169,-6.60884902532418e-11
00653004858,006-5300-4858,original,1.0000000001397238,170,-4.8983251944169585e-11
00653004858,006-5300-4858,original,1.0000000001397238,171,9.939629857594418e-11
00653004858,006-5300-4858,original,1.0000000001397238,172,-4.671106564808393e-11
00653004858,006-5300-4858,original,1.0000000001397238,173,6.78826849773237e-11
00653004858,006-5300-4858,original,1.0000000001397238,174,3.835647019641554e-11
00653004858,006-5300-4858,original,1.0000000001397238,175,-3.515769585814207e-10
00653004858,006-5300-4858,original,1.0000000001397238,176,-6.010365121967102e-11
00653004858,006-5300-4858,original,1.0000000001397238,177,2.2172709718742888e-10
00653004858,006-5300-4858,original,1.0000000001397238,178,-2.0483092320645997e-10
00653004858,006-5300-4858,original,1.0000000001397238,179,-3.276512165360121e-11
00653004858,006-5300-4858,original,1.0000000001397238,180,2.4418403054036586e-10
00653004858,006-5300-4858,original,1.0000000001397238,181,2.704522216927276e-10
00653004858,006-5300-4858,original,1.0000000001397238,182,-3.5880223903325974e-10
00653004858,006-5300-4858,original,1.0000000001397238,183,-4.6815001682306115e-11
00653004858,006-5300-4858,original,1.0000000001397238,184,9.993622613145658e-12
00653004858,006-5300-4858,original,1.0000000001397238,185,-4.746344325315387e-11
00653004858,006-5300-4858,original,1.0000000001397238,186,-2.103195522630333e-11
00653004858,006-5300-4858,original,1.0000000001397238,187,0.9999996839195567
00653004858,006-5300-4858,original,1.0000000001397238,188,0.9999996950047159
00653004858,006-5300-4858,original,1.0000000001397238,189,1.3605025047052506e-10
00653004858,006-5300-4858,original,1.0000000001397238,190,-3.680055082924518e-11
00653004858,006-5300-4858,original,1.0000000001397238,191,-2.731321805498558e-11
00653004858,006-5300-4858,original,1.0000000001397238,192,6.354441968597726e-11
00653004858,006-5300-4858,original,1.0000000001397238,193,-7.040494846754893e-10
00653004858,006-5300-4858,original,1.0000000001397238,194,-5.630023049253156e-12
00653004858,006-5300-4858,original,1.0000000001397238,195,-9.184602787436e-12
00653004858,006-5300-4858,original,1.0000000001397238,196,4.740807242333878e-11
00653004858,006-5300-4858,original,1.0000000001397238,197,6.504477333187528e-11
00653004858,006-5300-4858,original,1.0000000001397238,198,-7.164343323519828e-11
00653004858,006-5300-4858,original,1.0000000001397238,199,3.8889008809916664e-10
00653004858,006-5300-4858,original,1.0000000001397238,200,-1.0806711279296667e-10
00653004858,006-5300-4858,original,1.0000000001397238,201,-1.0381245519015815e-11
00653004858,006-5300-4858,original,1.0000000001397238,202,1.5401813166484863e-10
00653004858,006-5300-4858,original,1.0000000001397238,203,-3.465122541282885e-11
00653004859,006-5300-4859,"one digit, last group",-1.3718660855634633e-10,0,1.3140156391509477e-10
00653004859,006-5300-4859,"one digit, last group",-1.3718660855634633e-10,1,1.109553692718219e-10
00653004859,006-5300-4859,"one digit, last group",-1.3718660855634633e-10,2,1.5382617864526713e-10
00653004859,006-5300-4859,"one digit, last group",-1.3718660855634633e-10,3,-9.332089853520395e-12
00653004859,006-5300-4859,"one digit, last group",-1.3718660855634633e-10,4,5.549545075001595e-11
00653004859,006-5300-4859,"one digit, last group",-1.3718660855634633e-10,5,-4.869799515343511e-10
00653004859,006-5300-4859,"one digit, last group",-1.3718660855634633e-10,6,-4.1763019834263926e-11
00653004859,006-5300-4859,"one digit, last group",-1.3718660855634633e-10,7,-4.887135403205794e-11
00653004859,006-5300-4859,"one digit, last group",-1.3718660855634633e-10,8,2.696639644552374e-12
00653004859,006-5300-4859,"one digit, last group",-1.3718660855634633e-10,9,1.334977032217438e-10
00653004859,006-5300-4859,"one digit, last group",-1.3718660855634633e-10,10,8.498903541184654e-12
00653004859,006-5300-4859,"one digit, last group",-1.3718660855634633e-10,11,1.2014938146932218e-11
00653004859,006-5300-4859,"one digit, last group",-1.3718660855634633e-10,12,9.30842406416399e-11
00653004859,006-5300-4859,"one digit, last group",-1.3718660855634633e-10,13,-1.1560231207241941e-10
00653004859,006-5300-4859,"one digit, last group",-1.3718660855634633e-10,14,-4.585023175640086e-11
00653004859,006-5300-4859,"one digit, last group",-1.3718660855634633e-10,15,1.3542075549388213e-11
00653004859,006-5300-4859,"one digit, last group",-1.3718660855634633e-10,16,1.1279866495171439e-10
00653004859,006-5300-4859,"one digit, last group",-1.3718660855634633e-10,17,-7.053799024740023e-10
00653004859,006-5300-4859,"one digit, last group",-1.3718660855634633e-10,18,1.020193515132127e-10
00653004859,006-5300-4859,"one digit, last group",-1.3718660855634633e-10,19,-5.0085783611121993e-11
00653004859,006-5300-4859,"one digit, last group",-1.3718660855634633e-10,20,-2.948518487466609e-11
00653004859,006-5300-4859,"one digit, last group",-1.3718660855634633e-10,21,-6.633085559338927e-13
00653004859,006-5300-4859,"one digit, last group",-1.3718660855634633e-10,22,5.215771531709815e-12
00653004859,006-5300-4859,"one digit, last group",-1.3718660855634633e-10,23,-1.885831669207481e-10
00653004859,006-5300-4859,"one digit, last group",-1.3718660855634633e-10,24,-3.7146575946240776e-10
00653004859,006-5300-4859,"one digit, last group",-1.3718660855634633e-10,25,1.8776828233864267e-10
00653004859,006-5300-4859,"one digit, last group",-1.3718660855634633e-10,26,1.6035776046575345e-10
00653004859,006-5300-4859,"one digit, last group",-1.3718660855634633e-10,27,-1.2999995899615144e-10
00653004859,006-5300-4859,"one digit, last group",-1.3718660855634633e-10,28,-1.072515106111966e-10
00653004859,006-5300-4859,"one digit, last group",-1.3718660855634633e-10,29,1.9568132932171046e-11
00653004859,006-5300-4859,"one digit, last group",-1.3718660855634633e-10,30,-5.775876390475557e-10
00653004859,006-5300-4859,"one digit, last group",-1.3718660855634633e-10,31,2.2399264737849386e-10
00653004859,006-5300-4859,"one digit, last group",-1.3718660855634633e-10,32,-2.2296944745605802e-10
00653004859,006-5300-4859,"one digit, last group",-1.3718660855634633e-10,33,2.312065038905465e-10
00653004859,006-5300-4859,"one digit, last group",-1.3718660855634633e-10,34,-3.529344143968223e-11
00653004859,006-5300-4859,"one digit, last group",-1.3718660855634633e-10,35,8.437776365919132e-12
00653004859,006-5300-4859,"one digit, last group",-1.3718660855634633e-10,36,-1.6071796883961332e-11
00653004859,006-5300-4859,"one digit, last group",-1.3718660855634633e-10,37,2.0554345419798293e-10
00653004859,006-5300-4859,"one digit, last group",-1.3718660855634633e-10,38,1.690906811909823e-10
00653004859,006-5300-4859,"one digit, last group",-1.3718660855634633e-10,39,-8.961107894424621e-11
00653004859,006-5300-4859,"one digit, last group",-1.3718660855634633e-10,40,-2.9872680686219686e-10
00653004859,006-5300-4859,"one digit, last group",-1.3718660855634633e-10,41,-1.3919756347163795e-10
00653004859,006-5300-4859,"one digit, last group",-1.3718660855634633e-10,42,1.116580812257897e-10
00653004859,006-5300-4859,"one digit, last group",-1.3718660855634633e-10,43,3.840769875887499e-11
00653004859,006-5300-4859,"one digit, last group",-1.3718660855634633e-10,44,-3.985608963209109e-12
00653004859,006-5300-4859,"one digit, last group",-1.3718660855634633e-10,45,-1.0798249810130404e-10
00653004859,006-5300-4859,"one digit, last group",-1.3718660855634633e-10,46,1.992402343491106e-10
00653004859,006-5300-4859,"one digit, last group",-1.3718660855634633e-10,47,2.3451531600665637e-10
00653004859,006-5300-4859,"one digit, last group",-1.3718660855634633e-10,48,4.322657421798614e-11
00653004859,006-5300-4859,"one digit, last group",-1.3718660855634633e-10,49,-6.1701854536903195e-12
00653004859,006-5300-4859,"one digit, last group",-1.3718660855634633e-10,50,-8.681391677820266e-11
00653004859,006-5300-4859,"one digit, last group",-1.3718660855634633e-10,51,2.7165158197393565e-12
00653004859,006-5300-4859,"one digit, last group",-1.3718660855634633e-10,52,1.299244716316802e-10
00653004859,006-5300-4859,"one digit, last group",-1.3718660855634633e-10,53,3.130135436490458e-11
00653004859,006-5300-4859,"one digit, last group",-1.3718660855634633e-10,54,-1.4021828619623964e-11
00653004859,006-5300-4859,"one digit, last group",-1.3718660855634633e-10,55,1.4287019139830603e-10
00653004859,006-5300-4859,"one digit, last group",-1.3718660855634633e-10,56,1.8235435040231732e-10
00653004859,006-5300-4859,"one digit, last group",-1.3718660855634633e-10,57,2.0722729569593984e-11
00653004859,006-5300-4859,"one digit, last group",-1.3718660855634633e-10,58,-5.722962509883544e-11
00653004859,006-5300-4859,"one digit, last group",-1.3718660855634633e-10,59,-2.6499842875546055e-10
00653004859,006-5300-4859,"one digit, last group",-1.3718660855634633e-10,60,1.7168808053591908e-12
00653004859,006-5300-4859,"one digit, last group",-1.3718660855634633e-10,61,-1.1268688833249185e-10
00653004859,006-5300-4859,"one digit, last group",-1.3718660855634633e-10,62,-1.8701765324671794e-10
00653004859,006-5300-4859,"one digit, last group",-1.3718660855634633e-10,63,3.3656382925431195e-11
00653004859,006-5300-4859,"one digit, last group",-1.3718660855634633e-10,64,2.28154345082328e-10
00653004859,006-5300-4859,"one digit, last group",-1.3718660855634633e-10,65,6.804563176678215e-11
00653004859,006-5300-4859,"one digit, last group",-1.3718660855634633e-10,66,2.8637502844501955e-10
00653004859,006-5300-4859,"one digit, last group",-1.3718660855634633e-10,67,9.57254244486041e-11
00653004859,006-5300-4859,"one digit, last group",-1.3718660855634633e-10,68,2.721836063322996e-10
00653004859,006-5300-4859,"one digit, last group",-1.3718660855634633e-10,69,-1.0291063114490146e-10
00653004859,006-5300-4859,"one digit, last group",-1.3718660855634633e-10,70,3.166460757882138e-11
00653004859,006-5300-4859,"one digit, last group",-1.3718660855634633e-10,71,1.2152316097409849e-10
00653004859,006-5300-4859,"one digit, last group",-1.3718660855634633e-10,72,3.122842675171955e-12
00653004859,006-5300-4859,"one digit, last group",-1.3718660855634633e-10,73,1.624631698321957e-10
00653004859,006-5300-4859,"one digit, last group",-1.3718660855634633e-10,74,-1.6219732921936082e-10
00653004859,006-5300-4859,"one digit, last group",-1.3718660855634633e-10,75,1.1081038587180937e-11
00653004859,006-5300-4859,"one digit, last group",-1.3718660855634633e-10,76,1.0474106528916971e-10
00653004859,006-5300-4859,"one digit, last group",-1.3718660855634633e-10,77,-8.248473695848862e-11
00653004859,006-5300-4859,"one digit, last group",-1.3718660855634633e-10,78,-8.53572911221938e-11
00653004859,006-5300-4859,"one digit, last group",-1.3718660855634633e-10,79,3.124722018877012e-10
00653004859,006-5300-4859,"one digit, last group",-1.3718660855634633e-10,80,7.459571841225322e-11
00653004859,006-5300-4859,"one digit, last group",-1.3718660855634633e-10,81,-1.654841365711094e-10
00653004859,006-5300-4859,"one digit, last group",-1.3718660855634633e-10,82,1.207429309455197e-10
00653004859,006-5300-4859,"one digit, last group",-1.3718660855634633e-10,83,4.794891527665203e-11
00653004859,006-5300-4859,"one digit, last group",-1.3718660855634633e-10,84,4.732459889917811e-11
00653004859,006-5300-4859,"one digit, last group",-1.3718660855634633e-10,85,1.536637958009608e-11
00653004859,006-5300-4859,"one digit, last group",-1.3718660855634633e-10,86,1.9168077351468804e-10
00653004859,006-5300-4859,"one digit, last group",-1.3718660855634633e-10,87,-1.0171793981384157e-10
00653004859,006-5300-4859,"one digit, last group",-1.3718660855634633e-10,88,-5.569110895776226e-11
00653004859,006-5300-4859,"one digit, last group",-1.3718660855634633e-10,89,-7.291099059053715e-11
00653004859,006-5300-4859,"one digit, last group",-1.3718660855634633e-10,90,-1.384891373392707e-10
00653004859,006-5300-4859,"one digit, last group",-1.3718660855634633e-10,91,4.174747706959299e-11
00653004859,006-5300-4859,"one digit, last group",-1.3718660855634633e-10,92,4.3550755685750985e-10
00653004859,006-5300-4859,"one digit, last group",-1.3718660855634633e-10,93,1.7924882329429295e-10
00653004859,006-5300-4859,"one digit, last group",-1.3718660855634633e-10,94,2.029431698712129e-11
00653004859,006-5300-4859,"one digit, last group",-1.3718660855634633e-10,95,-4.737328606163216e-11
00653004859,006-5300-4859,"one digit, last group",-1.3718660855634633e-10,96,1.4702359222486126e-11
00653004859,006-5300-4859,"one digit, last group",-1.3718660855634633e-10,97,1.336004394791669e-10
00653004859,006-5300-4859,"one digit, last group",-1.3718660855634633e-10,98,8.385388945803146e-12
00653004859,006-5300-4859,"one digit, last group",-1.3718660855634633e-10,99,4.798557146641638e-12
00653004859,006-5300-4859,"one digit, last group",-1.3718660855634633e-10,100,-1.5164195919330475e-10
00653004859,006-5300-4859,"one digit, last group",-1.3718660855634633e-10,101,3.311224856752061e-11
00653004859,006-5300-4859,"one digit, last group",-1.3718660855634633e-10,102,-3.3997779180327563e-10
00653004859,006-5300-4859,"one digit, last group",-1.3718660855634633e-10,103,1.8841179870336065e-11
00653004859,006-5300-4859,"one digit, last group",-1.3718660855634633e-10,104,-3.5050181506521683e-10
00653004859,006-5300-4859,"one digit, last group",-1.3718660855634633e-10,105,-1.0371594843517565e-10
00653004859,006-5300-4859,"one digit, last group",-1.3718660855634633e-10,106,5.580534666176255e-12
00653004859,006-5300-4859,"one digit, last group",-1.3718660855634633e-10,107,5.261208270923341e-12
00653004859,006-5300-4859,"one digit, last group",-1.3718660855634633e-10,108,-5.0824051070084956e-11
00653004859,006-5300-4859,"one digit, last group",-1.3718660855634633e-10,109,-5.345047810520791e-11
00653004859,006-5300-4859,"one digit, last group",-1.3718660855634633e-10,110,2.764867598541739e-11
00653004859,006-5300-4859,"one digit, last group",-1.3718660855634633e-10,111,5.034389074105072e-11
00653004859,006-5300-4859,"one digit, last group",-1.3718660855634633e-10,112,-2.2459374746735994e-10
00653004859,006-5300-4859,"one digit, last group",-1.3718660855634633e-10,113,2.953413540897166e-11
00653004859,006-5300-4859,"one digit, last group",-1.3718660855634633e-10,114,8.338986965333015e-11
00653004859,006-5300-4859,"one digit, last group",-1.3718660855634633e-10,115,2.701000330914415e-12
00653004859,006-5300-4859,"one digit, last group",-1.3718660855634633e-10,116,4.884342900483631e-11
00653004859,006-5300-4859,"one digit, last group",-1.3718660855634633e-10,117,-2.8076377411956817e-10
00653004859,006-5300-4859,"one digit, last group",-1.3718660855634633e-10,118,-7.438038511740548e-11
00653004859,006-5300-4859,"one digit, last group",-1.3718660855634633e-10,119,8.96181067619144e-11
00653004859,006-5300-4859,"one digit, last group",-1.3718660855634633e-10,120,-2.861421635443244e-11
00653004859,006-5300-4859,"one digit, last group",-1.3718660855634633e-10,121,4.517283322378544e-12
00653004859,006-5300-4859,"one digit, last group",-1.3718660855634633e-10,122,-1.7162998548318485e-10
00653004859,006-5300-4859,"one digit, last group",-1.3718660855634633e-10,123,1.0365622676352719e-10
00653004859,006-5300-4859,"one digit, last group",-1.3718660855634633e-10,124,-3.0490824488674623e-10
00653004859,006-5300-4859,"one digit, last group",-1.3718660855634633e-10,125,2.2089790593614678e-10
00653004859,006-5300-4859,"one digit, last group",-1.3718660855634633e-10,126,1.0459643734910576e-10
00653004859,006-5300-4859,"one digit, last group",-1.3718660855634633e-10,127,2.6959283175843524e-11
00653004859,006-5300-4859,"one digit, last group",-1.3718660855634633e-10,128,6.581697963075751e-11
00653004859,006-5300-4859,"one digit, last group",-1.3718660855634633e-10,129,-4.8917727780927216e-11
00653004859,006-5300-4859,"one digit, last group",-1.3718660855634633e-10,130,-1.0997595715719869e-10
00653004859,006-5300-4859,"one digit, last group",-1.3718660855634633e-10,131,1.2912079849335962e-11
00653004859,006-5300-4859,"one digit, last group",-1.3718660855634633e-10,132,1.1436227699928482e-10
00653004859,006-5300-4859,"one digit, last group",-1.3718660855634633e-10,133,-4.2946459102466736e-11
00653004859,006-5300-4859,"one digit, last group",-1.3718660855634633e-10,134,2.7832027170446975e-10
00653004859,006-5300-4859,"one digit, last group",-1.3718660855634633e-10,135,-2.223755980237569e-11
00653004859,006-5300-4859,"one digit, last group",-1.3718660855634633e-10,136,6.923264552750122e-11
00653004859,006-5300-4859,"one digit, last group",-1.3718660855634633e-10,137,2.1552764521007785e-11
00653004859,006-5300-4859,"one digit, last group",-1.3718660855634633e-10,138,1.3681555701873206e-10
00653004859,006-5300-4859,"one digit, last group",-1.3718660855634633e-10,139,-1.502719400235656e-10
00653004859,006-5300-4859,"one digit, last group",-1.3718660855634633e-10,140,-2.522368894594027e-10
00653004859,006-5300-4859,"one digit, last group",-1.3718660855634633e-10,141,-3.2139760013586344e-10
00653004859,006-5300-4859,"one digit, last group",-1.3718660855634633e-10,142,-5.785007183584755e-11
00653004859,006-5300-4859,"one digit, last group",-1.3718660855634633e-10,143,-1.1318538632299013e-10
00653004859,006-5300-4859,"one digit, last group",-1.3718660855634633e-10,144,-1.4667228693335044e-10
00653004859,006-5300-4859,"one digit, last group",-1.3718660855634633e-10,145,1.2022704952886716e-10
00653004859,006-5300-4859,"one digit, last group",-1.3718660855634633e-10,146,-2.559600220774496e-10
00653004859,006-5300-4859,"one digit, last group",-1.3718660855634633e-10,147,1.4997722115575889e-10
00653004859,006-5300-4859,"one digit, last group",-1.3718660855634633e-10,148,-1.6244374157720867e-10
00653004859,006-5300-4859,"one digit, last group",-1.3718660855634633e-10,149,2.1428931628651773e-11
00653004859,006-5300-4859,"one digit, last group",-1.3718660855634633e-10,150,-4.087409848056318e-11
00653004859,006-5300-4859,"one digit, last group",-1.3718660855634633e-10,151,-9.022122597631849e-11
00653004859,006-5300-4859,"one digit, last group",-1.3718660855634633e-10,152,1.3992740394479162e-10
00653004859,006-5300-4859,"one digit, last group",-1.3718660855634633e-10,153,2.803456728655446e-10
00653004859,006-5300-4859,"one digit, last group",-1.3718660855634633e-10,154,1.9759343306365734e-11
00653004859,006-5300-4859,"one digit, last group",-1.3718660855634633e-10,155,4.341569594498961e-11
00653004859,006-5300-4859,"one digit, last group",-1.3718660855634633e-10,156,-3.9922302563760126e-11
00653004859,006-5300-4859,"one digit, last group",-1.3718660855634633e-10,157,-3.106637239825147e-11
00653004859,006-5300-4859,"one digit, last group",-1.3718660855634633e-10,158,1.6341300621126213e-10
00653004859,006-5300-4859,"one digit, last group",-1.3718660855634633e-10,159,-4.532175158279288e-11
00653004859,006-5300-4859,"one digit, last group",-1.3718660855634633e-10,160,1.2979664610277843e-10
00653004859,006-5300-4859,"one digit, last group",-1.3718660855634633e-10,161,-5.3848654088544093e-11
00653004859,006-5300-4859,"one digit, last group",-1.3718660855634633e-10,162,5.940394852332484e-11
00653004859,006-5300-4859,"one digit, last group",-1.3718660855634633e-10,163,-3.914978188016756e-11
00653004859,006-5300-4859,"one digit, last group",-1.3718660855634633e-10,164,2.2407387943350505e-10
00653004859,006-5300-4859,"one digit, last group",-1.3718660855634633e-10,165,-1.0036113370595249e-10
00653004859,006-5300-4859,"one digit, last group",-1.3718660855634633e-10,166,-8.189954879220384e-11
00653004859,006-5300-4859,"one digit, last group",-1.3718660855634633e-10,167,3.17477038254138e-11
00653004859,006-5300-4859,"one digit, last group",-1.3718660855634633e-10,168,3.809401618476603e-11
00653004859,006-5300-4859,"one digit, last group",-1.3718660855634633e-10,169,1.0278215906486547e-10
00653004859,006-5300-4859,"one digit, last group",-1.3718660855634633e-10,170,1.2299771388890036e-10
00653004859,006-5300-4859,"one digit, last group",-1.3718660855634633e-10,171,5.81658286646274e-11
00653004859,006-5300-4859,"one digit, last group",-1.3718660855634633e-10,172,5.6164690435386486e-11
00653004859,006-5300-4859,"one digit, last group",-1.3718660855634633e-10,173,-1.2251734186416214e-10
00653004859,006-5300-4859,"one digit, last group",-1.3718660855634633e-10,174,3.354175420325013e-11
00653004859,006-5300-4859,"one digit, last group",-1.3718660855634633e-10,175,-4.0324123142466847e-10
00653004859,006-5300-4859,"one digit, last group",-1.3718660855634633e-10,176,-5.279595757815338e-11
00653004859,006-5300-4859,"one digit, last group",-1.3718660855634633e-10,177,-2.7620576581061883e-10
00653004859,006-5300-4859,"one digit, last group",-1.3718660855634633e-10,178,2.6055209094438466e-11
00653004859,006-5300-4859,"one digit, last group",-1.3718660855634633e-10,179,-1.4369154875855674e-10
00653004859,006-5300-4859,"one digit, last group",-1.3718660855634633e-10,180,9.101753698409907e-12
00653004859,006-5300-4859,"one digit, last group",-1.3718660855634633e-10,181,1.4689555252397192e-11
00653004859,006-5300-4859,"one digit, last group",-1.3718660855634633e-10,182,2.4010337588534756e-10
00653004859,006-5300-4859,"one digit, last group",-1.3718660855634633e-10,183,-7.201258288565256e-11
00653004859,006-5300-4859,"one digit, last group",-1.3718660855634633e-10,184,5.690246406196712e-11
00653004859,006-5300-4859,"one digit, last group",-1.3718660855634633e-10,185,-4.890674188640193e-12
00653004859,006-5300-4859,"one digit, last group",-1.3718660855634633e-10,186,-1.422343206982556e-10
00653004859,006-5300-4859,"one digit, last group",-1.3718660855634633e-10,187,-9.663594017120314e-10
00653004859,006-5300-4859,"one digit, last group",-1.3718660855634633e-10,188,-6.105736873204543e-10
00653004859,006-5300-4859,"one digit, last group",-1.3718660855634633e-10,189,-4.954196710392118e-12
00653004859,006-5300-4859,"one digit, last group",-1.3718660855634633e-10,190,3.8277663898050105e-10
00653004859,006-5300-4859,"one digit, last group",-1.3718660855634633e-10,191,7.732965796575458e-11
00653004859,006-5300-4859,"one digit, last group",-1.3718660855634633e-10,192,1.7156538713484935e-10
00653004859,006-5300-4859,"one digit, last group",-1.3718660855634633e-10,193,-4.708181776615623e-10
00653004859,006-5300-4859,"one digit, last group",-1.3718660855634633e-10,194,-3.0614816370317864e-12
00653004859,006-5300-4859,"one digit, last group",-1.3718660855634633e-10,195,4.090089409222686e-10
00653004859,006-5300-4859,"one digit, last group",-1.3718660855634633e-10,196,-1.5465741061172103e-10
00653004859,006-5300-4859,"one digit, last group",-1.3718660855634633e-10,197,3.117331835758979e-11
00653004859,006-5300-4859,"one digit, last group",-1.3718660855634633e-10,198,-3.974303939889736e-10
00653004859,006-5300-4859,"one digit, last group",-1.3718660855634633e-10,199,7.524264338412592e-11
00653004859,006-5300-4859,"one digit, last group",-1.3718660855634633e-10,200,-2.826866686394886e-11
00653004859,006-5300-4859,"one digit, last group",-1.3718660855634633e-10,201,-8.647783114441718e-12
00653004859,006-5300-4859,"one digit, last group",-1.3718660855634633e-10,202,-1.99356997893323e-10
00653004859,006-5300-4859,"one digit, last group",-1.3718660855634633e-10,203,-4.787617727026315e-11
02050002924,020-5000-2924,"one digit, first group",-1.437581410098312e-10,0,3.6045413669489843e-11
02050002924,020-5000-2924,"one digit, first group",-1.437581410098312e-10,1,1.1419296669592777e-10
02050002924,020-5000-2924,"one digit, first group",-1.437581410098312e-10,2,-5.722867092332275e-11
02050002924,020-5000-2924,"one digit, first group",-1.437581410098312e-10,3,-1.7519166874685548e-11
02050002924,020-5000-2924,"one digit, first group",-1.437581410098312e-10,4,-2.1781097370814817e-11
02050002924,020-5000-2924,"one digit, first group",-1.437581410098312e-10,5,-3.731100417238154e-10
02050002924,020-5000-2924,"one digit, first group",-1.437581410098312e-10,6,1.7580383662759493e-10
02050002924,020-5000-2924,"one digit, first group",-1.437581410098312e-10,7,1.8832221880435028e-11
02050002924,020-5000-2924,"one digit, first group",-1.437581410098312e-10,8,7.074808396037649e-11
02050002924,020-5000-2924,"one digit, first group",-1.437581410098312e-10,9,3.9039529465115226e-11
02050002924,020-5000-2924,"one digit, first group",-1.437581410098312e-10,10,3.4024337207154135e-11
02050002924,020-5000-2924,"one digit, first group",-1.437581410098312e-10,11,2.3739083983785147e-10
02050002924,020-5000-2924,"one digit, first group",-1.437581410098312e-10,12,-2.8187504564900985e-10
02050002924,020-5000-2924,"one digit, first group",-1.437581410098312e-10,13,2.1715115700251746e-10
02050002924,020-5000-2924,"one digit, first group",-1.437581410098312e-10,14,7.509214613257687e-11
02050002924,020-5000-2924,"one digit, first group",-1.437581410098312e-10,15,1.2139774561647999e-11
02050002924,020-5000-2924,"one digit, first group",-1.437581410098312e-10,16,-2.2517956830068168e-10
02050002924,020-5000-2924,"one digit, first group",-1.437581410098312e-10,17,3.786790619295673e-11
02050002924,020-5000-2924,"one digit, first group",-1.437581410098312e-10,18,5.337425127118112e-11
02050002924,020-5000-2924,"one digit, first group",-1.437581410098312e-10,19,1.0311164747746013e-11
02050002924,020-5000-2924,"one digit, first group",-1.437581410098312e-10,20,-2.0455794285668312e-11
02050002924,020-5000-2924,"one digit, first group",-1.437581410098312e-10,21,-2.4140575231574536e-10
02050002924,020-5000-2924,"one digit, first group",-1.437581410098312e-10,22,2.1350340712070622e-11
02050002924,020-5000-2924,"one digit, first group",-1.437581410098312e-10,23,-1.573165266930058e-10
02050002924,020-5000-2924,"one digit, first group",-1.437581410098312e-10,24,-2.2114051368748144e-10
02050002924,020-5000-2924,"one digit, first group",-1.437581410098312e-10,25,2.717461059357665e-11
02050002924,020-5000-2924,"one digit, first group",-1.437581410098312e-10,26,2.4053560383854556e-10
02050002924,020-5000-2924,"one digit, first group",-1.437581410098312e-10,27,-9.504643607472115e-11
02050002924,020-5000-2924,"one digit, first group",-1.437581410098312e-10,28,-2.826937816018708e-10
02050002924,020-5000-2924,"one digit, first group",-1.437581410098312e-10,29,1.224564501455577e-10
02050002924,020-5000-2924,"one digit, first group",-1.437581410098312e-10,30,1.8074979881031284e-10
02050002924,020-5000-2924,"one digit, first group",-1.437581410098312e-10,31,-9.327424940158752e-11
02050002924,020-5000-2924,"one digit, first group",-1.437581410098312e-10,32,-1.803676006628291e-11
02050002924,020-5000-2924,"one digit, first group",-1.437581410098312e-10,33,1.0409231720347264e-10
02050002924,020-5000-2924,"one digit, first group",-1.437581410098312e-10,34,-1.3964651184516768e-11
02050002924,020-5000-2924,"one digit, first group",-1.437581410098312e-10,35,-3.5045098205298524e-11
02050002924,020-5000-2924,"one digit, first group",-1.437581410098312e-10,36,-1.3811572973604746e-10
02050002924,020-5000-2924,"one digit, first group",-1.437581410098312e-10,37,1.9688676962247985e-11
02050002924,020-5000-2924,"one digit, first group",-1.437581410098312e-10,38,1.8761554887344773e-10
02050002924,020-5000-2924,"one digit, first group",-1.437581410098312e-10,39,3.101285673435647e-12
02050002924,020-5000-2924,"one digit, first group",-1.437581410098312e-10,40,1.815258014328995e-11
02050002924,020-5000-2924,"one digit, first group",-1.437581410098312e-10,41,6.76115547649098e-12
02050002924,020-5000-2924,"one digit, first group",-1.437581410098312e-10,42,-2.998601740922001e-11
02050002924,020-5000-2924,"one digit, first group",-1.437581410098312e-10,43,8.311764289115695e-11
02050002924,020-5000-2924,"one digit, first group",-1.437581410098312e-10,44,2.741287385481202e-11
02050002924,020-5000-2924,"one digit, first group",-1.437581410098312e-10,45,1.828262752457084e-10
02050002924,020-5000-2924,"one digit, first group",-1.437581410098312e-10,46,-1.8413272329527284e-11
02050002924,020-5000-2924,"one digit, first group",-1.437581410098312e-10,47,1.0562365639373956e-10
02050002924,020-5000-2924,"one digit, first group",-1.437581410098312e-10,48,1.598677407585055e-10
02050002924,020-5000-2924,"one digit, first group",-1.437581410098312e-10,49,-1.672808301879715e-11
02050002924,020-5000-2924,"one digit, first group",-1.437581410098312e-10,50,2.961260792311894e-10
02050002924,020-5000-2924,"one digit, first group",-1.437581410098312e-10,51,-1.3494776070726813e-12
02050002924,020-5000-2924,"one digit, first group",-1.437581410098312e-10,52,-1.0633861939010083e-10
02050002924,020-5000-2924,"one digit, first group",-1.437581410098312e-10,53,-5.1036712693374656e-11
02050002924,020-5000-2924,"one digit, first group",-1.437581410098312e-10,54,1.9954967714957485e-11
02050002924,020-5000-2924,"one digit, first group",-1.437581410098312e-10,55,2.148703220326139e-10
02050002924,020-5000-2924,"one digit, first group",-1.437581410098312e-10,56,1.627402498580597e-11
02050002924,020-5000-2924,"one digit, first group",-1.437581410098312e-10,57,2.1190247752359244e-11
02050002924,020-5000-2924,"one digit, first group",-1.437581410098312e-10,58,-7.906262838651499e-11
02050002924,020-5000-2924,"one digit, first group",-1.437581410098312e-10,59,-9.48085201442717e-11
02050002924,020-5000-2924,"one digit, first group",-1.437581410098312e-10,60,1.287739186239449e-10
02050002924,020-5000-2924,"one digit, first group",-1.437581410098312e-10,61,-1.7722782812267795e-11
02050002924,020-5000-2924,"one digit, first group",-1.437581410098312e-10,62,2.437681681909185e-10
02050002924,020-5000-2924,"one digit, first group",-1.437581410098312e-10,63,5.1861802236391115e-12
02050002924,020-5000-2924,"one digit, first group",-1.437581410098312e-10,64,4.944182349949601e-11
02050002924,020-5000-2924,"one digit, first group",-1.437581410098312e-10,65,-4.795330945679674e-11
02050002924,020-5000-2924,"one digit, first group",-1.437581410098312e-10,66,-2.8283879429566076e-10
02050002924,020-5000-2924,"one digit, first group",-1.437581410098312e-10,67,1.8380664551749794e-11
02050002924,020-5000-2924,"one digit, first group",-1.437581410098312e-10,68,3.1098177907197114e-10
02050002924,020-5000-2924,"one digit, first group",-1.437581410098312e-10,69,-1.1718777750170046e-10
02050002924,020-5000-2924,"one digit, first group",-1.437581410098312e-10,70,5.9752867908015075e-12
02050002924,020-5000-2924,"one digit, first group",-1.437581410098312e-10,71,-2.0609191437287003e-10
02050002924,020-5000-2924,"one digit, first group",-1.437581410098312e-10,72,4.955322587522791e-12
02050002924,020-5000-2924,"one digit, first group",-1.437581410098312e-10,73,4.412128541182775e-11
02050002924,020-5000-2924,"one digit, first group",-1.437581410098312e-10,74,-3.213673660727697e-11
02050002924,020-5000-2924,"one digit, first group",-1.437581410098312e-10,75,-7.30822029245922e-11
02050002924,020-5000-2924,"one digit, first group",-1.437581410098312e-10,76,-5.486021491868421e-11
02050002924,020-5000-2924,"one digit, first group",-1.437581410098312e-10,77,-1.1394781585568482e-10
02050002924,020-5000-2924,"one digit, first group",-1.437581410098312e-10,78,-3.3683546749248234e-10
02050002924,020-5000-2924,"one digit, first group",-1.437581410098312e-10,79,1.7547449160756696e-10
02050002924,020-5000-2924,"one digit, first group",-1.437581410098312e-10,80,-1.3428194589013997e-10
02050002924,020-5000-2924,"one digit, first group",-1.437581410098312e-10,81,-7.862621747124601e-11
02050002924,020-5000-2924,"one digit, first group",-1.437581410098312e-10,82,-5.3437865083031e-10
02050002924,020-5000-2924,"one digit, first group",-1.437581410098312e-10,83,5.583211506435702e-13
02050002924,020-5000-2924,"one digit, first group",-1.437581410098312e-10,84,6.091924824500896e-11
02050002924,020-5000-2924,"one digit, first group",-1.437581410098312e-10,85,-1.849820034157994e-11
02050002924,020-5000-2924,"one digit, first group",-1.437581410098312e-10,86,-1.564938624349948e-10
02050002924,020-5000-2924,"one digit, first group",-1.437581410098312e-10,87,-1.789423964372772e-10
02050002924,020-5000-2924,"one digit, first group",-1.437581410098312e-10,88,1.1890163763259925e-10
02050002924,020-5000-2924,"one digit, first group",-1.437581410098312e-10,89,1.0094259742538101e-10
02050002924,020-5000-2924,"one digit, first group",-1.437581410098312e-10,90,-2.0961963656885373e-10
02050002924,020-5000-2924,"one digit, first group",-1.437581410098312e-10,91,1.693264054279719e-10
02050002924,020-5000-2924,"one digit, first group",-1.437581410098312e-10,92,1.4795737758221035e-10
02050002924,020-5000-2924,"one digit, first group",-1.437581410098312e-10,93,2.5214640371717195e-11
02050002924,020-5000-2924,"one digit, first group",-1.437581410098312e-10,94,-1.3775078407419174e-10
02050002924,020-5000-2924,"one digit, first group",-1.437581410098312e-10,95,2.83509967346627e-10
02050002924,020-5000-2924,"one digit, first group",-1.437581410098312e-10,96,-1.0336086707642807e-10
02050002924,020-5000-2924,"one digit, first group",-1.437581410098312e-10,97,-3.331775400892e-10
02050002924,020-5000-2924,"one digit, first group",-1.437581410098312e-10,98,-6.794248168585019e-11
02050002924,020-5000-2924,"one digit, first group",-1.437581410098312e-10,99,-1.8920425958599686e-11
02050002924,020-5000-2924,"one digit, first group",-1.437581410098312e-10,100,-1.932365752786138e-10
02050002924,020-5000-2924,"one digit, first group",-1.437581410098312e-10,101,3.3656358277894123e-10
02050002924,020-5000-2924,"one digit, first group",-1.437581410098312e-10,102,-4.2989086039747203e-10
02050002924,020-5000-2924,"one digit, first group",-1.437581410098312e-10,103,-1.6922759211142386e-11
02050002924,020-5000-2924,"one digit, first group",-1.437581410098312e-10,104,7.648971342772993e-11
02050002924,020-5000-2924,"one digit, first group",-1.437581410098312e-10,105,-9.570035013539458e-11
02050002924,020-5000-2924,"one digit, first group",-1.437581410098312e-10,106,-1.076812886336027e-10
02050002924,020-5000-2924,"one digit, first group",-1.437581410098312e-10,107,3.2392464737548386e-11
02050002924,020-5000-2924,"one digit, first group",-1.437581410098312e-10,108,-5.405289407078855e-11
02050002924,020-5000-2924,"one digit, first group",-1.437581410098312e-10,109,5.0182572191290234e-11
02050002924,020-5000-2924,"one digit, first group",-1.437581410098312e-10,110,3.4188722877238455e-11
02050002924,020-5000-2924,"one digit, first group",-1.437581410098312e-10,111,-1.347230393852771e-11
02050002924,020-5000-2924,"one digit, first group",-1.437581410098312e-10,112,-3.754320260971614e-10
02050002924,020-5000-2924,"one digit, first group",-1.437581410098312e-10,113,-1.8963587412576488e-12
02050002924,020-5000-2924,"one digit, first group",-1.437581410098312e-10,114,2.6153981025649314e-10
02050002924,020-5000-2924,"one digit, first group",-1.437581410098312e-10,115,-5.961403682551474e-11
02050002924,020-5000-2924,"one digit, first group",-1.437581410098312e-10,116,-1.5373496336311882e-10
02050002924,020-5000-2924,"one digit, first group",-1.437581410098312e-10,117,-4.782340555425275e-12
02050002924,020-5000-2924,"one digit, first group",-1.437581410098312e-10,118,-1.5815265625634736e-10
02050002924,020-5000-2924,"one digit, first group",-1.437581410098312e-10,119,1.188866600182116e-10
02050002924,020-5000-2924,"one digit, first group",-1.437581410098312e-10,120,1.129465661892202e-10
02050002924,020-5000-2924,"one digit, first group",-1.437581410098312e-10,121,-2.4479199203833434e-10
02050002924,020-5000-2924,"one digit, first group",-1.437581410098312e-10,122,8.433071051685854e-11
02050002924,020-5000-2924,"one digit, first group",-1.437581410098312e-10,123,-2.530250621285834e-12
02050002924,020-5000-2924,"one digit, first group",-1.437581410098312e-10,124,4.230233373396193e-10
02050002924,020-5000-2924,"one digit, first group",-1.437581410098312e-10,125,-2.5580653938412305e-10
02050002924,020-5000-2924,"one digit, first group",-1.437581410098312e-10,126,-4.72302611735157e-12
02050002924,020-5000-2924,"one digit, first group",-1.437581410098312e-10,127,-3.306931463898071e-11
02050002924,020-5000-2924,"one digit, first group",-1.437581410098312e-10,128,-1.1906935783092168e-10
02050002924,020-5000-2924,"one digit, first group",-1.437581410098312e-10,129,-2.403894273575761e-11
02050002924,020-5000-2924,"one digit, first group",-1.437581410098312e-10,130,1.633878624543063e-11
02050002924,020-5000-2924,"one digit, first group",-1.437581410098312e-10,131,2.4470595609915475e-10
02050002924,020-5000-2924,"one digit, first group",-1.437581410098312e-10,132,-1.3610500266366917e-11
02050002924,020-5000-2924,"one digit, first group",-1.437581410098312e-10,133,1.9628562817607624e-11
02050002924,020-5000-2924,"one digit, first group",-1.437581410098312e-10,134,-7.099416138478349e-11
02050002924,020-5000-2924,"one digit, first group",-1.437581410098312e-10,135,-8.983639123561393e-11
02050002924,020-5000-2924,"one digit, first group",-1.437581410098312e-10,136,1.2168388315642637e-11
02050002924,020-5000-2924,"one digit, first group",-1.437581410098312e-10,137,-9.297669676268589e-11
02050002924,020-5000-2924,"one digit, first group",-1.437581410098312e-10,138,-2.237345336511534e-10
02050002924,020-5000-2924,"one digit, first group",-1.437581410098312e-10,139,8.039778503560897e-11
02050002924,020-5000-2924,"one digit, first group",-1.437581410098312e-10,140,-1.4881006508946057e-10
02050002924,020-5000-2924,"one digit, first group",-1.437581410098312e-10,141,-1.7566729193675872e-10
02050002924,020-5000-2924,"one digit, first group",-1.437581410098312e-10,142,2.4895233395742992e-09
02050002924,020-5000-2924,"one digit, first group",-1.437581410098312e-10,143,-6.400275148377457e-09
02050002924,020-5000-2924,"one digit, first group",-1.437581410098312e-10,144,5.0090964496621594e-08
02050002924,020-5000-2924,"one digit, first group",-1.437581410098312e-10,145,-2.0576245808477504e-09
02050002924,020-5000-2924,"one digit, first group",-1.437581410098312e-10,146,-7.887486423223331e-10
02050002924,020-5000-2924,"one digit, first group",-1.437581410098312e-10,147,1.7259942511539309e-09
02050002924,020-5000-2924,"one digit, first group",-1.437581410098312e-10,148,-1.181663560528412e-09
02050002924,020-5000-2924,"one digit, first group",-1.437581410098312e-10,149,-4.32500080328289e-09
02050002924,020-5000-2924,"one digit, first group",-1.437581410098312e-10,150,-6.347647398862548e-11
02050002924,020-5000-2924,"one digit, first group",-1.437581410098312e-10,151,5.591984097301011e-11
02050002924,020-5000-2924,"one digit, first group",-1.437581410098312e-10,152,-8.885770258208982e-11
02050002924,020-5000-2924,"one digit, first group",-1.437581410098312e-10,153,-2.999489830145521e-10
02050002924,020-5000-2924,"one digit, first group",-1.437581410098312e-10,154,-1.4442979137622463e-12
02050002924,020-5000-2924,"one digit, first group",-1.437581410098312e-10,155,-1.4867605058738698e-10
02050002924,020-5000-2924,"one digit, first group",-1.437581410098312e-10,156,-2.5335006643151275e-09
02050002924,020-5000-2924,"one digit, first group",-1.437581410098312e-10,157,-6.112389256500708e-11
02050002924,020-5000-2924,"one digit, first group",-1.437581410098312e-10,158,1.2049017897999954e-10
02050002924,020-5000-2924,"one digit, first group",-1.437581410098312e-10,159,-3.3304386641403772e-12
02050002924,020-5000-2924,"one digit, first group",-1.437581410098312e-10,160,-2.919710985514066e-09
02050002924,020-5000-2924,"one digit, first group",-1.437581410098312e-10,161,-2.633051694624311e-11
02050002924,020-5000-2924,"one digit, first group",-1.437581410098312e-10,162,3.971218641912533e-11
02050002924,020-5000-2924,"one digit, first group",-1.437581410098312e-10,163,-2.0744043681697285e-09
02050002924,020-5000-2924,"one digit, first group",-1.437581410098312e-10,164,7.312588539666095e-09
02050002924,020-5000-2924,"one digit, first group",-1.437581410098312e-10,165,2.6484667790309473e-10
02050002924,020-5000-2924,"one digit, first group",-1.437581410098312e-10,166,-8.852773722353208e-11
02050002924,020-5000-2924,"one digit, first group",-1.437581410098312e-10,167,6.234042979727638e-10
02050002924,020-5000-2924,"one digit, first group",-1.437581410098312e-10,168,2.6874355611352393e-10
02050002924,020-5000-2924,"one digit, first group",-1.437581410098312e-10,169,-3.199392568961929e-10
02050002924,020-5000-2924,"one digit, first group",-1.437581410098312e-10,170,8.234020663089458e-11
02050002924,020-5000-2924,"one digit, first group",-1.437581410098312e-10,171,-2.6673106653344477e-11
02050002924,020-5000-2924,"one digit, first group",-1.437581410098312e-10,172,-1.0326008105494034e-11
02050002924,020-5000-2924,"one digit, first group",-1.437581410098312e-10,173,1.4911529100289537e-11
02050002924,020-5000-2924,"one digit, first group",-1.437581410098312e-10,174,-2.3083757579458324e-11
02050002924,020-5000-2924,"one digit, first group",-1.437581410098312e-10,175,4.7879544566316297e-11
02050002924,020-5000-2924,"one digit, first group",-1.437581410098312e-10,176,-4.328557507407809e-11
02050002924,020-5000-2924,"one digit, first group",-1.437581410098312e-10,177,6.157850534587026e-11
02050002924,020-5000-2924,"one digit, first group",-1.437581410098312e-10,178,-1.0687581744813312e-11
02050002924,020-5000-2924,"one digit, first group",-1.437581410098312e-10,179,4.085855673663925e-11
02050002924,020-5000-2924,"one digit, first group",-1.437581410098312e-10,180,8.841030389953849e-11
02050002924,020-5000-2924,"one digit, first group",-1.437581410098312e-10,181,2.2122964327536812e-10
02050002924,020-5000-2924,"one digit, first group",-1.437581410098312e-10,182,-1.2172846560263374e-10
02050002924,020-5000-2924,"one digit, first group",-1.437581410098312e-10,183,-2.224075800269397e-10
02050002924,020-5000-2924,"one digit, first group",-1.437581410098312e-10,184,2.6357188337335245e-12
02050002924,020-5000-2924,"one digit, first group",-1.437581410098312e-10,185,-1.2496410302245394e-10
02050002924,020-5000-2924,"one digit, first group",-1.437581410098312e-10,186,8.999918798766888e-11
02050002924,020-5000-2924,"one digit, first group",-1.437581410098312e-10,187,-6.75383039255904e-11
02050002924,020-5000-2924,"one digit, first group",-1.437581410098312e-10,188,-2.4302181874430353e-11
02050002924,020-5000-2924,"one digit, first group",-1.437581410098312e-10,189,2.2996028890000772e-11
02050002924,020-5000-2924,"one digit, first group",-1.437581410098312e-10,190,1.2673376924186051e-11
02050002924,020-5000-2924,"one digit, first group",-1.437581410098312e-10,191,-8.210962496615885e-11
02050002924,020-5000-2924,"one digit, first group",-1.437581410098312e-10,192,-2.1195188623544558e-10
02050002924,020-5000-2924,"one digit, first group",-1.437581410098312e-10,193,3.045650515649375e-10
02050002924,020-5000-2924,"one digit, first group",-1.437581410098312e-10,194,-4.577176561619524e-11
02050002924,020-5000-2924,"one digit, first group",-1.437581410098312e-10,195,-5.3173826985487143e-11
02050002924,020-5000-2924,"one digit, first group",-1.437581410098312e-10,196,-4.5563225357563725e-11
02050002924,020-5000-2924,"one digit, first group",-1.437581410098312e-10,197,-1.3971551188170418e-10
02050002924,020-5000-2924,"one digit, first group",-1.437581410098312e-10,198,-7.694952648466994e-11
02050002924,020-5000-2924,"one digit, first group",-1.437581410098312e-10,199,1.789094329267504e-10
02050002924,020-5000-2924,"one digit, first group",-1.437581410098312e-10,200,6.270255115065676e-12
02050002924,020-5000-2924,"one digit, first group",-1.437581410098312e-10,201,-1.6270370148727565e-11
02050002924,020-5000-2924,"one digit, first group",-1.437581410098312e-10,202,1.9546241918296408e-10
02050002924,020-5000-2924,"one digit, first group",-1.437581410098312e-10,203,-1.2118427904312086e-11
01050102924,010-5010-2924,"one digit, middle group",-2.661179609829359e-11,0,9.010949058627991e-12
01050102924,010-5010-2924,"one digit, middle group",-2.661179609829359e-11,1,-2.15764189352358e-10
01050102924,010-5010-2924,"one digit, middle group",-2.661179609829359e-11,2,-1.8331714065084356e-10
01050102924,010-5010-2924,"one digit, middle group",-2.661179609829359e-11,3,5.849698133069958e-13
01050102924,010-5010-2924,"one digit, middle group",-2.661179609829359e-11,4,2.447710039800319e-10
01050102924,010-5010-2924,"one digit, middle group",-2.661179609829359e-11,5,3.2482030930904224e-11
01050102924,010-5010-2924,"one digit, middle group",-2.661179609829359e-11,6,1.0800348442572141e-11
01050102924,010-5010-2924,"one digit, middle group",-2.661179609829359e-11,7,-1.1241349610630661e-10
01050102924,010-5010-2924,"one digit, middle group",-2.661179609829359e-11,8,2.0379561094917445e-10
01050102924,010-5010-2924,"one digit, middle group",-2.661179609829359e-11,9,5.819895905461572e-11
01050102924,010-5010-2924,"one digit, middle group",-2.661179609829359e-11,10,-5.801432412400702e-11
01050102924,010-5010-2924,"one digit, middle group",-2.661179609829359e-11,11,1.2159346020660355e-10
01050102924,010-5010-2924,"one digit, middle group",-2.661179609829359e-11,12,-1.9723220443435014e-10
01050102924,010-5010-2924,"one digit, middle group",-2.661179609829359e-11,13,1.8378342230077193e-10
01050102924,010-5010-2924,"one digit, middle group",-2.661179609829359e-11,14,-5.012573166259722e-11
01050102924,010-5010-2924,"one digit, middle group",-2.661179609829359e-11,15,6.55131258891811e-11
01050102924,010-5010-2924,"one digit, middle group",-2.661179609829359e-11,16,-3.5085982497216383e-10
01050102924,010-5010-2924,"one digit, middle group",-2.661179609829359e-11,17,3.106624815720742e-11
01050102924,010-5010-2924,"one digit, middle group",-2.661179609829359e-11,18,-1.2204154254647374e-10
01050102924,010-5010-2924,"one digit, middle group",-2.661179609829359e-11,19,1.1431758805801806e-12
01050102924,010-5010-2924,"one digit, middle group",-2.661179609829359e-11,20,3.7677269209698175e-11
01050102924,010-5010-2924,"one digit, middle group",-2.661179609829359e-11,21,2.068583493169461e-10
01050102924,010-5010-2924,"one digit, middle group",-2.661179609829359e-11,22,-1.1457899876413105e-10
01050102924,010-5010-2924,"one digit, middle group",-2.661179609829359e-11,23,2.1391359310023693e-10
01050102924,010-5010-2924,"one digit, middle group",-2.661179609829359e-11,24,-2.1341910072261514e-11
01050102924,010-5010-2924,"one digit, middle group",-2.661179609829359e-11,25,5.5580228218405705e-11
01050102924,010-5010-2924,"one digit, middle group",-2.661179609829359e-11,26,-1.561851908301179e-10
01050102924,010-5010-2924,"one digit, middle group",-2.661179609829359e-11,27,4.392381503600366e-11
01050102924,010-5010-2924,"one digit, middle group",-2.661179609829359e-11,28,3.5651243173191014e-10
01050102924,010-5010-2924,"one digit, middle group",-2.661179609829359e-11,29,2.5402372684448882e-11
01050102924,010-5010-2924,"one digit, middle group",-2.661179609829359e-11,30,4.620732620880099e-10
01050102924,010-5010-2924,"one digit, middle group",-2.661179609829359e-11,31,7.019439135244743e-11
01050102924,010-5010-2924,"one digit, middle group",-2.661179609829359e-11,32,5.473528732395364e-11
01050102924,010-5010-2924,"one digit, middle group",-2.661179609829359e-11,33,-3.56542900952579e-10
01050102924,010-5010-2924,"one digit, middle group",-2.661179609829359e-11,34,1.3854756464294763e-10
01050102924,010-5010-2924,"one digit, middle group",-2.661179609829359e-11,35,-1.0367974958719724e-10
01050102924,010-5010-2924,"one digit, middle group",-2.661179609829359e-11,36,3.383753308181307e-11
01050102924,010-5010-2924,"one digit, middle group",-2.661179609829359e-11,37,-1.869082924971721e-10
01050102924,010-5010-2924,"one digit, middle group",-2.661179609829359e-11,38,-1.8264456146473883e-11
01050102924,010-5010-2924,"one digit, middle group",-2.661179609829359e-11,39,-9.923318381809691e-11
01050102924,010-5010-2924,"one digit, middle group",-2.661179609829359e-11,40,-4.435563784205416e-10
01050102924,010-5010-2924,"one digit, middle group",-2.661179609829359e-11,41,1.5038989287292815e-12
01050102924,010-5010-2924,"one digit, middle group",-2.661179609829359e-11,42,2.9920325608289697e-10
01050102924,010-5010-2924,"one digit, middle group",-2.661179609829359e-11,43,-4.856313594164119e-12
01050102924,010-5010-2924,"one digit, middle group",-2.661179609829359e-11,44,-1.391601729885747e-11
01050102924,010-5010-2924,"one digit, middle group",-2.661179609829359e-11,45,3.315426649150435e-10
01050102924,010-5010-2924,"one digit, middle group",-2.661179609829359e-11,46,6.333315573020092e-11
01050102924,010-5010-2924,"one digit, middle group",-2.661179609829359e-11,47,-3.3743836571011954e-10
01050102924,010-5010-2924,"one digit, middle group",-2.661179609829359e-11,48,6.52404590031801e-11
01050102924,010-5010-2924,"one digit, middle group",-2.661179609829359e-11,49,1.0234971796939406e-10
01050102924,010-5010-2924,"one digit, middle group",-2.661179609829359e-11,50,3.0873910422483455e-11
01050102924,010-5010-2924,"one digit, middle group",-2.661179609829359e-11,51,3.734090260194261e-11
01050102924,010-5010-2924,"one digit, middle group",-2.661179609829359e-11,52,2.889576776403625e-10
01050102924,010-5010-2924,"one digit, middle group",-2.661179609829359e-11,53,1.1395383357404307e-11
01050102924,010-5010-2924,"one digit, middle group",-2.661179609829359e-11,54,-6.2558644808698975e-12
01050102924,010-5010-2924,"one digit, middle group",-2.661179609829359e-11,55,-5.559059996039047e-11
01050102924,010-5010-2924,"one digit, middle group",-2.661179609829359e-11,56,-2.6383569831964764e-10
01050102924,010-5010-2924,"one digit, middle group",-2.661179609829359e-11,57,-1.547630459910938e-11
01050102924,010-5010-2924,"one digit, middle group",-2.661179609829359e-11,58,-3.942405649923317e-12
01050102924,010-5010-2924,"one digit, middle group",-2.661179609829359e-11,59,8.11403012852493e-11
01050102924,010-5010-2924,"one digit, middle group",-2.661179609829359e-11,60,6.88452969237896e-11
01050102924,010-5010-2924,"one digit, middle group",-2.661179609829359e-11,61,1.0457778416172669e-10
01050102924,010-5010-2924,"one digit, middle group",-2.661179609829359e-11,62,-2.3771919037121435e-10
01050102924,010-5010-2924,"one digit, middle group",-2.661179609829359e-11,63,-8.896098110506866e-11
01050102924,010-5010-2924,"one digit, middle group",-2.661179609829359e-11,64,1.2324784491964341e-10
01050102924,010-5010-2924,"one digit, middle group",-2.661179609829359e-11,65,4.694457925167497e-11
01050102924,010-5010-2924,"one digit, middle group",-2.661179609829359e-11,66,-3.461984980824788e-10
01050102924,010-5010-2924,"one digit, middle group",-2.661179609829359e-11,67,-3.9714259052806e-11
01050102924,010-5010-2924,"one digit, middle group",-2.661179609829359e-11,68,2.1371471299594258e-10
01050102924,010-5010-2924,"one digit, middle group",-2.661179609829359e-11,69,1.79985435103747e-10
01050102924,010-5010-2924,"one digit, middle group",-2.661179609829359e-11,70,2.9290657886959916e-11
01050102924,010-5010-2924,"one digit, middle group",-2.661179609829359e-11,71,-2.6118271930828734e-11
01050102924,010-5010-2924,"one digit, middle group",-2.661179609829359e-11,72,-7.982589105770754e-12
01050102924,010-5010-2924,"one digit, middle group",-2.661179609829359e-11,73,1.9642835644826008e-11
01050102924,010-5010-2924,"one digit, middle group",-2.661179609829359e-11,74,-3.8536196138537144e-10
01050102924,010-5010-2924,"one digit, middle group",-2.661179609829359e-11,75,-4.2081208547132294e-11
01050102924,010-5010-2924,"one digit, middle group",-2.661179609829359e-11,76,3.1961026747313374e-11
01050102924,010-5010-2924,"one digit, middle group",-2.661179609829359e-11,77,-1.3590070320992326e-12
01050102924,010-5010-2924,"one digit, middle group",-2.661179609829359e-11,78,-1.7206998884150353e-10
01050102924,010-5010-2924,"one digit, middle group",-2.661179609829359e-11,79,-3.101876936576675e-12
01050102924,010-5010-2924,"one digit, middle group",-2.661179609829359e-11,80,1.2730057785417377e-10
01050102924,010-5010-2924,"one digit, middle group",-2.661179609829359e-11,81,-7.906976280744939e-11
01050102924,010-5010-2924,"one digit, middle group",-2.661179609829359e-11,82,8.6568259088499e-11
01050102924,010-5010-2924,"one digit, middle group",-2.661179609829359e-11,83,5.980659997975413e-11
01050102924,010-5010-2924,"one digit, middle group",-2.661179609829359e-11,84,-1.7953866378919595e-11
01050102924,010-5010-2924,"one digit, middle group",-2.661179609829359e-11,85,1.9088803504108787e-11
01050102924,010-5010-2924,"one digit, middle group",-2.661179609829359e-11,86,-2.1077790307738495e-11
01050102924,010-5010-2924,"one digit, middle group",-2.661179609829359e-11,87,-2.344889999652067e-11
01050102924,010-5010-2924,"one digit, middle group",-2.661179609829359e-11,88,-6.212616553635999e-11
01050102924,010-5010-2924,"one digit, middle group",-2.661179609829359e-11,89,-3.32725736493858e-11
01050102924,010-5010-2924,"one digit, middle group",-2.661179609829359e-11,90,4.352504732321298e-11
01050102924,010-5010-2924,"one digit, middle group",-2.661179609829359e-11,91,2.1741608515144994e-10
01050102924,010-5010-2924,"one digit, middle group",-2.661179609829359e-11,92,1.0887091966763818e-10
01050102924,010-5010-2924,"one digit, middle group",-2.661179609829359e-11,93,-8.969427174290888e-11
01050102924,010-5010-2924,"one digit, middle group",-2.661179609829359e-11,94,3.8138136947758065e-11
01050102924,010-5010-2924,"one digit, middle group",-2.661179609829359e-11,95,4.398075592606105e-11
01050102924,010-5010-2924,"one digit, middle group",-2.661179609829359e-11,96,2.0667456845229013e-10
01050102924,010-5010-2924,"one digit, middle group",-2.661179609829359e-11,97,2.9058259634475665e-11
01050102924,010-5010-2924,"one digit, middle group",-2.661179609829359e-11,98,3.8553867640372717e-11
01050102924,010-5010-2924,"one digit, middle group",-2.661179609829359e-11,99,-5.0314251721613455e-11
01050102924,010-5010-2924,"one digit, middle group",-2.661179609829359e-11,100,-1.5594781030690306e-10
01050102924,010-5010-2924,"one digit, middle group",-2.661179609829359e-11,101,-2.257483601510112e-11
01050102924,010-5010-2924,"one digit, middle group",-2.661179609829359e-11,102,-2.0557495026232546e-10
01050102924,010-5010-2924,"one digit, middle group",-2.661179609829359e-11,103,1.1611706458966727e-10
01050102924,010-5010-2924,"one digit, middle group",-2.661179609829359e-11,104,1.4340352383153713e-11
01050102924,010-5010-2924,"one digit, middle group",-2.661179609829359e-11,105,4.328516186315173e-11
01050102924,010-5010-2924,"one digit, middle group",-2.661179609829359e-11,106,3.315398042362893e-11
01050102924,010-5010-2924,"one digit, middle group",-2.661179609829359e-11,107,5.545679492061214e-11
01050102924,010-5010-2924,"one digit, middle group",-2.661179609829359e-11,108,-4.17357265678802e-11
01050102924,010-5010-2924,"one digit, middle group",-2.661179609829359e-11,109,2.377385959979787e-10
01050102924,010-5010-2924,"one digit, middle group",-2.661179609829359e-11,110,-1.1050220400767979e-10
01050102924,010-5010-2924,"one digit, middle group",-2.661179609829359e-11,111,-6.796781689276401e-11
01050102924,010-5010-2924,"one digit, middle group",-2.661179609829359e-11,112,-3.2665753620960267e-10
01050102924,010-5010-2924,"one digit, middle group",-2.661179609829359e-11,113,5.3033481950394635e-12
01050102924,010-5010-2924,"one digit, middle group",-2.661179609829359e-11,114,-1.971715265037798e-10
01050102924,010-5010-2924,"one digit, middle group",-2.661179609829359e-11,115,5.210612908244089e-11
01050102924,010-5010-2924,"one digit, middle group",-2.661179609829359e-11,116,1.499414790488341e-11
01050102924,010-5010-2924,"one digit, middle group",-2.661179609829359e-11,117,9.917156619174051e-11
01050102924,010-5010-2924,"one digit, middle group",-2.661179609829359e-11,118,-3.339762041085007e-10
01050102924,010-5010-2924,"one digit, middle group",-2.661179609829359e-11,119,-1.916242319518624e-11
01050102924,010-5010-2924,"one digit, middle group",-2.661179609829359e-11,120,1.7545926463529156e-10
01050102924,010-5010-2924,"one digit, middle group",-2.661179609829359e-11,121,-2.429401096513668e-10
01050102924,010-5010-2924,"one digit, middle group",-2.661179609829359e-11,122,-8.956750244077575e-11
01050102924,010-5010-2924,"one digit, middle group",-2.661179609829359e-11,123,-8.45002889014702e-11
01050102924,010-5010-2924,"one digit, middle group",-2.661179609829359e-11,124,2.7213137002277794e-10
01050102924,010-5010-2924,"one digit, middle group",-2.661179609829359e-11,125,2.6295242358387434e-11
01050102924,010-5010-2924,"one digit, middle group",-2.661179609829359e-11,126,4.121870630110233e-11
01050102924,010-5010-2924,"one digit, middle group",-2.661179609829359e-11,127,-1.0472956379847638e-10
01050102924,010-5010-2924,"one digit, middle group",-2.661179609829359e-11,128,-2.005931888968558e-10
01050102924,010-5010-2924,"one digit, middle group",-2.661179609829359e-11,129,-9.903846745850335e-11
01050102924,010-5010-2924,"one digit, middle group",-2.661179609829359e-11,130,1.8336172257366738e-11
01050102924,010-5010-2924,"one digit, middle group",-2.661179609829359e-11,131,-5.233180353691529e-11
01050102924,010-5010-2924,"one digit, middle group",-2.661179609829359e-11,132,-9.11137710472878e-11
01050102924,010-5010-2924,"one digit, middle group",-2.661179609829359e-11,133,1.33011295069047e-10
01050102924,010-5010-2924,"one digit, middle group",-2.661179609829359e-11,134,-3.0079517353914763e-11
01050102924,010-5010-2924,"one digit, middle group",-2.661179609829359e-11,135,4.6555939662706004e-11
01050102924,010-5010-2924,"one digit, middle group",-2.661179609829359e-11,136,1.563958432840796e-11
01050102924,010-5010-2924,"one digit, middle group",-2.661179609829359e-11,137,1.5013637882418826e-10
01050102924,010-5010-2924,"one digit, middle group",-2.661179609829359e-11,138,1.286791904808769e-10
01050102924,010-5010-2924,"one digit, middle group",-2.661179609829359e-11,139,-1.382637837576558e-10
01050102924,010-5010-2924,"one digit, middle group",-2.661179609829359e-11,140,5.927283321918644e-11
01050102924,010-5010-2924,"one digit, middle group",-2.661179609829359e-11,141,9.651270643089473e-12
01050102924,010-5010-2924,"one digit, middle group",-2.661179609829359e-11,142,5.942170523495237e-10
01050102924,010-5010-2924,"one digit, middle group",-2.661179609829359e-11,143,5.684076248176719e-09
01050102924,010-5010-2924,"one digit, middle group",-2.661179609829359e-11,144,-3.903477909504396e-10
01050102924,010-5010-2924,"one digit, middle group",-2.661179609829359e-11,145,-6.781806777927887e-10
01050102924,010-5010-2924,"one digit, middle group",-2.661179609829359e-11,146,-1.3218412966995218e-08
01050102924,010-5010-2924,"one digit, middle group",-2.661179609829359e-11,147,6.970133892683204e-09
01050102924,010-5010-2924,"one digit, middle group",-2.661179609829359e-11,148,2.501361031887741e-09
01050102924,010-5010-2924,"one digit, middle group",-2.661179609829359e-11,149,7.274018507364034e-09
01050102924,010-5010-2924,"one digit, middle group",-2.661179609829359e-11,150,-1.9867980010523802e-10
01050102924,010-5010-2924,"one digit, middle group",-2.661179609829359e-11,151,-1.3565511208521883e-10
01050102924,010-5010-2924,"one digit, middle group",-2.661179609829359e-11,152,-4.5785701306153103e-10
01050102924,010-5010-2924,"one digit, middle group",-2.661179609829359e-11,153,1.8356648012613517e-10
01050102924,010-5010-2924,"one digit, middle group",-2.661179609829359e-11,154,8.511098898244537e-11
01050102924,010-5010-2924,"one digit, middle group",-2.661179609829359e-11,155,-2.2243954428831422e-10
01050102924,010-5010-2924,"one digit, middle group",-2.661179609829359e-11,156,-1.5416066554298085e-09
01050102924,010-5010-2924,"one digit, middle group",-2.661179609829359e-11,157,9.09629467713774e-11
01050102924,010-5010-2924,"one digit, middle group",-2.661179609829359e-11,158,4.836679210039417e-11
01050102924,010-5010-2924,"one digit, middle group",-2.661179609829359e-11,159,1.0024342072860378e-10
01050102924,010-5010-2924,"one digit, middle group",-2.661179609829359e-11,160,-2.8094792661228007e-10
01050102924,010-5010-2924,"one digit, middle group",-2.661179609829359e-11,161,-2.4800102102805614e-11
01050102924,010-5010-2924,"one digit, middle group",-2.661179609829359e-11,162,-7.629183875267321e-11
01050102924,010-5010-2924,"one digit, middle group",-2.661179609829359e-11,163,2.2025539269633178e-09
01050102924,010-5010-2924,"one digit, middle group",-2.661179609829359e-11,164,4.956970818044346e-10
01050102924,010-5010-2924,"one digit, middle group",-2.661179609829359e-11,165,-6.57658228393026e-11
01050102924,010-5010-2924,"one digit, middle group",-2.661179609829359e-11,166,7.116561389215233e-11
01050102924,010-5010-2924,"one digit, middle group",-2.661179609829359e-11,167,-2.193041636842798e-11
01050102924,010-5010-2924,"one digit, middle group",-2.661179609829359e-11,168,5.225473174391383e-10
01050102924,010-5010-2924,"one digit, middle group",-2.661179609829359e-11,169,1.1500477620304457e-10
01050102924,010-5010-2924,"one digit, middle group",-2.661179609829359e-11,170,-4.3615197330921785e-11
01050102924,010-5010-2924,"one digit, middle group",-2.661179609829359e-11,171,-1.5874446829685905e-10
01050102924,010-5010-2924,"one digit, middle group",-2.661179609829359e-11,172,-3.2120422062302073e-11
01050102924,010-5010-2924,"one digit, middle group",-2.661179609829359e-11,173,7.114021824182324e-11
01050102924,010-5010-2924,"one digit, middle group",-2.661179609829359e-11,174,1.0895037270636803e-10
01050102924,010-5010-2924,"one digit, middle group",-2.661179609829359e-11,175,-6.675323941665047e-10
01050102924,010-5010-2924,"one digit, middle group",-2.661179609829359e-11,176,3.079460020876532e-12
01050102924,010-5010-2924,"one digit, middle group",-2.661179609829359e-11,177,1.4368714991972025e-10
01050102924,010-5010-2924,"one digit, middle group",-2.661179609829359e-11,178,1.033636703248562e-10
01050102924,010-5010-2924,"one digit, middle group",-2.661179609829359e-11,179,-6.615385655575193e-10
01050102924,010-5010-2924,"one digit, middle group",-2.661179609829359e-11,180,-7.590615859185507e-11
01050102924,010-5010-2924,"one digit, middle group",-2.661179609829359e-11,181,-2.7637923804009915e-10
01050102924,010-5010-2924,"one digit, middle group",-2.661179609829359e-11,182,6.283418749456338e-11
01050102924,010-5010-2924,"one digit, middle group",-2.661179609829359e-11,183,-6.127866478981045e-11
01050102924,010-5010-2924,"one digit, middle group",-2.661179609829359e-11,184,7.082347929271122e-12
01050102924,010-5010-2924,"one digit, middle group",-2.661179609829359e-11,185,1.1025042772941833e-10
01050102924,010-5010-2924,"one digit, middle group",-2.661179609829359e-11,186,-5.778579602058128e-11
01050102924,010-5010-2924,"one digit, middle group",-2.661179609829359e-11,187,3.4606252984330794e-11
01050102924,010-5010-2924,"one digit, middle group",-2.661179609829359e-11,188,1.1409009905825045e-10
01050102924,010-5010-2924,"one digit, middle group",-2.661179609829359e-11,189,8.470900321594986e-11
01050102924,010-5010-2924,"one digit, middle group",-2.661179609829359e-11,190,3.417157152457448e-11
01050102924,010-5010-2924,"one digit, middle group",-2.661179609829359e-11,191,4.006508597693044e-11
01050102924,010-5010-2924,"one digit, middle group",-2.661179609829359e-11,192,-1.3355520364605729e-11
01050102924,010-5010-2924,"one digit, middle group",-2.661179609829359e-11,193,-7.508691536666455e-11
01050102924,010-5010-2924,"one digit, middle group",-2.661179609829359e-11,194,-4.3015735260494824e-12
01050102924,010-5010-2924,"one digit, middle group",-2.661179609829359e-11,195,6.662149502395731e-12
01050102924,010-5010-2924,"one digit, middle group",-2.661179609829359e-11,196,2.783697815738613e-10
01050102924,010-5010-2924,"one digit, middle group",-2.661179609829359e-11,197,-2.3282785684104053e-10
01050102924,010-5010-2924,"one digit, middle group",-2.661179609829359e-11,198,-8.28662721566813e-11
01050102924,010-5010-2924,"one digit, middle group",-2.661179609829359e-11,199,5.332827398673272e-10
01050102924,010-5010-2924,"one digit, middle group",-2.661179609829359e-11,200,1.9522790217685886e-11
01050102924,010-5010-2924,"one digit, middle group",-2.661179609829359e-11,201,-4.8248147966819025e-11
01050102924,010-5010-2924,"one digit, middle group",-2.661179609829359e-11,202,1.4474992267307323e-10
01050102924,010-5010-2924,"one digit, middle group",-2.661179609829359e-11,203,1.5614665356437557e-11
01011112222,010-1111-2222,not in the log,-2.6051096423958514e-10,0,-8.857780193529026e-11
01011112222,010-1111-2222,not in the log,-2.6051096423958514e-10,1,-1.1010652885505465e-10
01011112222,010-1111-2222,not in the log,-2.6051096423958514e-10,2,-1.5752142232578374e-10
01011112222,010-1111-2222,not in the log,-2.6051096423958514e-10,3,-1.4935852593458868e-11
01011112222,010-1111-2222,not in the log,-2.6051096423958514e-10,4,-1.442535123965961e-10
01011112222,010-1111-2222,not in the log,-2.6051096423958514e-10,5,-2.2884853016856422e-11
01011112222,010-1111-2222,not in the log,-2.6051096423958514e-10,6,-3.9722833569583354e-11
01011112222,010-1111-2222,not in the log,-2.6051096423958514e-10,7,3.496697519728718e-11
01011112222,010-1111-2222,not in the log,-2.6051096423958514e-10,8,-9.602195339388855e-11
01011112222,010-1111-2222,not in the log,-2.6051096423958514e-10,9,6.991509479078997e-11
01011112222,010-1111-2222,not in the log,-2.6051096423958514e-10,10,3.8592116399946795e-11
01011112222,010-1111-2222,not in the log,-2.6051096423958514e-10,11,1.8250773870965076e-10
01011112222,010-1111-2222,not in the log,-2.6051096423958514e-10,12,1.6421645853929709e-10
01011112222,010-1111-2222,not in the log,-2.6051096423958514e-10,13,-2.382419733560319e-10
01011112222,010-1111-2222,not in the log,-2.6051096423958514e-10,14,-6.127678624487724e-11
01011112222,010-1111-2222,not in the log,-2.6051096423958514e-10,15,-3.1044540028043944e-11
01011112222,010-1111-2222,not in the log,-2.6051096423958514e-10,16,-5.053680923747049e-10
01011112222,010-1111-2222,not in the log,-2.6051096423958514e-10,17,1.6832831368952967e-10
01011112222,010-1111-2222,not in the log,-2.6051096423958514e-10,18,-1.8571616696991223e-10
01011112222,010-1111-2222,not in the log,-2.6051096423958514e-10,19,-4.0079315967713446e-11
01011112222,010-1111-2222,not in the log,-2.6051096423958514e-10,20,-4.090071188872114e-11
01011112222,010-1111-2222,not in the log,-2.6051096423958514e-10,21,-2.998637974067462e-10
01011112222,010-1111-2222,not in the log,-2.6051096423958514e-10,22,-2.431824091553261e-10
01011112222,010-1111-2222,not in the log,-2.6051096423958514e-10,23,6.211051432057199e-11
01011112222,010-1111-2222,not in the log,-2.6051096423958514e-10,24,-1.0019788255206039e-10
01011112222,010-1111-2222,not in the log,-2.6051096423958514e-10,25,6.588721213655698e-11
01011112222,010-1111-2222,not in the log,-2.6051096423958514e-10,26,-2.503009383137659e-10
01011112222,010-1111-2222,not in the log,-2.6051096423958514e-10,27,8.974579408624793e-11
01011112222,010-1111-2222,not in the log,-2.6051096423958514e-10,28,-1.8015558989785279e-10
01011112222,010-1111-2222,not in the log,-2.6051096423958514e-10,29,-1.5554231029458842e-12
01011112222,010-1111-2222,not in the log,-2.6051096423958514e-10,30,-1.3006273679323818e-10
01011112222,010-1111-2222,not in the log,-2.6051096423958514e-10,31,7.069756767919782e-11
01011112222,010-1111-2222,not in the log,-2.6051096423958514e-10,32,-6.570658184980614e-11
01011112222,010-1111-2222,not in the log,-2.6051096423958514e-10,33,-1.9021344715737107e-10
01011112222,010-1111-2222,not in the log,-2.6051096423958514e-10,34,1.1297691807894441e-10
01011112222,010-1111-2222,not in the log,-2.6051096423958514e-10,35,-2.658272894178234e-11
01011112222,010-1111-2222,not in the log,-2.6051096423958514e-10,36,3.689972952197646e-11
01011112222,010-1111-2222,not in the log,-2.6051096423958514e-10,37,-1.6853582727618317e-10
01011112222,010-1111-2222,not in the log,-2.6051096423958514e-10,38,-1.4014165977002525e-10
01011112222,010-1111-2222,not in the log,-2.6051096423958514e-10,39,-2.6818577742808672e-11
01011112222,010-1111-2222,not in the log,-2.6051096423958514e-10,40,-2.2734667928948442e-10
01011112222,010-1111-2222,not in the log,-2.6051096423958514e-10,41,6.162566849490829e-11
01011112222,010-1111-2222,not in the log,-2.6051096423958514e-10,42,-1.6227962761697846e-11
01011112222,010-1111-2222,not in the log,-2.6051096423958514e-10,43,3.292724123838476e-11
01011112222,010-1111-2222,not in the log,-2.6051096423958514e-10,44,-8.400720047991136e-12
01011112222,010-1111-2222,not in the log,-2.6051096423958514e-10,45,-1.1142093320688078e-10
01011112222,010-1111-2222,not in the log,-2.6051096423958514e-10,46,9.90274194373999e-11
01011112222,010-1111-2222,not in the log,-2.6051096423958514e-10,47,1.85904764035376e-10
01011112222,010-1111-2222,not in the log,-2.6051096423958514e-10,48,3.794930578502079e-11
01011112222,010-1111-2222,not in the log,-2.6051096423958514e-10,49,-2.1593498000124385e-10
01011112222,010-1111-2222,not in the log,-2.6051096423958514e-10,50,-2.0576897500337731e-10
01011112222,010-1111-2222,not in the log,-2.6051096423958514e-10,51,1.1514494403574213e-10
01011112222,010-1111-2222,not in the log,-2.6051096423958514e-10,52,-1.0779626583582123e-10
01011112222,010-1111-2222,not in the log,-2.6051096423958514e-10,53,-3.0967731801272243e-12
01011112222,010-1111-2222,not in the log,-2.6051096423958514e-10,54,1.100380369938704e-10
01011112222,010-1111-2222,not in the log,-2.6051096423958514e-10,55,-3.3932344801062906e-10
01011112222,010-1111-2222,not in the log,-2.6051096423958514e-10,56,5.7009807686380866e-11
01011112222,010-1111-2222,not in the log,-2.6051096423958514e-10,57,-1.8874731329873178e-11
01011112222,010-1111-2222,not in the log,-2.6051096423958514e-10,58,9.08922495459493e-11
01011112222,010-1111-2222,not in the log,-2.6051096423958514e-10,59,1.0981045739120078e-10
01011112222,010-1111-2222,not in the log,-2.6051096423958514e-10,60,8.189689768234228e-11
01011112222,010-1111-2222,not in the log,-2.6051096423958514e-10,61,9.789423324085095e-11
01011112222,010-1111-2222,not in the log,-2.6051096423958514e-10,62,-1.6903616992322977e-10
01011112222,010-1111-2222,not in the log,-2.6051096423958514e-10,63,-1.1891968375109392e-10
01011112222,010-1111-2222,not in the log,-2.6051096423958514e-10,64,6.747261910164275e-11
01011112222,010-1111-2222,not in the log,-2.6051096423958514e-10,65,-6.120350112114363e-12
01011112222,010-1111-2222,not in the log,-2.6051096423958514e-10,66,1.0000527850454525e-10
01011112222,010-1111-2222,not in the log,-2.6051096423958514e-10,67,-7.461225044218824e-11
01011112222,010-1111-2222,not in the log,-2.6051096423958514e-10,68,-3.243785777287365e-10
01011112222,010-1111-2222,not in the log,-2.6051096423958514e-10,69,1.6245408504013e-10
01011112222,010-1111-2222,not in the log,-2.6051096423958514e-10,70,1.4299066540627597e-10
01011112222,010-1111-2222,not in the log,-2.6051096423958514e-10,71,1.466187309696168e-10
01011112222,010-1111-2222,not in the log,-2.6051096423958514e-10,72,-3.6523886364905714e-11
01011112222,010-1111-2222,not in the log,-2.6051096423958514e-10,73,-1.3805805316818233e-10
01011112222,010-1111-2222,not in the log,-2.6051096423958514e-10,74,-1.2396780714453143e-10
01011112222,010-1111-2222,not in the log,-2.6051096423958514e-10,75,-2.4413681780191088e-11
01011112222,010-1111-2222,not in the log,-2.6051096423958514e-10,76,-7.157069837553432e-11
01011112222,010-1111-2222,not in the log,-2.6051096423958514e-10,77,-3.6360001824508265e-12
01011112222,010-1111-2222,not in the log,-2.6051096423958514e-10,78,7.155229741384971e-10
01011112222,010-1111-2222,not in the log,-2.6051096423958514e-10,79,-5.301948187664121e-10
01011112222,010-1111-2222,not in the log,-2.6051096423958514e-10,80,1.4385641094845187e-11
01011112222,010-1111-2222,not in the log,-2.6051096423958514e-10,81,-2.3903159374420766e-10
01011112222,010-1111-2222,not in the log,-2.6051096423958514e-10,82,-1.7983929461560553e-10
01011112222,010-1111-2222,not in the log,-2.6051096423958514e-10,83,-6.121329903766107e-11
01011112222,010-1111-2222,not in the log,-2.6051096423958514e-10,84,-1.0071086215527805e-10
01011112222,010-1111-2222,not in the log,-2.6051096423958514e-10,85,-1.352541459493551e-11
01011112222,010-1111-2222,not in the log,-2.6051096423958514e-10,86,-9.878747396234957e-11
01011112222,010-1111-2222,not in the log,-2.6051096423958514e-10,87,-2.7150313179344723e-11
01011112222,010-1111-2222,not in the log,-2.6051096423958514e-10,88,-8.268087571264965e-11
01011112222,010-1111-2222,not in the log,-2.6051096423958514e-10,89,-1.4961246144173133e-10
01011112222,010-1111-2222,not in the log,-2.6051096423958514e-10,90,-9.309319620262406e-11
01011112222,010-1111-2222,not in the log,-2.6051096423958514e-10,91,-4.606022649983615e-12
01011112222,010-1111-2222,not in the log,-2.6051096423958514e-10,92,-5.172314937914104e-10
01011112222,010-1111-2222,not in the log,-2.6051096423958514e-10,93,-3.3871487373602645e-11
01011112222,010-1111-2222,not in the log,-2.6051096423958514e-10,94,1.164377409556452e-10
01011112222,010-1111-2222,not in the log,-2.6051096423958514e-10,95,4.249038071621855e-11
01011112222,010-1111-2222,not in the log,-2.6051096423958514e-10,96,1.6926456375520407e-11
01011112222,010-1111-2222,not in the log,-2.6051096423958514e-10,97,-6.508121227494754e-10
01011112222,010-1111-2222,not in the log,-2.6051096423958514e-10,98,1.973071870720916e-10
01011112222,010-1111-2222,not in the log,-2.6051096423958514e-10,99,-6.174857230398826e-11
01011112222,010-1111-2222,not in the log,-2.6051096423958514e-10,100,2.755758999051746e-10
01011112222,010-1111-2222,not in the log,-2.6051096423958514e-10,101,2.332685965672383e-10
01011112222,010-1111-2222,not in the log,-2.6051096423958514e-10,102,-4.891353502623945e-10
01011112222,010-1111-2222,not in the log,-2.6051096423958514e-10,103,6.917773828248343e-11
01011112222,010-1111-2222,not in the log,-2.6051096423958514e-10,104,-7.112662131413414e-11
01011112222,010-1111-2222,not in the log,-2.6051096423958514e-10,105,5.82965398139256e-11
01011112222,010-1111-2222,not in the log,-2.6051096423958514e-10,106,-6.086382212660584e-11
01011112222,010-1111-2222,not in the log,-2.6051096423958514e-10,107,-6.92082127375019e-11
01011112222,010-1111-2222,not in the log,-2.6051096423958514e-10,108,2.8536843694090363e-12
01011112222,010-1111-2222,not in the log,-2.6051096423958514e-10,109,-1.756511693849959e-11
01011112222,010-1111-2222,not in the log,-2.6051096423958514e-10,110,-9.185166563459169e-11
01011112222,010-1111-2222,not in the log,-2.6051096423958514e-10,111,3.3981263560946124e-10
01011112222,010-1111-2222,not in the log,-2.6051096423958514e-10,112,-7.343931813220478e-11
01011112222,010-1111-2222,not in the log,-2.6051096423958514e-10,113,-9.93814014708387e-13
01011112222,010-1111-2222,not in the log,-2.6051096423958514e-10,114,-1.0704929720067861e-10
01011112222,010-1111-2222,not in the log,-2.6051096423958514e-10,115,-1.4615184304433597e-12
01011112222,010-1111-2222,not in the log,-2.6051096423958514e-10,116,3.413430396954175e-11
01011112222,010-1111-2222,not in the log,-2.6051096423958514e-10,117,1.0767816448691184e-10
01011112222,010-1111-2222,not in the log,-2.6051096423958514e-10,118,4.5762826624505843e-10
01011112222,010-1111-2222,not in the log,-2.6051096423958514e-10,119,1.5675985599064866e-11
01011112222,010-1111-2222,not in the log,-2.6051096423958514e-10,120,5.27128945769795e-11
01011112222,010-1111-2222,not in the log,-2.6051096423958514e-10,121,1.4743004174382944e-10
01011112222,010-1111-2222,not in the log,-2.6051096423958514e-10,122,3.490047131216656e-10
01011112222,010-1111-2222,not in the log,-2.6051096423958514e-10,123,-5.0024287754559614e-11
01011112222,010-1111-2222,not in the log,-2.6051096423958514e-10,124,1.7451816141002986e-10
01011112222,010-1111-2222,not in the log,-2.6051096423958514e-10,125,1.2117703888507617e-10
01011112222,010-1111-2222,not in the log,-2.6051096423958514e-10,126,3.635084390413745e-11
01011112222,010-1111-2222,not in the log,-2.6051096423958514e-10,127,-1.7236818440739657e-10
01011112222,010-1111-2222,not in the log,-2.6051096423958514e-10,128,-1.2615140453980564e-10
01011112222,010-1111-2222,not in the log,-2.6051096423958514e-10,129,-3.12141435272224e-11
01011112222,010-1111-2222,not in the log,-2.6051096423958514e-10,130,4.847814417999602e-11
01011112222,010-1111-2222,not in the log,-2.6051096423958514e-10,131,2.246613357701822e-10
01011112222,010-1111-2222,not in the log,-2.6051096423958514e-10,132,2.7185255380442303e-11
01011112222,010-1111-2222,not in the log,-2.6051096423958514e-10,133,-1.7098941114757078e-10
01011112222,010-1111-2222,not in the log,-2.6051096423958514e-10,134,2.3086055433240616e-10
01011112222,010-1111-2222,not in the log,-2.6051096423958514e-10,135,1.448526291409285e-10
01011112222,010-1111-2222,not in the log,-2.6051096423958514e-10,136,5.3008972617226244e-11
01011112222,010-1111-2222,not in the log,-2.6051096423958514e-10,137,1.4265108034458997e-10
01011112222,010-1111-2222,not in the log,-2.6051096423958514e-10,138,-9.996979492572644e-11
01011112222,010-1111-2222,not in the log,-2.6051096423958514e-10,139,-3.030206114731706e-10
01011112222,010-1111-2222,not in the log,-2.6051096423958514e-10,140,-1.0546294813641152e-10
01011112222,010-1111-2222,not in the log,-2.6051096423958514e-10,141,-4.3740219405416805e-11
01011112222,010-1111-2222,not in the log,-2.6051096423958514e-10,142,-1.0987104491719348e-11
01011112222,010-1111-2222,not in the log,-2.6051096423958514e-10,143,-3.5620896080435e-10
01011112222,010-1111-2222,not in the log,-2.6051096423958514e-10,144,-2.9440203678936155e-10
01011112222,010-1111-2222,not in the log,-2.6051096423958514e-10,145,1.315216767349687e-10
01011112222,010-1111-2222,not in the log,-2.6051096423958514e-10,146,5.271840789943274e-11
01011112222,010-1111-2222,not in the log,-2.6051096423958514e-10,147,-1.195557951502119e-10
01011112222,010-1111-2222,not in the log,-2.6051096423958514e-10,148,-1.4041510558542054e-11
01011112222,010-1111-2222,not in the log,-2.6051096423958514e-10,149,-4.4701146190569745e-10
01011112222,010-1111-2222,not in the log,-2.6051096423958514e-10,150,4.145354102814866e-10
01011112222,010-1111-2222,not in the log,-2.6051096423958514e-10,151,4.023355272311736e-11
01011112222,010-1111-2222,not in the log,-2.6051096423958514e-10,152,-3.783046968888131e-10
01011112222,010-1111-2222,not in the log,-2.6051096423958514e-10,153,-1.4992792331344788e-10
01011112222,010-1111-2222,not in the log,-2.6051096423958514e-10,154,3.031212169237067e-11
01011112222,010-1111-2222,not in the log,-2.6051096423958514e-10,155,-1.44393094269684e-10
01011112222,010-1111-2222,not in the log,-2.6051096423958514e-10,156,1.5897597407535175e-10
01011112222,010-1111-2222,not in the log,-2.6051096423958514e-10,157,3.1355182077560745e-12
01011112222,010-1111-2222,not in the log,-2.6051096423958514e-10,158,-1.0404163378985271e-10
01011112222,010-1111-2222,not in the log,-2.6051096423958514e-10,159,-5.0877826446372464e-11
01011112222,010-1111-2222,not in the log,-2.6051096423958514e-10,160,1.0733540128300545e-10
01011112222,010-1111-2222,not in the log,-2.6051096423958514e-10,161,-3.5265624546113615e-11
01011112222,010-1111-2222,not in the log,-2.6051096423958514e-10,162,-4.57999630835424e-12
01011112222,010-1111-2222,not in the log,-2.6051096423958514e-10,163,-5.3267045841413516e-11
01011112222,010-1111-2222,not in the log,-2.6051096423958514e-10,164,-5.0365340584055365e-11
01011112222,010-1111-2222,not in the log,-2.6051096423958514e-10,165,4.1152666692888715e-11
01011112222,010-1111-2222,not in the log,-2.6051096423958514e-10,166,1.6920631791070935e-11
01011112222,010-1111-2222,not in the log,-2.6051096423958514e-10,167,-2.3990618644152007e-10
01011112222,010-1111-2222,not in the log,-2.6051096423958514e-10,168,-8.067212748240763e-11
01011112222,010-1111-2222,not in the log,-2.6051096423958514e-10,169,-9.959354467563822e-11
01011112222,010-1111-2222,not in the log,-2.6051096423958514e-10,170,-7.068626403820076e-11
01011112222,010-1111-2222,not in the log,-2.6051096423958514e-10,171,-5.783380586318121e-12
01011112222,010-1111-2222,not in the log,-2.6051096423958514e-10,172,-1.851372105711216e-12
01011112222,010-1111-2222,not in the log,-2.6051096423958514e-10,173,4.6012164482322566e-11
01011112222,010-1111-2222,not in the log,-2.6051096423958514e-10,174,8.916770731792447e-11
01011112222,010-1111-2222,not in the log,-2.6051096423958514e-10,175,-1.7098633520536897e-10
01011112222,010-1111-2222,not in the log,-2.6051096423958514e-10,176,-4.279394642154476e-11
01011112222,010-1111-2222,not in the log,-2.6051096423958514e-10,177,-4.502914148054604e-10
01011112222,010-1111-2222,not in the log,-2.6051096423958514e-10,178,3.451871490127631e-10
01011112222,010-1111-2222,not in the log,-2.6051096423958514e-10,179,-4.494847225956865e-11
01011112222,010-1111-2222,not in the log,-2.6051096423958514e-10,180,-1.0581975082285389e-10
01011112222,010-1111-2222,not in the log,-2.6051096423958514e-10,181,6.37579565166111e-11
01011112222,010-1111-2222,not in the log,-2.6051096423958514e-10,182,-4.363815372867959e-10
01011112222,010-1111-2222,not in the log,-2.6051096423958514e-10,183,-1.0415250261489326e-10
01011112222,010-1111-2222,not in the log,-2.6051096423958514e-10,184,-5.337252023001086e-11
01011112222,010-1111-2222,not in the log,-2.6051096423958514e-10,185,-8.981596918403614e-12
01011112222,010-1111-2222,not in the log,-2.6051096423958514e-10,186,-1.5027943332379047e-10
01011112222,010-1111-2222,not in the log,-2.6051096423958514e-10,187,-5.127412748526651e-11
01011112222,010-1111-2222,not in the log,-2.6051096423958514e-10,188,-3.830167955918113e-11
01011112222,010-1111-2222,not in the log,-2.6051096423958514e-10,189,-1.570970157525533e-10
01011112222,010-1111-2222,not in the log,-2.6051096423958514e-10,190,9.688624360035998e-11
01011112222,010-1111-2222,not in the log,-2.6051096423958514e-10,191,8.987332870757636e-11
01011112222,010-1111-2222,not in the log,-2.6051096423958514e-10,192,9.011808347890258e-11
01011112222,010-1111-2222,not in the log,-2.6051096423958514e-10,193,1.1039886965115414e-10
01011112222,010-1111-2222,not in the log,-2.6051096423958514e-10,194,-3.839758774114706e-11
01011112222,010-1111-2222,not in the log,-2.6051096423958514e-10,195,7.743817177018909e-11
01011112222,010-1111-2222,not in the log,-2.6051096423958514e-10,196,1.7290828522007607e-10
01011112222,010-1111-2222,not in the log,-2.6051096423958514e-10,197,2.131114332168648e-10
01011112222,010-1111-2222,not in the log,-2.6051096423958514e-10,198,4.140483782027023e-11
01011112222,010-1111-2222,not in the log,-2.6051096423958514e-10,199,5.339348768775111e-10
01011112222,010-1111-2222,not in the log,-2.6051096423958514e-10,200,-6.387978643785766e-11
01011112222,010-1111-2222,not in the log,-2.6051096423958514e-10,201,2.1677624702607524e-11
01011112222,010-1111-2222,not in the log,-2.6051096423958514e-10,202,-4.4023037101243717e-11
01011112222,010-1111-2222,not in the log,-2.6051096423958514e-10,203,-2.2451906429105493e-11
