dataset,radius,slot,step_input,he_output,dist_km
k5_kitkat,0.2,4,-1.974138942703498e-07,8.390061882964767e-10,0.4409954260355939
k5_kitkat,0.2,17,-1.974138942703498e-07,9.064977161845095e-10,0.4409954260355939
k5_kitkat,0.2,22,-1.974138942703498e-07,5.138163787374217e-10,0.4409954260355939
k5_kitkat,0.2,85,-1.974138942703498e-07,3.623422996086588e-10,0.4409954260355939
k5_kitkat,0.2,1187,-0.004045972700158285,-8.080265429659556e-10,56.267448866508296
k5_kitkat,0.2,1188,-0.004050319137831888,-1.3547316181677758e-11,56.297663383946315
k5_kitkat,0.2,1189,-0.004053483021125366,3.9545604973289964e-10,56.319647110767455
k5_kitkat,0.2,1190,-0.004053483021125366,5.3964263521609004e-11,56.319647110767455
k5_kitkat,0.2,1191,-0.004053483021125366,5.567820151224857e-10,56.319647110767455
k5_kitkat,0.2,1192,-0.004053483021125366,1.4999744549909161e-10,56.319647110767455
k5_kitkat,0.2,1193,-0.004053483021125366,3.790739921579504e-10,56.319647110767455
k5_kitkat,0.2,1194,-0.004053483021125366,6.114823907362917e-10,56.319647110767455
k5_kitkat,0.2,1195,-0.004053483021125366,-2.1902677552668577e-10,56.319647110767455
k5_kitkat,0.2,1196,-0.004053483021125366,2.634584663961196e-10,56.319647110767455
k5_kitkat,0.2,1197,-0.004053483021125366,1.0033111048402656e-10,56.319647110767455
k5_kitkat,0.2,1198,-0.004053483021125366,7.809644642173138e-10,56.319647110767455
k5_kitkat,0.2,1199,-0.004053483021125366,6.194471917256183e-10,56.319647110767455
k5_kitkat,0.2,1200,-0.004053483021125366,2.273475371420632e-10,56.319647110767455
k5_kitkat,0.2,1201,-0.004053483021125366,3.7189840198287387e-10,56.319647110767455
k5_kitkat,0.2,1202,-0.004053483021125366,3.790926121113326e-10,56.319647110767455
k5_kitkat,0.2,1206,-0.014704854653293844,-4.2784933624612294e-10,107.268974898703
k5_kitkat,0.2,1207,-0.014732484300219176,4.158703880189228e-10,107.3697036300519
k5_kitkat,0.2,1211,-0.032965816617270105,-4.5321369685352455e-10,160.61099157142
k5_kitkat,0.2,1212,-0.03297491517841901,-2.530403417693035e-10,160.63315431444488
k5_kitkat,0.2,1213,-0.03301524699566219,2.5828911495145125e-10,160.73135983141933
k5_kitkat,0.2,1214,-0.03301894549283545,-4.268579916654982e-10,160.74036244333493
k5_kitkat,0.2,1215,-0.03309633878536247,9.254845776864703e-11,160.92863201586354
k5_kitkat,0.2,1216,-0.03310014030231143,-8.523352330619307e-10,160.9378740413173
k5_kitkat,0.2,1217,-0.03319740430607488,-3.1463373069648964e-10,161.1741563536305
k5_kitkat,0.2,1218,-0.03317958042176481,-8.248075791726993e-10,161.13088292827368
k5_kitkat,0.2,1225,-0.03317958042176481,-8.516731321330428e-10,161.13088292827368
k5_kitkat,0.2,1226,-0.03317958042176481,-5.928387571401126e-10,161.13088292827368
k5_kitkat,0.2,1228,-0.03317958042176481,-2.3288205969903204e-10,161.13088292827368
k5_kitkat,0.2,1229,-0.03317958042176481,-3.897888096449823e-10,161.13088292827368
k5_kitkat,0.2,1273,-0.03317958042176481,-8.365464459059531e-11,161.13088292827368
k5_kitkat,0.2,1274,-0.03317958042176481,-9.982298322913502e-11,161.13088292827368
k5_kitkat,0.2,1277,-0.03317958042176481,-2.80855033827152e-10,161.13088292827368
k5_kitkat,0.2,1278,-0.03317958042176481,-5.45320163805643e-11,161.13088292827368
k5_kitkat,0.2,1279,-0.03317958042176481,-9.644109480996236e-10,161.13088292827368
k5_kitkat,0.2,1282,-0.03318215149218018,1.7293202027256014e-10,161.13712577669645
k5_kitkat,0.2,1283,-0.033178101959566636,-1.0870346650684148e-09,161.12729294607422
k5_kitkat,0.2,1284,-0.03317669403852965,-5.768337549404141e-10,161.12387417662757
k5_kitkat,0.2,1285,-0.033175399841509357,-5.694747652738523e-10,161.12073149233893
k5_kitkat,0.2,1286,-0.03317389580622757,2.9721093163009506e-10,161.11707918311006
k5_kitkat,0.2,1289,-0.03321679481576796,3.2254707755522516e-10,161.22122009349835
k5_kitkat,0.2,1290,-0.03321954944105611,-1.1350445117684918e-09,161.22790487693467
k5_kitkat,0.2,1295,-0.03331451035605931,-4.188828932824219e-10,161.45818193108852
k5_kitkat,0.2,1296,-0.03331451035605931,6.375569312148407e-11,161.45818193108852
k5_kitkat,0.2,1313,-0.03336624117581212,9.434801844711558e-10,161.58348936223618
k5_kitkat,0.2,1321,-0.03336624117581212,1.5264337643393242e-10,161.58348936223618
k5_kitkat,0.2,1333,-0.03336624117581212,-2.895441237365618e-10,161.58348936223618
k5_kitkat,0.2,1334,-0.03336624117581212,2.306646383831257e-10,161.58348936223618
k5_kitkat,0.2,1345,-0.03339168034666565,5.20676419139167e-11,161.64507497029015
k5_kitkat,0.2,1346,-0.03339168034666565,-3.048207753234327e-10,161.64507497029015
k5_kitkat,0.2,1347,-0.03339168034666565,1.622244938704989e-11,161.64507497029015
k5_kitkat,0.2,1348,-0.03339168034666565,2.0425759996182663e-10,161.64507497029015
k5_kitkat,0.2,1356,-0.03339168034666565,2.289730152740264e-10,161.64507497029015
k5_kitkat,0.2,1357,-0.03339168034666565,3.596434365455171e-10,161.64507497029015
k5_kitkat,0.2,1388,-0.033393520020482195,7.892840383933969e-10,161.64952772106415
k5_kitkat,0.2,1395,-0.03336301152859242,2.8980185677309723e-10,161.57566904028792
k5_kitkat,0.2,1424,-0.033180113841773946,2.2908262226395295e-10,161.13217815199386
k5_kitkat,0.2,1425,-0.033180113841773946,-6.533736371652099e-10,161.13217815199386
k5_kitkat,0.2,1433,-0.033180113841773946,5.642234259973342e-10,161.13217815199386
k5_kitkat,0.2,1434,-0.033180113841773946,3.5213581240342335e-10,161.13217815199386
k5_kitkat,0.2,1435,-0.033180113841773946,-1.1923288569421545e-10,161.13217815199386
k5_kitkat,0.2,1436,-0.033180113841773946,1.3587318072949011e-09,161.13217815199386
k5_kitkat,0.2,1437,-0.033180113841773946,-5.46973850381303e-10,161.13217815199386
k5_kitkat,0.2,1438,-0.033180113841773946,1.6233510567989127e-10,161.13217815199386
k5_kitkat,0.2,1469,-0.03318287711840572,-5.611372486073099e-10,161.13888763510175
k5_kitkat,0.2,1470,-0.03318287711840572,-4.658791529021814e-10,161.13888763510175
k5_kitkat,0.2,1473,-0.03318405778011583,-6.828645973165037e-10,161.14175430227797
k5_kitkat,0.2,1482,-0.03323242953411924,2.1240891158266984e-10,161.25915794940556
k5_kitkat,0.2,1506,-0.0333978342647628,-1.0638531878087541e-10,161.65996944687106
k5_kitkat,0.2,1507,-0.0333978342647628,6.989879631593527e-11,161.65996944687106
k5_kitkat,0.2,1558,-0.03323003486737919,-2.2027726949588243e-10,161.25334783696044
k5_kitkat,0.2,1559,-0.03323003486737919,-1.2714166675892328e-09,161.25334783696044
k5_kitkat,0.2,1577,-0.03318020992020221,-6.551389160934554e-10,161.13241144370946
k5_kitkat,0.2,1578,-0.03318020992020221,-2.278837974136193e-10,161.13241144370946
k5_kitkat,0.2,1580,-0.03318020992020221,-3.121467535110561e-10,161.13241144370946
k5_kitkat,0.2,1581,-0.03318020992020221,-1.082842221859851e-09,161.13241144370946
k5_kitkat,0.2,1748,-0.03478059958962799,-5.785909869772868e-10,164.9726151381024
k5_kitkat,0.2,1755,-0.034773766709611145,-5.23393367286377e-10,164.95640938244406
k5_kitkat,0.2,1783,-0.034773766709611145,-7.922674801333441e-11,164.95640938244406
k5_kitkat,0.2,1784,-0.034773766709611145,-6.715293422618765e-11,164.95640938244406
k5_kitkat,0.2,1828,-0.03477629482628162,2.7431781334156975e-10,164.9624055815258
k5_kitkat,0.2,1829,-0.034781331162124486,3.453193819580446e-10,164.97435013717262
k5_kitkat,0.2,1830,-0.03478575786126944,8.044863028961569e-10,164.9848481181592
k5_kitkat,0.2,1831,-0.03479195530308315,7.124430747971113e-10,164.99954431883646
k5_kitkat,0.2,1852,-0.03429907807950235,-5.184096457365441e-10,163.8266514220262
k5_kitkat,0.2,1859,-0.034253192236513186,1.1943978839504417e-09,163.71702998179788
k5_kitkat,0.2,1960,-0.03335122683998174,7.936040390930293e-11,161.54713018666894
k5_kitkat,0.2,1973,-0.03334575321753086,3.5865900535257384e-10,161.53387305925804
k5_kitkat,0.2,2038,-0.033382591174208845,4.224331062142472e-11,161.62307371590546
k5_kitkat,0.2,2039,-0.033382591174208845,-8.405542124315934e-11,161.62307371590546
k5_kitkat,0.2,2111,-0.033295344369212915,-3.118368900911233e-10,161.4117315134291
k5_kitkat,0.2,2116,-0.033295344369212915,-3.931155523095785e-11,161.4117315134291
k5_kitkat,0.2,2234,-0.034085428697653825,6.665065632496223e-11,163.31561600939582
k5_kitkat,0.2,2235,-0.034085428697653825,1.3339657740231028e-10,163.31561600939582
k5_kitkat,0.2,2236,-0.034085428697653825,9.524229672309766e-10,163.31561600939582
k5_kitkat,0.2,2269,-0.03409156445991216,4.5045155651586444e-11,163.33031465390164
k5_kitkat,0.2,2270,-0.034097063052283334,-9.779002091505517e-10,163.3434857899276
k5_kitkat,0.2,2278,-0.03410683602511098,5.215177386874985e-10,163.366893006582
k5_kitkat,0.2,2281,-0.034155871283147676,-4.711595356741304e-10,163.48428660718577
k5_kitkat,0.2,2284,-0.03415941719340458,-3.793407318869694e-10,163.49277247908282
k5_kitkat,0.2,2336,-0.034790282690035056,-1.1322971974978575e-10,164.99557812464212
k5_kitkat,0.2,2337,-0.034790282690035056,-3.742266543973782e-10,164.99557812464212
k5_kitkat,0.2,2339,-0.03477744186062823,6.563454622116954e-10,164.96512605114015
k5_kitkat,0.2,2340,-0.03477744186062823,8.615613479266665e-11,164.96512605114015
k5_kitkat,0.2,2392,-0.03490142137730934,2.274811526212781e-10,165.2589094651525
k5_kitkat,0.2,2393,-0.03490142137730934,-4.177734987227535e-10,165.2589094651525
k5_kitkat,0.2,2402,-0.03485246847150152,1.099528446048326e-09,165.14297248639346
k5_kitkat,0.2,2403,-0.03485246847150152,-6.4145955386975515e-12,165.14297248639346
k5_kitkat,0.2,2411,-0.03485246847150152,-2.1377965680066882e-10,165.14297248639346
k5_kitkat,0.2,2412,-0.03485246847150152,4.918773644154685e-10,165.14297248639346
k5_kitkat,0.2,2470,-0.03478303533702623,5.824596834577143e-10,164.97839169165937
k5_kitkat,0.2,2479,-0.034771802800572266,9.389823473039046e-11,164.95175122326265
k5_kitkat,0.2,2486,-0.034771802800572266,1.7708906501976013e-11,164.95175122326265
k5_kitkat,0.2,2487,-0.034771802800572266,1.2818304351386697e-09,164.95175122326265
k5_kitkat,0.2,2535,-0.034771802800572266,1.3256974294212835e-10,164.95175122326265
k5_kitkat,0.2,2542,-0.034771802800572266,7.386808986678964e-10,164.95175122326265
k5_kitkat,0.2,2545,-0.034771802800572266,3.9669391465165095e-10,164.95175122326265
k5_kitkat,0.2,2546,-0.034771802800572266,3.306965841788139e-10,164.95175122326265
k5_kitkat,0.2,2547,-0.0347726388257647,7.21392520248177e-11,164.95373419188695
k5_kitkat,0.2,2552,-0.03477452484812823,3.5261057226856665e-10,164.95820756184702
k5_kitkat,0.2,2554,-0.03477059738117501,1.0061625257885733e-09,164.94889204635092
k5_kitkat,0.2,2562,-0.03470625693003584,-6.896187246187988e-11,164.79620866653784
k5_kitkat,0.2,2565,-0.03470625693003584,3.309405025265253e-11,164.79620866653784
k5_kitkat,0.2,2568,-0.03466431939436509,4.478243901726472e-10,164.69661242150374
k5_kitkat,0.2,2569,-0.03466431939436509,1.0089680222551748e-10,164.69661242150374
k5_kitkat,0.2,2570,-0.03466286540556848,8.345925356425269e-10,164.69315830511695
k5_kitkat,0.2,2623,-0.035517889811324505,-2.937926044814595e-10,166.71201384608878
k5_kitkat,0.2,2628,-0.03551533718279892,-6.610522625653056e-10,166.70602304992715
k5_kitkat,0.2,2629,-0.03551281297398883,7.901567930776738e-11,166.70009874064263
k5_kitkat,0.2,2630,-0.03551281297398883,6.622168259346411e-10,166.70009874064263
k5_kitkat,0.2,2633,-0.03551281297398883,-4.3134392815437225e-10,166.70009874064263
k5_kitkat,0.2,2634,-0.035517889811324505,4.70611975418053e-10,166.71201384608878
k5_kitkat,0.2,2635,-0.03551518939061138,2.6654183809028095e-10,166.70567618798034
k5_kitkat,0.2,2646,-0.03549700476998055,5.7175448877040254e-11,166.66299215175732
k5_kitkat,0.2,2654,-0.03549700476998055,2.954899451848931e-10,166.66299215175732
k5_kitkat,0.2,2655,-0.03549700476998055,3.8421897034956845e-10,166.66299215175732
k5_kitkat,0.2,2657,-0.03549700476998055,4.147883443058377e-10,166.66299215175732
k5_kitkat,0.2,2658,-0.03549700476998055,-1.93822224366739e-10,166.66299215175732
k5_kitkat,0.2,2660,-0.03549700476998055,-1.1447950562874483e-09,166.66299215175732
k5_kitkat,0.2,2661,-0.03549700476998055,2.2070565631461373e-10,166.66299215175732
k5_kitkat,0.2,2948,-0.028989236776960955,-7.994733571268937e-10,150.61276484106088
k5_kitkat,0.2,2949,-0.028948479041586258,-1.989173444041647e-10,150.50684995242355
k5_kitkat,0.2,2960,-0.028620506801877298,5.158609530625591e-10,149.65183800739752
k5_kitkat,0.2,2961,-0.028620506801877298,-2.356784251869111e-10,149.65183800739752
k5_kitkat,0.2,2964,-0.028620506801877298,4.5370132184055165e-10,149.65183800739752
k5_kitkat,0.2,2965,-0.028620506801877298,-3.105010615536437e-10,149.65183800739752
k5_kitkat,0.2,2975,-0.028620506801877298,-2.703244885771761e-11,149.65183800739752
k5_kitkat,0.2,2976,-0.028620506801877298,-5.522293858959393e-10,149.65183800739752
k5_kitkat,0.2,3032,-0.028620506801877298,1.661328684158831e-10,149.65183800739752
k5_kitkat,0.2,3035,-0.028620506801877298,4.0343726339454016e-11,149.65183800739752
k5_kitkat,0.2,3036,-0.028620506801877298,1.7213429277027503e-10,149.65183800739752
k5_kitkat,0.2,3039,-0.02860925724985352,6.165454391910069e-10,149.62242415731797
k5_kitkat,0.2,3243,-0.010509704808891216,-4.140117436396176e-10,90.68580710346319
k5_kitkat,0.2,3246,-0.010509704808891216,1.3768323223444045e-10,90.68580710346319
k5_kitkat,0.2,3576,-6.555253791597387e-05,5.944379486762174e-10,7.164848777231444
k5_kitkat,0.2,3579,-6.465317408136832e-05,4.078597531380567e-10,7.115567658037627
k5_kitkat,0.2,3684,-4.941727852706862e-07,-1.954805726257847e-10,0.6532164191039603
k5_kitkat,0.2,3685,-4.941727852706862e-07,-5.785498707529125e-11,0.6532164191039603
k5_kitkat,0.2,3686,-4.941727852706862e-07,-4.98990875308808e-10,0.6532164191039603
k5_kitkat,0.2,3687,-4.941727852706862e-07,5.729192862115745e-10,0.6532164191039603
k5_kitkat,0.2,3688,-4.941727852706862e-07,-6.822244137714075e-10,0.6532164191039603
k5_kitkat,0.2,3689,-4.941727852706862e-07,-2.681603834066364e-10,0.6532164191039603
k5_kitkat,0.2,3710,-6.080056652336815e-07,3.7836966157089564e-10,0.7181686856111871
k5_kitkat,0.2,3711,-6.080056652336815e-07,5.024999940224273e-10,0.7181686856111871
k5_kitkat,0.2,3719,-6.080056652336815e-07,-2.0083752086799276e-10,0.7181686856111871
k5_kitkat,0.2,3720,-6.080056652336815e-07,1.1548894079279295e-09,0.7181686856111871
k5_kitkat,0.2,3744,-5.011873827363438e-07,1.4967501593563252e-09,0.6574044674270266
k5_kitkat,0.2,3745,-5.011873827363438e-07,-3.8821595995867263e-10,0.6574044674270266
k5_kitkat,0.2,3753,-5.011873827363438e-07,5.5127021661412894e-11,0.6574044674270266
k5_kitkat,0.2,3754,-5.011873827363438e-07,-6.596935994318591e-10,0.6574044674270266
k5_kitkat,0.2,3792,-5.110961469919033e-07,4.489461647685413e-12,0.6632754115850601
k5_kitkat,0.2,3793,-5.110961469919033e-07,-6.767042181285867e-11,0.6632754115850601
k5_kitkat,0.2,3953,-5.644619211646246e-07,-1.762333985377752e-10,0.694041173379335
k5_kitkat,0.2,3954,-5.644619211646246e-07,-2.5392082175629988e-11,0.694041173379335
k5_kitkat,0.2,3957,-5.625478256225093e-07,2.1077911127335934e-11,0.6929613011051913
k5_kitkat,0.2,3958,-5.625478256225093e-07,-2.857388154163728e-10,0.6929613011051913
k5_kitkat,0.2,3968,-5.625478256225093e-07,-6.577095033325015e-10,0.6929613011051913
k5_kitkat,0.2,3969,-5.625478256225093e-07,-3.622404762330517e-10,0.6929613011051913
k5_kitkat,0.2,4142,-0.00019612250877621437,3.29092499408694e-10,12.38977210253078
k5_kitkat,0.2,4144,-0.00019612250877621437,-1.6287659015459103e-10,12.38977210253078
k5_kitkat,0.2,4146,-9.468785451449805e-06,-4.241924529593463e-10,2.7293503042522875
k5_kitkat,0.2,4147,-9.468785451449805e-06,-7.169140302359228e-10,2.7293503042522875
k5_kitkat,0.2,4151,-5.663566723136388e-07,3.033525417871482e-10,0.6951084798909942
k5_kitkat,0.2,4152,-5.663566723136388e-07,-1.9466705730608362e-10,0.6951084798909942
k5_kitkat,0.2,4153,-5.663566723136388e-07,8.070443225208615e-10,0.6951084798909942
k5_kitkat,0.2,4154,-5.663566723136388e-07,8.175157718544532e-10,0.6951084798909942
k5_kitkat,0.2,4155,-5.663566723136388e-07,4.1756675039845144e-10,0.6951084798909942
k5_kitkat,0.2,4156,-5.663566723136388e-07,1.7163843141094712e-10,0.6951084798909942
k5_kitkat,0.2,4157,-5.663566723136388e-07,5.330351594019238e-10,0.6951084798909942
k5_kitkat,0.2,4158,-5.663566723136388e-07,5.891765331140685e-10,0.6951084798909942
k5_kitkat,0.2,4162,-7.687971007122843e-07,2.984445633442729e-10,0.8009906632840168
k5_kitkat,0.2,4163,-7.687971007122843e-07,5.392426570738683e-10,0.8009906632840168
k5_kitkat,0.2,4165,-1.2633471868262407e-06,-1.3008696398853243e-11,1.0141858665448706
k5_kitkat,0.2,4166,-1.2633471868262407e-06,-4.856181211199016e-10,1.0141858665448706
k5_kitkat,0.2,4275,-0.00038702676495724545,-1.5504960659945502e-09,17.403723945210128
k5_kitkat,0.2,4276,-0.00038702676495724545,-6.431953341313545e-10,17.403723945210128
k5_kitkat,0.2,4575,-0.0010707995504671197,2.4475731758128475e-10,28.947260104556022
k5_kitkat,0.2,4578,-0.0010699329096515277,-6.910555384745558e-10,28.93554420634068
k5_kitkat,0.2,4585,-0.0010499521649592598,9.215252696425843e-10,28.664101690511885
k5_kitkat,0.2,4622,-0.0009553818061686335,3.679116061087938e-10,27.342807749899467
k5_kitkat,0.2,4710,-0.001007740663045486,7.976032208247541e-10,28.08202447419198
k5_kitkat,0.2,4711,-0.001007740663045486,-1.9833710055559568e-10,28.08202447419198
k5_kitkat,0.2,4713,-0.001007740663045486,-6.664757033134447e-10,28.08202447419198
k5_kitkat,0.2,4714,-0.001007740663045486,-5.557871775606467e-11,28.08202447419198
k5_kitkat,0.2,4781,-0.00099872560236816,1.197137710722836e-10,27.956140407532196
k5_kitkat,0.2,4788,-0.0009967332310559438,-4.763478008997881e-11,27.928242872473245
k5_kitkat,0.2,4795,-0.0009853293054750284,-2.382098002021177e-10,27.76802376639891
k5_kitkat,0.2,4800,-0.0009831601903347582,1.9847753129323876e-10,27.737444092285553
k5_kitkat,0.2,4853,-0.0006843911562741613,-3.8076128359707487e-10,23.14256116729314
k5_kitkat,0.2,4862,-0.0006781963909751481,-4.666496784355014e-10,23.03759351388699
k5_kitkat,0.2,5031,-6.481268632574795e-07,5.820953629974783e-10,0.7397034669846151
k5_kitkat,0.2,5056,5.5018327718300845e-09,0.7955971208222336,0.1889306733036772
k5_kitkat,0.2,5103,5.111801446074093e-08,1.0000000001244946,0.0
k5_kitkat,0.2,5104,5.111801446074093e-08,1.0000000011527335,0.0
k5_kitkat,0.2,5140,-5.662233165384791e-07,2.4123207790480327e-10,0.6950334146797383
k5_kitkat,0.2,5143,-5.662233165384791e-07,4.441477254068267e-10,0.6950334146797383
k5_kitkat,0.2,5153,-5.662233165384791e-07,2.560896285935704e-10,0.6950334146797383
k5_kitkat,0.2,5154,-5.662233165384791e-07,2.916036221626666e-10,0.6950334146797383
k5_kitkat,0.2,5298,-1.7466393535742486e-06,-3.594844978786831e-10,1.1860651522493135
k5_kitkat,0.2,5299,-1.7466393535742486e-06,-4.810662229710766e-10,1.1860651522493135
k5_kitkat,0.2,5690,-0.0001958110968565451,2.485703204195323e-10,12.37993424818
k5_kitkat,0.2,5691,-0.0001958110968565451,4.662944958723408e-10,12.37993424818
k5_kitkat,0.2,6106,-6.905836668345738e-05,-1.407695205896539e-10,7.353800347527714
k5_kitkat,0.2,6107,-6.905836668345738e-05,-2.359478279634456e-10,7.353800347527714
k5_kitkat,0.2,6188,-5.835245731819179e-05,-5.554592877807873e-10,6.760249498801603
k5_kitkat,0.2,6191,-5.763902131962647e-05,-1.0773433427769337e-09,6.718832299756432
k5_kitkat,0.2,6192,-5.749496500205145e-05,-5.069982287834729e-10,6.710438359052836
k5_kitkat,0.2,6197,-5.7378503068877746e-05,-1.1217591622739897e-10,6.7036446175047715
k5_kitkat,0.2,6198,-5.7378503068877746e-05,4.4583593121591786e-10,6.7036446175047715
k5_kitkat,0.2,6199,-5.726128951335371e-05,-4.191468882026721e-10,6.696800071541991
k5_kitkat,0.2,6207,-5.726128951335371e-05,-8.584369654515172e-10,6.696800071541991
k5_kitkat,0.2,6208,-5.726128951335371e-05,-5.30594152110668e-10,6.696800071541991
k5_kitkat,0.2,6423,-5.702924356490342e-05,3.271021533822572e-11,6.683229350090018
k5_kitkat,0.2,6424,-5.702924356490342e-05,-3.1347954283819545e-10,6.683229350090018
k5_kitkat,0.2,6620,-5.504346726694247e-07,3.4641372347669845e-10,0.6860880309594772
k5_kitkat,0.2,6621,-5.504346726694247e-07,1.449295738163064e-10,0.6860880309594772
k5_kitkat,0.2,6668,-2.3557931540316068e-07,-3.691814326019501e-10,0.47364704428899806
k5_kitkat,0.2,6679,-1.946922555053124e-07,8.741014884562081e-11,0.4385741388501655
k5_kitkat,0.2,6713,-1.946922555053124e-07,-8.179313609000031e-10,0.4385741388501655
k5_kitkat,0.2,6743,-1.974138942703498e-07,1.2865517127969223e-09,0.4409954260355939
k5_kitkat,0.2,6808,-1.946922555053124e-07,-5.123016921117165e-10,0.4385741388501655
k5_kitkat,0.2,6817,-1.974138942703498e-07,4.1393451680040264e-10,0.4409954260355939
k5_kitkat,0.2,0,-0.36001029507989285,8.143604799099762e-10,530.7628267484527
k5_kitkat,0.5,4,7.095568164854014e-08,1.0000000004771543,0.4409954260355939
k5_kitkat,0.5,17,7.095568164854014e-08,0.9999999998929487,0.4409954260355939
k5_kitkat,0.5,22,7.095568164854014e-08,0.999999999238986,0.4409954260355939
k5_kitkat,0.5,85,7.095568164854014e-08,1.0000000002225646,0.4409954260355939
k5_kitkat,0.5,1187,-0.004045704330582366,-2.8672802331655024e-10,56.267448866508296
k5_kitkat,0.5,1188,-0.00405005076825597,4.9635301770111914e-11,56.297663383946315
k5_kitkat,0.5,1189,-0.0040532146515494475,9.378214735281804e-10,56.319647110767455
k5_kitkat,0.5,1190,-0.0040532146515494475,5.672795182125817e-10,56.319647110767455
k5_kitkat,0.5,1191,-0.0040532146515494475,1.8791605929573246e-10,56.319647110767455
k5_kitkat,0.5,1192,-0.0040532146515494475,2.2700938571077663e-10,56.319647110767455
k5_kitkat,0.5,1193,-0.0040532146515494475,4.10998341075186e-10,56.319647110767455
k5_kitkat,0.5,1194,-0.0040532146515494475,-3.7636669070560104e-10,56.319647110767455
k5_kitkat,0.5,1195,-0.0040532146515494475,1.1168412685046693e-09,56.319647110767455
k5_kitkat,0.5,1196,-0.0040532146515494475,5.023353073492957e-10,56.319647110767455
k5_kitkat,0.5,1197,-0.0040532146515494475,7.062578630521633e-10,56.319647110767455
k5_kitkat,0.5,1198,-0.0040532146515494475,6.774490999696025e-10,56.319647110767455
k5_kitkat,0.5,1199,-0.0040532146515494475,1.7948844157299834e-10,56.319647110767455
k5_kitkat,0.5,1200,-0.0040532146515494475,3.253956846912868e-10,56.319647110767455
k5_kitkat,0.5,1201,-0.0040532146515494475,3.7433986580123955e-10,56.319647110767455
k5_kitkat,0.5,1202,-0.0040532146515494475,3.961830946135738e-10,56.319647110767455
k5_kitkat,0.5,1206,-0.014704586283717925,-2.532229113073326e-11,107.268974898703
k5_kitkat,0.5,1207,-0.014732215930643257,-3.958353453939575e-10,107.3697036300519
k5_kitkat,0.5,1211,-0.03296554824769419,1.043985823929737e-09,160.61099157142
k5_kitkat,0.5,1212,-0.03297464680884309,-4.782099048187979e-10,160.63315431444488
k5_kitkat,0.5,1213,-0.033014978626086273,-4.694873027606036e-10,160.73135983141933
k5_kitkat,0.5,1214,-0.03301867712325953,5.351155429330315e-10,160.74036244333493
k5_kitkat,0.5,1215,-0.033096070415786556,3.537881463010214e-10,160.92863201586354
k5_kitkat,0.5,1216,-0.03309987193273552,-5.501971806343936e-10,160.9378740413173
k5_kitkat,0.5,1217,-0.033197135936498964,3.6421125890523277e-10,161.1741563536305
k5_kitkat,0.5,1218,-0.033179312052188895,1.5813551708938915e-09,161.13088292827368
k5_kitkat,0.5,1225,-0.033179312052188895,5.893208772741173e-10,161.13088292827368
k5_kitkat,0.5,1226,-0.033179312052188895,-5.953379506460486e-10,161.13088292827368
k5_kitkat,0.5,1228,-0.033179312052188895,2.76621540552417e-10,161.13088292827368
k5_kitkat,0.5,1229,-0.033179312052188895,2.4109862962173095e-10,161.13088292827368
k5_kitkat,0.5,1273,-0.033179312052188895,-1.3057156354985695e-09,161.13088292827368
k5_kitkat,0.5,1274,-0.033179312052188895,1.438564627502098e-10,161.13088292827368
k5_kitkat,0.5,1277,-0.033179312052188895,-8.142038372672414e-11,161.13088292827368
k5_kitkat,0.5,1278,-0.033179312052188895,2.850753411213355e-10,161.13088292827368
k5_kitkat,0.5,1279,-0.033179312052188895,2.340195315383116e-10,161.13088292827368
k5_kitkat,0.5,1282,-0.03318188312260426,5.742136759807853e-11,161.13712577669645
k5_kitkat,0.5,1283,-0.03317783358999072,4.6426722106497086e-10,161.12729294607422
k5_kitkat,0.5,1284,-0.033176425668953735,2.0522664204027345e-10,161.12387417662757
k5_kitkat,0.5,1285,-0.03317513147193344,1.9828906610667945e-10,161.12073149233893
k5_kitkat,0.5,1286,-0.033173627436651656,-5.272856221545057e-10,161.11707918311006
k5_kitkat,0.5,1289,-0.033216526446192045,-2.5448261003767123e-10,161.22122009349835
k5_kitkat,0.5,1290,-0.03321928107148019,3.4612467960952045e-10,161.22790487693467
k5_kitkat,0.5,1295,-0.033314241986483396,-4.020138228662436e-10,161.45818193108852
k5_kitkat,0.5,1296,-0.033314241986483396,3.0599017464992817e-10,161.45818193108852
k5_kitkat,0.5,1313,-0.033365972806236203,1.3396674871813116e-10,161.58348936223618
k5_kitkat,0.5,1321,-0.033365972806236203,-2.4646416611399297e-10,161.58348936223618
k5_kitkat,0.5,1333,-0.033365972806236203,-3.2289302465320705e-11,161.58348936223618
k5_kitkat,0.5,1334,-0.033365972806236203,-6.111319892066999e-10,161.58348936223618
k5_kitkat,0.5,1345,-0.03339141197708973,1.7636144419624832e-10,161.64507497029015
k5_kitkat,0.5,1346,-0.03339141197708973,2.784467392708007e-10,161.64507497029015
k5_kitkat,0.5,1347,-0.03339141197708973,4.4072260798176063e-10,161.64507497029015
k5_kitkat,0.5,1348,-0.03339141197708973,8.529284208509028e-10,161.64507497029015
k5_kitkat,0.5,1356,-0.03339141197708973,4.654512800395976e-10,161.64507497029015
k5_kitkat,0.5,1357,-0.03339141197708973,1.5038835214011536e-10,161.64507497029015
k5_kitkat,0.5,1388,-0.03339325165090628,-5.694349965231808e-10,161.64952772106415
k5_kitkat,0.5,1395,-0.0333627431590165,-5.714662578432647e-10,161.57566904028792
k5_kitkat,0.5,1424,-0.03317984547219803,4.814721306678828e-10,161.13217815199386
k5_kitkat,0.5,1425,-0.03317984547219803,1.8494163088505232e-10,161.13217815199386
k5_kitkat,0.5,1433,-0.03317984547219803,4.8791044857334295e-11,161.13217815199386
k5_kitkat,0.5,1434,-0.03317984547219803,4.5545112915565563e-10,161.13217815199386
k5_kitkat,0.5,1435,-0.03317984547219803,3.5733058698795114e-10,161.13217815199386
k5_kitkat,0.5,1436,-0.03317984547219803,-7.054692065428473e-12,161.13217815199386
k5_kitkat,0.5,1437,-0.03317984547219803,1.1806686203730997e-09,161.13217815199386
k5_kitkat,0.5,1438,-0.03317984547219803,1.0068525197780195e-10,161.13217815199386
k5_kitkat,0.5,1469,-0.033182608748829806,1.6853857411246605e-10,161.13888763510175
k5_kitkat,0.5,1470,-0.033182608748829806,3.400739349149474e-10,161.13888763510175
k5_kitkat,0.5,1473,-0.03318378941053991,6.71600537071093e-10,161.14175430227797
k5_kitkat,0.5,1482,-0.033232161164543327,9.803255104847224e-10,161.25915794940556
k5_kitkat,0.5,1506,-0.03339756589518689,-1.0917370443346773e-09,161.65996944687106
k5_kitkat,0.5,1507,-0.03339756589518689,-3.248047723660602e-10,161.65996944687106
k5_kitkat,0.5,1558,-0.03322976649780327,4.673749833013554e-10,161.25334783696044
k5_kitkat,0.5,1559,-0.03322976649780327,-9.46039625031284e-10,161.25334783696044
k5_kitkat,0.5,1577,-0.03317994155062629,1.851923963092743e-10,161.13241144370946
k5_kitkat,0.5,1578,-0.03317994155062629,2.4914295540196114e-10,161.13241144370946
k5_kitkat,0.5,1580,-0.03317994155062629,2.8348065934001614e-10,161.13241144370946
k5_kitkat,0.5,1581,-0.03317994155062629,1.064239185251289e-09,161.13241144370946
k5_kitkat,0.5,1748,-0.03478033122005207,1.8996840837295992e-10,164.9726151381024
k5_kitkat,0.5,1755,-0.03477349834003523,1.2730683600446187e-10,164.95640938244406
k5_kitkat,0.5,1783,-0.03477349834003523,3.2663883442753136e-10,164.95640938244406
k5_kitkat,0.5,1784,-0.03477349834003523,4.715126799393167e-11,164.95640938244406
k5_kitkat,0.5,1828,-0.0347760264567057,6.601948472476015e-10,164.9624055815258
k5_kitkat,0.5,1829,-0.03478106279254857,6.709130789073202e-10,164.97435013717262
k5_kitkat,0.5,1830,-0.03478548949169352,-2.035667744499359e-10,164.9848481181592
k5_kitkat,0.5,1831,-0.03479168693350723,-2.468868788332341e-10,164.99954431883646
k5_kitkat,0.5,1852,-0.03429880970992644,-3.3334933785372325e-10,163.8266514220262
k5_kitkat,0.5,1859,-0.03425292386693727,-3.151686550650614e-10,163.71702998179788
k5_kitkat,0.5,1960,-0.033350958470405825,-2.6739092712864346e-10,161.54713018666894
k5_kitkat,0.5,1973,-0.033345484847954944,6.950939237934796e-10,161.53387305925804
k5_kitkat,0.5,2038,-0.03338232280463293,-1.300083810723853e-10,161.62307371590546
k5_kitkat,0.5,2039,-0.03338232280463293,2.5588641230978954e-10,161.62307371590546
k5_kitkat,0.5,2111,-0.033295075999637,-9.445700421193024e-10,161.4117315134291
k5_kitkat,0.5,2116,-0.033295075999637,-1.348176256266054e-10,161.4117315134291
k5_kitkat,0.5,2234,-0.03408516032807791,-3.361491564853023e-10,163.31561600939582
k5_kitkat,0.5,2235,-0.03408516032807791,1.197392549037543e-10,163.31561600939582
k5_kitkat,0.5,2236,-0.03408516032807791,3.493828680668106e-10,163.31561600939582
k5_kitkat,0.5,2269,-0.034091296090336246,-8.854284555992414e-10,163.33031465390164
k5_kitkat,0.5,2270,-0.03409679468270742,-8.092453028444506e-11,163.3434857899276
k5_kitkat,0.5,2278,-0.03410656765553506,3.173946300836646e-10,163.366893006582
k5_kitkat,0.5,2281,-0.03415560291357176,2.6101868067800035e-10,163.48428660718577
k5_kitkat,0.5,2284,-0.034159148823828665,3.383993472343044e-10,163.49277247908282
k5_kitkat,0.5,2336,-0.03479001432045914,-4.025131061718815e-10,164.99557812464212
k5_kitkat,0.5,2337,-0.03479001432045914,-3.1970207057626805e-10,164.99557812464212
k5_kitkat,0.5,2339,-0.03477717349105231,-4.5272414585040254e-10,164.96512605114015
k5_kitkat,0.5,2340,-0.03477717349105231,4.7095098477095e-11,164.96512605114015
k5_kitkat,0.5,2392,-0.03490115300773342,5.438707126204549e-10,165.2589094651525
k5_kitkat,0.5,2393,-0.03490115300773342,9.975357800017989e-11,165.2589094651525
k5_kitkat,0.5,2402,-0.03485220010192561,2.923899281598678e-10,165.14297248639346
k5_kitkat,0.5,2403,-0.03485220010192561,2.2426730504016322e-10,165.14297248639346
k5_kitkat,0.5,2411,-0.03485220010192561,-1.1974894534055282e-10,165.14297248639346
k5_kitkat,0.5,2412,-0.03485220010192561,3.157182840241468e-11,165.14297248639346
k5_kitkat,0.5,2470,-0.034782766967450314,-4.95405298892942e-10,164.97839169165937
k5_kitkat,0.5,2479,-0.03477153443099635,3.551712978387921e-10,164.95175122326265
k5_kitkat,0.5,2486,-0.03477153443099635,5.84467956704196e-10,164.95175122326265
k5_kitkat,0.5,2487,-0.03477153443099635,6.314635578920304e-10,164.95175122326265
k5_kitkat,0.5,2535,-0.03477153443099635,8.311270106404277e-10,164.95175122326265
k5_kitkat,0.5,2542,-0.03477153443099635,2.0066524823675043e-10,164.95175122326265
k5_kitkat,0.5,2545,-0.03477153443099635,2.2237854550123944e-10,164.95175122326265
k5_kitkat,0.5,2546,-0.03477153443099635,5.210351463081481e-10,164.95175122326265
k5_kitkat,0.5,2547,-0.034772370456188785,-4.0051947524551446e-10,164.95373419188695
k5_kitkat,0.5,2552,-0.03477425647855231,3.700153533763798e-11,164.95820756184702
k5_kitkat,0.5,2554,-0.03477032901159909,-4.969572260378208e-10,164.94889204635092
k5_kitkat,0.5,2562,-0.03470598856045992,-3.1063395079638004e-10,164.79620866653784
k5_kitkat,0.5,2565,-0.03470598856045992,-2.685412691748486e-10,164.79620866653784
k5_kitkat,0.5,2568,-0.03466405102478917,-4.046142979381281e-10,164.69661242150374
k5_kitkat,0.5,2569,-0.03466405102478917,-2.700243041880774e-10,164.69661242150374
k5_kitkat,0.5,2570,-0.034662597035992566,7.671914280491387e-10,164.69315830511695
k5_kitkat,0.5,2623,-0.03551762144174859,-6.463976603121347e-10,166.71201384608878
k5_kitkat,0.5,2628,-0.03551506881322301,-3.308144396379962e-10,166.70602304992715
k5_kitkat,0.5,2629,-0.035512544604412916,3.87229070606042e-11,166.70009874064263
k5_kitkat,0.5,2630,-0.035512544604412916,9.267447647638112e-11,166.70009874064263
k5_kitkat,0.5,2633,-0.035512544604412916,2.6374293566849786e-10,166.70009874064263
k5_kitkat,0.5,2634,-0.03551762144174859,-6.366366915743852e-10,166.71201384608878
k5_kitkat,0.5,2635,-0.03551492102103546,3.1780532420366146e-11,166.70567618798034
k5_kitkat,0.5,2646,-0.035496736400404634,1.3634523094529926e-10,166.66299215175732
k5_kitkat,0.5,2654,-0.035496736400404634,-3.4308045883194963e-10,166.66299215175732
k5_kitkat,0.5,2655,-0.035496736400404634,-4.5679952565122624e-10,166.66299215175732
k5_kitkat,0.5,2657,-0.035496736400404634,1.885400421568908e-10,166.66299215175732
k5_kitkat,0.5,2658,-0.035496736400404634,-3.466785904807761e-10,166.66299215175732
k5_kitkat,0.5,2660,-0.035496736400404634,-5.583760258714314e-10,166.66299215175732
k5_kitkat,0.5,2661,-0.035496736400404634,-6.378530111948887e-11,166.66299215175732
k5_kitkat,0.5,2948,-0.028988968407385036,-2.530284592544498e-10,150.61276484106088
k5_kitkat,0.5,2949,-0.028948210672010338,-2.948894800510084e-10,150.50684995242355
k5_kitkat,0.5,2960,-0.028620238432301378,3.046130546859602e-10,149.65183800739752
k5_kitkat,0.5,2961,-0.028620238432301378,4.362344062580552e-10,149.65183800739752
k5_kitkat,0.5,2964,-0.028620238432301378,9.71450308213064e-10,149.65183800739752
k5_kitkat,0.5,2965,-0.028620238432301378,1.6489428511424437e-10,149.65183800739752
k5_kitkat,0.5,2975,-0.028620238432301378,-2.3194906293208423e-10,149.65183800739752
k5_kitkat,0.5,2976,-0.028620238432301378,2.1032685614306663e-10,149.65183800739752
k5_kitkat,0.5,3032,-0.028620238432301378,-4.892796454672689e-10,149.65183800739752
k5_kitkat,0.5,3035,-0.028620238432301378,4.1536996942805114e-10,149.65183800739752
k5_kitkat,0.5,3036,-0.028620238432301378,9.326795030702147e-11,149.65183800739752
k5_kitkat,0.5,3039,-0.0286089888802776,-3.165464233792827e-10,149.62242415731797
k5_kitkat,0.5,3243,-0.010509436439315296,1.1650324077586007e-09,90.68580710346319
k5_kitkat,0.5,3246,-0.010509436439315296,5.260051742083051e-10,90.68580710346319
k5_kitkat,0.5,3576,-6.528416834005498e-05,8.224001685740869e-10,7.164848777231444
k5_kitkat,0.5,3579,-6.438480450544943e-05,-2.4329702443871583e-13,7.115567658037627
k5_kitkat,0.5,3684,-2.2580320935179636e-07,2.0430465280266792e-10,0.6532164191039603
k5_kitkat,0.5,3685,-2.2580320935179636e-07,-2.1520126100855255e-10,0.6532164191039603
k5_kitkat,0.5,3686,-2.2580320935179636e-07,8.224894776121071e-10,0.6532164191039603
k5_kitkat,0.5,3687,-2.2580320935179636e-07,9.611387949629075e-10,0.6532164191039603
k5_kitkat,0.5,3688,-2.2580320935179636e-07,-2.772852906165407e-10,0.6532164191039603
k5_kitkat,0.5,3689,-2.2580320935179636e-07,6.117181576184367e-10,0.6532164191039603
k5_kitkat,0.5,3710,-3.3963608931479163e-07,4.1492769000943423e-10,0.7181686856111871
k5_kitkat,0.5,3711,-3.3963608931479163e-07,-7.832320985028728e-10,0.7181686856111871
k5_kitkat,0.5,3719,-3.3963608931479163e-07,5.331234031755721e-10,0.7181686856111871
k5_kitkat,0.5,3720,-3.3963608931479163e-07,-5.160681997682911e-10,0.7181686856111871
k5_kitkat,0.5,3744,-2.328178068174539e-07,3.1370494675750937e-10,0.6574044674270266
k5_kitkat,0.5,3745,-2.328178068174539e-07,-3.6861721811756827e-10,0.6574044674270266
k5_kitkat,0.5,3753,-2.328178068174539e-07,-5.02070911832463e-10,0.6574044674270266
k5_kitkat,0.5,3754,-2.328178068174539e-07,8.698305105038908e-11,0.6574044674270266
k5_kitkat,0.5,3792,-2.427265710730134e-07,4.559261271389253e-10,0.6632754115850601
k5_kitkat,0.5,3793,-2.427265710730134e-07,2.943186450256527e-10,0.6632754115850601
k5_kitkat,0.5,3953,-2.9609234524573467e-07,-4.245966427849002e-10,0.694041173379335
k5_kitkat,0.5,3954,-2.9609234524573467e-07,-2.005585012958636e-10,0.694041173379335
k5_kitkat,0.5,3957,-2.9417824970361937e-07,-3.367495953431385e-10,0.6929613011051913
k5_kitkat,0.5,3958,-2.9417824970361937e-07,1.62274966412163e-10,0.6929613011051913
k5_kitkat,0.5,3968,-2.9417824970361937e-07,2.448430028270535e-10,0.6929613011051913
k5_kitkat,0.5,3969,-2.9417824970361937e-07,8.666983604977743e-11,0.6929613011051913
k5_kitkat,0.5,4142,-0.0001958541392002955,1.2988849651313207e-10,12.38977210253078
k5_kitkat,0.5,4144,-0.0001958541392002955,1.6028131467847004e-11,12.38977210253078
k5_kitkat,0.5,4146,-9.200415875530915e-06,3.897422833362038e-10,2.7293503042522875
k5_kitkat,0.5,4147,-9.200415875530915e-06,8.188776000594082e-11,2.7293503042522875
k5_kitkat,0.5,4151,-2.979870963947489e-07,-9.816040160551945e-11,0.6951084798909942
k5_kitkat,0.5,4152,-2.979870963947489e-07,-4.074826433715792e-10,0.6951084798909942
k5_kitkat,0.5,4153,-2.979870963947489e-07,-1.095262396162835e-09,0.6951084798909942
k5_kitkat,0.5,4154,-2.979870963947489e-07,-5.35154390092731e-10,0.6951084798909942
k5_kitkat,0.5,4155,-2.979870963947489e-07,-4.861456091510907e-10,0.6951084798909942
k5_kitkat,0.5,4156,-2.979870963947489e-07,-8.841349362371871e-11,0.6951084798909942
k5_kitkat,0.5,4157,-2.979870963947489e-07,-3.7497284629615196e-10,0.6951084798909942
k5_kitkat,0.5,4158,-2.979870963947489e-07,-1.5864041980140732e-10,0.6951084798909942
k5_kitkat,0.5,4162,-5.004275247933944e-07,1.7276324051587022e-10,0.8009906632840168
k5_kitkat,0.5,4163,-5.004275247933944e-07,4.453509601819959e-10,0.8009906632840168
k5_kitkat,0.5,4165,-9.94977610907351e-07,3.030864895610512e-10,1.0141858665448706
k5_kitkat,0.5,4166,-9.94977610907351e-07,4.280262534331047e-10,1.0141858665448706
k5_kitkat,0.5,4275,-0.00038675839538132654,1.3315844128070697e-09,17.403723945210128
k5_kitkat,0.5,4276,-0.00038675839538132654,3.095102801728448e-10,17.403723945210128
k5_kitkat,0.5,4575,-0.0010705311808912007,2.450788751836905e-10,28.947260104556022
k5_kitkat,0.5,4578,-0.0010696645400756087,-3.1932373234302456e-10,28.93554420634068
k5_kitkat,0.5,4585,-0.0010496837953833408,4.649498407276537e-10,28.664101690511885
k5_kitkat,0.5,4622,-0.0009551134365927146,7.871821240125807e-12,27.342807749899467
k5_kitkat,0.5,4710,-0.001007472293469567,-7.564290243011152e-10,28.08202447419198
k5_kitkat,0.5,4711,-0.001007472293469567,3.054555957518503e-11,28.08202447419198
k5_kitkat,0.5,4713,-0.001007472293469567,-3.5930912778176953e-10,28.08202447419198
k5_kitkat,0.5,4714,-0.001007472293469567,-1.1472817874509382e-09,28.08202447419198
k5_kitkat,0.5,4781,-0.000998457232792241,-2.206159373940484e-10,27.956140407532196
k5_kitkat,0.5,4788,-0.0009964648614800248,-6.493597001393719e-10,27.928242872473245
k5_kitkat,0.5,4795,-0.0009850609358991094,1.1383944581835568e-10,27.76802376639891
k5_kitkat,0.5,4800,-0.0009828918207588392,3.040333019823599e-10,27.737444092285553
k5_kitkat,0.5,4853,-0.0006841227866982424,6.064096515890642e-10,23.14256116729314
k5_kitkat,0.5,4862,-0.0006779280213992292,3.4335271014456174e-10,23.03759351388699
k5_kitkat,0.5,5031,-3.7975728733858963e-07,-8.07550722650852e-10,0.7397034669846151
k5_kitkat,0.5,5056,2.7387140869072e-07,1.0000000005726046,0.1889306733036772
k5_kitkat,0.5,5103,3.1948759037963085e-07,1.0000000004717824,0.0
k5_kitkat,0.5,5104,3.1948759037963085e-07,0.999999999742913,0.0
k5_kitkat,0.5,5140,-2.9785374061958925e-07,-4.350201429029386e-10,0.6950334146797383
k5_kitkat,0.5,5143,-2.9785374061958925e-07,-4.496296936857978e-10,0.6950334146797383
k5_kitkat,0.5,5153,-2.9785374061958925e-07,-2.552774180039023e-10,0.6950334146797383
k5_kitkat,0.5,5154,-2.9785374061958925e-07,-1.0411942871337121e-10,0.6950334146797383
k5_kitkat,0.5,5298,-1.4782697776553588e-06,-5.580028920269115e-10,1.1860651522493135
k5_kitkat,0.5,5299,-1.4782697776553588e-06,-3.085703755567158e-10,1.1860651522493135
k5_kitkat,0.5,5690,-0.00019554272728062623,-6.039215140132326e-11,12.37993424818
k5_kitkat,0.5,5691,-0.00019554272728062623,4.6673224831076975e-11,12.37993424818
k5_kitkat,0.5,6106,-6.878999710753849e-05,3.265993492185872e-10,7.353800347527714
k5_kitkat,0.5,6107,-6.878999710753849e-05,3.7530331573086724e-10,7.353800347527714
k5_kitkat,0.5,6188,-5.80840877422729e-05,-3.516863575311371e-11,6.760249498801603
k5_kitkat,0.5,6191,-5.737065174370758e-05,-1.4020993553552977e-09,6.718832299756432
k5_kitkat,0.5,6192,-5.722659542613256e-05,-1.1785474531718903e-10,6.710438359052836
k5_kitkat,0.5,6197,-5.7110133492958855e-05,2.8842731980366572e-11,6.7036446175047715
k5_kitkat,0.5,6198,-5.7110133492958855e-05,1.276693053465168e-10,6.7036446175047715
k5_kitkat,0.5,6199,-5.699291993743482e-05,1.2395359956162977e-10,6.696800071541991
k5_kitkat,0.5,6207,-5.699291993743482e-05,-2.280768415453941e-09,6.696800071541991
k5_kitkat,0.5,6208,-5.699291993743482e-05,-3.4111629969944653e-10,6.696800071541991
k5_kitkat,0.5,6423,-5.676087398898453e-05,5.316599610808348e-10,6.683229350090018
k5_kitkat,0.5,6424,-5.676087398898453e-05,5.587810591392652e-10,6.683229350090018
k5_kitkat,0.5,6620,-2.820650967505348e-07,-5.059279879360396e-11,0.6860880309594772
k5_kitkat,0.5,6621,-2.820650967505348e-07,-5.127716187907225e-11,0.6860880309594772
k5_kitkat,0.5,6668,3.279026051572925e-08,1.000000000550644,0.47364704428899806
k5_kitkat,0.5,6679,7.367732041357752e-08,0.9999999997376003,0.4385741388501655
k5_kitkat,0.5,6713,7.367732041357752e-08,1.0000000000709905,0.4385741388501655
k5_kitkat,0.5,6743,7.095568164854014e-08,1.000000000314793,0.4409954260355939
k5_kitkat,0.5,6808,7.367732041357752e-08,0.9999999996250288,0.4385741388501655
k5_kitkat,0.5,6817,7.095568164854014e-08,0.99999999992032,0.4409954260355939
k5_kitkat,0.5,0,-0.36001002671031695,-8.512165413302919e-10,530.7628267484527
k5_kitkat,1.0,4,1.0294184527874326e-06,1.000000000228483,0.4409954260355939
k5_kitkat,1.0,17,1.0294184527874326e-06,1.0000000000263216,0.4409954260355939
k5_kitkat,1.0,22,1.0294184527874326e-06,1.0000000001509959,0.4409954260355939
k5_kitkat,1.0,85,1.0294184527874326e-06,1.000000000418209,0.4409954260355939
k5_kitkat,1.0,1187,-0.004044745867811227,6.987259896771124e-10,56.267448866508296
k5_kitkat,1.0,1188,-0.004049092305484831,2.577400864537542e-10,56.297663383946315
k5_kitkat,1.0,1189,-0.004052256188778309,-7.025896305225546e-11,56.319647110767455
k5_kitkat,1.0,1190,-0.004052256188778309,6.928672193205139e-10,56.319647110767455
k5_kitkat,1.0,1191,-0.004052256188778309,-5.316642379294112e-11,56.319647110767455
k5_kitkat,1.0,1192,-0.004052256188778309,2.62755062876925e-10,56.319647110767455
k5_kitkat,1.0,1193,-0.004052256188778309,4.4423573406140667e-10,56.319647110767455
k5_kitkat,1.0,1194,-0.004052256188778309,7.364529222033081e-10,56.319647110767455
k5_kitkat,1.0,1195,-0.004052256188778309,-5.805533210749772e-10,56.319647110767455
k5_kitkat,1.0,1196,-0.004052256188778309,4.3273769571301714e-10,56.319647110767455
k5_kitkat,1.0,1197,-0.004052256188778309,-1.2974233182169164e-10,56.319647110767455
k5_kitkat,1.0,1198,-0.004052256188778309,7.828237338003976e-11,56.319647110767455
k5_kitkat,1.0,1199,-0.004052256188778309,8.162401861450231e-10,56.319647110767455
k5_kitkat,1.0,1200,-0.004052256188778309,2.464662695054345e-10,56.319647110767455
k5_kitkat,1.0,1201,-0.004052256188778309,9.72034342046544e-11,56.319647110767455
k5_kitkat,1.0,1202,-0.004052256188778309,1.682970402692697e-10,56.319647110767455
k5_kitkat,1.0,1206,-0.014703627820946787,-2.9307058473033987e-10,107.268974898703
k5_kitkat,1.0,1207,-0.014731257467872119,3.10804240850823e-10,107.3697036300519
k5_kitkat,1.0,1211,-0.032964589784923046,-1.094775315363221e-09,160.61099157142
k5_kitkat,1.0,1212,-0.03297368834607195,4.986263602705728e-11,160.63315431444488
k5_kitkat,1.0,1213,-0.03301402016331513,1.1509253044113512e-10,160.73135983141933
k5_kitkat,1.0,1214,-0.03301771866048839,-3.890074427706203e-11,160.74036244333493
k5_kitkat,1.0,1215,-0.03309511195301541,-2.9646101815866817e-10,160.92863201586354
k5_kitkat,1.0,1216,-0.033098913469964374,1.5003326639096326e-10,160.9378740413173
k5_kitkat,1.0,1217,-0.03319617747372782,-3.059467371545289e-10,161.1741563536305
k5_kitkat,1.0,1218,-0.03317835358941775,7.520602581813974e-10,161.13088292827368
k5_kitkat,1.0,1225,-0.03317835358941775,2.6811782242863114e-11,161.13088292827368
k5_kitkat,1.0,1226,-0.03317835358941775,5.059024273719127e-10,161.13088292827368
k5_kitkat,1.0,1228,-0.03317835358941775,1.484825693216798e-10,161.13088292827368
k5_kitkat,1.0,1229,-0.03317835358941775,3.3665472184744556e-10,161.13088292827368
k5_kitkat,1.0,1273,-0.03317835358941775,4.781221832924821e-10,161.13088292827368
k5_kitkat,1.0,1274,-0.03317835358941775,2.4898136111100185e-10,161.13088292827368
k5_kitkat,1.0,1277,-0.03317835358941775,-1.240103649638389e-10,161.13088292827368
k5_kitkat,1.0,1278,-0.03317835358941775,2.3689215148166355e-10,161.13088292827368
k5_kitkat,1.0,1279,-0.03317835358941775,1.8809278602126605e-10,161.13088292827368
k5_kitkat,1.0,1282,-0.03318092465983312,-5.216115382294619e-11,161.13712577669645
k5_kitkat,1.0,1283,-0.03317687512721958,2.4511425787072197e-10,161.12729294607422
k5_kitkat,1.0,1284,-0.03317546720618259,-1.2380893042225267e-09,161.12387417662757
k5_kitkat,1.0,1285,-0.0331741730091623,-1.1898222533512183e-09,161.12073149233893
k5_kitkat,1.0,1286,-0.03317266897388051,7.461622922776495e-10,161.11707918311006
k5_kitkat,1.0,1289,-0.0332155679834209,3.880880314223722e-10,161.22122009349835
k5_kitkat,1.0,1290,-0.03321832260870905,-5.10052653328099e-10,161.22790487693467
k5_kitkat,1.0,1295,-0.03331328352371225,4.506389099783304e-10,161.45818193108852
k5_kitkat,1.0,1296,-0.03331328352371225,-1.796428868260032e-10,161.45818193108852
k5_kitkat,1.0,1313,-0.03336501434346506,7.328866380174318e-10,161.58348936223618
k5_kitkat,1.0,1321,-0.03336501434346506,2.1859095071431297e-10,161.58348936223618
k5_kitkat,1.0,1333,-0.03336501434346506,3.10105541777404e-10,161.58348936223618
k5_kitkat,1.0,1334,-0.03336501434346506,-5.058505290722864e-10,161.58348936223618
k5_kitkat,1.0,1345,-0.03339045351431859,-4.4277581752820016e-11,161.64507497029015
k5_kitkat,1.0,1346,-0.03339045351431859,2.990666785193722e-10,161.64507497029015
k5_kitkat,1.0,1347,-0.03339045351431859,2.8079743915623273e-10,161.64507497029015
k5_kitkat,1.0,1348,-0.03339045351431859,-2.392255719798467e-10,161.64507497029015
k5_kitkat,1.0,1356,-0.03339045351431859,-5.024018065181948e-10,161.64507497029015
k5_kitkat,1.0,1357,-0.03339045351431859,6.636147519663031e-11,161.64507497029015
k5_kitkat,1.0,1388,-0.033392293188135136,-4.845670094574624e-11,161.64952772106415
k5_kitkat,1.0,1395,-0.03336178469624536,-6.211769342066275e-10,161.57566904028792
k5_kitkat,1.0,1424,-0.03317888700942689,-1.833468354832487e-10,161.13217815199386
k5_kitkat,1.0,1425,-0.03317888700942689,-2.996294328152746e-10,161.13217815199386
k5_kitkat,1.0,1433,-0.03317888700942689,-1.0927824644042252e-09,161.13217815199386
k5_kitkat,1.0,1434,-0.03317888700942689,1.449601547072245e-10,161.13217815199386
k5_kitkat,1.0,1435,-0.03317888700942689,-3.9462880777434554e-10,161.13217815199386
k5_kitkat,1.0,1436,-0.03317888700942689,2.8708582399281496e-11,161.13217815199386
k5_kitkat,1.0,1437,-0.03317888700942689,-1.603827283303071e-09,161.13217815199386
k5_kitkat,1.0,1438,-0.03317888700942689,-4.3298059519905466e-10,161.13217815199386
k5_kitkat,1.0,1469,-0.03318165028605866,-7.471471190867908e-10,161.13888763510175
k5_kitkat,1.0,1470,-0.03318165028605866,-7.458620720292154e-10,161.13888763510175
k5_kitkat,1.0,1473,-0.03318283094776877,-6.634047140710282e-10,161.14175430227797
k5_kitkat,1.0,1482,-0.03323120270177218,1.9051440839468474e-10,161.25915794940556
k5_kitkat,1.0,1506,-0.033396607432415744,-6.397140669249585e-10,161.65996944687106
k5_kitkat,1.0,1507,-0.033396607432415744,-4.952273463191513e-10,161.65996944687106
k5_kitkat,1.0,1558,-0.03322880803503213,3.3825129283475277e-10,161.25334783696044
k5_kitkat,1.0,1559,-0.03322880803503213,-2.3548056908814185e-09,161.25334783696044
k5_kitkat,1.0,1577,-0.03317898308785515,-8.110448335396127e-10,161.13241144370946
k5_kitkat,1.0,1578,-0.03317898308785515,-6.946587133644552e-10,161.13241144370946
k5_kitkat,1.0,1580,-0.03317898308785515,-1.4801864461363605e-09,161.13241144370946
k5_kitkat,1.0,1581,-0.03317898308785515,-2.716168016895233e-10,161.13241144370946
k5_kitkat,1.0,1748,-0.03477937275728093,-4.873124293623301e-10,164.9726151381024
k5_kitkat,1.0,1755,-0.034772539877264086,-4.404294111664575e-11,164.95640938244406
k5_kitkat,1.0,1783,-0.034772539877264086,5.968434528521104e-10,164.95640938244406
k5_kitkat,1.0,1784,-0.034772539877264086,5.576959485614314e-10,164.95640938244406
k5_kitkat,1.0,1828,-0.03477506799393456,6.362756061310971e-11,164.9624055815258
k5_kitkat,1.0,1829,-0.03478010432977743,6.997314391332318e-11,164.97435013717262
k5_kitkat,1.0,1830,-0.03478453102892238,2.3367488943918328e-11,164.9848481181592
k5_kitkat,1.0,1831,-0.03479072847073609,4.096498994644739e-10,164.99954431883646
k5_kitkat,1.0,1852,-0.034297851247155293,-1.6032345587897439e-09,163.8266514220262
k5_kitkat,1.0,1859,-0.034251965404166126,1.2246193486998093e-10,163.71702998179788
k5_kitkat,1.0,1960,-0.03335000000763468,-5.167919130531794e-10,161.54713018666894
k5_kitkat,1.0,1973,-0.0333445263851838,2.694246720026753e-10,161.53387305925804
k5_kitkat,1.0,2038,-0.033381364341861786,-2.5826112223096114e-10,161.62307371590546
k5_kitkat,1.0,2039,-0.033381364341861786,-4.3419561338004377e-10,161.62307371590546
k5_kitkat,1.0,2111,-0.033294117536865855,-4.1338115975931187e-10,161.4117315134291
k5_kitkat,1.0,2116,-0.033294117536865855,3.308398452406418e-11,161.4117315134291
k5_kitkat,1.0,2234,-0.034084201865306765,-7.542016479142868e-11,163.31561600939582
k5_kitkat,1.0,2235,-0.034084201865306765,-7.641362169037125e-10,163.31561600939582
k5_kitkat,1.0,2236,-0.034084201865306765,-5.819426428895401e-10,163.31561600939582
k5_kitkat,1.0,2269,-0.0340903376275651,-3.6791103650841424e-10,163.33031465390164
k5_kitkat,1.0,2270,-0.034095836219936275,7.192524791856921e-11,163.3434857899276
k5_kitkat,1.0,2278,-0.03410560919276392,-4.307741681552289e-10,163.366893006582
k5_kitkat,1.0,2281,-0.03415464445080062,7.164956398141766e-11,163.48428660718577
k5_kitkat,1.0,2284,-0.03415819036105752,1.74243983729826e-10,163.49277247908282
k5_kitkat,1.0,2336,-0.034789055857687996,-2.3058197018256701e-10,164.99557812464212
k5_kitkat,1.0,2337,-0.034789055857687996,-6.708984311259742e-10,164.99557812464212
k5_kitkat,1.0,2339,-0.03477621502828117,-9.843659283333932e-10,164.96512605114015
k5_kitkat,1.0,2340,-0.03477621502828117,-1.93055984963544e-10,164.96512605114015
k5_kitkat,1.0,2392,-0.03490019454496228,3.813450547344479e-10,165.2589094651525
k5_kitkat,1.0,2393,-0.03490019454496228,-3.686010865916957e-10,165.2589094651525
k5_kitkat,1.0,2402,-0.034851241639154464,2.630247354461228e-13,165.14297248639346
k5_kitkat,1.0,2403,-0.034851241639154464,2.5435512375336167e-10,165.14297248639346
k5_kitkat,1.0,2411,-0.034851241639154464,2.6077645681492487e-10,165.14297248639346
k5_kitkat,1.0,2412,-0.034851241639154464,3.4180818538133234e-10,165.14297248639346
k5_kitkat,1.0,2470,-0.03478180850467917,-4.3319132125856313e-10,164.97839169165937
k5_kitkat,1.0,2479,-0.034770575968225206,1.1527604459169924e-09,164.95175122326265
k5_kitkat,1.0,2486,-0.034770575968225206,5.256158543630956e-10,164.95175122326265
k5_kitkat,1.0,2487,-0.034770575968225206,2.1133335615882512e-10,164.95175122326265
k5_kitkat,1.0,2535,-0.034770575968225206,5.248098769958075e-10,164.95175122326265
k5_kitkat,1.0,2542,-0.034770575968225206,1.9853360828809008e-10,164.95175122326265
k5_kitkat,1.0,2545,-0.034770575968225206,1.8202144915656648e-11,164.95175122326265
k5_kitkat,1.0,2546,-0.034770575968225206,3.648880516244446e-10,164.95175122326265
k5_kitkat,1.0,2547,-0.03477141199341764,-1.044926984737984e-09,164.95373419188695
k5_kitkat,1.0,2552,-0.03477329801578117,-1.645314116394327e-10,164.95820756184702
k5_kitkat,1.0,2554,-0.03476937054882795,1.012016942987622e-10,164.94889204635092
k5_kitkat,1.0,2562,-0.03470503009768878,6.04625729628226e-11,164.79620866653784
k5_kitkat,1.0,2565,-0.03470503009768878,-2.3619914707560723e-10,164.79620866653784
k5_kitkat,1.0,2568,-0.03466309256201803,3.8019075827839337e-10,164.69661242150374
k5_kitkat,1.0,2569,-0.03466309256201803,7.076998130090397e-11,164.69661242150374
k5_kitkat,1.0,2570,-0.03466163857322142,7.122522998548691e-10,164.69315830511695
k5_kitkat,1.0,2623,-0.035516662978977445,-1.2646768952260344e-10,166.71201384608878
k5_kitkat,1.0,2628,-0.035514110350451863,-4.47350778145366e-11,166.70602304992715
k5_kitkat,1.0,2629,-0.03551158614164177,2.992936457537898e-10,166.70009874064263
k5_kitkat,1.0,2630,-0.03551158614164177,-1.010130297554125e-09,166.70009874064263
k5_kitkat,1.0,2633,-0.03551158614164177,-1.0193753409859108e-09,166.70009874064263
k5_kitkat,1.0,2634,-0.035516662978977445,-1.7913472413614167e-10,166.71201384608878
k5_kitkat,1.0,2635,-0.03551396255826432,-1.4476463856851227e-10,166.70567618798034
k5_kitkat,1.0,2646,-0.03549577793763349,-3.1445314749456376e-10,166.66299215175732
k5_kitkat,1.0,2654,-0.03549577793763349,5.084059482480619e-10,166.66299215175732
k5_kitkat,1.0,2655,-0.03549577793763349,-3.0360992032005076e-10,166.66299215175732
k5_kitkat,1.0,2657,-0.03549577793763349,5.843792265449871e-10,166.66299215175732
k5_kitkat,1.0,2658,-0.03549577793763349,-1.2699045891951768e-10,166.66299215175732
k5_kitkat,1.0,2660,-0.03549577793763349,7.329531824246704e-10,166.66299215175732
k5_kitkat,1.0,2661,-0.03549577793763349,5.011890742801851e-11,166.66299215175732
k5_kitkat,1.0,2948,-0.028988009944613896,-6.849215483346528e-10,150.61276484106088
k5_kitkat,1.0,2949,-0.0289472522092392,1.1355867270203612e-10,150.50684995242355
k5_kitkat,1.0,2960,-0.02861927996953024,-4.704353695811159e-10,149.65183800739752
k5_kitkat,1.0,2961,-0.02861927996953024,-6.575450813573003e-10,149.65183800739752
k5_kitkat,1.0,2964,-0.02861927996953024,9.692860295773076e-11,149.65183800739752
k5_kitkat,1.0,2965,-0.02861927996953024,-2.057851608791817e-10,149.65183800739752
k5_kitkat,1.0,2975,-0.02861927996953024,-3.423879856987931e-10,149.65183800739752
k5_kitkat,1.0,2976,-0.02861927996953024,-1.1203160176024933e-09,149.65183800739752
k5_kitkat,1.0,3032,-0.02861927996953024,-6.977339491632438e-10,149.65183800739752
k5_kitkat,1.0,3035,-0.02861927996953024,-3.4216650598527324e-10,149.65183800739752
k5_kitkat,1.0,3036,-0.02861927996953024,-3.452630243411511e-10,149.65183800739752
k5_kitkat,1.0,3039,-0.02860803041750646,-4.0768144764641223e-10,149.62242415731797
k5_kitkat,1.0,3243,-0.010508477976544158,-1.3504411022207312e-10,90.68580710346319
k5_kitkat,1.0,3246,-0.010508477976544158,1.0074165746910496e-10,90.68580710346319
k5_kitkat,1.0,3576,-6.43257055689161e-05,-1.1044496510823304e-10,7.164848777231444
k5_kitkat,1.0,3579,-6.342634173431054e-05,-1.7644311866519132e-10,7.115567658037627
k5_kitkat,1.0,3684,7.326595617870962e-07,1.0000000001516518,0.6532164191039603
k5_kitkat,1.0,3685,7.326595617870962e-07,0.9999999999899318,0.6532164191039603
k5_kitkat,1.0,3686,7.326595617870962e-07,1.0000000002975264,0.6532164191039603
k5_kitkat,1.0,3687,7.326595617870962e-07,1.000000000678062,0.6532164191039603
k5_kitkat,1.0,3688,7.326595617870962e-07,1.000000000428865,0.6532164191039603
k5_kitkat,1.0,3689,7.326595617870962e-07,1.0000000004230138,0.6532164191039603
k5_kitkat,1.0,3710,6.188266818241009e-07,1.0000000003356455,0.7181686856111871
k5_kitkat,1.0,3711,6.188266818241009e-07,1.0000000007071161,0.7181686856111871
k5_kitkat,1.0,3719,6.188266818241009e-07,1.0000000002012286,0.7181686856111871
k5_kitkat,1.0,3720,6.188266818241009e-07,1.0000000000287503,0.7181686856111871
k5_kitkat,1.0,3744,7.256449643214387e-07,1.0000000002854859,0.6574044674270266
k5_kitkat,1.0,3745,7.256449643214387e-07,0.9999999998861804,0.6574044674270266
k5_kitkat,1.0,3753,7.256449643214387e-07,1.0000000000920772,0.6574044674270266
k5_kitkat,1.0,3754,7.256449643214387e-07,0.9999999990987406,0.6574044674270266
k5_kitkat,1.0,3792,7.157362000658792e-07,0.9999999997163798,0.6632754115850601
k5_kitkat,1.0,3793,7.157362000658792e-07,0.999999999707733,0.6632754115850601
k5_kitkat,1.0,3953,6.623704258931579e-07,1.0000000018415662,0.694041173379335
k5_kitkat,1.0,3954,6.623704258931579e-07,1.0000000004396672,0.694041173379335
k5_kitkat,1.0,3957,6.642845214352732e-07,0.9999999999138308,0.6929613011051913
k5_kitkat,1.0,3958,6.642845214352732e-07,1.000000000053855,0.6929613011051913
k5_kitkat,1.0,3968,6.642845214352732e-07,1.0000000003812972,0.6929613011051913
k5_kitkat,1.0,3969,6.642845214352732e-07,1.0000000002784022,0.6929613011051913
k5_kitkat,1.0,4142,-0.00019489567642915658,-2.1225902689829508e-13,12.38977210253078
k5_kitkat,1.0,4144,-0.00019489567642915658,2.0782107247513467e-11,12.38977210253078
k5_kitkat,1.0,4146,-8.241953104392021e-06,-5.72233940001842e-10,2.7293503042522875
k5_kitkat,1.0,4147,-8.241953104392021e-06,2.720571687833289e-11,2.7293503042522875
k5_kitkat,1.0,4151,6.604756747441437e-07,0.9999999996181872,0.6951084798909942
k5_kitkat,1.0,4152,6.604756747441437e-07,0.999999999750938,0.6951084798909942
k5_kitkat,1.0,4153,6.604756747441437e-07,1.0000000003075324,0.6951084798909942
k5_kitkat,1.0,4154,6.604756747441437e-07,1.000000000272558,0.6951084798909942
k5_kitkat,1.0,4155,6.604756747441437e-07,0.999999999698258,0.6951084798909942
k5_kitkat,1.0,4156,6.604756747441437e-07,0.9999999996842922,0.6951084798909942
k5_kitkat,1.0,4157,6.604756747441437e-07,0.9999999993546489,0.6951084798909942
k5_kitkat,1.0,4158,6.604756747441437e-07,0.9999999999078372,0.6951084798909942
k5_kitkat,1.0,4162,4.580352463454981e-07,1.0000000002682976,0.8009906632840168
k5_kitkat,1.0,4163,4.580352463454981e-07,1.0000000002856106,0.8009906632840168
k5_kitkat,1.0,4165,-3.6514839768458285e-08,-1.8179153561273348e-10,1.0141858665448706
k5_kitkat,1.0,4166,-3.6514839768458285e-08,5.851514162786064e-11,1.0141858665448706
k5_kitkat,1.0,4275,-0.00038579993261018763,-9.228068893082107e-11,17.403723945210128
k5_kitkat,1.0,4276,-0.00038579993261018763,-6.119792754953087e-10,17.403723945210128
k5_kitkat,1.0,4575,-0.0010695727181200619,-2.232216501588576e-10,28.947260104556022
k5_kitkat,1.0,4578,-0.00106870607730447,1.8749720700631808e-11,28.93554420634068
k5_kitkat,1.0,4585,-0.001048725332612202,3.011523584121711e-10,28.664101690511885
k5_kitkat,1.0,4622,-0.0009541549738215758,-3.8344644496669434e-10,27.342807749899467
k5_kitkat,1.0,4710,-0.0010065138306984281,-7.935844803834912e-10,28.08202447419198
k5_kitkat,1.0,4711,-0.0010065138306984281,7.801086438356341e-10,28.08202447419198
k5_kitkat,1.0,4713,-0.0010065138306984281,-4.896597062020625e-10,28.08202447419198
k5_kitkat,1.0,4714,-0.0010065138306984281,-5.519192588243816e-10,28.08202447419198
k5_kitkat,1.0,4781,-0.000997498770021102,1.3786632440364046e-09,27.956140407532196
k5_kitkat,1.0,4788,-0.000995506398708886,1.9465293335248437e-09,27.928242872473245
k5_kitkat,1.0,4795,-0.0009841024731279705,1.0502792325940893e-10,27.76802376639891
k5_kitkat,1.0,4800,-0.0009819333579877004,-5.38928046793938e-10,27.737444092285553
k5_kitkat,1.0,4853,-0.0006831643239271036,4.13155280093178e-10,23.14256116729314
k5_kitkat,1.0,4862,-0.0006769695586280904,-4.9287195465677515e-11,23.03759351388699
k5_kitkat,1.0,5031,5.787054838003029e-07,1.0000000008070205,0.7397034669846151
k5_kitkat,1.0,5056,1.2323341798296125e-06,1.000000000046709,0.1889306733036772
k5_kitkat,1.0,5103,1.2779503615185234e-06,1.0000000000824432,0.0
k5_kitkat,1.0,5104,1.2779503615185234e-06,0.9999999996967034,0.0
k5_kitkat,1.0,5140,6.606090305193033e-07,0.9999999997574359,0.6950334146797383
k5_kitkat,1.0,5143,6.606090305193033e-07,0.9999999995530438,0.6950334146797383
k5_kitkat,1.0,5153,6.606090305193033e-07,0.9999999995741621,0.6950334146797383
k5_kitkat,1.0,5154,6.606090305193033e-07,0.9999999989300212,0.6950334146797383
k5_kitkat,1.0,5298,-5.198070065164661e-07,2.819637868289124e-10,1.1860651522493135
k5_kitkat,1.0,5299,-5.198070065164661e-07,-7.51072653566268e-11,1.1860651522493135
k5_kitkat,1.0,5690,-0.00019458426450948732,-2.8583914913620233e-10,12.37993424818
k5_kitkat,1.0,5691,-0.00019458426450948732,-6.110403385201082e-10,12.37993424818
k5_kitkat,1.0,6106,-6.78315343363996e-05,3.124782516563166e-10,7.353800347527714
k5_kitkat,1.0,6107,-6.78315343363996e-05,4.98376617140747e-10,7.353800347527714
k5_kitkat,1.0,6188,-5.7125624971134014e-05,4.985442614000635e-10,6.760249498801603
k5_kitkat,1.0,6191,-5.6412188972568694e-05,-5.202280982530632e-10,6.718832299756432
k5_kitkat,1.0,6192,-5.626813265499367e-05,4.75921168957053e-10,6.710438359052836
k5_kitkat,1.0,6197,-5.615167072181997e-05,5.585553031202228e-10,6.7036446175047715
k5_kitkat,1.0,6198,-5.615167072181997e-05,3.777009668054168e-10,6.7036446175047715
k5_kitkat,1.0,6199,-5.6034457166295935e-05,8.258099908389841e-10,6.696800071541991
k5_kitkat,1.0,6207,-5.6034457166295935e-05,3.191040674388688e-10,6.696800071541991
k5_kitkat,1.0,6208,-5.6034457166295935e-05,2.596394435756788e-10,6.696800071541991
k5_kitkat,1.0,6423,-5.580241121784564e-05,8.86454115622143e-10,6.683229350090018
k5_kitkat,1.0,6424,-5.580241121784564e-05,3.898230621083928e-10,6.683229350090018
k5_kitkat,1.0,6620,6.763976743883578e-07,0.9999999991340935,0.6860880309594772
k5_kitkat,1.0,6621,6.763976743883578e-07,1.000000000002168,0.6860880309594772
k5_kitkat,1.0,6668,9.91253031654622e-07,0.9999999998811528,0.47364704428899806
k5_kitkat,1.0,6679,1.0321400915524701e-06,0.9999999997757503,0.4385741388501655
k5_kitkat,1.0,6713,1.0321400915524701e-06,1.000000000592493,0.4385741388501655
k5_kitkat,1.0,6743,1.0294184527874326e-06,1.0000000000695366,0.4409954260355939
k5_kitkat,1.0,6808,1.0321400915524701e-06,0.9999999999256365,0.4385741388501655
k5_kitkat,1.0,6817,1.0294184527874326e-06,1.0000000003290563,0.4409954260355939
k5_kitkat,1.0,0,-0.3600090682475458,-9.202328541933151e-10,530.7628267484527
k5_kitkat,2.0,4,4.863269537343003e-06,0.9999999998768507,0.4409954260355939
k5_kitkat,2.0,17,4.863269537343003e-06,1.0000000003456258,0.4409954260355939
k5_kitkat,2.0,22,4.863269537343003e-06,1.0000000008550152,0.4409954260355939
k5_kitkat,2.0,85,4.863269537343003e-06,1.0000000003411573,0.4409954260355939
k5_kitkat,2.0,1187,-0.004040912016726672,5.804578914612398e-10,56.267448866508296
k5_kitkat,2.0,1188,-0.004045258454400276,7.361683427781584e-10,56.297663383946315
k5_kitkat,2.0,1189,-0.0040484223376937535,2.279653260839095e-10,56.319647110767455
k5_kitkat,2.0,1190,-0.0040484223376937535,1.1899015666470196e-09,56.319647110767455
k5_kitkat,2.0,1191,-0.0040484223376937535,4.786642238092483e-10,56.319647110767455
k5_kitkat,2.0,1192,-0.0040484223376937535,2.3265472411983834e-10,56.319647110767455
k5_kitkat,2.0,1193,-0.0040484223376937535,1.4384005440131948e-10,56.319647110767455
k5_kitkat,2.0,1194,-0.0040484223376937535,-1.9079178879662662e-10,56.319647110767455
k5_kitkat,2.0,1195,-0.0040484223376937535,4.666586441935108e-10,56.319647110767455
k5_kitkat,2.0,1196,-0.0040484223376937535,-2.7957245703229102e-11,56.319647110767455
k5_kitkat,2.0,1197,-0.0040484223376937535,-6.871989298752835e-11,56.319647110767455
k5_kitkat,2.0,1198,-0.0040484223376937535,-2.418002215638942e-10,56.319647110767455
k5_kitkat,2.0,1199,-0.0040484223376937535,1.8837229902958906e-10,56.319647110767455
k5_kitkat,2.0,1200,-0.0040484223376937535,-4.973059376748159e-10,56.319647110767455
k5_kitkat,2.0,1201,-0.0040484223376937535,1.4175493810584629e-10,56.319647110767455
k5_kitkat,2.0,1202,-0.0040484223376937535,1.9347231982915567e-10,56.319647110767455
k5_kitkat,2.0,1206,-0.01469979396986223,8.728667862117729e-11,107.268974898703
k5_kitkat,2.0,1207,-0.014727423616787562,-2.516590109425759e-10,107.3697036300519
k5_kitkat,2.0,1211,-0.032960755933838494,4.0198936406524107e-10,160.61099157142
k5_kitkat,2.0,1212,-0.0329698544949874,2.9518531683166507e-10,160.63315431444488
k5_kitkat,2.0,1213,-0.03301018631223058,2.80573387062616e-10,160.73135983141933
k5_kitkat,2.0,1214,-0.033013884809403836,-7.385644180277651e-10,160.74036244333493
k5_kitkat,2.0,1215,-0.03309127810193086,3.108768863215894e-10,160.92863201586354
k5_kitkat,2.0,1216,-0.03309507961887982,-1.832424851797147e-10,160.9378740413173
k5_kitkat,2.0,1217,-0.03319234362264327,2.5169817951656114e-12,161.1741563536305
k5_kitkat,2.0,1218,-0.0331745197383332,6.174907120439555e-10,161.13088292827368
k5_kitkat,2.0,1225,-0.0331745197383332,9.919292158482553e-10,161.13088292827368
k5_kitkat,2.0,1226,-0.0331745197383332,2.0210929128633578e-10,161.13088292827368
k5_kitkat,2.0,1228,-0.0331745197383332,2.0850022652768916e-10,161.13088292827368
k5_kitkat,2.0,1229,-0.0331745197383332,3.3572252659298896e-10,161.13088292827368
k5_kitkat,2.0,1273,-0.0331745197383332,2.4673590157165346e-10,161.13088292827368
k5_kitkat,2.0,1274,-0.0331745197383332,4.6043600314463084e-10,161.13088292827368
k5_kitkat,2.0,1277,-0.0331745197383332,1.1515614261371613e-09,161.13088292827368
k5_kitkat,2.0,1278,-0.0331745197383332,3.484874593068217e-10,161.13088292827368
k5_kitkat,2.0,1279,-0.0331745197383332,1.5126886947612494e-09,161.13088292827368
k5_kitkat,2.0,1282,-0.03317709080874857,9.13800114794575e-10,161.13712577669645
k5_kitkat,2.0,1283,-0.033173041276135025,-8.975137831561068e-10,161.12729294607422
k5_kitkat,2.0,1284,-0.03317163335509804,-5.076402133160412e-10,161.12387417662757
k5_kitkat,2.0,1285,-0.033170339158077745,-1.25277164187451e-09,161.12073149233893
k5_kitkat,2.0,1286,-0.03316883512279596,-2.9577418487537285e-12,161.11707918311006
k5_kitkat,2.0,1289,-0.03321173413233635,-3.458234414895624e-10,161.22122009349835
k5_kitkat,2.0,1290,-0.0332144887576245,-9.87746511078753e-10,161.22790487693467
k5_kitkat,2.0,1295,-0.0333094496726277,-4.309501464131969e-10,161.45818193108852
k5_kitkat,2.0,1296,-0.0333094496726277,-4.394210069483899e-10,161.45818193108852
k5_kitkat,2.0,1313,-0.03336118049238051,-3.7271046786236116e-11,161.58348936223618
k5_kitkat,2.0,1321,-0.03336118049238051,-5.763461704235447e-11,161.58348936223618
k5_kitkat,2.0,1333,-0.03336118049238051,-3.6520044786763124e-10,161.58348936223618
k5_kitkat,2.0,1334,-0.03336118049238051,3.389776749985302e-10,161.58348936223618
k5_kitkat,2.0,1345,-0.033386619663234036,-4.843073745095408e-10,161.64507497029015
k5_kitkat,2.0,1346,-0.033386619663234036,2.951651569963687e-10,161.64507497029015
k5_kitkat,2.0,1347,-0.033386619663234036,-6.220146856768631e-10,161.64507497029015
k5_kitkat,2.0,1348,-0.033386619663234036,-6.537813299605636e-10,161.64507497029015
k5_kitkat,2.0,1356,-0.033386619663234036,-2.789757589466245e-11,161.64507497029015
k5_kitkat,2.0,1357,-0.033386619663234036,-2.7620326139092646e-10,161.64507497029015
k5_kitkat,2.0,1388,-0.033388459337050584,5.175830047401014e-10,161.64952772106415
k5_kitkat,2.0,1395,-0.03335795084516081,-2.1514357002084816e-10,161.57566904028792
k5_kitkat,2.0,1424,-0.033175053158342335,1.9669801700848154e-10,161.13217815199386
k5_kitkat,2.0,1425,-0.033175053158342335,7.189511417382611e-10,161.13217815199386
k5_kitkat,2.0,1433,-0.033175053158342335,1.282838361922048e-10,161.13217815199386
k5_kitkat,2.0,1434,-0.033175053158342335,2.1400809230930998e-10,161.13217815199386
k5_kitkat,2.0,1435,-0.033175053158342335,2.203567537403154e-10,161.13217815199386
k5_kitkat,2.0,1436,-0.033175053158342335,-7.378907132433916e-10,161.13217815199386
k5_kitkat,2.0,1437,-0.033175053158342335,5.846309281650728e-10,161.13217815199386
k5_kitkat,2.0,1438,-0.033175053158342335,4.3947543977377186e-10,161.13217815199386
k5_kitkat,2.0,1469,-0.03317781643497411,5.664546364611251e-10,161.13888763510175
k5_kitkat,2.0,1470,-0.03317781643497411,4.0037115184900674e-10,161.13888763510175
k5_kitkat,2.0,1473,-0.03317899709668422,-1.4634671120397962e-10,161.14175430227797
k5_kitkat,2.0,1482,-0.03322736885068763,4.5906798371515655e-10,161.25915794940556
k5_kitkat,2.0,1506,-0.03339277358133119,-2.128077030119554e-10,161.65996944687106
k5_kitkat,2.0,1507,-0.03339277358133119,5.369844133507971e-10,161.65996944687106
k5_kitkat,2.0,1558,-0.03322497418394758,-1.5170090358392676e-10,161.25334783696044
k5_kitkat,2.0,1559,-0.03322497418394758,2.7333837613256518e-09,161.25334783696044
k5_kitkat,2.0,1577,-0.0331751492367706,7.246325468437668e-10,161.13241144370946
k5_kitkat,2.0,1578,-0.0331751492367706,5.52590496503365e-10,161.13241144370946
k5_kitkat,2.0,1580,-0.0331751492367706,3.595708497071154e-10,161.13241144370946
k5_kitkat,2.0,1581,-0.0331751492367706,-1.2270960147745846e-09,161.13241144370946
k5_kitkat,2.0,1748,-0.03477553890619638,-4.855043426963217e-10,164.9726151381024
k5_kitkat,2.0,1755,-0.034768706026179534,5.883775444025998e-10,164.95640938244406
k5_kitkat,2.0,1783,-0.034768706026179534,1.1140107690973713e-09,164.95640938244406
k5_kitkat,2.0,1784,-0.034768706026179534,-2.4442487020688806e-10,164.95640938244406
k5_kitkat,2.0,1828,-0.03477123414285001,-3.8623454817259535e-10,164.9624055815258
k5_kitkat,2.0,1829,-0.034776270478692875,-6.064942974255594e-11,164.97435013717262
k5_kitkat,2.0,1830,-0.03478069717783783,3.127461973066433e-11,164.9848481181592
k5_kitkat,2.0,1831,-0.03478689461965154,5.785790127361809e-10,164.99954431883646
k5_kitkat,2.0,1852,-0.03429401739607074,1.4793132069887982e-09,163.8266514220262
k5_kitkat,2.0,1859,-0.034248131553081575,-9.69259411742368e-10,163.71702998179788
k5_kitkat,2.0,1960,-0.03334616615655013,4.113568790239985e-10,161.54713018666894
k5_kitkat,2.0,1973,-0.03334069253409925,-2.0589430100609986e-10,161.53387305925804
k5_kitkat,2.0,2038,-0.033377530490777234,4.046657607982664e-10,161.62307371590546
k5_kitkat,2.0,2039,-0.033377530490777234,-2.4660472176205724e-10,161.62307371590546
k5_kitkat,2.0,2111,-0.033290283685781304,4.841736328658731e-10,161.4117315134291
k5_kitkat,2.0,2116,-0.033290283685781304,1.29588363091291e-10,161.4117315134291
k5_kitkat,2.0,2234,-0.03408036801422221,-5.482642423948894e-10,163.31561600939582
k5_kitkat,2.0,2235,-0.03408036801422221,-1.0100512906003958e-10,163.31561600939582
k5_kitkat,2.0,2236,-0.03408036801422221,-6.740284086386486e-11,163.31561600939582
k5_kitkat,2.0,2269,-0.03408650377648055,-1.4187977742060839e-11,163.33031465390164
k5_kitkat,2.0,2270,-0.03409200236885172,-7.706060439570367e-10,163.3434857899276
k5_kitkat,2.0,2278,-0.034101775341679366,-3.4707345948452503e-11,163.366893006582
k5_kitkat,2.0,2281,-0.034150810599716065,7.857702507820924e-10,163.48428660718577
k5_kitkat,2.0,2284,-0.03415435650997297,1.0334889303395694e-10,163.49277247908282
k5_kitkat,2.0,2336,-0.034785222006603445,-2.982734675973429e-10,164.99557812464212
k5_kitkat,2.0,2337,-0.034785222006603445,2.6733356791835556e-11,164.99557812464212
k5_kitkat,2.0,2339,-0.03477238117719662,3.560423619854265e-10,164.96512605114015
k5_kitkat,2.0,2340,-0.03477238117719662,2.9083395957697557e-10,164.96512605114015
k5_kitkat,2.0,2392,-0.03489636069387773,1.2007314110515487e-09,165.2589094651525
k5_kitkat,2.0,2393,-0.03489636069387773,4.1495934831808335e-10,165.2589094651525
k5_kitkat,2.0,2402,-0.03484740778806991,3.7514150025529024e-10,165.14297248639346
k5_kitkat,2.0,2403,-0.03484740778806991,-4.034718349746632e-11,165.14297248639346
k5_kitkat,2.0,2411,-0.03484740778806991,-3.113421211777949e-10,165.14297248639346
k5_kitkat,2.0,2412,-0.03484740778806991,3.974975950571296e-10,165.14297248639346
k5_kitkat,2.0,2470,-0.03477797465359462,-1.054336935248597e-10,164.97839169165937
k5_kitkat,2.0,2479,-0.034766742117140655,4.484898267369048e-10,164.95175122326265
k5_kitkat,2.0,2486,-0.034766742117140655,1.7936002052469284e-10,164.95175122326265
k5_kitkat,2.0,2487,-0.034766742117140655,-3.382751001315374e-10,164.95175122326265
k5_kitkat,2.0,2535,-0.034766742117140655,-1.0354896113819922e-10,164.95175122326265
k5_kitkat,2.0,2542,-0.034766742117140655,-1.230297083810331e-10,164.95175122326265
k5_kitkat,2.0,2545,-0.034766742117140655,1.3264800055322091e-11,164.95175122326265
k5_kitkat,2.0,2546,-0.034766742117140655,-2.895152990930443e-10,164.95175122326265
k5_kitkat,2.0,2547,-0.03476757814233309,1.435808841904756e-09,164.95373419188695
k5_kitkat,2.0,2552,-0.03476946416469662,-6.556160745888396e-11,164.95820756184702
k5_kitkat,2.0,2554,-0.0347655366977434,-3.9011444780211244e-10,164.94889204635092
k5_kitkat,2.0,2562,-0.03470119624660423,-2.0785459350995286e-10,164.79620866653784
k5_kitkat,2.0,2565,-0.03470119624660423,1.1837549989009944e-10,164.79620866653784
k5_kitkat,2.0,2568,-0.03465925871093348,9.83032888485964e-10,164.69661242150374
k5_kitkat,2.0,2569,-0.03465925871093348,3.52187846189002e-10,164.69661242150374
k5_kitkat,2.0,2570,-0.03465780472213687,1.2079180935526602e-09,164.69315830511695
k5_kitkat,2.0,2623,-0.03551282912789289,-7.080634914741639e-10,166.71201384608878
k5_kitkat,2.0,2628,-0.03551027649936731,-3.428430262316174e-10,166.70602304992715
k5_kitkat,2.0,2629,-0.03550775229055722,7.639312272311407e-10,166.70009874064263
k5_kitkat,2.0,2630,-0.03550775229055722,6.047769033069009e-10,166.70009874064263
k5_kitkat,2.0,2633,-0.03550775229055722,8.445711447119964e-11,166.70009874064263
k5_kitkat,2.0,2634,-0.03551282912789289,-2.169529761627175e-10,166.71201384608878
k5_kitkat,2.0,2635,-0.03551012870717977,2.4044903850688217e-10,166.70567618798034
k5_kitkat,2.0,2646,-0.03549194408654894,-3.9498193655530997e-11,166.66299215175732
k5_kitkat,2.0,2654,-0.03549194408654894,5.854939048831983e-10,166.66299215175732
k5_kitkat,2.0,2655,-0.03549194408654894,4.888209651836333e-10,166.66299215175732
k5_kitkat,2.0,2657,-0.03549194408654894,8.060309864750211e-10,166.66299215175732
k5_kitkat,2.0,2658,-0.03549194408654894,4.2316478510030235e-10,166.66299215175732
k5_kitkat,2.0,2660,-0.03549194408654894,7.4121081724893e-11,166.66299215175732
k5_kitkat,2.0,2661,-0.03549194408654894,3.733314454707581e-10,166.66299215175732
k5_kitkat,2.0,2948,-0.02898417609352934,-1.6631676546323473e-09,150.61276484106088
k5_kitkat,2.0,2949,-0.028943418358154643,-6.088790638146806e-10,150.50684995242355
k5_kitkat,2.0,2960,-0.028615446118445683,5.876444454044331e-10,149.65183800739752
k5_kitkat,2.0,2961,-0.028615446118445683,4.5053758949159483e-10,149.65183800739752
k5_kitkat,2.0,2964,-0.028615446118445683,-5.686168405535685e-10,149.65183800739752
k5_kitkat,2.0,2965,-0.028615446118445683,5.075904872697051e-10,149.65183800739752
k5_kitkat,2.0,2975,-0.028615446118445683,3.200784831978805e-11,149.65183800739752
k5_kitkat,2.0,2976,-0.028615446118445683,6.089023598196704e-11,149.65183800739752
k5_kitkat,2.0,3032,-0.028615446118445683,8.199346967896667e-11,149.65183800739752
k5_kitkat,2.0,3035,-0.028615446118445683,2.726849516766181e-10,149.65183800739752
k5_kitkat,2.0,3036,-0.028615446118445683,2.3490042530569025e-10,149.65183800739752
k5_kitkat,2.0,3039,-0.028604196566421904,-8.535098129061622e-10,149.62242415731797
k5_kitkat,2.0,3243,-0.010504644125459602,5.371089539386673e-10,90.68580710346319
k5_kitkat,2.0,3246,-0.010504644125459602,3.009784559857199e-10,90.68580710346319
k5_kitkat,2.0,3576,-6.049185448436052e-05,1.600594001967646e-10,7.164848777231444
k5_kitkat,2.0,3579,-5.9592490649754964e-05,-1.3906450579108947e-10,7.115567658037627
k5_kitkat,2.0,3684,4.5665106463426664e-06,0.9999999996964148,0.6532164191039603
k5_kitkat,2.0,3685,4.5665106463426664e-06,0.9999999994077386,0.6532164191039603
k5_kitkat,2.0,3686,4.5665106463426664e-06,0.999999998789387,0.6532164191039603
k5_kitkat,2.0,3687,4.5665106463426664e-06,0.9999999998900968,0.6532164191039603
k5_kitkat,2.0,3688,4.5665106463426664e-06,1.00000000017535,0.6532164191039603
k5_kitkat,2.0,3689,4.5665106463426664e-06,0.9999999995860112,0.6532164191039603
k5_kitkat,2.0,3710,4.452677766379671e-06,0.9999999994286978,0.7181686856111871
k5_kitkat,2.0,3711,4.452677766379671e-06,1.0000000002000258,0.7181686856111871
k5_kitkat,2.0,3719,4.452677766379671e-06,0.9999999997059877,0.7181686856111871
k5_kitkat,2.0,3720,4.452677766379671e-06,0.9999999997949666,0.7181686856111871
k5_kitkat,2.0,3744,4.559496048877009e-06,0.9999999987918888,0.6574044674270266
k5_kitkat,2.0,3745,4.559496048877009e-06,0.9999999994783739,0.6574044674270266
k5_kitkat,2.0,3753,4.559496048877009e-06,1.0000000001735627,0.6574044674270266
k5_kitkat,2.0,3754,4.559496048877009e-06,0.999999998906496,0.6574044674270266
k5_kitkat,2.0,3792,4.549587284621449e-06,0.9999999995130067,0.6632754115850601
k5_kitkat,2.0,3793,4.549587284621449e-06,0.999999999642555,0.6632754115850601
k5_kitkat,2.0,3953,4.496221510448728e-06,0.9999999984075464,0.694041173379335
k5_kitkat,2.0,3954,4.496221510448728e-06,0.9999999993482976,0.694041173379335
k5_kitkat,2.0,3957,4.4981356059908435e-06,1.00000000011888,0.6929613011051913
k5_kitkat,2.0,3958,4.4981356059908435e-06,0.9999999992086568,0.6929613011051913
k5_kitkat,2.0,3968,4.4981356059908435e-06,0.9999999998617982,0.6929613011051913
k5_kitkat,2.0,3969,4.4981356059908435e-06,0.9999999998474453,0.6929613011051913
k5_kitkat,2.0,4142,-0.00019106182534460103,-6.777280973548114e-10,12.38977210253078
k5_kitkat,2.0,4144,-0.00019106182534460103,7.338749186301414e-10,12.38977210253078
k5_kitkat,2.0,4146,-4.408102019836452e-06,-2.4245836636021886e-10,2.7293503042522875
k5_kitkat,2.0,4147,-4.408102019836452e-06,6.573675147991405e-10,2.7293503042522875
k5_kitkat,2.0,4151,4.494326759299714e-06,0.99999999915104,0.6951084798909942
k5_kitkat,2.0,4152,4.494326759299714e-06,0.9999999999111712,0.6951084798909942
k5_kitkat,2.0,4153,4.494326759299714e-06,0.9999999995220269,0.6951084798909942
k5_kitkat,2.0,4154,4.494326759299714e-06,0.9999999998563516,0.6951084798909942
k5_kitkat,2.0,4155,4.494326759299714e-06,0.9999999997237573,0.6951084798909942
k5_kitkat,2.0,4156,4.494326759299714e-06,0.9999999993383973,0.6951084798909942
k5_kitkat,2.0,4157,4.494326759299714e-06,0.9999999997210313,0.6951084798909942
k5_kitkat,2.0,4158,4.494326759299714e-06,0.9999999996019259,0.6951084798909942
k5_kitkat,2.0,4162,4.291886330901068e-06,1.0000000002882565,0.8009906632840168
k5_kitkat,2.0,4163,4.291886330901068e-06,0.9999999993101818,0.8009906632840168
k5_kitkat,2.0,4165,3.797336244787112e-06,0.9999999995956429,1.0141858665448706
k5_kitkat,2.0,4166,3.797336244787112e-06,0.999999999447663,1.0141858665448706
k5_kitkat,2.0,4275,-0.0003819660815256321,-1.2180107159067748e-09,17.403723945210128
k5_kitkat,2.0,4276,-0.0003819660815256321,-2.1863838631695816e-10,17.403723945210128
k5_kitkat,2.0,4575,-0.0010657388670355062,-3.7695936976553275e-10,28.947260104556022
k5_kitkat,2.0,4578,-0.0010648722262199142,-5.476317364363858e-10,28.93554420634068
k5_kitkat,2.0,4585,-0.0010448914815276464,-1.0090548193169107e-10,28.664101690511885
k5_kitkat,2.0,4622,-0.0009503211227370202,-1.702885269448399e-10,27.342807749899467
k5_kitkat,2.0,4710,-0.0010026799796138725,-1.8433268370406341e-10,28.08202447419198
k5_kitkat,2.0,4711,-0.0010026799796138725,-5.546064431089917e-10,28.08202447419198
k5_kitkat,2.0,4713,-0.0010026799796138725,2.873907641612283e-10,28.08202447419198
k5_kitkat,2.0,4714,-0.0010026799796138725,-7.940850084557349e-10,28.08202447419198
k5_kitkat,2.0,4781,-0.0009936649189365464,1.7355325584930036e-10,27.956140407532196
k5_kitkat,2.0,4788,-0.0009916725476243303,5.434129649686308e-10,27.928242872473245
k5_kitkat,2.0,4795,-0.000980268622043415,5.521042214386094e-10,27.76802376639891
k5_kitkat,2.0,4800,-0.0009780995069031447,-5.705052240765472e-11,27.737444092285553
k5_kitkat,2.0,4853,-0.0006793304728425479,4.91073639869172e-10,23.14256116729314
k5_kitkat,2.0,4862,-0.0006731357075435348,-3.0016399449625645e-10,23.03759351388699
k5_kitkat,2.0,5031,4.412556568355873e-06,1.0000000003511524,0.7397034669846151
k5_kitkat,2.0,5056,5.066185264385183e-06,1.0000000006398084,0.1889306733036772
k5_kitkat,2.0,5103,5.111801446074094e-06,0.9999999995021807,0.0
k5_kitkat,2.0,5104,5.111801446074094e-06,0.9999999983122745,0.0
k5_kitkat,2.0,5140,4.494460115074874e-06,0.9999999994444486,0.6950334146797383
k5_kitkat,2.0,5143,4.494460115074874e-06,0.9999999995559796,0.6950334146797383
k5_kitkat,2.0,5153,4.494460115074874e-06,0.9999999993844195,0.6950334146797383
k5_kitkat,2.0,5154,4.494460115074874e-06,0.9999999997732809,0.6950334146797383
k5_kitkat,2.0,5298,3.314044078039104e-06,0.9999999998620995,1.1860651522493135
k5_kitkat,2.0,5299,3.314044078039104e-06,1.0000000001436444,1.1860651522493135
k5_kitkat,2.0,5690,-0.00019075041342493177,5.204176467209413e-10,12.37993424818
k5_kitkat,2.0,5691,-0.00019075041342493177,5.222252236989818e-10,12.37993424818
k5_kitkat,2.0,6106,-6.399768325184402e-05,2.2565515201498763e-10,7.353800347527714
k5_kitkat,2.0,6107,-6.399768325184402e-05,7.327550382585628e-10,7.353800347527714
k5_kitkat,2.0,6188,-5.329177388657844e-05,2.9106677948282997e-10,6.760249498801603
k5_kitkat,2.0,6191,-5.257833788801312e-05,-1.111770630652363e-09,6.718832299756432
k5_kitkat,2.0,6192,-5.2434281570438094e-05,-6.214620342409521e-10,6.710438359052836
k5_kitkat,2.0,6197,-5.231781963726439e-05,1.8931994503132118e-10,6.7036446175047715
k5_kitkat,2.0,6198,-5.231781963726439e-05,4.154368875582993e-10,6.7036446175047715
k5_kitkat,2.0,6199,-5.220060608174036e-05,-5.281544172565873e-10,6.696800071541991
k5_kitkat,2.0,6207,-5.220060608174036e-05,1.2790899585843654e-09,6.696800071541991
k5_kitkat,2.0,6208,-5.220060608174036e-05,-7.240585762498051e-10,6.696800071541991
k5_kitkat,2.0,6423,-5.1968560133290066e-05,1.5285253082858604e-11,6.683229350090018
k5_kitkat,2.0,6424,-5.1968560133290066e-05,1.5698469041475375e-11,6.683229350090018
k5_kitkat,2.0,6620,4.510248758943928e-06,0.9999999999230166,0.6860880309594772
k5_kitkat,2.0,6621,4.510248758943928e-06,1.0000000000494345,0.6860880309594772
k5_kitkat,2.0,6668,4.825104116210192e-06,1.000000000369581,0.47364704428899806
k5_kitkat,2.0,6679,4.865991176108041e-06,1.0000000004443292,0.4385741388501655
k5_kitkat,2.0,6713,4.865991176108041e-06,0.999999999979682,0.4385741388501655
k5_kitkat,2.0,6743,4.863269537343003e-06,0.9999999997933348,0.4409954260355939
k5_kitkat,2.0,6808,4.865991176108041e-06,0.9999999999506679,0.4385741388501655
k5_kitkat,2.0,6817,4.863269537343003e-06,1.0000000004762866,0.4409954260355939
k5_kitkat,2.0,0,-0.36000523439646126,1.6963666757188048e-11,530.7628267484527
k5_kitkat,3.0,4,1.1253021344935617e-05,1.00000000069408,0.4409954260355939
k5_kitkat,3.0,17,1.1253021344935617e-05,1.0000000005497514,0.4409954260355939
k5_kitkat,3.0,22,1.1253021344935617e-05,1.0000000000845042,0.4409954260355939
k5_kitkat,3.0,85,1.1253021344935617e-05,1.0000000003744192,0.4409954260355939
k5_kitkat,3.0,1187,-0.004034522264919079,-3.052972861039295e-10,56.267448866508296
k5_kitkat,3.0,1188,-0.004038868702592683,4.864249659537554e-10,56.297663383946315
k5_kitkat,3.0,1189,-0.004042032585886161,2.2214836325052046e-10,56.319647110767455
k5_kitkat,3.0,1190,-0.004042032585886161,-9.044739732527353e-10,56.319647110767455
k5_kitkat,3.0,1191,-0.004042032585886161,3.768802367868577e-11,56.319647110767455
k5_kitkat,3.0,1192,-0.004042032585886161,1.8229974186155475e-10,56.319647110767455
k5_kitkat,3.0,1193,-0.004042032585886161,1.2047099996211426e-10,56.319647110767455
k5_kitkat,3.0,1194,-0.004042032585886161,-7.037199456023335e-10,56.319647110767455
k5_kitkat,3.0,1195,-0.004042032585886161,4.4315743550183874e-10,56.319647110767455
k5_kitkat,3.0,1196,-0.004042032585886161,1.0358019683099126e-10,56.319647110767455
k5_kitkat,3.0,1197,-0.004042032585886161,3.693540928060767e-11,56.319647110767455
k5_kitkat,3.0,1198,-0.004042032585886161,-9.28093836433049e-11,56.319647110767455
k5_kitkat,3.0,1199,-0.004042032585886161,8.90967238831155e-11,56.319647110767455
k5_kitkat,3.0,1200,-0.004042032585886161,8.232153845098328e-10,56.319647110767455
k5_kitkat,3.0,1201,-0.004042032585886161,1.58379153383515e-10,56.319647110767455
k5_kitkat,3.0,1202,-0.004042032585886161,2.357798055678404e-10,56.319647110767455
k5_kitkat,3.0,1206,-0.014693404218054637,1.177928830582633e-10,107.268974898703
k5_kitkat,3.0,1207,-0.01472103386497997,3.3649554444022355e-11,107.3697036300519
k5_kitkat,3.0,1211,-0.032954366182030896,3.5298783609335127e-10,160.61099157142
k5_kitkat,3.0,1212,-0.0329634647431798,-2.1173311133487357e-10,160.63315431444488
k5_kitkat,3.0,1213,-0.03300379656042298,2.2096751718873666e-11,160.73135983141933
k5_kitkat,3.0,1214,-0.03300749505759624,-3.236429817445457e-10,160.74036244333493
k5_kitkat,3.0,1215,-0.033084888350123264,-5.035767308692857e-10,160.92863201586354
k5_kitkat,3.0,1216,-0.033088689867072224,-1.2183672491368846e-10,160.9378740413173
k5_kitkat,3.0,1217,-0.03318595387083567,2.662054946417811e-10,161.1741563536305
k5_kitkat,3.0,1218,-0.0331681299865256,7.376651101000861e-10,161.13088292827368
k5_kitkat,3.0,1225,-0.0331681299865256,3.3984791294310347e-10,161.13088292827368
k5_kitkat,3.0,1226,-0.0331681299865256,-4.7130473852491594e-11,161.13088292827368
k5_kitkat,3.0,1228,-0.0331681299865256,2.1765858917779367e-10,161.13088292827368
k5_kitkat,3.0,1229,-0.0331681299865256,3.9789771745632704e-10,161.13088292827368
k5_kitkat,3.0,1273,-0.0331681299865256,1.1465292230671779e-09,161.13088292827368
k5_kitkat,3.0,1274,-0.0331681299865256,6.282060763432638e-10,161.13088292827368
k5_kitkat,3.0,1277,-0.0331681299865256,-1.1699961001934086e-10,161.13088292827368
k5_kitkat,3.0,1278,-0.0331681299865256,6.966898753300432e-11,161.13088292827368
k5_kitkat,3.0,1279,-0.0331681299865256,5.534279091822703e-10,161.13088292827368
k5_kitkat,3.0,1282,-0.03317070105694097,4.40945598819499e-10,161.13712577669645
k5_kitkat,3.0,1283,-0.03316665152432743,2.8783080636389747e-11,161.12729294607422
k5_kitkat,3.0,1284,-0.03316524360329044,-8.941024028570745e-10,161.12387417662757
k5_kitkat,3.0,1285,-0.03316394940627015,9.670026342682143e-10,161.12073149233893
k5_kitkat,3.0,1286,-0.033162445370988364,2.7224354782979414e-10,161.11707918311006
k5_kitkat,3.0,1289,-0.03320534438052875,2.0441797560891461e-10,161.22122009349835
k5_kitkat,3.0,1290,-0.0332080990058169,9.772560179128262e-12,161.22790487693467
k5_kitkat,3.0,1295,-0.033303059920820104,2.2088316680899217e-10,161.45818193108852
k5_kitkat,3.0,1296,-0.033303059920820104,-3.895491083307271e-10,161.45818193108852
k5_kitkat,3.0,1313,-0.03335479074057291,1.0112608354065049e-09,161.58348936223618
k5_kitkat,3.0,1321,-0.03335479074057291,2.9006899536653085e-10,161.58348936223618
k5_kitkat,3.0,1333,-0.03335479074057291,3.8546596806221945e-10,161.58348936223618
k5_kitkat,3.0,1334,-0.03335479074057291,3.079875514643379e-10,161.58348936223618
k5_kitkat,3.0,1345,-0.03338022991142644,3.6066894659457386e-10,161.64507497029015
k5_kitkat,3.0,1346,-0.03338022991142644,-4.5467498535988356e-10,161.64507497029015
k5_kitkat,3.0,1347,-0.03338022991142644,-6.939683976981302e-11,161.64507497029015
k5_kitkat,3.0,1348,-0.03338022991142644,-1.0942829408497524e-10,161.64507497029015
k5_kitkat,3.0,1356,-0.03338022991142644,-9.642889052239864e-11,161.64507497029015
k5_kitkat,3.0,1357,-0.03338022991142644,1.1965176778367354e-10,161.64507497029015
k5_kitkat,3.0,1388,-0.033382069585242986,1.1766824294992207e-09,161.64952772106415
k5_kitkat,3.0,1395,-0.03335156109335321,2.1074425049507548e-10,161.57566904028792
k5_kitkat,3.0,1424,-0.03316866340653474,-1.8130999119897751e-10,161.13217815199386
k5_kitkat,3.0,1425,-0.03316866340653474,5.094523086623442e-11,161.13217815199386
k5_kitkat,3.0,1433,-0.03316866340653474,-5.707421625264579e-10,161.13217815199386
k5_kitkat,3.0,1434,-0.03316866340653474,-2.6672971486351493e-10,161.13217815199386
k5_kitkat,3.0,1435,-0.03316866340653474,-4.848436233751835e-10,161.13217815199386
k5_kitkat,3.0,1436,-0.03316866340653474,5.999595232325114e-10,161.13217815199386
k5_kitkat,3.0,1437,-0.03316866340653474,6.048246910596658e-10,161.13217815199386
k5_kitkat,3.0,1438,-0.03316866340653474,5.4426022961761816e-11,161.13217815199386
k5_kitkat,3.0,1469,-0.03317142668316651,2.2438951198608278e-10,161.13888763510175
k5_kitkat,3.0,1470,-0.03317142668316651,2.580809964561833e-10,161.13888763510175
k5_kitkat,3.0,1473,-0.03317260734487662,8.295607627231181e-10,161.14175430227797
k5_kitkat,3.0,1482,-0.033220979098880034,3.0246580736094776e-10,161.25915794940556
k5_kitkat,3.0,1506,-0.033386383829523594,-6.108110095382002e-10,161.65996944687106
k5_kitkat,3.0,1507,-0.033386383829523594,2.6844973576555772e-11,161.65996944687106
k5_kitkat,3.0,1558,-0.03321858443213998,-4.722734287566773e-10,161.25334783696044
k5_kitkat,3.0,1559,-0.03321858443213998,6.364064773250774e-10,161.25334783696044
k5_kitkat,3.0,1577,-0.033168759484963,-9.079803020010979e-10,161.13241144370946
k5_kitkat,3.0,1578,-0.033168759484963,6.924078654681607e-11,161.13241144370946
k5_kitkat,3.0,1580,-0.033168759484963,3.3473366413712223e-10,161.13241144370946
k5_kitkat,3.0,1581,-0.033168759484963,3.93146368627657e-10,161.13241144370946
k5_kitkat,3.0,1748,-0.03476914915438878,-5.894307173210352e-10,164.9726151381024
k5_kitkat,3.0,1755,-0.034762316274371936,-5.006770917095604e-10,164.95640938244406
k5_kitkat,3.0,1783,-0.034762316274371936,-2.129405215374991e-10,164.95640938244406
k5_kitkat,3.0,1784,-0.034762316274371936,6.232415769943307e-10,164.95640938244406
k5_kitkat,3.0,1828,-0.03476484439104241,-8.698684538070906e-11,164.9624055815258
k5_kitkat,3.0,1829,-0.03476988072688528,-4.910646019774642e-10,164.97435013717262
k5_kitkat,3.0,1830,-0.03477430742603023,-7.148641117882578e-11,164.9848481181592
k5_kitkat,3.0,1831,-0.03478050486784394,2.4440378425485855e-10,164.99954431883646
k5_kitkat,3.0,1852,-0.034287627644263144,6.534471390941347e-10,163.8266514220262
k5_kitkat,3.0,1859,-0.03424174180127398,8.079232963248943e-10,163.71702998179788
k5_kitkat,3.0,1960,-0.03333977640474253,3.909025482798632e-10,161.54713018666894
k5_kitkat,3.0,1973,-0.03333430278229165,-6.097648923603243e-10,161.53387305925804
k5_kitkat,3.0,2038,-0.033371140738969636,-2.362666959595154e-10,161.62307371590546
k5_kitkat,3.0,2039,-0.033371140738969636,-2.416089875018202e-10,161.62307371590546
k5_kitkat,3.0,2111,-0.033283893933973706,1.0686985689037455e-09,161.4117315134291
k5_kitkat,3.0,2116,-0.033283893933973706,4.5507703573388717e-10,161.4117315134291
k5_kitkat,3.0,2234,-0.034073978262414616,-2.928349369664619e-10,163.31561600939582
k5_kitkat,3.0,2235,-0.034073978262414616,-9.657066479931955e-10,163.31561600939582
k5_kitkat,3.0,2236,-0.034073978262414616,-8.60734569581056e-10,163.31561600939582
k5_kitkat,3.0,2269,-0.03408011402467295,-1.2891481388519837e-10,163.33031465390164
k5_kitkat,3.0,2270,-0.034085612617044125,-1.3775999148917295e-10,163.3434857899276
k5_kitkat,3.0,2278,-0.03409538558987177,-3.850036536908631e-10,163.366893006582
k5_kitkat,3.0,2281,-0.03414442084790847,8.108320051129581e-10,163.48428660718577
k5_kitkat,3.0,2284,-0.03414796675816537,-1.0031177184286698e-09,163.49277247908282
k5_kitkat,3.0,2336,-0.03477883225479585,1.4255646218865685e-10,164.99557812464212
k5_kitkat,3.0,2337,-0.03477883225479585,1.2613597505482013e-09,164.99557812464212
k5_kitkat,3.0,2339,-0.03476599142538902,2.808024692271066e-10,164.96512605114015
k5_kitkat,3.0,2340,-0.03476599142538902,2.2547619448458719e-10,164.96512605114015
k5_kitkat,3.0,2392,-0.03488997094207013,-1.5692829175024834e-10,165.2589094651525
k5_kitkat,3.0,2393,-0.03488997094207013,-3.540435595371238e-11,165.2589094651525
k5_kitkat,3.0,2402,-0.034841018036262314,-8.768545829331409e-10,165.14297248639346
k5_kitkat,3.0,2403,-0.034841018036262314,-3.5888725353649975e-10,165.14297248639346
k5_kitkat,3.0,2411,-0.034841018036262314,-5.986071505547298e-10,165.14297248639346
k5_kitkat,3.0,2412,-0.034841018036262314,-1.055706800079945e-09,165.14297248639346
k5_kitkat,3.0,2470,-0.03477158490178702,-1.0952066790248679e-10,164.97839169165937
k5_kitkat,3.0,2479,-0.03476035236533306,3.283930798265832e-10,164.95175122326265
k5_kitkat,3.0,2486,-0.03476035236533306,-5.087898920331821e-10,164.95175122326265
k5_kitkat,3.0,2487,-0.03476035236533306,-1.8436057983673993e-09,164.95175122326265
k5_kitkat,3.0,2535,-0.03476035236533306,-2.2429395264215969e-10,164.95175122326265
k5_kitkat,3.0,2542,-0.03476035236533306,1.8904410869288434e-10,164.95175122326265
k5_kitkat,3.0,2545,-0.03476035236533306,-3.07787549735017e-10,164.95175122326265
k5_kitkat,3.0,2546,-0.03476035236533306,4.413082857984433e-10,164.95175122326265
k5_kitkat,3.0,2547,-0.03476118839052549,-1.844090782818188e-09,164.95373419188695
k5_kitkat,3.0,2552,-0.03476307441288902,-2.1886640627485565e-10,164.95820756184702
k5_kitkat,3.0,2554,-0.0347591469459358,1.821510358670307e-10,164.94889204635092
k5_kitkat,3.0,2562,-0.03469480649479663,2.3484203088139173e-11,164.79620866653784
k5_kitkat,3.0,2565,-0.03469480649479663,1.115498342701142e-09,164.79620866653784
k5_kitkat,3.0,2568,-0.03465286895912588,5.348553212971897e-10,164.69661242150374
k5_kitkat,3.0,2569,-0.03465286895912588,2.3013302362744253e-10,164.69661242150374
k5_kitkat,3.0,2570,-0.034651414970329274,2.619130735383152e-10,164.69315830511695
k5_kitkat,3.0,2623,-0.035506439376085296,3.650827753098845e-10,166.71201384608878
k5_kitkat,3.0,2628,-0.035503886747559714,8.838998038574307e-11,166.70602304992715
k5_kitkat,3.0,2629,-0.03550136253874962,-1.9328184213587889e-10,166.70009874064263
k5_kitkat,3.0,2630,-0.03550136253874962,-4.882886970881451e-10,166.70009874064263
k5_kitkat,3.0,2633,-0.03550136253874962,-5.076583191468668e-10,166.70009874064263
k5_kitkat,3.0,2634,-0.035506439376085296,7.851199270836096e-10,166.71201384608878
k5_kitkat,3.0,2635,-0.03550373895537217,-6.000310369988596e-11,166.70567618798034
k5_kitkat,3.0,2646,-0.03548555433474134,2.429147206447348e-10,166.66299215175732
k5_kitkat,3.0,2654,-0.03548555433474134,1.3857884649027653e-10,166.66299215175732
k5_kitkat,3.0,2655,-0.03548555433474134,2.912581564302472e-10,166.66299215175732
k5_kitkat,3.0,2657,-0.03548555433474134,-1.8302243391941196e-10,166.66299215175732
k5_kitkat,3.0,2658,-0.03548555433474134,-4.917977762965893e-12,166.66299215175732
k5_kitkat,3.0,2660,-0.03548555433474134,6.553302419124999e-10,166.66299215175732
k5_kitkat,3.0,2661,-0.03548555433474134,4.741608307578791e-11,166.66299215175732
k5_kitkat,3.0,2948,-0.02897778634172175,1.8987555181962347e-09,150.61276484106088
k5_kitkat,3.0,2949,-0.028937028606347052,4.817364584871114e-10,150.50684995242355
k5_kitkat,3.0,2960,-0.028609056366638092,-2.810566798148632e-10,149.65183800739752
k5_kitkat,3.0,2961,-0.028609056366638092,1.4712171698539378e-10,149.65183800739752
k5_kitkat,3.0,2964,-0.028609056366638092,9.744199853603927e-10,149.65183800739752
k5_kitkat,3.0,2965,-0.028609056366638092,-4.4458384854174067e-13,149.65183800739752
k5_kitkat,3.0,2975,-0.028609056366638092,6.252781925608141e-10,149.65183800739752
k5_kitkat,3.0,2976,-0.028609056366638092,-1.204595631956656e-10,149.65183800739752
k5_kitkat,3.0,3032,-0.028609056366638092,3.7080406925052596e-10,149.65183800739752
k5_kitkat,3.0,3035,-0.028609056366638092,8.154729932111472e-11,149.65183800739752
k5_kitkat,3.0,3036,-0.028609056366638092,8.928881380111543e-11,149.65183800739752
k5_kitkat,3.0,3039,-0.028597806814614313,-2.300270739299976e-10,149.62242415731797
k5_kitkat,3.0,3243,-0.010498254373652009,1.393272285098029e-10,90.68580710346319
k5_kitkat,3.0,3246,-0.010498254373652009,3.2803340988483903e-10,90.68580710346319
k5_kitkat,3.0,3576,-5.410210267676791e-05,-7.25171209273612e-10,7.164848777231444
k5_kitkat,3.0,3579,-5.3202738842162354e-05,-2.6202376933331996e-10,7.115567658037627
k5_kitkat,3.0,3684,1.0956262453935282e-05,0.9999999995795292,0.6532164191039603
k5_kitkat,3.0,3685,1.0956262453935282e-05,0.999999999410008,0.6532164191039603
k5_kitkat,3.0,3686,1.0956262453935282e-05,0.9999999994133999,0.6532164191039603
k5_kitkat,3.0,3687,1.0956262453935282e-05,1.0000000001115694,0.6532164191039603
k5_kitkat,3.0,3688,1.0956262453935282e-05,1.0000000002670204,0.6532164191039603
k5_kitkat,3.0,3689,1.0956262453935282e-05,0.9999999996537008,0.6532164191039603
k5_kitkat,3.0,3710,1.0842429573972286e-05,0.9999999993200523,0.7181686856111871
k5_kitkat,3.0,3711,1.0842429573972286e-05,1.0000000002636675,0.7181686856111871
k5_kitkat,3.0,3719,1.0842429573972286e-05,0.9999999996621364,0.7181686856111871
k5_kitkat,3.0,3720,1.0842429573972286e-05,0.9999999994240081,0.7181686856111871
k5_kitkat,3.0,3744,1.0949247856469623e-05,0.9999999995875456,0.6574044674270266
k5_kitkat,3.0,3745,1.0949247856469623e-05,1.0000000004142655,0.6574044674270266
k5_kitkat,3.0,3753,1.0949247856469623e-05,0.9999999996239065,0.6574044674270266
k5_kitkat,3.0,3754,1.0949247856469623e-05,0.9999999995528838,0.6574044674270266
k5_kitkat,3.0,3792,1.0939339092214063e-05,1.0000000005019392,0.6632754115850601
k5_kitkat,3.0,3793,1.0939339092214063e-05,1.0000000002669407,0.6632754115850601
k5_kitkat,3.0,3953,1.0885973318041342e-05,0.9999999994820913,0.694041173379335
k5_kitkat,3.0,3954,1.0885973318041342e-05,0.9999999994764163,0.694041173379335
k5_kitkat,3.0,3957,1.0887887413583458e-05,1.0000000000219333,0.6929613011051913
k5_kitkat,3.0,3958,1.0887887413583458e-05,0.9999999996266336,0.6929613011051913
k5_kitkat,3.0,3968,1.0887887413583458e-05,0.9999999996585862,0.6929613011051913
k5_kitkat,3.0,3969,1.0887887413583458e-05,1.0000000001934186,0.6929613011051913
k5_kitkat,3.0,4142,-0.00018467207353700842,2.719262885797829e-10,12.38977210253078
k5_kitkat,3.0,4144,-0.00018467207353700842,2.850529797396973e-10,12.38977210253078
k5_kitkat,3.0,4146,1.9816497877561625e-06,0.9999999996315782,2.7293503042522875
k5_kitkat,3.0,4147,1.9816497877561625e-06,0.9999999999101115,2.7293503042522875
k5_kitkat,3.0,4151,1.0884078566892329e-05,0.9999999995778683,0.6951084798909942
k5_kitkat,3.0,4152,1.0884078566892329e-05,0.9999999992359583,0.6951084798909942
k5_kitkat,3.0,4153,1.0884078566892329e-05,0.9999999993468474,0.6951084798909942
k5_kitkat,3.0,4154,1.0884078566892329e-05,0.9999999994956483,0.6951084798909942
k5_kitkat,3.0,4155,1.0884078566892329e-05,0.9999999997563189,0.6951084798909942
k5_kitkat,3.0,4156,1.0884078566892329e-05,0.9999999991891273,0.6951084798909942
k5_kitkat,3.0,4157,1.0884078566892329e-05,0.9999999996768533,0.6951084798909942
k5_kitkat,3.0,4158,1.0884078566892329e-05,0.999999999487331,0.6951084798909942
k5_kitkat,3.0,4162,1.0681638138493683e-05,0.9999999995564146,0.8009906632840168
k5_kitkat,3.0,4163,1.0681638138493683e-05,0.9999999993372606,0.8009906632840168
k5_kitkat,3.0,4165,1.0187088052379726e-05,0.9999999990365122,1.0141858665448706
k5_kitkat,3.0,4166,1.0187088052379726e-05,0.9999999996178495,1.0141858665448706
k5_kitkat,3.0,4275,-0.00037557632971803946,1.9333735063133558e-10,17.403723945210128
k5_kitkat,3.0,4276,-0.00037557632971803946,-2.706896619869192e-10,17.403723945210128
k5_kitkat,3.0,4575,-0.0010593491152279136,5.41188852703663e-10,28.947260104556022
k5_kitkat,3.0,4578,-0.0010584824744123216,2.448256646327233e-10,28.93554420634068
k5_kitkat,3.0,4585,-0.0010385017297200537,1.4483076897736304e-10,28.664101690511885
k5_kitkat,3.0,4622,-0.0009439313709294275,-5.193284044789998e-10,27.342807749899467
k5_kitkat,3.0,4710,-0.0009962902278062799,5.819967849450408e-10,28.08202447419198
k5_kitkat,3.0,4711,-0.0009962902278062799,-1.9832828803218164e-10,28.08202447419198
k5_kitkat,3.0,4713,-0.0009962902278062799,-3.910177626227024e-10,28.08202447419198
k5_kitkat,3.0,4714,-0.0009962902278062799,-3.390370831321543e-10,28.08202447419198
k5_kitkat,3.0,4781,-0.0009872751671289538,9.39964458431659e-10,27.956140407532196
k5_kitkat,3.0,4788,-0.0009852827958167377,-5.531486447394831e-10,27.928242872473245
k5_kitkat,3.0,4795,-0.0009738788702358223,4.606551599437942e-10,27.76802376639891
k5_kitkat,3.0,4800,-0.0009717097550955521,-2.9795855273105997e-10,27.737444092285553
k5_kitkat,3.0,4853,-0.0006729407210349553,5.048353563023113e-10,23.14256116729314
k5_kitkat,3.0,4862,-0.0006667459557359422,-1.897022821196305e-10,23.03759351388699
k5_kitkat,3.0,5031,1.0802308375948487e-05,0.9999999992598616,0.7397034669846151
k5_kitkat,3.0,5056,1.1455937071977796e-05,1.0000000002186282,0.1889306733036772
k5_kitkat,3.0,5103,1.1501553253666708e-05,1.000000000298983,0.0
k5_kitkat,3.0,5104,1.1501553253666708e-05,1.0000000010702847,0.0
k5_kitkat,3.0,5140,1.0884211922667487e-05,0.9999999996625745,0.6950334146797383
k5_kitkat,3.0,5143,1.0884211922667487e-05,0.9999999997614072,0.6950334146797383
k5_kitkat,3.0,5153,1.0884211922667487e-05,0.9999999999449658,0.6950334146797383
k5_kitkat,3.0,5154,1.0884211922667487e-05,0.9999999995823319,0.6950334146797383
k5_kitkat,3.0,5298,9.703795885631718e-06,0.9999999984154575,1.1860651522493135
k5_kitkat,3.0,5299,9.703795885631718e-06,0.9999999995255041,1.1860651522493135
k5_kitkat,3.0,5690,-0.00018436066161733915,-2.0369655077951223e-10,12.37993424818
k5_kitkat,3.0,5691,-0.00018436066161733915,-2.481804776139371e-10,12.37993424818
k5_kitkat,3.0,6106,-5.760793144425141e-05,2.0606945961155714e-10,7.353800347527714
k5_kitkat,3.0,6107,-5.760793144425141e-05,5.58518615989407e-10,7.353800347527714
k5_kitkat,3.0,6188,-4.690202207898583e-05,-3.249630739219721e-10,6.760249498801603
k5_kitkat,3.0,6191,-4.618858608042051e-05,1.2263652882301556e-09,6.718832299756432
k5_kitkat,3.0,6192,-4.6044529762845484e-05,6.737877151626188e-10,6.710438359052836
k5_kitkat,3.0,6197,-4.592806782967178e-05,4.0847202955074904e-11,6.7036446175047715
k5_kitkat,3.0,6198,-4.592806782967178e-05,5.082780332605295e-10,6.7036446175047715
k5_kitkat,3.0,6199,-4.581085427414775e-05,-7.880730480755787e-10,6.696800071541991
k5_kitkat,3.0,6207,-4.581085427414775e-05,-4.6206461211618745e-10,6.696800071541991
k5_kitkat,3.0,6208,-4.581085427414775e-05,-6.142076500693729e-10,6.696800071541991
k5_kitkat,3.0,6423,-4.5578808325697456e-05,4.1049352226372457e-10,6.683229350090018
k5_kitkat,3.0,6424,-4.5578808325697456e-05,-1.3502285314361792e-10,6.683229350090018
k5_kitkat,3.0,6620,1.0900000566536542e-05,1.0000000005318315,0.6860880309594772
k5_kitkat,3.0,6621,1.0900000566536542e-05,1.0000000004084035,0.6860880309594772
k5_kitkat,3.0,6668,1.1214855923802806e-05,0.9999999997703433,0.47364704428899806
k5_kitkat,3.0,6679,1.1255742983700654e-05,1.0000000004156075,0.4385741388501655
k5_kitkat,3.0,6713,1.1255742983700654e-05,1.00000000057269,0.4385741388501655
k5_kitkat,3.0,6743,1.1253021344935617e-05,1.000000000174175,0.4409954260355939
k5_kitkat,3.0,6808,1.1255742983700654e-05,1.0000000005998484,0.4385741388501655
k5_kitkat,3.0,6817,1.1253021344935617e-05,1.0000000003800011,0.4409954260355939
k5_kitkat,3.0,0,-0.35999884464465365,-1.3234040322075337e-09,530.7628267484527
k5_kitkat,5.0,4,3.170022712923198e-05,1.0000000002968508,0.4409954260355939
k5_kitkat,5.0,17,3.170022712923198e-05,0.9999999998541655,0.4409954260355939
k5_kitkat,5.0,22,3.170022712923198e-05,1.000000000018173,0.4409954260355939
k5_kitkat,5.0,85,3.170022712923198e-05,1.000000000068705,0.4409954260355939
k5_kitkat,5.0,1187,-0.004014075059134783,1.1842887982683903e-09,56.267448866508296
k5_kitkat,5.0,1188,-0.004018421496808386,-2.0133438121738258e-10,56.297663383946315
k5_kitkat,5.0,1189,-0.004021585380101864,9.722479204332301e-10,56.319647110767455
k5_kitkat,5.0,1190,-0.004021585380101864,8.812277918568235e-10,56.319647110767455
k5_kitkat,5.0,1191,-0.004021585380101864,5.233981465866763e-10,56.319647110767455
k5_kitkat,5.0,1192,-0.004021585380101864,-1.572610923878695e-10,56.319647110767455
k5_kitkat,5.0,1193,-0.004021585380101864,5.328336608460783e-10,56.319647110767455
k5_kitkat,5.0,1194,-0.004021585380101864,1.0139312169228502e-09,56.319647110767455
k5_kitkat,5.0,1195,-0.004021585380101864,2.723283142072614e-10,56.319647110767455
k5_kitkat,5.0,1196,-0.004021585380101864,7.298085476831425e-10,56.319647110767455
k5_kitkat,5.0,1197,-0.004021585380101864,-4.936662770786958e-10,56.319647110767455
k5_kitkat,5.0,1198,-0.004021585380101864,7.155990196209573e-11,56.319647110767455
k5_kitkat,5.0,1199,-0.004021585380101864,7.330576501620925e-10,56.319647110767455
k5_kitkat,5.0,1200,-0.004021585380101864,5.620687681476265e-10,56.319647110767455
k5_kitkat,5.0,1201,-0.004021585380101864,3.111310251629296e-10,56.319647110767455
k5_kitkat,5.0,1202,-0.004021585380101864,2.2784813969232483e-10,56.319647110767455
k5_kitkat,5.0,1206,-0.014672957012270341,-4.767119161782134e-10,107.268974898703
k5_kitkat,5.0,1207,-0.014700586659195674,2.9242416502823525e-10,107.3697036300519
k5_kitkat,5.0,1211,-0.032933918976246604,4.850230008978077e-10,160.61099157142
k5_kitkat,5.0,1212,-0.03294301753739551,-1.846686738176484e-11,160.63315431444488
k5_kitkat,5.0,1213,-0.03298334935463869,-4.191519333648252e-10,160.73135983141933
k5_kitkat,5.0,1214,-0.032987047851811946,-2.681876859250582e-10,160.74036244333493
k5_kitkat,5.0,1215,-0.03306444114433897,-1.5803656160918815e-12,160.92863201586354
k5_kitkat,5.0,1216,-0.03306824266128793,6.613152754675549e-10,160.9378740413173
k5_kitkat,5.0,1217,-0.03316550666505138,4.0503369290380947e-10,161.1741563536305
k5_kitkat,5.0,1218,-0.03314768278074131,1.2038122179247854e-09,161.13088292827368
k5_kitkat,5.0,1225,-0.03314768278074131,6.501719807197661e-10,161.13088292827368
k5_kitkat,5.0,1226,-0.03314768278074131,4.809959436675138e-10,161.13088292827368
k5_kitkat,5.0,1228,-0.03314768278074131,3.548205949481605e-10,161.13088292827368
k5_kitkat,5.0,1229,-0.03314768278074131,3.122602177055173e-10,161.13088292827368
k5_kitkat,5.0,1273,-0.03314768278074131,-6.942801490308281e-10,161.13088292827368
k5_kitkat,5.0,1274,-0.03314768278074131,-2.845851420810549e-10,161.13088292827368
k5_kitkat,5.0,1277,-0.03314768278074131,3.367436862195337e-10,161.13088292827368
k5_kitkat,5.0,1278,-0.03314768278074131,-1.6760028912787489e-10,161.13088292827368
k5_kitkat,5.0,1279,-0.03314768278074131,9.322342298052509e-10,161.13088292827368
k5_kitkat,5.0,1282,-0.03315025385115668,-2.9077272349956205e-10,161.13712577669645
k5_kitkat,5.0,1283,-0.033146204318543135,-9.997550276650193e-10,161.12729294607422
k5_kitkat,5.0,1284,-0.03314479639750615,2.001663714418998e-10,161.12387417662757
k5_kitkat,5.0,1285,-0.033143502200485855,-5.558509962848394e-10,161.12073149233893
k5_kitkat,5.0,1286,-0.03314199816520407,-3.4478697553753507e-10,161.11707918311006
k5_kitkat,5.0,1289,-0.03318489717474446,1.2286894942466935e-10,161.22122009349835
k5_kitkat,5.0,1290,-0.03318765180003261,-1.1019390700437643e-10,161.22790487693467
k5_kitkat,5.0,1295,-0.03328261271503581,-4.695590169919808e-11,161.45818193108852
k5_kitkat,5.0,1296,-0.03328261271503581,7.572291531180661e-10,161.45818193108852
k5_kitkat,5.0,1313,-0.03333434353478862,-1.0306922832920226e-09,161.58348936223618
k5_kitkat,5.0,1321,-0.03333434353478862,4.176772208878264e-10,161.58348936223618
k5_kitkat,5.0,1333,-0.03333434353478862,-5.510453502209418e-10,161.58348936223618
k5_kitkat,5.0,1334,-0.03333434353478862,7.024340452561304e-10,161.58348936223618
k5_kitkat,5.0,1345,-0.033359782705642146,-2.3859400507377537e-10,161.64507497029015
k5_kitkat,5.0,1346,-0.033359782705642146,-4.036429099778231e-11,161.64507497029015
k5_kitkat,5.0,1347,-0.033359782705642146,4.713035012819452e-11,161.64507497029015
k5_kitkat,5.0,1348,-0.033359782705642146,2.714785133107827e-10,161.64507497029015
k5_kitkat,5.0,1356,-0.033359782705642146,-2.2688626903769117e-10,161.64507497029015
k5_kitkat,5.0,1357,-0.033359782705642146,-5.092492617967627e-10,161.64507497029015
k5_kitkat,5.0,1388,-0.033361622379458694,7.647100842143886e-11,161.64952772106415
k5_kitkat,5.0,1395,-0.03333111388756892,-3.617532364724913e-10,161.57566904028792
k5_kitkat,5.0,1424,-0.033148216200750445,-7.840327707969194e-10,161.13217815199386
k5_kitkat,5.0,1425,-0.033148216200750445,-5.32420119925128e-10,161.13217815199386
k5_kitkat,5.0,1433,-0.033148216200750445,-3.0906330997592494e-10,161.13217815199386
k5_kitkat,5.0,1434,-0.033148216200750445,-8.932438185865998e-10,161.13217815199386
k5_kitkat,5.0,1435,-0.033148216200750445,-5.40934778598935e-10,161.13217815199386
k5_kitkat,5.0,1436,-0.033148216200750445,8.124440521121926e-11,161.13217815199386
k5_kitkat,5.0,1437,-0.033148216200750445,9.52680324984378e-10,161.13217815199386
k5_kitkat,5.0,1438,-0.033148216200750445,-5.696884196972007e-10,161.13217815199386
k5_kitkat,5.0,1469,-0.03315097947738222,-3.8377000961658333e-10,161.13888763510175
k5_kitkat,5.0,1470,-0.03315097947738222,-4.792063187462587e-10,161.13888763510175
k5_kitkat,5.0,1473,-0.03315216013909233,-3.714153795398738e-10,161.14175430227797
k5_kitkat,5.0,1482,-0.03320053189309574,1.0524016137748935e-09,161.25915794940556
k5_kitkat,5.0,1506,-0.0333659366237393,5.809371836367631e-10,161.65996944687106
k5_kitkat,5.0,1507,-0.0333659366237393,-1.096193672656418e-10,161.65996944687106
k5_kitkat,5.0,1558,-0.03319813722635569,3.185670416813091e-11,161.25334783696044
k5_kitkat,5.0,1559,-0.03319813722635569,2.284932266622806e-09,161.25334783696044
k5_kitkat,5.0,1577,-0.03314831227917871,-9.056807390780035e-10,161.13241144370946
k5_kitkat,5.0,1578,-0.03314831227917871,-1.5006790030665202e-10,161.13241144370946
k5_kitkat,5.0,1580,-0.03314831227917871,3.62820988758396e-11,161.13241144370946
k5_kitkat,5.0,1581,-0.03314831227917871,-7.276420393828718e-10,161.13241144370946
k5_kitkat,5.0,1748,-0.034748701948604487,-8.839935005882147e-11,164.9726151381024
k5_kitkat,5.0,1755,-0.034741869068587644,-2.1821952617802715e-13,164.95640938244406
k5_kitkat,5.0,1783,-0.034741869068587644,7.646215464031417e-10,164.95640938244406
k5_kitkat,5.0,1784,-0.034741869068587644,1.615330961908153e-10,164.95640938244406
k5_kitkat,5.0,1828,-0.03474439718525812,-1.894168583234077e-10,164.9624055815258
k5_kitkat,5.0,1829,-0.034749433521100985,4.4657561189507896e-10,164.97435013717262
k5_kitkat,5.0,1830,-0.03475386022024594,2.9358005328470335e-10,164.9848481181592
k5_kitkat,5.0,1831,-0.03476005766205965,-2.494334414817981e-10,164.99954431883646
k5_kitkat,5.0,1852,-0.03426718043847885,5.940990101239947e-10,163.8266514220262
k5_kitkat,5.0,1859,-0.034221294595489685,-6.851362803533088e-11,163.71702998179788
k5_kitkat,5.0,1960,-0.03331932919895824,2.871254419100663e-10,161.54713018666894
k5_kitkat,5.0,1973,-0.03331385557650736,-1.3778626207529684e-09,161.53387305925804
k5_kitkat,5.0,2038,-0.033350693533185344,6.632454418190468e-10,161.62307371590546
k5_kitkat,5.0,2039,-0.033350693533185344,6.554494955035141e-10,161.62307371590546
k5_kitkat,5.0,2111,-0.033263446728189414,2.691316831481928e-10,161.4117315134291
k5_kitkat,5.0,2116,-0.033263446728189414,-2.8080397763083204e-10,161.4117315134291
k5_kitkat,5.0,2234,-0.03405353105663032,-3.6672861704287665e-10,163.31561600939582
k5_kitkat,5.0,2235,-0.03405353105663032,-6.774006237406104e-10,163.31561600939582
k5_kitkat,5.0,2236,-0.03405353105663032,8.94399264466527e-11,163.31561600939582
k5_kitkat,5.0,2269,-0.03405966681888866,-9.02943300275362e-10,163.33031465390164
k5_kitkat,5.0,2270,-0.03406516541125983,1.003110993842623e-09,163.3434857899276
k5_kitkat,5.0,2278,-0.034074938384087476,3.0756550918254285e-10,163.366893006582
k5_kitkat,5.0,2281,-0.034123973642124175,1.0259435323307121e-10,163.48428660718577
k5_kitkat,5.0,2284,-0.03412751955238108,-4.67534150505976e-10,163.49277247908282
k5_kitkat,5.0,2336,-0.034758385049011555,-3.43528344175394e-10,164.99557812464212
k5_kitkat,5.0,2337,-0.034758385049011555,-6.477844600392655e-10,164.99557812464212
k5_kitkat,5.0,2339,-0.034745544219604726,7.413043266155884e-10,164.96512605114015
k5_kitkat,5.0,2340,-0.034745544219604726,4.6161108186127986e-10,164.96512605114015
k5_kitkat,5.0,2392,-0.03486952373628584,5.772676404426401e-10,165.2589094651525
k5_kitkat,5.0,2393,-0.03486952373628584,-1.5635053153132014e-10,165.2589094651525
k5_kitkat,5.0,2402,-0.03482057083047802,3.315510063240921e-10,165.14297248639346
k5_kitkat,5.0,2403,-0.03482057083047802,6.710520526389548e-10,165.14297248639346
k5_kitkat,5.0,2411,-0.03482057083047802,3.3672416309094386e-10,165.14297248639346
k5_kitkat,5.0,2412,-0.03482057083047802,-4.887694666638213e-10,165.14297248639346
k5_kitkat,5.0,2470,-0.03475113769600273,1.0003819929955327e-11,164.97839169165937
k5_kitkat,5.0,2479,-0.034739905159548765,-8.593498857344605e-10,164.95175122326265
k5_kitkat,5.0,2486,-0.034739905159548765,4.640122545721995e-10,164.95175122326265
k5_kitkat,5.0,2487,-0.034739905159548765,5.764459681342499e-10,164.95175122326265
k5_kitkat,5.0,2535,-0.034739905159548765,-3.3088882338141885e-10,164.95175122326265
k5_kitkat,5.0,2542,-0.034739905159548765,4.1109252247499194e-10,164.95175122326265
k5_kitkat,5.0,2545,-0.034739905159548765,-4.252471076220096e-10,164.95175122326265
k5_kitkat,5.0,2546,-0.034739905159548765,3.080221600241151e-10,164.95175122326265
k5_kitkat,5.0,2547,-0.0347407411847412,-5.0831420620374176e-11,164.95373419188695
k5_kitkat,5.0,2552,-0.03474262720710473,-2.398644169489441e-10,164.95820756184702
k5_kitkat,5.0,2554,-0.03473869974015151,3.3465853242502454e-10,164.94889204635092
k5_kitkat,5.0,2562,-0.03467435928901234,-7.355706140069074e-10,164.79620866653784
k5_kitkat,5.0,2565,-0.03467435928901234,-5.27979153691248e-10,164.79620866653784
k5_kitkat,5.0,2568,-0.03463242175334159,2.8706338604926917e-10,164.69661242150374
k5_kitkat,5.0,2569,-0.03463242175334159,9.691206381701562e-11,164.69661242150374
k5_kitkat,5.0,2570,-0.03463096776454498,1.0245898405787835e-10,164.69315830511695
k5_kitkat,5.0,2623,-0.035485992170301,-6.720218118230704e-10,166.71201384608878
k5_kitkat,5.0,2628,-0.03548343954177542,4.5314632037916623e-10,166.70602304992715
k5_kitkat,5.0,2629,-0.03548091533296533,5.093357457241085e-11,166.70009874064263
k5_kitkat,5.0,2630,-0.03548091533296533,2.9421562289079066e-10,166.70009874064263
k5_kitkat,5.0,2633,-0.03548091533296533,1.8499490982725745e-10,166.70009874064263
k5_kitkat,5.0,2634,-0.035485992170301,-1.1824726120915367e-11,166.71201384608878
k5_kitkat,5.0,2635,-0.03548329174958788,2.0408381817353197e-10,166.70567618798034
k5_kitkat,5.0,2646,-0.03546510712895705,5.839146646466628e-11,166.66299215175732
k5_kitkat,5.0,2654,-0.03546510712895705,-7.767757556159868e-12,166.66299215175732
k5_kitkat,5.0,2655,-0.03546510712895705,3.3077381535345264e-10,166.66299215175732
k5_kitkat,5.0,2657,-0.03546510712895705,-5.54602314653455e-10,166.66299215175732
k5_kitkat,5.0,2658,-0.03546510712895705,2.9354043742449737e-10,166.66299215175732
k5_kitkat,5.0,2660,-0.03546510712895705,2.772886586733583e-10,166.66299215175732
k5_kitkat,5.0,2661,-0.03546510712895705,1.1838347377603365e-10,166.66299215175732
k5_kitkat,5.0,2948,-0.028957339135937454,-1.97974724524897e-10,150.61276484106088
k5_kitkat,5.0,2949,-0.028916581400562757,-6.392864111079398e-10,150.50684995242355
k5_kitkat,5.0,2960,-0.028588609160853796,-2.459659972124671e-10,149.65183800739752
k5_kitkat,5.0,2961,-0.028588609160853796,-4.667208476718319e-10,149.65183800739752
k5_kitkat,5.0,2964,-0.028588609160853796,-5.546369323048501e-10,149.65183800739752
k5_kitkat,5.0,2965,-0.028588609160853796,-2.8283279215580387e-10,149.65183800739752
k5_kitkat,5.0,2975,-0.028588609160853796,-9.187031259050496e-10,149.65183800739752
k5_kitkat,5.0,2976,-0.028588609160853796,-4.153196483276055e-10,149.65183800739752
k5_kitkat,5.0,3032,-0.028588609160853796,-4.3637138396875494e-10,149.65183800739752
k5_kitkat,5.0,3035,-0.028588609160853796,-2.1906272378166533e-10,149.65183800739752
k5_kitkat,5.0,3036,-0.028588609160853796,-2.985655438505821e-10,149.65183800739752
k5_kitkat,5.0,3039,-0.028577359608830018,7.341894530908064e-10,149.62242415731797
k5_kitkat,5.0,3243,-0.010477807167867713,2.548857119725902e-10,90.68580710346319
k5_kitkat,5.0,3246,-0.010477807167867713,3.988707420024258e-10,90.68580710346319
k5_kitkat,5.0,3576,-3.3654896892471546e-05,-3.5847743853386544e-10,7.164848777231444
k5_kitkat,5.0,3579,-3.275553305786599e-05,1.4521572377924266e-10,7.115567658037627
k5_kitkat,5.0,3684,3.1403468238231646e-05,0.9999999995836913,0.6532164191039603
k5_kitkat,5.0,3685,3.1403468238231646e-05,0.9999999995328077,0.6532164191039603
k5_kitkat,5.0,3686,3.1403468238231646e-05,1.0000000007357575,0.6532164191039603
k5_kitkat,5.0,3687,3.1403468238231646e-05,1.0000000007724745,0.6532164191039603
k5_kitkat,5.0,3688,3.1403468238231646e-05,0.9999999994312483,0.6532164191039603
k5_kitkat,5.0,3689,3.1403468238231646e-05,0.9999999997023793,0.6532164191039603
k5_kitkat,5.0,3710,3.128963535826865e-05,1.0000000009026329,0.7181686856111871
k5_kitkat,5.0,3711,3.128963535826865e-05,1.000000000569449,0.7181686856111871
k5_kitkat,5.0,3719,3.128963535826865e-05,1.0000000003346452,0.7181686856111871
k5_kitkat,5.0,3720,3.128963535826865e-05,1.0000000002191882,0.7181686856111871
k5_kitkat,5.0,3744,3.1396453640765986e-05,1.0000000006088703,0.6574044674270266
k5_kitkat,5.0,3745,3.1396453640765986e-05,0.999999999898614,0.6574044674270266
k5_kitkat,5.0,3753,3.1396453640765986e-05,1.0000000004286203,0.6574044674270266
k5_kitkat,5.0,3754,3.1396453640765986e-05,1.0000000006862457,0.6574044674270266
k5_kitkat,5.0,3792,3.138654487651043e-05,0.9999999997904565,0.6632754115850601
k5_kitkat,5.0,3793,3.138654487651043e-05,0.9999999998776107,0.6632754115850601
k5_kitkat,5.0,3953,3.1333179102337703e-05,0.9999999994922504,0.694041173379335
k5_kitkat,5.0,3954,3.1333179102337703e-05,1.0000000000126807,0.694041173379335
k5_kitkat,5.0,3957,3.133509319787982e-05,1.0000000006812655,0.6929613011051913
k5_kitkat,5.0,3958,3.133509319787982e-05,1.0000000006562968,0.6929613011051913
k5_kitkat,5.0,3968,3.133509319787982e-05,0.9999999998057959,0.6929613011051913
k5_kitkat,5.0,3969,3.133509319787982e-05,1.0000000002771872,0.6929613011051913
k5_kitkat,5.0,4142,-0.00016422486775271206,3.129331163856028e-11,12.38977210253078
k5_kitkat,5.0,4144,-0.00016422486775271206,6.688438515762457e-10,12.38977210253078
k5_kitkat,5.0,4146,2.2428855572052525e-05,1.0000000004547243,2.7293503042522875
k5_kitkat,5.0,4147,2.2428855572052525e-05,1.0000000003203786,2.7293503042522875
k5_kitkat,5.0,4151,3.133128435118869e-05,1.0000000003268008,0.6951084798909942
k5_kitkat,5.0,4152,3.133128435118869e-05,1.000000000723119,0.6951084798909942
k5_kitkat,5.0,4153,3.133128435118869e-05,1.0000000001883098,0.6951084798909942
k5_kitkat,5.0,4154,3.133128435118869e-05,1.0000000001813916,0.6951084798909942
k5_kitkat,5.0,4155,3.133128435118869e-05,1.0000000004367318,0.6951084798909942
k5_kitkat,5.0,4156,3.133128435118869e-05,1.0000000002877087,0.6951084798909942
k5_kitkat,5.0,4157,3.133128435118869e-05,0.9999999999712612,0.6951084798909942
k5_kitkat,5.0,4158,3.133128435118869e-05,1.0000000004698437,0.6951084798909942
k5_kitkat,5.0,4162,3.1128843922790046e-05,0.9999999998769789,0.8009906632840168
k5_kitkat,5.0,4163,3.1128843922790046e-05,1.0000000000816158,0.8009906632840168
k5_kitkat,5.0,4165,3.063429383667609e-05,0.9999999994153281,1.0141858665448706
k5_kitkat,5.0,4166,3.063429383667609e-05,1.000000000380489,1.0141858665448706
k5_kitkat,5.0,4275,-0.0003551291239337431,-6.124997219683941e-10,17.403723945210128
k5_kitkat,5.0,4276,-0.0003551291239337431,-9.26280530293601e-11,17.403723945210128
k5_kitkat,5.0,4575,-0.0010389019094436173,-1.4628536847082863e-10,28.947260104556022
k5_kitkat,5.0,4578,-0.0010380352686280253,-1.0170682135498099e-10,28.93554420634068
k5_kitkat,5.0,4585,-0.0010180545239357574,1.3321815371941774e-09,28.664101690511885
k5_kitkat,5.0,4622,-0.0009234841651451312,-3.1791056567159143e-10,27.342807749899467
k5_kitkat,5.0,4710,-0.0009758430220219835,1.7821049384064726e-10,28.08202447419198
k5_kitkat,5.0,4711,-0.0009758430220219835,9.610891160364264e-10,28.08202447419198
k5_kitkat,5.0,4713,-0.0009758430220219835,4.379084285571e-10,28.08202447419198
k5_kitkat,5.0,4714,-0.0009758430220219835,6.28829131750879e-10,28.08202447419198
k5_kitkat,5.0,4781,-0.0009668279613446575,1.353616072432778e-09,27.956140407532196
k5_kitkat,5.0,4788,-0.0009648355900324413,9.510815355765332e-10,27.928242872473245
k5_kitkat,5.0,4795,-0.0009534316644515259,6.454188293122293e-11,27.76802376639891
k5_kitkat,5.0,4800,-0.0009512625493112558,-2.3289428792661967e-10,27.737444092285553
k5_kitkat,5.0,4853,-0.000652493515250659,-5.419830543284777e-10,23.14256116729314
k5_kitkat,5.0,4862,-0.0006462987499516458,-4.2778256266846757e-10,23.03759351388699
k5_kitkat,5.0,5031,3.124951416024485e-05,0.9999999999610896,0.7397034669846151
k5_kitkat,5.0,5056,3.190314285627416e-05,0.9999999995164977,0.1889306733036772
k5_kitkat,5.0,5103,3.194875903796307e-05,0.9999999998743884,0.0
k5_kitkat,5.0,5104,3.194875903796307e-05,1.000000000320503,0.0
k5_kitkat,5.0,5140,3.133141770696385e-05,1.0000000002696832,0.6950334146797383
k5_kitkat,5.0,5143,3.133141770696385e-05,1.000000000182637,0.6950334146797383
k5_kitkat,5.0,5153,3.133141770696385e-05,1.0000000000915552,0.6950334146797383
k5_kitkat,5.0,5154,3.133141770696385e-05,1.0000000005225838,0.6950334146797383
k5_kitkat,5.0,5298,3.015100166992808e-05,1.0000000001165246,1.1860651522493135
k5_kitkat,5.0,5299,3.015100166992808e-05,0.999999999755196,1.1860651522493135
k5_kitkat,5.0,5690,-0.00016391345583304277,5.551231656722184e-10,12.37993424818
k5_kitkat,5.0,5691,-0.00016391345583304277,-4.914253321397886e-11,12.37993424818
k5_kitkat,5.0,6106,-3.716072565995505e-05,-3.7712992452304476e-10,7.353800347527714
k5_kitkat,5.0,6107,-3.716072565995505e-05,-5.130817019936074e-10,7.353800347527714
k5_kitkat,5.0,6188,-2.6454816294689464e-05,3.93833296888144e-10,6.760249498801603
k5_kitkat,5.0,6191,-2.5741380296124144e-05,-2.0859314269750353e-10,6.718832299756432
k5_kitkat,5.0,6192,-2.559732397854912e-05,5.884160443429214e-10,6.710438359052836
k5_kitkat,5.0,6197,-2.5480862045375417e-05,-1.5603403407127556e-10,6.7036446175047715
k5_kitkat,5.0,6198,-2.5480862045375417e-05,-3.129166619622426e-10,6.7036446175047715
k5_kitkat,5.0,6199,-2.5363648489851385e-05,1.7671969904745121e-10,6.696800071541991
k5_kitkat,5.0,6207,-2.5363648489851385e-05,2.062247042300443e-10,6.696800071541991
k5_kitkat,5.0,6208,-2.5363648489851385e-05,4.0063396512720577e-10,6.696800071541991
k5_kitkat,5.0,6423,-2.5131602541401092e-05,-7.1103880306474e-10,6.683229350090018
k5_kitkat,5.0,6424,-2.5131602541401092e-05,-3.511737624962e-10,6.683229350090018
k5_kitkat,5.0,6620,3.13472063508329e-05,0.9999999997311326,0.6860880309594772
k5_kitkat,5.0,6621,3.13472063508329e-05,0.9999999997466833,0.6860880309594772
k5_kitkat,5.0,6668,3.166206170809917e-05,1.000000000149878,0.47364704428899806
k5_kitkat,5.0,6679,3.170294876799702e-05,0.999999999808657,0.4385741388501655
k5_kitkat,5.0,6713,3.170294876799702e-05,0.9999999993879718,0.4385741388501655
k5_kitkat,5.0,6743,3.170022712923198e-05,1.0000000002515033,0.4409954260355939
k5_kitkat,5.0,6808,3.170294876799702e-05,0.9999999998802029,0.4385741388501655
k5_kitkat,5.0,6817,3.170022712923198e-05,0.9999999996663578,0.4409954260355939
k5_kitkat,5.0,0,-0.3599783974388694,-2.3197553210749648e-10,530.7628267484527
