dataset,radius,slot,step_input,he_output,dist_km
k5_jellybean,0.2,1,-9.531216596463327e-06,4.972474160076276e-10,2.7382851644765065
k5_jellybean,0.2,3,-9.677557436769352e-06,-6.085037739640518e-10,2.759115399815683
k5_jellybean,0.2,5,-0.0024315953807138727,6.943142854729915e-10,43.62075991901769
k5_jellybean,0.2,7,-0.0022937831312303267,1.0449283971281362e-09,42.366640135419495
k5_jellybean,0.2,9,-0.002430836844200831,6.616885335768717e-10,43.61395578035329
k5_jellybean,0.2,11,-0.0021348500939194145,-5.696020001983686e-11,40.87256557694776
k5_jellybean,0.2,13,-9.510646040017876e-06,1.3735050879718506e-10,2.7353444243328706
k5_jellybean,0.2,16,-2.6402978953982652e-05,-1.2729234222007823e-10,4.549770369051294
k5_jellybean,0.2,19,-9.506254080203054e-06,2.694148102383273e-10,2.734716145776295
k5_jellybean,0.2,21,-1.0070189752329867e-05,-3.1690112140574386e-10,2.814241239990112
k5_jellybean,0.2,23,-0.00023673725779782282,-1.3478031631190218e-10,13.612039375818723
k5_jellybean,0.2,25,-0.00012057787778772747,-5.970329430585757e-10,9.715582940922562
k5_jellybean,0.2,27,-9.483630795866522e-06,1.1942837011808458e-10,2.7314775506967157
k5_jellybean,0.2,29,-2.0383990527290877e-05,-3.6902618880891477e-10,3.9988165588507316
k5_jellybean,0.2,31,-2.0383990527290877e-05,3.5682247417082617e-10,3.9988165588507316
k5_jellybean,0.2,34,-1.99480980009067e-05,-4.788805601512314e-11,3.9559381515574787
k5_jellybean,0.2,36,-9.506604233368374e-06,-3.3568325649256195e-10,2.7347662411756772
k5_jellybean,0.2,38,-9.49814085659661e-06,5.936564179224837e-10,2.7335551532949536
k5_jellybean,0.2,40,-0.00014226947992216894,-5.558131527061893e-10,10.553023062950583
k5_jellybean,0.2,42,-0.0024310800252327134,-5.789116242170553e-10,43.616137251012674
k5_jellybean,0.2,44,-0.0024278080668253274,-3.474555920048761e-10,43.58677679535813
k5_jellybean,0.2,46,-0.0024310800252327134,-6.554252697793111e-10,43.616137251012674
k5_jellybean,0.2,48,-0.0024278080668253274,-4.642758807124269e-11,43.58677679535813
k5_jellybean,0.2,50,-8.247278603428399e-06,-6.53106160314649e-10,2.5482386666733046
k5_jellybean,0.2,53,-8.24242019668566e-06,-6.223988058401489e-10,2.547492607338856
k5_jellybean,0.2,56,-8.24242019668566e-06,-2.3274431691781583e-10,2.547492607338856
k5_jellybean,0.2,59,-8.24242019668566e-06,-6.722144141558628e-10,2.547492607338856
k5_jellybean,0.2,62,-9.642571900619405e-06,-3.4307959258120485e-10,2.754149869248217
k5_jellybean,0.2,65,-9.586295770558193e-06,3.745911846063044e-10,2.74614370733123
k5_jellybean,0.2,68,-9.586295770558193e-06,-3.38543726447895e-10,2.74614370733123
k5_jellybean,0.2,71,-1.0913377976272065e-05,-3.471545150318436e-10,2.929121212430598
k5_jellybean,0.2,74,-3.133643992662866e-05,-1.5438252442125876e-10,4.955891287595548
k5_jellybean,0.2,77,-9.5696150339646e-06,1.9914596971391433e-10,2.7437661224638648
k5_jellybean,0.2,80,-0.0002540391120985043,4.926288398005055e-11,14.100580448212929
k5_jellybean,0.2,82,-0.0002531588177527057,-8.013888471569644e-11,14.076133560192018
k5_jellybean,0.2,84,-2.4941213226964257e-05,-1.8485232399455259e-10,4.422281575720752
k5_jellybean,0.2,86,5.111801446074093e-08,1.0000000004008507,0.0
k5_jellybean,0.2,88,-2.6396304673980492e-05,-5.698794946123169e-10,4.549196386937969
k5_jellybean,0.2,91,-6.245710892396882e-05,-6.745541129115168e-10,6.993774053260166
k5_jellybean,0.2,94,-6.233753604996753e-05,-5.203355938885398e-11,6.987081606411762
k5_jellybean,0.2,97,-9.563219208056332e-06,1.211358487130984e-09,2.74285394831339
k5_jellybean,0.2,100,-6.5653679908999225e-06,-2.2683979908044705e-10,2.275394513358442
k5_jellybean,0.2,102,-8.76432124178142e-06,4.530019459443025e-11,2.6264248935216594
k5_jellybean,0.2,104,-8.76432124178142e-06,-7.41566161721269e-10,2.6264248935216594
k5_jellybean,0.2,107,-8.910064754140099e-06,-1.8983934044281775e-10,2.648046913841133
k5_jellybean,0.2,110,-9.510646040017876e-06,1.7504285990205442e-10,2.7353444243328706
k5_jellybean,0.2,112,-9.966542257025275e-06,-4.298912429000507e-10,2.799794506775949
k5_jellybean,0.2,114,-0.002437252259640048,-3.619665134338854e-10,43.6714691838907
k5_jellybean,0.2,116,-0.0022191666224989576,-5.0364775369527886e-11,41.67186765612977
k5_jellybean,0.2,118,-2.6434301721759324e-05,4.793004965118709e-10,4.552463132311251
k5_jellybean,0.2,121,-9.51994064331798e-06,4.128113881292998e-11,2.7366735601374064
k5_jellybean,0.2,123,-2.933777375254401e-05,1.1220655058830319e-10,4.795507915156257
k5_jellybean,0.2,125,-0.001186119447621806,1.5484045979141957e-10,30.46608005289624
k5_jellybean,0.2,128,-0.0005213510528154019,2.8145911075412396e-10,20.198979336868078
k5_jellybean,0.2,130,-0.00012085606248926804,-2.7407035007032165e-10,9.726779130177333
k5_jellybean,0.2,132,-9.517497793144972e-06,-3.220761910457727e-10,2.736324293125803
k5_jellybean,0.2,134,-9.583145234092266e-06,-3.691173744621261e-12,2.7456948040629627
k5_jellybean,0.2,135,-2.6226063587247947e-05,-1.1485112950554212e-09,4.5345312442123005
k5_jellybean,0.2,137,-2.6226063587247947e-05,-2.874493425037501e-10,4.5345312442123005
k5_jellybean,0.2,140,-2.6161219117318395e-05,-4.906972222964351e-10,4.528932833688872
k5_jellybean,0.2,142,-9.52960579586478e-06,1.1675387519881579e-09,2.738055000485007
k5_jellybean,0.2,145,-9.52960579586478e-06,3.5366481803714064e-10,2.738055000485007
k5_jellybean,0.2,147,-9.692908676018098e-06,8.838337123594797e-11,2.761291397220719
k5_jellybean,0.2,149,-0.0003749157036858096,7.219101555994278e-10,17.129292609582922
k5_jellybean,0.2,151,-0.0002406280952141099,-5.056618573247342e-10,13.723418231065708
k5_jellybean,0.2,152,-9.64942471945193e-06,-9.219478160492683e-10,2.7551232011689013
k5_jellybean,0.2,154,-9.64942471945193e-06,3.759745784402203e-10,2.7551232011689013
k5_jellybean,0.2,156,-9.64942471945193e-06,-2.7264623565837105e-10,2.7551232011689013
k5_jellybean,0.2,158,5.078708920645469e-08,1.000000000170155,0.016091923638702973
k5_jellybean,0.2,160,-9.64942471945193e-06,-2.720308041793501e-10,2.7551232011689013
k5_jellybean,0.2,162,5.078708920645469e-08,1.0000000000090132,0.016091923638702973
k5_jellybean,0.2,164,-0.0024306065561515923,2.877371850845636e-10,43.61188986640833
k5_jellybean,0.2,166,-0.002431449639295156,-2.3084257468682104e-10,43.61945268815586
k5_jellybean,0.2,169,-0.002431449639295156,-3.479783529196423e-10,43.61945268815586
k5_jellybean,0.2,171,-0.0024248551626693043,2.151700686098951e-10,43.560262338839074
k5_jellybean,0.2,173,-0.002431449639295156,-1.433549793932431e-10,43.61945268815586
k5_jellybean,0.2,175,-0.0024248551626693043,-4.767638516428152e-10,43.560262338839074
k5_jellybean,0.2,177,-0.002431449639295156,1.4507496721405017e-10,43.61945268815586
k5_jellybean,0.2,179,-0.0024248551626693043,-2.57391138363798e-10,43.560262338839074
k5_jellybean,0.2,181,-9.642571900619405e-06,-1.0102064166563947e-09,2.754149869248217
k5_jellybean,0.2,184,-9.642571900619405e-06,-1.528793751948556e-10,2.754149869248217
k5_jellybean,0.2,186,-9.642571900619405e-06,-5.29018474028965e-10,2.754149869248217
k5_jellybean,0.2,189,-9.47517679409476e-06,1.1236706687024233e-09,2.7302663474754754
k5_jellybean,0.2,191,-9.46513288291183e-06,-3.267452865162529e-10,2.728826659474686
k5_jellybean,0.2,192,-9.572495382907759e-06,-6.576188760317611e-10,2.7441768194648244
k5_jellybean,0.2,194,-9.5801875704102e-06,-8.786856327444452e-10,2.745273315415976
k5_jellybean,0.2,195,-3.093685229799719e-05,3.921767731769143e-10,4.924244097698194
k5_jellybean,0.2,197,-3.0950725356095385e-05,-6.61240482834223e-11,4.925346246040596
k5_jellybean,0.2,199,-9.621090856597416e-06,3.692667607745977e-10,2.7510966033112645
k5_jellybean,0.2,201,-9.620290391348425e-06,6.498241640438799e-11,2.750982761539387
k5_jellybean,0.2,203,-9.621090856597416e-06,4.98085461800658e-10,2.7510966033112645
k5_jellybean,0.2,205,-9.620290391348425e-06,7.491086048159833e-10,2.750982761539387
k5_jellybean,0.2,207,-3.509987609614733e-07,3.94863404444527e-10,0.5609434781842924
k5_jellybean,0.2,209,1.8601066045822018e-08,0.9986390219208268,0.1595136667991456
k5_jellybean,0.2,211,-0.0024342771757875736,-2.3553361945129704e-10,43.644807350021274
k5_jellybean,0.2,213,-0.002434283283406514,-1.0181137769780279e-10,43.644862101404954
k5_jellybean,0.2,215,-9.509483270555642e-06,2.5778901493700544e-10,2.735178101902854
k5_jellybean,0.2,218,-9.536476794097883e-06,-2.9427521690374364e-10,2.7390366486149396
k5_jellybean,0.2,221,-2.6465863346001455e-05,3.310852963949694e-11,4.555174819577347
k5_jellybean,0.2,223,-2.6464783641484703e-05,-7.146899115610095e-10,4.5550820810256605
k5_jellybean,0.2,225,-9.52482077055506e-06,-7.244306650383364e-11,2.737371163907096
k5_jellybean,0.2,227,-0.00039451182571262523,2.2526027324054893e-10,17.57118919440943
k5_jellybean,0.2,229,-0.0024310736057185636,-2.934208058530493e-10,43.61607966576149
k5_jellybean,0.2,232,-0.0024310736057185636,-1.9142024043251437e-10,43.61607966576149
k5_jellybean,0.2,234,-0.0023641079007222193,6.343232447979748e-10,43.01117924354588
k5_jellybean,0.2,236,-0.0024310736057185636,-1.7848480742264287e-10,43.61607966576149
k5_jellybean,0.2,238,-0.0023641079007222193,9.76462997630437e-10,43.01117924354588
k5_jellybean,0.2,240,-0.0024310736057185636,-3.0078861761080327e-10,43.61607966576149
k5_jellybean,0.2,242,-0.0023641079007222193,1.959740519433045e-09,43.01117924354588
k5_jellybean,0.2,244,-0.0024310736057185636,-1.4488293862456861e-10,43.61607966576149
k5_jellybean,0.2,246,-0.0023641079007222193,2.1412402066076798e-10,43.01117924354588
k5_jellybean,0.2,248,-0.0024310736057185636,-4.973702961250325e-10,43.61607966576149
k5_jellybean,0.2,250,-0.0023641079007222193,2.422310878179121e-10,43.01117924354588
k5_jellybean,0.2,252,-0.0024310736057185636,-3.053247067470164e-11,43.61607966576149
k5_jellybean,0.2,254,-0.0023641079007222193,-2.6443923313544678e-09,43.01117924354588
k5_jellybean,0.2,256,-0.0024310736057185636,-2.1892770088808854e-10,43.61607966576149
k5_jellybean,0.2,258,-0.0023641079007222193,6.890311700471339e-11,43.01117924354588
k5_jellybean,0.2,260,-0.0024310736057185636,-3.0886995422936524e-10,43.61607966576149
k5_jellybean,0.2,262,-0.0023641079007222193,1.4997799409558106e-09,43.01117924354588
k5_jellybean,0.2,264,-0.0024310736057185636,-3.661986767110869e-10,43.61607966576149
k5_jellybean,0.2,266,-0.0023641079007222193,5.302022971533818e-10,43.01117924354588
k5_jellybean,0.2,268,-0.0024310736057185636,2.9536352406273487e-10,43.61607966576149
k5_jellybean,0.2,270,-0.0023641079007222193,7.18387031073575e-10,43.01117924354588
k5_jellybean,0.2,272,-0.0024310736057185636,-6.989653655168022e-10,43.61607966576149
k5_jellybean,0.2,274,-0.0023641079007222193,2.5851191731137297e-10,43.01117924354588
k5_jellybean,0.2,276,-0.0024310736057185636,-4.021274022644514e-10,43.61607966576149
k5_jellybean,0.2,278,-0.0023641079007222193,4.756930448799034e-10,43.01117924354588
k5_jellybean,0.2,280,-0.0024310736057185636,-1.7504847470074142e-10,43.61607966576149
k5_jellybean,0.2,282,-0.0023641079007222193,5.8967755776548e-10,43.01117924354588
k5_jellybean,0.2,284,-0.0024310736057185636,-2.739410813961453e-10,43.61607966576149
k5_jellybean,0.2,286,-0.0023641079007222193,4.6120496026418604e-11,43.01117924354588
k5_jellybean,0.2,288,-0.0024310736057185636,1.1728204707385361e-11,43.61607966576149
k5_jellybean,0.2,290,-0.0023641079007222193,6.664316681896678e-10,43.01117924354588
k5_jellybean,0.2,292,-0.0024310736057185636,3.842105256428734e-11,43.61607966576149
k5_jellybean,0.2,294,-0.0023641079007222193,-2.51314117096334e-10,43.01117924354588
k5_jellybean,0.2,296,-0.0024310736057185636,-1.534064866062571e-10,43.61607966576149
k5_jellybean,0.2,298,-0.0023641079007222193,8.608560853671593e-10,43.01117924354588
k5_jellybean,0.2,300,-0.0024310736057185636,-7.609322908569808e-10,43.61607966576149
k5_jellybean,0.2,302,-0.0023641079007222193,4.760505135046043e-10,43.01117924354588
k5_jellybean,0.2,304,-0.0024310736057185636,-4.5137688534728524e-11,43.61607966576149
k5_jellybean,0.2,306,-0.0023641079007222193,4.437649757023128e-10,43.01117924354588
k5_jellybean,0.2,308,-0.0024310736057185636,-3.7878546159386665e-10,43.61607966576149
k5_jellybean,0.2,310,-0.0023641079007222193,-3.1078575913501796e-10,43.01117924354588
k5_jellybean,0.2,312,-0.0024310736057185636,-1.1681375750898237e-09,43.61607966576149
k5_jellybean,0.2,314,-0.0023641079007222193,6.980390085764103e-10,43.01117924354588
k5_jellybean,0.2,315,-2.4472314571043905e-05,2.2269767000210076e-10,4.380600384305171
k5_jellybean,0.2,317,-2.4472314571043905e-05,1.8178971342004292e-10,4.380600384305171
k5_jellybean,0.2,319,-2.4472314571043905e-05,-3.5376483415608734e-11,4.380600384305171
k5_jellybean,0.2,321,-2.4472314571043905e-05,8.748020732701589e-11,4.380600384305171
k5_jellybean,0.2,323,-2.4472314571043905e-05,5.036710599563416e-10,4.380600384305171
k5_jellybean,0.2,325,-2.4472314571043905e-05,1.7314093425058125e-10,4.380600384305171
k5_jellybean,0.2,327,-2.4472314571043905e-05,8.800055071364791e-10,4.380600384305171
k5_jellybean,0.2,329,-2.4472314571043905e-05,4.433766759447623e-10,4.380600384305171
k5_jellybean,0.2,331,-2.4472314571043905e-05,6.952989742089066e-11,4.380600384305171
k5_jellybean,0.2,333,-2.4472314571043905e-05,3.747447892248295e-10,4.380600384305171
k5_jellybean,0.2,335,-2.4472314571043905e-05,9.450222861986175e-11,4.380600384305171
k5_jellybean,0.2,337,-2.4472314571043905e-05,-1.782517516455469e-10,4.380600384305171
k5_jellybean,0.2,339,-2.4472314571043905e-05,2.61291006289936e-10,4.380600384305171
k5_jellybean,0.2,341,-2.4472314571043905e-05,6.175806473115985e-10,4.380600384305171
k5_jellybean,0.2,343,-2.4472314571043905e-05,5.207539362730946e-10,4.380600384305171
k5_jellybean,0.2,345,-2.4472314571043905e-05,3.062550221292545e-10,4.380600384305171
k5_jellybean,0.2,347,-2.4472314571043905e-05,4.771106125708364e-10,4.380600384305171
k5_jellybean,0.2,349,-2.4472314571043905e-05,3.1176243133577e-11,4.380600384305171
k5_jellybean,0.2,351,-2.4472314571043905e-05,1.304894681467605e-10,4.380600384305171
k5_jellybean,0.2,353,-2.4472314571043905e-05,5.638174216717094e-10,4.380600384305171
k5_jellybean,0.2,355,-2.4472314571043905e-05,2.915321922643316e-11,4.380600384305171
k5_jellybean,0.2,356,-2.4472314571043905e-05,7.571243073069098e-10,4.380600384305171
k5_jellybean,0.2,357,-2.4472314571043905e-05,5.8308774682712e-10,4.380600384305171
k5_jellybean,0.2,358,-2.4472314571043905e-05,-3.215834009535945e-10,4.380600384305171
k5_jellybean,0.2,359,-2.4472314571043905e-05,-2.992409329045589e-10,4.380600384305171
k5_jellybean,0.2,360,-2.4472314571043905e-05,5.097767646633187e-10,4.380600384305171
k5_jellybean,0.2,361,-2.4472314571043905e-05,-1.7978473080624646e-10,4.380600384305171
k5_jellybean,0.2,362,-2.4472314571043905e-05,-1.9688733929202435e-10,4.380600384305171
k5_jellybean,0.2,363,-2.4472314571043905e-05,3.8800262811213244e-10,4.380600384305171
k5_jellybean,0.2,364,-2.4472314571043905e-05,3.2717009282447526e-10,4.380600384305171
k5_jellybean,0.2,365,-2.4472314571043905e-05,5.147843114722047e-10,4.380600384305171
k5_jellybean,0.2,366,-2.4472314571043905e-05,3.940904178548084e-10,4.380600384305171
k5_jellybean,0.2,367,-2.4472314571043905e-05,6.637499222040277e-10,4.380600384305171
k5_jellybean,0.2,368,-2.4472314571043905e-05,2.1055187566363764e-10,4.380600384305171
k5_jellybean,0.2,369,-2.4472314571043905e-05,4.683611610214004e-10,4.380600384305171
k5_jellybean,0.2,370,-2.4472314571043905e-05,1.0658368393028033e-09,4.380600384305171
k5_jellybean,0.2,371,-2.4472314571043905e-05,1.9495883013328785e-10,4.380600384305171
k5_jellybean,0.2,372,-2.4472314571043905e-05,1.5963945357256108e-09,4.380600384305171
k5_jellybean,0.2,373,-2.4472314571043905e-05,-9.059114316350956e-11,4.380600384305171
k5_jellybean,0.2,374,-2.4472314571043905e-05,4.669786370785922e-10,4.380600384305171
k5_jellybean,0.2,376,-2.4472314571043905e-05,3.8259780150543813e-10,4.380600384305171
k5_jellybean,0.2,378,-2.4472314571043905e-05,-3.4861560437955245e-10,4.380600384305171
k5_jellybean,0.2,380,-2.4472314571043905e-05,2.2526375430259057e-10,4.380600384305171
k5_jellybean,0.2,382,-2.4472314571043905e-05,5.656530756371679e-10,4.380600384305171
k5_jellybean,0.2,384,-2.4472314571043905e-05,-2.1828012667510628e-10,4.380600384305171
k5_jellybean,0.2,386,-2.4472314571043905e-05,1.7039139588913034e-10,4.380600384305171
k5_jellybean,0.2,388,-2.4472314571043905e-05,4.665814294093454e-10,4.380600384305171
k5_jellybean,0.2,390,-2.4472314571043905e-05,9.830909692753242e-11,4.380600384305171
k5_jellybean,0.2,392,-2.4472314571043905e-05,3.3009001196224864e-10,4.380600384305171
k5_jellybean,0.2,394,-2.4472314571043905e-05,2.4050012325016785e-10,4.380600384305171
k5_jellybean,0.2,396,-2.4472314571043905e-05,8.531372370321081e-10,4.380600384305171
k5_jellybean,0.2,398,-2.4472314571043905e-05,-8.825915961808831e-11,4.380600384305171
k5_jellybean,0.2,400,-2.4472314571043905e-05,8.716063269301752e-11,4.380600384305171
k5_jellybean,0.2,402,-2.4472314571043905e-05,3.987429876575499e-10,4.380600384305171
k5_jellybean,0.2,404,-2.4472314571043905e-05,3.9122573915713154e-10,4.380600384305171
k5_jellybean,0.2,406,-2.4472314571043905e-05,2.1817324839847316e-10,4.380600384305171
k5_jellybean,0.2,408,-2.4472314571043905e-05,3.5482891004063226e-10,4.380600384305171
k5_jellybean,0.2,411,-2.4472314571043905e-05,3.8302671915837794e-10,4.380600384305171
k5_jellybean,0.2,414,-2.4472314571043905e-05,1.7470647102590714e-10,4.380600384305171
k5_jellybean,0.2,417,-2.4472314571043905e-05,4.920151216668979e-10,4.380600384305171
k5_jellybean,0.2,420,-2.4472314571043905e-05,3.919072380471313e-10,4.380600384305171
k5_jellybean,0.2,423,-2.4472314571043905e-05,5.56201993233426e-10,4.380600384305171
k5_jellybean,0.2,426,-2.4472314571043905e-05,7.243552997006915e-10,4.380600384305171
k5_jellybean,0.2,429,-2.4472314571043905e-05,6.929678141313157e-10,4.380600384305171
k5_jellybean,0.2,432,-2.4472314571043905e-05,8.062921354680864e-10,4.380600384305171
k5_jellybean,0.2,435,-2.4472314571043905e-05,3.7633482532519703e-10,4.380600384305171
k5_jellybean,0.2,438,-2.4472314571043905e-05,6.771415278390535e-10,4.380600384305171
k5_jellybean,0.2,441,-2.4472314571043905e-05,3.6875681093882945e-11,4.380600384305171
k5_jellybean,0.2,444,-2.4472314571043905e-05,-8.5111622259349e-10,4.380600384305171
k5_jellybean,0.2,447,-2.4472314571043905e-05,3.1817607743875755e-10,4.380600384305171
k5_jellybean,0.2,450,-2.4472314571043905e-05,5.490701371583187e-10,4.380600384305171
k5_jellybean,0.2,453,-2.4472314571043905e-05,9.00871382537941e-10,4.380600384305171
k5_jellybean,0.2,456,-2.4472314571043905e-05,-5.338300395825031e-13,4.380600384305171
k5_jellybean,0.2,458,-2.4472314571043905e-05,1.9219904689362058e-10,4.380600384305171
k5_jellybean,0.2,459,-2.4472314571043905e-05,9.346223085559813e-10,4.380600384305171
k5_jellybean,0.2,460,-2.4472314571043905e-05,4.3882442740521065e-10,4.380600384305171
k5_jellybean,0.2,461,-2.4472314571043905e-05,5.399966040183261e-11,4.380600384305171
k5_jellybean,0.2,462,-2.4472314571043905e-05,-2.2112403071800957e-10,4.380600384305171
k5_jellybean,0.2,463,-2.4472314571043905e-05,4.53584298591647e-10,4.380600384305171
k5_jellybean,0.2,464,-2.4472314571043905e-05,3.962478230833342e-10,4.380600384305171
k5_jellybean,0.2,465,-2.4472314571043905e-05,1.9630914708082017e-10,4.380600384305171
k5_jellybean,0.2,466,-2.4472314571043905e-05,2.762141590065308e-10,4.380600384305171
k5_jellybean,0.2,467,-2.4472314571043905e-05,-1.0991656701128506e-09,4.380600384305171
k5_jellybean,0.2,468,-2.4472314571043905e-05,7.65985790090879e-10,4.380600384305171
k5_jellybean,0.2,469,-2.4472314571043905e-05,8.425826791488824e-11,4.380600384305171
k5_jellybean,0.2,470,-2.4472314571043905e-05,5.190276641490555e-10,4.380600384305171
k5_jellybean,0.2,471,-2.4472314571043905e-05,2.045898072286565e-10,4.380600384305171
k5_jellybean,0.2,472,-2.4472314571043905e-05,7.45546281727299e-10,4.380600384305171
k5_jellybean,0.2,473,-2.4472314571043905e-05,-1.1189171077935844e-10,4.380600384305171
k5_jellybean,0.2,475,-2.4472314571043905e-05,6.36400881042102e-10,4.380600384305171
k5_jellybean,0.2,477,-2.4472314571043905e-05,2.947056229636349e-10,4.380600384305171
k5_jellybean,0.2,479,-2.4472314571043905e-05,8.864346540484682e-10,4.380600384305171
k5_jellybean,0.2,481,-2.4472314571043905e-05,4.5779922315586966e-10,4.380600384305171
k5_jellybean,0.2,483,-2.4472314571043905e-05,2.4482721684493503e-10,4.380600384305171
k5_jellybean,0.2,485,-2.4472314571043905e-05,-4.396030465866072e-10,4.380600384305171
k5_jellybean,0.2,487,-2.4472314571043905e-05,-2.5632400466735325e-10,4.380600384305171
k5_jellybean,0.2,489,-2.4472314571043905e-05,6.675455677136862e-10,4.380600384305171
k5_jellybean,0.2,491,-2.4472314571043905e-05,1.5636581824028372e-10,4.380600384305171
k5_jellybean,0.2,493,-2.4472314571043905e-05,4.5176482081801335e-10,4.380600384305171
k5_jellybean,0.2,495,-2.4472314571043905e-05,3.992523602519954e-12,4.380600384305171
k5_jellybean,0.2,497,-2.4472314571043905e-05,-2.0788454597462687e-10,4.380600384305171
k5_jellybean,0.2,499,-2.4472314571043905e-05,9.937251382384377e-10,4.380600384305171
k5_jellybean,0.2,501,-2.4472314571043905e-05,4.1078606895555725e-10,4.380600384305171
k5_jellybean,0.2,502,-2.4472314571043905e-05,8.009897494863145e-10,4.380600384305171
k5_jellybean,0.2,503,-2.4472314571043905e-05,2.358509050110883e-10,4.380600384305171
k5_jellybean,0.2,504,-2.4472314571043905e-05,5.893577887848211e-11,4.380600384305171
k5_jellybean,0.2,505,-2.4472314571043905e-05,3.478003005741551e-10,4.380600384305171
k5_jellybean,0.2,506,-2.4472314571043905e-05,-1.2910752158530669e-11,4.380600384305171
k5_jellybean,0.2,507,-2.4472314571043905e-05,9.183288117236749e-11,4.380600384305171
k5_jellybean,0.2,508,-2.4472314571043905e-05,6.592824700390034e-10,4.380600384305171
k5_jellybean,0.2,509,-2.4472314571043905e-05,-1.0696982873043994e-10,4.380600384305171
k5_jellybean,0.2,510,-2.4472314571043905e-05,-9.699232208060397e-10,4.380600384305171
k5_jellybean,0.2,511,-2.4472314571043905e-05,4.792200880530061e-10,4.380600384305171
k5_jellybean,0.2,512,-2.4472314571043905e-05,-1.1553614691664755e-09,4.380600384305171
k5_jellybean,0.2,513,-2.4472314571043905e-05,5.959434750511909e-10,4.380600384305171
k5_jellybean,0.2,514,-2.4472314571043905e-05,1.1394322442350189e-09,4.380600384305171
k5_jellybean,0.2,515,-2.4472314571043905e-05,6.517923934611287e-10,4.380600384305171
k5_jellybean,0.2,516,-2.4472314571043905e-05,4.15146922103578e-10,4.380600384305171
k5_jellybean,0.2,517,-2.4472314571043905e-05,6.920894428574599e-10,4.380600384305171
k5_jellybean,0.2,518,-2.4472314571043905e-05,2.4491206171930215e-10,4.380600384305171
k5_jellybean,0.2,519,-2.4472314571043905e-05,4.637664050243848e-10,4.380600384305171
k5_jellybean,0.2,520,-2.4472314571043905e-05,3.401634130350511e-10,4.380600384305171
k5_jellybean,0.2,521,-2.4472314571043905e-05,3.482267716381914e-10,4.380600384305171
k5_jellybean,0.2,522,-2.4472314571043905e-05,9.685644684448453e-10,4.380600384305171
k5_jellybean,0.2,523,-2.4472314571043905e-05,3.973474691792567e-10,4.380600384305171
k5_jellybean,0.2,524,-2.4472314571043905e-05,2.624102707109913e-10,4.380600384305171
k5_jellybean,0.2,525,-2.4472314571043905e-05,6.964091942982862e-10,4.380600384305171
k5_jellybean,0.2,526,-2.4472314571043905e-05,2.7451959287470216e-10,4.380600384305171
k5_jellybean,0.2,527,-2.4472314571043905e-05,3.4243885727601855e-10,4.380600384305171
k5_jellybean,0.2,528,-2.4472314571043905e-05,-4.0695330843634123e-10,4.380600384305171
k5_jellybean,0.2,529,-2.4472314571043905e-05,6.030863813769469e-11,4.380600384305171
k5_jellybean,0.2,530,-2.4472314571043905e-05,8.150538807369599e-10,4.380600384305171
k5_jellybean,0.2,531,-2.4472314571043905e-05,1.7211463146003655e-09,4.380600384305171
k5_jellybean,0.2,532,-2.4472314571043905e-05,3.4433515849417526e-11,4.380600384305171
k5_jellybean,0.2,533,-2.4472314571043905e-05,-7.773192647860914e-10,4.380600384305171
k5_jellybean,0.2,534,-2.4472314571043905e-05,4.566809670087247e-10,4.380600384305171
k5_jellybean,0.2,535,-2.4472314571043905e-05,3.299846061176583e-10,4.380600384305171
k5_jellybean,0.2,537,-2.4472314571043905e-05,-4.4896454717884776e-11,4.380600384305171
k5_jellybean,0.2,539,-2.4472314571043905e-05,1.1312774213894127e-09,4.380600384305171
k5_jellybean,0.2,541,-2.4472314571043905e-05,6.000548216054354e-10,4.380600384305171
k5_jellybean,0.2,543,-2.4472314571043905e-05,1.2742315506335992e-10,4.380600384305171
k5_jellybean,0.2,545,-2.4472314571043905e-05,3.433340940144657e-10,4.380600384305171
k5_jellybean,0.2,547,-2.4472314571043905e-05,1.3590720868305177e-10,4.380600384305171
k5_jellybean,0.2,549,-2.4472314571043905e-05,4.808275118359065e-10,4.380600384305171
k5_jellybean,0.2,551,-2.4472314571043905e-05,-2.854380751933598e-10,4.380600384305171
k5_jellybean,0.2,553,-2.4472314571043905e-05,2.336951647220422e-10,4.380600384305171
k5_jellybean,0.2,555,-2.4472314571043905e-05,-8.506193855240387e-10,4.380600384305171
k5_jellybean,0.2,557,-2.4472314571043905e-05,2.0635503541027497e-10,4.380600384305171
k5_jellybean,0.2,559,-2.4472314571043905e-05,1.3446167282939007e-09,4.380600384305171
k5_jellybean,0.2,561,-2.4472314571043905e-05,3.319858051302711e-10,4.380600384305171
k5_jellybean,0.2,563,-2.4472314571043905e-05,2.965558711600825e-11,4.380600384305171
k5_jellybean,0.2,565,-2.4472314571043905e-05,3.912382127343949e-10,4.380600384305171
k5_jellybean,0.2,567,-2.4472314571043905e-05,3.9546643746825103e-10,4.380600384305171
k5_jellybean,0.2,569,-2.4472314571043905e-05,4.534182236045001e-10,4.380600384305171
k5_jellybean,0.2,570,-2.4472314571043905e-05,2.4790032545058347e-10,4.380600384305171
k5_jellybean,0.2,571,-2.4472314571043905e-05,-6.851915795464546e-11,4.380600384305171
k5_jellybean,0.2,572,-2.4472314571043905e-05,3.866559901458207e-10,4.380600384305171
k5_jellybean,0.2,573,-2.4472314571043905e-05,-1.1683840585424804e-10,4.380600384305171
k5_jellybean,0.2,574,-2.4472314571043905e-05,1.8074624041065717e-10,4.380600384305171
k5_jellybean,0.2,575,-2.4472314571043905e-05,-2.605840617696496e-10,4.380600384305171
k5_jellybean,0.2,576,-2.4472314571043905e-05,5.403515234435827e-10,4.380600384305171
k5_jellybean,0.2,577,-2.4472314571043905e-05,3.8916527829537843e-10,4.380600384305171
k5_jellybean,0.2,578,-2.4472314571043905e-05,3.098902156022354e-10,4.380600384305171
k5_jellybean,0.2,579,-2.4472314571043905e-05,1.5226137316241754e-10,4.380600384305171
k5_jellybean,0.2,580,-2.4472314571043905e-05,8.436398285268858e-11,4.380600384305171
k5_jellybean,0.2,581,-2.4472314571043905e-05,3.407712805951679e-10,4.380600384305171
k5_jellybean,0.2,582,-2.4472314571043905e-05,1.816025866710566e-10,4.380600384305171
k5_jellybean,0.2,584,-2.4472314571043905e-05,1.4374365709134612e-10,4.380600384305171
k5_jellybean,0.2,586,-2.4472314571043905e-05,6.668767793374772e-10,4.380600384305171
k5_jellybean,0.2,588,-2.4472314571043905e-05,4.4419749980173975e-10,4.380600384305171
k5_jellybean,0.2,590,-2.4472314571043905e-05,4.1712206382319873e-10,4.380600384305171
k5_jellybean,0.2,592,-2.4472314571043905e-05,1.46177303734786e-09,4.380600384305171
k5_jellybean,0.2,594,-2.4475055498289827e-05,2.556599464304391e-10,4.380845182243382
k5_jellybean,0.2,595,-2.4472314571043905e-05,1.746448389783755e-10,4.380600384305171
k5_jellybean,0.2,597,-2.4475055498289827e-05,2.1804882267471502e-09,4.380845182243382
k5_jellybean,0.2,598,-2.4472314571043905e-05,-4.5249797239556525e-10,4.380600384305171
k5_jellybean,0.2,600,-2.4475055498289827e-05,2.481939373180024e-10,4.380845182243382
k5_jellybean,0.2,601,-2.4472314571043905e-05,1.256557716215046e-10,4.380600384305171
k5_jellybean,0.2,603,-2.4475055498289827e-05,1.4186113638500977e-10,4.380845182243382
k5_jellybean,0.2,604,-2.4472314571043905e-05,1.3192178249161653e-09,4.380600384305171
k5_jellybean,0.2,605,-2.4472314571043905e-05,4.1092724786007274e-10,4.380600384305171
k5_jellybean,0.2,606,-2.4472314571043905e-05,8.209744964166568e-10,4.380600384305171
k5_jellybean,0.2,607,-2.4472314571043905e-05,3.839360415387859e-10,4.380600384305171
k5_jellybean,0.2,609,-2.4472314571043905e-05,2.174673560769495e-10,4.380600384305171
k5_jellybean,0.2,611,-2.4480543274842708e-05,1.3764015912931506e-10,4.3813352659248155
k5_jellybean,0.2,0,-0.4326777574302627,-5.436823095795419e-10,581.8691313510984
k5_jellybean,0.5,1,-9.262847020544438e-06,2.0891845619949645e-10,2.7382851644765065
k5_jellybean,0.5,3,-9.409187860850463e-06,-2.022076792619732e-10,2.759115399815683
k5_jellybean,0.5,5,-0.002431327011137954,8.630818940536575e-11,43.62075991901769
k5_jellybean,0.5,7,-0.002293514761654408,-8.344767418637538e-10,42.366640135419495
k5_jellybean,0.5,9,-0.002430568474624912,-4.75466008967226e-10,43.61395578035329
k5_jellybean,0.5,11,-0.0021345817243434958,1.7130220685154122e-10,40.87256557694776
k5_jellybean,0.5,13,-9.242276464098987e-06,2.4412610518862446e-10,2.7353444243328706
k5_jellybean,0.5,16,-2.6134609378063764e-05,1.6607380513445378e-10,4.549770369051294
k5_jellybean,0.5,19,-9.237884504284165e-06,-3.459515427062074e-10,2.734716145776295
k5_jellybean,0.5,21,-9.801820176410977e-06,-2.7950969290008516e-10,2.814241239990112
k5_jellybean,0.5,23,-0.00023646888822190395,-5.408846851846724e-10,13.612039375818723
k5_jellybean,0.5,25,-0.00012030950821180858,-1.2021819830635115e-10,9.715582940922562
k5_jellybean,0.5,27,-9.215261219947632e-06,-1.7476149490035634e-10,2.7314775506967157
k5_jellybean,0.5,29,-2.011562095137199e-05,8.353161171932995e-10,3.9988165588507316
k5_jellybean,0.5,31,-2.011562095137199e-05,-1.2541057722807076e-10,3.9988165588507316
k5_jellybean,0.5,34,-1.967972842498781e-05,-7.620209089961259e-11,3.9559381515574787
k5_jellybean,0.5,36,-9.238234657449485e-06,-2.8547249687437844e-10,2.7347662411756772
k5_jellybean,0.5,38,-9.229771280677721e-06,-6.107731969315699e-10,2.7335551532949536
k5_jellybean,0.5,40,-0.00014200111034625007,-2.467342374890193e-10,10.553023062950583
k5_jellybean,0.5,42,-0.0024308116556567947,9.468077852684039e-10,43.616137251012674
k5_jellybean,0.5,44,-0.0024275396972494086,-2.3916647668943857e-10,43.58677679535813
k5_jellybean,0.5,46,-0.0024308116556567947,-2.858578041948315e-10,43.616137251012674
k5_jellybean,0.5,48,-0.0024275396972494086,-2.682286655753543e-10,43.58677679535813
k5_jellybean,0.5,50,-7.97890902750951e-06,4.540439082452691e-10,2.5482386666733046
k5_jellybean,0.5,53,-7.974050620766771e-06,5.471475327295402e-10,2.547492607338856
k5_jellybean,0.5,56,-7.974050620766771e-06,4.674564788063749e-10,2.547492607338856
k5_jellybean,0.5,59,-7.974050620766771e-06,2.9478108868293393e-12,2.547492607338856
k5_jellybean,0.5,62,-9.374202324700515e-06,-7.246758735043006e-11,2.754149869248217
k5_jellybean,0.5,65,-9.317926194639303e-06,-5.240549769966287e-12,2.74614370733123
k5_jellybean,0.5,68,-9.317926194639303e-06,9.658862751925949e-11,2.74614370733123
k5_jellybean,0.5,71,-1.0645008400353176e-05,-7.032647562456925e-12,2.929121212430598
k5_jellybean,0.5,74,-3.106807035070977e-05,2.0202282066971814e-10,4.955891287595548
k5_jellybean,0.5,77,-9.30124545804571e-06,5.5377340815475415e-11,2.7437661224638648
k5_jellybean,0.5,80,-0.0002537707425225854,-3.568829097337319e-10,14.100580448212929
k5_jellybean,0.5,82,-0.0002528904481767868,3.043764701800935e-10,14.076133560192018
k5_jellybean,0.5,84,-2.467284365104537e-05,7.671196755585964e-11,4.422281575720752
k5_jellybean,0.5,86,3.1948759037963085e-07,0.9999999999437197,0.0
k5_jellybean,0.5,88,-2.6127935098061604e-05,9.760505871139363e-10,4.549196386937969
k5_jellybean,0.5,91,-6.218873934804993e-05,1.10135342462697e-09,6.993774053260166
k5_jellybean,0.5,94,-6.206916647404864e-05,1.9321073910189476e-10,6.987081606411762
k5_jellybean,0.5,97,-9.294849632137443e-06,-3.5825754295966507e-10,2.74285394831339
k5_jellybean,0.5,100,-6.296998414981032e-06,1.8144457161135986e-10,2.275394513358442
k5_jellybean,0.5,102,-8.495951665862531e-06,-1.6803227801090206e-10,2.6264248935216594
k5_jellybean,0.5,104,-8.495951665862531e-06,-4.133056458917907e-10,2.6264248935216594
k5_jellybean,0.5,107,-8.64169517822121e-06,-1.9007764121647884e-09,2.648046913841133
k5_jellybean,0.5,110,-9.242276464098987e-06,-5.771164861067071e-10,2.7353444243328706
k5_jellybean,0.5,112,-9.698172681106386e-06,7.116467471885032e-10,2.799794506775949
k5_jellybean,0.5,114,-0.0024369838900641294,3.316808763228104e-10,43.6714691838907
k5_jellybean,0.5,116,-0.002218898252923039,4.596337891055998e-12,41.67186765612977
k5_jellybean,0.5,118,-2.6165932145840436e-05,1.6902347304986287e-10,4.552463132311251
k5_jellybean,0.5,121,-9.251571067399091e-06,3.1300902727890496e-10,2.7366735601374064
k5_jellybean,0.5,123,-2.9069404176625124e-05,3.5034925922810814e-10,4.795507915156257
k5_jellybean,0.5,125,-0.001185851078045887,-3.625569591597839e-10,30.46608005289624
k5_jellybean,0.5,128,-0.000521082683239483,4.365158874505035e-10,20.198979336868078
k5_jellybean,0.5,130,-0.00012058769291334915,-1.7910834366333634e-10,9.726779130177333
k5_jellybean,0.5,132,-9.249128217226083e-06,-9.373529779293321e-11,2.736324293125803
k5_jellybean,0.5,134,-9.314775658173376e-06,2.691570232454609e-10,2.7456948040629627
k5_jellybean,0.5,135,-2.595769401132906e-05,2.405695512176229e-10,4.5345312442123005
k5_jellybean,0.5,137,-2.595769401132906e-05,2.843533702906276e-10,4.5345312442123005
k5_jellybean,0.5,140,-2.5892849541399507e-05,1.9290553973324508e-10,4.528932833688872
k5_jellybean,0.5,142,-9.26123621994589e-06,8.856535188966024e-10,2.738055000485007
k5_jellybean,0.5,145,-9.26123621994589e-06,6.084681551324348e-10,2.738055000485007
k5_jellybean,0.5,147,-9.424539100099209e-06,8.501920684558311e-11,2.761291397220719
k5_jellybean,0.5,149,-0.0003746473341098907,-4.127853517623383e-10,17.129292609582922
k5_jellybean,0.5,151,-0.00024035972563819102,4.4597649118059e-11,13.723418231065708
k5_jellybean,0.5,152,-9.38105514353304e-06,1.1332282502228886e-10,2.7551232011689013
k5_jellybean,0.5,154,-9.38105514353304e-06,5.870665471017382e-10,2.7551232011689013
k5_jellybean,0.5,156,-9.38105514353304e-06,2.3369483542525306e-10,2.7551232011689013
k5_jellybean,0.5,158,3.191566651253446e-07,0.9999999995732753,0.016091923638702973
k5_jellybean,0.5,160,-9.38105514353304e-06,4.4131415401104147e-10,2.7551232011689013
k5_jellybean,0.5,162,3.191566651253446e-07,0.9999999998212066,0.016091923638702973
k5_jellybean,0.5,164,-0.0024303381865756735,5.912711159986613e-11,43.61188986640833
k5_jellybean,0.5,166,-0.002431181269719237,7.148402255245562e-10,43.61945268815586
k5_jellybean,0.5,169,-0.002431181269719237,6.688873535394644e-10,43.61945268815586
k5_jellybean,0.5,171,-0.0024245867930933855,4.980572175752335e-10,43.560262338839074
k5_jellybean,0.5,173,-0.002431181269719237,3.2117482293420723e-10,43.61945268815586
k5_jellybean,0.5,175,-0.0024245867930933855,2.4636830940225976e-10,43.560262338839074
k5_jellybean,0.5,177,-0.002431181269719237,1.6583600269507757e-10,43.61945268815586
k5_jellybean,0.5,179,-0.0024245867930933855,-3.660262462997564e-10,43.560262338839074
k5_jellybean,0.5,181,-9.374202324700515e-06,-1.461533213957728e-10,2.754149869248217
k5_jellybean,0.5,184,-9.374202324700515e-06,3.8031287963574317e-10,2.754149869248217
k5_jellybean,0.5,186,-9.374202324700515e-06,-1.875902582304652e-10,2.754149869248217
k5_jellybean,0.5,189,-9.20680721817587e-06,1.623616929714777e-09,2.7302663474754754
k5_jellybean,0.5,191,-9.196763306992941e-06,6.223444598266302e-10,2.728826659474686
k5_jellybean,0.5,192,-9.30412580698887e-06,1.948900276557472e-10,2.7441768194648244
k5_jellybean,0.5,194,-9.31181799449131e-06,7.261069900740048e-10,2.745273315415976
k5_jellybean,0.5,195,-3.06684827220783e-05,-2.1001520638161854e-10,4.924244097698194
k5_jellybean,0.5,197,-3.0682355780176494e-05,3.246825193281489e-10,4.925346246040596
k5_jellybean,0.5,199,-9.352721280678526e-06,-2.0662706036284825e-10,2.7510966033112645
k5_jellybean,0.5,201,-9.351920815429535e-06,-5.656557858937543e-10,2.750982761539387
k5_jellybean,0.5,203,-9.352721280678526e-06,1.403001534237882e-10,2.7510966033112645
k5_jellybean,0.5,205,-9.351920815429535e-06,4.5257042022313707e-11,2.750982761539387
k5_jellybean,0.5,207,-8.262918504258336e-08,-3.098820814862702e-10,0.5609434781842924
k5_jellybean,0.5,209,2.8697064196471195e-07,1.000000000337856,0.1595136667991456
k5_jellybean,0.5,211,-0.002434008806211655,-1.505387160317825e-10,43.644807350021274
k5_jellybean,0.5,213,-0.0024340149138305954,-1.4879765143017188e-10,43.644862101404954
k5_jellybean,0.5,215,-9.241113694636752e-06,-4.199269704541379e-10,2.735178101902854
k5_jellybean,0.5,218,-9.268107218178993e-06,1.7795682910210348e-11,2.7390366486149396
k5_jellybean,0.5,221,-2.6197493770082567e-05,7.116220897046552e-10,4.555174819577347
k5_jellybean,0.5,223,-2.6196414065565816e-05,-3.8717491773366834e-10,4.5550820810256605
k5_jellybean,0.5,225,-9.25645119463617e-06,5.668743786244009e-10,2.737371163907096
k5_jellybean,0.5,227,-0.00039424345613670633,2.3767706562331885e-10,17.57118919440943
k5_jellybean,0.5,229,-0.002430805236142645,-4.255307536784561e-11,43.61607966576149
k5_jellybean,0.5,232,-0.002430805236142645,1.1934594790699328e-10,43.61607966576149
k5_jellybean,0.5,234,-0.0023638395311463005,-3.048142932542841e-11,43.01117924354588
k5_jellybean,0.5,236,-0.002430805236142645,-1.8571441550857002e-10,43.61607966576149
k5_jellybean,0.5,238,-0.0023638395311463005,-5.92301438707582e-10,43.01117924354588
k5_jellybean,0.5,240,-0.002430805236142645,2.9962941460468186e-10,43.61607966576149
k5_jellybean,0.5,242,-0.0023638395311463005,4.83076868352419e-10,43.01117924354588
k5_jellybean,0.5,244,-0.002430805236142645,-1.2709770107650132e-10,43.61607966576149
k5_jellybean,0.5,246,-0.0023638395311463005,-8.187537447419244e-10,43.01117924354588
k5_jellybean,0.5,248,-0.002430805236142645,2.9831345543849e-10,43.61607966576149
k5_jellybean,0.5,250,-0.0023638395311463005,-6.910552662029565e-10,43.01117924354588
k5_jellybean,0.5,252,-0.002430805236142645,6.63160037910008e-11,43.61607966576149
k5_jellybean,0.5,254,-0.0023638395311463005,9.733198909001063e-11,43.01117924354588
k5_jellybean,0.5,256,-0.002430805236142645,1.0407036985562749e-10,43.61607966576149
k5_jellybean,0.5,258,-0.0023638395311463005,-1.5876279268680832e-09,43.01117924354588
k5_jellybean,0.5,260,-0.002430805236142645,5.092677271435465e-11,43.61607966576149
k5_jellybean,0.5,262,-0.0023638395311463005,-8.131516583791255e-10,43.01117924354588
k5_jellybean,0.5,264,-0.002430805236142645,-1.172069133740626e-10,43.61607966576149
k5_jellybean,0.5,266,-0.0023638395311463005,-1.0555699529990003e-09,43.01117924354588
k5_jellybean,0.5,268,-0.002430805236142645,-5.999510944319809e-10,43.61607966576149
k5_jellybean,0.5,270,-0.0023638395311463005,-5.232713107099001e-10,43.01117924354588
k5_jellybean,0.5,272,-0.002430805236142645,-1.5941056068453635e-10,43.61607966576149
k5_jellybean,0.5,274,-0.0023638395311463005,-5.989893678602271e-10,43.01117924354588
k5_jellybean,0.5,276,-0.002430805236142645,-4.1657027566812885e-11,43.61607966576149
k5_jellybean,0.5,278,-0.0023638395311463005,-5.70215267963236e-10,43.01117924354588
k5_jellybean,0.5,280,-0.002430805236142645,-2.0579812527486087e-11,43.61607966576149
k5_jellybean,0.5,282,-0.0023638395311463005,-1.1264573057112876e-09,43.01117924354588
k5_jellybean,0.5,284,-0.002430805236142645,2.8731892184536286e-11,43.61607966576149
k5_jellybean,0.5,286,-0.0023638395311463005,-7.997401796774756e-10,43.01117924354588
k5_jellybean,0.5,288,-0.002430805236142645,1.9561874766668932e-10,43.61607966576149
k5_jellybean,0.5,290,-0.0023638395311463005,-1.198361656614652e-09,43.01117924354588
k5_jellybean,0.5,292,-0.002430805236142645,3.958683928499506e-10,43.61607966576149
k5_jellybean,0.5,294,-0.0023638395311463005,-4.231158501796348e-10,43.01117924354588
k5_jellybean,0.5,296,-0.002430805236142645,5.025460819436492e-11,43.61607966576149
k5_jellybean,0.5,298,-0.0023638395311463005,-3.560293798776883e-11,43.01117924354588
k5_jellybean,0.5,300,-0.002430805236142645,-1.4300880998152906e-10,43.61607966576149
k5_jellybean,0.5,302,-0.0023638395311463005,-4.106878536854662e-10,43.01117924354588
k5_jellybean,0.5,304,-0.002430805236142645,5.232520383538448e-10,43.61607966576149
k5_jellybean,0.5,306,-0.0023638395311463005,-5.732268561199478e-10,43.01117924354588
k5_jellybean,0.5,308,-0.002430805236142645,-2.852597494661313e-10,43.61607966576149
k5_jellybean,0.5,310,-0.0023638395311463005,-8.458773638450966e-10,43.01117924354588
k5_jellybean,0.5,312,-0.002430805236142645,-2.2133623814703228e-10,43.61607966576149
k5_jellybean,0.5,314,-0.0023638395311463005,-5.094405473536258e-10,43.01117924354588
k5_jellybean,0.5,315,-2.4203944995125017e-05,1.699708409974339e-10,4.380600384305171
k5_jellybean,0.5,317,-2.4203944995125017e-05,9.762691081689368e-10,4.380600384305171
k5_jellybean,0.5,319,-2.4203944995125017e-05,4.961654041076928e-10,4.380600384305171
k5_jellybean,0.5,321,-2.4203944995125017e-05,5.09692228725854e-10,4.380600384305171
k5_jellybean,0.5,323,-2.4203944995125017e-05,5.181554261836383e-10,4.380600384305171
k5_jellybean,0.5,325,-2.4203944995125017e-05,4.1014452905823415e-10,4.380600384305171
k5_jellybean,0.5,327,-2.4203944995125017e-05,4.0115085027243495e-10,4.380600384305171
k5_jellybean,0.5,329,-2.4203944995125017e-05,-1.3512053307816587e-10,4.380600384305171
k5_jellybean,0.5,331,-2.4203944995125017e-05,5.631433383458231e-10,4.380600384305171
k5_jellybean,0.5,333,-2.4203944995125017e-05,1.1728900070196117e-10,4.380600384305171
k5_jellybean,0.5,335,-2.4203944995125017e-05,2.8763536871692386e-10,4.380600384305171
k5_jellybean,0.5,337,-2.4203944995125017e-05,4.865427907929635e-10,4.380600384305171
k5_jellybean,0.5,339,-2.4203944995125017e-05,3.3063102779317096e-10,4.380600384305171
k5_jellybean,0.5,341,-2.4203944995125017e-05,7.903114528002963e-10,4.380600384305171
k5_jellybean,0.5,343,-2.4203944995125017e-05,7.252959216275053e-10,4.380600384305171
k5_jellybean,0.5,345,-2.4203944995125017e-05,8.044993733890619e-10,4.380600384305171
k5_jellybean,0.5,347,-2.4203944995125017e-05,8.105404134147161e-10,4.380600384305171
k5_jellybean,0.5,349,-2.4203944995125017e-05,3.592834038288014e-10,4.380600384305171
k5_jellybean,0.5,351,-2.4203944995125017e-05,3.9468641275865165e-11,4.380600384305171
k5_jellybean,0.5,353,-2.4203944995125017e-05,2.888625713290606e-10,4.380600384305171
k5_jellybean,0.5,355,-2.4203944995125017e-05,7.254885376003599e-10,4.380600384305171
k5_jellybean,0.5,356,-2.4203944995125017e-05,-6.532911329028468e-12,4.380600384305171
k5_jellybean,0.5,357,-2.4203944995125017e-05,2.6349129111931857e-10,4.380600384305171
k5_jellybean,0.5,358,-2.4203944995125017e-05,-3.8956804934533254e-11,4.380600384305171
k5_jellybean,0.5,359,-2.4203944995125017e-05,1.2412971986543142e-10,4.380600384305171
k5_jellybean,0.5,360,-2.4203944995125017e-05,-8.218600230940821e-11,4.380600384305171
k5_jellybean,0.5,361,-2.4203944995125017e-05,8.473507367861854e-10,4.380600384305171
k5_jellybean,0.5,362,-2.4203944995125017e-05,-2.180346264008673e-11,4.380600384305171
k5_jellybean,0.5,363,-2.4203944995125017e-05,6.613256936199858e-10,4.380600384305171
k5_jellybean,0.5,364,-2.4203944995125017e-05,4.366886944039761e-10,4.380600384305171
k5_jellybean,0.5,365,-2.4203944995125017e-05,-3.2797708414313945e-10,4.380600384305171
k5_jellybean,0.5,366,-2.4203944995125017e-05,3.384087102162061e-10,4.380600384305171
k5_jellybean,0.5,367,-2.4203944995125017e-05,1.1322702642629503e-10,4.380600384305171
k5_jellybean,0.5,368,-2.4203944995125017e-05,3.1783824219468824e-10,4.380600384305171
k5_jellybean,0.5,369,-2.4203944995125017e-05,1.0886672821167985e-10,4.380600384305171
k5_jellybean,0.5,370,-2.4203944995125017e-05,5.728499081654596e-10,4.380600384305171
k5_jellybean,0.5,371,-2.4203944995125017e-05,8.70366222680876e-11,4.380600384305171
k5_jellybean,0.5,372,-2.4203944995125017e-05,1.1927110618287262e-10,4.380600384305171
k5_jellybean,0.5,373,-2.4203944995125017e-05,4.768490396493477e-10,4.380600384305171
k5_jellybean,0.5,374,-2.4203944995125017e-05,1.2875298255005952e-11,4.380600384305171
k5_jellybean,0.5,376,-2.4203944995125017e-05,3.424057033201956e-10,4.380600384305171
k5_jellybean,0.5,378,-2.4203944995125017e-05,2.4987598464900247e-10,4.380600384305171
k5_jellybean,0.5,380,-2.4203944995125017e-05,-1.0304915306791176e-09,4.380600384305171
k5_jellybean,0.5,382,-2.4203944995125017e-05,5.865456970873433e-10,4.380600384305171
k5_jellybean,0.5,384,-2.4203944995125017e-05,2.7753914543127416e-10,4.380600384305171
k5_jellybean,0.5,386,-2.4203944995125017e-05,4.6310221703230266e-10,4.380600384305171
k5_jellybean,0.5,388,-2.4203944995125017e-05,6.690989463280807e-10,4.380600384305171
k5_jellybean,0.5,390,-2.4203944995125017e-05,7.740720268244863e-11,4.380600384305171
k5_jellybean,0.5,392,-2.4203944995125017e-05,-1.8007720135768556e-10,4.380600384305171
k5_jellybean,0.5,394,-2.4203944995125017e-05,-2.137886159684345e-11,4.380600384305171
k5_jellybean,0.5,396,-2.4203944995125017e-05,4.4908434527373287e-10,4.380600384305171
k5_jellybean,0.5,398,-2.4203944995125017e-05,5.033319020984141e-10,4.380600384305171
k5_jellybean,0.5,400,-2.4203944995125017e-05,-7.075579107435477e-10,4.380600384305171
k5_jellybean,0.5,402,-2.4203944995125017e-05,4.05375911954976e-10,4.380600384305171
k5_jellybean,0.5,404,-2.4203944995125017e-05,4.4100239731045963e-10,4.380600384305171
k5_jellybean,0.5,406,-2.4203944995125017e-05,-2.181495442435561e-10,4.380600384305171
k5_jellybean,0.5,408,-2.4203944995125017e-05,6.395454659458272e-10,4.380600384305171
k5_jellybean,0.5,411,-2.4203944995125017e-05,3.768976746583075e-10,4.380600384305171
k5_jellybean,0.5,414,-2.4203944995125017e-05,5.415889516620272e-10,4.380600384305171
k5_jellybean,0.5,417,-2.4203944995125017e-05,6.505129929174498e-10,4.380600384305171
k5_jellybean,0.5,420,-2.4203944995125017e-05,5.035353259464891e-10,4.380600384305171
k5_jellybean,0.5,423,-2.4203944995125017e-05,5.202149735516431e-10,4.380600384305171
k5_jellybean,0.5,426,-2.4203944995125017e-05,2.5349593726377826e-10,4.380600384305171
k5_jellybean,0.5,429,-2.4203944995125017e-05,-1.0692999014541524e-10,4.380600384305171
k5_jellybean,0.5,432,-2.4203944995125017e-05,4.277744271976946e-10,4.380600384305171
k5_jellybean,0.5,435,-2.4203944995125017e-05,2.959660012829529e-10,4.380600384305171
k5_jellybean,0.5,438,-2.4203944995125017e-05,3.4759565138235227e-10,4.380600384305171
k5_jellybean,0.5,441,-2.4203944995125017e-05,4.421699402042752e-10,4.380600384305171
k5_jellybean,0.5,444,-2.4203944995125017e-05,4.6101759246049665e-10,4.380600384305171
k5_jellybean,0.5,447,-2.4203944995125017e-05,7.477403325298713e-10,4.380600384305171
k5_jellybean,0.5,450,-2.4203944995125017e-05,-1.946861167516959e-11,4.380600384305171
k5_jellybean,0.5,453,-2.4203944995125017e-05,-2.3251484627796042e-10,4.380600384305171
k5_jellybean,0.5,456,-2.4203944995125017e-05,7.513736197911567e-10,4.380600384305171
k5_jellybean,0.5,458,-2.4203944995125017e-05,4.55125146916298e-10,4.380600384305171
k5_jellybean,0.5,459,-2.4203944995125017e-05,1.960537967071296e-09,4.380600384305171
k5_jellybean,0.5,460,-2.4203944995125017e-05,4.192281364866525e-10,4.380600384305171
k5_jellybean,0.5,461,-2.4203944995125017e-05,5.364300484864348e-10,4.380600384305171
k5_jellybean,0.5,462,-2.4203944995125017e-05,1.7034779875136687e-09,4.380600384305171
k5_jellybean,0.5,463,-2.4203944995125017e-05,4.5603737225207504e-11,4.380600384305171
k5_jellybean,0.5,464,-2.4203944995125017e-05,4.727191041175605e-10,4.380600384305171
k5_jellybean,0.5,465,-2.4203944995125017e-05,2.536725627064923e-10,4.380600384305171
k5_jellybean,0.5,466,-2.4203944995125017e-05,5.96970402460613e-11,4.380600384305171
k5_jellybean,0.5,467,-2.4203944995125017e-05,7.774413672199604e-10,4.380600384305171
k5_jellybean,0.5,468,-2.4203944995125017e-05,-1.1693701633495427e-10,4.380600384305171
k5_jellybean,0.5,469,-2.4203944995125017e-05,3.161314804788963e-10,4.380600384305171
k5_jellybean,0.5,470,-2.4203944995125017e-05,6.577952825109324e-10,4.380600384305171
k5_jellybean,0.5,471,-2.4203944995125017e-05,-2.0714838887479895e-11,4.380600384305171
k5_jellybean,0.5,472,-2.4203944995125017e-05,4.213610751698145e-10,4.380600384305171
k5_jellybean,0.5,473,-2.4203944995125017e-05,5.169543383058558e-10,4.380600384305171
k5_jellybean,0.5,475,-2.4203944995125017e-05,4.3915764596261077e-10,4.380600384305171
k5_jellybean,0.5,477,-2.4203944995125017e-05,3.404796042105244e-10,4.380600384305171
k5_jellybean,0.5,479,-2.4203944995125017e-05,4.97795137618281e-10,4.380600384305171
k5_jellybean,0.5,481,-2.4203944995125017e-05,4.372363627017102e-10,4.380600384305171
k5_jellybean,0.5,483,-2.4203944995125017e-05,4.128227649584074e-10,4.380600384305171
k5_jellybean,0.5,485,-2.4203944995125017e-05,8.416280099195644e-10,4.380600384305171
k5_jellybean,0.5,487,-2.4203944995125017e-05,2.3143381450440056e-11,4.380600384305171
k5_jellybean,0.5,489,-2.4203944995125017e-05,1.6533592315271525e-10,4.380600384305171
k5_jellybean,0.5,491,-2.4203944995125017e-05,2.2921548053076296e-10,4.380600384305171
k5_jellybean,0.5,493,-2.4203944995125017e-05,2.6057896231101053e-11,4.380600384305171
k5_jellybean,0.5,495,-2.4203944995125017e-05,8.75874081243581e-10,4.380600384305171
k5_jellybean,0.5,497,-2.4203944995125017e-05,-1.1599585528243049e-11,4.380600384305171
k5_jellybean,0.5,499,-2.4203944995125017e-05,6.050389207345459e-11,4.380600384305171
k5_jellybean,0.5,501,-2.4203944995125017e-05,-9.526415606874963e-11,4.380600384305171
k5_jellybean,0.5,502,-2.4203944995125017e-05,8.85562590710367e-10,4.380600384305171
k5_jellybean,0.5,503,-2.4203944995125017e-05,3.4822328778078323e-10,4.380600384305171
k5_jellybean,0.5,504,-2.4203944995125017e-05,-2.3168257544387175e-10,4.380600384305171
k5_jellybean,0.5,505,-2.4203944995125017e-05,4.03279336908052e-10,4.380600384305171
k5_jellybean,0.5,506,-2.4203944995125017e-05,8.46639631266405e-11,4.380600384305171
k5_jellybean,0.5,507,-2.4203944995125017e-05,4.017416744626452e-10,4.380600384305171
k5_jellybean,0.5,508,-2.4203944995125017e-05,9.226070051964289e-10,4.380600384305171
k5_jellybean,0.5,509,-2.4203944995125017e-05,3.4772702097817655e-10,4.380600384305171
k5_jellybean,0.5,510,-2.4203944995125017e-05,4.349249305717635e-10,4.380600384305171
k5_jellybean,0.5,511,-2.4203944995125017e-05,1.2306695376988976e-09,4.380600384305171
k5_jellybean,0.5,512,-2.4203944995125017e-05,2.2947858663741427e-11,4.380600384305171
k5_jellybean,0.5,513,-2.4203944995125017e-05,2.571798475424226e-10,4.380600384305171
k5_jellybean,0.5,514,-2.4203944995125017e-05,-5.819793213719461e-10,4.380600384305171
k5_jellybean,0.5,515,-2.4203944995125017e-05,-1.1173367079673592e-10,4.380600384305171
k5_jellybean,0.5,516,-2.4203944995125017e-05,1.0103692747586443e-10,4.380600384305171
k5_jellybean,0.5,517,-2.4203944995125017e-05,9.739859589381269e-12,4.380600384305171
k5_jellybean,0.5,518,-2.4203944995125017e-05,4.717323975923135e-10,4.380600384305171
k5_jellybean,0.5,519,-2.4203944995125017e-05,3.6173187253848915e-10,4.380600384305171
k5_jellybean,0.5,520,-2.4203944995125017e-05,3.888090793200952e-10,4.380600384305171
k5_jellybean,0.5,521,-2.4203944995125017e-05,-2.0915200697274623e-11,4.380600384305171
k5_jellybean,0.5,522,-2.4203944995125017e-05,8.192084522101284e-10,4.380600384305171
k5_jellybean,0.5,523,-2.4203944995125017e-05,-2.5154011150167476e-10,4.380600384305171
k5_jellybean,0.5,524,-2.4203944995125017e-05,5.083630839558965e-10,4.380600384305171
k5_jellybean,0.5,525,-2.4203944995125017e-05,5.436304493754311e-10,4.380600384305171
k5_jellybean,0.5,526,-2.4203944995125017e-05,3.916357348718803e-10,4.380600384305171
k5_jellybean,0.5,527,-2.4203944995125017e-05,5.308934071653322e-10,4.380600384305171
k5_jellybean,0.5,528,-2.4203944995125017e-05,9.202812973365325e-10,4.380600384305171
k5_jellybean,0.5,529,-2.4203944995125017e-05,-3.004137412660605e-10,4.380600384305171
k5_jellybean,0.5,530,-2.4203944995125017e-05,2.164979974356202e-10,4.380600384305171
k5_jellybean,0.5,531,-2.4203944995125017e-05,-5.464597199286638e-10,4.380600384305171
k5_jellybean,0.5,532,-2.4203944995125017e-05,1.0718185995771462e-09,4.380600384305171
k5_jellybean,0.5,533,-2.4203944995125017e-05,-1.192543546798885e-10,4.380600384305171
k5_jellybean,0.5,534,-2.4203944995125017e-05,5.52129581604411e-10,4.380600384305171
k5_jellybean,0.5,535,-2.4203944995125017e-05,5.721310495315867e-10,4.380600384305171
k5_jellybean,0.5,537,-2.4203944995125017e-05,9.026124973686767e-10,4.380600384305171
k5_jellybean,0.5,539,-2.4203944995125017e-05,2.88485839055672e-10,4.380600384305171
k5_jellybean,0.5,541,-2.4203944995125017e-05,4.1729510681412186e-10,4.380600384305171
k5_jellybean,0.5,543,-2.4203944995125017e-05,1.8495582990197564e-10,4.380600384305171
k5_jellybean,0.5,545,-2.4203944995125017e-05,3.396186057632069e-11,4.380600384305171
k5_jellybean,0.5,547,-2.4203944995125017e-05,-1.4496466213743415e-10,4.380600384305171
k5_jellybean,0.5,549,-2.4203944995125017e-05,6.755335021045288e-10,4.380600384305171
k5_jellybean,0.5,551,-2.4203944995125017e-05,7.546751789617842e-11,4.380600384305171
k5_jellybean,0.5,553,-2.4203944995125017e-05,6.711527368455093e-10,4.380600384305171
k5_jellybean,0.5,555,-2.4203944995125017e-05,-1.424537975004152e-10,4.380600384305171
k5_jellybean,0.5,557,-2.4203944995125017e-05,-1.1531973757420626e-10,4.380600384305171
k5_jellybean,0.5,559,-2.4203944995125017e-05,1.5631327966300034e-10,4.380600384305171
k5_jellybean,0.5,561,-2.4203944995125017e-05,4.565667271978059e-10,4.380600384305171
k5_jellybean,0.5,563,-2.4203944995125017e-05,9.585330965785255e-11,4.380600384305171
k5_jellybean,0.5,565,-2.4203944995125017e-05,2.7176172392168134e-10,4.380600384305171
k5_jellybean,0.5,567,-2.4203944995125017e-05,1.5518113322583993e-10,4.380600384305171
k5_jellybean,0.5,569,-2.4203944995125017e-05,3.679891600757727e-10,4.380600384305171
k5_jellybean,0.5,570,-2.4203944995125017e-05,3.458275946476117e-10,4.380600384305171
k5_jellybean,0.5,571,-2.4203944995125017e-05,4.484816711664698e-10,4.380600384305171
k5_jellybean,0.5,572,-2.4203944995125017e-05,4.988896226091721e-10,4.380600384305171
k5_jellybean,0.5,573,-2.4203944995125017e-05,9.874250602715844e-10,4.380600384305171
k5_jellybean,0.5,574,-2.4203944995125017e-05,4.306765354323287e-10,4.380600384305171
k5_jellybean,0.5,575,-2.4203944995125017e-05,2.2374875435733235e-10,4.380600384305171
k5_jellybean,0.5,576,-2.4203944995125017e-05,-1.0757277281255838e-10,4.380600384305171
k5_jellybean,0.5,577,-2.4203944995125017e-05,-7.105219127765804e-10,4.380600384305171
k5_jellybean,0.5,578,-2.4203944995125017e-05,3.026127242202994e-10,4.380600384305171
k5_jellybean,0.5,579,-2.4203944995125017e-05,-2.7374247934873073e-11,4.380600384305171
k5_jellybean,0.5,580,-2.4203944995125017e-05,6.461199544257185e-11,4.380600384305171
k5_jellybean,0.5,581,-2.4203944995125017e-05,2.8616138400835617e-10,4.380600384305171
k5_jellybean,0.5,582,-2.4203944995125017e-05,-3.1695917026739537e-10,4.380600384305171
k5_jellybean,0.5,584,-2.4203944995125017e-05,6.639729368241005e-10,4.380600384305171
k5_jellybean,0.5,586,-2.4203944995125017e-05,1.049093861525629e-10,4.380600384305171
k5_jellybean,0.5,588,-2.4203944995125017e-05,6.777088183006216e-10,4.380600384305171
k5_jellybean,0.5,590,-2.4203944995125017e-05,-6.302045944467033e-10,4.380600384305171
k5_jellybean,0.5,592,-2.4203944995125017e-05,3.550735999690901e-10,4.380600384305171
k5_jellybean,0.5,594,-2.420668592237094e-05,-2.3292304284142445e-10,4.380845182243382
k5_jellybean,0.5,595,-2.4203944995125017e-05,-8.430328871434048e-11,4.380600384305171
k5_jellybean,0.5,597,-2.420668592237094e-05,9.694471901746117e-11,4.380845182243382
k5_jellybean,0.5,598,-2.4203944995125017e-05,6.89563988627602e-10,4.380600384305171
k5_jellybean,0.5,600,-2.420668592237094e-05,1.5281326363678658e-10,4.380845182243382
k5_jellybean,0.5,601,-2.4203944995125017e-05,2.974208296305798e-10,4.380600384305171
k5_jellybean,0.5,603,-2.420668592237094e-05,5.979668125740243e-10,4.380845182243382
k5_jellybean,0.5,604,-2.4203944995125017e-05,1.2876358721411613e-10,4.380600384305171
k5_jellybean,0.5,605,-2.4203944995125017e-05,2.8003199235866797e-10,4.380600384305171
k5_jellybean,0.5,606,-2.4203944995125017e-05,4.46622564590713e-10,4.380600384305171
k5_jellybean,0.5,607,-2.4203944995125017e-05,4.664816463367743e-10,4.380600384305171
k5_jellybean,0.5,609,-2.4203944995125017e-05,8.321123284036236e-11,4.380600384305171
k5_jellybean,0.5,611,-2.421217369892382e-05,2.1719034653556456e-10,4.3813352659248155
k5_jellybean,0.5,0,-0.4326774890606868,8.739432554866191e-10,581.8691313510984
k5_jellybean,1.0,1,-8.304384249405544e-06,-8.064994834547713e-10,2.7382851644765065
k5_jellybean,1.0,3,-8.450725089711569e-06,6.116768911650362e-10,2.759115399815683
k5_jellybean,1.0,5,-0.0024303685483668147,4.917295405923378e-10,43.62075991901769
k5_jellybean,1.0,7,-0.0022925562988832687,8.124024470522553e-11,42.366640135419495
k5_jellybean,1.0,9,-0.0024296100118537728,4.40310305245388e-10,43.61395578035329
k5_jellybean,1.0,11,-0.0021336232615723565,-9.333459249866476e-11,40.87256557694776
k5_jellybean,1.0,13,-8.283813692960093e-06,-4.6203638635312233e-10,2.7353444243328706
k5_jellybean,1.0,16,-2.517614660692487e-05,4.342851141582282e-10,4.549770369051294
k5_jellybean,1.0,19,-8.279421733145271e-06,5.045477636110815e-11,2.734716145776295
k5_jellybean,1.0,21,-8.843357405272083e-06,1.1157944966785831e-10,2.814241239990112
k5_jellybean,1.0,23,-0.00023551042545076503,2.8588308783803325e-10,13.612039375818723
k5_jellybean,1.0,25,-0.00011935104544066969,-2.844833254092685e-10,9.715582940922562
k5_jellybean,1.0,27,-8.256798448808738e-06,5.518973436808127e-10,2.7314775506967157
k5_jellybean,1.0,29,-1.9157158180233095e-05,7.567594936354598e-10,3.9988165588507316
k5_jellybean,1.0,31,-1.9157158180233095e-05,7.128550097656786e-10,3.9988165588507316
k5_jellybean,1.0,34,-1.8721265653848917e-05,2.1016896308694047e-10,3.9559381515574787
k5_jellybean,1.0,36,-8.27977188631059e-06,3.0756150998429145e-11,2.7347662411756772
k5_jellybean,1.0,38,-8.271308509538827e-06,5.741022165424871e-10,2.7335551532949536
k5_jellybean,1.0,40,-0.00014104264757511115,-3.071576659563506e-10,10.553023062950583
k5_jellybean,1.0,42,-0.0024298531928856554,1.0748843749365216e-09,43.616137251012674
k5_jellybean,1.0,44,-0.0024265812344782694,5.004086100661773e-10,43.58677679535813
k5_jellybean,1.0,46,-0.0024298531928856554,6.684999370615476e-10,43.616137251012674
k5_jellybean,1.0,48,-0.0024265812344782694,3.2624552361147824e-10,43.58677679535813
k5_jellybean,1.0,50,-7.0204462563706165e-06,-4.074952811186773e-10,2.5482386666733046
k5_jellybean,1.0,53,-7.015587849627878e-06,4.98226383751599e-10,2.547492607338856
k5_jellybean,1.0,56,-7.015587849627878e-06,3.2030830074346433e-10,2.547492607338856
k5_jellybean,1.0,59,-7.015587849627878e-06,4.437149967723225e-10,2.547492607338856
k5_jellybean,1.0,62,-8.415739553561621e-06,2.0335958194904628e-10,2.754149869248217
k5_jellybean,1.0,65,-8.35946342350041e-06,-1.6326268854403034e-10,2.74614370733123
k5_jellybean,1.0,68,-8.35946342350041e-06,-3.096851387028792e-10,2.74614370733123
k5_jellybean,1.0,71,-9.686545629214282e-06,-1.2816104293734667e-10,2.929121212430598
k5_jellybean,1.0,74,-3.010960757957088e-05,-2.881787164133788e-10,4.955891287595548
k5_jellybean,1.0,77,-8.342782686906817e-06,-4.2317765438824217e-10,2.7437661224638648
k5_jellybean,1.0,80,-0.0002528122797514465,1.329833364180985e-10,14.100580448212929
k5_jellybean,1.0,82,-0.00025193198540564786,5.06849784492759e-11,14.076133560192018
k5_jellybean,1.0,84,-2.3714380879906475e-05,-5.358327344803228e-10,4.422281575720752
k5_jellybean,1.0,86,1.2779503615185234e-06,0.999999999773091,0.0
k5_jellybean,1.0,88,-2.516947232692271e-05,-4.897957358989983e-10,4.549196386937969
k5_jellybean,1.0,91,-6.123027657691104e-05,-3.341684242743456e-10,6.993774053260166
k5_jellybean,1.0,94,-6.111070370290975e-05,2.6440006070923685e-11,6.987081606411762
k5_jellybean,1.0,97,-8.336386860998549e-06,9.882989990195785e-10,2.74285394831339
k5_jellybean,1.0,100,-5.33853564384214e-06,-8.106441286426986e-11,2.275394513358442
k5_jellybean,1.0,102,-7.537488894723638e-06,8.8481778028069e-10,2.6264248935216594
k5_jellybean,1.0,104,-7.537488894723638e-06,1.0663999254185116e-09,2.6264248935216594
k5_jellybean,1.0,107,-7.683232407082315e-06,1.4798880708231715e-10,2.648046913841133
k5_jellybean,1.0,110,-8.283813692960093e-06,6.129897307198543e-10,2.7353444243328706
k5_jellybean,1.0,112,-8.739709909967492e-06,1.4562872140084084e-10,2.799794506775949
k5_jellybean,1.0,114,-0.00243602542729299,-4.974717659469533e-10,43.6714691838907
k5_jellybean,1.0,116,-0.0022179397901518996,-1.3782520306206675e-10,41.67186765612977
k5_jellybean,1.0,118,-2.5207469374701542e-05,3.412590029353953e-10,4.552463132311251
k5_jellybean,1.0,121,-8.293108296260197e-06,1.5831940694549857e-10,2.7366735601374064
k5_jellybean,1.0,123,-2.811094140548623e-05,-7.160347306153221e-10,4.795507915156257
k5_jellybean,1.0,125,-0.0011848926152747481,4.2879107686479955e-10,30.46608005289624
k5_jellybean,1.0,128,-0.0005201242204683442,1.1692110602496968e-09,20.198979336868078
k5_jellybean,1.0,130,-0.00011962923014221026,1.2560595342336215e-09,9.726779130177333
k5_jellybean,1.0,132,-8.290665446087189e-06,3.3980310861388714e-10,2.736324293125803
k5_jellybean,1.0,134,-8.356312887034482e-06,-2.0194028922911242e-10,2.7456948040629627
k5_jellybean,1.0,135,-2.4999231240190166e-05,-7.014516044162819e-10,4.5345312442123005
k5_jellybean,1.0,137,-2.4999231240190166e-05,-3.236986508551249e-11,4.5345312442123005
k5_jellybean,1.0,140,-2.4934386770260613e-05,-4.2401862203716894e-10,4.528932833688872
k5_jellybean,1.0,142,-8.302773448806996e-06,-1.6122133161239291e-09,2.738055000485007
k5_jellybean,1.0,145,-8.302773448806996e-06,4.6708079922309196e-11,2.738055000485007
k5_jellybean,1.0,147,-8.466076328960315e-06,2.920744681149725e-10,2.761291397220719
k5_jellybean,1.0,149,-0.0003736888713387518,3.3095922582766906e-11,17.129292609582922
k5_jellybean,1.0,151,-0.0002394012628670521,-3.3159315793147084e-10,13.723418231065708
k5_jellybean,1.0,152,-8.422592372394147e-06,-5.165319370982039e-10,2.7551232011689013
k5_jellybean,1.0,154,-8.422592372394147e-06,6.321478495661758e-11,2.7551232011689013
k5_jellybean,1.0,156,-8.422592372394147e-06,-3.3539956529627844e-11,2.7551232011689013
k5_jellybean,1.0,158,1.2776194362642373e-06,1.0000000000093592,0.016091923638702973
k5_jellybean,1.0,160,-8.422592372394147e-06,-4.396747317487292e-11,2.7551232011689013
k5_jellybean,1.0,162,1.2776194362642373e-06,0.9999999999727269,0.016091923638702973
k5_jellybean,1.0,164,-0.0024293797238045343,-9.301049794566757e-11,43.61188986640833
k5_jellybean,1.0,166,-0.002430222806948098,-5.594868851042847e-10,43.61945268815586
k5_jellybean,1.0,169,-0.002430222806948098,-1.9576969115216116e-10,43.61945268815586
k5_jellybean,1.0,171,-0.0024236283303222463,2.858328625484168e-10,43.560262338839074
k5_jellybean,1.0,173,-0.002430222806948098,-4.440735068558133e-10,43.61945268815586
k5_jellybean,1.0,175,-0.0024236283303222463,1.18280245564347e-11,43.560262338839074
k5_jellybean,1.0,177,-0.002430222806948098,-1.6086143874861243e-10,43.61945268815586
k5_jellybean,1.0,179,-0.0024236283303222463,4.99533880538622e-10,43.560262338839074
k5_jellybean,1.0,181,-8.415739553561621e-06,9.036533075858702e-12,2.754149869248217
k5_jellybean,1.0,184,-8.415739553561621e-06,1.3179014986837592e-09,2.754149869248217
k5_jellybean,1.0,186,-8.415739553561621e-06,2.2280672197225547e-10,2.754149869248217
k5_jellybean,1.0,189,-8.248344447036977e-06,-5.350109060960597e-10,2.7302663474754754
k5_jellybean,1.0,191,-8.238300535854048e-06,-2.644074530575753e-10,2.728826659474686
k5_jellybean,1.0,192,-8.345663035849976e-06,1.2882422399637864e-10,2.7441768194648244
k5_jellybean,1.0,194,-8.353355223352416e-06,1.2358863471100132e-09,2.745273315415976
k5_jellybean,1.0,195,-2.9710019950939408e-05,3.3651353633629274e-11,4.924244097698194
k5_jellybean,1.0,197,-2.9723893009037604e-05,-2.0939830808330893e-10,4.925346246040596
k5_jellybean,1.0,199,-8.394258509539632e-06,-9.697664312972447e-10,2.7510966033112645
k5_jellybean,1.0,201,-8.393458044290642e-06,-8.743704772334953e-10,2.750982761539387
k5_jellybean,1.0,203,-8.394258509539632e-06,-4.204908376292844e-10,2.7510966033112645
k5_jellybean,1.0,205,-8.393458044290642e-06,-6.738604855887532e-10,2.750982761539387
k5_jellybean,1.0,207,8.758335860963091e-07,0.9999999995727678,0.5609434781842924
k5_jellybean,1.0,209,1.2454334131036046e-06,1.000000000384141,0.1595136667991456
k5_jellybean,1.0,211,-0.0024330503434405156,-5.03377726379518e-10,43.644807350021274
k5_jellybean,1.0,213,-0.002433056451059456,1.9581926583767736e-10,43.644862101404954
k5_jellybean,1.0,215,-8.282650923497858e-06,-3.3373388282737774e-10,2.735178101902854
k5_jellybean,1.0,218,-8.3096444470401e-06,-1.9522874153631475e-10,2.7390366486149396
k5_jellybean,1.0,221,-2.5239030998943674e-05,4.1350907746144845e-10,4.555174819577347
k5_jellybean,1.0,223,-2.5237951294426922e-05,-2.087574558720063e-11,4.5550820810256605
k5_jellybean,1.0,225,-8.297988423497276e-06,-9.718472574720551e-11,2.737371163907096
k5_jellybean,1.0,227,-0.0003932849933655674,9.862444646781594e-11,17.57118919440943
k5_jellybean,1.0,229,-0.0024298467733715056,4.080839408744736e-10,43.61607966576149
k5_jellybean,1.0,232,-0.0024298467733715056,6.11095130370044e-11,43.61607966576149
k5_jellybean,1.0,234,-0.0023628810683751613,-2.0879804242936938e-10,43.01117924354588
k5_jellybean,1.0,236,-0.0024298467733715056,1.5290348800906288e-10,43.61607966576149
k5_jellybean,1.0,238,-0.0023628810683751613,-3.511159621185386e-10,43.01117924354588
k5_jellybean,1.0,240,-0.0024298467733715056,-7.561761370911925e-11,43.61607966576149
k5_jellybean,1.0,242,-0.0023628810683751613,6.132548277209356e-10,43.01117924354588
k5_jellybean,1.0,244,-0.0024298467733715056,3.8701818097874355e-10,43.61607966576149
k5_jellybean,1.0,246,-0.0023628810683751613,-4.789663689470681e-10,43.01117924354588
k5_jellybean,1.0,248,-0.0024298467733715056,1.7150520369966368e-10,43.61607966576149
k5_jellybean,1.0,250,-0.0023628810683751613,-4.836234717724536e-10,43.01117924354588
k5_jellybean,1.0,252,-0.0024298467733715056,2.5596427187390407e-10,43.61607966576149
k5_jellybean,1.0,254,-0.0023628810683751613,-9.388906128641272e-10,43.01117924354588
k5_jellybean,1.0,256,-0.0024298467733715056,2.4392208574456864e-10,43.61607966576149
k5_jellybean,1.0,258,-0.0023628810683751613,-2.964022032115902e-10,43.01117924354588
k5_jellybean,1.0,260,-0.0024298467733715056,4.002768116499092e-10,43.61607966576149
k5_jellybean,1.0,262,-0.0023628810683751613,-4.5487275845263665e-10,43.01117924354588
k5_jellybean,1.0,264,-0.0024298467733715056,4.709775298478762e-10,43.61607966576149
k5_jellybean,1.0,266,-0.0023628810683751613,2.802461891463942e-10,43.01117924354588
k5_jellybean,1.0,268,-0.0024298467733715056,9.847229930914707e-10,43.61607966576149
k5_jellybean,1.0,270,-0.0023628810683751613,-3.660906845805611e-10,43.01117924354588
k5_jellybean,1.0,272,-0.0024298467733715056,4.310063088255751e-10,43.61607966576149
k5_jellybean,1.0,274,-0.0023628810683751613,-5.42238646199065e-11,43.01117924354588
k5_jellybean,1.0,276,-0.0024298467733715056,3.8564362046931604e-10,43.61607966576149
k5_jellybean,1.0,278,-0.0023628810683751613,-1.7990312757513462e-10,43.01117924354588
k5_jellybean,1.0,280,-0.0024298467733715056,1.8355930492946803e-09,43.61607966576149
k5_jellybean,1.0,282,-0.0023628810683751613,-3.0789404140316975e-10,43.01117924354588
k5_jellybean,1.0,284,-0.0024298467733715056,3.0795379500981606e-10,43.61607966576149
k5_jellybean,1.0,286,-0.0023628810683751613,1.1087955929952597e-10,43.01117924354588
k5_jellybean,1.0,288,-0.0024298467733715056,1.097645493800899e-10,43.61607966576149
k5_jellybean,1.0,290,-0.0023628810683751613,-9.881154423825987e-11,43.01117924354588
k5_jellybean,1.0,292,-0.0024298467733715056,6.435562423455697e-10,43.61607966576149
k5_jellybean,1.0,294,-0.0023628810683751613,-1.1486343881395556e-10,43.01117924354588
k5_jellybean,1.0,296,-0.0024298467733715056,7.330471772665063e-10,43.61607966576149
k5_jellybean,1.0,298,-0.0023628810683751613,-5.393352211792813e-10,43.01117924354588
k5_jellybean,1.0,300,-0.0024298467733715056,1.9805841758965363e-10,43.61607966576149
k5_jellybean,1.0,302,-0.0023628810683751613,-3.255163730338696e-10,43.01117924354588
k5_jellybean,1.0,304,-0.0024298467733715056,-1.329561452690413e-10,43.61607966576149
k5_jellybean,1.0,306,-0.0023628810683751613,-2.5756391970653366e-10,43.01117924354588
k5_jellybean,1.0,308,-0.0024298467733715056,1.1108989691411238e-09,43.61607966576149
k5_jellybean,1.0,310,-0.0023628810683751613,5.991541995769963e-10,43.01117924354588
k5_jellybean,1.0,312,-0.0024298467733715056,3.6167250192386424e-10,43.61607966576149
k5_jellybean,1.0,314,-0.0023628810683751613,-2.292627980162262e-10,43.01117924354588
k5_jellybean,1.0,315,-2.3245482223986123e-05,-3.19178066398592e-10,4.380600384305171
k5_jellybean,1.0,317,-2.3245482223986123e-05,2.6957817633719107e-10,4.380600384305171
k5_jellybean,1.0,319,-2.3245482223986123e-05,-4.811691972867161e-10,4.380600384305171
k5_jellybean,1.0,321,-2.3245482223986123e-05,-2.648318931875306e-10,4.380600384305171
k5_jellybean,1.0,323,-2.3245482223986123e-05,-6.118708501916877e-10,4.380600384305171
k5_jellybean,1.0,325,-2.3245482223986123e-05,-4.722841855778415e-10,4.380600384305171
k5_jellybean,1.0,327,-2.3245482223986123e-05,-3.580441712921681e-10,4.380600384305171
k5_jellybean,1.0,329,-2.3245482223986123e-05,2.1782712473302583e-10,4.380600384305171
k5_jellybean,1.0,331,-2.3245482223986123e-05,-2.829019566302197e-10,4.380600384305171
k5_jellybean,1.0,333,-2.3245482223986123e-05,-1.1719754822357536e-10,4.380600384305171
k5_jellybean,1.0,335,-2.3245482223986123e-05,3.2687164686462197e-10,4.380600384305171
k5_jellybean,1.0,337,-2.3245482223986123e-05,-1.0125242204572308e-09,4.380600384305171
k5_jellybean,1.0,339,-2.3245482223986123e-05,-2.4201704073541486e-10,4.380600384305171
k5_jellybean,1.0,341,-2.3245482223986123e-05,-1.5062442530484576e-09,4.380600384305171
k5_jellybean,1.0,343,-2.3245482223986123e-05,-9.433119912840239e-11,4.380600384305171
k5_jellybean,1.0,345,-2.3245482223986123e-05,-2.8599536201213194e-10,4.380600384305171
k5_jellybean,1.0,347,-2.3245482223986123e-05,-4.798666605610567e-10,4.380600384305171
k5_jellybean,1.0,349,-2.3245482223986123e-05,-7.371324071534187e-11,4.380600384305171
k5_jellybean,1.0,351,-2.3245482223986123e-05,-5.77803127406346e-10,4.380600384305171
k5_jellybean,1.0,353,-2.3245482223986123e-05,-4.80170347195248e-10,4.380600384305171
k5_jellybean,1.0,355,-2.3245482223986123e-05,1.7460367978320558e-10,4.380600384305171
k5_jellybean,1.0,356,-2.3245482223986123e-05,-1.5976725566311423e-10,4.380600384305171
k5_jellybean,1.0,357,-2.3245482223986123e-05,2.974049624899223e-10,4.380600384305171
k5_jellybean,1.0,358,-2.3245482223986123e-05,-3.1288009298235792e-12,4.380600384305171
k5_jellybean,1.0,359,-2.3245482223986123e-05,-1.5185067490882338e-10,4.380600384305171
k5_jellybean,1.0,360,-2.3245482223986123e-05,-3.9698320598702336e-10,4.380600384305171
k5_jellybean,1.0,361,-2.3245482223986123e-05,-6.403558940939247e-10,4.380600384305171
k5_jellybean,1.0,362,-2.3245482223986123e-05,-1.064546194359629e-10,4.380600384305171
k5_jellybean,1.0,363,-2.3245482223986123e-05,-3.170623828882111e-10,4.380600384305171
k5_jellybean,1.0,364,-2.3245482223986123e-05,-3.3732496946677445e-10,4.380600384305171
k5_jellybean,1.0,365,-2.3245482223986123e-05,-8.513799894047021e-11,4.380600384305171
k5_jellybean,1.0,366,-2.3245482223986123e-05,-1.9894437634208892e-11,4.380600384305171
k5_jellybean,1.0,367,-2.3245482223986123e-05,-5.007241013736943e-10,4.380600384305171
k5_jellybean,1.0,368,-2.3245482223986123e-05,-2.620122622141807e-10,4.380600384305171
k5_jellybean,1.0,369,-2.3245482223986123e-05,-5.56930807679866e-10,4.380600384305171
k5_jellybean,1.0,370,-2.3245482223986123e-05,6.54996419166151e-10,4.380600384305171
k5_jellybean,1.0,371,-2.3245482223986123e-05,7.672051752801195e-10,4.380600384305171
k5_jellybean,1.0,372,-2.3245482223986123e-05,-9.555561347288076e-10,4.380600384305171
k5_jellybean,1.0,373,-2.3245482223986123e-05,-3.1814756658305204e-10,4.380600384305171
k5_jellybean,1.0,374,-2.3245482223986123e-05,-3.514788174982061e-10,4.380600384305171
k5_jellybean,1.0,376,-2.3245482223986123e-05,-2.3442837277384783e-10,4.380600384305171
k5_jellybean,1.0,378,-2.3245482223986123e-05,-4.0932771540490116e-10,4.380600384305171
k5_jellybean,1.0,380,-2.3245482223986123e-05,1.1318892971521496e-09,4.380600384305171
k5_jellybean,1.0,382,-2.3245482223986123e-05,1.4258793839058854e-11,4.380600384305171
k5_jellybean,1.0,384,-2.3245482223986123e-05,-1.220866655886745e-09,4.380600384305171
k5_jellybean,1.0,386,-2.3245482223986123e-05,-3.0825918010998064e-10,4.380600384305171
k5_jellybean,1.0,388,-2.3245482223986123e-05,-3.7091437066820564e-10,4.380600384305171
k5_jellybean,1.0,390,-2.3245482223986123e-05,-7.775362204732096e-10,4.380600384305171
k5_jellybean,1.0,392,-2.3245482223986123e-05,-1.940668278936199e-10,4.380600384305171
k5_jellybean,1.0,394,-2.3245482223986123e-05,-3.668853452295758e-10,4.380600384305171
k5_jellybean,1.0,396,-2.3245482223986123e-05,-1.160468686705807e-10,4.380600384305171
k5_jellybean,1.0,398,-2.3245482223986123e-05,1.2871731157798356e-10,4.380600384305171
k5_jellybean,1.0,400,-2.3245482223986123e-05,-1.9890144203127836e-09,4.380600384305171
k5_jellybean,1.0,402,-2.3245482223986123e-05,-2.197226490236651e-10,4.380600384305171
k5_jellybean,1.0,404,-2.3245482223986123e-05,-1.5395852874242694e-10,4.380600384305171
k5_jellybean,1.0,406,-2.3245482223986123e-05,6.939151896823462e-10,4.380600384305171
k5_jellybean,1.0,408,-2.3245482223986123e-05,-1.9097978456782889e-10,4.380600384305171
k5_jellybean,1.0,411,-2.3245482223986123e-05,-1.8828170986990262e-10,4.380600384305171
k5_jellybean,1.0,414,-2.3245482223986123e-05,4.422510160748862e-12,4.380600384305171
k5_jellybean,1.0,417,-2.3245482223986123e-05,-6.174897373979614e-10,4.380600384305171
k5_jellybean,1.0,420,-2.3245482223986123e-05,5.042464972132423e-10,4.380600384305171
k5_jellybean,1.0,423,-2.3245482223986123e-05,-2.2798661645436283e-10,4.380600384305171
k5_jellybean,1.0,426,-2.3245482223986123e-05,-2.9136535127918587e-10,4.380600384305171
k5_jellybean,1.0,429,-2.3245482223986123e-05,-5.08019964001854e-10,4.380600384305171
k5_jellybean,1.0,432,-2.3245482223986123e-05,-1.007935132549236e-09,4.380600384305171
k5_jellybean,1.0,435,-2.3245482223986123e-05,-3.666964654673381e-10,4.380600384305171
k5_jellybean,1.0,438,-2.3245482223986123e-05,-2.04935936064246e-10,4.380600384305171
k5_jellybean,1.0,441,-2.3245482223986123e-05,2.038171035323284e-10,4.380600384305171
k5_jellybean,1.0,444,-2.3245482223986123e-05,-2.810856792526808e-10,4.380600384305171
k5_jellybean,1.0,447,-2.3245482223986123e-05,2.8773201837751894e-10,4.380600384305171
k5_jellybean,1.0,450,-2.3245482223986123e-05,6.796817269726552e-11,4.380600384305171
k5_jellybean,1.0,453,-2.3245482223986123e-05,2.85687452192113e-10,4.380600384305171
k5_jellybean,1.0,456,-2.3245482223986123e-05,-1.66629066045199e-10,4.380600384305171
k5_jellybean,1.0,458,-2.3245482223986123e-05,1.6363943972888794e-10,4.380600384305171
k5_jellybean,1.0,459,-2.3245482223986123e-05,4.0068677106827406e-10,4.380600384305171
k5_jellybean,1.0,460,-2.3245482223986123e-05,-3.5106512197482116e-10,4.380600384305171
k5_jellybean,1.0,461,-2.3245482223986123e-05,-2.6416438461784725e-10,4.380600384305171
k5_jellybean,1.0,462,-2.3245482223986123e-05,-7.350337308638257e-10,4.380600384305171
k5_jellybean,1.0,463,-2.3245482223986123e-05,-4.255126561749702e-10,4.380600384305171
k5_jellybean,1.0,464,-2.3245482223986123e-05,-4.354973725549638e-10,4.380600384305171
k5_jellybean,1.0,465,-2.3245482223986123e-05,-4.641892542010183e-10,4.380600384305171
k5_jellybean,1.0,466,-2.3245482223986123e-05,-3.3278723438114336e-10,4.380600384305171
k5_jellybean,1.0,467,-2.3245482223986123e-05,1.0773692592282266e-09,4.380600384305171
k5_jellybean,1.0,468,-2.3245482223986123e-05,-1.0693169933937275e-09,4.380600384305171
k5_jellybean,1.0,469,-2.3245482223986123e-05,-6.322774347062569e-10,4.380600384305171
k5_jellybean,1.0,470,-2.3245482223986123e-05,1.9641097198776374e-10,4.380600384305171
k5_jellybean,1.0,471,-2.3245482223986123e-05,7.273246527232144e-12,4.380600384305171
k5_jellybean,1.0,472,-2.3245482223986123e-05,-2.750306032625223e-10,4.380600384305171
k5_jellybean,1.0,473,-2.3245482223986123e-05,7.456556393347204e-11,4.380600384305171
k5_jellybean,1.0,475,-2.3245482223986123e-05,-2.4215116747089923e-10,4.380600384305171
k5_jellybean,1.0,477,-2.3245482223986123e-05,-3.9479102384544307e-10,4.380600384305171
k5_jellybean,1.0,479,-2.3245482223986123e-05,-1.0345770744641984e-09,4.380600384305171
k5_jellybean,1.0,481,-2.3245482223986123e-05,-1.0390433207552106e-09,4.380600384305171
k5_jellybean,1.0,483,-2.3245482223986123e-05,-3.517371030268146e-10,4.380600384305171
k5_jellybean,1.0,485,-2.3245482223986123e-05,-8.764052211183718e-10,4.380600384305171
k5_jellybean,1.0,487,-2.3245482223986123e-05,-2.4462494224233533e-10,4.380600384305171
k5_jellybean,1.0,489,-2.3245482223986123e-05,-3.1103462427166947e-10,4.380600384305171
k5_jellybean,1.0,491,-2.3245482223986123e-05,-4.817747207747372e-10,4.380600384305171
k5_jellybean,1.0,493,-2.3245482223986123e-05,1.4626980140284173e-10,4.380600384305171
k5_jellybean,1.0,495,-2.3245482223986123e-05,-9.119017816907757e-10,4.380600384305171
k5_jellybean,1.0,497,-2.3245482223986123e-05,6.890196408912263e-10,4.380600384305171
k5_jellybean,1.0,499,-2.3245482223986123e-05,-2.604531182756881e-11,4.380600384305171
k5_jellybean,1.0,501,-2.3245482223986123e-05,-2.929737209367448e-11,4.380600384305171
k5_jellybean,1.0,502,-2.3245482223986123e-05,-2.278689257200741e-11,4.380600384305171
k5_jellybean,1.0,503,-2.3245482223986123e-05,-4.742210572964759e-11,4.380600384305171
k5_jellybean,1.0,504,-2.3245482223986123e-05,3.9769895203684753e-11,4.380600384305171
k5_jellybean,1.0,505,-2.3245482223986123e-05,-2.9632287090114445e-10,4.380600384305171
k5_jellybean,1.0,506,-2.3245482223986123e-05,-1.327318116665892e-10,4.380600384305171
k5_jellybean,1.0,507,-2.3245482223986123e-05,-5.989671406627513e-11,4.380600384305171
k5_jellybean,1.0,508,-2.3245482223986123e-05,-5.105544049737216e-11,4.380600384305171
k5_jellybean,1.0,509,-2.3245482223986123e-05,-1.2246744434685791e-10,4.380600384305171
k5_jellybean,1.0,510,-2.3245482223986123e-05,-1.0837498292095354e-09,4.380600384305171
k5_jellybean,1.0,511,-2.3245482223986123e-05,-4.3335396049454644e-10,4.380600384305171
k5_jellybean,1.0,512,-2.3245482223986123e-05,-1.1948788525235543e-09,4.380600384305171
k5_jellybean,1.0,513,-2.3245482223986123e-05,-6.114458306092111e-10,4.380600384305171
k5_jellybean,1.0,514,-2.3245482223986123e-05,-1.224078202633932e-09,4.380600384305171
k5_jellybean,1.0,515,-2.3245482223986123e-05,3.9589404113632894e-10,4.380600384305171
k5_jellybean,1.0,516,-2.3245482223986123e-05,-2.3065576561949152e-10,4.380600384305171
k5_jellybean,1.0,517,-2.3245482223986123e-05,-2.1322948864397294e-10,4.380600384305171
k5_jellybean,1.0,518,-2.3245482223986123e-05,-3.0791207171432954e-10,4.380600384305171
k5_jellybean,1.0,519,-2.3245482223986123e-05,-3.870162972592191e-10,4.380600384305171
k5_jellybean,1.0,520,-2.3245482223986123e-05,-2.390210272814653e-10,4.380600384305171
k5_jellybean,1.0,521,-2.3245482223986123e-05,-2.3518194710125e-10,4.380600384305171
k5_jellybean,1.0,522,-2.3245482223986123e-05,-7.39733092506379e-10,4.380600384305171
k5_jellybean,1.0,523,-2.3245482223986123e-05,-2.4456745247923424e-10,4.380600384305171
k5_jellybean,1.0,524,-2.3245482223986123e-05,-5.184823943125099e-11,4.380600384305171
k5_jellybean,1.0,525,-2.3245482223986123e-05,-1.2628703403851668e-09,4.380600384305171
k5_jellybean,1.0,526,-2.3245482223986123e-05,-2.039855364943912e-10,4.380600384305171
k5_jellybean,1.0,527,-2.3245482223986123e-05,9.512715963181162e-12,4.380600384305171
k5_jellybean,1.0,528,-2.3245482223986123e-05,-1.7345919592554327e-10,4.380600384305171
k5_jellybean,1.0,529,-2.3245482223986123e-05,-6.334739923433029e-11,4.380600384305171
k5_jellybean,1.0,530,-2.3245482223986123e-05,4.4026282736303923e-10,4.380600384305171
k5_jellybean,1.0,531,-2.3245482223986123e-05,-1.1379036121851255e-09,4.380600384305171
k5_jellybean,1.0,532,-2.3245482223986123e-05,3.690920533100286e-10,4.380600384305171
k5_jellybean,1.0,533,-2.3245482223986123e-05,-3.697177301316017e-11,4.380600384305171
k5_jellybean,1.0,534,-2.3245482223986123e-05,-5.182552641841623e-10,4.380600384305171
k5_jellybean,1.0,535,-2.3245482223986123e-05,2.550207401967933e-10,4.380600384305171
k5_jellybean,1.0,537,-2.3245482223986123e-05,-4.597105762417227e-11,4.380600384305171
k5_jellybean,1.0,539,-2.3245482223986123e-05,4.805724014578059e-10,4.380600384305171
k5_jellybean,1.0,541,-2.3245482223986123e-05,-5.989855761450597e-11,4.380600384305171
k5_jellybean,1.0,543,-2.3245482223986123e-05,3.1375637247781624e-11,4.380600384305171
k5_jellybean,1.0,545,-2.3245482223986123e-05,1.155837631024299e-09,4.380600384305171
k5_jellybean,1.0,547,-2.3245482223986123e-05,-3.657818511681777e-10,4.380600384305171
k5_jellybean,1.0,549,-2.3245482223986123e-05,-6.615493659035114e-11,4.380600384305171
k5_jellybean,1.0,551,-2.3245482223986123e-05,-1.2041522530587312e-09,4.380600384305171
k5_jellybean,1.0,553,-2.3245482223986123e-05,-3.984965840122457e-10,4.380600384305171
k5_jellybean,1.0,555,-2.3245482223986123e-05,-7.308067767444413e-10,4.380600384305171
k5_jellybean,1.0,557,-2.3245482223986123e-05,-4.112243487407957e-10,4.380600384305171
k5_jellybean,1.0,559,-2.3245482223986123e-05,7.755195949404407e-10,4.380600384305171
k5_jellybean,1.0,561,-2.3245482223986123e-05,-2.227715140326294e-10,4.380600384305171
k5_jellybean,1.0,563,-2.3245482223986123e-05,1.420440549767393e-11,4.380600384305171
k5_jellybean,1.0,565,-2.3245482223986123e-05,-6.947252505431299e-11,4.380600384305171
k5_jellybean,1.0,567,-2.3245482223986123e-05,-1.0860351392134489e-10,4.380600384305171
k5_jellybean,1.0,569,-2.3245482223986123e-05,1.874980334391534e-11,4.380600384305171
k5_jellybean,1.0,570,-2.3245482223986123e-05,-6.185692345904121e-10,4.380600384305171
k5_jellybean,1.0,571,-2.3245482223986123e-05,-9.830891150979023e-10,4.380600384305171
k5_jellybean,1.0,572,-2.3245482223986123e-05,-1.0757779118807396e-10,4.380600384305171
k5_jellybean,1.0,573,-2.3245482223986123e-05,-2.361285083327759e-10,4.380600384305171
k5_jellybean,1.0,574,-2.3245482223986123e-05,-2.679716698019973e-10,4.380600384305171
k5_jellybean,1.0,575,-2.3245482223986123e-05,-8.219678617819007e-10,4.380600384305171
k5_jellybean,1.0,576,-2.3245482223986123e-05,-6.904289107412811e-10,4.380600384305171
k5_jellybean,1.0,577,-2.3245482223986123e-05,-2.2822311736199988e-10,4.380600384305171
k5_jellybean,1.0,578,-2.3245482223986123e-05,-1.1561411715192399e-10,4.380600384305171
k5_jellybean,1.0,579,-2.3245482223986123e-05,-1.2939921900145485e-09,4.380600384305171
k5_jellybean,1.0,580,-2.3245482223986123e-05,-3.169769445521241e-10,4.380600384305171
k5_jellybean,1.0,581,-2.3245482223986123e-05,-4.986683482727009e-10,4.380600384305171
k5_jellybean,1.0,582,-2.3245482223986123e-05,-1.5106002831240756e-09,4.380600384305171
k5_jellybean,1.0,584,-2.3245482223986123e-05,3.6155984918687695e-10,4.380600384305171
k5_jellybean,1.0,586,-2.3245482223986123e-05,7.800228913982936e-11,4.380600384305171
k5_jellybean,1.0,588,-2.3245482223986123e-05,2.3598464790157894e-10,4.380600384305171
k5_jellybean,1.0,590,-2.3245482223986123e-05,-5.008885255206078e-10,4.380600384305171
k5_jellybean,1.0,592,-2.3245482223986123e-05,-9.140784845714728e-10,4.380600384305171
k5_jellybean,1.0,594,-2.3248223151232046e-05,-9.785379689200322e-10,4.380845182243382
k5_jellybean,1.0,595,-2.3245482223986123e-05,-2.74420668728789e-10,4.380600384305171
k5_jellybean,1.0,597,-2.3248223151232046e-05,-1.1355886429702795e-10,4.380845182243382
k5_jellybean,1.0,598,-2.3245482223986123e-05,-2.6813488987294056e-10,4.380600384305171
k5_jellybean,1.0,600,-2.3248223151232046e-05,-1.5872666173376843e-11,4.380845182243382
k5_jellybean,1.0,601,-2.3245482223986123e-05,-4.1007661333256266e-10,4.380600384305171
k5_jellybean,1.0,603,-2.3248223151232046e-05,-7.234535372477952e-10,4.380845182243382
k5_jellybean,1.0,604,-2.3245482223986123e-05,-3.17519079096264e-10,4.380600384305171
k5_jellybean,1.0,605,-2.3245482223986123e-05,-6.209708262891889e-10,4.380600384305171
k5_jellybean,1.0,606,-2.3245482223986123e-05,-8.651275313345904e-10,4.380600384305171
k5_jellybean,1.0,607,-2.3245482223986123e-05,-5.387775566927602e-12,4.380600384305171
k5_jellybean,1.0,609,-2.3245482223986123e-05,-4.953782371262835e-10,4.380600384305171
k5_jellybean,1.0,611,-2.3253710927784926e-05,-1.6761697866395512e-10,4.3813352659248155
k5_jellybean,1.0,0,-0.43267653059791567,-1.4149631137567169e-09,581.8691313510984
k5_jellybean,2.0,1,-4.470533164849974e-06,-7.962090713221815e-10,2.7382851644765065
k5_jellybean,2.0,3,-4.616874005155999e-06,-5.279254631546132e-10,2.759115399815683
k5_jellybean,2.0,5,-0.0024265346972822594,-4.2410609852438764e-10,43.62075991901769
k5_jellybean,2.0,7,-0.0022887224477987135,6.911602435687691e-11,42.366640135419495
k5_jellybean,2.0,9,-0.0024257761607692175,6.051059565490093e-11,43.61395578035329
k5_jellybean,2.0,11,-0.0021297894104878013,4.0930049993986095e-10,40.87256557694776
k5_jellybean,2.0,13,-4.449962608404523e-06,-5.859644303610082e-10,2.7353444243328706
k5_jellybean,2.0,16,-2.13422955223693e-05,-5.307245036521916e-11,4.549770369051294
k5_jellybean,2.0,19,-4.4455706485897015e-06,-4.374960319259522e-10,2.734716145776295
k5_jellybean,2.0,21,-5.009506320716514e-06,3.5143377461975397e-10,2.814241239990112
k5_jellybean,2.0,23,-0.00023167657436620948,-8.93023017964407e-11,13.612039375818723
k5_jellybean,2.0,25,-0.00011551719435611411,6.598476687586566e-10,9.715582940922562
k5_jellybean,2.0,27,-4.422947364253169e-06,-1.424751654338922e-10,2.7314775506967157
k5_jellybean,2.0,29,-1.5323307095677527e-05,1.8045580800104377e-10,3.9988165588507316
k5_jellybean,2.0,31,-1.5323307095677527e-05,6.92211961592077e-10,3.9988165588507316
k5_jellybean,2.0,34,-1.4887414569293348e-05,3.276803043149721e-11,3.9559381515574787
k5_jellybean,2.0,36,-4.445920801755021e-06,3.2264157903569496e-10,2.7347662411756772
k5_jellybean,2.0,38,-4.437457424983258e-06,6.937513613935133e-10,2.7335551532949536
k5_jellybean,2.0,40,-0.0001372087964905556,8.445026500025197e-10,10.553023062950583
k5_jellybean,2.0,42,-0.0024260193418011,-3.3993734385151595e-10,43.616137251012674
k5_jellybean,2.0,44,-0.002422747383393714,-4.6111606201841115e-10,43.58677679535813
k5_jellybean,2.0,46,-0.0024260193418011,-1.188380358438204e-09,43.616137251012674
k5_jellybean,2.0,48,-0.002422747383393714,-1.4796753852728429e-10,43.58677679535813
k5_jellybean,2.0,50,-3.186595171815046e-06,-5.954324069193421e-10,2.5482386666733046
k5_jellybean,2.0,53,-3.1817367650723076e-06,-2.938698885754227e-10,2.547492607338856
k5_jellybean,2.0,56,-3.1817367650723076e-06,-8.788062082930033e-11,2.547492607338856
k5_jellybean,2.0,59,-3.1817367650723076e-06,-8.85490222409357e-10,2.547492607338856
k5_jellybean,2.0,62,-4.581888469006052e-06,-1.4836217935037325e-10,2.754149869248217
k5_jellybean,2.0,65,-4.52561233894484e-06,-4.0823643898768467e-10,2.74614370733123
k5_jellybean,2.0,68,-4.52561233894484e-06,6.756684518509941e-10,2.74614370733123
k5_jellybean,2.0,71,-5.8526945446587125e-06,2.6585330442566286e-10,2.929121212430598
k5_jellybean,2.0,74,-2.627575649501531e-05,4.0279433850398344e-10,4.955891287595548
k5_jellybean,2.0,77,-4.508931602351247e-06,1.9641626534296157e-11,2.7437661224638648
k5_jellybean,2.0,80,-0.00024897842866689095,-2.3652861597522324e-10,14.100580448212929
k5_jellybean,2.0,82,-0.0002480981343210923,3.673885611866092e-10,14.076133560192018
k5_jellybean,2.0,84,-1.9880529795350907e-05,-2.084257029573338e-10,4.422281575720752
k5_jellybean,2.0,86,5.111801446074094e-06,0.9999999996368325,0.0
k5_jellybean,2.0,88,-2.133562124236714e-05,-6.543844117924839e-10,4.549196386937969
k5_jellybean,2.0,91,-5.7396425492355465e-05,-8.1218710703919e-10,6.993774053260166
k5_jellybean,2.0,94,-5.727685261835417e-05,-4.869757175447383e-10,6.987081606411762
k5_jellybean,2.0,97,-4.5025357764429794e-06,5.779508835610351e-10,2.74285394831339
k5_jellybean,2.0,100,-1.5046845592865696e-06,-1.596136677439496e-10,2.275394513358442
k5_jellybean,2.0,102,-3.7036378101680676e-06,6.386813929730037e-10,2.6264248935216594
k5_jellybean,2.0,104,-3.7036378101680676e-06,-2.6174290997162993e-10,2.6264248935216594
k5_jellybean,2.0,107,-3.849381322526746e-06,7.842908598211537e-10,2.648046913841133
k5_jellybean,2.0,110,-4.449962608404523e-06,-5.987526303701902e-11,2.7353444243328706
k5_jellybean,2.0,112,-4.905858825411922e-06,-3.3705582088128253e-10,2.799794506775949
k5_jellybean,2.0,114,-0.002432191576208435,2.727567167220002e-10,43.6714691838907
k5_jellybean,2.0,116,-0.0022141059390673444,-4.31517627940972e-11,41.67186765612977
k5_jellybean,2.0,118,-2.1373618290145973e-05,-5.199161213632821e-10,4.552463132311251
k5_jellybean,2.0,121,-4.459257211704628e-06,-5.91950482835776e-10,2.7366735601374064
k5_jellybean,2.0,123,-2.427709032093066e-05,-1.5453982748191788e-10,4.795507915156257
k5_jellybean,2.0,125,-0.0011810587641901925,-8.914072620206272e-10,30.46608005289624
k5_jellybean,2.0,128,-0.0005162903693837885,2.56627436889946e-10,20.198979336868078
k5_jellybean,2.0,130,-0.00011579537905765469,1.5502131365286895e-09,9.726779130177333
k5_jellybean,2.0,132,-4.456814361531619e-06,-3.848645805886968e-10,2.736324293125803
k5_jellybean,2.0,134,-4.522461802478913e-06,-3.6913472071268184e-10,2.7456948040629627
k5_jellybean,2.0,135,-2.1165380155634597e-05,1.7539153436185057e-10,4.5345312442123005
k5_jellybean,2.0,137,-2.1165380155634597e-05,3.6151943482511714e-10,4.5345312442123005
k5_jellybean,2.0,140,-2.1100535685705044e-05,9.699362815311403e-10,4.528932833688872
k5_jellybean,2.0,142,-4.468922364251426e-06,-2.0551939764115104e-10,2.738055000485007
k5_jellybean,2.0,145,-4.468922364251426e-06,2.1471568564815584e-10,2.738055000485007
k5_jellybean,2.0,147,-4.632225244404745e-06,2.2260608523429395e-10,2.761291397220719
k5_jellybean,2.0,149,-0.00036985502025419626,4.920633200803579e-10,17.129292609582922
k5_jellybean,2.0,151,-0.00023556741178249656,-2.2123063502001847e-10,13.723418231065708
k5_jellybean,2.0,152,-4.588741287838577e-06,-1.1687833508936664e-10,2.7551232011689013
k5_jellybean,2.0,154,-4.588741287838577e-06,-2.805249838964212e-10,2.7551232011689013
k5_jellybean,2.0,156,-4.588741287838577e-06,-3.123103816181154e-10,2.7551232011689013
k5_jellybean,2.0,158,5.1114705208198075e-06,0.9999999990669681,0.016091923638702973
k5_jellybean,2.0,160,-4.588741287838577e-06,-4.431245075188417e-10,2.7551232011689013
k5_jellybean,2.0,162,5.1114705208198075e-06,0.9999999995094733,0.016091923638702973
k5_jellybean,2.0,164,-0.002425545872719979,2.8986527467701218e-11,43.61188986640833
k5_jellybean,2.0,166,-0.0024263889558635426,-2.8263036905860666e-10,43.61945268815586
k5_jellybean,2.0,169,-0.0024263889558635426,-1.8594629025254378e-10,43.61945268815586
k5_jellybean,2.0,171,-0.002419794479237691,-1.0869860309243422e-09,43.560262338839074
k5_jellybean,2.0,173,-0.0024263889558635426,-1.3900146981864121e-10,43.61945268815586
k5_jellybean,2.0,175,-0.002419794479237691,-3.487667121815617e-10,43.560262338839074
k5_jellybean,2.0,177,-0.0024263889558635426,-3.5933959968501257e-10,43.61945268815586
k5_jellybean,2.0,179,-0.002419794479237691,-2.1744897170467895e-10,43.560262338839074
k5_jellybean,2.0,181,-4.581888469006052e-06,-2.3593138176355814e-10,2.754149869248217
k5_jellybean,2.0,184,-4.581888469006052e-06,2.965444855115685e-10,2.754149869248217
k5_jellybean,2.0,186,-4.581888469006052e-06,-7.191449201379452e-10,2.754149869248217
k5_jellybean,2.0,189,-4.414493362481407e-06,1.0572108023503975e-09,2.7302663474754754
k5_jellybean,2.0,191,-4.404449451298478e-06,-7.347599693233849e-10,2.728826659474686
k5_jellybean,2.0,192,-4.511811951294406e-06,-6.774422871544423e-11,2.7441768194648244
k5_jellybean,2.0,194,-4.519504138796846e-06,-9.226492034339858e-10,2.745273315415976
k5_jellybean,2.0,195,-2.587616886638384e-05,-3.201526517226635e-10,4.924244097698194
k5_jellybean,2.0,197,-2.5890041924482035e-05,1.26184046529848e-09,4.925346246040596
k5_jellybean,2.0,199,-4.560407424984063e-06,3.2306301513020997e-10,2.7510966033112645
k5_jellybean,2.0,201,-4.559606959735072e-06,6.580402527163935e-10,2.750982761539387
k5_jellybean,2.0,203,-4.560407424984063e-06,2.2689983245713058e-10,2.7510966033112645
k5_jellybean,2.0,205,-4.559606959735072e-06,1.9936606069387713e-10,2.750982761539387
k5_jellybean,2.0,207,4.70968467065188e-06,1.00000000041404,0.5609434781842924
k5_jellybean,2.0,209,5.079284497659174e-06,0.99999999966858,0.1595136667991456
k5_jellybean,2.0,211,-0.0024292164923559604,1.6131728450339596e-10,43.644807350021274
k5_jellybean,2.0,213,-0.002429222599974901,4.128422980563579e-10,43.644862101404954
k5_jellybean,2.0,215,-4.448799838942289e-06,-9.893690982004838e-11,2.735178101902854
k5_jellybean,2.0,218,-4.47579336248453e-06,-5.110699613375925e-10,2.7390366486149396
k5_jellybean,2.0,221,-2.1405179914388105e-05,-1.4322854099739566e-10,4.555174819577347
k5_jellybean,2.0,223,-2.1404100209871353e-05,3.26069014972644e-11,4.5550820810256605
k5_jellybean,2.0,225,-4.4641373389417065e-06,-3.7274633720657107e-10,2.737371163907096
k5_jellybean,2.0,227,-0.00038945114228101186,3.6931085238681725e-10,17.57118919440943
k5_jellybean,2.0,229,-0.0024260129222869503,-2.0066705169120714e-10,43.61607966576149
k5_jellybean,2.0,232,-0.0024260129222869503,2.878383847635243e-10,43.61607966576149
k5_jellybean,2.0,234,-0.002359047217290606,-7.494079617901633e-11,43.01117924354588
k5_jellybean,2.0,236,-0.0024260129222869503,-1.8642861066017404e-10,43.61607966576149
k5_jellybean,2.0,238,-0.002359047217290606,-6.328467420736628e-10,43.01117924354588
k5_jellybean,2.0,240,-0.0024260129222869503,-1.1470418268216736e-09,43.61607966576149
k5_jellybean,2.0,242,-0.002359047217290606,-4.161213598537426e-10,43.01117924354588
k5_jellybean,2.0,244,-0.0024260129222869503,-6.523805761172132e-11,43.61607966576149
k5_jellybean,2.0,246,-0.002359047217290606,-1.7737681795470573e-10,43.01117924354588
k5_jellybean,2.0,248,-0.0024260129222869503,-4.0177101298245657e-10,43.61607966576149
k5_jellybean,2.0,250,-0.002359047217290606,2.229154986653944e-10,43.01117924354588
k5_jellybean,2.0,252,-0.0024260129222869503,-4.849086041957191e-10,43.61607966576149
k5_jellybean,2.0,254,-0.002359047217290606,-8.469966715325626e-10,43.01117924354588
k5_jellybean,2.0,256,-0.0024260129222869503,-3.604468354216114e-10,43.61607966576149
k5_jellybean,2.0,258,-0.002359047217290606,4.709558260242823e-10,43.01117924354588
k5_jellybean,2.0,260,-0.0024260129222869503,-5.312244720114783e-10,43.61607966576149
k5_jellybean,2.0,262,-0.002359047217290606,-6.465679977976955e-10,43.01117924354588
k5_jellybean,2.0,264,-0.0024260129222869503,-1.1533972479117883e-10,43.61607966576149
k5_jellybean,2.0,266,-0.002359047217290606,2.4034654490472804e-10,43.01117924354588
k5_jellybean,2.0,268,-0.0024260129222869503,-1.4763903999651442e-10,43.61607966576149
k5_jellybean,2.0,270,-0.002359047217290606,-8.779032463135444e-12,43.01117924354588
k5_jellybean,2.0,272,-0.0024260129222869503,-4.552100934645662e-10,43.61607966576149
k5_jellybean,2.0,274,-0.002359047217290606,-4.516553046127198e-10,43.01117924354588
k5_jellybean,2.0,276,-0.0024260129222869503,-4.422322338403339e-10,43.61607966576149
k5_jellybean,2.0,278,-0.002359047217290606,-7.672376853532182e-11,43.01117924354588
k5_jellybean,2.0,280,-0.0024260129222869503,-3.681101857900614e-11,43.61607966576149
k5_jellybean,2.0,282,-0.002359047217290606,-1.0960431133180523e-10,43.01117924354588
k5_jellybean,2.0,284,-0.0024260129222869503,-3.959521103856047e-10,43.61607966576149
k5_jellybean,2.0,286,-0.002359047217290606,-2.2007519819099095e-10,43.01117924354588
k5_jellybean,2.0,288,-0.0024260129222869503,-4.721294685701985e-10,43.61607966576149
k5_jellybean,2.0,290,-0.002359047217290606,-2.9069821273707373e-11,43.01117924354588
k5_jellybean,2.0,292,-0.0024260129222869503,-2.555502841248931e-10,43.61607966576149
k5_jellybean,2.0,294,-0.002359047217290606,5.594605368051331e-10,43.01117924354588
k5_jellybean,2.0,296,-0.0024260129222869503,-4.4308245688594885e-10,43.61607966576149
k5_jellybean,2.0,298,-0.002359047217290606,-4.663750606673524e-10,43.01117924354588
k5_jellybean,2.0,300,-0.0024260129222869503,-4.1656332258872424e-10,43.61607966576149
k5_jellybean,2.0,302,-0.002359047217290606,-4.827177843627104e-11,43.01117924354588
k5_jellybean,2.0,304,-0.0024260129222869503,3.750278325892375e-10,43.61607966576149
k5_jellybean,2.0,306,-0.002359047217290606,-1.7725608962959193e-11,43.01117924354588
k5_jellybean,2.0,308,-0.0024260129222869503,-3.372162875158352e-10,43.61607966576149
k5_jellybean,2.0,310,-0.002359047217290606,2.2622294676215003e-10,43.01117924354588
k5_jellybean,2.0,312,-0.0024260129222869503,-9.242946770516009e-10,43.61607966576149
k5_jellybean,2.0,314,-0.002359047217290606,1.5686366199156433e-11,43.01117924354588
k5_jellybean,2.0,315,-1.9411631139430555e-05,3.7524780973515883e-10,4.380600384305171
k5_jellybean,2.0,317,-1.9411631139430555e-05,-1.38095239889725e-10,4.380600384305171
k5_jellybean,2.0,319,-1.9411631139430555e-05,-4.388766311948039e-10,4.380600384305171
k5_jellybean,2.0,321,-1.9411631139430555e-05,-8.328215495415191e-10,4.380600384305171
k5_jellybean,2.0,323,-1.9411631139430555e-05,-3.764649736318803e-10,4.380600384305171
k5_jellybean,2.0,325,-1.9411631139430555e-05,-2.208332533883341e-11,4.380600384305171
k5_jellybean,2.0,327,-1.9411631139430555e-05,-3.803906926786137e-10,4.380600384305171
k5_jellybean,2.0,329,-1.9411631139430555e-05,-6.031501867582322e-11,4.380600384305171
k5_jellybean,2.0,331,-1.9411631139430555e-05,-3.6554386898731156e-10,4.380600384305171
k5_jellybean,2.0,333,-1.9411631139430555e-05,-3.7709791457318053e-10,4.380600384305171
k5_jellybean,2.0,335,-1.9411631139430555e-05,-5.682610931761063e-10,4.380600384305171
k5_jellybean,2.0,337,-1.9411631139430555e-05,-2.6132230260546987e-10,4.380600384305171
k5_jellybean,2.0,339,-1.9411631139430555e-05,-4.662950179970749e-10,4.380600384305171
k5_jellybean,2.0,341,-1.9411631139430555e-05,3.32310481178801e-10,4.380600384305171
k5_jellybean,2.0,343,-1.9411631139430555e-05,-4.05510262015735e-10,4.380600384305171
k5_jellybean,2.0,345,-1.9411631139430555e-05,5.550635578816207e-11,4.380600384305171
k5_jellybean,2.0,347,-1.9411631139430555e-05,-6.820277260478828e-10,4.380600384305171
k5_jellybean,2.0,349,-1.9411631139430555e-05,-8.690233803323418e-11,4.380600384305171
k5_jellybean,2.0,351,-1.9411631139430555e-05,5.0570808377767144e-11,4.380600384305171
k5_jellybean,2.0,353,-1.9411631139430555e-05,-5.216063079442003e-10,4.380600384305171
k5_jellybean,2.0,355,-1.9411631139430555e-05,-1.588517311357167e-10,4.380600384305171
k5_jellybean,2.0,356,-1.9411631139430555e-05,-6.351490860837404e-10,4.380600384305171
k5_jellybean,2.0,357,-1.9411631139430555e-05,-7.28184678213138e-10,4.380600384305171
k5_jellybean,2.0,358,-1.9411631139430555e-05,-5.98109436201041e-10,4.380600384305171
k5_jellybean,2.0,359,-1.9411631139430555e-05,-6.154627242290555e-11,4.380600384305171
k5_jellybean,2.0,360,-1.9411631139430555e-05,-6.660838982685291e-10,4.380600384305171
k5_jellybean,2.0,361,-1.9411631139430555e-05,-7.739179061997202e-10,4.380600384305171
k5_jellybean,2.0,362,-1.9411631139430555e-05,-9.893411253752804e-10,4.380600384305171
k5_jellybean,2.0,363,-1.9411631139430555e-05,-9.735679403067358e-10,4.380600384305171
k5_jellybean,2.0,364,-1.9411631139430555e-05,-3.9884273168186095e-10,4.380600384305171
k5_jellybean,2.0,365,-1.9411631139430555e-05,-1.5137086213802456e-11,4.380600384305171
k5_jellybean,2.0,366,-1.9411631139430555e-05,-5.155990781456089e-10,4.380600384305171
k5_jellybean,2.0,367,-1.9411631139430555e-05,1.6533793308670857e-10,4.380600384305171
k5_jellybean,2.0,368,-1.9411631139430555e-05,4.238158238179856e-11,4.380600384305171
k5_jellybean,2.0,369,-1.9411631139430555e-05,-2.4186272826961167e-10,4.380600384305171
k5_jellybean,2.0,370,-1.9411631139430555e-05,2.6231316744626644e-10,4.380600384305171
k5_jellybean,2.0,371,-1.9411631139430555e-05,-2.6903340019198686e-10,4.380600384305171
k5_jellybean,2.0,372,-1.9411631139430555e-05,-5.718463036495714e-10,4.380600384305171
k5_jellybean,2.0,373,-1.9411631139430555e-05,-2.737093913923195e-10,4.380600384305171
k5_jellybean,2.0,374,-1.9411631139430555e-05,-2.290579941865804e-09,4.380600384305171
k5_jellybean,2.0,376,-1.9411631139430555e-05,-2.87960516259378e-10,4.380600384305171
k5_jellybean,2.0,378,-1.9411631139430555e-05,-3.555013688177137e-10,4.380600384305171
k5_jellybean,2.0,380,-1.9411631139430555e-05,-7.400817786116095e-10,4.380600384305171
k5_jellybean,2.0,382,-1.9411631139430555e-05,-2.3652904852941785e-10,4.380600384305171
k5_jellybean,2.0,384,-1.9411631139430555e-05,-7.331250748269839e-10,4.380600384305171
k5_jellybean,2.0,386,-1.9411631139430555e-05,-3.312729818543495e-10,4.380600384305171
k5_jellybean,2.0,388,-1.9411631139430555e-05,-2.576206211176687e-10,4.380600384305171
k5_jellybean,2.0,390,-1.9411631139430555e-05,1.6733674061399874e-10,4.380600384305171
k5_jellybean,2.0,392,-1.9411631139430555e-05,-1.0299549014909377e-09,4.380600384305171
k5_jellybean,2.0,394,-1.9411631139430555e-05,-4.260336286087966e-10,4.380600384305171
k5_jellybean,2.0,396,-1.9411631139430555e-05,-4.0354249948413264e-10,4.380600384305171
k5_jellybean,2.0,398,-1.9411631139430555e-05,-5.350289663511066e-10,4.380600384305171
k5_jellybean,2.0,400,-1.9411631139430555e-05,-4.377053072627625e-10,4.380600384305171
k5_jellybean,2.0,402,-1.9411631139430555e-05,-3.892425319757305e-10,4.380600384305171
k5_jellybean,2.0,404,-1.9411631139430555e-05,-3.016677270767327e-10,4.380600384305171
k5_jellybean,2.0,406,-1.9411631139430555e-05,-3.0671697225655843e-10,4.380600384305171
k5_jellybean,2.0,408,-1.9411631139430555e-05,-2.985957266185038e-10,4.380600384305171
k5_jellybean,2.0,411,-1.9411631139430555e-05,-4.2508511598848764e-10,4.380600384305171
k5_jellybean,2.0,414,-1.9411631139430555e-05,-5.164408823353285e-10,4.380600384305171
k5_jellybean,2.0,417,-1.9411631139430555e-05,-2.5387171041515966e-11,4.380600384305171
k5_jellybean,2.0,420,-1.9411631139430555e-05,-9.17938742140559e-10,4.380600384305171
k5_jellybean,2.0,423,-1.9411631139430555e-05,-2.884602030595725e-10,4.380600384305171
k5_jellybean,2.0,426,-1.9411631139430555e-05,-5.049971977736958e-10,4.380600384305171
k5_jellybean,2.0,429,-1.9411631139430555e-05,-1.0525232035460767e-09,4.380600384305171
k5_jellybean,2.0,432,-1.9411631139430555e-05,-1.1649861648545228e-09,4.380600384305171
k5_jellybean,2.0,435,-1.9411631139430555e-05,3.6678067896461883e-10,4.380600384305171
k5_jellybean,2.0,438,-1.9411631139430555e-05,-2.436652773065414e-10,4.380600384305171
k5_jellybean,2.0,441,-1.9411631139430555e-05,-6.055526605543662e-10,4.380600384305171
k5_jellybean,2.0,444,-1.9411631139430555e-05,4.188863989265986e-10,4.380600384305171
k5_jellybean,2.0,447,-1.9411631139430555e-05,2.1985683856854326e-10,4.380600384305171
k5_jellybean,2.0,450,-1.9411631139430555e-05,9.944088837263392e-11,4.380600384305171
k5_jellybean,2.0,453,-1.9411631139430555e-05,-3.163811930741228e-10,4.380600384305171
k5_jellybean,2.0,456,-1.9411631139430555e-05,-2.0859586475799455e-10,4.380600384305171
k5_jellybean,2.0,458,-1.9411631139430555e-05,-8.573447827880822e-10,4.380600384305171
k5_jellybean,2.0,459,-1.9411631139430555e-05,6.596473766296017e-11,4.380600384305171
k5_jellybean,2.0,460,-1.9411631139430555e-05,-3.579624054643636e-10,4.380600384305171
k5_jellybean,2.0,461,-1.9411631139430555e-05,-5.64638395612317e-10,4.380600384305171
k5_jellybean,2.0,462,-1.9411631139430555e-05,-2.005819603501106e-09,4.380600384305171
k5_jellybean,2.0,463,-1.9411631139430555e-05,-4.789020398855009e-10,4.380600384305171
k5_jellybean,2.0,464,-1.9411631139430555e-05,-6.915709764004302e-10,4.380600384305171
k5_jellybean,2.0,465,-1.9411631139430555e-05,-4.8509736096790315e-11,4.380600384305171
k5_jellybean,2.0,466,-1.9411631139430555e-05,-9.610349565164712e-10,4.380600384305171
k5_jellybean,2.0,467,-1.9411631139430555e-05,-6.244498321570452e-10,4.380600384305171
k5_jellybean,2.0,468,-1.9411631139430555e-05,1.7827005961247902e-11,4.380600384305171
k5_jellybean,2.0,469,-1.9411631139430555e-05,-4.2135158841693156e-10,4.380600384305171
k5_jellybean,2.0,470,-1.9411631139430555e-05,-3.943972415389167e-11,4.380600384305171
k5_jellybean,2.0,471,-1.9411631139430555e-05,-1.5462833240730434e-09,4.380600384305171
k5_jellybean,2.0,472,-1.9411631139430555e-05,6.46400489615073e-11,4.380600384305171
k5_jellybean,2.0,473,-1.9411631139430555e-05,-6.949538015555089e-10,4.380600384305171
k5_jellybean,2.0,475,-1.9411631139430555e-05,-2.7090540292942284e-10,4.380600384305171
k5_jellybean,2.0,477,-1.9411631139430555e-05,-4.011669563273437e-10,4.380600384305171
k5_jellybean,2.0,479,-1.9411631139430555e-05,-1.2207581720354505e-09,4.380600384305171
k5_jellybean,2.0,481,-1.9411631139430555e-05,-1.4816149468201823e-10,4.380600384305171
k5_jellybean,2.0,483,-1.9411631139430555e-05,-3.5107217703209127e-10,4.380600384305171
k5_jellybean,2.0,485,-1.9411631139430555e-05,-4.4403789009614295e-10,4.380600384305171
k5_jellybean,2.0,487,-1.9411631139430555e-05,-1.1639890354213002e-09,4.380600384305171
k5_jellybean,2.0,489,-1.9411631139430555e-05,-3.2769279668118336e-10,4.380600384305171
k5_jellybean,2.0,491,-1.9411631139430555e-05,-4.0046834292203233e-10,4.380600384305171
k5_jellybean,2.0,493,-1.9411631139430555e-05,-7.757187113559238e-10,4.380600384305171
k5_jellybean,2.0,495,-1.9411631139430555e-05,-3.41458678313694e-10,4.380600384305171
k5_jellybean,2.0,497,-1.9411631139430555e-05,1.0856624671481302e-11,4.380600384305171
k5_jellybean,2.0,499,-1.9411631139430555e-05,-1.738272282915782e-10,4.380600384305171
k5_jellybean,2.0,501,-1.9411631139430555e-05,-4.1107521254059856e-10,4.380600384305171
k5_jellybean,2.0,502,-1.9411631139430555e-05,-4.729994947236897e-10,4.380600384305171
k5_jellybean,2.0,503,-1.9411631139430555e-05,-5.203044286400394e-10,4.380600384305171
k5_jellybean,2.0,504,-1.9411631139430555e-05,7.687486954403606e-10,4.380600384305171
k5_jellybean,2.0,505,-1.9411631139430555e-05,-5.366513410323063e-10,4.380600384305171
k5_jellybean,2.0,506,-1.9411631139430555e-05,-1.417330838791142e-10,4.380600384305171
k5_jellybean,2.0,507,-1.9411631139430555e-05,-4.3731240519942004e-10,4.380600384305171
k5_jellybean,2.0,508,-1.9411631139430555e-05,4.6052351144093457e-10,4.380600384305171
k5_jellybean,2.0,509,-1.9411631139430555e-05,-1.0678842449267097e-10,4.380600384305171
k5_jellybean,2.0,510,-1.9411631139430555e-05,-4.0614419311408066e-10,4.380600384305171
k5_jellybean,2.0,511,-1.9411631139430555e-05,-6.236426462851848e-10,4.380600384305171
k5_jellybean,2.0,512,-1.9411631139430555e-05,-3.6820833441082545e-10,4.380600384305171
k5_jellybean,2.0,513,-1.9411631139430555e-05,3.109635248321202e-12,4.380600384305171
k5_jellybean,2.0,514,-1.9411631139430555e-05,1.5945319274426287e-10,4.380600384305171
k5_jellybean,2.0,515,-1.9411631139430555e-05,-5.4166662032765895e-11,4.380600384305171
k5_jellybean,2.0,516,-1.9411631139430555e-05,-3.3163893410597706e-10,4.380600384305171
k5_jellybean,2.0,517,-1.9411631139430555e-05,-4.772530631235725e-10,4.380600384305171
k5_jellybean,2.0,518,-1.9411631139430555e-05,-4.245311944489643e-10,4.380600384305171
k5_jellybean,2.0,519,-1.9411631139430555e-05,-3.364125910907238e-10,4.380600384305171
k5_jellybean,2.0,520,-1.9411631139430555e-05,-5.972519237931835e-10,4.380600384305171
k5_jellybean,2.0,521,-1.9411631139430555e-05,-7.288096700853144e-10,4.380600384305171
k5_jellybean,2.0,522,-1.9411631139430555e-05,-1.2269984545464892e-09,4.380600384305171
k5_jellybean,2.0,523,-1.9411631139430555e-05,-4.012609710312495e-10,4.380600384305171
k5_jellybean,2.0,524,-1.9411631139430555e-05,-2.9839923527318863e-10,4.380600384305171
k5_jellybean,2.0,525,-1.9411631139430555e-05,1.3036728470946317e-09,4.380600384305171
k5_jellybean,2.0,526,-1.9411631139430555e-05,-3.4148938085558326e-10,4.380600384305171
k5_jellybean,2.0,527,-1.9411631139430555e-05,-2.1848884884151363e-10,4.380600384305171
k5_jellybean,2.0,528,-1.9411631139430555e-05,-4.844728506241652e-10,4.380600384305171
k5_jellybean,2.0,529,-1.9411631139430555e-05,-7.049214043679078e-10,4.380600384305171
k5_jellybean,2.0,530,-1.9411631139430555e-05,-2.0505264981850644e-10,4.380600384305171
k5_jellybean,2.0,531,-1.9411631139430555e-05,-1.066999052183699e-09,4.380600384305171
k5_jellybean,2.0,532,-1.9411631139430555e-05,-5.254086869110269e-10,4.380600384305171
k5_jellybean,2.0,533,-1.9411631139430555e-05,-1.7366726152142095e-09,4.380600384305171
k5_jellybean,2.0,534,-1.9411631139430555e-05,-4.885894071483333e-10,4.380600384305171
k5_jellybean,2.0,535,-1.9411631139430555e-05,-3.009156350561086e-10,4.380600384305171
k5_jellybean,2.0,537,-1.9411631139430555e-05,-3.3580180614462916e-10,4.380600384305171
k5_jellybean,2.0,539,-1.9411631139430555e-05,-3.1992055487615665e-10,4.380600384305171
k5_jellybean,2.0,541,-1.9411631139430555e-05,-6.602894920937585e-10,4.380600384305171
k5_jellybean,2.0,543,-1.9411631139430555e-05,-4.813181837990328e-10,4.380600384305171
k5_jellybean,2.0,545,-1.9411631139430555e-05,-7.71387066589401e-10,4.380600384305171
k5_jellybean,2.0,547,-1.9411631139430555e-05,7.141597934433174e-11,4.380600384305171
k5_jellybean,2.0,549,-1.9411631139430555e-05,-2.7916635482824626e-10,4.380600384305171
k5_jellybean,2.0,551,-1.9411631139430555e-05,-1.3631384516156618e-09,4.380600384305171
k5_jellybean,2.0,553,-1.9411631139430555e-05,2.2861532276359196e-10,4.380600384305171
k5_jellybean,2.0,555,-1.9411631139430555e-05,-4.0531165019912536e-10,4.380600384305171
k5_jellybean,2.0,557,-1.9411631139430555e-05,-2.686841071584572e-10,4.380600384305171
k5_jellybean,2.0,559,-1.9411631139430555e-05,-9.042472143947238e-10,4.380600384305171
k5_jellybean,2.0,561,-1.9411631139430555e-05,-3.247929121636904e-10,4.380600384305171
k5_jellybean,2.0,563,-1.9411631139430555e-05,1.574450968832107e-10,4.380600384305171
k5_jellybean,2.0,565,-1.9411631139430555e-05,-3.6837732626092135e-10,4.380600384305171
k5_jellybean,2.0,567,-1.9411631139430555e-05,-5.292896112552977e-10,4.380600384305171
k5_jellybean,2.0,569,-1.9411631139430555e-05,-3.1879038093845215e-10,4.380600384305171
k5_jellybean,2.0,570,-1.9411631139430555e-05,-4.184090716900672e-10,4.380600384305171
k5_jellybean,2.0,571,-1.9411631139430555e-05,-1.1168885015433257e-10,4.380600384305171
k5_jellybean,2.0,572,-1.9411631139430555e-05,-3.187480037898068e-10,4.380600384305171
k5_jellybean,2.0,573,-1.9411631139430555e-05,4.278298237104229e-12,4.380600384305171
k5_jellybean,2.0,574,-1.9411631139430555e-05,-4.0495716544321495e-10,4.380600384305171
k5_jellybean,2.0,575,-1.9411631139430555e-05,-2.1602023789917009e-10,4.380600384305171
k5_jellybean,2.0,576,-1.9411631139430555e-05,-2.383711207132147e-10,4.380600384305171
k5_jellybean,2.0,577,-1.9411631139430555e-05,-7.852581061457318e-10,4.380600384305171
k5_jellybean,2.0,578,-1.9411631139430555e-05,-8.92493134725958e-10,4.380600384305171
k5_jellybean,2.0,579,-1.9411631139430555e-05,-6.959262260253117e-12,4.380600384305171
k5_jellybean,2.0,580,-1.9411631139430555e-05,-7.835457395542772e-11,4.380600384305171
k5_jellybean,2.0,581,-1.9411631139430555e-05,1.8392741866872597e-10,4.380600384305171
k5_jellybean,2.0,582,-1.9411631139430555e-05,-1.665089207322428e-09,4.380600384305171
k5_jellybean,2.0,584,-1.9411631139430555e-05,-6.350744265454167e-10,4.380600384305171
k5_jellybean,2.0,586,-1.9411631139430555e-05,1.489056191694389e-10,4.380600384305171
k5_jellybean,2.0,588,-1.9411631139430555e-05,2.5729286044532713e-10,4.380600384305171
k5_jellybean,2.0,590,-1.9411631139430555e-05,4.0807161506732906e-11,4.380600384305171
k5_jellybean,2.0,592,-1.9411631139430555e-05,-9.802909928672098e-10,4.380600384305171
k5_jellybean,2.0,594,-1.9414372066676477e-05,-9.662556618313124e-10,4.380845182243382
k5_jellybean,2.0,595,-1.9411631139430555e-05,-1.685740543903346e-10,4.380600384305171
k5_jellybean,2.0,597,-1.9414372066676477e-05,-2.5846286416205234e-10,4.380845182243382
k5_jellybean,2.0,598,-1.9411631139430555e-05,-1.0236208023902865e-09,4.380600384305171
k5_jellybean,2.0,600,-1.9414372066676477e-05,-4.99048253130062e-10,4.380845182243382
k5_jellybean,2.0,601,-1.9411631139430555e-05,-1.4654888425941774e-09,4.380600384305171
k5_jellybean,2.0,603,-1.9414372066676477e-05,-4.790530338588432e-10,4.380845182243382
k5_jellybean,2.0,604,-1.9411631139430555e-05,-3.7504728938752687e-10,4.380600384305171
k5_jellybean,2.0,605,-1.9411631139430555e-05,-4.093273683294329e-10,4.380600384305171
k5_jellybean,2.0,606,-1.9411631139430555e-05,-1.7525697786802954e-10,4.380600384305171
k5_jellybean,2.0,607,-1.9411631139430555e-05,-5.410942300709395e-10,4.380600384305171
k5_jellybean,2.0,609,-1.9411631139430555e-05,-1.0534877840384284e-09,4.380600384305171
k5_jellybean,2.0,611,-1.9419859843229357e-05,5.710224733080101e-10,4.3813352659248155
k5_jellybean,2.0,0,-0.4326726967468311,3.7390550823692166e-10,581.8691313510984
k5_jellybean,3.0,1,1.9192186427426402e-06,0.9999999999141249,2.7382851644765065
k5_jellybean,3.0,3,1.7728778024366151e-06,0.9999999997672802,2.759115399815683
k5_jellybean,3.0,5,-0.002420144945474667,-1.879293983383525e-10,43.62075991901769
k5_jellybean,3.0,7,-0.002282332695991121,5.350073653106767e-11,42.366640135419495
k5_jellybean,3.0,9,-0.002419386408961625,1.2083682534884275e-09,43.61395578035329
k5_jellybean,3.0,11,-0.0021233996586802087,9.167537219354985e-10,40.87256557694776
k5_jellybean,3.0,13,1.9397891991880912e-06,1.0000000000453335,2.7353444243328706
k5_jellybean,3.0,16,-1.4952543714776686e-05,-4.712778299564411e-10,4.549770369051294
k5_jellybean,3.0,19,1.944181159002913e-06,1.0000000007219705,2.734716145776295
k5_jellybean,3.0,21,1.3802454868761005e-06,0.9999999994617267,2.814241239990112
k5_jellybean,3.0,23,-0.00022528682255861687,4.711633557445412e-10,13.612039375818723
k5_jellybean,3.0,25,-0.0001091274425485215,-9.601688534282195e-11,9.715582940922562
k5_jellybean,3.0,27,1.9668044433394456e-06,1.0000000003714018,2.7314775506967157
k5_jellybean,3.0,29,-8.933555288084912e-06,-5.782225803616215e-10,3.9988165588507316
k5_jellybean,3.0,31,-8.933555288084912e-06,-5.252837802848403e-10,3.9988165588507316
k5_jellybean,3.0,34,-8.497662761700733e-06,-3.884644005384046e-10,3.9559381515574787
k5_jellybean,3.0,36,1.9438310058375932e-06,1.000000000161582,2.7347662411756772
k5_jellybean,3.0,38,1.9522943826093564e-06,0.9999999990577841,2.7335551532949536
k5_jellybean,3.0,40,-0.000130819044682963,-5.263054083036966e-10,10.553023062950583
k5_jellybean,3.0,42,-0.0024196295899935076,1.2091761451628324e-09,43.616137251012674
k5_jellybean,3.0,44,-0.0024163576315861216,5.970835908789185e-10,43.58677679535813
k5_jellybean,3.0,46,-0.0024196295899935076,-1.2459949431392942e-09,43.616137251012674
k5_jellybean,3.0,48,-0.0024163576315861216,1.153859240398232e-09,43.58677679535813
k5_jellybean,3.0,50,3.2031566357775682e-06,1.0000000006098873,2.5482386666733046
k5_jellybean,3.0,53,3.2080150425203067e-06,1.0000000006404355,2.547492607338856
k5_jellybean,3.0,56,3.2080150425203067e-06,1.0000000003719034,2.547492607338856
k5_jellybean,3.0,59,3.2080150425203067e-06,1.000000000620846,2.547492607338856
k5_jellybean,3.0,62,1.8078633385865626e-06,0.9999999993921515,2.754149869248217
k5_jellybean,3.0,65,1.8641394686477745e-06,0.9999999997861679,2.74614370733123
k5_jellybean,3.0,68,1.8641394686477745e-06,0.9999999995742752,2.74614370733123
k5_jellybean,3.0,71,5.370572629339018e-07,0.9999999996777481,2.929121212430598
k5_jellybean,3.0,74,-1.9886004687422697e-05,2.1981724350127384e-10,4.955891287595548
k5_jellybean,3.0,77,1.8808202052413673e-06,0.999999999544475,2.7437661224638648
k5_jellybean,3.0,80,-0.00024258867685929833,1.429437757202694e-11,14.100580448212929
k5_jellybean,3.0,82,-0.0002417083825134997,-3.8802422714752276e-10,14.076133560192018
k5_jellybean,3.0,84,-1.3490777987758291e-05,9.842827810256607e-11,4.422281575720752
k5_jellybean,3.0,86,1.1501553253666708e-05,1.0000000005778522,0.0
k5_jellybean,3.0,88,-1.4945869434774526e-05,1.494237480804082e-10,4.549196386937969
k5_jellybean,3.0,91,-5.1006673684762855e-05,-4.801761392618299e-10,6.993774053260166
k5_jellybean,3.0,94,-5.088710081076156e-05,-1.1954945679286178e-10,6.987081606411762
k5_jellybean,3.0,97,1.8872160311496349e-06,0.9999999999966904,2.74285394831339
k5_jellybean,3.0,100,4.885067248306045e-06,0.9999999996731544,2.275394513358442
k5_jellybean,3.0,102,2.6861139974245467e-06,1.0000000001928577,2.6264248935216594
k5_jellybean,3.0,104,2.6861139974245467e-06,1.0000000001990095,2.6264248935216594
k5_jellybean,3.0,107,2.5403704850658685e-06,0.9999999991841233,2.648046913841133
k5_jellybean,3.0,110,1.9397891991880912e-06,0.9999999998927446,2.7353444243328706
k5_jellybean,3.0,112,1.483892982180692e-06,0.9999999997401123,2.799794506775949
k5_jellybean,3.0,114,-0.0024258018244008423,-8.05088118927754e-10,43.6714691838907
k5_jellybean,3.0,116,-0.0022077161872597517,-3.844631081023989e-10,41.67186765612977
k5_jellybean,3.0,118,-1.4983866482553358e-05,2.5634326110069637e-11,4.552463132311251
k5_jellybean,3.0,121,1.9304945958879865e-06,1.000000000834786,2.7366735601374064
k5_jellybean,3.0,123,-1.7887338513338048e-05,-2.8925736065518543e-10,4.795507915156257
k5_jellybean,3.0,125,-0.0011746690123825999,2.861174925734956e-10,30.46608005289624
k5_jellybean,3.0,128,-0.0005099006175761959,-1.021311975454147e-09,20.198979336868078
k5_jellybean,3.0,130,-0.00010940562725006207,-3.964112265467356e-10,9.726779130177333
k5_jellybean,3.0,132,1.932937446060995e-06,1.0000000001152582,2.736324293125803
k5_jellybean,3.0,134,1.8672900051137014e-06,0.9999999996426042,2.7456948040629627
k5_jellybean,3.0,135,-1.4775628348041982e-05,-6.26794135717686e-10,4.5345312442123005
k5_jellybean,3.0,137,-1.4775628348041982e-05,-2.564616095497679e-10,4.5345312442123005
k5_jellybean,3.0,140,-1.471078387811243e-05,-1.005274728498512e-09,4.528932833688872
k5_jellybean,3.0,142,1.920829443341188e-06,1.0000000007302088,2.738055000485007
k5_jellybean,3.0,145,1.920829443341188e-06,0.9999999998673303,2.738055000485007
k5_jellybean,3.0,147,1.757526563187869e-06,0.9999999998354769,2.761291397220719
k5_jellybean,3.0,149,-0.00036346526844660364,4.889620420797166e-10,17.129292609582922
k5_jellybean,3.0,151,-0.00022917765997490394,-4.419899929928109e-10,13.723418231065708
k5_jellybean,3.0,152,1.8010105197540371e-06,1.0000000002040723,2.7551232011689013
k5_jellybean,3.0,154,1.8010105197540371e-06,0.9999999997840564,2.7551232011689013
k5_jellybean,3.0,156,1.8010105197540371e-06,1.0000000002119487,2.7551232011689013
k5_jellybean,3.0,158,1.1501222328412422e-05,1.0000000000350253,0.016091923638702973
k5_jellybean,3.0,160,1.8010105197540371e-06,1.0000000000001272,2.7551232011689013
k5_jellybean,3.0,162,1.1501222328412422e-05,1.0000000001694203,0.016091923638702973
k5_jellybean,3.0,164,-0.0024191561209123864,-2.1298962999068518e-10,43.61188986640833
k5_jellybean,3.0,166,-0.00241999920405595,-1.9821009036800934e-10,43.61945268815586
k5_jellybean,3.0,169,-0.00241999920405595,2.507319638678182e-10,43.61945268815586
k5_jellybean,3.0,171,-0.0024134047274300984,3.890530617861805e-10,43.560262338839074
k5_jellybean,3.0,173,-0.00241999920405595,-2.3652205144351445e-10,43.61945268815586
k5_jellybean,3.0,175,-0.0024134047274300984,2.057820667414933e-10,43.560262338839074
k5_jellybean,3.0,177,-0.00241999920405595,-9.302232897931855e-11,43.61945268815586
k5_jellybean,3.0,179,-0.0024134047274300984,8.594990720420443e-10,43.560262338839074
k5_jellybean,3.0,181,1.8078633385865626e-06,0.9999999997528892,2.754149869248217
k5_jellybean,3.0,184,1.8078633385865626e-06,1.0000000004514846,2.754149869248217
k5_jellybean,3.0,186,1.8078633385865626e-06,1.00000000017214,2.754149869248217
k5_jellybean,3.0,189,1.9752584451112073e-06,0.9999999996730804,2.7302663474754754
k5_jellybean,3.0,191,1.9853023562941364e-06,0.9999999998129083,2.728826659474686
k5_jellybean,3.0,192,1.8779398562982081e-06,0.9999999999563862,2.7441768194648244
k5_jellybean,3.0,194,1.870247668795768e-06,0.999999999486778,2.745273315415976
k5_jellybean,3.0,195,-1.9486417058791225e-05,-1.5228782348884628e-10,4.924244097698194
k5_jellybean,3.0,197,-1.950029011688942e-05,-2.655243348494723e-10,4.925346246040596
k5_jellybean,3.0,199,1.8293443826085515e-06,1.0000000004971796,2.7510966033112645
k5_jellybean,3.0,201,1.8301448478575423e-06,0.9999999999581832,2.750982761539387
k5_jellybean,3.0,203,1.8293443826085515e-06,1.0000000003210041,2.7510966033112645
k5_jellybean,3.0,205,1.8301448478575423e-06,1.000000000457546,2.750982761539387
k5_jellybean,3.0,207,1.1099436478244493e-05,1.0000000009973802,0.5609434781842924
k5_jellybean,3.0,209,1.1469036305251789e-05,0.9999999992088344,0.1595136667991456
k5_jellybean,3.0,211,-0.0024228267405483677,-3.9612752810249484e-11,43.644807350021274
k5_jellybean,3.0,213,-0.0024228328481673083,2.60113194354982e-10,43.644862101404954
k5_jellybean,3.0,215,1.9409519686503256e-06,0.9999999998572102,2.735178101902854
k5_jellybean,3.0,218,1.9139584451080845e-06,1.0000000006257659,2.7390366486149396
k5_jellybean,3.0,221,-1.501542810679549e-05,1.842501396028406e-11,4.555174819577347
k5_jellybean,3.0,223,-1.5014348402278738e-05,-3.139815275729665e-10,4.5550820810256605
k5_jellybean,3.0,225,1.9256144686509078e-06,0.9999999999806761,2.737371163907096
k5_jellybean,3.0,227,-0.00038306139047341925,3.9394787895482735e-10,17.57118919440943
k5_jellybean,3.0,229,-0.0024196231704793577,1.6802940370240818e-10,43.61607966576149
k5_jellybean,3.0,232,-0.0024196231704793577,1.7087782141039675e-10,43.61607966576149
k5_jellybean,3.0,234,-0.0023526574654830134,-7.851576066497292e-10,43.01117924354588
k5_jellybean,3.0,236,-0.0024196231704793577,9.787174016921286e-11,43.61607966576149
k5_jellybean,3.0,238,-0.0023526574654830134,-6.688940430547498e-10,43.01117924354588
k5_jellybean,3.0,240,-0.0024196231704793577,1.1612386527699586e-10,43.61607966576149
k5_jellybean,3.0,242,-0.0023526574654830134,-4.1749683042283255e-10,43.01117924354588
k5_jellybean,3.0,244,-0.0024196231704793577,4.369045279227642e-10,43.61607966576149
k5_jellybean,3.0,246,-0.0023526574654830134,9.510730039743833e-11,43.01117924354588
k5_jellybean,3.0,248,-0.0024196231704793577,3.090696382749201e-10,43.61607966576149
k5_jellybean,3.0,250,-0.0023526574654830134,-4.519250394662332e-10,43.01117924354588
k5_jellybean,3.0,252,-0.0024196231704793577,6.616555673023761e-10,43.61607966576149
k5_jellybean,3.0,254,-0.0023526574654830134,2.622219338708962e-10,43.01117924354588
k5_jellybean,3.0,256,-0.0024196231704793577,3.315899432868628e-10,43.61607966576149
k5_jellybean,3.0,258,-0.0023526574654830134,1.479581538012994e-09,43.01117924354588
k5_jellybean,3.0,260,-0.0024196231704793577,3.5337372725986233e-10,43.61607966576149
k5_jellybean,3.0,262,-0.0023526574654830134,8.894416094425881e-10,43.01117924354588
k5_jellybean,3.0,264,-0.0024196231704793577,5.619883616251214e-11,43.61607966576149
k5_jellybean,3.0,266,-0.0023526574654830134,-8.283872867415025e-10,43.01117924354588
k5_jellybean,3.0,268,-0.0024196231704793577,9.5203389637614e-10,43.61607966576149
k5_jellybean,3.0,270,-0.0023526574654830134,-1.9648638319779661e-10,43.01117924354588
k5_jellybean,3.0,272,-0.0024196231704793577,-2.0715283798820017e-10,43.61607966576149
k5_jellybean,3.0,274,-0.0023526574654830134,-1.405026079154367e-10,43.01117924354588
k5_jellybean,3.0,276,-0.0024196231704793577,3.6505478830653565e-10,43.61607966576149
k5_jellybean,3.0,278,-0.0023526574654830134,-3.797071307608118e-10,43.01117924354588
k5_jellybean,3.0,280,-0.0024196231704793577,1.3228126549085165e-10,43.61607966576149
k5_jellybean,3.0,282,-0.0023526574654830134,-1.3852080556565146e-10,43.01117924354588
k5_jellybean,3.0,284,-0.0024196231704793577,2.1001635635181507e-10,43.61607966576149
k5_jellybean,3.0,286,-0.0023526574654830134,-2.880867550952206e-10,43.01117924354588
k5_jellybean,3.0,288,-0.0024196231704793577,1.4332544733494769e-10,43.61607966576149
k5_jellybean,3.0,290,-0.0023526574654830134,-4.978134427632011e-10,43.01117924354588
k5_jellybean,3.0,292,-0.0024196231704793577,4.416334741627824e-10,43.61607966576149
k5_jellybean,3.0,294,-0.0023526574654830134,1.8289398603620067e-10,43.01117924354588
k5_jellybean,3.0,296,-0.0024196231704793577,2.472215341219491e-10,43.61607966576149
k5_jellybean,3.0,298,-0.0023526574654830134,2.3127666358247132e-10,43.01117924354588
k5_jellybean,3.0,300,-0.0024196231704793577,7.726254194830294e-10,43.61607966576149
k5_jellybean,3.0,302,-0.0023526574654830134,-1.7489211150933986e-10,43.01117924354588
k5_jellybean,3.0,304,-0.0024196231704793577,3.735374944061132e-10,43.61607966576149
k5_jellybean,3.0,306,-0.0023526574654830134,-3.6450786946008545e-10,43.01117924354588
k5_jellybean,3.0,308,-0.0024196231704793577,-4.3233200886979206e-10,43.61607966576149
k5_jellybean,3.0,310,-0.0023526574654830134,-3.4755514423159954e-10,43.01117924354588
k5_jellybean,3.0,312,-0.0024196231704793577,1.5476989795682102e-10,43.61607966576149
k5_jellybean,3.0,314,-0.0023526574654830134,-5.883238687578162e-11,43.01117924354588
k5_jellybean,3.0,315,-1.302187933183794e-05,-9.875163618672817e-11,4.380600384305171
k5_jellybean,3.0,317,-1.302187933183794e-05,1.7661659034808382e-10,4.380600384305171
k5_jellybean,3.0,319,-1.302187933183794e-05,-2.4361811306775356e-10,4.380600384305171
k5_jellybean,3.0,321,-1.302187933183794e-05,-1.9478991402128656e-10,4.380600384305171
k5_jellybean,3.0,323,-1.302187933183794e-05,5.9968341902438506e-12,4.380600384305171
k5_jellybean,3.0,325,-1.302187933183794e-05,9.758281477120304e-10,4.380600384305171
k5_jellybean,3.0,327,-1.302187933183794e-05,1.1767050563749144e-10,4.380600384305171
k5_jellybean,3.0,329,-1.302187933183794e-05,-1.9576593668244065e-11,4.380600384305171
k5_jellybean,3.0,331,-1.302187933183794e-05,3.734134013501451e-10,4.380600384305171
k5_jellybean,3.0,333,-1.302187933183794e-05,-7.33847287161329e-10,4.380600384305171
k5_jellybean,3.0,335,-1.302187933183794e-05,1.5744899683052813e-10,4.380600384305171
k5_jellybean,3.0,337,-1.302187933183794e-05,-8.080885769253287e-10,4.380600384305171
k5_jellybean,3.0,339,-1.302187933183794e-05,-2.409306194891621e-10,4.380600384305171
k5_jellybean,3.0,341,-1.302187933183794e-05,-6.854334927324755e-10,4.380600384305171
k5_jellybean,3.0,343,-1.302187933183794e-05,5.583633093615176e-12,4.380600384305171
k5_jellybean,3.0,345,-1.302187933183794e-05,-6.493562158865957e-10,4.380600384305171
k5_jellybean,3.0,347,-1.302187933183794e-05,1.6849806627121584e-10,4.380600384305171
k5_jellybean,3.0,349,-1.302187933183794e-05,-2.03352787174872e-10,4.380600384305171
k5_jellybean,3.0,351,-1.302187933183794e-05,6.521590425059944e-10,4.380600384305171
k5_jellybean,3.0,353,-1.302187933183794e-05,-1.6150634364965148e-10,4.380600384305171
k5_jellybean,3.0,355,-1.302187933183794e-05,1.3403057245487915e-10,4.380600384305171
k5_jellybean,3.0,356,-1.302187933183794e-05,-1.6875247364179539e-10,4.380600384305171
k5_jellybean,3.0,357,-1.302187933183794e-05,-6.260348500085829e-10,4.380600384305171
k5_jellybean,3.0,358,-1.302187933183794e-05,1.9189943157496954e-10,4.380600384305171
k5_jellybean,3.0,359,-1.302187933183794e-05,-5.139209942445985e-10,4.380600384305171
k5_jellybean,3.0,360,-1.302187933183794e-05,2.4910942898194904e-10,4.380600384305171
k5_jellybean,3.0,361,-1.302187933183794e-05,2.218375016275276e-10,4.380600384305171
k5_jellybean,3.0,362,-1.302187933183794e-05,8.109099576018631e-11,4.380600384305171
k5_jellybean,3.0,363,-1.302187933183794e-05,-7.794335068690373e-10,4.380600384305171
k5_jellybean,3.0,364,-1.302187933183794e-05,-1.2627416640662566e-10,4.380600384305171
k5_jellybean,3.0,365,-1.302187933183794e-05,5.018918791327263e-10,4.380600384305171
k5_jellybean,3.0,366,-1.302187933183794e-05,-1.119562684989071e-10,4.380600384305171
k5_jellybean,3.0,367,-1.302187933183794e-05,-2.8792784033531074e-10,4.380600384305171
k5_jellybean,3.0,368,-1.302187933183794e-05,6.612575411712923e-10,4.380600384305171
k5_jellybean,3.0,369,-1.302187933183794e-05,-3.7751268994668714e-10,4.380600384305171
k5_jellybean,3.0,370,-1.302187933183794e-05,1.2615960021250622e-10,4.380600384305171
k5_jellybean,3.0,371,-1.302187933183794e-05,-1.8959483875880827e-10,4.380600384305171
k5_jellybean,3.0,372,-1.302187933183794e-05,-9.084257730241588e-10,4.380600384305171
k5_jellybean,3.0,373,-1.302187933183794e-05,-4.4219487333734133e-10,4.380600384305171
k5_jellybean,3.0,374,-1.302187933183794e-05,-5.107888294226395e-10,4.380600384305171
k5_jellybean,3.0,376,-1.302187933183794e-05,2.155033503294513e-12,4.380600384305171
k5_jellybean,3.0,378,-1.302187933183794e-05,-3.5335356110638903e-10,4.380600384305171
k5_jellybean,3.0,380,-1.302187933183794e-05,-2.355957252334798e-10,4.380600384305171
k5_jellybean,3.0,382,-1.302187933183794e-05,-6.611266819791045e-11,4.380600384305171
k5_jellybean,3.0,384,-1.302187933183794e-05,4.3661570750292594e-10,4.380600384305171
k5_jellybean,3.0,386,-1.302187933183794e-05,-3.69748595755537e-10,4.380600384305171
k5_jellybean,3.0,388,-1.302187933183794e-05,-3.209097456522075e-10,4.380600384305171
k5_jellybean,3.0,390,-1.302187933183794e-05,-2.0352901895340999e-10,4.380600384305171
k5_jellybean,3.0,392,-1.302187933183794e-05,6.455517864820962e-11,4.380600384305171
k5_jellybean,3.0,394,-1.302187933183794e-05,2.7633488742438837e-11,4.380600384305171
k5_jellybean,3.0,396,-1.302187933183794e-05,2.3091892176831596e-11,4.380600384305171
k5_jellybean,3.0,398,-1.302187933183794e-05,2.4003526662249278e-11,4.380600384305171
k5_jellybean,3.0,400,-1.302187933183794e-05,-5.363839085332668e-10,4.380600384305171
k5_jellybean,3.0,402,-1.302187933183794e-05,3.262747265727294e-11,4.380600384305171
k5_jellybean,3.0,404,-1.302187933183794e-05,-2.6771757282702097e-10,4.380600384305171
k5_jellybean,3.0,406,-1.302187933183794e-05,-3.6783656843244204e-10,4.380600384305171
k5_jellybean,3.0,408,-1.302187933183794e-05,-5.172956886821899e-11,4.380600384305171
k5_jellybean,3.0,411,-1.302187933183794e-05,3.176751251761615e-11,4.380600384305171
k5_jellybean,3.0,414,-1.302187933183794e-05,-1.3777029339233136e-10,4.380600384305171
k5_jellybean,3.0,417,-1.302187933183794e-05,4.147756471433805e-10,4.380600384305171
k5_jellybean,3.0,420,-1.302187933183794e-05,-9.603262557306206e-10,4.380600384305171
k5_jellybean,3.0,423,-1.302187933183794e-05,-7.023586716020331e-11,4.380600384305171
k5_jellybean,3.0,426,-1.302187933183794e-05,-1.3582206968421157e-10,4.380600384305171
k5_jellybean,3.0,429,-1.302187933183794e-05,-5.897089763641037e-10,4.380600384305171
k5_jellybean,3.0,432,-1.302187933183794e-05,-2.9289160020143456e-10,4.380600384305171
k5_jellybean,3.0,435,-1.302187933183794e-05,6.79905533095703e-13,4.380600384305171
k5_jellybean,3.0,438,-1.302187933183794e-05,4.378787150308474e-11,4.380600384305171
k5_jellybean,3.0,441,-1.302187933183794e-05,-4.4740652888871413e-11,4.380600384305171
k5_jellybean,3.0,444,-1.302187933183794e-05,2.06688399797781e-10,4.380600384305171
k5_jellybean,3.0,447,-1.302187933183794e-05,-5.310562072215333e-10,4.380600384305171
k5_jellybean,3.0,450,-1.302187933183794e-05,-4.443468079491438e-10,4.380600384305171
k5_jellybean,3.0,453,-1.302187933183794e-05,7.931532143272087e-12,4.380600384305171
k5_jellybean,3.0,456,-1.302187933183794e-05,5.470996112378905e-10,4.380600384305171
k5_jellybean,3.0,458,-1.302187933183794e-05,-1.7786807701584001e-10,4.380600384305171
k5_jellybean,3.0,459,-1.302187933183794e-05,-9.654611589995742e-12,4.380600384305171
k5_jellybean,3.0,460,-1.302187933183794e-05,2.3320151024587725e-10,4.380600384305171
k5_jellybean,3.0,461,-1.302187933183794e-05,8.060783963498356e-10,4.380600384305171
k5_jellybean,3.0,462,-1.302187933183794e-05,-8.363204357424777e-10,4.380600384305171
k5_jellybean,3.0,463,-1.302187933183794e-05,2.2304649522831097e-10,4.380600384305171
k5_jellybean,3.0,464,-1.302187933183794e-05,-3.115529457131425e-10,4.380600384305171
k5_jellybean,3.0,465,-1.302187933183794e-05,1.383015065771336e-09,4.380600384305171
k5_jellybean,3.0,466,-1.302187933183794e-05,5.7705201063963514e-11,4.380600384305171
k5_jellybean,3.0,467,-1.302187933183794e-05,1.8909461114914854e-10,4.380600384305171
k5_jellybean,3.0,468,-1.302187933183794e-05,-2.862228142347627e-10,4.380600384305171
k5_jellybean,3.0,469,-1.302187933183794e-05,1.955773332891311e-10,4.380600384305171
k5_jellybean,3.0,470,-1.302187933183794e-05,-3.3240171381980527e-10,4.380600384305171
k5_jellybean,3.0,471,-1.302187933183794e-05,1.4482551358967664e-09,4.380600384305171
k5_jellybean,3.0,472,-1.302187933183794e-05,-8.665364723077522e-12,4.380600384305171
k5_jellybean,3.0,473,-1.302187933183794e-05,-2.332256098992854e-10,4.380600384305171
k5_jellybean,3.0,475,-1.302187933183794e-05,-2.0118774310438926e-10,4.380600384305171
k5_jellybean,3.0,477,-1.302187933183794e-05,-5.1143361390886304e-11,4.380600384305171
k5_jellybean,3.0,479,-1.302187933183794e-05,1.5096841247578424e-10,4.380600384305171
k5_jellybean,3.0,481,-1.302187933183794e-05,7.360032541402625e-10,4.380600384305171
k5_jellybean,3.0,483,-1.302187933183794e-05,8.591499243548221e-13,4.380600384305171
k5_jellybean,3.0,485,-1.302187933183794e-05,-7.892236579342013e-11,4.380600384305171
k5_jellybean,3.0,487,-1.302187933183794e-05,3.5952242375892893e-10,4.380600384305171
k5_jellybean,3.0,489,-1.302187933183794e-05,1.9571696121781446e-11,4.380600384305171
k5_jellybean,3.0,491,-1.302187933183794e-05,1.361519824294571e-10,4.380600384305171
k5_jellybean,3.0,493,-1.302187933183794e-05,-5.378265575838892e-10,4.380600384305171
k5_jellybean,3.0,495,-1.302187933183794e-05,-6.248893361534053e-10,4.380600384305171
k5_jellybean,3.0,497,-1.302187933183794e-05,-1.071153788036794e-09,4.380600384305171
k5_jellybean,3.0,499,-1.302187933183794e-05,-4.904857926838087e-10,4.380600384305171
k5_jellybean,3.0,501,-1.302187933183794e-05,-3.4715540788762514e-11,4.380600384305171
k5_jellybean,3.0,502,-1.302187933183794e-05,2.0782575423072183e-10,4.380600384305171
k5_jellybean,3.0,503,-1.302187933183794e-05,3.209772602681648e-10,4.380600384305171
k5_jellybean,3.0,504,-1.302187933183794e-05,-3.7066249694811176e-10,4.380600384305171
k5_jellybean,3.0,505,-1.302187933183794e-05,-1.525985690260806e-10,4.380600384305171
k5_jellybean,3.0,506,-1.302187933183794e-05,3.8004364964368377e-10,4.380600384305171
k5_jellybean,3.0,507,-1.302187933183794e-05,-1.6893260147866755e-10,4.380600384305171
k5_jellybean,3.0,508,-1.302187933183794e-05,1.2443031959984639e-09,4.380600384305171
k5_jellybean,3.0,509,-1.302187933183794e-05,-1.8435330622631418e-10,4.380600384305171
k5_jellybean,3.0,510,-1.302187933183794e-05,-6.632562740824533e-12,4.380600384305171
k5_jellybean,3.0,511,-1.302187933183794e-05,-8.949840929387007e-10,4.380600384305171
k5_jellybean,3.0,512,-1.302187933183794e-05,-4.29320954933775e-10,4.380600384305171
k5_jellybean,3.0,513,-1.302187933183794e-05,9.430282433165352e-11,4.380600384305171
k5_jellybean,3.0,514,-1.302187933183794e-05,-9.20675200876117e-11,4.380600384305171
k5_jellybean,3.0,515,-1.302187933183794e-05,3.5424012280914194e-10,4.380600384305171
k5_jellybean,3.0,516,-1.302187933183794e-05,-1.1676899088769042e-10,4.380600384305171
k5_jellybean,3.0,517,-1.302187933183794e-05,1.1760606608254504e-10,4.380600384305171
k5_jellybean,3.0,518,-1.302187933183794e-05,-1.8293146921460885e-10,4.380600384305171
k5_jellybean,3.0,519,-1.302187933183794e-05,-5.3653195497260794e-11,4.380600384305171
k5_jellybean,3.0,520,-1.302187933183794e-05,1.0932955081437623e-10,4.380600384305171
k5_jellybean,3.0,521,-1.302187933183794e-05,1.2594385642645124e-10,4.380600384305171
k5_jellybean,3.0,522,-1.302187933183794e-05,9.056016362721154e-10,4.380600384305171
k5_jellybean,3.0,523,-1.302187933183794e-05,1.988396562420922e-10,4.380600384305171
k5_jellybean,3.0,524,-1.302187933183794e-05,7.106634506898508e-11,4.380600384305171
k5_jellybean,3.0,525,-1.302187933183794e-05,-2.779322294967674e-10,4.380600384305171
k5_jellybean,3.0,526,-1.302187933183794e-05,2.2508008114080684e-11,4.380600384305171
k5_jellybean,3.0,527,-1.302187933183794e-05,-2.45761956679585e-10,4.380600384305171
k5_jellybean,3.0,528,-1.302187933183794e-05,1.126072006393351e-11,4.380600384305171
k5_jellybean,3.0,529,-1.302187933183794e-05,1.4356510086109618e-09,4.380600384305171
k5_jellybean,3.0,530,-1.302187933183794e-05,9.580448169100553e-10,4.380600384305171
k5_jellybean,3.0,531,-1.302187933183794e-05,7.454178462720033e-10,4.380600384305171
k5_jellybean,3.0,532,-1.302187933183794e-05,1.380951325983628e-10,4.380600384305171
k5_jellybean,3.0,533,-1.302187933183794e-05,-2.206629095636055e-10,4.380600384305171
k5_jellybean,3.0,534,-1.302187933183794e-05,-1.0682262863251378e-10,4.380600384305171
k5_jellybean,3.0,535,-1.302187933183794e-05,-5.497140520792157e-10,4.380600384305171
k5_jellybean,3.0,537,-1.302187933183794e-05,1.9513836538080926e-10,4.380600384305171
k5_jellybean,3.0,539,-1.302187933183794e-05,1.5820026955924715e-09,4.380600384305171
k5_jellybean,3.0,541,-1.302187933183794e-05,3.580729880186279e-11,4.380600384305171
k5_jellybean,3.0,543,-1.302187933183794e-05,1.2603027765683941e-10,4.380600384305171
k5_jellybean,3.0,545,-1.302187933183794e-05,-1.6874119441856808e-09,4.380600384305171
k5_jellybean,3.0,547,-1.302187933183794e-05,-2.672706412800201e-10,4.380600384305171
k5_jellybean,3.0,549,-1.302187933183794e-05,1.6611220227958428e-11,4.380600384305171
k5_jellybean,3.0,551,-1.302187933183794e-05,1.6516078514415382e-09,4.380600384305171
k5_jellybean,3.0,553,-1.302187933183794e-05,-1.1093088936769294e-10,4.380600384305171
k5_jellybean,3.0,555,-1.302187933183794e-05,5.957212664061066e-10,4.380600384305171
k5_jellybean,3.0,557,-1.302187933183794e-05,5.718561523453998e-10,4.380600384305171
k5_jellybean,3.0,559,-1.302187933183794e-05,-3.753216671071245e-10,4.380600384305171
k5_jellybean,3.0,561,-1.302187933183794e-05,-3.662881957583124e-11,4.380600384305171
k5_jellybean,3.0,563,-1.302187933183794e-05,1.6435558298675304e-10,4.380600384305171
k5_jellybean,3.0,565,-1.302187933183794e-05,-2.9647170148555603e-10,4.380600384305171
k5_jellybean,3.0,567,-1.302187933183794e-05,-2.2340688206143316e-10,4.380600384305171
k5_jellybean,3.0,569,-1.302187933183794e-05,7.505961525492192e-10,4.380600384305171
k5_jellybean,3.0,570,-1.302187933183794e-05,-3.1809746471741137e-10,4.380600384305171
k5_jellybean,3.0,571,-1.302187933183794e-05,2.7570939668311316e-10,4.380600384305171
k5_jellybean,3.0,572,-1.302187933183794e-05,-9.239918222026725e-11,4.380600384305171
k5_jellybean,3.0,573,-1.302187933183794e-05,4.4396456103038676e-10,4.380600384305171
k5_jellybean,3.0,574,-1.302187933183794e-05,-1.2674362969914452e-10,4.380600384305171
k5_jellybean,3.0,575,-1.302187933183794e-05,-2.257036253872274e-10,4.380600384305171
k5_jellybean,3.0,576,-1.302187933183794e-05,-2.978553280660498e-10,4.380600384305171
k5_jellybean,3.0,577,-1.302187933183794e-05,-1.0959481514514505e-09,4.380600384305171
k5_jellybean,3.0,578,-1.302187933183794e-05,-1.848435645942429e-10,4.380600384305171
k5_jellybean,3.0,579,-1.302187933183794e-05,2.5745580126850563e-10,4.380600384305171
k5_jellybean,3.0,580,-1.302187933183794e-05,-4.237112925105502e-10,4.380600384305171
k5_jellybean,3.0,581,-1.302187933183794e-05,2.5468125660933603e-10,4.380600384305171
k5_jellybean,3.0,582,-1.302187933183794e-05,-5.036551043446827e-10,4.380600384305171
k5_jellybean,3.0,584,-1.302187933183794e-05,1.0909239431474375e-09,4.380600384305171
k5_jellybean,3.0,586,-1.302187933183794e-05,1.3753249515419576e-09,4.380600384305171
k5_jellybean,3.0,588,-1.302187933183794e-05,4.024221294696024e-10,4.380600384305171
k5_jellybean,3.0,590,-1.302187933183794e-05,8.430174167935241e-10,4.380600384305171
k5_jellybean,3.0,592,-1.302187933183794e-05,8.294407982904599e-10,4.380600384305171
k5_jellybean,3.0,594,-1.3024620259083862e-05,-3.636191452259231e-10,4.380845182243382
k5_jellybean,3.0,595,-1.302187933183794e-05,-1.4484322092559966e-10,4.380600384305171
k5_jellybean,3.0,597,-1.3024620259083862e-05,1.7516964558940403e-11,4.380845182243382
k5_jellybean,3.0,598,-1.302187933183794e-05,-1.2421857617816172e-11,4.380600384305171
k5_jellybean,3.0,600,-1.3024620259083862e-05,-2.462813117633304e-10,4.380845182243382
k5_jellybean,3.0,601,-1.302187933183794e-05,7.935494902883804e-10,4.380600384305171
k5_jellybean,3.0,603,-1.3024620259083862e-05,-5.596801128779201e-10,4.380845182243382
k5_jellybean,3.0,604,-1.302187933183794e-05,5.914787974628502e-10,4.380600384305171
k5_jellybean,3.0,605,-1.302187933183794e-05,7.919652273894432e-11,4.380600384305171
k5_jellybean,3.0,606,-1.302187933183794e-05,6.481483448256136e-10,4.380600384305171
k5_jellybean,3.0,607,-1.302187933183794e-05,3.728438971144835e-10,4.380600384305171
k5_jellybean,3.0,609,-1.302187933183794e-05,1.8537194350012756e-12,4.380600384305171
k5_jellybean,3.0,611,-1.3030108035636742e-05,2.3081699513488042e-10,4.3813352659248155
k5_jellybean,3.0,0,-0.4326663069950235,-1.4404588434803512e-10,581.8691313510984
k5_jellybean,5.0,1,2.2366424427039e-05,0.9999999998813653,2.7382851644765065
k5_jellybean,5.0,3,2.2220083586732978e-05,0.9999999999843603,2.759115399815683
k5_jellybean,5.0,5,-0.0023996977396903703,-9.563172550844832e-11,43.62075991901769
k5_jellybean,5.0,7,-0.0022618854902068243,8.22940455325852e-10,42.366640135419495
k5_jellybean,5.0,9,-0.0023989392031773284,1.5753163629309456e-10,43.61395578035329
k5_jellybean,5.0,11,-0.002102952452895912,1.0400879835246966e-09,40.87256557694776
k5_jellybean,5.0,13,2.2386994983484454e-05,0.9999999996074975,2.7353444243328706
k5_jellybean,5.0,16,5.494662069519676e-06,1.0000000000098204,4.549770369051294
k5_jellybean,5.0,19,2.2391386943299277e-05,0.9999999997041753,2.734716145776295
k5_jellybean,5.0,21,2.182745127117246e-05,0.9999999993737496,2.814241239990112
k5_jellybean,5.0,23,-0.00020483961677432048,9.532698818221877e-10,13.612039375818723
k5_jellybean,5.0,25,-8.868023676422514e-05,-1.5796787149567078e-10,9.715582940922562
k5_jellybean,5.0,27,2.241401022763581e-05,0.9999999997012992,2.7314775506967157
k5_jellybean,5.0,29,1.1513650496211451e-05,1.0000000009795833,3.9988165588507316
k5_jellybean,5.0,31,1.1513650496211451e-05,1.0000000005221337,3.9988165588507316
k5_jellybean,5.0,34,1.194954302259563e-05,0.9999999997929528,3.9559381515574787
k5_jellybean,5.0,36,2.2391036790133958e-05,1.0000000003690728,2.7347662411756772
k5_jellybean,5.0,38,2.239950016690572e-05,0.9999999998477689,2.7335551532949536
k5_jellybean,5.0,40,-0.00011037183889866662,3.586722226082154e-10,10.553023062950583
k5_jellybean,5.0,42,-0.002399182384209211,-3.215938440430349e-10,43.616137251012674
k5_jellybean,5.0,44,-0.002395910425801825,2.303411138225912e-10,43.58677679535813
k5_jellybean,5.0,46,-0.002399182384209211,-1.020755273276583e-09,43.616137251012674
k5_jellybean,5.0,48,-0.002395910425801825,2.0051337998260398e-10,43.58677679535813
k5_jellybean,5.0,50,2.365036242007393e-05,1.0000000009798113,2.5482386666733046
k5_jellybean,5.0,53,2.3655220826816668e-05,0.9999999998050593,2.547492607338856
k5_jellybean,5.0,56,2.3655220826816668e-05,1.0000000001616542,2.547492607338856
k5_jellybean,5.0,59,2.3655220826816668e-05,1.0000000005247376,2.547492607338856
k5_jellybean,5.0,62,2.2255069122882924e-05,1.000000000031606,2.754149869248217
k5_jellybean,5.0,65,2.2311345252944137e-05,0.9999999997479169,2.74614370733123
k5_jellybean,5.0,68,2.2311345252944137e-05,0.9999999998572796,2.74614370733123
k5_jellybean,5.0,71,2.0984263047230266e-05,0.9999999995709369,2.929121212430598
k5_jellybean,5.0,74,5.612010968736674e-07,1.0000000003310274,4.955891287595548
k5_jellybean,5.0,77,2.2328025989537732e-05,0.9999999995885309,2.7437661224638648
k5_jellybean,5.0,80,-0.00022214147107500195,5.638835729913896e-10,14.100580448212929
k5_jellybean,5.0,82,-0.00022126117672920331,-4.4732821536959444e-10,14.076133560192018
k5_jellybean,5.0,84,6.956427796538071e-06,1.0000000000819957,4.422281575720752
k5_jellybean,5.0,86,3.194875903796307e-05,0.9999999995622499,0.0
k5_jellybean,5.0,88,5.5013363495218364e-06,1.000000000908527,4.549196386937969
k5_jellybean,5.0,91,-3.055946790046649e-05,3.9312880196136775e-10,6.993774053260166
k5_jellybean,5.0,94,-3.0439895026465198e-05,-4.277558748327246e-10,6.987081606411762
k5_jellybean,5.0,97,2.2334421815445996e-05,0.9999999995344608,2.74285394831339
k5_jellybean,5.0,100,2.5332273032602407e-05,1.000000000457932,2.275394513358442
k5_jellybean,5.0,102,2.313331978172091e-05,1.000000000760132,2.6264248935216594
k5_jellybean,5.0,104,2.313331978172091e-05,1.0000000005596468,2.6264248935216594
k5_jellybean,5.0,107,2.298757626936223e-05,1.0000000000425082,2.648046913841133
k5_jellybean,5.0,110,2.2386994983484454e-05,1.0000000002946035,2.7353444243328706
k5_jellybean,5.0,112,2.1931098766477057e-05,0.9999999997859158,2.799794506775949
k5_jellybean,5.0,114,-0.0024053546186165457,-9.217369409627284e-11,43.6714691838907
k5_jellybean,5.0,116,-0.002187268981475455,-3.6026040806378884e-10,41.67186765612977
k5_jellybean,5.0,118,5.463339301743005e-06,0.9999999998683295,4.552463132311251
k5_jellybean,5.0,121,2.237770038018435e-05,0.9999999997162854,2.7366735601374064
k5_jellybean,5.0,123,2.559867270958317e-06,0.9999999999739347,4.795507915156257
k5_jellybean,5.0,125,-0.0011542218065983035,3.8215712730705653e-10,30.46608005289624
k5_jellybean,5.0,128,-0.0004894534117918996,1.9144266381535204e-10,20.198979336868078
k5_jellybean,5.0,130,-8.895842146576571e-05,-1.2557380611666591e-10,9.726779130177333
k5_jellybean,5.0,132,2.2380143230357356e-05,0.9999999999486558,2.736324293125803
k5_jellybean,5.0,134,2.2314495789410066e-05,0.9999999997982095,2.7456948040629627
k5_jellybean,5.0,135,5.671577436254381e-06,1.0000000005781675,4.5345312442123005
k5_jellybean,5.0,137,5.671577436254381e-06,1.000000000280152,4.5345312442123005
k5_jellybean,5.0,140,5.7364219061839335e-06,0.9999999995666049,4.528932833688872
k5_jellybean,5.0,142,2.2368035227637552e-05,1.0000000011430716,2.738055000485007
k5_jellybean,5.0,145,2.2368035227637552e-05,1.0000000003307166,2.738055000485007
k5_jellybean,5.0,147,2.220473234748423e-05,0.9999999995577409,2.761291397220719
k5_jellybean,5.0,149,-0.00034301806266230726,-2.599703340297736e-10,17.129292609582922
k5_jellybean,5.0,151,-0.00020873045419060756,-2.1896439760031435e-10,13.723418231065708
k5_jellybean,5.0,152,2.22482163040504e-05,1.000000000184346,2.7551232011689013
k5_jellybean,5.0,154,2.22482163040504e-05,1.0000000003354508,2.7551232011689013
k5_jellybean,5.0,156,2.22482163040504e-05,1.0000000003076785,2.7551232011689013
k5_jellybean,5.0,158,3.194842811270878e-05,0.9999999994778814,0.016091923638702973
k5_jellybean,5.0,160,2.22482163040504e-05,1.000000000280269,2.7551232011689013
k5_jellybean,5.0,162,3.194842811270878e-05,0.9999999998451319,0.016091923638702973
k5_jellybean,5.0,164,-0.00239870891512809,-1.588954650733506e-10,43.61188986640833
k5_jellybean,5.0,166,-0.0023995519982716535,1.875162795885945e-10,43.61945268815586
k5_jellybean,5.0,169,-0.0023995519982716535,-3.161499816567191e-10,43.61945268815586
k5_jellybean,5.0,171,-0.002392957521645802,8.607679222992687e-10,43.560262338839074
k5_jellybean,5.0,173,-0.0023995519982716535,5.94208834491247e-10,43.61945268815586
k5_jellybean,5.0,175,-0.002392957521645802,1.9553973342673296e-10,43.560262338839074
k5_jellybean,5.0,177,-0.0023995519982716535,7.02297231934078e-10,43.61945268815586
k5_jellybean,5.0,179,-0.002392957521645802,2.221420552034675e-10,43.560262338839074
k5_jellybean,5.0,181,2.2255069122882924e-05,0.9999999996244872,2.754149869248217
k5_jellybean,5.0,184,2.2255069122882924e-05,1.0000000003902145,2.754149869248217
k5_jellybean,5.0,186,2.2255069122882924e-05,0.9999999994087054,2.754149869248217
k5_jellybean,5.0,189,2.242246422940757e-05,1.0000000008886367,2.7302663474754754
k5_jellybean,5.0,191,2.24325081405905e-05,1.0000000001471425,2.728826659474686
k5_jellybean,5.0,192,2.232514564059457e-05,0.9999999993435491,2.7441768194648244
k5_jellybean,5.0,194,2.231745345309213e-05,0.9999999998273926,2.745273315415976
k5_jellybean,5.0,195,9.60788725505139e-07,1.0000000007719017,4.924244097698194
k5_jellybean,5.0,197,9.46915667406943e-07,1.0000000000800702,4.925346246040596
k5_jellybean,5.0,199,2.2276550166904914e-05,1.000000000344572,2.7510966033112645
k5_jellybean,5.0,201,2.2277350632153903e-05,1.000000000103182,2.750982761539387
k5_jellybean,5.0,203,2.2276550166904914e-05,1.0000000001409568,2.7510966033112645
k5_jellybean,5.0,205,2.2277350632153903e-05,0.9999999993261652,2.750982761539387
k5_jellybean,5.0,207,3.154664226254086e-05,1.00000000076406,0.5609434781842924
k5_jellybean,5.0,209,3.191624208954815e-05,0.999999999377734,0.1595136667991456
k5_jellybean,5.0,211,-0.002402379534764071,3.6216474852260237e-11,43.644807350021274
k5_jellybean,5.0,213,-0.0024023856423830117,-7.173378939607377e-11,43.644862101404954
k5_jellybean,5.0,215,2.238815775294669e-05,1.0000000000431957,2.735178101902854
k5_jellybean,5.0,218,2.2361164229404447e-05,1.000000000355875,2.7390366486149396
k5_jellybean,5.0,221,5.431777677500873e-06,1.0000000007825731,4.555174819577347
k5_jellybean,5.0,223,5.432857382017625e-06,1.0000000002048282,4.5550820810256605
k5_jellybean,5.0,225,2.2372820252947272e-05,0.9999999999772811,2.737371163907096
k5_jellybean,5.0,227,-0.00036261418468912286,6.869648725984193e-10,17.57118919440943
k5_jellybean,5.0,229,-0.002399175964695061,3.3937586945096096e-10,43.61607966576149
k5_jellybean,5.0,232,-0.002399175964695061,7.28323598889694e-10,43.61607966576149
k5_jellybean,5.0,234,-0.002332210259698717,-4.3638094749509723e-10,43.01117924354588
k5_jellybean,5.0,236,-0.002399175964695061,1.3511495146230068e-10,43.61607966576149
k5_jellybean,5.0,238,-0.002332210259698717,-4.0697001661567043e-10,43.01117924354588
k5_jellybean,5.0,240,-0.002399175964695061,-1.8420453610660665e-10,43.61607966576149
k5_jellybean,5.0,242,-0.002332210259698717,7.662162961307108e-10,43.01117924354588
k5_jellybean,5.0,244,-0.002399175964695061,1.0305125115336663e-10,43.61607966576149
k5_jellybean,5.0,246,-0.002332210259698717,-5.396592078023617e-10,43.01117924354588
k5_jellybean,5.0,248,-0.002399175964695061,2.848837134534462e-11,43.61607966576149
k5_jellybean,5.0,250,-0.002332210259698717,-2.799548491887679e-10,43.01117924354588
k5_jellybean,5.0,252,-0.002399175964695061,1.7010221451019894e-10,43.61607966576149
k5_jellybean,5.0,254,-0.002332210259698717,3.8412569785445735e-10,43.01117924354588
k5_jellybean,5.0,256,-0.002399175964695061,3.266566668344125e-10,43.61607966576149
k5_jellybean,5.0,258,-0.002332210259698717,-1.283092805249234e-10,43.01117924354588
k5_jellybean,5.0,260,-0.002399175964695061,3.0970417253965204e-10,43.61607966576149
k5_jellybean,5.0,262,-0.002332210259698717,-4.831228941375265e-10,43.01117924354588
k5_jellybean,5.0,264,-0.002399175964695061,4.2314160786372933e-10,43.61607966576149
k5_jellybean,5.0,266,-0.002332210259698717,2.88607868676017e-10,43.01117924354588
k5_jellybean,5.0,268,-0.002399175964695061,7.356728306689293e-10,43.61607966576149
k5_jellybean,5.0,270,-0.002332210259698717,-3.225046119855858e-10,43.01117924354588
k5_jellybean,5.0,272,-0.002399175964695061,2.375012956757991e-10,43.61607966576149
k5_jellybean,5.0,274,-0.002332210259698717,-2.8349508608547606e-10,43.01117924354588
k5_jellybean,5.0,276,-0.002399175964695061,2.55932755955096e-12,43.61607966576149
k5_jellybean,5.0,278,-0.002332210259698717,-3.2948590921340515e-10,43.01117924354588
k5_jellybean,5.0,280,-0.002399175964695061,3.0249268690109827e-10,43.61607966576149
k5_jellybean,5.0,282,-0.002332210259698717,-5.971635558407268e-10,43.01117924354588
k5_jellybean,5.0,284,-0.002399175964695061,2.221877311272286e-10,43.61607966576149
k5_jellybean,5.0,286,-0.002332210259698717,-1.6251569762272598e-10,43.01117924354588
k5_jellybean,5.0,288,-0.002399175964695061,-1.6028768371066993e-10,43.61607966576149
k5_jellybean,5.0,290,-0.002332210259698717,-4.798387846177521e-10,43.01117924354588
k5_jellybean,5.0,292,-0.002399175964695061,-1.621755703338292e-10,43.61607966576149
k5_jellybean,5.0,294,-0.002332210259698717,5.460230090203976e-10,43.01117924354588
k5_jellybean,5.0,296,-0.002399175964695061,-6.540298587432576e-11,43.61607966576149
k5_jellybean,5.0,298,-0.002332210259698717,-5.330330645642613e-10,43.01117924354588
k5_jellybean,5.0,300,-0.002399175964695061,1.2467153828920627e-10,43.61607966576149
k5_jellybean,5.0,302,-0.002332210259698717,-2.7576400587737056e-10,43.01117924354588
k5_jellybean,5.0,304,-0.002399175964695061,8.295225066987663e-10,43.61607966576149
k5_jellybean,5.0,306,-0.002332210259698717,-2.8574106782017787e-10,43.01117924354588
k5_jellybean,5.0,308,-0.002399175964695061,-2.3422071240095015e-10,43.61607966576149
k5_jellybean,5.0,310,-0.002332210259698717,3.3259844202525536e-10,43.01117924354588
k5_jellybean,5.0,312,-0.002399175964695061,7.815394596391908e-10,43.61607966576149
k5_jellybean,5.0,314,-0.002332210259698717,-7.636148181201865e-11,43.01117924354588
k5_jellybean,5.0,315,7.425326452458423e-06,0.9999999998817164,4.380600384305171
k5_jellybean,5.0,317,7.425326452458423e-06,1.0000000003368483,4.380600384305171
k5_jellybean,5.0,319,7.425326452458423e-06,1.0000000003347407,4.380600384305171
k5_jellybean,5.0,321,7.425326452458423e-06,1.0000000001318745,4.380600384305171
k5_jellybean,5.0,323,7.425326452458423e-06,1.0000000004215093,4.380600384305171
k5_jellybean,5.0,325,7.425326452458423e-06,1.0000000005401082,4.380600384305171
k5_jellybean,5.0,327,7.425326452458423e-06,0.9999999999748646,4.380600384305171
k5_jellybean,5.0,329,7.425326452458423e-06,1.0000000005286476,4.380600384305171
k5_jellybean,5.0,331,7.425326452458423e-06,1.0000000005350627,4.380600384305171
k5_jellybean,5.0,333,7.425326452458423e-06,1.0000000002895457,4.380600384305171
k5_jellybean,5.0,335,7.425326452458423e-06,1.0000000006023526,4.380600384305171
k5_jellybean,5.0,337,7.425326452458423e-06,1.000000000582336,4.380600384305171
k5_jellybean,5.0,339,7.425326452458423e-06,1.0000000003451062,4.380600384305171
k5_jellybean,5.0,341,7.425326452458423e-06,1.0000000000468354,4.380600384305171
k5_jellybean,5.0,343,7.425326452458423e-06,1.0000000003287235,4.380600384305171
k5_jellybean,5.0,345,7.425326452458423e-06,0.9999999996722916,4.380600384305171
k5_jellybean,5.0,347,7.425326452458423e-06,1.000000000118225,4.380600384305171
k5_jellybean,5.0,349,7.425326452458423e-06,1.0000000010113612,4.380600384305171
k5_jellybean,5.0,351,7.425326452458423e-06,0.9999999997008505,4.380600384305171
k5_jellybean,5.0,353,7.425326452458423e-06,1.0000000002203024,4.380600384305171
k5_jellybean,5.0,355,7.425326452458423e-06,1.0000000002748521,4.380600384305171
k5_jellybean,5.0,356,7.425326452458423e-06,1.0000000000668048,4.380600384305171
k5_jellybean,5.0,357,7.425326452458423e-06,0.9999999999691643,4.380600384305171
k5_jellybean,5.0,358,7.425326452458423e-06,1.0000000009708687,4.380600384305171
k5_jellybean,5.0,359,7.425326452458423e-06,0.999999999775631,4.380600384305171
k5_jellybean,5.0,360,7.425326452458423e-06,0.9999999993071821,4.380600384305171
k5_jellybean,5.0,361,7.425326452458423e-06,1.000000000135392,4.380600384305171
k5_jellybean,5.0,362,7.425326452458423e-06,1.0000000002145737,4.380600384305171
k5_jellybean,5.0,363,7.425326452458423e-06,1.0000000004744019,4.380600384305171
k5_jellybean,5.0,364,7.425326452458423e-06,1.0000000001591396,4.380600384305171
k5_jellybean,5.0,365,7.425326452458423e-06,1.0000000004990695,4.380600384305171
k5_jellybean,5.0,366,7.425326452458423e-06,0.999999999989267,4.380600384305171
k5_jellybean,5.0,367,7.425326452458423e-06,1.0000000003602456,4.380600384305171
k5_jellybean,5.0,368,7.425326452458423e-06,1.0000000005284604,4.380600384305171
k5_jellybean,5.0,369,7.425326452458423e-06,1.0000000001313514,4.380600384305171
k5_jellybean,5.0,370,7.425326452458423e-06,1.000000000471698,4.380600384305171
k5_jellybean,5.0,371,7.425326452458423e-06,1.000000000430254,4.380600384305171
k5_jellybean,5.0,372,7.425326452458423e-06,0.9999999999669182,4.380600384305171
k5_jellybean,5.0,373,7.425326452458423e-06,1.0000000006595524,4.380600384305171
k5_jellybean,5.0,374,7.425326452458423e-06,0.999999999755258,4.380600384305171
k5_jellybean,5.0,376,7.425326452458423e-06,1.000000000098161,4.380600384305171
k5_jellybean,5.0,378,7.425326452458423e-06,1.0000000001189315,4.380600384305171
k5_jellybean,5.0,380,7.425326452458423e-06,1.000000000298606,4.380600384305171
k5_jellybean,5.0,382,7.425326452458423e-06,1.0000000000311602,4.380600384305171
k5_jellybean,5.0,384,7.425326452458423e-06,1.0000000006602892,4.380600384305171
k5_jellybean,5.0,386,7.425326452458423e-06,1.000000000279368,4.380600384305171
k5_jellybean,5.0,388,7.425326452458423e-06,1.0000000002096527,4.380600384305171
k5_jellybean,5.0,390,7.425326452458423e-06,1.0000000005663516,4.380600384305171
k5_jellybean,5.0,392,7.425326452458423e-06,0.9999999994643333,4.380600384305171
k5_jellybean,5.0,394,7.425326452458423e-06,1.000000000835867,4.380600384305171
k5_jellybean,5.0,396,7.425326452458423e-06,1.00000000037058,4.380600384305171
k5_jellybean,5.0,398,7.425326452458423e-06,1.0000000004644067,4.380600384305171
k5_jellybean,5.0,400,7.425326452458423e-06,1.000000000116906,4.380600384305171
k5_jellybean,5.0,402,7.425326452458423e-06,1.0000000002013132,4.380600384305171
k5_jellybean,5.0,404,7.425326452458423e-06,1.000000000218449,4.380600384305171
k5_jellybean,5.0,406,7.425326452458423e-06,1.0000000005921028,4.380600384305171
k5_jellybean,5.0,408,7.425326452458423e-06,0.9999999998301705,4.380600384305171
k5_jellybean,5.0,411,7.425326452458423e-06,1.0000000002061626,4.380600384305171
k5_jellybean,5.0,414,7.425326452458423e-06,0.9999999998390643,4.380600384305171
k5_jellybean,5.0,417,7.425326452458423e-06,1.0000000000440987,4.380600384305171
k5_jellybean,5.0,420,7.425326452458423e-06,1.0000000005364265,4.380600384305171
k5_jellybean,5.0,423,7.425326452458423e-06,1.0000000009407812,4.380600384305171
k5_jellybean,5.0,426,7.425326452458423e-06,1.0000000004765832,4.380600384305171
k5_jellybean,5.0,429,7.425326452458423e-06,1.0000000003888514,4.380600384305171
k5_jellybean,5.0,432,7.425326452458423e-06,0.9999999993941584,4.380600384305171
k5_jellybean,5.0,435,7.425326452458423e-06,1.0000000002404112,4.380600384305171
k5_jellybean,5.0,438,7.425326452458423e-06,1.000000000143504,4.380600384305171
k5_jellybean,5.0,441,7.425326452458423e-06,1.0000000003245706,4.380600384305171
k5_jellybean,5.0,444,7.425326452458423e-06,1.0000000003212086,4.380600384305171
k5_jellybean,5.0,447,7.425326452458423e-06,1.0000000005100422,4.380600384305171
k5_jellybean,5.0,450,7.425326452458423e-06,1.000000000150503,4.380600384305171
k5_jellybean,5.0,453,7.425326452458423e-06,1.0000000001800373,4.380600384305171
k5_jellybean,5.0,456,7.425326452458423e-06,0.999999999476517,4.380600384305171
k5_jellybean,5.0,458,7.425326452458423e-06,1.000000000615736,4.380600384305171
k5_jellybean,5.0,459,7.425326452458423e-06,0.9999999996718567,4.380600384305171
k5_jellybean,5.0,460,7.425326452458423e-06,1.0000000002125053,4.380600384305171
k5_jellybean,5.0,461,7.425326452458423e-06,0.9999999999433441,4.380600384305171
k5_jellybean,5.0,462,7.425326452458423e-06,0.9999999992344424,4.380600384305171
k5_jellybean,5.0,463,7.425326452458423e-06,1.000000000610911,4.380600384305171
k5_jellybean,5.0,464,7.425326452458423e-06,0.9999999999974666,4.380600384305171
k5_jellybean,5.0,465,7.425326452458423e-06,1.0000000005882426,4.380600384305171
k5_jellybean,5.0,466,7.425326452458423e-06,1.0000000004888525,4.380600384305171
k5_jellybean,5.0,467,7.425326452458423e-06,0.999999999978616,4.380600384305171
k5_jellybean,5.0,468,7.425326452458423e-06,1.0000000000111182,4.380600384305171
k5_jellybean,5.0,469,7.425326452458423e-06,1.0000000005259164,4.380600384305171
k5_jellybean,5.0,470,7.425326452458423e-06,1.0000000004177032,4.380600384305171
k5_jellybean,5.0,471,7.425326452458423e-06,0.9999999987040236,4.380600384305171
k5_jellybean,5.0,472,7.425326452458423e-06,0.9999999995872838,4.380600384305171
k5_jellybean,5.0,473,7.425326452458423e-06,1.0000000001692335,4.380600384305171
k5_jellybean,5.0,475,7.425326452458423e-06,0.9999999999085839,4.380600384305171
k5_jellybean,5.0,477,7.425326452458423e-06,1.0000000003469258,4.380600384305171
k5_jellybean,5.0,479,7.425326452458423e-06,1.0000000002591543,4.380600384305171
k5_jellybean,5.0,481,7.425326452458423e-06,1.0000000002423222,4.380600384305171
k5_jellybean,5.0,483,7.425326452458423e-06,1.0000000001404326,4.380600384305171
k5_jellybean,5.0,485,7.425326452458423e-06,0.9999999992684325,4.380600384305171
k5_jellybean,5.0,487,7.425326452458423e-06,1.00000000039693,4.380600384305171
k5_jellybean,5.0,489,7.425326452458423e-06,1.0000000003754677,4.380600384305171
k5_jellybean,5.0,491,7.425326452458423e-06,1.0000000003756355,4.380600384305171
k5_jellybean,5.0,493,7.425326452458423e-06,1.0000000003982399,4.380600384305171
k5_jellybean,5.0,495,7.425326452458423e-06,1.0000000005187042,4.380600384305171
k5_jellybean,5.0,497,7.425326452458423e-06,0.9999999998301521,4.380600384305171
k5_jellybean,5.0,499,7.425326452458423e-06,1.0000000000557747,4.380600384305171
k5_jellybean,5.0,501,7.425326452458423e-06,1.000000000026775,4.380600384305171
k5_jellybean,5.0,502,7.425326452458423e-06,1.0000000001808833,4.380600384305171
k5_jellybean,5.0,503,7.425326452458423e-06,1.0000000010158974,4.380600384305171
k5_jellybean,5.0,504,7.425326452458423e-06,0.999999999727024,4.380600384305171
k5_jellybean,5.0,505,7.425326452458423e-06,1.0000000002458456,4.380600384305171
k5_jellybean,5.0,506,7.425326452458423e-06,1.0000000000665135,4.380600384305171
k5_jellybean,5.0,507,7.425326452458423e-06,1.0000000002588085,4.380600384305171
k5_jellybean,5.0,508,7.425326452458423e-06,0.9999999999305098,4.380600384305171
k5_jellybean,5.0,509,7.425326452458423e-06,1.0000000001695089,4.380600384305171
k5_jellybean,5.0,510,7.425326452458423e-06,0.9999999998820204,4.380600384305171
k5_jellybean,5.0,511,7.425326452458423e-06,1.0000000001936036,4.380600384305171
k5_jellybean,5.0,512,7.425326452458423e-06,0.9999999991971535,4.380600384305171
k5_jellybean,5.0,513,7.425326452458423e-06,1.0000000000364426,4.380600384305171
k5_jellybean,5.0,514,7.425326452458423e-06,1.0000000007948866,4.380600384305171
k5_jellybean,5.0,515,7.425326452458423e-06,0.9999999995041724,4.380600384305171
k5_jellybean,5.0,516,7.425326452458423e-06,0.9999999998533406,4.380600384305171
k5_jellybean,5.0,517,7.425326452458423e-06,1.0000000006896212,4.380600384305171
k5_jellybean,5.0,518,7.425326452458423e-06,1.0000000002497202,4.380600384305171
k5_jellybean,5.0,519,7.425326452458423e-06,1.0000000002198108,4.380600384305171
k5_jellybean,5.0,520,7.425326452458423e-06,1.0000000003637248,4.380600384305171
k5_jellybean,5.0,521,7.425326452458423e-06,1.0000000000839788,4.380600384305171
k5_jellybean,5.0,522,7.425326452458423e-06,0.9999999995633786,4.380600384305171
k5_jellybean,5.0,523,7.425326452458423e-06,1.0000000000841995,4.380600384305171
k5_jellybean,5.0,524,7.425326452458423e-06,1.0000000001969116,4.380600384305171
k5_jellybean,5.0,525,7.425326452458423e-06,1.0000000009362005,4.380600384305171
k5_jellybean,5.0,526,7.425326452458423e-06,1.0000000002286327,4.380600384305171
k5_jellybean,5.0,527,7.425326452458423e-06,1.0000000002770868,4.380600384305171
k5_jellybean,5.0,528,7.425326452458423e-06,1.000000000125989,4.380600384305171
k5_jellybean,5.0,529,7.425326452458423e-06,1.000000001045569,4.380600384305171
k5_jellybean,5.0,530,7.425326452458423e-06,0.9999999998451756,4.380600384305171
k5_jellybean,5.0,531,7.425326452458423e-06,1.0000000007525678,4.380600384305171
k5_jellybean,5.0,532,7.425326452458423e-06,1.0000000000847407,4.380600384305171
k5_jellybean,5.0,533,7.425326452458423e-06,0.999999998366736,4.380600384305171
k5_jellybean,5.0,534,7.425326452458423e-06,1.0000000001667346,4.380600384305171
k5_jellybean,5.0,535,7.425326452458423e-06,1.000000000216528,4.380600384305171
k5_jellybean,5.0,537,7.425326452458423e-06,1.0000000000766218,4.380600384305171
k5_jellybean,5.0,539,7.425326452458423e-06,1.0000000006364185,4.380600384305171
k5_jellybean,5.0,541,7.425326452458423e-06,1.0000000004262182,4.380600384305171
k5_jellybean,5.0,543,7.425326452458423e-06,1.000000000230502,4.380600384305171
k5_jellybean,5.0,545,7.425326452458423e-06,1.0000000004906089,4.380600384305171
k5_jellybean,5.0,547,7.425326452458423e-06,0.9999999997243547,4.380600384305171
k5_jellybean,5.0,549,7.425326452458423e-06,1.000000000233201,4.380600384305171
k5_jellybean,5.0,551,7.425326452458423e-06,0.9999999998056792,4.380600384305171
k5_jellybean,5.0,553,7.425326452458423e-06,1.0000000000510245,4.380600384305171
k5_jellybean,5.0,555,7.425326452458423e-06,1.0000000004451195,4.380600384305171
k5_jellybean,5.0,557,7.425326452458423e-06,1.00000000043763,4.380600384305171
k5_jellybean,5.0,559,7.425326452458423e-06,0.9999999999488236,4.380600384305171
k5_jellybean,5.0,561,7.425326452458423e-06,1.000000000201427,4.380600384305171
k5_jellybean,5.0,563,7.425326452458423e-06,1.0000000000945584,4.380600384305171
k5_jellybean,5.0,565,7.425326452458423e-06,1.000000000212187,4.380600384305171
k5_jellybean,5.0,567,7.425326452458423e-06,1.000000000236851,4.380600384305171
k5_jellybean,5.0,569,7.425326452458423e-06,1.0000000006203575,4.380600384305171
k5_jellybean,5.0,570,7.425326452458423e-06,1.0000000000276907,4.380600384305171
k5_jellybean,5.0,571,7.425326452458423e-06,0.9999999992882542,4.380600384305171
k5_jellybean,5.0,572,7.425326452458423e-06,1.0000000002111507,4.380600384305171
k5_jellybean,5.0,573,7.425326452458423e-06,1.0000000003778324,4.380600384305171
k5_jellybean,5.0,574,7.425326452458423e-06,1.0000000003005391,4.380600384305171
k5_jellybean,5.0,575,7.425326452458423e-06,1.0000000001531393,4.380600384305171
k5_jellybean,5.0,576,7.425326452458423e-06,0.9999999995478632,4.380600384305171
k5_jellybean,5.0,577,7.425326452458423e-06,0.9999999996146831,4.380600384305171
k5_jellybean,5.0,578,7.425326452458423e-06,1.0000000000052025,4.380600384305171
k5_jellybean,5.0,579,7.425326452458423e-06,1.0000000010878904,4.380600384305171
k5_jellybean,5.0,580,7.425326452458423e-06,1.000000000098506,4.380600384305171
k5_jellybean,5.0,581,7.425326452458423e-06,1.0000000004573986,4.380600384305171
k5_jellybean,5.0,582,7.425326452458423e-06,1.0000000009225916,4.380600384305171
k5_jellybean,5.0,584,7.425326452458423e-06,1.0000000005779217,4.380600384305171
k5_jellybean,5.0,586,7.425326452458423e-06,1.0000000004587566,4.380600384305171
k5_jellybean,5.0,588,7.425326452458423e-06,0.9999999989622568,4.380600384305171
k5_jellybean,5.0,590,7.425326452458423e-06,1.000000000021021,4.380600384305171
k5_jellybean,5.0,592,7.425326452458423e-06,0.9999999998627371,4.380600384305171
k5_jellybean,5.0,594,7.422585525212501e-06,1.0000000005259015,4.380845182243382
k5_jellybean,5.0,595,7.425326452458423e-06,0.9999999998512745,4.380600384305171
k5_jellybean,5.0,597,7.422585525212501e-06,1.0000000008698362,4.380845182243382
k5_jellybean,5.0,598,7.425326452458423e-06,1.0000000002219531,4.380600384305171
k5_jellybean,5.0,600,7.422585525212501e-06,1.0000000005607195,4.380845182243382
k5_jellybean,5.0,601,7.425326452458423e-06,1.0000000005311405,4.380600384305171
k5_jellybean,5.0,603,7.422585525212501e-06,1.0000000000379088,4.380845182243382
k5_jellybean,5.0,604,7.425326452458423e-06,1.0000000000761107,4.380600384305171
k5_jellybean,5.0,605,7.425326452458423e-06,0.9999999996207312,4.380600384305171
k5_jellybean,5.0,606,7.425326452458423e-06,1.0000000003469305,4.380600384305171
k5_jellybean,5.0,607,7.425326452458423e-06,1.0000000005191128,4.380600384305171
k5_jellybean,5.0,609,7.425326452458423e-06,0.9999999999689313,4.380600384305171
k5_jellybean,5.0,611,7.4170977486596205e-06,1.0000000002870841,4.3813352659248155
k5_jellybean,5.0,0,-0.43264585978923925,-5.915126190169707e-10,581.8691313510984
