target,grouped,description,exist_value,slot,decrypted
01050002924,010-5000-2924,original,0.9999999998307372,0,6.944507790299047e-11
01050002924,010-5000-2924,original,0.9999999998307372,1,4.9872872406491004e-11
01050002924,010-5000-2924,original,0.9999999998307372,2,-1.2624737558035255e-10
01050002924,010-5000-2924,original,0.9999999998307372,3,1.780969981705233e-11
01050002924,010-5000-2924,original,0.9999999998307372,4,-6.908549828214419e-11
01050002924,010-5000-2924,original,0.9999999998307372,5,2.3050475070906953e-11
01050002924,010-5000-2924,original,0.9999999998307372,6,-3.2704884392727037e-11
01050002924,010-5000-2924,original,0.9999999998307372,7,1.5473445510064832e-10
01050002924,010-5000-2924,original,0.9999999998307372,8,-2.745988906432905e-10
01050002924,010-5000-2924,original,0.9999999998307372,9,1.1121446071890307e-10
01050002924,010-5000-2924,original,0.9999999998307372,10,-1.9784504361437535e-11
01050002924,010-5000-2924,original,0.9999999998307372,11,1.7846349416264623e-10
01050002924,010-5000-2924,original,0.9999999998307372,12,1.3876859046227312e-10
01050002924,010-5000-2924,original,0.9999999998307372,13,1.256796483106202e-10
01050002924,010-5000-2924,original,0.9999999998307372,14,3.213638069709833e-11
01050002924,010-5000-2924,original,0.9999999998307372,15,-1.3249112529525636e-12
01050002924,010-5000-2924,original,0.9999999998307372,16,-3.0949372171007294e-10
01050002924,010-5000-2924,original,0.9999999998307372,17,8.57362579997686e-11
01050002924,010-5000-2924,original,0.9999999998307372,18,1.7698003339841847e-10
01050002924,010-5000-2924,original,0.9999999998307372,19,-5.3810711269702015e-11
01050002924,010-5000-2924,original,0.9999999998307372,20,-1.8259614151055804e-10
01050002924,010-5000-2924,original,0.9999999998307372,21,-4.475187544574275e-11
01050002924,010-5000-2924,original,0.9999999998307372,22,-3.463788244782897e-11
01050002924,010-5000-2924,original,0.9999999998307372,23,2.1678479360936992e-10
01050002924,010-5000-2924,original,0.9999999998307372,24,1.3615503330284516e-11
01050002924,010-5000-2924,original,0.9999999998307372,25,1.9884638660196005e-10
01050002924,010-5000-2924,original,0.9999999998307372,26,-8.19662312857344e-11
01050002924,010-5000-2924,original,0.9999999998307372,27,1.0882263412881221e-10
01050002924,010-5000-2924,original,0.9999999998307372,28,2.907307582298145e-10
01050002924,010-5000-2924,original,0.9999999998307372,29,-6.196160335417153e-11
01050002924,010-5000-2924,original,0.9999999998307372,30,-1.6780237126755716e-11
01050002924,010-5000-2924,original,0.9999999998307372,31,-1.05603658905876e-10
01050002924,010-5000-2924,original,0.9999999998307372,32,7.892725771298227e-11
01050002924,010-5000-2924,original,0.9999999998307372,33,7.023705678827048e-11
01050002924,010-5000-2924,original,0.9999999998307372,34,1.1460516827593425e-10
01050002924,010-5000-2924,original,0.9999999998307372,35,-4.048854475757277e-11
01050002924,010-5000-2924,original,0.9999999998307372,36,4.179926964108674e-12
01050002924,010-5000-2924,original,0.9999999998307372,37,-6.747645300585545e-11
01050002924,010-5000-2924,original,0.9999999998307372,38,3.7667880916571606e-11
01050002924,010-5000-2924,original,0.9999999998307372,39,-1.2216376372456883e-10
01050002924,010-5000-2924,original,0.9999999998307372,40,2.559268013171534e-10
01050002924,010-5000-2924,original,0.9999999998307372,41,-1.2098973428900202e-11
01050002924,010-5000-2924,original,0.9999999998307372,42,1.3776098340838528e-10
01050002924,010-5000-2924,original,0.9999999998307372,43,-2.3582718702576306e-11
01050002924,010-5000-2924,original,0.9999999998307372,44,3.136705019114859e-11
01050002924,010-5000-2924,original,0.9999999998307372,45,5.529529909260687e-11
01050002924,010-5000-2924,original,0.9999999998307372,46,-7.373191317413455e-11
01050002924,010-5000-2924,original,0.9999999998307372,47,2.5942249480360785e-10
01050002924,010-5000-2924,original,0.9999999998307372,48,2.5093759736134383e-11
01050002924,010-5000-2924,original,0.9999999998307372,49,1.5730156159173583e-10
01050002924,010-5000-2924,original,0.9999999998307372,50,-5.961958147579259e-11
01050002924,010-5000-2924,original,0.9999999998307372,51,4.333420456306187e-11
01050002924,010-5000-2924,original,0.9999999998307372,52,1.6916069118434716e-10
01050002924,010-5000-2924,original,0.9999999998307372,53,-2.4562055197089243e-11
01050002924,010-5000-2924,original,0.9999999998307372,54,-5.816658944201568e-11
01050002924,010-5000-2924,original,0.9999999998307372,55,7.999248565449555e-11
01050002924,010-5000-2924,original,0.9999999998307372,56,-6.073907903218968e-11
01050002924,010-5000-2924,original,0.9999999998307372,57,3.079851739384487e-11
01050002924,010-5000-2924,original,0.9999999998307372,58,-1.3288898447274979e-11
01050002924,010-5000-2924,original,0.9999999998307372,59,6.031949242889184e-11
01050002924,010-5000-2924,original,0.9999999998307372,60,1.0876464172157743e-10
01050002924,010-5000-2924,original,0.9999999998307372,61,6.966281510083901e-11
01050002924,010-5000-2924,original,0.9999999998307372,62,-2.9743586667045523e-11
01050002924,010-5000-2924,original,0.9999999998307372,63,1.775939422435423e-10
01050002924,010-5000-2924,original,0.9999999998307372,64,-9.640234893323818e-11
01050002924,010-5000-2924,original,0.9999999998307372,65,1.28171888481898e-10
01050002924,010-5000-2924,original,0.9999999998307372,66,1.6387376888445424e-10
01050002924,010-5000-2924,original,0.9999999998307372,67,1.6028593374423347e-10
01050002924,010-5000-2924,original,0.9999999998307372,68,-5.220752658592695e-11
01050002924,010-5000-2924,original,0.9999999998307372,69,1.30306055911095e-10
01050002924,010-5000-2924,original,0.9999999998307372,70,-5.442865582907408e-11
01050002924,010-5000-2924,original,0.9999999998307372,71,7.776874495056252e-11
01050002924,010-5000-2924,original,0.9999999998307372,72,-9.985784527245341e-12
01050002924,010-5000-2924,original,0.9999999998307372,73,1.3061090466554234e-10
01050002924,010-5000-2924,original,0.9999999998307372,74,8.097364982329227e-11
01050002924,010-5000-2924,original,0.9999999998307372,75,-5.538287206154279e-11
01050002924,010-5000-2924,original,0.9999999998307372,76,-3.405653858549613e-11
01050002924,010-5000-2924,original,0.9999999998307372,77,-5.5492686806299065e-11
01050002924,010-5000-2924,original,0.9999999998307372,78,-2.0987957903264742e-10
01050002924,010-5000-2924,original,0.9999999998307372,79,6.6914090688156e-11
01050002924,010-5000-2924,original,0.9999999998307372,80,6.03037238453685e-11
01050002924,010-5000-2924,original,0.9999999998307372,81,6.274017482943816e-11
01050002924,010-5000-2924,original,0.9999999998307372,82,-2.06906634615316e-10
01050002924,010-5000-2924,original,0.9999999998307372,83,2.2536193023778056e-12
01050002924,010-5000-2924,original,0.9999999998307372,84,-2.3097005516515844e-10
01050002924,010-5000-2924,original,0.9999999998307372,85,3.137387206170278e-11
01050002924,010-5000-2924,original,0.9999999998307372,86,8.850672403007547e-11
01050002924,010-5000-2924,original,0.9999999998307372,87,1.035918073086393e-11
01050002924,010-5000-2924,original,0.9999999998307372,88,-4.1146332288327274e-11
01050002924,010-5000-2924,original,0.9999999998307372,89,-8.500006530120987e-11
01050002924,010-5000-2924,original,0.9999999998307372,90,9.435795946734848e-11
01050002924,010-5000-2924,original,0.9999999998307372,91,1.4391433736369807e-10
01050002924,010-5000-2924,original,0.9999999998307372,92,1.0075535894127714e-10
01050002924,010-5000-2924,original,0.9999999998307372,93,1.191078725279193e-10
01050002924,010-5000-2924,original,0.9999999998307372,94,-6.094307962974523e-11
01050002924,010-5000-2924,original,0.9999999998307372,95,3.389840633035133e-11
01050002924,010-5000-2924,original,0.9999999998307372,96,3.947984444619748e-10
01050002924,010-5000-2924,original,0.9999999998307372,97,-3.2973073194851874e-11
01050002924,010-5000-2924,original,0.9999999998307372,98,-1.2893208775736567e-10
01050002924,010-5000-2924,original,0.9999999998307372,99,2.9526584285856946e-11
01050002924,010-5000-2924,original,0.9999999998307372,100,2.0995449163720106e-10
01050002924,010-5000-2924,original,0.9999999998307372,101,-2.7815602269922486e-10
01050002924,010-5000-2924,original,0.9999999998307372,102,-2.0394908798432306e-10
01050002924,010-5000-2924,original,0.9999999998307372,103,-1.2620777280128715e-10
01050002924,010-5000-2924,original,0.9999999998307372,104,1.678532575009028e-10
01050002924,010-5000-2924,original,0.9999999998307372,105,-1.137505066365703e-10
01050002924,010-5000-2924,original,0.9999999998307372,106,-5.001209495526663e-11
01050002924,010-5000-2924,original,0.9999999998307372,107,6.779339103295187e-11
01050002924,010-5000-2924,original,0.9999999998307372,108,-6.222391179795915e-11
01050002924,010-5000-2924,original,0.9999999998307372,109,-8.508114106506774e-11
01050002924,010-5000-2924,original,0.9999999998307372,110,8.841231072036534e-11
01050002924,010-5000-2924,original,0.9999999998307372,111,-7.106253081863255e-11
01050002924,010-5000-2924,original,0.9999999998307372,112,3.9410193199156e-10
01050002924,010-5000-2924,original,0.9999999998307372,113,7.815518443175419e-12
01050002924,010-5000-2924,original,0.9999999998307372,114,-7.840313096950491e-11
01050002924,010-5000-2924,original,0.9999999998307372,115,3.91926983238486e-11
01050002924,010-5000-2924,original,0.9999999998307372,116,-1.1742999198035536e-10
01050002924,010-5000-2924,original,0.9999999998307372,117,-1.786902696375618e-10
01050002924,010-5000-2924,original,0.9999999998307372,118,-2.6809496132914226e-10
01050002924,010-5000-2924,original,0.9999999998307372,119,1.1655612092938513e-10
01050002924,010-5000-2924,original,0.9999999998307372,120,6.873183103074656e-11
01050002924,010-5000-2924,original,0.9999999998307372,121,-1.8982789709855467e-10
01050002924,010-5000-2924,original,0.9999999998307372,122,-2.2956281963701772e-10
01050002924,010-5000-2924,original,0.9999999998307372,123,8.018357676538651e-11
01050002924,010-5000-2924,original,0.9999999998307372,124,2.1226410090062206e-10
01050002924,010-5000-2924,original,0.9999999998307372,125,1.8131908463370303e-11
01050002924,010-5000-2924,original,0.9999999998307372,126,-6.016969103445597e-11
01050002924,010-5000-2924,original,0.9999999998307372,127,-4.65761999946869e-11
01050002924,010-5000-2924,original,0.9999999998307372,128,-1.1205538987673506e-11
01050002924,010-5000-2924,original,0.9999999998307372,129,-9.74582427807093e-11
01050002924,010-5000-2924,original,0.9999999998307372,130,1.3665078373279634e-10
01050002924,010-5000-2924,original,0.9999999998307372,131,3.5228845783171993e-10
01050002924,010-5000-2924,original,0.9999999998307372,132,1.8317764995417278e-10
01050002924,010-5000-2924,original,0.9999999998307372,133,-4.8001136357085035e-11
01050002924,010-5000-2924,original,0.9999999998307372,134,6.340115926307996e-11
01050002924,010-5000-2924,original,0.9999999998307372,135,-8.5316571761325e-11
01050002924,010-5000-2924,original,0.9999999998307372,136,2.969967396076357e-12
01050002924,010-5000-2924,original,0.9999999998307372,137,7.379031531357257e-11
01050002924,010-5000-2924,original,0.9999999998307372,138,-1.7249323145960494e-10
01050002924,010-5000-2924,original,0.9999999998307372,139,-1.4280992942428345e-11
01050002924,010-5000-2924,original,0.9999999998307372,140,1.7203115138844166e-10
01050002924,010-5000-2924,original,0.9999999998307372,141,6.065687185285959e-12
01050002924,010-5000-2924,original,0.9999999998307372,142,0.9999996983918349
01050002924,010-5000-2924,original,0.9999999998307372,143,0.9999996936570258
01050002924,010-5000-2924,original,0.9999999998307372,144,0.9999996636691162
01050002924,010-5000-2924,original,0.9999999998307372,145,0.9999996726473003
01050002924,010-5000-2924,original,0.9999999998307372,146,0.9999996825965747
01050002924,010-5000-2924,original,0.9999999998307372,147,0.9999997208486078
01050002924,010-5000-2924,original,0.9999999998307372,148,0.9999996841720941
01050002924,010-5000-2924,original,0.9999999998307372,149,0.9999996977109404
01050002924,010-5000-2924,original,0.9999999998307372,150,-1.8764823961861226e-10
01050002924,010-5000-2924,original,0.9999999998307372,151,1.3474968280544604e-12
01050002924,010-5000-2924,original,0.9999999998307372,152,3.892618984200201e-11
01050002924,010-5000-2924,original,0.9999999998307372,153,9.123953538270232e-11
01050002924,010-5000-2924,original,0.9999999998307372,154,-7.12996409829192e-11
01050002924,010-5000-2924,original,0.9999999998307372,155,9.862178899389105e-11
01050002924,010-5000-2924,original,0.9999999998307372,156,0.9999996889243765
01050002924,010-5000-2924,original,0.9999999998307372,157,8.107029643594793e-11
01050002924,010-5000-2924,original,0.9999999998307372,158,-1.0455669425642285e-10
01050002924,010-5000-2924,original,0.9999999998307372,159,-8.750511271349564e-11
01050002924,010-5000-2924,original,0.9999999998307372,160,0.9999996983560064
01050002924,010-5000-2924,original,0.9999999998307372,161,-4.553987193002433e-11
01050002924,010-5000-2924,original,0.9999999998307372,162,-1.8140087698038235e-11
01050002924,010-5000-2924,original,0.9999999998307372,163,0.999999688282301
01050002924,010-5000-2924,original,0.9999999998307372,164,0.9999996780221232
01050002924,010-5000-2924,original,0.9999999998307372,165,6.91779214297984e-11
01050002924,010-5000-2924,original,0.9999999998307372,166,6.883629849475391e-11
01050002924,010-5000-2924,original,0.9999999998307372,167,-2.464490764008486e-10
01050002924,010-5000-2924,original,0.9999999998307372,168,-6.368154623581426e-11
01050002924,010-5000-2924,original,0.9999999998307372,169,8.078025138180137e-12
01050002924,010-5000-2924,original,0.9999999998307372,170,7.347246474110431e-11
01050002924,010-5000-2924,original,0.9999999998307372,171,-2.7080315788090767e-10
01050002924,010-5000-2924,original,0.9999999998307372,172,-1.0300280092171562e-11
01050002924,010-5000-2924,original,0.9999999998307372,173,-2.4394128423058892e-11
01050002924,010-5000-2924,original,0.9999999998307372,174,-1.034170313289801e-10
01050002924,010-5000-2924,original,0.9999999998307372,175,5.2497199888924765e-11
01050002924,010-5000-2924,original,0.9999999998307372,176,1.5934164790943862e-11
01050002924,010-5000-2924,original,0.9999999998307372,177,6.075233724960229e-11
01050002924,010-5000-2924,original,0.9999999998307372,178,5.72973682272647e-12
01050002924,010-5000-2924,original,0.9999999998307372,179,-4.5712932407064254e-11
01050002924,010-5000-2924,original,0.9999999998307372,180,-1.29038936143466e-10
01050002924,010-5000-2924,original,0.9999999998307372,181,-1.2692720042311602e-10
01050002924,010-5000-2924,original,0.9999999998307372,182,2.388381181431199e-10
01050002924,010-5000-2924,original,0.9999999998307372,183,-5.650175278638511e-11
01050002924,010-5000-2924,original,0.9999999998307372,184,2.0758246255020723e-11
01050002924,010-5000-2924,original,0.9999999998307372,185,-1.0729791888115824e-10
01050002924,010-5000-2924,original,0.9999999998307372,186,-1.0112838593402653e-10
01050002924,010-5000-2924,original,0.9999999998307372,187,8.096943945362589e-11
01050002924,010-5000-2924,original,0.9999999998307372,188,1.037334801609983e-10
01050002924,010-5000-2924,original,0.9999999998307372,189,1.1695413242853831e-10
01050002924,010-5000-2924,original,0.9999999998307372,190,-1.66431837300121e-10
01050002924,010-5000-2924,original,0.9999999998307372,191,-4.462214986911176e-11
01050002924,010-5000-2924,original,0.9999999998307372,192,9.522851017445567e-11
01050002924,010-5000-2924,original,0.9999999998307372,193,-6.13869486379885e-11
01050002924,010-5000-2924,original,0.9999999998307372,194,3.898701774770364e-11
01050002924,010-5000-2924,original,0.9999999998307372,195,-1.6360681991743713e-10
01050002924,010-5000-2924,original,0.9999999998307372,196,4.609919716281125e-11
01050002924,010-5000-2924,original,0.9999999998307372,197,6.283683809190725e-11
01050002924,010-5000-2924,original,0.9999999998307372,198,8.781904636224223e-11
01050002924,010-5000-2924,original,0.9999999998307372,199,4.2169821263255616e-10
01050002924,010-5000-2924,original,0.9999999998307372,200,-6.317456680347275e-11
01050002924,010-5000-2924,original,0.9999999998307372,201,-2.9341512700333712e-12
01050002924,010-5000-2924,original,0.9999999998307372,202,-1.2057415266250296e-10
01050002924,010-5000-2924,original,0.9999999998307372,203,7.163882017337447e-12
01050002925,010-5000-2925,"one digit, last group",-2.1937613896184764e-10,0,2.2948679796156464e-10
01050002925,010-5000-2925,"one digit, last group",-2.1937613896184764e-10,1,-1.5374178145053787e-11
01050002925,010-5000-2925,"one digit, last group",-2.1937613896184764e-10,2,-2.919112055009392e-10
01050002925,010-5000-2925,"one digit, last group",-2.1937613896184764e-10,3,-1.8981072141373342e-11
01050002925,010-5000-2925,"one digit, last group",-2.1937613896184764e-10,4,4.120410147452624e-11
01050002925,010-5000-2925,"one digit, last group",-2.1937613896184764e-10,5,-2.0394204630731864e-10
01050002925,010-5000-2925,"one digit, last group",-2.1937613896184764e-10,6,4.813559676742841e-11
01050002925,010-5000-2925,"one digit, last group",-2.1937613896184764e-10,7,-1.0035209860015312e-10
01050002925,010-5000-2925,"one digit, last group",-2.1937613896184764e-10,8,-7.047545738896623e-11
01050002925,010-5000-2925,"one digit, last group",-2.1937613896184764e-10,9,4.4146684430443345e-12
01050002925,010-5000-2925,"one digit, last group",-2.1937613896184764e-10,10,-1.1861789796453215e-11
01050002925,010-5000-2925,"one digit, last group",-2.1937613896184764e-10,11,-1.498883037413056e-10
01050002925,010-5000-2925,"one digit, last group",-2.1937613896184764e-10,12,-9.77157181832771e-11
01050002925,010-5000-2925,"one digit, last group",-2.1937613896184764e-10,13,-1.6005309760850787e-10
01050002925,010-5000-2925,"one digit, last group",-2.1937613896184764e-10,14,8.751755928808503e-11
01050002925,010-5000-2925,"one digit, last group",-2.1937613896184764e-10,15,2.9014461877600743e-11
01050002925,010-5000-2925,"one digit, last group",-2.1937613896184764e-10,16,-1.8846044969523076e-11
01050002925,010-5000-2925,"one digit, last group",-2.1937613896184764e-10,17,6.478115950830152e-10
01050002925,010-5000-2925,"one digit, last group",-2.1937613896184764e-10,18,-6.77241025992041e-11
01050002925,010-5000-2925,"one digit, last group",-2.1937613896184764e-10,19,3.0071667644176646e-11
01050002925,010-5000-2925,"one digit, last group",-2.1937613896184764e-10,20,5.866298967680912e-11
01050002925,010-5000-2925,"one digit, last group",-2.1937613896184764e-10,21,-7.249638359334589e-11
01050002925,010-5000-2925,"one digit, last group",-2.1937613896184764e-10,22,-1.7183757382819315e-10
01050002925,010-5000-2925,"one digit, last group",-2.1937613896184764e-10,23,-1.5908134101976256e-11
01050002925,010-5000-2925,"one digit, last group",-2.1937613896184764e-10,24,-2.5365099250095433e-10
01050002925,010-5000-2925,"one digit, last group",-2.1937613896184764e-10,25,1.9268942582635755e-10
01050002925,010-5000-2925,"one digit, last group",-2.1937613896184764e-10,26,1.4842397190952297e-10
01050002925,010-5000-2925,"one digit, last group",-2.1937613896184764e-10,27,1.1821542647924494e-10
01050002925,010-5000-2925,"one digit, last group",-2.1937613896184764e-10,28,-1.9851737629665343e-10
01050002925,010-5000-2925,"one digit, last group",-2.1937613896184764e-10,29,2.7378862514369988e-11
01050002925,010-5000-2925,"one digit, last group",-2.1937613896184764e-10,30,-7.47092915697404e-11
01050002925,010-5000-2925,"one digit, last group",-2.1937613896184764e-10,31,3.905154184357386e-11
01050002925,010-5000-2925,"one digit, last group",-2.1937613896184764e-10,32,-5.17633327248041e-10
01050002925,010-5000-2925,"one digit, last group",-2.1937613896184764e-10,33,1.0753892949667587e-10
01050002925,010-5000-2925,"one digit, last group",-2.1937613896184764e-10,34,3.648920477958994e-11
01050002925,010-5000-2925,"one digit, last group",-2.1937613896184764e-10,35,8.266332005662535e-11
01050002925,010-5000-2925,"one digit, last group",-2.1937613896184764e-10,36,7.984638073657645e-11
01050002925,010-5000-2925,"one digit, last group",-2.1937613896184764e-10,37,-1.0343637531688756e-10
01050002925,010-5000-2925,"one digit, last group",-2.1937613896184764e-10,38,-1.3659865025242118e-10
01050002925,010-5000-2925,"one digit, last group",-2.1937613896184764e-10,39,1.0547791445036809e-10
01050002925,010-5000-2925,"one digit, last group",-2.1937613896184764e-10,40,3.634471423734434e-10
01050002925,010-5000-2925,"one digit, last group",-2.1937613896184764e-10,41,-4.7024173063976425e-11
01050002925,010-5000-2925,"one digit, last group",-2.1937613896184764e-10,42,-2.7500769402271076e-12
01050002925,010-5000-2925,"one digit, last group",-2.1937613896184764e-10,43,-2.1490748423572994e-11
01050002925,010-5000-2925,"one digit, last group",-2.1937613896184764e-10,44,-6.9652255982244e-11
01050002925,010-5000-2925,"one digit, last group",-2.1937613896184764e-10,45,-2.9989515989365194e-11
01050002925,010-5000-2925,"one digit, last group",-2.1937613896184764e-10,46,8.496784220446194e-12
01050002925,010-5000-2925,"one digit, last group",-2.1937613896184764e-10,47,3.233242580211314e-10
01050002925,010-5000-2925,"one digit, last group",-2.1937613896184764e-10,48,6.663653865853159e-11
01050002925,010-5000-2925,"one digit, last group",-2.1937613896184764e-10,49,6.211596603404014e-11
01050002925,010-5000-2925,"one digit, last group",-2.1937613896184764e-10,50,3.128926552869535e-10
01050002925,010-5000-2925,"one digit, last group",-2.1937613896184764e-10,51,1.3615353157384993e-11
01050002925,010-5000-2925,"one digit, last group",-2.1937613896184764e-10,52,-2.641578008385016e-10
01050002925,010-5000-2925,"one digit, last group",-2.1937613896184764e-10,53,3.967571853811567e-12
01050002925,010-5000-2925,"one digit, last group",-2.1937613896184764e-10,54,1.3927025342941426e-10
01050002925,010-5000-2925,"one digit, last group",-2.1937613896184764e-10,55,7.020028188694415e-11
01050002925,010-5000-2925,"one digit, last group",-2.1937613896184764e-10,56,1.1458427112147475e-11
01050002925,010-5000-2925,"one digit, last group",-2.1937613896184764e-10,57,-3.607771798414616e-11
01050002925,010-5000-2925,"one digit, last group",-2.1937613896184764e-10,58,4.114568129107952e-11
01050002925,010-5000-2925,"one digit, last group",-2.1937613896184764e-10,59,-6.312487197306189e-11
01050002925,010-5000-2925,"one digit, last group",-2.1937613896184764e-10,60,1.2850799934079193e-11
01050002925,010-5000-2925,"one digit, last group",-2.1937613896184764e-10,61,-9.85777895762387e-12
01050002925,010-5000-2925,"one digit, last group",-2.1937613896184764e-10,62,1.7418642082451112e-10
01050002925,010-5000-2925,"one digit, last group",-2.1937613896184764e-10,63,9.523108688460161e-11
01050002925,010-5000-2925,"one digit, last group",-2.1937613896184764e-10,64,-7.128761603802739e-11
01050002925,010-5000-2925,"one digit, last group",-2.1937613896184764e-10,65,8.44227831202902e-11
01050002925,010-5000-2925,"one digit, last group",-2.1937613896184764e-10,66,3.718449799556362e-10
01050002925,010-5000-2925,"one digit, last group",-2.1937613896184764e-10,67,-2.5952097002205212e-11
01050002925,010-5000-2925,"one digit, last group",-2.1937613896184764e-10,68,1.2537844230801402e-10
01050002925,010-5000-2925,"one digit, last group",-2.1937613896184764e-10,69,1.6500437310171688e-10
01050002925,010-5000-2925,"one digit, last group",-2.1937613896184764e-10,70,1.7323061115386817e-12
01050002925,010-5000-2925,"one digit, last group",-2.1937613896184764e-10,71,-4.66809849492242e-11
01050002925,010-5000-2925,"one digit, last group",-2.1937613896184764e-10,72,3.287683512321518e-11
01050002925,010-5000-2925,"one digit, last group",-2.1937613896184764e-10,73,2.7483468255926014e-11
01050002925,010-5000-2925,"one digit, last group",-2.1937613896184764e-10,74,3.455328703334904e-11
01050002925,010-5000-2925,"one digit, last group",-2.1937613896184764e-10,75,-2.0608434770715736e-10
01050002925,010-5000-2925,"one digit, last group",-2.1937613896184764e-10,76,4.653555733083828e-11
01050002925,010-5000-2925,"one digit, last group",-2.1937613896184764e-10,77,-7.038845962814658e-11
01050002925,010-5000-2925,"one digit, last group",-2.1937613896184764e-10,78,3.4730028620065634e-11
01050002925,010-5000-2925,"one digit, last group",-2.1937613896184764e-10,79,-1.4175028535651676e-10
01050002925,010-5000-2925,"one digit, last group",-2.1937613896184764e-10,80,-1.1589543549180208e-10
01050002925,010-5000-2925,"one digit, last group",-2.1937613896184764e-10,81,1.7341240549423192e-10
01050002925,010-5000-2925,"one digit, last group",-2.1937613896184764e-10,82,-5.409237222684947e-10
01050002925,010-5000-2925,"one digit, last group",-2.1937613896184764e-10,83,-7.675729649216881e-11
01050002925,010-5000-2925,"one digit, last group",-2.1937613896184764e-10,84,4.0930022003498374e-11
01050002925,010-5000-2925,"one digit, last group",-2.1937613896184764e-10,85,4.3168092419351595e-12
01050002925,010-5000-2925,"one digit, last group",-2.1937613896184764e-10,86,3.588113529336966e-10
01050002925,010-5000-2925,"one digit, last group",-2.1937613896184764e-10,87,-1.1080269823949176e-11
01050002925,010-5000-2925,"one digit, last group",-2.1937613896184764e-10,88,3.5989064189871296e-11
01050002925,010-5000-2925,"one digit, last group",-2.1937613896184764e-10,89,2.1614760203958806e-10
01050002925,010-5000-2925,"one digit, last group",-2.1937613896184764e-10,90,-1.8800609998125604e-10
01050002925,010-5000-2925,"one digit, last group",-2.1937613896184764e-10,91,1.6595404959004973e-10
01050002925,010-5000-2925,"one digit, last group",-2.1937613896184764e-10,92,2.3979550953674483e-11
01050002925,010-5000-2925,"one digit, last group",-2.1937613896184764e-10,93,-7.6996320627322e-11
01050002925,010-5000-2925,"one digit, last group",-2.1937613896184764e-10,94,-5.635041987113945e-12
01050002925,010-5000-2925,"one digit, last group",-2.1937613896184764e-10,95,4.4596355132968226e-11
01050002925,010-5000-2925,"one digit, last group",-2.1937613896184764e-10,96,-1.864950430356367e-10
01050002925,010-5000-2925,"one digit, last group",-2.1937613896184764e-10,97,4.0820187597109373e-10
01050002925,010-5000-2925,"one digit, last group",-2.1937613896184764e-10,98,-1.7047950791435854e-10
01050002925,010-5000-2925,"one digit, last group",-2.1937613896184764e-10,99,5.723639419231109e-11
01050002925,010-5000-2925,"one digit, last group",-2.1937613896184764e-10,100,1.5249275581189264e-10
01050002925,010-5000-2925,"one digit, last group",-2.1937613896184764e-10,101,-2.3733879480623195e-10
01050002925,010-5000-2925,"one digit, last group",-2.1937613896184764e-10,102,2.60176128612852e-10
01050002925,010-5000-2925,"one digit, last group",-2.1937613896184764e-10,103,-3.8519179286940647e-10
01050002925,010-5000-2925,"one digit, last group",-2.1937613896184764e-10,104,-3.449931627000101e-10
01050002925,010-5000-2925,"one digit, last group",-2.1937613896184764e-10,105,1.07365572451776e-10
01050002925,010-5000-2925,"one digit, last group",-2.1937613896184764e-10,106,5.5758344437020285e-11
01050002925,010-5000-2925,"one digit, last group",-2.1937613896184764e-10,107,7.355736630556846e-11
01050002925,010-5000-2925,"one digit, last group",-2.1937613896184764e-10,108,9.697690214667161e-11
01050002925,010-5000-2925,"one digit, last group",-2.1937613896184764e-10,109,3.601563341621028e-10
01050002925,010-5000-2925,"one digit, last group",-2.1937613896184764e-10,110,-8.799870058303792e-11
01050002925,010-5000-2925,"one digit, last group",-2.1937613896184764e-10,111,2.3104754170439937e-10
01050002925,010-5000-2925,"one digit, last group",-2.1937613896184764e-10,112,7.624819205125173e-11
01050002925,010-5000-2925,"one digit, last group",-2.1937613896184764e-10,113,1.3513925417825002e-11
01050002925,010-5000-2925,"one digit, last group",-2.1937613896184764e-10,114,2.460415314373683e-10
01050002925,010-5000-2925,"one digit, last group",-2.1937613896184764e-10,115,3.1088808418909365e-11
01050002925,010-5000-2925,"one digit, last group",-2.1937613896184764e-10,116,-2.670985210376616e-11
01050002925,010-5000-2925,"one digit, last group",-2.1937613896184764e-10,117,1.7456520490584758e-10
01050002925,010-5000-2925,"one digit, last group",-2.1937613896184764e-10,118,2.5555755595606363e-10
01050002925,010-5000-2925,"one digit, last group",-2.1937613896184764e-10,119,-2.5437921395850007e-10
01050002925,010-5000-2925,"one digit, last group",-2.1937613896184764e-10,120,-1.6728707984597574e-11
01050002925,010-5000-2925,"one digit, last group",-2.1937613896184764e-10,121,-1.2130375270038642e-10
01050002925,010-5000-2925,"one digit, last group",-2.1937613896184764e-10,122,1.2335578952174722e-10
01050002925,010-5000-2925,"one digit, last group",-2.1937613896184764e-10,123,-1.5506131543705793e-10
01050002925,010-5000-2925,"one digit, last group",-2.1937613896184764e-10,124,2.8802761973832043e-11
01050002925,010-5000-2925,"one digit, last group",-2.1937613896184764e-10,125,2.0078154111789922e-11
01050002925,010-5000-2925,"one digit, last group",-2.1937613896184764e-10,126,1.0833202333045254e-10
01050002925,010-5000-2925,"one digit, last group",-2.1937613896184764e-10,127,1.3711877235624738e-13
01050002925,010-5000-2925,"one digit, last group",-2.1937613896184764e-10,128,-9.81109520276504e-11
01050002925,010-5000-2925,"one digit, last group",-2.1937613896184764e-10,129,3.510175323009627e-11
01050002925,010-5000-2925,"one digit, last group",-2.1937613896184764e-10,130,-2.1798060782357152e-12
01050002925,010-5000-2925,"one digit, last group",-2.1937613896184764e-10,131,-5.647608213432098e-11
01050002925,010-5000-2925,"one digit, last group",-2.1937613896184764e-10,132,5.464721917708213e-12
01050002925,010-5000-2925,"one digit, last group",-2.1937613896184764e-10,133,-1.3389647137846388e-10
01050002925,010-5000-2925,"one digit, last group",-2.1937613896184764e-10,134,-4.078841048556922e-11
01050002925,010-5000-2925,"one digit, last group",-2.1937613896184764e-10,135,8.920256391222315e-11
01050002925,010-5000-2925,"one digit, last group",-2.1937613896184764e-10,136,-7.884481135449077e-12
01050002925,010-5000-2925,"one digit, last group",-2.1937613896184764e-10,137,-5.7480131631327556e-11
01050002925,010-5000-2925,"one digit, last group",-2.1937613896184764e-10,138,3.2677436814350833e-10
01050002925,010-5000-2925,"one digit, last group",-2.1937613896184764e-10,139,8.327513503694707e-12
01050002925,010-5000-2925,"one digit, last group",-2.1937613896184764e-10,140,8.606756321702566e-12
01050002925,010-5000-2925,"one digit, last group",-2.1937613896184764e-10,141,-4.940217995943993e-11
01050002925,010-5000-2925,"one digit, last group",-2.1937613896184764e-10,142,3.090926296113124e-10
01050002925,010-5000-2925,"one digit, last group",-2.1937613896184764e-10,143,4.2320033004975505e-09
01050002925,010-5000-2925,"one digit, last group",-2.1937613896184764e-10,144,2.876948532774175e-09
01050002925,010-5000-2925,"one digit, last group",-2.1937613896184764e-10,145,-2.745842282063353e-09
01050002925,010-5000-2925,"one digit, last group",-2.1937613896184764e-10,146,-7.771822573959846e-10
01050002925,010-5000-2925,"one digit, last group",-2.1937613896184764e-10,147,-9.628125020451328e-10
01050002925,010-5000-2925,"one digit, last group",-2.1937613896184764e-10,148,-4.65171984620489e-09
01050002925,010-5000-2925,"one digit, last group",-2.1937613896184764e-10,149,-1.218322581833373e-08
01050002925,010-5000-2925,"one digit, last group",-2.1937613896184764e-10,150,1.1504318640764362e-10
01050002925,010-5000-2925,"one digit, last group",-2.1937613896184764e-10,151,-1.3141928099841467e-10
01050002925,010-5000-2925,"one digit, last group",-2.1937613896184764e-10,152,6.292717877062084e-11
01050002925,010-5000-2925,"one digit, last group",-2.1937613896184764e-10,153,5.5215407658928795e-11
01050002925,010-5000-2925,"one digit, last group",-2.1937613896184764e-10,154,-2.818180132999173e-11
01050002925,010-5000-2925,"one digit, last group",-2.1937613896184764e-10,155,-7.524563270466286e-11
01050002925,010-5000-2925,"one digit, last group",-2.1937613896184764e-10,156,-1.3158616348809854e-09
01050002925,010-5000-2925,"one digit, last group",-2.1937613896184764e-10,157,-2.280547472007217e-11
01050002925,010-5000-2925,"one digit, last group",-2.1937613896184764e-10,158,-1.5872892080401865e-10
01050002925,010-5000-2925,"one digit, last group",-2.1937613896184764e-10,159,7.24712037857817e-11
01050002925,010-5000-2925,"one digit, last group",-2.1937613896184764e-10,160,-1.3839232001616407e-08
01050002925,010-5000-2925,"one digit, last group",-2.1937613896184764e-10,161,8.07016590985993e-12
01050002925,010-5000-2925,"one digit, last group",-2.1937613896184764e-10,162,-1.5828587348919572e-11
01050002925,010-5000-2925,"one digit, last group",-2.1937613896184764e-10,163,-3.941248842781299e-09
01050002925,010-5000-2925,"one digit, last group",-2.1937613896184764e-10,164,-2.769496350050597e-10
01050002925,010-5000-2925,"one digit, last group",-2.1937613896184764e-10,165,1.3252620257522036e-10
01050002925,010-5000-2925,"one digit, last group",-2.1937613896184764e-10,166,-2.674455946520861e-11
01050002925,010-5000-2925,"one digit, last group",-2.1937613896184764e-10,167,-3.205960526258467e-10
01050002925,010-5000-2925,"one digit, last group",-2.1937613896184764e-10,168,2.2762844534744615e-10
01050002925,010-5000-2925,"one digit, last group",-2.1937613896184764e-10,169,-1.1364633913596112e-10
01050002925,010-5000-2925,"one digit, last group",-2.1937613896184764e-10,170,3.789047764379703e-11
01050002925,010-5000-2925,"one digit, last group",-2.1937613896184764e-10,171,-1.4016326345771534e-10
01050002925,010-5000-2925,"one digit, last group",-2.1937613896184764e-10,172,2.061658297000477e-11
01050002925,010-5000-2925,"one digit, last group",-2.1937613896184764e-10,173,-1.0115528045401667e-10
01050002925,010-5000-2925,"one digit, last group",-2.1937613896184764e-10,174,-2.6601690857294294e-11
01050002925,010-5000-2925,"one digit, last group",-2.1937613896184764e-10,175,6.242876828009782e-10
01050002925,010-5000-2925,"one digit, last group",-2.1937613896184764e-10,176,8.853042672556043e-12
01050002925,010-5000-2925,"one digit, last group",-2.1937613896184764e-10,177,2.903080181184971e-10
01050002925,010-5000-2925,"one digit, last group",-2.1937613896184764e-10,178,-1.7892339336366182e-10
01050002925,010-5000-2925,"one digit, last group",-2.1937613896184764e-10,179,6.42335234446668e-11
01050002925,010-5000-2925,"one digit, last group",-2.1937613896184764e-10,180,6.964851294367427e-11
01050002925,010-5000-2925,"one digit, last group",-2.1937613896184764e-10,181,9.44521908393205e-11
01050002925,010-5000-2925,"one digit, last group",-2.1937613896184764e-10,182,1.1050698653217425e-10
01050002925,010-5000-2925,"one digit, last group",-2.1937613896184764e-10,183,-1.466201491188637e-10
01050002925,010-5000-2925,"one digit, last group",-2.1937613896184764e-10,184,-7.630961703867211e-12
01050002925,010-5000-2925,"one digit, last group",-2.1937613896184764e-10,185,-4.902796257448834e-11
01050002925,010-5000-2925,"one digit, last group",-2.1937613896184764e-10,186,-4.426419567577688e-11
01050002925,010-5000-2925,"one digit, last group",-2.1937613896184764e-10,187,-1.1685402599539692e-10
01050002925,010-5000-2925,"one digit, last group",-2.1937613896184764e-10,188,-1.3294726950501352e-10
01050002925,010-5000-2925,"one digit, last group",-2.1937613896184764e-10,189,-2.322747317768301e-12
01050002925,010-5000-2925,"one digit, last group",-2.1937613896184764e-10,190,-1.2040208894765844e-10
01050002925,010-5000-2925,"one digit, last group",-2.1937613896184764e-10,191,-1.820511846650094e-11
01050002925,010-5000-2925,"one digit, last group",-2.1937613896184764e-10,192,-7.469924101171663e-11
01050002925,010-5000-2925,"one digit, last group",-2.1937613896184764e-10,193,2.5365913115777475e-10
01050002925,010-5000-2925,"one digit, last group",-2.1937613896184764e-10,194,6.709536111340319e-11
01050002925,010-5000-2925,"one digit, last group",-2.1937613896184764e-10,195,5.538452566501598e-11
01050002925,010-5000-2925,"one digit, last group",-2.1937613896184764e-10,196,1.3544421911502865e-10
01050002925,010-5000-2925,"one digit, last group",-2.1937613896184764e-10,197,1.9138614830251357e-10
01050002925,010-5000-2925,"one digit, last group",-2.1937613896184764e-10,198,2.0602848995607852e-10
01050002925,010-5000-2925,"one digit, last group",-2.1937613896184764e-10,199,7.794908661990058e-11
01050002925,010-5000-2925,"one digit, last group",-2.1937613896184764e-10,200,-5.909909088909332e-11
01050002925,010-5000-2925,"one digit, last group",-2.1937613896184764e-10,201,-1.3075568084191872e-11
01050002925,010-5000-2925,"one digit, last group",-2.1937613896184764e-10,202,1.2464087060374762e-10
01050002925,010-5000-2925,"one digit, last group",-2.1937613896184764e-10,203,-1.9909701232781602e-11
01051009080,010-5100-9080,original,0.99999999990289,0,1.6123316671398234e-10
01051009080,010-5100-9080,original,0.99999999990289,1,2.346689471780489e-10
01051009080,010-5100-9080,original,0.99999999990289,2,2.869835023679695e-10
01051009080,010-5100-9080,original,0.99999999990289,3,-1.0949280588361149e-10
01051009080,010-5100-9080,original,0.99999999990289,4,-1.3079851762127395e-10
01051009080,010-5100-9080,original,0.99999999990289,5,1.810250871963117e-10
01051009080,010-5100-9080,original,0.99999999990289,6,-1.682525213559794e-11
01051009080,010-5100-9080,original,0.99999999990289,7,4.1486794820715644e-10
01051009080,010-5100-9080,original,0.99999999990289,8,-1.935473455821038e-10
01051009080,010-5100-9080,original,0.99999999990289,9,-8.51405412333794e-11
01051009080,010-5100-9080,original,0.99999999990289,10,4.4229409846865495e-11
01051009080,010-5100-9080,original,0.99999999990289,11,-1.774996473726431e-10
01051009080,010-5100-9080,original,0.99999999990289,12,-3.535613876680049e-11
01051009080,010-5100-9080,original,0.99999999990289,13,-2.9829429316278524e-10
01051009080,010-5100-9080,original,0.99999999990289,14,-6.125227863142968e-11
01051009080,010-5100-9080,original,0.99999999990289,15,3.1169187643818675e-12
01051009080,010-5100-9080,original,0.99999999990289,16,-1.513333584191874e-10
01051009080,010-5100-9080,original,0.99999999990289,17,3.5787593166424663e-10
01051009080,010-5100-9080,original,0.99999999990289,18,-1.184424819807224e-10
01051009080,010-5100-9080,original,0.99999999990289,19,2.2411667340463226e-11
01051009080,010-5100-9080,original,0.99999999990289,20,-1.7264570722622772e-10
01051009080,010-5100-9080,original,0.99999999990289,21,3.076746684707193e-10
01051009080,010-5100-9080,original,0.99999999990289,22,-2.4295507365197683e-10
01051009080,010-5100-9080,original,0.99999999990289,23,-9.42539523458692e-11
01051009080,010-5100-9080,original,0.99999999990289,24,-7.32722620055996e-11
01051009080,010-5100-9080,original,0.99999999990289,25,9.202630366725921e-11
01051009080,010-5100-9080,original,0.99999999990289,26,-5.7883016222219326e-11
01051009080,010-5100-9080,original,0.99999999990289,27,-8.833786827046773e-11
01051009080,010-5100-9080,original,0.99999999990289,28,1.4955364478236435e-10
01051009080,010-5100-9080,original,0.99999999990289,29,1.1336348629499815e-11
01051009080,010-5100-9080,original,0.99999999990289,30,1.9956436993610687e-10
01051009080,010-5100-9080,original,0.99999999990289,31,-1.400141171392013e-10
01051009080,010-5100-9080,original,0.99999999990289,32,-6.574573526384488e-10
01051009080,010-5100-9080,original,0.99999999990289,33,-2.893098479738113e-10
01051009080,010-5100-9080,original,0.99999999990289,34,-4.619023362340071e-10
01051009080,010-5100-9080,original,0.99999999990289,35,-4.568425865761024e-11
01051009080,010-5100-9080,original,0.99999999990289,36,-7.396765246394319e-11
01051009080,010-5100-9080,original,0.99999999990289,37,1.0463283432147234e-11
01051009080,010-5100-9080,original,0.99999999990289,38,3.105484547071299e-10
01051009080,010-5100-9080,original,0.99999999990289,39,2.869057937300521e-11
01051009080,010-5100-9080,original,0.99999999990289,40,-6.28273154483147e-12
01051009080,010-5100-9080,original,0.99999999990289,41,1.8149650129889717e-10
01051009080,010-5100-9080,original,0.99999999990289,42,-1.0860888729499431e-11
01051009080,010-5100-9080,original,0.99999999990289,43,6.487380305611605e-11
01051009080,010-5100-9080,original,0.99999999990289,44,2.0767173273235385e-11
01051009080,010-5100-9080,original,0.99999999990289,45,2.5242319274505e-10
01051009080,010-5100-9080,original,0.99999999990289,46,4.394012542125527e-11
01051009080,010-5100-9080,original,0.99999999990289,47,2.124154348148227e-10
01051009080,010-5100-9080,original,0.99999999990289,48,7.29512866384006e-11
01051009080,010-5100-9080,original,0.99999999990289,49,-6.424988549739183e-11
01051009080,010-5100-9080,original,0.99999999990289,50,-4.9616458784539416e-11
01051009080,010-5100-9080,original,0.99999999990289,51,-1.0780119727586487e-10
01051009080,010-5100-9080,original,0.99999999990289,52,1.9326084307861965e-10
01051009080,010-5100-9080,original,0.99999999990289,53,1.2217164707025593e-11
01051009080,010-5100-9080,original,0.99999999990289,54,1.6115738328301632e-10
01051009080,010-5100-9080,original,0.99999999990289,55,2.3012568062548024e-11
01051009080,010-5100-9080,original,0.99999999990289,56,2.65765354960584e-11
01051009080,010-5100-9080,original,0.99999999990289,57,9.478829758488236e-11
01051009080,010-5100-9080,original,0.99999999990289,58,4.000397508068847e-12
01051009080,010-5100-9080,original,0.99999999990289,59,9.976431012644618e-11
01051009080,010-5100-9080,original,0.99999999990289,60,-2.245001181305295e-10
01051009080,010-5100-9080,original,0.99999999990289,61,1.8087944486239717e-10
01051009080,010-5100-9080,original,0.99999999990289,62,-1.1690023217799364e-10
01051009080,010-5100-9080,original,0.99999999990289,63,-4.29822890153177e-11
01051009080,010-5100-9080,original,0.99999999990289,64,1.6511213741330105e-10
01051009080,010-5100-9080,original,0.99999999990289,65,-3.99986488677497e-11
01051009080,010-5100-9080,original,0.99999999990289,66,-8.756266797215607e-11
01051009080,010-5100-9080,original,0.99999999990289,67,8.405234592964302e-11
01051009080,010-5100-9080,original,0.99999999990289,68,1.5139835491449535e-11
01051009080,010-5100-9080,original,0.99999999990289,69,3.3570792929261753e-10
01051009080,010-5100-9080,original,0.99999999990289,70,2.1127397450252404e-11
01051009080,010-5100-9080,original,0.99999999990289,71,-1.2939837779473068e-10
01051009080,010-5100-9080,original,0.99999999990289,72,-4.822891561430356e-12
01051009080,010-5100-9080,original,0.99999999990289,73,-2.0304512964478593e-10
01051009080,010-5100-9080,original,0.99999999990289,74,-3.7079338310167726e-10
01051009080,010-5100-9080,original,0.99999999990289,75,-3.850395287784703e-11
01051009080,010-5100-9080,original,0.99999999990289,76,2.104979403392742e-11
01051009080,010-5100-9080,original,0.99999999990289,77,1.2048571327267465e-11
01051009080,010-5100-9080,original,0.99999999990289,78,-1.3218206256690644e-10
01051009080,010-5100-9080,original,0.99999999990289,79,-5.1477375054661196e-11
01051009080,010-5100-9080,original,0.99999999990289,80,1.3573786346749162e-10
01051009080,010-5100-9080,original,0.99999999990289,81,-4.973309438263347e-11
01051009080,010-5100-9080,original,0.99999999990289,82,-9.101333561933825e-11
01051009080,010-5100-9080,original,0.99999999990289,83,2.2260733126485434e-11
01051009080,010-5100-9080,original,0.99999999990289,84,5.5173672908640864e-11
01051009080,010-5100-9080,original,0.99999999990289,85,-2.1617334576053727e-11
01051009080,010-5100-9080,original,0.99999999990289,86,1.3148649133168014e-10
01051009080,010-5100-9080,original,0.99999999990289,87,-1.8168356966721745e-10
01051009080,010-5100-9080,original,0.99999999990289,88,-1.7842044130081426e-10
01051009080,010-5100-9080,original,0.99999999990289,89,-2.178450552068962e-10
01051009080,010-5100-9080,original,0.99999999990289,90,-2.6382998527041883e-10
01051009080,010-5100-9080,original,0.99999999990289,91,-1.26086929042897e-10
01051009080,010-5100-9080,original,0.99999999990289,92,1.6643583999849275e-10
01051009080,010-5100-9080,original,0.99999999990289,93,2.8180553641486436e-10
01051009080,010-5100-9080,original,0.99999999990289,94,-1.1921566080678092e-10
01051009080,010-5100-9080,original,0.99999999990289,95,9.964262276949785e-11
01051009080,010-5100-9080,original,0.99999999990289,96,3.655138196001154e-10
01051009080,010-5100-9080,original,0.99999999990289,97,-4.397122787333696e-10
01051009080,010-5100-9080,original,0.99999999990289,98,9.642766360406785e-11
01051009080,010-5100-9080,original,0.99999999990289,99,3.9151198453052336e-11
01051009080,010-5100-9080,original,0.99999999990289,100,-8.924450254323361e-11
01051009080,010-5100-9080,original,0.99999999990289,101,-1.3671658973366193e-10
01051009080,010-5100-9080,original,0.99999999990289,102,1.794170192959701e-11
01051009080,010-5100-9080,original,0.99999999990289,103,1.553608897745596e-10
01051009080,010-5100-9080,original,0.99999999990289,104,-2.9103969571946293e-10
01051009080,010-5100-9080,original,0.99999999990289,105,-4.647043830929425e-11
01051009080,010-5100-9080,original,0.99999999990289,106,-8.40994517603947e-12
01051009080,010-5100-9080,original,0.99999999990289,107,-1.175485369700847e-10
01051009080,010-5100-9080,original,0.99999999990289,108,2.8519535277503035e-11
01051009080,010-5100-9080,original,0.99999999990289,109,-4.3702953641779026e-11
01051009080,010-5100-9080,original,0.99999999990289,110,-1.1052089904688351e-11
01051009080,010-5100-9080,original,0.99999999990289,111,1.5735428365713834e-10
01051009080,010-5100-9080,original,0.99999999990289,112,1.70230378397363e-10
01051009080,010-5100-9080,original,0.99999999990289,113,5.951028680570828e-12
01051009080,010-5100-9080,original,0.99999999990289,114,-2.513792396315471e-10
01051009080,010-5100-9080,original,0.99999999990289,115,5.664290860630257e-11
01051009080,010-5100-9080,original,0.99999999990289,116,-2.0760304479661205e-11
01051009080,010-5100-9080,original,0.99999999990289,117,-7.178015729575961e-11
01051009080,010-5100-9080,original,0.99999999990289,118,-3.652035974380721e-10
01051009080,010-5100-9080,original,0.99999999990289,119,-2.137168520943126e-10
01051009080,010-5100-9080,original,0.99999999990289,120,6.428647300503818e-11
01051009080,010-5100-9080,original,0.99999999990289,121,2.1856128874001644e-10
01051009080,010-5100-9080,original,0.99999999990289,122,6.199821758437138e-11
01051009080,010-5100-9080,original,0.99999999990289,123,1.9138045698488202e-11
01051009080,010-5100-9080,original,0.99999999990289,124,-1.5400205294137502e-10
01051009080,010-5100-9080,original,0.99999999990289,125,-1.4962156767818902e-10
01051009080,010-5100-9080,original,0.99999999990289,126,-3.871092706233216e-12
01051009080,010-5100-9080,original,0.99999999990289,127,-1.0676994194826793e-10
01051009080,010-5100-9080,original,0.99999999990289,128,4.718586778859201e-10
01051009080,010-5100-9080,original,0.99999999990289,129,1.046986720043775e-10
01051009080,010-5100-9080,original,0.99999999990289,130,7.207105195416334e-11
01051009080,010-5100-9080,original,0.99999999990289,131,-6.381118196462493e-11
01051009080,010-5100-9080,original,0.99999999990289,132,4.227798468121313e-11
01051009080,010-5100-9080,original,0.99999999990289,133,-5.214425159037211e-11
01051009080,010-5100-9080,original,0.99999999990289,134,1.0151418887812108e-10
01051009080,010-5100-9080,original,0.99999999990289,135,1.9906336797794262e-12
01051009080,010-5100-9080,original,0.99999999990289,136,1.2279898755465786e-11
01051009080,010-5100-9080,original,0.99999999990289,137,1.5779225414352102e-11
01051009080,010-5100-9080,original,0.99999999990289,138,-6.167526154463486e-11
01051009080,010-5100-9080,original,0.99999999990289,139,1.3727983361951686e-10
01051009080,010-5100-9080,original,0.99999999990289,140,-1.6641385068142326e-10
01051009080,010-5100-9080,original,0.99999999990289,141,-3.1596209643944863e-10
01051009080,010-5100-9080,original,0.99999999990289,142,1.0634871364816925e-10
01051009080,010-5100-9080,original,0.99999999990289,143,2.108321601553794e-10
01051009080,010-5100-9080,original,0.99999999990289,144,-2.6449162653823503e-11
01051009080,010-5100-9080,original,0.99999999990289,145,2.6859939933318647e-11
01051009080,010-5100-9080,original,0.99999999990289,146,3.4914293086806057e-10
01051009080,010-5100-9080,original,0.99999999990289,147,2.2209701515213514e-10
01051009080,010-5100-9080,original,0.99999999990289,148,9.78344167467613e-11
01051009080,010-5100-9080,original,0.99999999990289,149,-3.2264163720179926e-10
01051009080,010-5100-9080,original,0.99999999990289,150,-8.248161183101258e-11
01051009080,010-5100-9080,original,0.99999999990289,151,-8.404151925399215e-11
01051009080,010-5100-9080,original,0.99999999990289,152,5.641653511457144e-13
01051009080,010-5100-9080,original,0.99999999990289,153,-4.267399134916615e-11
01051009080,010-5100-9080,original,0.99999999990289,154,-9.56093510270032e-11
01051009080,010-5100-9080,original,0.99999999990289,155,-2.2821021467746794e-10
01051009080,010-5100-9080,original,0.99999999990289,156,9.463453869749623e-11
01051009080,010-5100-9080,original,0.99999999990289,157,8.417549615079691e-11
01051009080,010-5100-9080,original,0.99999999990289,158,-2.5476895171592605e-11
01051009080,010-5100-9080,original,0.99999999990289,159,-4.285762749208685e-11
01051009080,010-5100-9080,original,0.99999999990289,160,-1.4380392296423261e-10
01051009080,010-5100-9080,original,0.99999999990289,161,-4.377189273291303e-11
01051009080,010-5100-9080,original,0.99999999990289,162,-4.2427680499258166e-11
01051009080,010-5100-9080,original,0.99999999990289,163,5.527519308393161e-12
01051009080,010-5100-9080,original,0.99999999990289,164,-6.791365418487826e-12
01051009080,010-5100-9080,original,0.99999999990289,165,1.231302390856415e-10
01051009080,010-5100-9080,original,0.99999999990289,166,1.9940127364234223e-11
01051009080,010-5100-9080,original,0.99999999990289,167,1.1571481327359882e-10
01051009080,010-5100-9080,original,0.99999999990289,168,3.128014292446623e-11
01051009080,010-5100-9080,original,0.99999999990289,169,-8.547022489164409e-11
01051009080,010-5100-9080,original,0.99999999990289,170,-2.116383447951258e-11
01051009080,010-5100-9080,original,0.99999999990289,171,2.966986105352469e-11
01051009080,010-5100-9080,original,0.99999999990289,172,-5.045587908274134e-11
01051009080,010-5100-9080,original,0.99999999990289,173,1.2739711593489025e-10
01051009080,010-5100-9080,original,0.99999999990289,174,5.457742684480275e-12
01051009080,010-5100-9080,original,0.99999999990289,175,1.8956620097306278e-10
01051009080,010-5100-9080,original,0.99999999990289,176,-4.524982912473782e-11
01051009080,010-5100-9080,original,0.99999999990289,177,2.7544243983695913e-10
01051009080,010-5100-9080,original,0.99999999990289,178,-3.574756996190346e-11
01051009080,010-5100-9080,original,0.99999999990289,179,2.0755748974609463e-10
01051009080,010-5100-9080,original,0.99999999990289,180,-4.7021204078504035e-11
01051009080,010-5100-9080,original,0.99999999990289,181,0.9999996803871023
01051009080,010-5100-9080,original,0.99999999990289,182,0.9999996813282339
01051009080,010-5100-9080,original,0.99999999990289,183,0.999999688932744
01051009080,010-5100-9080,original,0.99999999990289,184,1.226665178414981e-11
01051009080,010-5100-9080,original,0.99999999990289,185,-4.0862991743059074e-12
01051009080,010-5100-9080,original,0.99999999990289,186,5.737349300667827e-11
01051009080,010-5100-9080,original,0.99999999990289,187,1.3199829941143384e-10
01051009080,010-5100-9080,original,0.99999999990289,188,1.0654898461118767e-10
01051009080,010-5100-9080,original,0.99999999990289,189,8.33779120558921e-11
01051009080,010-5100-9080,original,0.99999999990289,190,-1.9189731270646775e-10
01051009080,010-5100-9080,original,0.99999999990289,191,2.7427329016245367e-12
01051009080,010-5100-9080,original,0.99999999990289,192,-7.416284447533723e-11
01051009080,010-5100-9080,original,0.99999999990289,193,-2.1842156993017926e-10
01051009080,010-5100-9080,original,0.99999999990289,194,-2.8192711077194966e-11
01051009080,010-5100-9080,original,0.99999999990289,195,4.392683823060248e-10
01051009080,010-5100-9080,original,0.99999999990289,196,1.2893082644818231e-10
01051009080,010-5100-9080,original,0.99999999990289,197,-1.8401853414315665e-11
01051009080,010-5100-9080,original,0.99999999990289,198,-1.7348690518267457e-11
01051009080,010-5100-9080,original,0.99999999990289,199,-1.122036489663069e-10
01051009080,010-5100-9080,original,0.99999999990289,200,2.8993261707241398e-11
01051009080,010-5100-9080,original,0.99999999990289,201,1.8788629419840448e-11
01051009080,010-5100-9080,original,0.99999999990289,202,6.522859406395971e-10
01051009080,010-5100-9080,original,0.99999999990289,203,-1.0339466830006457e-12
01051009081,010-5100-9081,"one digit, last group",1.8503013654768578e-10,0,-1.5505168131721212e-11
01051009081,010-5100-9081,"one digit, last group",1.8503013654768578e-10,1,2.3276658780724751e-10
01051009081,010-5100-9081,"one digit, last group",1.8503013654768578e-10,2,7.88060182350676e-11
01051009081,010-5100-9081,"one digit, last group",1.8503013654768578e-10,3,-1.019104700217774e-10
01051009081,010-5100-9081,"one digit, last group",1.8503013654768578e-10,4,-2.0538726041110956e-11
01051009081,010-5100-9081,"one digit, last group",1.8503013654768578e-10,5,-4.762647084749686e-11
01051009081,010-5100-9081,"one digit, last group",1.8503013654768578e-10,6,4.163012701681691e-11
01051009081,010-5100-9081,"one digit, last group",1.8503013654768578e-10,7,8.898453650721891e-11
01051009081,010-5100-9081,"one digit, last group",1.8503013654768578e-10,8,1.156504497483416e-10
01051009081,010-5100-9081,"one digit, last group",1.8503013654768578e-10,9,9.458597470655542e-11
01051009081,010-5100-9081,"one digit, last group",1.8503013654768578e-10,10,1.1516369817317938e-11
01051009081,010-5100-9081,"one digit, last group",1.8503013654768578e-10,11,5.3511219336971316e-11
01051009081,010-5100-9081,"one digit, last group",1.8503013654768578e-10,12,-4.931827421471009e-10
01051009081,010-5100-9081,"one digit, last group",1.8503013654768578e-10,13,-1.4379860835092037e-10
01051009081,010-5100-9081,"one digit, last group",1.8503013654768578e-10,14,3.827654584754187e-11
01051009081,010-5100-9081,"one digit, last group",1.8503013654768578e-10,15,-2.293865975428964e-11
01051009081,010-5100-9081,"one digit, last group",1.8503013654768578e-10,16,2.714885426846375e-10
01051009081,010-5100-9081,"one digit, last group",1.8503013654768578e-10,17,2.2205583221612818e-10
01051009081,010-5100-9081,"one digit, last group",1.8503013654768578e-10,18,2.368041479235001e-10
01051009081,010-5100-9081,"one digit, last group",1.8503013654768578e-10,19,6.5261206113834645e-12
01051009081,010-5100-9081,"one digit, last group",1.8503013654768578e-10,20,-9.10431725215196e-11
01051009081,010-5100-9081,"one digit, last group",1.8503013654768578e-10,21,3.8762073132701657e-11
01051009081,010-5100-9081,"one digit, last group",1.8503013654768578e-10,22,1.0024383633038529e-10
01051009081,010-5100-9081,"one digit, last group",1.8503013654768578e-10,23,4.0837389044025825e-11
01051009081,010-5100-9081,"one digit, last group",1.8503013654768578e-10,24,2.7210105966880773e-11
01051009081,010-5100-9081,"one digit, last group",1.8503013654768578e-10,25,-6.935230769165672e-11
01051009081,010-5100-9081,"one digit, last group",1.8503013654768578e-10,26,-1.1450348560011267e-10
01051009081,010-5100-9081,"one digit, last group",1.8503013654768578e-10,27,-6.131020149593531e-11
01051009081,010-5100-9081,"one digit, last group",1.8503013654768578e-10,28,-9.304584292426842e-11
01051009081,010-5100-9081,"one digit, last group",1.8503013654768578e-10,29,3.7906189782088237e-11
01051009081,010-5100-9081,"one digit, last group",1.8503013654768578e-10,30,-1.5213338083391144e-10
01051009081,010-5100-9081,"one digit, last group",1.8503013654768578e-10,31,-6.769941586611524e-12
01051009081,010-5100-9081,"one digit, last group",1.8503013654768578e-10,32,3.4458240665640237e-10
01051009081,010-5100-9081,"one digit, last group",1.8503013654768578e-10,33,5.2587661649734225e-11
01051009081,010-5100-9081,"one digit, last group",1.8503013654768578e-10,34,2.1013937849510392e-10
01051009081,010-5100-9081,"one digit, last group",1.8503013654768578e-10,35,3.869340268553442e-11
01051009081,010-5100-9081,"one digit, last group",1.8503013654768578e-10,36,9.940364546827943e-11
01051009081,010-5100-9081,"one digit, last group",1.8503013654768578e-10,37,2.0142884584781538e-10
01051009081,010-5100-9081,"one digit, last group",1.8503013654768578e-10,38,-7.632775797279909e-11
01051009081,010-5100-9081,"one digit, last group",1.8503013654768578e-10,39,9.461576741567e-11
01051009081,010-5100-9081,"one digit, last group",1.8503013654768578e-10,40,-2.0948488313122315e-11
01051009081,010-5100-9081,"one digit, last group",1.8503013654768578e-10,41,5.791956880225642e-11
01051009081,010-5100-9081,"one digit, last group",1.8503013654768578e-10,42,-3.892563711822719e-11
01051009081,010-5100-9081,"one digit, last group",1.8503013654768578e-10,43,3.680604404788877e-11
01051009081,010-5100-9081,"one digit, last group",1.8503013654768578e-10,44,1.6403364459314866e-11
01051009081,010-5100-9081,"one digit, last group",1.8503013654768578e-10,45,-7.855780247476136e-11
01051009081,010-5100-9081,"one digit, last group",1.8503013654768578e-10,46,-1.2319962405678408e-11
01051009081,010-5100-9081,"one digit, last group",1.8503013654768578e-10,47,-3.148455733370388e-10
01051009081,010-5100-9081,"one digit, last group",1.8503013654768578e-10,48,-6.863944163845467e-11
01051009081,010-5100-9081,"one digit, last group",1.8503013654768578e-10,49,5.8133207708861286e-11
01051009081,010-5100-9081,"one digit, last group",1.8503013654768578e-10,50,-5.830805755597827e-11
01051009081,010-5100-9081,"one digit, last group",1.8503013654768578e-10,51,-3.028061554960155e-11
01051009081,010-5100-9081,"one digit, last group",1.8503013654768578e-10,52,-1.0176078765082355e-10
01051009081,010-5100-9081,"one digit, last group",1.8503013654768578e-10,53,4.021098529678879e-11
01051009081,010-5100-9081,"one digit, last group",1.8503013654768578e-10,54,6.212076253562169e-11
01051009081,010-5100-9081,"one digit, last group",1.8503013654768578e-10,55,7.490954741061715e-11
01051009081,010-5100-9081,"one digit, last group",1.8503013654768578e-10,56,5.665159490106014e-11
01051009081,010-5100-9081,"one digit, last group",1.8503013654768578e-10,57,5.1169579873699885e-11
01051009081,010-5100-9081,"one digit, last group",1.8503013654768578e-10,58,-1.1922713441302736e-12
01051009081,010-5100-9081,"one digit, last group",1.8503013654768578e-10,59,-1.0425408074259368e-10
01051009081,010-5100-9081,"one digit, last group",1.8503013654768578e-10,60,1.6063957447819806e-11
01051009081,010-5100-9081,"one digit, last group",1.8503013654768578e-10,61,1.3102917795435549e-11
01051009081,010-5100-9081,"one digit, last group",1.8503013654768578e-10,62,-4.3125033021818223e-10
01051009081,010-5100-9081,"one digit, last group",1.8503013654768578e-10,63,5.115409851142907e-12
01051009081,010-5100-9081,"one digit, last group",1.8503013654768578e-10,64,2.696209784300826e-10
01051009081,010-5100-9081,"one digit, last group",1.8503013654768578e-10,65,-1.396440101486585e-10
01051009081,010-5100-9081,"one digit, last group",1.8503013654768578e-10,66,-2.2769924856264575e-10
01051009081,010-5100-9081,"one digit, last group",1.8503013654768578e-10,67,1.0825150373832356e-10
01051009081,010-5100-9081,"one digit, last group",1.8503013654768578e-10,68,5.8196778281127714e-11
01051009081,010-5100-9081,"one digit, last group",1.8503013654768578e-10,69,3.688865214928981e-10
01051009081,010-5100-9081,"one digit, last group",1.8503013654768578e-10,70,1.2296081756112307e-10
01051009081,010-5100-9081,"one digit, last group",1.8503013654768578e-10,71,-1.2356685651426991e-11
01051009081,010-5100-9081,"one digit, last group",1.8503013654768578e-10,72,-5.409407799941514e-13
01051009081,010-5100-9081,"one digit, last group",1.8503013654768578e-10,73,4.372476584631286e-11
01051009081,010-5100-9081,"one digit, last group",1.8503013654768578e-10,74,2.8478878987176497e-11
01051009081,010-5100-9081,"one digit, last group",1.8503013654768578e-10,75,1.2860261870814283e-11
01051009081,010-5100-9081,"one digit, last group",1.8503013654768578e-10,76,-6.826123372681769e-11
01051009081,010-5100-9081,"one digit, last group",1.8503013654768578e-10,77,3.770832540212867e-11
01051009081,010-5100-9081,"one digit, last group",1.8503013654768578e-10,78,-1.2155234913528089e-11
01051009081,010-5100-9081,"one digit, last group",1.8503013654768578e-10,79,-1.448134507020934e-10
01051009081,010-5100-9081,"one digit, last group",1.8503013654768578e-10,80,2.473158835395923e-11
01051009081,010-5100-9081,"one digit, last group",1.8503013654768578e-10,81,-1.4894560488179385e-10
01051009081,010-5100-9081,"one digit, last group",1.8503013654768578e-10,82,1.4759823594732134e-10
01051009081,010-5100-9081,"one digit, last group",1.8503013654768578e-10,83,3.267323429668191e-11
01051009081,010-5100-9081,"one digit, last group",1.8503013654768578e-10,84,4.84093716691443e-11
01051009081,010-5100-9081,"one digit, last group",1.8503013654768578e-10,85,3.6292460854096795e-11
01051009081,010-5100-9081,"one digit, last group",1.8503013654768578e-10,86,-1.3148942558368178e-10
01051009081,010-5100-9081,"one digit, last group",1.8503013654768578e-10,87,3.157096204702584e-11
01051009081,010-5100-9081,"one digit, last group",1.8503013654768578e-10,88,7.155033503444214e-11
01051009081,010-5100-9081,"one digit, last group",1.8503013654768578e-10,89,-4.913876491263633e-12
01051009081,010-5100-9081,"one digit, last group",1.8503013654768578e-10,90,-8.21361372722599e-12
01051009081,010-5100-9081,"one digit, last group",1.8503013654768578e-10,91,2.555384540583233e-11
01051009081,010-5100-9081,"one digit, last group",1.8503013654768578e-10,92,-7.585881012548693e-11
01051009081,010-5100-9081,"one digit, last group",1.8503013654768578e-10,93,3.429748521803629e-11
01051009081,010-5100-9081,"one digit, last group",1.8503013654768578e-10,94,6.355247419549133e-11
01051009081,010-5100-9081,"one digit, last group",1.8503013654768578e-10,95,-2.662322015813085e-10
01051009081,010-5100-9081,"one digit, last group",1.8503013654768578e-10,96,-2.259719271489265e-10
01051009081,010-5100-9081,"one digit, last group",1.8503013654768578e-10,97,-3.395410453411317e-10
01051009081,010-5100-9081,"one digit, last group",1.8503013654768578e-10,98,-8.252927006954715e-12
01051009081,010-5100-9081,"one digit, last group",1.8503013654768578e-10,99,7.869692378133605e-11
01051009081,010-5100-9081,"one digit, last group",1.8503013654768578e-10,100,-1.1666506108415015e-10
01051009081,010-5100-9081,"one digit, last group",1.8503013654768578e-10,101,3.294190428338084e-11
01051009081,010-5100-9081,"one digit, last group",1.8503013654768578e-10,102,2.2388878088544914e-11
01051009081,010-5100-9081,"one digit, last group",1.8503013654768578e-10,103,-1.889679772596939e-11
01051009081,010-5100-9081,"one digit, last group",1.8503013654768578e-10,104,9.192731785506982e-11
01051009081,010-5100-9081,"one digit, last group",1.8503013654768578e-10,105,1.1606130046077572e-10
01051009081,010-5100-9081,"one digit, last group",1.8503013654768578e-10,106,2.927307122530907e-11
01051009081,010-5100-9081,"one digit, last group",1.8503013654768578e-10,107,2.7969989813711626e-11
01051009081,010-5100-9081,"one digit, last group",1.8503013654768578e-10,108,-1.3134512731253916e-11
01051009081,010-5100-9081,"one digit, last group",1.8503013654768578e-10,109,-1.4288872414056065e-10
01051009081,010-5100-9081,"one digit, last group",1.8503013654768578e-10,110,3.0992978335871597e-11
01051009081,010-5100-9081,"one digit, last group",1.8503013654768578e-10,111,2.116900912591405e-10
01051009081,010-5100-9081,"one digit, last group",1.8503013654768578e-10,112,-3.8651807782200414e-10
01051009081,010-5100-9081,"one digit, last group",1.8503013654768578e-10,113,4.831120263756064e-12
01051009081,010-5100-9081,"one digit, last group",1.8503013654768578e-10,114,-6.841664008150923e-11
01051009081,010-5100-9081,"one digit, last group",1.8503013654768578e-10,115,3.7690834670237384e-11
01051009081,010-5100-9081,"one digit, last group",1.8503013654768578e-10,116,1.1519168020497652e-12
01051009081,010-5100-9081,"one digit, last group",1.8503013654768578e-10,117,-1.777052160882341e-10
01051009081,010-5100-9081,"one digit, last group",1.8503013654768578e-10,118,2.4318654073132037e-10
01051009081,010-5100-9081,"one digit, last group",1.8503013654768578e-10,119,-1.4956023137576983e-10
01051009081,010-5100-9081,"one digit, last group",1.8503013654768578e-10,120,6.519634983161677e-11
01051009081,010-5100-9081,"one digit, last group",1.8503013654768578e-10,121,2.8007232077970473e-10
01051009081,010-5100-9081,"one digit, last group",1.8503013654768578e-10,122,-1.3470929006161832e-10
01051009081,010-5100-9081,"one digit, last group",1.8503013654768578e-10,123,-6.84829780701304e-12
01051009081,010-5100-9081,"one digit, last group",1.8503013654768578e-10,124,-2.2535199526600414e-10
01051009081,010-5100-9081,"one digit, last group",1.8503013654768578e-10,125,-3.1994897499207427e-10
01051009081,010-5100-9081,"one digit, last group",1.8503013654768578e-10,126,-6.883781614648451e-11
01051009081,010-5100-9081,"one digit, last group",1.8503013654768578e-10,127,-2.0962593618125844e-10
01051009081,010-5100-9081,"one digit, last group",1.8503013654768578e-10,128,1.2063300634516874e-10
01051009081,010-5100-9081,"one digit, last group",1.8503013654768578e-10,129,4.824918046440786e-11
01051009081,010-5100-9081,"one digit, last group",1.8503013654768578e-10,130,-1.262815400328264e-10
01051009081,010-5100-9081,"one digit, last group",1.8503013654768578e-10,131,-1.4551134274014912e-10
01051009081,010-5100-9081,"one digit, last group",1.8503013654768578e-10,132,8.783385467190839e-11
01051009081,010-5100-9081,"one digit, last group",1.8503013654768578e-10,133,-1.036481508959857e-10
01051009081,010-5100-9081,"one digit, last group",1.8503013654768578e-10,134,1.072164515646583e-10
01051009081,010-5100-9081,"one digit, last group",1.8503013654768578e-10,135,-1.5232083306942207e-10
01051009081,010-5100-9081,"one digit, last group",1.8503013654768578e-10,136,3.1879812542792556e-11
01051009081,010-5100-9081,"one digit, last group",1.8503013654768578e-10,137,3.3365590465517394e-11
01051009081,010-5100-9081,"one digit, last group",1.8503013654768578e-10,138,2.2908556799672543e-10
01051009081,010-5100-9081,"one digit, last group",1.8503013654768578e-10,139,8.554834146760398e-13
01051009081,010-5100-9081,"one digit, last group",1.8503013654768578e-10,140,-2.1923933404372254e-10
01051009081,010-5100-9081,"one digit, last group",1.8503013654768578e-10,141,2.3104859206485758e-10
01051009081,010-5100-9081,"one digit, last group",1.8503013654768578e-10,142,1.8464223432201064e-10
01051009081,010-5100-9081,"one digit, last group",1.8503013654768578e-10,143,-4.787250872771305e-10
01051009081,010-5100-9081,"one digit, last group",1.8503013654768578e-10,144,-2.0030327721996404e-10
01051009081,010-5100-9081,"one digit, last group",1.8503013654768578e-10,145,-1.3816618606754455e-10
01051009081,010-5100-9081,"one digit, last group",1.8503013654768578e-10,146,-3.705354379830013e-11
01051009081,010-5100-9081,"one digit, last group",1.8503013654768578e-10,147,7.18068098396053e-11
01051009081,010-5100-9081,"one digit, last group",1.8503013654768578e-10,148,2.9534360697962054e-11
01051009081,010-5100-9081,"one digit, last group",1.8503013654768578e-10,149,1.2850513679105344e-10
01051009081,010-5100-9081,"one digit, last group",1.8503013654768578e-10,150,1.0529569714826737e-10
01051009081,010-5100-9081,"one digit, last group",1.8503013654768578e-10,151,-4.841738734997342e-11
01051009081,010-5100-9081,"one digit, last group",1.8503013654768578e-10,152,-6.437590415324465e-11
01051009081,010-5100-9081,"one digit, last group",1.8503013654768578e-10,153,8.855844425443942e-11
01051009081,010-5100-9081,"one digit, last group",1.8503013654768578e-10,154,-5.82620326877515e-11
01051009081,010-5100-9081,"one digit, last group",1.8503013654768578e-10,155,-2.8707514453387405e-10
01051009081,010-5100-9081,"one digit, last group",1.8503013654768578e-10,156,6.959362485838338e-11
01051009081,010-5100-9081,"one digit, last group",1.8503013654768578e-10,157,1.757929538192866e-11
01051009081,010-5100-9081,"one digit, last group",1.8503013654768578e-10,158,6.042264376628653e-11
01051009081,010-5100-9081,"one digit, last group",1.8503013654768578e-10,159,-7.406836271102996e-11
01051009081,010-5100-9081,"one digit, last group",1.8503013654768578e-10,160,-2.2427361485993867e-10
01051009081,010-5100-9081,"one digit, last group",1.8503013654768578e-10,161,-1.6901344135157914e-11
01051009081,010-5100-9081,"one digit, last group",1.8503013654768578e-10,162,-5.849736568026773e-11
01051009081,010-5100-9081,"one digit, last group",1.8503013654768578e-10,163,1.2340571189093597e-11
01051009081,010-5100-9081,"one digit, last group",1.8503013654768578e-10,164,-1.8435266801580096e-10
01051009081,010-5100-9081,"one digit, last group",1.8503013654768578e-10,165,-9.435859512561076e-12
01051009081,010-5100-9081,"one digit, last group",1.8503013654768578e-10,166,1.0064471498030537e-10
01051009081,010-5100-9081,"one digit, last group",1.8503013654768578e-10,167,-1.203265220122517e-10
01051009081,010-5100-9081,"one digit, last group",1.8503013654768578e-10,168,-3.1745458082622833e-10
01051009081,010-5100-9081,"one digit, last group",1.8503013654768578e-10,169,-1.3730091101983356e-10
01051009081,010-5100-9081,"one digit, last group",1.8503013654768578e-10,170,-1.2385740828551514e-10
01051009081,010-5100-9081,"one digit, last group",1.8503013654768578e-10,171,-2.0541352666082813e-10
01051009081,010-5100-9081,"one digit, last group",1.8503013654768578e-10,172,9.251801980947142e-12
01051009081,010-5100-9081,"one digit, last group",1.8503013654768578e-10,173,-4.784592288335077e-11
01051009081,010-5100-9081,"one digit, last group",1.8503013654768578e-10,174,-4.2289550572567236e-11
01051009081,010-5100-9081,"one digit, last group",1.8503013654768578e-10,175,3.4768655727719925e-10
01051009081,010-5100-9081,"one digit, last group",1.8503013654768578e-10,176,-3.5489435071365113e-12
01051009081,010-5100-9081,"one digit, last group",1.8503013654768578e-10,177,-1.5820588169919192e-10
01051009081,010-5100-9081,"one digit, last group",1.8503013654768578e-10,178,1.1889669196433502e-10
01051009081,010-5100-9081,"one digit, last group",1.8503013654768578e-10,179,1.2028786698111337e-10
01051009081,010-5100-9081,"one digit, last group",1.8503013654768578e-10,180,-3.230156902113329e-11
01051009081,010-5100-9081,"one digit, last group",1.8503013654768578e-10,181,4.381187088468968e-09
01051009081,010-5100-9081,"one digit, last group",1.8503013654768578e-10,182,3.4204683422589946e-09
01051009081,010-5100-9081,"one digit, last group",1.8503013654768578e-10,183,1.3383586856940057e-09
01051009081,010-5100-9081,"one digit, last group",1.8503013654768578e-10,184,8.407794054478651e-12
01051009081,010-5100-9081,"one digit, last group",1.8503013654768578e-10,185,-1.4593624205676284e-10
01051009081,010-5100-9081,"one digit, last group",1.8503013654768578e-10,186,1.5837483853350625e-10
01051009081,010-5100-9081,"one digit, last group",1.8503013654768578e-10,187,8.133878555927844e-11
01051009081,010-5100-9081,"one digit, last group",1.8503013654768578e-10,188,-1.443590849615121e-11
01051009081,010-5100-9081,"one digit, last group",1.8503013654768578e-10,189,1.449569925792849e-11
01051009081,010-5100-9081,"one digit, last group",1.8503013654768578e-10,190,9.856696445766199e-11
01051009081,010-5100-9081,"one digit, last group",1.8503013654768578e-10,191,9.664335204987735e-14
01051009081,010-5100-9081,"one digit, last group",1.8503013654768578e-10,192,3.296130848960288e-11
01051009081,010-5100-9081,"one digit, last group",1.8503013654768578e-10,193,5.011107760697656e-10
01051009081,010-5100-9081,"one digit, last group",1.8503013654768578e-10,194,-4.3477804069483017e-11
01051009081,010-5100-9081,"one digit, last group",1.8503013654768578e-10,195,-1.4549875947836152e-10
01051009081,010-5100-9081,"one digit, last group",1.8503013654768578e-10,196,-4.5130344640359023e-13
01051009081,010-5100-9081,"one digit, last group",1.8503013654768578e-10,197,6.038886496891783e-11
01051009081,010-5100-9081,"one digit, last group",1.8503013654768578e-10,198,-2.6885777346238767e-10
01051009081,010-5100-9081,"one digit, last group",1.8503013654768578e-10,199,5.6515892300515275e-12
01051009081,010-5100-9081,"one digit, last group",1.8503013654768578e-10,200,-2.3598301865822138e-11
01051009081,010-5100-9081,"one digit, last group",1.8503013654768578e-10,201,-1.9062812604100242e-11
01051009081,010-5100-9081,"one digit, last group",1.8503013654768578e-10,202,-1.5735381607017282e-10
01051009081,010-5100-9081,"one digit, last group",1.8503013654768578e-10,203,-4.1525619337272467e-11
01052001582,010-5200-1582,original,1.000000000233366,0,-1.371672191548621e-10
01052001582,010-5200-1582,original,1.000000000233366,1,1.0090341552868119e-10
01052001582,010-5200-1582,original,1.000000000233366,2,2.1920462975333058e-10
01052001582,010-5200-1582,original,1.000000000233366,3,-2.4854397989614042e-11
01052001582,010-5200-1582,original,1.000000000233366,4,1.1045525593252641e-10
01052001582,010-5200-1582,original,1.000000000233366,5,3.839716329193307e-10
01052001582,010-5200-1582,original,1.000000000233366,6,-3.706881727526794e-11
01052001582,010-5200-1582,original,1.000000000233366,7,-2.6432124671631926e-11
01052001582,010-5200-1582,original,1.000000000233366,8,1.380205923000605e-10
01052001582,010-5200-1582,original,1.000000000233366,9,-4.176107862553621e-11
01052001582,010-5200-1582,original,1.000000000233366,10,4.185081735213179e-11
01052001582,010-5200-1582,original,1.000000000233366,11,3.0617143747700007e-10
01052001582,010-5200-1582,original,1.000000000233366,12,5.860887065619798e-11
01052001582,010-5200-1582,original,1.000000000233366,13,2.891019690312965e-10
01052001582,010-5200-1582,original,1.000000000233366,14,-6.422453492013532e-12
01052001582,010-5200-1582,original,1.000000000233366,15,-2.0464410854299492e-11
01052001582,010-5200-1582,original,1.000000000233366,16,3.5756957410331513e-10
01052001582,010-5200-1582,original,1.000000000233366,17,5.738471932894183e-10
01052001582,010-5200-1582,original,1.000000000233366,18,-1.8286689540528064e-10
01052001582,010-5200-1582,original,1.000000000233366,19,1.4063629217577858e-11
01052001582,010-5200-1582,original,1.000000000233366,20,-7.483289284764242e-11
01052001582,010-5200-1582,original,1.000000000233366,21,-5.4713135293093954e-11
01052001582,010-5200-1582,original,1.000000000233366,22,-7.778809376680726e-11
01052001582,010-5200-1582,original,1.000000000233366,23,3.531769747940684e-11
01052001582,010-5200-1582,original,1.000000000233366,24,6.730091807821967e-10
01052001582,010-5200-1582,original,1.000000000233366,25,-3.56324629036396e-11
01052001582,010-5200-1582,original,1.000000000233366,26,1.1426792767057258e-10
01052001582,010-5200-1582,original,1.000000000233366,27,-6.312586481712059e-11
01052001582,010-5200-1582,original,1.000000000233366,28,-1.475250747471255e-10
01052001582,010-5200-1582,original,1.000000000233366,29,5.700851616717143e-11
01052001582,010-5200-1582,original,1.000000000233366,30,-1.378626037802592e-11
01052001582,010-5200-1582,original,1.000000000233366,31,-1.2108681897997392e-11
01052001582,010-5200-1582,original,1.000000000233366,32,4.021985812617918e-10
01052001582,010-5200-1582,original,1.000000000233366,33,-8.276143723477232e-11
01052001582,010-5200-1582,original,1.000000000233366,34,1.213851144710643e-10
01052001582,010-5200-1582,original,1.000000000233366,35,8.111703497667263e-11
01052001582,010-5200-1582,original,1.000000000233366,36,8.330380655892094e-11
01052001582,010-5200-1582,original,1.000000000233366,37,2.92452142747654e-10
01052001582,010-5200-1582,original,1.000000000233366,38,-1.1297161016302504e-10
01052001582,010-5200-1582,original,1.000000000233366,39,-1.572272305164828e-11
01052001582,010-5200-1582,original,1.000000000233366,40,-1.592547271147074e-10
01052001582,010-5200-1582,original,1.000000000233366,41,8.389196208398281e-11
01052001582,010-5200-1582,original,1.000000000233366,42,-5.545541417881401e-11
01052001582,010-5200-1582,original,1.000000000233366,43,5.550903041430092e-11
01052001582,010-5200-1582,original,1.000000000233366,44,-3.27176541313167e-11
01052001582,010-5200-1582,original,1.000000000233366,45,3.0368960642213545e-10
01052001582,010-5200-1582,original,1.000000000233366,46,1.3972635656816769e-11
01052001582,010-5200-1582,original,1.000000000233366,47,1.4845034697858938e-10
01052001582,010-5200-1582,original,1.000000000233366,48,-1.2873024232793842e-10
01052001582,010-5200-1582,original,1.000000000233366,49,-2.1126213612602696e-10
01052001582,010-5200-1582,original,1.000000000233366,50,-9.120147660870386e-11
01052001582,010-5200-1582,original,1.000000000233366,51,-5.397054095208833e-11
01052001582,010-5200-1582,original,1.000000000233366,52,-1.0012302943597655e-10
01052001582,010-5200-1582,original,1.000000000233366,53,4.4889893783263076e-11
01052001582,010-5200-1582,original,1.000000000233366,54,-1.1270887739579716e-11
01052001582,010-5200-1582,original,1.000000000233366,55,8.32444457911243e-11
01052001582,010-5200-1582,original,1.000000000233366,56,-8.089144478353153e-11
01052001582,010-5200-1582,original,1.000000000233366,57,3.102075625215099e-12
01052001582,010-5200-1582,original,1.000000000233366,58,-7.284551348595578e-11
01052001582,010-5200-1582,original,1.000000000233366,59,1.0742564372192247e-10
01052001582,010-5200-1582,original,1.000000000233366,60,-2.435269941072881e-10
01052001582,010-5200-1582,original,1.000000000233366,61,1.1614257695383285e-10
01052001582,010-5200-1582,original,1.000000000233366,62,-4.237638564393045e-10
01052001582,010-5200-1582,original,1.000000000233366,63,-3.075071663173573e-11
01052001582,010-5200-1582,original,1.000000000233366,64,-3.357423157826027e-10
01052001582,010-5200-1582,original,1.000000000233366,65,-9.354745421048074e-12
01052001582,010-5200-1582,original,1.000000000233366,66,-1.0748300128447744e-10
01052001582,010-5200-1582,original,1.000000000233366,67,4.254554597460911e-10
01052001582,010-5200-1582,original,1.000000000233366,68,9.274131319397057e-11
01052001582,010-5200-1582,original,1.000000000233366,69,-6.345397080528278e-11
01052001582,010-5200-1582,original,1.000000000233366,70,-1.3616941978827447e-10
01052001582,010-5200-1582,original,1.000000000233366,71,-8.276073640145884e-12
01052001582,010-5200-1582,original,1.000000000233366,72,1.5285891974920524e-11
01052001582,010-5200-1582,original,1.000000000233366,73,6.3441213887580745e-12
01052001582,010-5200-1582,original,1.000000000233366,74,1.3546339089290174e-10
01052001582,010-5200-1582,original,1.000000000233366,75,4.616273657830492e-11
01052001582,010-5200-1582,original,1.000000000233366,76,6.793903335017791e-12
01052001582,010-5200-1582,original,1.000000000233366,77,3.0515402098539064e-11
01052001582,010-5200-1582,original,1.000000000233366,78,6.250675423219098e-11
01052001582,010-5200-1582,original,1.000000000233366,79,1.3410698801841274e-10
01052001582,010-5200-1582,original,1.000000000233366,80,-2.1317410556177763e-12
01052001582,010-5200-1582,original,1.000000000233366,81,2.1616384415625657e-10
01052001582,010-5200-1582,original,1.000000000233366,82,6.579444992924841e-10
01052001582,010-5200-1582,original,1.000000000233366,83,-1.192238868589841e-10
01052001582,010-5200-1582,original,1.000000000233366,84,-5.0095231213000365e-11
01052001582,010-5200-1582,original,1.000000000233366,85,-9.784681147869861e-12
01052001582,010-5200-1582,original,1.000000000233366,86,3.197596644379074e-10
01052001582,010-5200-1582,original,1.000000000233366,87,-6.186786397099601e-12
01052001582,010-5200-1582,original,1.000000000233366,88,4.433524522379233e-11
01052001582,010-5200-1582,original,1.000000000233366,89,9.43312011621515e-11
01052001582,010-5200-1582,original,1.000000000233366,90,-2.0059363782820836e-12
01052001582,010-5200-1582,original,1.000000000233366,91,-1.9310643705468038e-11
01052001582,010-5200-1582,original,1.000000000233366,92,-1.0720478992877775e-10
01052001582,010-5200-1582,original,1.000000000233366,93,-1.6478475946502185e-10
01052001582,010-5200-1582,original,1.000000000233366,94,-4.358293106257827e-12
01052001582,010-5200-1582,original,1.000000000233366,95,1.6001872222756572e-10
01052001582,010-5200-1582,original,1.000000000233366,96,5.565595781792725e-10
01052001582,010-5200-1582,original,1.000000000233366,97,-1.2063277323081898e-10
01052001582,010-5200-1582,original,1.000000000233366,98,-3.005739091846819e-11
01052001582,010-5200-1582,original,1.000000000233366,99,-4.2594721112681396e-11
01052001582,010-5200-1582,original,1.000000000233366,100,-2.1938998487684076e-10
01052001582,010-5200-1582,original,1.000000000233366,101,9.062694701832257e-12
01052001582,010-5200-1582,original,1.000000000233366,102,1.5591306377029566e-10
01052001582,010-5200-1582,original,1.000000000233366,103,-2.949868997224585e-11
01052001582,010-5200-1582,original,1.000000000233366,104,-6.865954259376293e-12
01052001582,010-5200-1582,original,1.000000000233366,105,4.2156228890242594e-12
01052001582,010-5200-1582,original,1.000000000233366,106,-6.930016020868949e-11
01052001582,010-5200-1582,original,1.000000000233366,107,-6.709183697983899e-11
01052001582,010-5200-1582,original,1.000000000233366,108,-3.927366517257992e-11
01052001582,010-5200-1582,original,1.000000000233366,109,3.694174977232166e-12
01052001582,010-5200-1582,original,1.000000000233366,110,5.839728999166727e-12
01052001582,010-5200-1582,original,1.000000000233366,111,1.8770451737910724e-10
01052001582,010-5200-1582,original,1.000000000233366,112,4.186848894261807e-10
01052001582,010-5200-1582,original,1.000000000233366,113,-6.990023517699725e-12
01052001582,010-5200-1582,original,1.000000000233366,114,-1.8932315604957364e-10
01052001582,010-5200-1582,original,1.000000000233366,115,1.8721361505319122e-11
01052001582,010-5200-1582,original,1.000000000233366,116,-5.2337814358231685e-11
01052001582,010-5200-1582,original,1.000000000233366,117,2.3645018786822545e-10
01052001582,010-5200-1582,original,1.000000000233366,118,-5.253999160716411e-10
01052001582,010-5200-1582,original,1.000000000233366,119,-8.179993000481551e-11
01052001582,010-5200-1582,original,1.000000000233366,120,5.595860904270489e-11
01052001582,010-5200-1582,original,1.000000000233366,121,-1.5629227772362124e-10
01052001582,010-5200-1582,original,1.000000000233366,122,1.524016326677149e-10
01052001582,010-5200-1582,original,1.000000000233366,123,4.238330979408092e-11
01052001582,010-5200-1582,original,1.000000000233366,124,-8.058880039000727e-11
01052001582,010-5200-1582,original,1.000000000233366,125,-2.714871669570316e-10
01052001582,010-5200-1582,original,1.000000000233366,126,1.1551742370338957e-13
01052001582,010-5200-1582,original,1.000000000233366,127,-2.4788266627792862e-11
01052001582,010-5200-1582,original,1.000000000233366,128,1.0959898860358974e-10
01052001582,010-5200-1582,original,1.000000000233366,129,-1.0414706383439753e-10
01052001582,010-5200-1582,original,1.000000000233366,130,8.73109645395316e-11
01052001582,010-5200-1582,original,1.000000000233366,131,-1.1628378637753337e-10
01052001582,010-5200-1582,original,1.000000000233366,132,-1.454711594361071e-10
01052001582,010-5200-1582,original,1.000000000233366,133,-8.032716965083364e-11
01052001582,010-5200-1582,original,1.000000000233366,134,-6.807282672683151e-11
01052001582,010-5200-1582,original,1.000000000233366,135,-7.518388739646882e-11
01052001582,010-5200-1582,original,1.000000000233366,136,1.996051608168176e-11
01052001582,010-5200-1582,original,1.000000000233366,137,2.8506677867405457e-11
01052001582,010-5200-1582,original,1.000000000233366,138,2.128436124912894e-10
01052001582,010-5200-1582,original,1.000000000233366,139,-1.2893070133936276e-10
01052001582,010-5200-1582,original,1.000000000233366,140,7.485160961518753e-11
01052001582,010-5200-1582,original,1.000000000233366,141,1.0254887564002792e-10
01052001582,010-5200-1582,original,1.000000000233366,142,-1.7311017655331772e-10
01052001582,010-5200-1582,original,1.000000000233366,143,1.6331474083511343e-10
01052001582,010-5200-1582,original,1.000000000233366,144,2.2412731785920987e-10
01052001582,010-5200-1582,original,1.000000000233366,145,-1.0258065410175598e-10
01052001582,010-5200-1582,original,1.000000000233366,146,5.928534603384184e-11
01052001582,010-5200-1582,original,1.000000000233366,147,-1.3773516973749746e-10
01052001582,010-5200-1582,original,1.000000000233366,148,1.990593368745507e-10
01052001582,010-5200-1582,original,1.000000000233366,149,2.170508413839277e-10
01052001582,010-5200-1582,original,1.000000000233366,150,-2.1628491344449128e-10
01052001582,010-5200-1582,original,1.000000000233366,151,4.3051493934955886e-11
01052001582,010-5200-1582,original,1.000000000233366,152,5.152196236682123e-11
01052001582,010-5200-1582,original,1.000000000233366,153,2.4818420807752593e-11
01052001582,010-5200-1582,original,1.000000000233366,154,-1.4292179134509837e-12
01052001582,010-5200-1582,original,1.000000000233366,155,-1.6349578261867918e-10
01052001582,010-5200-1582,original,1.000000000233366,156,1.367211235617192e-13
01052001582,010-5200-1582,original,1.000000000233366,157,1.1232096577552488e-11
01052001582,010-5200-1582,original,1.000000000233366,158,-1.360079814656002e-10
01052001582,010-5200-1582,original,1.000000000233366,159,6.785989809918414e-11
01052001582,010-5200-1582,original,1.000000000233366,160,-3.897692836363509e-11
01052001582,010-5200-1582,original,1.000000000233366,161,2.6560215540432965e-11
01052001582,010-5200-1582,original,1.000000000233366,162,-5.224124961391601e-11
01052001582,010-5200-1582,original,1.000000000233366,163,-1.1674432567903353e-11
01052001582,010-5200-1582,original,1.000000000233366,164,-1.198723337350725e-10
01052001582,010-5200-1582,original,1.000000000233366,165,1.4104647047795782e-10
01052001582,010-5200-1582,original,1.000000000233366,166,1.1281884548201143e-11
01052001582,010-5200-1582,original,1.000000000233366,167,-9.952376752361149e-11
01052001582,010-5200-1582,original,1.000000000233366,168,-4.133959243009988e-11
01052001582,010-5200-1582,original,1.000000000233366,169,1.418073782071944e-10
01052001582,010-5200-1582,original,1.000000000233366,170,1.7550193443897832e-10
01052001582,010-5200-1582,original,1.000000000233366,171,0.9999996249538068
01052001582,010-5200-1582,original,1.000000000233366,172,0.9999996896565209
01052001582,010-5200-1582,original,1.000000000233366,173,1.6642834196948882e-10
01052001582,010-5200-1582,original,1.000000000233366,174,1.0385758544615438e-10
01052001582,010-5200-1582,original,1.000000000233366,175,-7.015174803246641e-10
01052001582,010-5200-1582,original,1.000000000233366,176,1.568454653807824e-11
01052001582,010-5200-1582,original,1.000000000233366,177,-4.6198587664249294e-11
01052001582,010-5200-1582,original,1.000000000233366,178,-6.822183369879303e-11
01052001582,010-5200-1582,original,1.000000000233366,179,5.970188119606354e-11
01052001582,010-5200-1582,original,1.000000000233366,180,9.73215887714843e-11
01052001582,010-5200-1582,original,1.000000000233366,181,3.572940777810853e-10
01052001582,010-5200-1582,original,1.000000000233366,182,1.0349356889409779e-10
01052001582,010-5200-1582,original,1.000000000233366,183,2.103970161512031e-11
01052001582,010-5200-1582,original,1.000000000233366,184,5.205077630901325e-13
01052001582,010-5200-1582,original,1.000000000233366,185,6.1757177533988235e-12
01052001582,010-5200-1582,original,1.000000000233366,186,-1.7063413183444336e-10
01052001582,010-5200-1582,original,1.000000000233366,187,2.0507889135246594e-11
01052001582,010-5200-1582,original,1.000000000233366,188,7.409470280916031e-11
01052001582,010-5200-1582,original,1.000000000233366,189,-1.0649469244202177e-11
01052001582,010-5200-1582,original,1.000000000233366,190,-9.626377797227025e-12
01052001582,010-5200-1582,original,1.000000000233366,191,1.8777818323471686e-11
01052001582,010-5200-1582,original,1.000000000233366,192,2.47166016545504e-11
01052001582,010-5200-1582,original,1.000000000233366,193,4.3133111322002406e-10
01052001582,010-5200-1582,original,1.000000000233366,194,2.0664780056616535e-11
01052001582,010-5200-1582,original,1.000000000233366,195,-2.1200048852124323e-10
01052001582,010-5200-1582,original,1.000000000233366,196,-5.283358996529159e-11
01052001582,010-5200-1582,original,1.000000000233366,197,-1.1719708437974287e-10
01052001582,010-5200-1582,original,1.000000000233366,198,1.8871690359307446e-11
01052001582,010-5200-1582,original,1.000000000233366,199,-7.646234848545053e-11
01052001582,010-5200-1582,original,1.000000000233366,200,2.7386064566279987e-11
01052001582,010-5200-1582,original,1.000000000233366,201,3.353601680619049e-11
01052001582,010-5200-1582,original,1.000000000233366,202,6.114423374436744e-10
01052001582,010-5200-1582,original,1.000000000233366,203,1.9321679387143323e-11
01052001583,010-5200-1583,"one digit, last group",-3.4969740868190184e-10,0,3.249197174259349e-11
01052001583,010-5200-1583,"one digit, last group",-3.4969740868190184e-10,1,5.93153577816565e-11
01052001583,010-5200-1583,"one digit, last group",-3.4969740868190184e-10,2,-3.1016157888947244e-10
01052001583,010-5200-1583,"one digit, last group",-3.4969740868190184e-10,3,5.449003082541368e-11
01052001583,010-5200-1583,"one digit, last group",-3.4969740868190184e-10,4,6.28251322844317e-11
01052001583,010-5200-1583,"one digit, last group",-3.4969740868190184e-10,5,-1.6054137902919487e-10
01052001583,010-5200-1583,"one digit, last group",-3.4969740868190184e-10,6,3.13111053072648e-11
01052001583,010-5200-1583,"one digit, last group",-3.4969740868190184e-10,7,2.9538736381747867e-10
01052001583,010-5200-1583,"one digit, last group",-3.4969740868190184e-10,8,1.3763335159123173e-10
01052001583,010-5200-1583,"one digit, last group",-3.4969740868190184e-10,9,3.6116689284923876e-11
01052001583,010-5200-1583,"one digit, last group",-3.4969740868190184e-10,10,9.008015710943412e-12
01052001583,010-5200-1583,"one digit, last group",-3.4969740868190184e-10,11,-4.022422336978624e-10
01052001583,010-5200-1583,"one digit, last group",-3.4969740868190184e-10,12,8.890869322459377e-12
01052001583,010-5200-1583,"one digit, last group",-3.4969740868190184e-10,13,6.829871974999177e-11
01052001583,010-5200-1583,"one digit, last group",-3.4969740868190184e-10,14,-7.979819201482043e-11
01052001583,010-5200-1583,"one digit, last group",-3.4969740868190184e-10,15,5.605650216567026e-11
01052001583,010-5200-1583,"one digit, last group",-3.4969740868190184e-10,16,-8.147395563792251e-11
01052001583,010-5200-1583,"one digit, last group",-3.4969740868190184e-10,17,-7.098062083302734e-10
01052001583,010-5200-1583,"one digit, last group",-3.4969740868190184e-10,18,-4.898552744146919e-11
01052001583,010-5200-1583,"one digit, last group",-3.4969740868190184e-10,19,3.4741323738690616e-11
01052001583,010-5200-1583,"one digit, last group",-3.4969740868190184e-10,20,8.980267204612969e-11
01052001583,010-5200-1583,"one digit, last group",-3.4969740868190184e-10,21,-2.2609561780068242e-11
01052001583,010-5200-1583,"one digit, last group",-3.4969740868190184e-10,22,-9.425434752903682e-11
01052001583,010-5200-1583,"one digit, last group",-3.4969740868190184e-10,23,3.6640399159356054e-11
01052001583,010-5200-1583,"one digit, last group",-3.4969740868190184e-10,24,-9.140393269944273e-11
01052001583,010-5200-1583,"one digit, last group",-3.4969740868190184e-10,25,9.611706786663062e-11
01052001583,010-5200-1583,"one digit, last group",-3.4969740868190184e-10,26,2.185814584945175e-11
01052001583,010-5200-1583,"one digit, last group",-3.4969740868190184e-10,27,-9.397774959558949e-11
01052001583,010-5200-1583,"one digit, last group",-3.4969740868190184e-10,28,3.1322323012222746e-10
01052001583,010-5200-1583,"one digit, last group",-3.4969740868190184e-10,29,1.6526197554872072e-11
01052001583,010-5200-1583,"one digit, last group",-3.4969740868190184e-10,30,5.545746791230929e-11
01052001583,010-5200-1583,"one digit, last group",-3.4969740868190184e-10,31,-7.334668298243636e-12
01052001583,010-5200-1583,"one digit, last group",-3.4969740868190184e-10,32,8.237586463122155e-11
01052001583,010-5200-1583,"one digit, last group",-3.4969740868190184e-10,33,-1.5938831912482432e-10
01052001583,010-5200-1583,"one digit, last group",-3.4969740868190184e-10,34,4.345080680328496e-11
01052001583,010-5200-1583,"one digit, last group",-3.4969740868190184e-10,35,3.2487637554039424e-11
01052001583,010-5200-1583,"one digit, last group",-3.4969740868190184e-10,36,-6.153409762014317e-11
01052001583,010-5200-1583,"one digit, last group",-3.4969740868190184e-10,37,-3.0254812325466766e-11
01052001583,010-5200-1583,"one digit, last group",-3.4969740868190184e-10,38,2.1769244975873303e-11
01052001583,010-5200-1583,"one digit, last group",-3.4969740868190184e-10,39,2.8888718443221247e-11
01052001583,010-5200-1583,"one digit, last group",-3.4969740868190184e-10,40,2.4991775070786026e-12
01052001583,010-5200-1583,"one digit, last group",-3.4969740868190184e-10,41,7.586056062275246e-11
01052001583,010-5200-1583,"one digit, last group",-3.4969740868190184e-10,42,-1.3805223455682882e-10
01052001583,010-5200-1583,"one digit, last group",-3.4969740868190184e-10,43,5.301311006383825e-11
01052001583,010-5200-1583,"one digit, last group",-3.4969740868190184e-10,44,-1.6779770557309676e-11
01052001583,010-5200-1583,"one digit, last group",-3.4969740868190184e-10,45,-2.0129191635854135e-11
01052001583,010-5200-1583,"one digit, last group",-3.4969740868190184e-10,46,9.923329834384495e-12
01052001583,010-5200-1583,"one digit, last group",-3.4969740868190184e-10,47,-4.715023647686026e-10
01052001583,010-5200-1583,"one digit, last group",-3.4969740868190184e-10,48,8.942979275627603e-11
01052001583,010-5200-1583,"one digit, last group",-3.4969740868190184e-10,49,1.2519723911395422e-10
01052001583,010-5200-1583,"one digit, last group",-3.4969740868190184e-10,50,-1.3923083590618752e-10
01052001583,010-5200-1583,"one digit, last group",-3.4969740868190184e-10,51,1.8911976298149684e-13
01052001583,010-5200-1583,"one digit, last group",-3.4969740868190184e-10,52,-3.192248235541264e-10
01052001583,010-5200-1583,"one digit, last group",-3.4969740868190184e-10,53,-9.521805264549121e-12
01052001583,010-5200-1583,"one digit, last group",-3.4969740868190184e-10,54,-1.0369522103029404e-11
01052001583,010-5200-1583,"one digit, last group",-3.4969740868190184e-10,55,-1.4565482409060159e-10
01052001583,010-5200-1583,"one digit, last group",-3.4969740868190184e-10,56,2.5848374395138226e-10
01052001583,010-5200-1583,"one digit, last group",-3.4969740868190184e-10,57,5.6580119765039494e-11
01052001583,010-5200-1583,"one digit, last group",-3.4969740868190184e-10,58,-2.476354820243036e-11
01052001583,010-5200-1583,"one digit, last group",-3.4969740868190184e-10,59,-1.3233277330085157e-11
01052001583,010-5200-1583,"one digit, last group",-3.4969740868190184e-10,60,-1.645341951492168e-10
01052001583,010-5200-1583,"one digit, last group",-3.4969740868190184e-10,61,-4.7834410162674183e-11
01052001583,010-5200-1583,"one digit, last group",-3.4969740868190184e-10,62,9.259882886330831e-11
01052001583,010-5200-1583,"one digit, last group",-3.4969740868190184e-10,63,-5.051393812360596e-11
01052001583,010-5200-1583,"one digit, last group",-3.4969740868190184e-10,64,1.3647272479655765e-10
01052001583,010-5200-1583,"one digit, last group",-3.4969740868190184e-10,65,5.483399918379164e-11
01052001583,010-5200-1583,"one digit, last group",-3.4969740868190184e-10,66,2.284258873785931e-10
01052001583,010-5200-1583,"one digit, last group",-3.4969740868190184e-10,67,4.515465973687894e-11
01052001583,010-5200-1583,"one digit, last group",-3.4969740868190184e-10,68,1.3521253785131035e-10
01052001583,010-5200-1583,"one digit, last group",-3.4969740868190184e-10,69,-3.744322832201644e-10
01052001583,010-5200-1583,"one digit, last group",-3.4969740868190184e-10,70,-5.344518690907423e-12
01052001583,010-5200-1583,"one digit, last group",-3.4969740868190184e-10,71,-1.4452556328704837e-10
01052001583,010-5200-1583,"one digit, last group",-3.4969740868190184e-10,72,5.477825349752689e-12
01052001583,010-5200-1583,"one digit, last group",-3.4969740868190184e-10,73,4.256072402413046e-11
01052001583,010-5200-1583,"one digit, last group",-3.4969740868190184e-10,74,-1.1232147244545656e-10
01052001583,010-5200-1583,"one digit, last group",-3.4969740868190184e-10,75,-7.231309185842964e-11
01052001583,010-5200-1583,"one digit, last group",-3.4969740868190184e-10,76,1.319176233729902e-11
01052001583,010-5200-1583,"one digit, last group",-3.4969740868190184e-10,77,1.7905144297889266e-11
01052001583,010-5200-1583,"one digit, last group",-3.4969740868190184e-10,78,2.3790612890248786e-10
01052001583,010-5200-1583,"one digit, last group",-3.4969740868190184e-10,79,2.6669198208688856e-10
01052001583,010-5200-1583,"one digit, last group",-3.4969740868190184e-10,80,-7.208630981038445e-11
01052001583,010-5200-1583,"one digit, last group",-3.4969740868190184e-10,81,2.7140094088513507e-10
01052001583,010-5200-1583,"one digit, last group",-3.4969740868190184e-10,82,7.757864599002484e-10
01052001583,010-5200-1583,"one digit, last group",-3.4969740868190184e-10,83,7.478171472219253e-12
01052001583,010-5200-1583,"one digit, last group",-3.4969740868190184e-10,84,2.0378732510591557e-11
01052001583,010-5200-1583,"one digit, last group",-3.4969740868190184e-10,85,2.6140151756619304e-11
01052001583,010-5200-1583,"one digit, last group",-3.4969740868190184e-10,86,-1.542424080954181e-10
01052001583,010-5200-1583,"one digit, last group",-3.4969740868190184e-10,87,1.312328312331343e-10
01052001583,010-5200-1583,"one digit, last group",-3.4969740868190184e-10,88,-8.363250725095891e-11
01052001583,010-5200-1583,"one digit, last group",-3.4969740868190184e-10,89,1.7756943005233677e-11
01052001583,010-5200-1583,"one digit, last group",-3.4969740868190184e-10,90,1.6391268510621138e-10
01052001583,010-5200-1583,"one digit, last group",-3.4969740868190184e-10,91,1.3685893173505822e-10
01052001583,010-5200-1583,"one digit, last group",-3.4969740868190184e-10,92,-2.631555854306909e-10
01052001583,010-5200-1583,"one digit, last group",-3.4969740868190184e-10,93,-9.150420358309795e-11
01052001583,010-5200-1583,"one digit, last group",-3.4969740868190184e-10,94,-6.634916201836053e-11
01052001583,010-5200-1583,"one digit, last group",-3.4969740868190184e-10,95,1.7748400886836447e-10
01052001583,010-5200-1583,"one digit, last group",-3.4969740868190184e-10,96,9.686179894316746e-11
01052001583,010-5200-1583,"one digit, last group",-3.4969740868190184e-10,97,2.4641462424523766e-10
01052001583,010-5200-1583,"one digit, last group",-3.4969740868190184e-10,98,9.434694777391262e-11
01052001583,010-5200-1583,"one digit, last group",-3.4969740868190184e-10,99,1.0484994234122016e-10
01052001583,010-5200-1583,"one digit, last group",-3.4969740868190184e-10,100,2.056590184756302e-11
01052001583,010-5200-1583,"one digit, last group",-3.4969740868190184e-10,101,3.040848761440823e-11
01052001583,010-5200-1583,"one digit, last group",-3.4969740868190184e-10,102,-3.2492497881840564e-10
01052001583,010-5200-1583,"one digit, last group",-3.4969740868190184e-10,103,4.782524322898187e-10
01052001583,010-5200-1583,"one digit, last group",-3.4969740868190184e-10,104,-3.6126442189687465e-11
01052001583,010-5200-1583,"one digit, last group",-3.4969740868190184e-10,105,3.087841145747487e-11
01052001583,010-5200-1583,"one digit, last group",-3.4969740868190184e-10,106,-5.327578873391681e-11
01052001583,010-5200-1583,"one digit, last group",-3.4969740868190184e-10,107,2.6890024159822185e-11
01052001583,010-5200-1583,"one digit, last group",-3.4969740868190184e-10,108,-3.219801364553197e-11
01052001583,010-5200-1583,"one digit, last group",-3.4969740868190184e-10,109,-1.0501554229727121e-11
01052001583,010-5200-1583,"one digit, last group",-3.4969740868190184e-10,110,-1.0048199726367975e-10
01052001583,010-5200-1583,"one digit, last group",-3.4969740868190184e-10,111,2.9074706707816404e-11
01052001583,010-5200-1583,"one digit, last group",-3.4969740868190184e-10,112,1.2052393095734373e-10
01052001583,010-5200-1583,"one digit, last group",-3.4969740868190184e-10,113,-1.2854355824090773e-11
01052001583,010-5200-1583,"one digit, last group",-3.4969740868190184e-10,114,2.8513742411890015e-10
01052001583,010-5200-1583,"one digit, last group",-3.4969740868190184e-10,115,-5.876887726984546e-11
01052001583,010-5200-1583,"one digit, last group",-3.4969740868190184e-10,116,-3.830075386122972e-11
01052001583,010-5200-1583,"one digit, last group",-3.4969740868190184e-10,117,1.46297878330906e-10
01052001583,010-5200-1583,"one digit, last group",-3.4969740868190184e-10,118,5.845236816921984e-12
01052001583,010-5200-1583,"one digit, last group",-3.4969740868190184e-10,119,-9.079176917924936e-11
01052001583,010-5200-1583,"one digit, last group",-3.4969740868190184e-10,120,3.88326444442477e-12
01052001583,010-5200-1583,"one digit, last group",-3.4969740868190184e-10,121,-9.989587404479198e-11
01052001583,010-5200-1583,"one digit, last group",-3.4969740868190184e-10,122,-9.147090064336659e-11
01052001583,010-5200-1583,"one digit, last group",-3.4969740868190184e-10,123,-7.664906235542361e-11
01052001583,010-5200-1583,"one digit, last group",-3.4969740868190184e-10,124,4.818966503759082e-10
01052001583,010-5200-1583,"one digit, last group",-3.4969740868190184e-10,125,-2.224633286741612e-10
01052001583,010-5200-1583,"one digit, last group",-3.4969740868190184e-10,126,1.3737520355383407e-10
01052001583,010-5200-1583,"one digit, last group",-3.4969740868190184e-10,127,9.944340118912095e-11
01052001583,010-5200-1583,"one digit, last group",-3.4969740868190184e-10,128,-2.8669148533526e-11
01052001583,010-5200-1583,"one digit, last group",-3.4969740868190184e-10,129,-3.984287550863195e-11
01052001583,010-5200-1583,"one digit, last group",-3.4969740868190184e-10,130,3.152201139882829e-11
01052001583,010-5200-1583,"one digit, last group",-3.4969740868190184e-10,131,3.519606093255186e-11
01052001583,010-5200-1583,"one digit, last group",-3.4969740868190184e-10,132,4.1654994781548697e-11
01052001583,010-5200-1583,"one digit, last group",-3.4969740868190184e-10,133,4.6390390327105335e-11
01052001583,010-5200-1583,"one digit, last group",-3.4969740868190184e-10,134,1.7861303377231766e-11
01052001583,010-5200-1583,"one digit, last group",-3.4969740868190184e-10,135,-5.793819404214685e-11
01052001583,010-5200-1583,"one digit, last group",-3.4969740868190184e-10,136,-1.4497824885602501e-11
01052001583,010-5200-1583,"one digit, last group",-3.4969740868190184e-10,137,8.966439124023429e-11
01052001583,010-5200-1583,"one digit, last group",-3.4969740868190184e-10,138,2.4030200786026434e-10
01052001583,010-5200-1583,"one digit, last group",-3.4969740868190184e-10,139,9.063843193291883e-12
01052001583,010-5200-1583,"one digit, last group",-3.4969740868190184e-10,140,1.1551776637960438e-10
01052001583,010-5200-1583,"one digit, last group",-3.4969740868190184e-10,141,-2.461827964934765e-10
01052001583,010-5200-1583,"one digit, last group",-3.4969740868190184e-10,142,1.0909099840157799e-10
01052001583,010-5200-1583,"one digit, last group",-3.4969740868190184e-10,143,-1.3899690586626816e-10
01052001583,010-5200-1583,"one digit, last group",-3.4969740868190184e-10,144,-9.144165782448449e-11
01052001583,010-5200-1583,"one digit, last group",-3.4969740868190184e-10,145,-7.175207130319594e-11
01052001583,010-5200-1583,"one digit, last group",-3.4969740868190184e-10,146,3.683612221695525e-10
01052001583,010-5200-1583,"one digit, last group",-3.4969740868190184e-10,147,2.565952236519481e-10
01052001583,010-5200-1583,"one digit, last group",-3.4969740868190184e-10,148,-7.652513396198994e-11
01052001583,010-5200-1583,"one digit, last group",-3.4969740868190184e-10,149,-3.00761629236856e-11
01052001583,010-5200-1583,"one digit, last group",-3.4969740868190184e-10,150,-1.9991871525877896e-10
01052001583,010-5200-1583,"one digit, last group",-3.4969740868190184e-10,151,-2.385095735375943e-12
01052001583,010-5200-1583,"one digit, last group",-3.4969740868190184e-10,152,3.190532118085402e-10
01052001583,010-5200-1583,"one digit, last group",-3.4969740868190184e-10,153,6.077964181574956e-11
01052001583,010-5200-1583,"one digit, last group",-3.4969740868190184e-10,154,5.1991693427034067e-11
01052001583,010-5200-1583,"one digit, last group",-3.4969740868190184e-10,155,-2.8875208936451753e-10
01052001583,010-5200-1583,"one digit, last group",-3.4969740868190184e-10,156,1.3522333026046979e-11
01052001583,010-5200-1583,"one digit, last group",-3.4969740868190184e-10,157,-3.034554908873833e-11
01052001583,010-5200-1583,"one digit, last group",-3.4969740868190184e-10,158,6.978333103942152e-11
01052001583,010-5200-1583,"one digit, last group",-3.4969740868190184e-10,159,5.0714298153979165e-11
01052001583,010-5200-1583,"one digit, last group",-3.4969740868190184e-10,160,3.7525930931700894e-10
01052001583,010-5200-1583,"one digit, last group",-3.4969740868190184e-10,161,-4.705985827732609e-11
01052001583,010-5200-1583,"one digit, last group",-3.4969740868190184e-10,162,-3.325047597385789e-11
01052001583,010-5200-1583,"one digit, last group",-3.4969740868190184e-10,163,-1.0325345111420238e-10
01052001583,010-5200-1583,"one digit, last group",-3.4969740868190184e-10,164,8.620413323320872e-11
01052001583,010-5200-1583,"one digit, last group",-3.4969740868190184e-10,165,1.1661719410604737e-10
01052001583,010-5200-1583,"one digit, last group",-3.4969740868190184e-10,166,-1.0417667471994707e-10
01052001583,010-5200-1583,"one digit, last group",-3.4969740868190184e-10,167,5.263915440676099e-10
01052001583,010-5200-1583,"one digit, last group",-3.4969740868190184e-10,168,3.664722938128647e-10
01052001583,010-5200-1583,"one digit, last group",-3.4969740868190184e-10,169,-7.083455266391407e-11
01052001583,010-5200-1583,"one digit, last group",-3.4969740868190184e-10,170,-6.113116979318604e-11
01052001583,010-5200-1583,"one digit, last group",-3.4969740868190184e-10,171,-1.5162808509135082e-09
01052001583,010-5200-1583,"one digit, last group",-3.4969740868190184e-10,172,-2.023663579315783e-09
01052001583,010-5200-1583,"one digit, last group",-3.4969740868190184e-10,173,2.2306284285787307e-13
01052001583,010-5200-1583,"one digit, last group",-3.4969740868190184e-10,174,1.911657982479983e-11
01052001583,010-5200-1583,"one digit, last group",-3.4969740868190184e-10,175,4.690879134027588e-10
01052001583,010-5200-1583,"one digit, last group",-3.4969740868190184e-10,176,2.333907018411313e-11
01052001583,010-5200-1583,"one digit, last group",-3.4969740868190184e-10,177,-1.2481177199260668e-10
01052001583,010-5200-1583,"one digit, last group",-3.4969740868190184e-10,178,4.70340832449391e-12
01052001583,010-5200-1583,"one digit, last group",-3.4969740868190184e-10,179,1.324721599761003e-10
01052001583,010-5200-1583,"one digit, last group",-3.4969740868190184e-10,180,4.4774938771823526e-11
01052001583,010-5200-1583,"one digit, last group",-3.4969740868190184e-10,181,2.0504505254623716e-10
01052001583,010-5200-1583,"one digit, last group",-3.4969740868190184e-10,182,1.1594890282742109e-10
01052001583,010-5200-1583,"one digit, last group",-3.4969740868190184e-10,183,-1.717891803362839e-11
01052001583,010-5200-1583,"one digit, last group",-3.4969740868190184e-10,184,-1.6579655204025517e-11
01052001583,010-5200-1583,"one digit, last group",-3.4969740868190184e-10,185,-7.151449864456614e-11
01052001583,010-5200-1583,"one digit, last group",-3.4969740868190184e-10,186,-1.0731116807318865e-10
01052001583,010-5200-1583,"one digit, last group",-3.4969740868190184e-10,187,2.0596827204093073e-11
01052001583,010-5200-1583,"one digit, last group",-3.4969740868190184e-10,188,-1.154701122217575e-10
01052001583,010-5200-1583,"one digit, last group",-3.4969740868190184e-10,189,1.1563594967274645e-10
01052001583,010-5200-1583,"one digit, last group",-3.4969740868190184e-10,190,7.669458579368508e-11
01052001583,010-5200-1583,"one digit, last group",-3.4969740868190184e-10,191,-4.406894900653009e-11
01052001583,010-5200-1583,"one digit, last group",-3.4969740868190184e-10,192,-7.164600446611205e-11
01052001583,010-5200-1583,"one digit, last group",-3.4969740868190184e-10,193,8.754045593311856e-11
01052001583,010-5200-1583,"one digit, last group",-3.4969740868190184e-10,194,2.2910577736867345e-12
01052001583,010-5200-1583,"one digit, last group",-3.4969740868190184e-10,195,2.747891531108317e-11
01052001583,010-5200-1583,"one digit, last group",-3.4969740868190184e-10,196,-1.1716472703864524e-10
01052001583,010-5200-1583,"one digit, last group",-3.4969740868190184e-10,197,1.4240104810920049e-10
01052001583,010-5200-1583,"one digit, last group",-3.4969740868190184e-10,198,7.127205752465569e-11
01052001583,010-5200-1583,"one digit, last group",-3.4969740868190184e-10,199,-4.541591466899038e-10
01052001583,010-5200-1583,"one digit, last group",-3.4969740868190184e-10,200,-4.039940664783642e-11
01052001583,010-5200-1583,"one digit, last group",-3.4969740868190184e-10,201,6.349564284517808e-11
01052001583,010-5200-1583,"one digit, last group",-3.4969740868190184e-10,202,3.086559410763993e-10
01052001583,010-5200-1583,"one digit, last group",-3.4969740868190184e-10,203,1.2795008839941493e-11
00653004858,006-5300-4858,original,0.9999999996026995,0,2.144078547004032e-10
00653004858,006-5300-4858,original,0.9999999996026995,1,3.7125028754518875e-11
00653004858,006-5300-4858,original,0.9999999996026995,2,3.4399952194358377e-10
00653004858,006-5300-4858,original,0.9999999996026995,3,6.504022577602188e-11
00653004858,006-5300-4858,original,0.9999999996026995,4,2.602045011611491e-10
00653004858,006-5300-4858,original,0.9999999996026995,5,-1.172450733821276e-10
00653004858,006-5300-4858,original,0.9999999996026995,6,-2.6398019352078113e-11
00653004858,006-5300-4858,original,0.9999999996026995,7,8.920485243002002e-11
00653004858,006-5300-4858,original,0.9999999996026995,8,-9.14410485766219e-11
00653004858,006-5300-4858,original,0.9999999996026995,9,3.036877834715126e-11
00653004858,006-5300-4858,original,0.9999999996026995,10,-9.060885243775004e-11
00653004858,006-5300-4858,original,0.9999999996026995,11,2.72762523943844e-10
00653004858,006-5300-4858,original,0.9999999996026995,12,-8.615851422452817e-11
00653004858,006-5300-4858,original,0.9999999996026995,13,1.515956228003566e-10
00653004858,006-5300-4858,original,0.9999999996026995,14,-2.3461526759172173e-11
00653004858,006-5300-4858,original,0.9999999996026995,15,-2.9008038637734038e-11
00653004858,006-5300-4858,original,0.9999999996026995,16,-3.6031038164345703e-10
00653004858,006-5300-4858,original,0.9999999996026995,17,7.689597389258834e-11
00653004858,006-5300-4858,original,0.9999999996026995,18,-3.0289180270560214e-10
00653004858,006-5300-4858,original,0.9999999996026995,19,-3.468095574212792e-11
00653004858,006-5300-4858,original,0.9999999996026995,20,7.931755452125243e-12
00653004858,006-5300-4858,original,0.9999999996026995,21,2.350924556234786e-12
00653004858,006-5300-4858,original,0.9999999996026995,22,2.9589142301576094e-10
00653004858,006-5300-4858,original,0.9999999996026995,23,1.201091720584231e-10
00653004858,006-5300-4858,original,0.9999999996026995,24,-4.02082107724976e-11
00653004858,006-5300-4858,original,0.9999999996026995,25,1.3077992457894173e-11
00653004858,006-5300-4858,original,0.9999999996026995,26,-1.0793731628280361e-10
00653004858,006-5300-4858,original,0.9999999996026995,27,-6.104466889360027e-11
00653004858,006-5300-4858,original,0.9999999996026995,28,4.921059595315168e-10
00653004858,006-5300-4858,original,0.9999999996026995,29,-2.440459628759778e-12
00653004858,006-5300-4858,original,0.9999999996026995,30,2.5070467110755425e-10
00653004858,006-5300-4858,original,0.9999999996026995,31,7.070510105490059e-11
00653004858,006-5300-4858,original,0.9999999996026995,32,-2.707891584781966e-10
00653004858,006-5300-4858,original,0.9999999996026995,33,9.631934885403172e-11
00653004858,006-5300-4858,original,0.9999999996026995,34,1.417211347648135e-10
00653004858,006-5300-4858,original,0.9999999996026995,35,2.6609898485467666e-11
00653004858,006-5300-4858,original,0.9999999996026995,36,-1.1425782423855067e-10
00653004858,006-5300-4858,original,0.9999999996026995,37,-1.2204454020280691e-11
00653004858,006-5300-4858,original,0.9999999996026995,38,7.335661781926266e-11
00653004858,006-5300-4858,original,0.9999999996026995,39,-3.890944018833441e-11
00653004858,006-5300-4858,original,0.9999999996026995,40,1.0694368159595476e-10
00653004858,006-5300-4858,original,0.9999999996026995,41,-9.507945106932819e-11
00653004858,006-5300-4858,original,0.9999999996026995,42,-7.524675676195768e-11
00653004858,006-5300-4858,original,0.9999999996026995,43,-8.376285824250039e-11
00653004858,006-5300-4858,original,0.9999999996026995,44,3.1817816439436216e-11
00653004858,006-5300-4858,original,0.9999999996026995,45,-1.3408376391546994e-10
00653004858,006-5300-4858,original,0.9999999996026995,46,4.0685915626842125e-11
00653004858,006-5300-4858,original,0.9999999996026995,47,-1.3894665095343788e-10
00653004858,006-5300-4858,original,0.9999999996026995,48,-1.7704799398503688e-11
00653004858,006-5300-4858,original,0.9999999996026995,49,-5.257108367663757e-11
00653004858,006-5300-4858,original,0.9999999996026995,50,-3.217002280558758e-10
00653004858,006-5300-4858,original,0.9999999996026995,51,-1.487453339620875e-12
00653004858,006-5300-4858,original,0.9999999996026995,52,2.9132136827402436e-10
00653004858,006-5300-4858,original,0.9999999996026995,53,-4.040863341950895e-11
00653004858,006-5300-4858,original,0.9999999996026995,54,1.1724849751926952e-11
00653004858,006-5300-4858,original,0.9999999996026995,55,-2.7078425056947206e-10
00653004858,006-5300-4858,original,0.9999999996026995,56,-4.6407728298136163e-11
00653004858,006-5300-4858,original,0.9999999996026995,57,4.255976655373967e-11
00653004858,006-5300-4858,original,0.9999999996026995,58,3.522204545121743e-11
00653004858,006-5300-4858,original,0.9999999996026995,59,-9.334145690439777e-11
00653004858,006-5300-4858,original,0.9999999996026995,60,1.062524254703728e-11
00653004858,006-5300-4858,original,0.9999999996026995,61,1.4502237591230695e-10
00653004858,006-5300-4858,original,0.9999999996026995,62,-9.8669089272852e-11
00653004858,006-5300-4858,original,0.9999999996026995,63,1.170458335902447e-10
00653004858,006-5300-4858,original,0.9999999996026995,64,1.8052194885430219e-10
00653004858,006-5300-4858,original,0.9999999996026995,65,8.719884477996724e-11
00653004858,006-5300-4858,original,0.9999999996026995,66,-2.2138471965643343e-10
00653004858,006-5300-4858,original,0.9999999996026995,67,1.8159536132393194e-10
00653004858,006-5300-4858,original,0.9999999996026995,68,8.584744789093706e-11
00653004858,006-5300-4858,original,0.9999999996026995,69,5.309059001587975e-10
00653004858,006-5300-4858,original,0.9999999996026995,70,-3.418404433016941e-11
00653004858,006-5300-4858,original,0.9999999996026995,71,3.023133923889729e-11
00653004858,006-5300-4858,original,0.9999999996026995,72,1.6545887874330277e-11
00653004858,006-5300-4858,original,0.9999999996026995,73,5.1946816670961547e-11
00653004858,006-5300-4858,original,0.9999999996026995,74,-3.182099699112724e-10
00653004858,006-5300-4858,original,0.9999999996026995,75,1.7251394040769492e-11
00653004858,006-5300-4858,original,0.9999999996026995,76,3.143720738385368e-11
00653004858,006-5300-4858,original,0.9999999996026995,77,-5.648885392886022e-11
00653004858,006-5300-4858,original,0.9999999996026995,78,-2.1554289523198434e-10
00653004858,006-5300-4858,original,0.9999999996026995,79,1.0442539185221418e-10
00653004858,006-5300-4858,original,0.9999999996026995,80,-5.125265181987277e-11
00653004858,006-5300-4858,original,0.9999999996026995,81,-1.902714814540698e-10
00653004858,006-5300-4858,original,0.9999999996026995,82,-1.6092088013190048e-10
00653004858,006-5300-4858,original,0.9999999996026995,83,6.730915665511743e-11
00653004858,006-5300-4858,original,0.9999999996026995,84,-4.5107509903526976e-11
00653004858,006-5300-4858,original,0.9999999996026995,85,-1.1732029796651053e-11
00653004858,006-5300-4858,original,0.9999999996026995,86,-3.164076991609349e-11
00653004858,006-5300-4858,original,0.9999999996026995,87,1.233779952171359e-11
00653004858,006-5300-4858,original,0.9999999996026995,88,-1.364854885154244e-11
00653004858,006-5300-4858,original,0.9999999996026995,89,-7.391863653327311e-11
00653004858,006-5300-4858,original,0.9999999996026995,90,-9.760119266315135e-11
00653004858,006-5300-4858,original,0.9999999996026995,91,9.490969321106724e-11
00653004858,006-5300-4858,original,0.9999999996026995,92,1.7717801369805256e-10
00653004858,006-5300-4858,original,0.9999999996026995,93,9.25128264511483e-11
00653004858,006-5300-4858,original,0.9999999996026995,94,1.3990262466269204e-11
00653004858,006-5300-4858,original,0.9999999996026995,95,2.3126651549114835e-12
00653004858,006-5300-4858,original,0.9999999996026995,96,-1.3827979317948107e-10
00653004858,006-5300-4858,original,0.9999999996026995,97,1.7767004910732605e-10
00653004858,006-5300-4858,original,0.9999999996026995,98,-1.617887447904619e-10
00653004858,006-5300-4858,original,0.9999999996026995,99,-2.2707995330386155e-11
00653004858,006-5300-4858,original,0.9999999996026995,100,1.0467387113867663e-10
00653004858,006-5300-4858,original,0.9999999996026995,101,2.6562111086555785e-10
00653004858,006-5300-4858,original,0.9999999996026995,102,3.475345480075482e-10
00653004858,006-5300-4858,original,0.9999999996026995,103,-1.2824330821137625e-10
00653004858,006-5300-4858,original,0.9999999996026995,104,-6.171822670867946e-11
00653004858,006-5300-4858,original,0.9999999996026995,105,1.2154349439057808e-10
00653004858,006-5300-4858,original,0.9999999996026995,106,-2.6356561135732602e-11
00653004858,006-5300-4858,original,0.9999999996026995,107,-4.718121262537328e-11
00653004858,006-5300-4858,original,0.9999999996026995,108,-4.5054377233544897e-11
00653004858,006-5300-4858,original,0.9999999996026995,109,-3.999005620739327e-10
00653004858,006-5300-4858,original,0.9999999996026995,110,1.5250262195001479e-10
00653004858,006-5300-4858,original,0.9999999996026995,111,7.354609452388157e-12
00653004858,006-5300-4858,original,0.9999999996026995,112,-4.3840998263248457e-10
00653004858,006-5300-4858,original,0.9999999996026995,113,-1.8773970171722528e-11
00653004858,006-5300-4858,original,0.9999999996026995,114,2.5312403620979077e-10
00653004858,006-5300-4858,original,0.9999999996026995,115,-2.0760641816647388e-11
00653004858,006-5300-4858,original,0.9999999996026995,116,2.6537618714359692e-11
00653004858,006-5300-4858,original,0.9999999996026995,117,-2.194359153299558e-10
00653004858,006-5300-4858,original,0.9999999996026995,118,-5.297730149952838e-10
00653004858,006-5300-4858,original,0.9999999996026995,119,2.6096645842438635e-10
00653004858,006-5300-4858,original,0.9999999996026995,120,-6.200043702713527e-11
00653004858,006-5300-4858,original,0.9999999996026995,121,-1.7409822453071064e-10
00653004858,006-5300-4858,original,0.9999999996026995,122,-1.8726378114668452e-10
00653004858,006-5300-4858,original,0.9999999996026995,123,1.1084197090604254e-11
00653004858,006-5300-4858,original,0.9999999996026995,124,1.57885305581083e-10
00653004858,006-5300-4858,original,0.9999999996026995,125,1.0086127049702439e-10
00653004858,006-5300-4858,original,0.9999999996026995,126,-1.8837312818379232e-11
00653004858,006-5300-4858,original,0.9999999996026995,127,-1.1132816772425096e-11
00653004858,006-5300-4858,original,0.9999999996026995,128,-8.709304814403193e-11
00653004858,006-5300-4858,original,0.9999999996026995,129,-9.344931435587003e-12
00653004858,006-5300-4858,original,0.9999999996026995,130,1.0674480698537666e-11
00653004858,006-5300-4858,original,0.9999999996026995,131,-2.9704764712123755e-10
00653004858,006-5300-4858,original,0.9999999996026995,132,9.324213400617259e-11
00653004858,006-5300-4858,original,0.9999999996026995,133,-2.083264367166135e-10
00653004858,006-5300-4858,original,0.9999999996026995,134,-6.246736432907108e-11
00653004858,006-5300-4858,original,0.9999999996026995,135,1.1665977252609104e-10
00653004858,006-5300-4858,original,0.9999999996026995,136,1.3845308244680311e-11
00653004858,006-5300-4858,original,0.9999999996026995,137,3.725874406675418e-12
00653004858,006-5300-4858,original,0.9999999996026995,138,6.618643023586174e-11
00653004858,006-5300-4858,original,0.9999999996026995,139,-7.143584002337268e-11
00653004858,006-5300-4858,original,0.9999999996026995,140,-1.098105029148928e-10
00653004858,006-5300-4858,original,0.9999999996026995,141,1.18141204342225e-10
00653004858,006-5300-4858,original,0.9999999996026995,142,-8.759824043578336e-11
00653004858,006-5300-4858,original,0.9999999996026995,143,5.993307264224001e-11
00653004858,006-5300-4858,original,0.9999999996026995,144,1.0274217337984633e-10
00653004858,006-5300-4858,original,0.9999999996026995,145,4.49776479986378e-11
00653004858,006-5300-4858,original,0.9999999996026995,146,1.0642416206710975e-10
00653004858,006-5300-4858,original,0.9999999996026995,147,1.1750570539967665e-10
00653004858,006-5300-4858,original,0.9999999996026995,148,9.583363622752254e-11
00653004858,006-5300-4858,original,0.9999999996026995,149,-1.5556645916984922e-10
00653004858,006-5300-4858,original,0.9999999996026995,150,-7.972747666026196e-11
00653004858,006-5300-4858,original,0.9999999996026995,151,-1.4684244840495506e-10
00653004858,006-5300-4858,original,0.9999999996026995,152,-1.2848622186136072e-10
00653004858,006-5300-4858,original,0.9999999996026995,153,2.2869588659929596e-10
00653004858,006-5300-4858,original,0.9999999996026995,154,3.5238868075437374e-13
00653004858,006-5300-4858,original,0.9999999996026995,155,-4.460869601241201e-11
00653004858,006-5300-4858,original,0.9999999996026995,156,1.494004495964131e-10
00653004858,006-5300-4858,original,0.9999999996026995,157,1.3297023555644342e-11
00653004858,006-5300-4858,original,0.9999999996026995,158,6.093224105096354e-11
00653004858,006-5300-4858,original,0.9999999996026995,159,1.0118754253338716e-10
00653004858,006-5300-4858,original,0.9999999996026995,160,-7.357530544685896e-11
00653004858,006-5300-4858,original,0.9999999996026995,161,4.414542565797341e-12
00653004858,006-5300-4858,original,0.9999999996026995,162,2.9947798864706e-11
00653004858,006-5300-4858,original,0.9999999996026995,163,1.76018342983841e-11
00653004858,006-5300-4858,original,0.9999999996026995,164,-5.258936840018442e-11
00653004858,006-5300-4858,original,0.9999999996026995,165,4.35354944338709e-10
00653004858,006-5300-4858,original,0.9999999996026995,166,6.47289299730799e-11
00653004858,006-5300-4858,original,0.9999999996026995,167,-3.1438352164209405e-10
00653004858,006-5300-4858,original,0.9999999996026995,168,-8.518698238570058e-11
00653004858,006-5300-4858,original,0.9999999996026995,169,2.813897378334302e-10
00653004858,006-5300-4858,original,0.9999999996026995,170,-1.0850186384347427e-10
00653004858,006-5300-4858,original,0.9999999996026995,171,-2.8201408169357033e-10
00653004858,006-5300-4858,original,0.9999999996026995,172,2.3179149678148206e-11
00653004858,006-5300-4858,original,0.9999999996026995,173,-2.075221950794409e-10
00653004858,006-5300-4858,original,0.9999999996026995,174,6.2474789294528705e-12
00653004858,006-5300-4858,original,0.9999999996026995,175,-4.4979988196526954e-10
00653004858,006-5300-4858,original,0.9999999996026995,176,-9.820870692083822e-11
00653004858,006-5300-4858,original,0.9999999996026995,177,-1.7409033902741143e-10
00653004858,006-5300-4858,original,0.9999999996026995,178,-4.768605021347884e-11
00653004858,006-5300-4858,original,0.9999999996026995,179,-4.073250841530501e-10
00653004858,006-5300-4858,original,0.9999999996026995,180,-1.8785215280287983e-10
00653004858,006-5300-4858,original,0.9999999996026995,181,6.994319044720123e-10
00653004858,006-5300-4858,original,0.9999999996026995,182,2.734712514432939e-10
00653004858,006-5300-4858,original,0.9999999996026995,183,4.409208758979946e-11
00653004858,006-5300-4858,original,0.9999999996026995,184,2.4120151276279168e-11
00653004858,006-5300-4858,original,0.9999999996026995,185,-1.1211853220645409e-10
00653004858,006-5300-4858,original,0.9999999996026995,186,1.44008158572827e-10
00653004858,006-5300-4858,original,0.9999999996026995,187,0.9999996927246266
00653004858,006-5300-4858,original,0.9999999996026995,188,0.9999996863062736
00653004858,006-5300-4858,original,0.9999999996026995,189,2.1524418686286994e-10
00653004858,006-5300-4858,original,0.9999999996026995,190,1.893321622257435e-11
00653004858,006-5300-4858,original,0.9999999996026995,191,6.536328024007776e-11
00653004858,006-5300-4858,original,0.9999999996026995,192,5.7011773950134976e-11
00653004858,006-5300-4858,original,0.9999999996026995,193,-6.502456445705292e-10
00653004858,006-5300-4858,original,0.9999999996026995,194,3.168390221631845e-11
00653004858,006-5300-4858,original,0.9999999996026995,195,-1.9298508774803348e-11
00653004858,006-5300-4858,original,0.9999999996026995,196,1.2007966453860633e-11
00653004858,006-5300-4858,original,0.9999999996026995,197,8.495303671890952e-12
00653004858,006-5300-4858,original,0.9999999996026995,198,3.6718602955254626e-11
00653004858,006-5300-4858,original,0.9999999996026995,199,2.697239122104239e-10
00653004858,006-5300-4858,original,0.9999999996026995,200,-3.897949956516777e-12
00653004858,006-5300-4858,original,0.9999999996026995,201,-4.688945377570987e-11
00653004858,006-5300-4858,original,0.9999999996026995,202,-3.193857150552977e-12
00653004858,006-5300-4858,original,0.9999999996026995,203,-1.0022751641691531e-11
00653004859,006-5300-4859,"one digit, last group",-1.8158271189845125e-10,0,2.890256399875646e-10
00653004859,006-5300-4859,"one digit, last group",-1.8158271189845125e-10,1,4.7711574247516906e-11
00653004859,006-5300-4859,"one digit, last group",-1.8158271189845125e-10,2,3.986149579782884e-11
00653004859,006-5300-4859,"one digit, last group",-1.8158271189845125e-10,3,-4.4628920130896616e-11
00653004859,006-5300-4859,"one digit, last group",-1.8158271189845125e-10,4,-2.010645865511023e-11
00653004859,006-5300-4859,"one digit, last group",-1.8158271189845125e-10,5,-4.248903848592338e-10
00653004859,006-5300-4859,"one digit, last group",-1.8158271189845125e-10,6,1.9796069091542215e-11
00653004859,006-5300-4859,"one digit, last group",-1.8158271189845125e-10,7,1.1265913062110963e-10
00653004859,006-5300-4859,"one digit, last group",-1.8158271189845125e-10,8,-4.6880734308263894e-12
00653004859,006-5300-4859,"one digit, last group",-1.8158271189845125e-10,9,6.026625547641641e-11
00653004859,006-5300-4859,"one digit, last group",-1.8158271189845125e-10,10,2.2676419627127198e-11
00653004859,006-5300-4859,"one digit, last group",-1.8158271189845125e-10,11,1.4252373295436981e-10
00653004859,006-5300-4859,"one digit, last group",-1.8158271189845125e-10,12,2.9837493901520054e-10
00653004859,006-5300-4859,"one digit, last group",-1.8158271189845125e-10,13,5.02951356533162e-10
00653004859,006-5300-4859,"one digit, last group",-1.8158271189845125e-10,14,1.4173251286305822e-10
00653004859,006-5300-4859,"one digit, last group",-1.8158271189845125e-10,15,-8.775978461293915e-11
00653004859,006-5300-4859,"one digit, last group",-1.8158271189845125e-10,16,-5.3841948707595724e-11
00653004859,006-5300-4859,"one digit, last group",-1.8158271189845125e-10,17,-1.2178685034950778e-10
00653004859,006-5300-4859,"one digit, last group",-1.8158271189845125e-10,18,-1.325436630545534e-10
00653004859,006-5300-4859,"one digit, last group",-1.8158271189845125e-10,19,-5.042725593234591e-11
00653004859,006-5300-4859,"one digit, last group",-1.8158271189845125e-10,20,8.245824950743938e-11
00653004859,006-5300-4859,"one digit, last group",-1.8158271189845125e-10,21,1.0549959933085983e-10
00653004859,006-5300-4859,"one digit, last group",-1.8158271189845125e-10,22,2.428433553915529e-10
00653004859,006-5300-4859,"one digit, last group",-1.8158271189845125e-10,23,1.3630395190723505e-10
00653004859,006-5300-4859,"one digit, last group",-1.8158271189845125e-10,24,-1.5969115251932801e-10
00653004859,006-5300-4859,"one digit, last group",-1.8158271189845125e-10,25,1.6842438580016088e-10
00653004859,006-5300-4859,"one digit, last group",-1.8158271189845125e-10,26,-4.6267285761385337e-10
00653004859,006-5300-4859,"one digit, last group",-1.8158271189845125e-10,27,5.646245935156176e-11
00653004859,006-5300-4859,"one digit, last group",-1.8158271189845125e-10,28,-2.317979922557819e-10
00653004859,006-5300-4859,"one digit, last group",-1.8158271189845125e-10,29,3.676041576404074e-11
00653004859,006-5300-4859,"one digit, last group",-1.8158271189845125e-10,30,-3.886249173633113e-10
00653004859,006-5300-4859,"one digit, last group",-1.8158271189845125e-10,31,-6.8016882092311454e-12
00653004859,006-5300-4859,"one digit, last group",-1.8158271189845125e-10,32,-2.2162030715808151e-10
00653004859,006-5300-4859,"one digit, last group",-1.8158271189845125e-10,33,-4.856927461257135e-10
00653004859,006-5300-4859,"one digit, last group",-1.8158271189845125e-10,34,7.659758058688787e-11
00653004859,006-5300-4859,"one digit, last group",-1.8158271189845125e-10,35,-4.209149273853012e-11
00653004859,006-5300-4859,"one digit, last group",-1.8158271189845125e-10,36,9.481503427949459e-11
00653004859,006-5300-4859,"one digit, last group",-1.8158271189845125e-10,37,-1.9201251004989138e-10
00653004859,006-5300-4859,"one digit, last group",-1.8158271189845125e-10,38,-9.391434236504822e-11
00653004859,006-5300-4859,"one digit, last group",-1.8158271189845125e-10,39,2.2141444484955685e-10
00653004859,006-5300-4859,"one digit, last group",-1.8158271189845125e-10,40,1.0243406431595267e-10
00653004859,006-5300-4859,"one digit, last group",-1.8158271189845125e-10,41,4.2220209522957815e-11
00653004859,006-5300-4859,"one digit, last group",-1.8158271189845125e-10,42,8.035242350337215e-11
00653004859,006-5300-4859,"one digit, last group",-1.8158271189845125e-10,43,-4.961370125892759e-11
00653004859,006-5300-4859,"one digit, last group",-1.8158271189845125e-10,44,4.316442295878199e-11
00653004859,006-5300-4859,"one digit, last group",-1.8158271189845125e-10,45,8.905280408659231e-11
00653004859,006-5300-4859,"one digit, last group",-1.8158271189845125e-10,46,1.537350642305089e-11
00653004859,006-5300-4859,"one digit, last group",-1.8158271189845125e-10,47,-1.350181560945298e-11
00653004859,006-5300-4859,"one digit, last group",-1.8158271189845125e-10,48,-1.6775740041875987e-10
00653004859,006-5300-4859,"one digit, last group",-1.8158271189845125e-10,49,-1.3099317170164989e-10
00653004859,006-5300-4859,"one digit, last group",-1.8158271189845125e-10,50,2.3660906346236993e-10
00653004859,006-5300-4859,"one digit, last group",-1.8158271189845125e-10,51,3.1753467118911153e-11
00653004859,006-5300-4859,"one digit, last group",-1.8158271189845125e-10,52,2.3278406521603854e-10
00653004859,006-5300-4859,"one digit, last group",-1.8158271189845125e-10,53,-5.670491905169438e-11
00653004859,006-5300-4859,"one digit, last group",-1.8158271189845125e-10,54,5.122834596922975e-11
00653004859,006-5300-4859,"one digit, last group",-1.8158271189845125e-10,55,1.959235673420785e-10
00653004859,006-5300-4859,"one digit, last group",-1.8158271189845125e-10,56,1.5927579815950416e-10
00653004859,006-5300-4859,"one digit, last group",-1.8158271189845125e-10,57,-6.451666159659368e-11
00653004859,006-5300-4859,"one digit, last group",-1.8158271189845125e-10,58,1.997706666621953e-11
00653004859,006-5300-4859,"one digit, last group",-1.8158271189845125e-10,59,-7.101997019197359e-12
00653004859,006-5300-4859,"one digit, last group",-1.8158271189845125e-10,60,-2.600556129170083e-10
00653004859,006-5300-4859,"one digit, last group",-1.8158271189845125e-10,61,-2.502328368272056e-11
00653004859,006-5300-4859,"one digit, last group",-1.8158271189845125e-10,62,-1.046526062597731e-10
00653004859,006-5300-4859,"one digit, last group",-1.8158271189845125e-10,63,2.4765553836105043e-10
00653004859,006-5300-4859,"one digit, last group",-1.8158271189845125e-10,64,7.547623325530122e-12
00653004859,006-5300-4859,"one digit, last group",-1.8158271189845125e-10,65,-6.642733327216558e-11
00653004859,006-5300-4859,"one digit, last group",-1.8158271189845125e-10,66,6.533628422908733e-10
00653004859,006-5300-4859,"one digit, last group",-1.8158271189845125e-10,67,2.700031987982517e-10
00653004859,006-5300-4859,"one digit, last group",-1.8158271189845125e-10,68,1.917708292519172e-10
00653004859,006-5300-4859,"one digit, last group",-1.8158271189845125e-10,69,2.43362024830943e-10
00653004859,006-5300-4859,"one digit, last group",-1.8158271189845125e-10,70,-1.4766621953684393e-10
00653004859,006-5300-4859,"one digit, last group",-1.8158271189845125e-10,71,7.962917977144475e-11
00653004859,006-5300-4859,"one digit, last group",-1.8158271189845125e-10,72,1.468240853421303e-12
00653004859,006-5300-4859,"one digit, last group",-1.8158271189845125e-10,73,1.1646782243293864e-10
00653004859,006-5300-4859,"one digit, last group",-1.8158271189845125e-10,74,2.2453355488991892e-11
00653004859,006-5300-4859,"one digit, last group",-1.8158271189845125e-10,75,-2.8439020352969048e-11
00653004859,006-5300-4859,"one digit, last group",-1.8158271189845125e-10,76,1.1606851385840538e-11
00653004859,006-5300-4859,"one digit, last group",-1.8158271189845125e-10,77,-2.313050020636677e-11
00653004859,006-5300-4859,"one digit, last group",-1.8158271189845125e-10,78,2.7279195373347824e-10
00653004859,006-5300-4859,"one digit, last group",-1.8158271189845125e-10,79,2.0137793695532627e-11
00653004859,006-5300-4859,"one digit, last group",-1.8158271189845125e-10,80,-1.5705095184634693e-10
00653004859,006-5300-4859,"one digit, last group",-1.8158271189845125e-10,81,-5.475186516902326e-11
00653004859,006-5300-4859,"one digit, last group",-1.8158271189845125e-10,82,6.709483533253952e-10
00653004859,006-5300-4859,"one digit, last group",-1.8158271189845125e-10,83,-7.320396946025012e-11
00653004859,006-5300-4859,"one digit, last group",-1.8158271189845125e-10,84,1.8820839148443282e-10
00653004859,006-5300-4859,"one digit, last group",-1.8158271189845125e-10,85,6.662604714408485e-12
00653004859,006-5300-4859,"one digit, last group",-1.8158271189845125e-10,86,1.955108035517785e-10
00653004859,006-5300-4859,"one digit, last group",-1.8158271189845125e-10,87,-2.7365019723121697e-12
00653004859,006-5300-4859,"one digit, last group",-1.8158271189845125e-10,88,1.022005120155728e-10
00653004859,006-5300-4859,"one digit, last group",-1.8158271189845125e-10,89,3.0072250525677104e-11
00653004859,006-5300-4859,"one digit, last group",-1.8158271189845125e-10,90,2.6125994836929394e-11
00653004859,006-5300-4859,"one digit, last group",-1.8158271189845125e-10,91,5.406775003173194e-10
00653004859,006-5300-4859,"one digit, last group",-1.8158271189845125e-10,92,-4.845609585807105e-11
00653004859,006-5300-4859,"one digit, last group",-1.8158271189845125e-10,93,-1.8776344847244995e-10
00653004859,006-5300-4859,"one digit, last group",-1.8158271189845125e-10,94,-5.97734526213406e-13
00653004859,006-5300-4859,"one digit, last group",-1.8158271189845125e-10,95,-6.588960975357999e-11
00653004859,006-5300-4859,"one digit, last group",-1.8158271189845125e-10,96,-1.2524214507553867e-10
00653004859,006-5300-4859,"one digit, last group",-1.8158271189845125e-10,97,-2.511598601809096e-10
00653004859,006-5300-4859,"one digit, last group",-1.8158271189845125e-10,98,1.7536439430598232e-10
00653004859,006-5300-4859,"one digit, last group",-1.8158271189845125e-10,99,-7.809474454198589e-11
00653004859,006-5300-4859,"one digit, last group",-1.8158271189845125e-10,100,9.311026649363003e-11
00653004859,006-5300-4859,"one digit, last group",-1.8158271189845125e-10,101,-3.1729756968525856e-10
00653004859,006-5300-4859,"one digit, last group",-1.8158271189845125e-10,102,2.519204929589446e-10
00653004859,006-5300-4859,"one digit, last group",-1.8158271189845125e-10,103,-2.6585047118750203e-10
00653004859,006-5300-4859,"one digit, last group",-1.8158271189845125e-10,104,-2.231261008199346e-10
00653004859,006-5300-4859,"one digit, last group",-1.8158271189845125e-10,105,-4.913218035765851e-11
00653004859,006-5300-4859,"one digit, last group",-1.8158271189845125e-10,106,-2.6306441414583878e-12
00653004859,006-5300-4859,"one digit, last group",-1.8158271189845125e-10,107,6.617350529465372e-11
00653004859,006-5300-4859,"one digit, last group",-1.8158271189845125e-10,108,-1.5564965899958446e-10
00653004859,006-5300-4859,"one digit, last group",-1.8158271189845125e-10,109,-2.2563592582161767e-10
00653004859,006-5300-4859,"one digit, last group",-1.8158271189845125e-10,110,8.606015025845789e-11
00653004859,006-5300-4859,"one digit, last group",-1.8158271189845125e-10,111,1.0256108614107134e-11
00653004859,006-5300-4859,"one digit, last group",-1.8158271189845125e-10,112,1.1536275795895843e-10
00653004859,006-5300-4859,"one digit, last group",-1.8158271189845125e-10,113,7.976174784792889e-12
00653004859,006-5300-4859,"one digit, last group",-1.8158271189845125e-10,114,1.0608148430548775e-10
00653004859,006-5300-4859,"one digit, last group",-1.8158271189845125e-10,115,-1.3014468875287159e-11
00653004859,006-5300-4859,"one digit, last group",-1.8158271189845125e-10,116,-1.1459839869897394e-10
00653004859,006-5300-4859,"one digit, last group",-1.8158271189845125e-10,117,-1.3099195312976735e-11
00653004859,006-5300-4859,"one digit, last group",-1.8158271189845125e-10,118,-6.891004817148943e-11
00653004859,006-5300-4859,"one digit, last group",-1.8158271189845125e-10,119,2.8952848320061804e-10
00653004859,006-5300-4859,"one digit, last group",-1.8158271189845125e-10,120,-9.619000515093335e-12
00653004859,006-5300-4859,"one digit, last group",-1.8158271189845125e-10,121,3.228975886610865e-10
00653004859,006-5300-4859,"one digit, last group",-1.8158271189845125e-10,122,-3.5916584593168724e-10
00653004859,006-5300-4859,"one digit, last group",-1.8158271189845125e-10,123,-3.8318644110594806e-11
00653004859,006-5300-4859,"one digit, last group",-1.8158271189845125e-10,124,-3.0973754247768667e-10
00653004859,006-5300-4859,"one digit, last group",-1.8158271189845125e-10,125,-1.7022859690423278e-10
00653004859,006-5300-4859,"one digit, last group",-1.8158271189845125e-10,126,1.1020841360079377e-10
00653004859,006-5300-4859,"one digit, last group",-1.8158271189845125e-10,127,-4.5633509145751594e-11
00653004859,006-5300-4859,"one digit, last group",-1.8158271189845125e-10,128,-1.6502214716154072e-10
00653004859,006-5300-4859,"one digit, last group",-1.8158271189845125e-10,129,6.450173180988111e-11
00653004859,006-5300-4859,"one digit, last group",-1.8158271189845125e-10,130,-1.002047191177596e-10
00653004859,006-5300-4859,"one digit, last group",-1.8158271189845125e-10,131,-1.6537012106532564e-10
00653004859,006-5300-4859,"one digit, last group",-1.8158271189845125e-10,132,-4.4444263445040737e-11
00653004859,006-5300-4859,"one digit, last group",-1.8158271189845125e-10,133,-1.1592172829346439e-10
00653004859,006-5300-4859,"one digit, last group",-1.8158271189845125e-10,134,1.654862858793661e-10
00653004859,006-5300-4859,"one digit, last group",-1.8158271189845125e-10,135,3.933512292019934e-11
00653004859,006-5300-4859,"one digit, last group",-1.8158271189845125e-10,136,9.743159503112957e-13
00653004859,006-5300-4859,"one digit, last group",-1.8158271189845125e-10,137,1.1818317080088036e-11
00653004859,006-5300-4859,"one digit, last group",-1.8158271189845125e-10,138,3.442943408622611e-12
00653004859,006-5300-4859,"one digit, last group",-1.8158271189845125e-10,139,-5.2502315843141474e-11
00653004859,006-5300-4859,"one digit, last group",-1.8158271189845125e-10,140,-1.9871340241806046e-10
00653004859,006-5300-4859,"one digit, last group",-1.8158271189845125e-10,141,-3.576387171532396e-11
00653004859,006-5300-4859,"one digit, last group",-1.8158271189845125e-10,142,-1.1266200793874027e-10
00653004859,006-5300-4859,"one digit, last group",-1.8158271189845125e-10,143,9.268424351704846e-11
00653004859,006-5300-4859,"one digit, last group",-1.8158271189845125e-10,144,7.487696606088672e-11
00653004859,006-5300-4859,"one digit, last group",-1.8158271189845125e-10,145,1.3919831310512584e-10
00653004859,006-5300-4859,"one digit, last group",-1.8158271189845125e-10,146,-1.0221566736324339e-11
00653004859,006-5300-4859,"one digit, last group",-1.8158271189845125e-10,147,1.8844377228543087e-10
00653004859,006-5300-4859,"one digit, last group",-1.8158271189845125e-10,148,-3.1624692903105205e-11
00653004859,006-5300-4859,"one digit, last group",-1.8158271189845125e-10,149,-2.9600603373460155e-11
00653004859,006-5300-4859,"one digit, last group",-1.8158271189845125e-10,150,-5.529516858248899e-11
00653004859,006-5300-4859,"one digit, last group",-1.8158271189845125e-10,151,-5.6487977516780266e-11
00653004859,006-5300-4859,"one digit, last group",-1.8158271189845125e-10,152,-1.942489007680836e-10
00653004859,006-5300-4859,"one digit, last group",-1.8158271189845125e-10,153,2.8118583793338345e-11
00653004859,006-5300-4859,"one digit, last group",-1.8158271189845125e-10,154,4.834998457596923e-12
00653004859,006-5300-4859,"one digit, last group",-1.8158271189845125e-10,155,-5.902033423010693e-11
00653004859,006-5300-4859,"one digit, last group",-1.8158271189845125e-10,156,-1.259131002463336e-10
00653004859,006-5300-4859,"one digit, last group",-1.8158271189845125e-10,157,-1.0867450931506843e-11
00653004859,006-5300-4859,"one digit, last group",-1.8158271189845125e-10,158,-8.69887372516102e-11
00653004859,006-5300-4859,"one digit, last group",-1.8158271189845125e-10,159,-1.1015772334522548e-10
00653004859,006-5300-4859,"one digit, last group",-1.8158271189845125e-10,160,1.269219260402185e-10
00653004859,006-5300-4859,"one digit, last group",-1.8158271189845125e-10,161,2.5528716409545293e-11
00653004859,006-5300-4859,"one digit, last group",-1.8158271189845125e-10,162,2.1430144812620944e-12
00653004859,006-5300-4859,"one digit, last group",-1.8158271189845125e-10,163,1.0797504633130616e-11
00653004859,006-5300-4859,"one digit, last group",-1.8158271189845125e-10,164,3.3967642182130073e-10
00653004859,006-5300-4859,"one digit, last group",-1.8158271189845125e-10,165,2.4745791233463145e-11
00653004859,006-5300-4859,"one digit, last group",-1.8158271189845125e-10,166,1.7749590082489655e-12
00653004859,006-5300-4859,"one digit, last group",-1.8158271189845125e-10,167,4.998680359404895e-10
00653004859,006-5300-4859,"one digit, last group",-1.8158271189845125e-10,168,-5.0851063106361116e-11
00653004859,006-5300-4859,"one digit, last group",-1.8158271189845125e-10,169,1.9920492739168563e-10
00653004859,006-5300-4859,"one digit, last group",-1.8158271189845125e-10,170,-2.136420926277307e-10
00653004859,006-5300-4859,"one digit, last group",-1.8158271189845125e-10,171,-3.107092398533452e-11
00653004859,006-5300-4859,"one digit, last group",-1.8158271189845125e-10,172,2.359546132130767e-11
00653004859,006-5300-4859,"one digit, last group",-1.8158271189845125e-10,173,2.27794351273015e-10
00653004859,006-5300-4859,"one digit, last group",-1.8158271189845125e-10,174,-4.2099052855654765e-12
00653004859,006-5300-4859,"one digit, last group",-1.8158271189845125e-10,175,-2.520261031330514e-10
00653004859,006-5300-4859,"one digit, last group",-1.8158271189845125e-10,176,-8.912113188730637e-13
00653004859,006-5300-4859,"one digit, last group",-1.8158271189845125e-10,177,-3.7056526390097366e-10
00653004859,006-5300-4859,"one digit, last group",-1.8158271189845125e-10,178,-5.907930709054815e-11
00653004859,006-5300-4859,"one digit, last group",-1.8158271189845125e-10,179,-5.138814876821135e-10
00653004859,006-5300-4859,"one digit, last group",-1.8158271189845125e-10,180,3.716470818210814e-12
00653004859,006-5300-4859,"one digit, last group",-1.8158271189845125e-10,181,-1.2971386333097577e-10
00653004859,006-5300-4859,"one digit, last group",-1.8158271189845125e-10,182,-2.2781299176375764e-10
00653004859,006-5300-4859,"one digit, last group",-1.8158271189845125e-10,183,-1.6502614530025665e-10
00653004859,006-5300-4859,"one digit, last group",-1.8158271189845125e-10,184,1.1390640005940372e-11
00653004859,006-5300-4859,"one digit, last group",-1.8158271189845125e-10,185,1.2480851947964002e-10
00653004859,006-5300-4859,"one digit, last group",-1.8158271189845125e-10,186,1.1200631424881393e-10
00653004859,006-5300-4859,"one digit, last group",-1.8158271189845125e-10,187,-3.9045828903119216e-10
00653004859,006-5300-4859,"one digit, last group",-1.8158271189845125e-10,188,-3.6913534419850197e-09
00653004859,006-5300-4859,"one digit, last group",-1.8158271189845125e-10,189,2.1420856767912814e-10
00653004859,006-5300-4859,"one digit, last group",-1.8158271189845125e-10,190,1.565661073190782e-11
00653004859,006-5300-4859,"one digit, last group",-1.8158271189845125e-10,191,3.87796722564013e-11
00653004859,006-5300-4859,"one digit, last group",-1.8158271189845125e-10,192,-1.2122340074925156e-10
00653004859,006-5300-4859,"one digit, last group",-1.8158271189845125e-10,193,5.732708119822888e-10
00653004859,006-5300-4859,"one digit, last group",-1.8158271189845125e-10,194,-1.2344637428731236e-11
00653004859,006-5300-4859,"one digit, last group",-1.8158271189845125e-10,195,1.663947585719813e-10
00653004859,006-5300-4859,"one digit, last group",-1.8158271189845125e-10,196,9.004986387677317e-11
00653004859,006-5300-4859,"one digit, last group",-1.8158271189845125e-10,197,-1.8398553276996175e-10
00653004859,006-5300-4859,"one digit, last group",-1.8158271189845125e-10,198,-2.327154050610265e-11
00653004859,006-5300-4859,"one digit, last group",-1.8158271189845125e-10,199,2.5389880056493474e-10
00653004859,006-5300-4859,"one digit, last group",-1.8158271189845125e-10,200,2.430295985293422e-11
00653004859,006-5300-4859,"one digit, last group",-1.8158271189845125e-10,201,-5.170318053159603e-11
00653004859,006-5300-4859,"one digit, last group",-1.8158271189845125e-10,202,4.0666047072668726e-10
00653004859,006-5300-4859,"one digit, last group",-1.8158271189845125e-10,203,-1.8795246118325257e-12
02050002924,020-5000-2924,"one digit, first group",2.878936114969248e-10,0,-1.4284921461934337e-10
02050002924,020-5000-2924,"one digit, first group",2.878936114969248e-10,1,-5.2101619430318384e-11
02050002924,020-5000-2924,"one digit, first group",2.878936114969248e-10,2,1.2498642895654557e-10
02050002924,020-5000-2924,"one digit, first group",2.878936114969248e-10,3,-1.4863345105261137e-11
02050002924,020-5000-2924,"one digit, first group",2.878936114969248e-10,4,2.282294904779251e-10
02050002924,020-5000-2924,"one digit, first group",2.878936114969248e-10,5,5.829223191110476e-11
02050002924,020-5000-2924,"one digit, first group",2.878936114969248e-10,6,8.306806491314028e-11
02050002924,020-5000-2924,"one digit, first group",2.878936114969248e-10,7,-5.545237548031048e-11
02050002924,020-5000-2924,"one digit, first group",2.878936114969248e-10,8,2.63468213418739e-11
02050002924,020-5000-2924,"one digit, first group",2.878936114969248e-10,9,-7.521895139028363e-11
02050002924,020-5000-2924,"one digit, first group",2.878936114969248e-10,10,1.580210383342096e-13
02050002924,020-5000-2924,"one digit, first group",2.878936114969248e-10,11,7.077338734664495e-11
02050002924,020-5000-2924,"one digit, first group",2.878936114969248e-10,12,3.794126030783344e-10
02050002924,020-5000-2924,"one digit, first group",2.878936114969248e-10,13,2.1259190188736363e-10
02050002924,020-5000-2924,"one digit, first group",2.878936114969248e-10,14,6.745192081326563e-11
02050002924,020-5000-2924,"one digit, first group",2.878936114969248e-10,15,1.8661658760968372e-11
02050002924,020-5000-2924,"one digit, first group",2.878936114969248e-10,16,6.336068221353441e-11
02050002924,020-5000-2924,"one digit, first group",2.878936114969248e-10,17,-4.6388427891442594e-10
02050002924,020-5000-2924,"one digit, first group",2.878936114969248e-10,18,-5.5812656695888264e-11
02050002924,020-5000-2924,"one digit, first group",2.878936114969248e-10,19,-1.5776697611376502e-11
02050002924,020-5000-2924,"one digit, first group",2.878936114969248e-10,20,6.998270248197062e-11
02050002924,020-5000-2924,"one digit, first group",2.878936114969248e-10,21,7.75564555205646e-11
02050002924,020-5000-2924,"one digit, first group",2.878936114969248e-10,22,2.351896720366287e-11
02050002924,020-5000-2924,"one digit, first group",2.878936114969248e-10,23,-1.4781622505155998e-10
02050002924,020-5000-2924,"one digit, first group",2.878936114969248e-10,24,1.0600117258182744e-10
02050002924,020-5000-2924,"one digit, first group",2.878936114969248e-10,25,1.2808987981274075e-11
02050002924,020-5000-2924,"one digit, first group",2.878936114969248e-10,26,1.8796221138209792e-10
02050002924,020-5000-2924,"one digit, first group",2.878936114969248e-10,27,1.7576258612380898e-10
02050002924,020-5000-2924,"one digit, first group",2.878936114969248e-10,28,-2.294145508671379e-11
02050002924,020-5000-2924,"one digit, first group",2.878936114969248e-10,29,5.446064965204721e-11
02050002924,020-5000-2924,"one digit, first group",2.878936114969248e-10,30,2.9616250360461965e-10
02050002924,020-5000-2924,"one digit, first group",2.878936114969248e-10,31,-2.0319835224460807e-10
02050002924,020-5000-2924,"one digit, first group",2.878936114969248e-10,32,2.8612402268891324e-10
02050002924,020-5000-2924,"one digit, first group",2.878936114969248e-10,33,2.419619550457099e-10
02050002924,020-5000-2924,"one digit, first group",2.878936114969248e-10,34,-6.746253674240311e-11
02050002924,020-5000-2924,"one digit, first group",2.878936114969248e-10,35,3.3845955836331184e-11
02050002924,020-5000-2924,"one digit, first group",2.878936114969248e-10,36,-1.1053382059293021e-12
02050002924,020-5000-2924,"one digit, first group",2.878936114969248e-10,37,2.201698174780542e-11
02050002924,020-5000-2924,"one digit, first group",2.878936114969248e-10,38,-8.098421322662523e-11
02050002924,020-5000-2924,"one digit, first group",2.878936114969248e-10,39,1.1083837520606692e-10
02050002924,020-5000-2924,"one digit, first group",2.878936114969248e-10,40,5.14984222842119e-10
02050002924,020-5000-2924,"one digit, first group",2.878936114969248e-10,41,4.7924040975475776e-11
02050002924,020-5000-2924,"one digit, first group",2.878936114969248e-10,42,-5.5174573901042024e-11
02050002924,020-5000-2924,"one digit, first group",2.878936114969248e-10,43,1.6354199948509695e-11
02050002924,020-5000-2924,"one digit, first group",2.878936114969248e-10,44,-6.470893583369718e-11
02050002924,020-5000-2924,"one digit, first group",2.878936114969248e-10,45,-1.385137663642758e-10
02050002924,020-5000-2924,"one digit, first group",2.878936114969248e-10,46,2.942293757069483e-11
02050002924,020-5000-2924,"one digit, first group",2.878936114969248e-10,47,2.506775038611218e-10
02050002924,020-5000-2924,"one digit, first group",2.878936114969248e-10,48,2.2176227391284895e-10
02050002924,020-5000-2924,"one digit, first group",2.878936114969248e-10,49,7.494240344829667e-11
02050002924,020-5000-2924,"one digit, first group",2.878936114969248e-10,50,5.220258993077889e-10
02050002924,020-5000-2924,"one digit, first group",2.878936114969248e-10,51,-3.956239909375074e-11
02050002924,020-5000-2924,"one digit, first group",2.878936114969248e-10,52,-4.883864682881496e-13
02050002924,020-5000-2924,"one digit, first group",2.878936114969248e-10,53,-4.265739366362394e-11
02050002924,020-5000-2924,"one digit, first group",2.878936114969248e-10,54,3.881651052282101e-11
02050002924,020-5000-2924,"one digit, first group",2.878936114969248e-10,55,-2.973765273395079e-10
02050002924,020-5000-2924,"one digit, first group",2.878936114969248e-10,56,-1.4683371554502533e-10
02050002924,020-5000-2924,"one digit, first group",2.878936114969248e-10,57,-9.52680246296223e-13
02050002924,020-5000-2924,"one digit, first group",2.878936114969248e-10,58,3.784991088036436e-12
02050002924,020-5000-2924,"one digit, first group",2.878936114969248e-10,59,-9.412116839148841e-11
02050002924,020-5000-2924,"one digit, first group",2.878936114969248e-10,60,5.8059577670401955e-11
02050002924,020-5000-2924,"one digit, first group",2.878936114969248e-10,61,-1.5009698880410664e-10
02050002924,020-5000-2924,"one digit, first group",2.878936114969248e-10,62,-3.03886932168651e-10
02050002924,020-5000-2924,"one digit, first group",2.878936114969248e-10,63,-2.1904982284196644e-10
02050002924,020-5000-2924,"one digit, first group",2.878936114969248e-10,64,1.0986925421203042e-10
02050002924,020-5000-2924,"one digit, first group",2.878936114969248e-10,65,-1.7026886324424037e-10
02050002924,020-5000-2924,"one digit, first group",2.878936114969248e-10,66,1.0116353746517966e-10
02050002924,020-5000-2924,"one digit, first group",2.878936114969248e-10,67,-5.99179190559405e-11
02050002924,020-5000-2924,"one digit, first group",2.878936114969248e-10,68,1.881359183931151e-10
02050002924,020-5000-2924,"one digit, first group",2.878936114969248e-10,69,-1.233398654845817e-10
02050002924,020-5000-2924,"one digit, first group",2.878936114969248e-10,70,5.296669947912938e-11
02050002924,020-5000-2924,"one digit, first group",2.878936114969248e-10,71,-6.79507240863275e-11
02050002924,020-5000-2924,"one digit, first group",2.878936114969248e-10,72,2.8765302973498533e-12
02050002924,020-5000-2924,"one digit, first group",2.878936114969248e-10,73,1.8087161938166183e-11
02050002924,020-5000-2924,"one digit, first group",2.878936114969248e-10,74,-1.4063155238009665e-10
02050002924,020-5000-2924,"one digit, first group",2.878936114969248e-10,75,-5.0521361529378506e-11
02050002924,020-5000-2924,"one digit, first group",2.878936114969248e-10,76,6.784934142303496e-11
02050002924,020-5000-2924,"one digit, first group",2.878936114969248e-10,77,1.4414821892140711e-11
02050002924,020-5000-2924,"one digit, first group",2.878936114969248e-10,78,-6.772894189454358e-11
02050002924,020-5000-2924,"one digit, first group",2.878936114969248e-10,79,1.5692296788603133e-10
02050002924,020-5000-2924,"one digit, first group",2.878936114969248e-10,80,3.03579029391254e-11
02050002924,020-5000-2924,"one digit, first group",2.878936114969248e-10,81,6.309765685971655e-11
02050002924,020-5000-2924,"one digit, first group",2.878936114969248e-10,82,2.747989000009528e-10
02050002924,020-5000-2924,"one digit, first group",2.878936114969248e-10,83,-1.1091755780076266e-11
02050002924,020-5000-2924,"one digit, first group",2.878936114969248e-10,84,-5.014619123685811e-12
02050002924,020-5000-2924,"one digit, first group",2.878936114969248e-10,85,2.366795068855804e-11
02050002924,020-5000-2924,"one digit, first group",2.878936114969248e-10,86,3.821508623229385e-10
02050002924,020-5000-2924,"one digit, first group",2.878936114969248e-10,87,-1.172479865594312e-10
02050002924,020-5000-2924,"one digit, first group",2.878936114969248e-10,88,4.358030226770834e-11
02050002924,020-5000-2924,"one digit, first group",2.878936114969248e-10,89,-8.563623406133874e-11
02050002924,020-5000-2924,"one digit, first group",2.878936114969248e-10,90,8.498468723844322e-12
02050002924,020-5000-2924,"one digit, first group",2.878936114969248e-10,91,1.5217953000698578e-10
02050002924,020-5000-2924,"one digit, first group",2.878936114969248e-10,92,1.4519780680582458e-10
02050002924,020-5000-2924,"one digit, first group",2.878936114969248e-10,93,3.4512512433180973e-10
02050002924,020-5000-2924,"one digit, first group",2.878936114969248e-10,94,-8.621094240718203e-11
02050002924,020-5000-2924,"one digit, first group",2.878936114969248e-10,95,-1.7660368165193375e-10
02050002924,020-5000-2924,"one digit, first group",2.878936114969248e-10,96,-1.97435045379234e-10
02050002924,020-5000-2924,"one digit, first group",2.878936114969248e-10,97,4.947602542113461e-10
02050002924,020-5000-2924,"one digit, first group",2.878936114969248e-10,98,-1.355707896259032e-10
02050002924,020-5000-2924,"one digit, first group",2.878936114969248e-10,99,-1.090991444578993e-10
02050002924,020-5000-2924,"one digit, first group",2.878936114969248e-10,100,3.302620256085029e-11
02050002924,020-5000-2924,"one digit, first group",2.878936114969248e-10,101,1.8110371460234288e-10
02050002924,020-5000-2924,"one digit, first group",2.878936114969248e-10,102,-3.8511006412466533e-11
02050002924,020-5000-2924,"one digit, first group",2.878936114969248e-10,103,3.6633072158410377e-11
02050002924,020-5000-2924,"one digit, first group",2.878936114969248e-10,104,-1.592921219897992e-10
02050002924,020-5000-2924,"one digit, first group",2.878936114969248e-10,105,-3.708059800445729e-11
02050002924,020-5000-2924,"one digit, first group",2.878936114969248e-10,106,-2.2885241052828288e-11
02050002924,020-5000-2924,"one digit, first group",2.878936114969248e-10,107,-8.395140849601572e-11
02050002924,020-5000-2924,"one digit, first group",2.878936114969248e-10,108,1.0506493577683648e-10
02050002924,020-5000-2924,"one digit, first group",2.878936114969248e-10,109,1.8065459194892075e-10
02050002924,020-5000-2924,"one digit, first group",2.878936114969248e-10,110,-2.1541570001637005e-10
02050002924,020-5000-2924,"one digit, first group",2.878936114969248e-10,111,6.854157411114739e-11
02050002924,020-5000-2924,"one digit, first group",2.878936114969248e-10,112,-5.641746636068099e-11
02050002924,020-5000-2924,"one digit, first group",2.878936114969248e-10,113,-3.00657746763134e-11
02050002924,020-5000-2924,"one digit, first group",2.878936114969248e-10,114,-1.4963928257739399e-10
02050002924,020-5000-2924,"one digit, first group",2.878936114969248e-10,115,-1.2790016832822732e-11
02050002924,020-5000-2924,"one digit, first group",2.878936114969248e-10,116,6.910506484570163e-11
02050002924,020-5000-2924,"one digit, first group",2.878936114969248e-10,117,-1.0003591251944018e-10
02050002924,020-5000-2924,"one digit, first group",2.878936114969248e-10,118,-6.896519315509451e-10
02050002924,020-5000-2924,"one digit, first group",2.878936114969248e-10,119,1.2767619597422383e-10
02050002924,020-5000-2924,"one digit, first group",2.878936114969248e-10,120,7.833298208146962e-11
02050002924,020-5000-2924,"one digit, first group",2.878936114969248e-10,121,-2.399792196831473e-10
02050002924,020-5000-2924,"one digit, first group",2.878936114969248e-10,122,4.379744976525357e-11
02050002924,020-5000-2924,"one digit, first group",2.878936114969248e-10,123,1.241293993288408e-11
02050002924,020-5000-2924,"one digit, first group",2.878936114969248e-10,124,-4.0399701280658196e-10
02050002924,020-5000-2924,"one digit, first group",2.878936114969248e-10,125,-1.512825656788992e-12
02050002924,020-5000-2924,"one digit, first group",2.878936114969248e-10,126,-9.910153450778048e-11
02050002924,020-5000-2924,"one digit, first group",2.878936114969248e-10,127,3.039807448620178e-10
02050002924,020-5000-2924,"one digit, first group",2.878936114969248e-10,128,-2.6730077129904043e-10
02050002924,020-5000-2924,"one digit, first group",2.878936114969248e-10,129,7.766758188896606e-11
02050002924,020-5000-2924,"one digit, first group",2.878936114969248e-10,130,3.489423173850224e-11
02050002924,020-5000-2924,"one digit, first group",2.878936114969248e-10,131,1.3698399180496763e-11
02050002924,020-5000-2924,"one digit, first group",2.878936114969248e-10,132,-1.2694254472236002e-11
02050002924,020-5000-2924,"one digit, first group",2.878936114969248e-10,133,1.5551915868374226e-10
02050002924,020-5000-2924,"one digit, first group",2.878936114969248e-10,134,-8.776611149883702e-11
02050002924,020-5000-2924,"one digit, first group",2.878936114969248e-10,135,8.518378485449901e-11
02050002924,020-5000-2924,"one digit, first group",2.878936114969248e-10,136,2.6070799722161138e-11
02050002924,020-5000-2924,"one digit, first group",2.878936114969248e-10,137,-1.2455085745827703e-10
02050002924,020-5000-2924,"one digit, first group",2.878936114969248e-10,138,1.175827495490088e-10
02050002924,020-5000-2924,"one digit, first group",2.878936114969248e-10,139,-1.5059366949140294e-10
02050002924,020-5000-2924,"one digit, first group",2.878936114969248e-10,140,8.128010092781699e-11
02050002924,020-5000-2924,"one digit, first group",2.878936114969248e-10,141,4.340027848737214e-10
02050002924,020-5000-2924,"one digit, first group",2.878936114969248e-10,142,1.1706069753501743e-09
02050002924,020-5000-2924,"one digit, first group",2.878936114969248e-10,143,-1.6533003555462882e-09
02050002924,020-5000-2924,"one digit, first group",2.878936114969248e-10,144,-1.6100451865136766e-09
02050002924,020-5000-2924,"one digit, first group",2.878936114969248e-10,145,4.996107811871706e-10
02050002924,020-5000-2924,"one digit, first group",2.878936114969248e-10,146,2.736973566930051e-08
02050002924,020-5000-2924,"one digit, first group",2.878936114969248e-10,147,-3.201264763907003e-09
02050002924,020-5000-2924,"one digit, first group",2.878936114969248e-10,148,2.7998578079156397e-10
02050002924,020-5000-2924,"one digit, first group",2.878936114969248e-10,149,5.129542504064923e-10
02050002924,020-5000-2924,"one digit, first group",2.878936114969248e-10,150,1.8334882068224958e-10
02050002924,020-5000-2924,"one digit, first group",2.878936114969248e-10,151,-4.2855505738245634e-11
02050002924,020-5000-2924,"one digit, first group",2.878936114969248e-10,152,-1.3593068795950307e-11
02050002924,020-5000-2924,"one digit, first group",2.878936114969248e-10,153,1.197914382880894e-10
02050002924,020-5000-2924,"one digit, first group",2.878936114969248e-10,154,6.18518252063291e-11
02050002924,020-5000-2924,"one digit, first group",2.878936114969248e-10,155,1.8702932989253134e-10
02050002924,020-5000-2924,"one digit, first group",2.878936114969248e-10,156,6.0768230977407715e-09
02050002924,020-5000-2924,"one digit, first group",2.878936114969248e-10,157,-4.527275303308787e-11
02050002924,020-5000-2924,"one digit, first group",2.878936114969248e-10,158,-8.520716888978519e-11
02050002924,020-5000-2924,"one digit, first group",2.878936114969248e-10,159,9.039274395632734e-11
02050002924,020-5000-2924,"one digit, first group",2.878936114969248e-10,160,-2.075478049082586e-08
02050002924,020-5000-2924,"one digit, first group",2.878936114969248e-10,161,1.8333057155691822e-11
02050002924,020-5000-2924,"one digit, first group",2.878936114969248e-10,162,-4.651698966544358e-11
02050002924,020-5000-2924,"one digit, first group",2.878936114969248e-10,163,3.4965813508913747e-09
02050002924,020-5000-2924,"one digit, first group",2.878936114969248e-10,164,2.3191125188537687e-09
02050002924,020-5000-2924,"one digit, first group",2.878936114969248e-10,165,2.735521589296216e-10
02050002924,020-5000-2924,"one digit, first group",2.878936114969248e-10,166,9.957234411030056e-12
02050002924,020-5000-2924,"one digit, first group",2.878936114969248e-10,167,5.132802308516716e-11
02050002924,020-5000-2924,"one digit, first group",2.878936114969248e-10,168,6.059896765636036e-10
02050002924,020-5000-2924,"one digit, first group",2.878936114969248e-10,169,-9.149066956326828e-11
02050002924,020-5000-2924,"one digit, first group",2.878936114969248e-10,170,-6.068437051623515e-11
02050002924,020-5000-2924,"one digit, first group",2.878936114969248e-10,171,-6.965817736810853e-11
02050002924,020-5000-2924,"one digit, first group",2.878936114969248e-10,172,-2.4575980683714927e-11
02050002924,020-5000-2924,"one digit, first group",2.878936114969248e-10,173,-1.2856157436670598e-10
02050002924,020-5000-2924,"one digit, first group",2.878936114969248e-10,174,-1.0521363098669966e-10
02050002924,020-5000-2924,"one digit, first group",2.878936114969248e-10,175,-2.995692138643281e-10
02050002924,020-5000-2924,"one digit, first group",2.878936114969248e-10,176,3.041100545095785e-11
02050002924,020-5000-2924,"one digit, first group",2.878936114969248e-10,177,-1.0456160119582126e-10
02050002924,020-5000-2924,"one digit, first group",2.878936114969248e-10,178,-5.442001746854269e-11
02050002924,020-5000-2924,"one digit, first group",2.878936114969248e-10,179,-1.3338060310003982e-10
02050002924,020-5000-2924,"one digit, first group",2.878936114969248e-10,180,1.245967912256962e-10
02050002924,020-5000-2924,"one digit, first group",2.878936114969248e-10,181,2.6471603802235946e-10
02050002924,020-5000-2924,"one digit, first group",2.878936114969248e-10,182,4.564172113932239e-11
02050002924,020-5000-2924,"one digit, first group",2.878936114969248e-10,183,9.357726297414792e-11
02050002924,020-5000-2924,"one digit, first group",2.878936114969248e-10,184,7.232282952641458e-11
02050002924,020-5000-2924,"one digit, first group",2.878936114969248e-10,185,-3.665686604793158e-11
02050002924,020-5000-2924,"one digit, first group",2.878936114969248e-10,186,-1.5831339765577619e-10
02050002924,020-5000-2924,"one digit, first group",2.878936114969248e-10,187,1.1022001580472702e-11
02050002924,020-5000-2924,"one digit, first group",2.878936114969248e-10,188,-5.206259921262081e-11
02050002924,020-5000-2924,"one digit, first group",2.878936114969248e-10,189,-5.351569019610451e-11
02050002924,020-5000-2924,"one digit, first group",2.878936114969248e-10,190,-1.3600342667612507e-10
02050002924,020-5000-2924,"one digit, first group",2.878936114969248e-10,191,2.192199340720201e-11
02050002924,020-5000-2924,"one digit, first group",2.878936114969248e-10,192,-5.961507681489196e-11
02050002924,020-5000-2924,"one digit, first group",2.878936114969248e-10,193,9.729481903929708e-11
02050002924,020-5000-2924,"one digit, first group",2.878936114969248e-10,194,3.364948969483561e-11
02050002924,020-5000-2924,"one digit, first group",2.878936114969248e-10,195,5.794236631439692e-11
02050002924,020-5000-2924,"one digit, first group",2.878936114969248e-10,196,-1.0083144580764006e-10
02050002924,020-5000-2924,"one digit, first group",2.878936114969248e-10,197,-1.6674040658595637e-10
02050002924,020-5000-2924,"one digit, first group",2.878936114969248e-10,198,5.0403851857260055e-14
02050002924,020-5000-2924,"one digit, first group",2.878936114969248e-10,199,1.0259463254496416e-10
02050002924,020-5000-2924,"one digit, first group",2.878936114969248e-10,200,6.2267212905883696e-12
02050002924,020-5000-2924,"one digit, first group",2.878936114969248e-10,201,4.6196972354348235e-12
02050002924,020-5000-2924,"one digit, first group",2.878936114969248e-10,202,8.370913715748339e-11
02050002924,020-5000-2924,"one digit, first group",2.878936114969248e-10,203,3.676353991388127e-11
01050102924,010-5010-2924,"one digit, middle group",3.293114326821996e-11,0,1.5477224802803866e-12
01050102924,010-5010-2924,"one digit, middle group",3.293114326821996e-11,1,2.0371597552032948e-11
01050102924,010-5010-2924,"one digit, middle group",3.293114326821996e-11,2,2.375750237299951e-10
01050102924,010-5010-2924,"one digit, middle group",3.293114326821996e-11,3,1.423826136752998e-11
01050102924,010-5010-2924,"one digit, middle group",3.293114326821996e-11,4,-2.513658971643338e-11
01050102924,010-5010-2924,"one digit, middle group",3.293114326821996e-11,5,-2.2872396708257913e-10
01050102924,010-5010-2924,"one digit, middle group",3.293114326821996e-11,6,7.248117342723459e-11
01050102924,010-5010-2924,"one digit, middle group",3.293114326821996e-11,7,2.8729499478562556e-10
01050102924,010-5010-2924,"one digit, middle group",3.293114326821996e-11,8,2.3823737032785796e-10
01050102924,010-5010-2924,"one digit, middle group",3.293114326821996e-11,9,9.274211379722091e-11
01050102924,010-5010-2924,"one digit, middle group",3.293114326821996e-11,10,-6.984346954076529e-12
01050102924,010-5010-2924,"one digit, middle group",3.293114326821996e-11,11,-5.34011427896265e-11
01050102924,010-5010-2924,"one digit, middle group",3.293114326821996e-11,12,1.1866397102079212e-10
01050102924,010-5010-2924,"one digit, middle group",3.293114326821996e-11,13,3.3142507594879875e-10
01050102924,010-5010-2924,"one digit, middle group",3.293114326821996e-11,14,6.376622541808952e-11
01050102924,010-5010-2924,"one digit, middle group",3.293114326821996e-11,15,-1.4483811332514745e-11
01050102924,010-5010-2924,"one digit, middle group",3.293114326821996e-11,16,7.888164822962643e-11
01050102924,010-5010-2924,"one digit, middle group",3.293114326821996e-11,17,5.512855083853398e-10
01050102924,010-5010-2924,"one digit, middle group",3.293114326821996e-11,18,-4.4197171366079496e-11
01050102924,010-5010-2924,"one digit, middle group",3.293114326821996e-11,19,-5.223285835084379e-11
01050102924,010-5010-2924,"one digit, middle group",3.293114326821996e-11,20,1.0901788995972522e-10
01050102924,010-5010-2924,"one digit, middle group",3.293114326821996e-11,21,4.4770649401077575e-11
01050102924,010-5010-2924,"one digit, middle group",3.293114326821996e-11,22,-1.2699155116065948e-10
01050102924,010-5010-2924,"one digit, middle group",3.293114326821996e-11,23,-5.2947930308766886e-11
01050102924,010-5010-2924,"one digit, middle group",3.293114326821996e-11,24,-1.804177638820172e-10
01050102924,010-5010-2924,"one digit, middle group",3.293114326821996e-11,25,-6.043124652587648e-11
01050102924,010-5010-2924,"one digit, middle group",3.293114326821996e-11,26,1.789262969440886e-11
01050102924,010-5010-2924,"one digit, middle group",3.293114326821996e-11,27,1.2668590860997249e-11
01050102924,010-5010-2924,"one digit, middle group",3.293114326821996e-11,28,2.5051857328444437e-11
01050102924,010-5010-2924,"one digit, middle group",3.293114326821996e-11,29,6.816458129356157e-11
01050102924,010-5010-2924,"one digit, middle group",3.293114326821996e-11,30,1.113920886579094e-10
01050102924,010-5010-2924,"one digit, middle group",3.293114326821996e-11,31,9.943552802863914e-11
01050102924,010-5010-2924,"one digit, middle group",3.293114326821996e-11,32,-3.603647151359176e-10
01050102924,010-5010-2924,"one digit, middle group",3.293114326821996e-11,33,-1.3450080059913516e-10
01050102924,010-5010-2924,"one digit, middle group",3.293114326821996e-11,34,-2.128189589373168e-10
01050102924,010-5010-2924,"one digit, middle group",3.293114326821996e-11,35,-7.076327728268729e-12
01050102924,010-5010-2924,"one digit, middle group",3.293114326821996e-11,36,2.1600918397331866e-11
01050102924,010-5010-2924,"one digit, middle group",3.293114326821996e-11,37,1.788323645344074e-11
01050102924,010-5010-2924,"one digit, middle group",3.293114326821996e-11,38,8.011131435790293e-11
01050102924,010-5010-2924,"one digit, middle group",3.293114326821996e-11,39,-1.6042559720707184e-10
01050102924,010-5010-2924,"one digit, middle group",3.293114326821996e-11,40,-1.546252083033553e-10
01050102924,010-5010-2924,"one digit, middle group",3.293114326821996e-11,41,9.982380930217305e-11
01050102924,010-5010-2924,"one digit, middle group",3.293114326821996e-11,42,5.12162638267598e-11
01050102924,010-5010-2924,"one digit, middle group",3.293114326821996e-11,43,1.2283557725300318e-11
01050102924,010-5010-2924,"one digit, middle group",3.293114326821996e-11,44,3.7170496438355785e-11
01050102924,010-5010-2924,"one digit, middle group",3.293114326821996e-11,45,2.5103640666740184e-10
01050102924,010-5010-2924,"one digit, middle group",3.293114326821996e-11,46,1.3097321507570943e-10
01050102924,010-5010-2924,"one digit, middle group",3.293114326821996e-11,47,2.6403816348839303e-10
01050102924,010-5010-2924,"one digit, middle group",3.293114326821996e-11,48,1.333913328893019e-10
01050102924,010-5010-2924,"one digit, middle group",3.293114326821996e-11,49,8.862184010598296e-11
01050102924,010-5010-2924,"one digit, middle group",3.293114326821996e-11,50,1.2071692453347776e-10
01050102924,010-5010-2924,"one digit, middle group",3.293114326821996e-11,51,-3.226059334552546e-11
01050102924,010-5010-2924,"one digit, middle group",3.293114326821996e-11,52,4.454503327465077e-10
01050102924,010-5010-2924,"one digit, middle group",3.293114326821996e-11,53,-2.3003373038459226e-11
01050102924,010-5010-2924,"one digit, middle group",3.293114326821996e-11,54,8.378149634536886e-11
01050102924,010-5010-2924,"one digit, middle group",3.293114326821996e-11,55,-1.5641619718928127e-11
01050102924,010-5010-2924,"one digit, middle group",3.293114326821996e-11,56,8.674863008659266e-12
01050102924,010-5010-2924,"one digit, middle group",3.293114326821996e-11,57,6.202454011046774e-11
01050102924,010-5010-2924,"one digit, middle group",3.293114326821996e-11,58,-2.732018818859048e-11
01050102924,010-5010-2924,"one digit, middle group",3.293114326821996e-11,59,1.3399121253861343e-10
01050102924,010-5010-2924,"one digit, middle group",3.293114326821996e-11,60,3.2166393026271007e-11
01050102924,010-5010-2924,"one digit, middle group",3.293114326821996e-11,61,-8.044100281272747e-11
01050102924,010-5010-2924,"one digit, middle group",3.293114326821996e-11,62,-2.1997757682119976e-10
01050102924,010-5010-2924,"one digit, middle group",3.293114326821996e-11,63,2.2598592085751124e-10
01050102924,010-5010-2924,"one digit, middle group",3.293114326821996e-11,64,4.422090874827208e-11
01050102924,010-5010-2924,"one digit, middle group",3.293114326821996e-11,65,7.255922139770212e-11
01050102924,010-5010-2924,"one digit, middle group",3.293114326821996e-11,66,-4.5694517210902834e-10
01050102924,010-5010-2924,"one digit, middle group",3.293114326821996e-11,67,-1.1932303349442022e-10
01050102924,010-5010-2924,"one digit, middle group",3.293114326821996e-11,68,5.4292038439399725e-11
01050102924,010-5010-2924,"one digit, middle group",3.293114326821996e-11,69,-1.1593975805933446e-10
01050102924,010-5010-2924,"one digit, middle group",3.293114326821996e-11,70,-3.411246721383842e-11
01050102924,010-5010-2924,"one digit, middle group",3.293114326821996e-11,71,-2.3682561588231722e-11
01050102924,010-5010-2924,"one digit, middle group",3.293114326821996e-11,72,4.731146390615567e-12
01050102924,010-5010-2924,"one digit, middle group",3.293114326821996e-11,73,-9.494706957711076e-11
01050102924,010-5010-2924,"one digit, middle group",3.293114326821996e-11,74,2.6354852689206696e-10
01050102924,010-5010-2924,"one digit, middle group",3.293114326821996e-11,75,8.975089508769025e-11
01050102924,010-5010-2924,"one digit, middle group",3.293114326821996e-11,76,-5.159965421893426e-12
01050102924,010-5010-2924,"one digit, middle group",3.293114326821996e-11,77,1.64753017369217e-11
01050102924,010-5010-2924,"one digit, middle group",3.293114326821996e-11,78,1.8429546882006238e-10
01050102924,010-5010-2924,"one digit, middle group",3.293114326821996e-11,79,1.0945001597287479e-10
01050102924,010-5010-2924,"one digit, middle group",3.293114326821996e-11,80,1.0819889161795793e-10
01050102924,010-5010-2924,"one digit, middle group",3.293114326821996e-11,81,2.2658757909949928e-10
01050102924,010-5010-2924,"one digit, middle group",3.293114326821996e-11,82,2.40901158082156e-10
01050102924,010-5010-2924,"one digit, middle group",3.293114326821996e-11,83,1.420551774629546e-11
01050102924,010-5010-2924,"one digit, middle group",3.293114326821996e-11,84,-1.3918742207801185e-11
01050102924,010-5010-2924,"one digit, middle group",3.293114326821996e-11,85,-1.3507176188936697e-11
01050102924,010-5010-2924,"one digit, middle group",3.293114326821996e-11,86,-1.54169993627638e-10
01050102924,010-5010-2924,"one digit, middle group",3.293114326821996e-11,87,-3.5765782697905283e-12
01050102924,010-5010-2924,"one digit, middle group",3.293114326821996e-11,88,1.6749704255247394e-11
01050102924,010-5010-2924,"one digit, middle group",3.293114326821996e-11,89,-1.0892404406005223e-10
01050102924,010-5010-2924,"one digit, middle group",3.293114326821996e-11,90,7.867760626549813e-11
01050102924,010-5010-2924,"one digit, middle group",3.293114326821996e-11,91,2.8780855694062345e-13
01050102924,010-5010-2924,"one digit, middle group",3.293114326821996e-11,92,-1.124057179032313e-10
01050102924,010-5010-2924,"one digit, middle group",3.293114326821996e-11,93,1.179400365842004e-10
01050102924,010-5010-2924,"one digit, middle group",3.293114326821996e-11,94,7.66376361163796e-12
01050102924,010-5010-2924,"one digit, middle group",3.293114326821996e-11,95,-5.9364249437051e-11
01050102924,010-5010-2924,"one digit, middle group",3.293114326821996e-11,96,-2.2293273488522053e-10
01050102924,010-5010-2924,"one digit, middle group",3.293114326821996e-11,97,1.0100171362149493e-10
01050102924,010-5010-2924,"one digit, middle group",3.293114326821996e-11,98,-3.587658684206648e-10
01050102924,010-5010-2924,"one digit, middle group",3.293114326821996e-11,99,-9.508536090691148e-12
01050102924,010-5010-2924,"one digit, middle group",3.293114326821996e-11,100,1.011799715967696e-10
01050102924,010-5010-2924,"one digit, middle group",3.293114326821996e-11,101,2.25589789842797e-10
01050102924,010-5010-2924,"one digit, middle group",3.293114326821996e-11,102,1.4253516192541177e-10
01050102924,010-5010-2924,"one digit, middle group",3.293114326821996e-11,103,3.233701708038728e-10
01050102924,010-5010-2924,"one digit, middle group",3.293114326821996e-11,104,-8.791227010711564e-11
01050102924,010-5010-2924,"one digit, middle group",3.293114326821996e-11,105,5.0735776444075035e-11
01050102924,010-5010-2924,"one digit, middle group",3.293114326821996e-11,106,-1.2521086978195165e-10
01050102924,010-5010-2924,"one digit, middle group",3.293114326821996e-11,107,1.1629157173789415e-11
01050102924,010-5010-2924,"one digit, middle group",3.293114326821996e-11,108,-5.682682862625199e-11
01050102924,010-5010-2924,"one digit, middle group",3.293114326821996e-11,109,5.619438014622255e-11
01050102924,010-5010-2924,"one digit, middle group",3.293114326821996e-11,110,-3.763971054943082e-11
01050102924,010-5010-2924,"one digit, middle group",3.293114326821996e-11,111,6.859104831779879e-11
01050102924,010-5010-2924,"one digit, middle group",3.293114326821996e-11,112,3.014793451501873e-10
01050102924,010-5010-2924,"one digit, middle group",3.293114326821996e-11,113,3.0168438963798183e-12
01050102924,010-5010-2924,"one digit, middle group",3.293114326821996e-11,114,-1.5596501339547222e-10
01050102924,010-5010-2924,"one digit, middle group",3.293114326821996e-11,115,-1.4059669965820902e-11
01050102924,010-5010-2924,"one digit, middle group",3.293114326821996e-11,116,6.933619764785675e-12
01050102924,010-5010-2924,"one digit, middle group",3.293114326821996e-11,117,-6.467231952324029e-11
01050102924,010-5010-2924,"one digit, middle group",3.293114326821996e-11,118,1.7089390570528355e-10
01050102924,010-5010-2924,"one digit, middle group",3.293114326821996e-11,119,7.90612574688843e-11
01050102924,010-5010-2924,"one digit, middle group",3.293114326821996e-11,120,6.876043780416765e-11
01050102924,010-5010-2924,"one digit, middle group",3.293114326821996e-11,121,-8.005704533517087e-11
01050102924,010-5010-2924,"one digit, middle group",3.293114326821996e-11,122,1.0466221097230986e-10
01050102924,010-5010-2924,"one digit, middle group",3.293114326821996e-11,123,1.5749869393820808e-12
01050102924,010-5010-2924,"one digit, middle group",3.293114326821996e-11,124,4.1029738776651606e-10
01050102924,010-5010-2924,"one digit, middle group",3.293114326821996e-11,125,1.7694070034071272e-10
01050102924,010-5010-2924,"one digit, middle group",3.293114326821996e-11,126,4.213756769194645e-12
01050102924,010-5010-2924,"one digit, middle group",3.293114326821996e-11,127,-4.397320301365797e-11
01050102924,010-5010-2924,"one digit, middle group",3.293114326821996e-11,128,-2.664326314084177e-10
01050102924,010-5010-2924,"one digit, middle group",3.293114326821996e-11,129,-1.7001485579948832e-10
01050102924,010-5010-2924,"one digit, middle group",3.293114326821996e-11,130,-2.6690875343982096e-11
01050102924,010-5010-2924,"one digit, middle group",3.293114326821996e-11,131,1.781555102916405e-10
01050102924,010-5010-2924,"one digit, middle group",3.293114326821996e-11,132,9.452400996045116e-12
01050102924,010-5010-2924,"one digit, middle group",3.293114326821996e-11,133,-3.805944672128374e-11
01050102924,010-5010-2924,"one digit, middle group",3.293114326821996e-11,134,-2.1062585995192996e-10
01050102924,010-5010-2924,"one digit, middle group",3.293114326821996e-11,135,4.006472131498291e-12
01050102924,010-5010-2924,"one digit, middle group",3.293114326821996e-11,136,-8.140469159175313e-12
01050102924,010-5010-2924,"one digit, middle group",3.293114326821996e-11,137,-3.2486931904668205e-11
01050102924,010-5010-2924,"one digit, middle group",3.293114326821996e-11,138,3.5347926657722326e-10
01050102924,010-5010-2924,"one digit, middle group",3.293114326821996e-11,139,-2.6037547306381308e-11
01050102924,010-5010-2924,"one digit, middle group",3.293114326821996e-11,140,-1.628353949762882e-11
01050102924,010-5010-2924,"one digit, middle group",3.293114326821996e-11,141,5.115899735961592e-10
01050102924,010-5010-2924,"one digit, middle group",3.293114326821996e-11,142,3.0681732952019442e-09
01050102924,010-5010-2924,"one digit, middle group",3.293114326821996e-11,143,1.5758941834002922e-09
01050102924,010-5010-2924,"one digit, middle group",3.293114326821996e-11,144,7.650027568880204e-09
01050102924,010-5010-2924,"one digit, middle group",3.293114326821996e-11,145,-3.5164791219850036e-09
01050102924,010-5010-2924,"one digit, middle group",3.293114326821996e-11,146,-1.5959256760431707e-10
01050102924,010-5010-2924,"one digit, middle group",3.293114326821996e-11,147,8.287734389265086e-09
01050102924,010-5010-2924,"one digit, middle group",3.293114326821996e-11,148,1.431610021523356e-09
01050102924,010-5010-2924,"one digit, middle group",3.293114326821996e-11,149,2.5473507311768332e-09
01050102924,010-5010-2924,"one digit, middle group",3.293114326821996e-11,150,9.19737595870966e-11
01050102924,010-5010-2924,"one digit, middle group",3.293114326821996e-11,151,1.891477674205689e-12
01050102924,010-5010-2924,"one digit, middle group",3.293114326821996e-11,152,-6.788659491699598e-11
01050102924,010-5010-2924,"one digit, middle group",3.293114326821996e-11,153,3.159886135210974e-11
01050102924,010-5010-2924,"one digit, middle group",3.293114326821996e-11,154,-1.7830694384393698e-11
01050102924,010-5010-2924,"one digit, middle group",3.293114326821996e-11,155,4.689700189064649e-10
01050102924,010-5010-2924,"one digit, middle group",3.293114326821996e-11,156,-2.1167369582427305e-09
01050102924,010-5010-2924,"one digit, middle group",3.293114326821996e-11,157,-2.658991951923877e-11
01050102924,010-5010-2924,"one digit, middle group",3.293114326821996e-11,158,-3.9095785860754015e-11
01050102924,010-5010-2924,"one digit, middle group",3.293114326821996e-11,159,-1.2372159473186316e-10
01050102924,010-5010-2924,"one digit, middle group",3.293114326821996e-11,160,-3.196130611850812e-08
01050102924,010-5010-2924,"one digit, middle group",3.293114326821996e-11,161,4.3997320097484386e-11
01050102924,010-5010-2924,"one digit, middle group",3.293114326821996e-11,162,4.353148842164169e-11
01050102924,010-5010-2924,"one digit, middle group",3.293114326821996e-11,163,6.304733084660455e-09
01050102924,010-5010-2924,"one digit, middle group",3.293114326821996e-11,164,-8.801738160691154e-10
01050102924,010-5010-2924,"one digit, middle group",3.293114326821996e-11,165,8.404251395401468e-11
01050102924,010-5010-2924,"one digit, middle group",3.293114326821996e-11,166,-5.1816002865062926e-11
01050102924,010-5010-2924,"one digit, middle group",3.293114326821996e-11,167,8.36272998921803e-11
01050102924,010-5010-2924,"one digit, middle group",3.293114326821996e-11,168,-1.8850766266655748e-10
01050102924,010-5010-2924,"one digit, middle group",3.293114326821996e-11,169,1.837520916953143e-10
01050102924,010-5010-2924,"one digit, middle group",3.293114326821996e-11,170,-6.245232487750125e-11
01050102924,010-5010-2924,"one digit, middle group",3.293114326821996e-11,171,-4.69911925203802e-11
01050102924,010-5010-2924,"one digit, middle group",3.293114326821996e-11,172,-5.7485114753198655e-11
01050102924,010-5010-2924,"one digit, middle group",3.293114326821996e-11,173,1.3135887281854182e-10
01050102924,010-5010-2924,"one digit, middle group",3.293114326821996e-11,174,7.626668051482302e-11
01050102924,010-5010-2924,"one digit, middle group",3.293114326821996e-11,175,3.3114993684688066e-11
01050102924,010-5010-2924,"one digit, middle group",3.293114326821996e-11,176,-1.3495204166341875e-11
01050102924,010-5010-2924,"one digit, middle group",3.293114326821996e-11,177,2.542557854553792e-10
01050102924,010-5010-2924,"one digit, middle group",3.293114326821996e-11,178,2.793485244985016e-10
01050102924,010-5010-2924,"one digit, middle group",3.293114326821996e-11,179,2.5703814289731203e-10
01050102924,010-5010-2924,"one digit, middle group",3.293114326821996e-11,180,1.213666841200864e-10
01050102924,010-5010-2924,"one digit, middle group",3.293114326821996e-11,181,-2.906617668468911e-11
01050102924,010-5010-2924,"one digit, middle group",3.293114326821996e-11,182,-3.684340646789054e-10
01050102924,010-5010-2924,"one digit, middle group",3.293114326821996e-11,183,6.699962121724448e-11
01050102924,010-5010-2924,"one digit, middle group",3.293114326821996e-11,184,3.4812667793942947e-11
01050102924,010-5010-2924,"one digit, middle group",3.293114326821996e-11,185,8.054448270278476e-11
01050102924,010-5010-2924,"one digit, middle group",3.293114326821996e-11,186,-1.1436316951733677e-10
01050102924,010-5010-2924,"one digit, middle group",3.293114326821996e-11,187,5.667227548226824e-11
01050102924,010-5010-2924,"one digit, middle group",3.293114326821996e-11,188,-9.179937276376802e-11
01050102924,010-5010-2924,"one digit, middle group",3.293114326821996e-11,189,2.830606623444883e-11
01050102924,010-5010-2924,"one digit, middle group",3.293114326821996e-11,190,-2.462968852297157e-10
01050102924,010-5010-2924,"one digit, middle group",3.293114326821996e-11,191,-6.737417515893653e-11
01050102924,010-5010-2924,"one digit, middle group",3.293114326821996e-11,192,-5.3993812586946104e-11
01050102924,010-5010-2924,"one digit, middle group",3.293114326821996e-11,193,2.3521818301795213e-10
01050102924,010-5010-2924,"one digit, middle group",3.293114326821996e-11,194,5.2738633983723506e-11
01050102924,010-5010-2924,"one digit, middle group",3.293114326821996e-11,195,2.859984946454445e-11
01050102924,010-5010-2924,"one digit, middle group",3.293114326821996e-11,196,4.7965121527627375e-11
01050102924,010-5010-2924,"one digit, middle group",3.293114326821996e-11,197,4.7347512093665934e-11
01050102924,010-5010-2924,"one digit, middle group",3.293114326821996e-11,198,-1.9599095869195717e-10
01050102924,010-5010-2924,"one digit, middle group",3.293114326821996e-11,199,5.627097277908403e-10
01050102924,010-5010-2924,"one digit, middle group",3.293114326821996e-11,200,-9.045380437923898e-11
01050102924,010-5010-2924,"one digit, middle group",3.293114326821996e-11,201,1.1374282778367148e-10
01050102924,010-5010-2924,"one digit, middle group",3.293114326821996e-11,202,-6.38544872042689e-11
01050102924,010-5010-2924,"one digit, middle group",3.293114326821996e-11,203,2.3181744838547205e-11
01011112222,010-1111-2222,not in the log,1.2595334951170962e-10,0,7.872744011408186e-11
01011112222,010-1111-2222,not in the log,1.2595334951170962e-10,1,1.2167168222590973e-10
01011112222,010-1111-2222,not in the log,1.2595334951170962e-10,2,-1.792074932196634e-10
01011112222,010-1111-2222,not in the log,1.2595334951170962e-10,3,-2.8491018392614327e-11
01011112222,010-1111-2222,not in the log,1.2595334951170962e-10,4,-1.4674913027676684e-10
01011112222,010-1111-2222,not in the log,1.2595334951170962e-10,5,-9.345595262569398e-11
01011112222,010-1111-2222,not in the log,1.2595334951170962e-10,6,5.207899795482219e-11
01011112222,010-1111-2222,not in the log,1.2595334951170962e-10,7,-1.0910887727316421e-11
01011112222,010-1111-2222,not in the log,1.2595334951170962e-10,8,1.377077259682987e-10
01011112222,010-1111-2222,not in the log,1.2595334951170962e-10,9,5.0364088557227954e-11
01011112222,010-1111-2222,not in the log,1.2595334951170962e-10,10,7.611379276948301e-11
01011112222,010-1111-2222,not in the log,1.2595334951170962e-10,11,-1.1239525978817312e-10
01011112222,010-1111-2222,not in the log,1.2595334951170962e-10,12,-1.8084694407872955e-10
01011112222,010-1111-2222,not in the log,1.2595334951170962e-10,13,-2.1195798259818685e-10
01011112222,010-1111-2222,not in the log,1.2595334951170962e-10,14,-7.042904037353553e-11
01011112222,010-1111-2222,not in the log,1.2595334951170962e-10,15,6.051964111466266e-11
01011112222,010-1111-2222,not in the log,1.2595334951170962e-10,16,-3.2784945028427643e-10
01011112222,010-1111-2222,not in the log,1.2595334951170962e-10,17,1.469074941611968e-10
01011112222,010-1111-2222,not in the log,1.2595334951170962e-10,18,-2.374235949012436e-10
01011112222,010-1111-2222,not in the log,1.2595334951170962e-10,19,2.3455690594462306e-11
01011112222,010-1111-2222,not in the log,1.2595334951170962e-10,20,-7.209378233204247e-11
01011112222,010-1111-2222,not in the log,1.2595334951170962e-10,21,-2.1094034140056959e-10
01011112222,010-1111-2222,not in the log,1.2595334951170962e-10,22,1.430969367791138e-10
01011112222,010-1111-2222,not in the log,1.2595334951170962e-10,23,1.0787820880779516e-10
01011112222,010-1111-2222,not in the log,1.2595334951170962e-10,24,-3.059939573804816e-10
01011112222,010-1111-2222,not in the log,1.2595334951170962e-10,25,1.7562848917498433e-11
01011112222,010-1111-2222,not in the log,1.2595334951170962e-10,26,-1.184045584383112e-10
01011112222,010-1111-2222,not in the log,1.2595334951170962e-10,27,-1.5088068833945262e-11
01011112222,010-1111-2222,not in the log,1.2595334951170962e-10,28,1.30962752065562e-10
01011112222,010-1111-2222,not in the log,1.2595334951170962e-10,29,8.944209307409406e-12
01011112222,010-1111-2222,not in the log,1.2595334951170962e-10,30,1.8518392752641156e-10
01011112222,010-1111-2222,not in the log,1.2595334951170962e-10,31,2.400650584459267e-10
01011112222,010-1111-2222,not in the log,1.2595334951170962e-10,32,1.5144347861252846e-10
01011112222,010-1111-2222,not in the log,1.2595334951170962e-10,33,-6.297939249742516e-10
01011112222,010-1111-2222,not in the log,1.2595334951170962e-10,34,2.31734623025039e-10
01011112222,010-1111-2222,not in the log,1.2595334951170962e-10,35,-2.171037713475262e-11
01011112222,010-1111-2222,not in the log,1.2595334951170962e-10,36,1.512262360156282e-11
01011112222,010-1111-2222,not in the log,1.2595334951170962e-10,37,-2.2791224992124707e-11
01011112222,010-1111-2222,not in the log,1.2595334951170962e-10,38,-1.0664808780184945e-10
01011112222,010-1111-2222,not in the log,1.2595334951170962e-10,39,5.6204106960862805e-11
01011112222,010-1111-2222,not in the log,1.2595334951170962e-10,40,8.056631419016796e-11
01011112222,010-1111-2222,not in the log,1.2595334951170962e-10,41,2.26480656618621e-12
01011112222,010-1111-2222,not in the log,1.2595334951170962e-10,42,-8.198701858458657e-11
01011112222,010-1111-2222,not in the log,1.2595334951170962e-10,43,5.2412113057759025e-12
01011112222,010-1111-2222,not in the log,1.2595334951170962e-10,44,-3.0375473769624746e-11
01011112222,010-1111-2222,not in the log,1.2595334951170962e-10,45,7.593458548637104e-11
01011112222,010-1111-2222,not in the log,1.2595334951170962e-10,46,3.517166861044404e-11
01011112222,010-1111-2222,not in the log,1.2595334951170962e-10,47,8.262516255920858e-11
01011112222,010-1111-2222,not in the log,1.2595334951170962e-10,48,-1.8309804603741864e-10
01011112222,010-1111-2222,not in the log,1.2595334951170962e-10,49,-1.290932687873026e-10
01011112222,010-1111-2222,not in the log,1.2595334951170962e-10,50,-1.1650425233917914e-10
01011112222,010-1111-2222,not in the log,1.2595334951170962e-10,51,3.884577643686343e-11
01011112222,010-1111-2222,not in the log,1.2595334951170962e-10,52,1.0419858503276317e-10
01011112222,010-1111-2222,not in the log,1.2595334951170962e-10,53,-8.622467747072622e-11
01011112222,010-1111-2222,not in the log,1.2595334951170962e-10,54,8.402768966221469e-11
01011112222,010-1111-2222,not in the log,1.2595334951170962e-10,55,-3.995835422011927e-10
01011112222,010-1111-2222,not in the log,1.2595334951170962e-10,56,-1.294223388461934e-10
01011112222,010-1111-2222,not in the log,1.2595334951170962e-10,57,1.8493397921174362e-11
01011112222,010-1111-2222,not in the log,1.2595334951170962e-10,58,6.788311116345878e-12
01011112222,010-1111-2222,not in the log,1.2595334951170962e-10,59,4.1876201504353894e-11
01011112222,010-1111-2222,not in the log,1.2595334951170962e-10,60,1.585086202551777e-10
01011112222,010-1111-2222,not in the log,1.2595334951170962e-10,61,1.600212001519439e-11
01011112222,010-1111-2222,not in the log,1.2595334951170962e-10,62,-1.1803346169744455e-10
01011112222,010-1111-2222,not in the log,1.2595334951170962e-10,63,4.993044410430214e-11
01011112222,010-1111-2222,not in the log,1.2595334951170962e-10,64,1.0405854860740665e-10
01011112222,010-1111-2222,not in the log,1.2595334951170962e-10,65,1.7805871255399438e-10
01011112222,010-1111-2222,not in the log,1.2595334951170962e-10,66,-5.204361248884625e-10
01011112222,010-1111-2222,not in the log,1.2595334951170962e-10,67,1.5662755576631705e-10
01011112222,010-1111-2222,not in the log,1.2595334951170962e-10,68,6.255368581225593e-12
01011112222,010-1111-2222,not in the log,1.2595334951170962e-10,69,7.42469554982769e-11
01011112222,010-1111-2222,not in the log,1.2595334951170962e-10,70,1.6151453488679383e-10
01011112222,010-1111-2222,not in the log,1.2595334951170962e-10,71,-7.594922179659847e-11
01011112222,010-1111-2222,not in the log,1.2595334951170962e-10,72,-1.2879939283606585e-11
01011112222,010-1111-2222,not in the log,1.2595334951170962e-10,73,3.608050423799715e-11
01011112222,010-1111-2222,not in the log,1.2595334951170962e-10,74,1.0461185434546509e-10
01011112222,010-1111-2222,not in the log,1.2595334951170962e-10,75,1.5402114879523634e-10
01011112222,010-1111-2222,not in the log,1.2595334951170962e-10,76,-1.481677594056474e-10
01011112222,010-1111-2222,not in the log,1.2595334951170962e-10,77,2.324218040090073e-11
01011112222,010-1111-2222,not in the log,1.2595334951170962e-10,78,1.846953284946419e-10
01011112222,010-1111-2222,not in the log,1.2595334951170962e-10,79,8.173279872449105e-11
01011112222,010-1111-2222,not in the log,1.2595334951170962e-10,80,3.2867962882797896e-11
01011112222,010-1111-2222,not in the log,1.2595334951170962e-10,81,-1.1934863363323128e-10
01011112222,010-1111-2222,not in the log,1.2595334951170962e-10,82,3.2596588770542203e-10
01011112222,010-1111-2222,not in the log,1.2595334951170962e-10,83,3.421429528278357e-11
01011112222,010-1111-2222,not in the log,1.2595334951170962e-10,84,-5.556375472722833e-11
01011112222,010-1111-2222,not in the log,1.2595334951170962e-10,85,1.6358808738790767e-11
01011112222,010-1111-2222,not in the log,1.2595334951170962e-10,86,3.6523970086864405e-10
01011112222,010-1111-2222,not in the log,1.2595334951170962e-10,87,-4.108493120034595e-11
01011112222,010-1111-2222,not in the log,1.2595334951170962e-10,88,5.181115688566986e-11
01011112222,010-1111-2222,not in the log,1.2595334951170962e-10,89,1.2705558890432344e-10
01011112222,010-1111-2222,not in the log,1.2595334951170962e-10,90,-1.3583255724884683e-10
01011112222,010-1111-2222,not in the log,1.2595334951170962e-10,91,3.0499044847036025e-11
01011112222,010-1111-2222,not in the log,1.2595334951170962e-10,92,9.827360526601952e-11
01011112222,010-1111-2222,not in the log,1.2595334951170962e-10,93,2.3157950454633815e-10
01011112222,010-1111-2222,not in the log,1.2595334951170962e-10,94,-5.833808419168349e-11
01011112222,010-1111-2222,not in the log,1.2595334951170962e-10,95,-9.980610123998021e-11
01011112222,010-1111-2222,not in the log,1.2595334951170962e-10,96,-2.196470900088399e-10
01011112222,010-1111-2222,not in the log,1.2595334951170962e-10,97,8.015109592172808e-11
01011112222,010-1111-2222,not in the log,1.2595334951170962e-10,98,2.3312669546393496e-10
01011112222,010-1111-2222,not in the log,1.2595334951170962e-10,99,-3.328176399490683e-11
01011112222,010-1111-2222,not in the log,1.2595334951170962e-10,100,-2.860617934710227e-11
01011112222,010-1111-2222,not in the log,1.2595334951170962e-10,101,1.8017543260834356e-10
01011112222,010-1111-2222,not in the log,1.2595334951170962e-10,102,-9.244176460188606e-11
01011112222,010-1111-2222,not in the log,1.2595334951170962e-10,103,-3.41746446395913e-11
01011112222,010-1111-2222,not in the log,1.2595334951170962e-10,104,-4.4816480913183114e-13
01011112222,010-1111-2222,not in the log,1.2595334951170962e-10,105,-1.238486284119896e-10
01011112222,010-1111-2222,not in the log,1.2595334951170962e-10,106,9.933445606116805e-11
01011112222,010-1111-2222,not in the log,1.2595334951170962e-10,107,9.477161984952719e-11
01011112222,010-1111-2222,not in the log,1.2595334951170962e-10,108,8.176651837102265e-11
01011112222,010-1111-2222,not in the log,1.2595334951170962e-10,109,-4.919579566878755e-11
01011112222,010-1111-2222,not in the log,1.2595334951170962e-10,110,-1.770168374968149e-10
01011112222,010-1111-2222,not in the log,1.2595334951170962e-10,111,1.199434352368339e-10
01011112222,010-1111-2222,not in the log,1.2595334951170962e-10,112,1.76505841205506e-10
01011112222,010-1111-2222,not in the log,1.2595334951170962e-10,113,1.5306120423832017e-11
01011112222,010-1111-2222,not in the log,1.2595334951170962e-10,114,1.7681188777226925e-10
01011112222,010-1111-2222,not in the log,1.2595334951170962e-10,115,-1.040939264441528e-12
01011112222,010-1111-2222,not in the log,1.2595334951170962e-10,116,-1.299994487400387e-11
01011112222,010-1111-2222,not in the log,1.2595334951170962e-10,117,-3.902379485926625e-11
01011112222,010-1111-2222,not in the log,1.2595334951170962e-10,118,-2.2237755118901136e-10
01011112222,010-1111-2222,not in the log,1.2595334951170962e-10,119,4.24280669163846e-10
01011112222,010-1111-2222,not in the log,1.2595334951170962e-10,120,7.22863703546919e-11
01011112222,010-1111-2222,not in the log,1.2595334951170962e-10,121,-2.834706592083544e-11
01011112222,010-1111-2222,not in the log,1.2595334951170962e-10,122,-2.0721342549650393e-10
01011112222,010-1111-2222,not in the log,1.2595334951170962e-10,123,-7.596927074394978e-12
01011112222,010-1111-2222,not in the log,1.2595334951170962e-10,124,-2.1495037956757257e-10
01011112222,010-1111-2222,not in the log,1.2595334951170962e-10,125,2.760201848187288e-10
01011112222,010-1111-2222,not in the log,1.2595334951170962e-10,126,1.1554516961469024e-10
01011112222,010-1111-2222,not in the log,1.2595334951170962e-10,127,3.0929269977994163e-10
01011112222,010-1111-2222,not in the log,1.2595334951170962e-10,128,1.6949301400161362e-10
01011112222,010-1111-2222,not in the log,1.2595334951170962e-10,129,-2.3737037351628246e-10
01011112222,010-1111-2222,not in the log,1.2595334951170962e-10,130,5.969349011965877e-11
01011112222,010-1111-2222,not in the log,1.2595334951170962e-10,131,2.6307474726161126e-10
01011112222,010-1111-2222,not in the log,1.2595334951170962e-10,132,-1.853146495240133e-11
01011112222,010-1111-2222,not in the log,1.2595334951170962e-10,133,-2.3433176327916775e-11
01011112222,010-1111-2222,not in the log,1.2595334951170962e-10,134,2.0903773569207834e-12
01011112222,010-1111-2222,not in the log,1.2595334951170962e-10,135,-3.0816016836844296e-11
01011112222,010-1111-2222,not in the log,1.2595334951170962e-10,136,-9.843717484466174e-12
01011112222,010-1111-2222,not in the log,1.2595334951170962e-10,137,1.3077260707609241e-11
01011112222,010-1111-2222,not in the log,1.2595334951170962e-10,138,-9.226308383796154e-11
01011112222,010-1111-2222,not in the log,1.2595334951170962e-10,139,1.188128513073366e-10
01011112222,010-1111-2222,not in the log,1.2595334951170962e-10,140,1.0526294601435625e-10
01011112222,010-1111-2222,not in the log,1.2595334951170962e-10,141,-3.851666195393675e-10
01011112222,010-1111-2222,not in the log,1.2595334951170962e-10,142,-2.2517870208602157e-10
01011112222,010-1111-2222,not in the log,1.2595334951170962e-10,143,-2.2409450738457216e-10
01011112222,010-1111-2222,not in the log,1.2595334951170962e-10,144,-7.550598273272982e-13
01011112222,010-1111-2222,not in the log,1.2595334951170962e-10,145,-1.1481189990000498e-10
01011112222,010-1111-2222,not in the log,1.2595334951170962e-10,146,-2.2316789792640352e-10
01011112222,010-1111-2222,not in the log,1.2595334951170962e-10,147,2.2266547997409337e-11
01011112222,010-1111-2222,not in the log,1.2595334951170962e-10,148,-3.956270883153367e-11
01011112222,010-1111-2222,not in the log,1.2595334951170962e-10,149,-3.057936198029677e-11
01011112222,010-1111-2222,not in the log,1.2595334951170962e-10,150,7.857164555447451e-11
01011112222,010-1111-2222,not in the log,1.2595334951170962e-10,151,-1.5587078176675125e-10
01011112222,010-1111-2222,not in the log,1.2595334951170962e-10,152,3.5819621406656603e-10
01011112222,010-1111-2222,not in the log,1.2595334951170962e-10,153,3.6750172002916684e-10
01011112222,010-1111-2222,not in the log,1.2595334951170962e-10,154,2.8575111727854227e-11
01011112222,010-1111-2222,not in the log,1.2595334951170962e-10,155,1.0592641341968237e-10
01011112222,010-1111-2222,not in the log,1.2595334951170962e-10,156,2.684565435974023e-11
01011112222,010-1111-2222,not in the log,1.2595334951170962e-10,157,5.0774907242893094e-11
01011112222,010-1111-2222,not in the log,1.2595334951170962e-10,158,-7.454011348250275e-11
01011112222,010-1111-2222,not in the log,1.2595334951170962e-10,159,1.0547577211768614e-10
01011112222,010-1111-2222,not in the log,1.2595334951170962e-10,160,-6.620496461444786e-11
01011112222,010-1111-2222,not in the log,1.2595334951170962e-10,161,-6.249555891112781e-12
01011112222,010-1111-2222,not in the log,1.2595334951170962e-10,162,7.620331809370343e-11
01011112222,010-1111-2222,not in the log,1.2595334951170962e-10,163,1.5536582673578404e-11
01011112222,010-1111-2222,not in the log,1.2595334951170962e-10,164,4.0966826835885065e-10
01011112222,010-1111-2222,not in the log,1.2595334951170962e-10,165,-1.0540910901835439e-11
01011112222,010-1111-2222,not in the log,1.2595334951170962e-10,166,3.595712381043434e-11
01011112222,010-1111-2222,not in the log,1.2595334951170962e-10,167,4.779532684662606e-11
01011112222,010-1111-2222,not in the log,1.2595334951170962e-10,168,3.645912733814477e-10
01011112222,010-1111-2222,not in the log,1.2595334951170962e-10,169,-2.1599942615379625e-11
01011112222,010-1111-2222,not in the log,1.2595334951170962e-10,170,-2.4488653147280653e-10
01011112222,010-1111-2222,not in the log,1.2595334951170962e-10,171,-1.5989497093159186e-10
01011112222,010-1111-2222,not in the log,1.2595334951170962e-10,172,-6.672152471013298e-11
01011112222,010-1111-2222,not in the log,1.2595334951170962e-10,173,-1.559757834474537e-12
01011112222,010-1111-2222,not in the log,1.2595334951170962e-10,174,-1.0022563175198506e-10
01011112222,010-1111-2222,not in the log,1.2595334951170962e-10,175,-7.697490947928069e-10
01011112222,010-1111-2222,not in the log,1.2595334951170962e-10,176,2.1817619257650367e-11
01011112222,010-1111-2222,not in the log,1.2595334951170962e-10,177,2.9746378475010803e-11
01011112222,010-1111-2222,not in the log,1.2595334951170962e-10,178,-3.1246913919292893e-10
01011112222,010-1111-2222,not in the log,1.2595334951170962e-10,179,2.3120254611657412e-10
01011112222,010-1111-2222,not in the log,1.2595334951170962e-10,180,-1.4577834903293601e-10
01011112222,010-1111-2222,not in the log,1.2595334951170962e-10,181,5.204163805535201e-10
01011112222,010-1111-2222,not in the log,1.2595334951170962e-10,182,1.8980160281665623e-10
01011112222,010-1111-2222,not in the log,1.2595334951170962e-10,183,-1.5505240275979323e-10
01011112222,010-1111-2222,not in the log,1.2595334951170962e-10,184,-2.4320150883769714e-11
01011112222,010-1111-2222,not in the log,1.2595334951170962e-10,185,-1.2850643943025748e-11
01011112222,010-1111-2222,not in the log,1.2595334951170962e-10,186,-1.4072865886112064e-11
01011112222,010-1111-2222,not in the log,1.2595334951170962e-10,187,4.884179636752684e-11
01011112222,010-1111-2222,not in the log,1.2595334951170962e-10,188,-1.781057116105175e-11
01011112222,010-1111-2222,not in the log,1.2595334951170962e-10,189,-1.3632188470541878e-11
01011112222,010-1111-2222,not in the log,1.2595334951170962e-10,190,-1.4588745213221368e-10
01011112222,010-1111-2222,not in the log,1.2595334951170962e-10,191,1.4247894045129854e-10
01011112222,010-1111-2222,not in the log,1.2595334951170962e-10,192,-6.743378315998047e-11
01011112222,010-1111-2222,not in the log,1.2595334951170962e-10,193,3.361419702003788e-11
01011112222,010-1111-2222,not in the log,1.2595334951170962e-10,194,-4.4345844323048246e-11
01011112222,010-1111-2222,not in the log,1.2595334951170962e-10,195,-8.451135579444033e-11
01011112222,010-1111-2222,not in the log,1.2595334951170962e-10,196,-1.0869056262996456e-10
01011112222,010-1111-2222,not in the log,1.2595334951170962e-10,197,1.2183468021227431e-10
01011112222,010-1111-2222,not in the log,1.2595334951170962e-10,198,1.2225585080059112e-10
01011112222,010-1111-2222,not in the log,1.2595334951170962e-10,199,-3.119905914391537e-10
01011112222,010-1111-2222,not in the log,1.2595334951170962e-10,200,-1.5586312358157003e-11
01011112222,010-1111-2222,not in the log,1.2595334951170962e-10,201,3.2051724097715966e-11
01011112222,010-1111-2222,not in the log,1.2595334951170962e-10,202,-2.3320045221374017e-10
01011112222,010-1111-2222,not in the log,1.2595334951170962e-10,203,2.7534532350666493e-11
